序号,招聘平台,岗位类型一级,岗位类型二级,岗位名称,岗位类型企业/公务员/事业单位/军队文职,公司名称,公司规模,所在省份,城市,详细地址,学历要求,经验要求,薪资范围,福利标签,工作内容,任职要求,岗位链接,发布时间,投递起始时间,投递截止时间,证书要求,备注（技能要求）
5212,猎聘,能源/化工/环保,矿山,标书制作专员（矿山行业）,企业职位,北京威渼信息科技有限公司,1-49人,,北京,北京-朝阳区,本科,3-5年,8-10k,,,,https://www.liepin.com/job/1973207195.shtml,20250318142441,,,,
5213,猎聘,能源/化工/环保,矿山,矿山地质环境治理、矿产资源规划及地灾人员,企业职位,世空科技有限责任公司,,,北京,北京-丰台区,本科,经验不限,4-8k,,,,https://www.liepin.com/job/1942295687.shtml,20210818113826,,,,
5214,猎聘,能源/化工/环保,矿山,矿山项目矿长,企业职位,某国内大型金属制品公司,10000人以上,,北京,北京,统招本科,10年以上,70-100k·14薪,,,,https://www.liepin.com/a/75829581.shtml,20260609111700,,,,
5215,猎聘,能源/化工/环保,矿山,矿山施工技术负责人,企业职位,中国恩菲工程技术有限公司,2000-5000人,,北京,北京-海淀区,本科,5-10年,18-25k,,,,https://www.liepin.com/job/1960938293.shtml,20260608111057,,,,
5216,猎聘,能源/化工/环保,矿山,组织绩效经理（矿山行业）,企业职位,国城控股集团有限公司,5000-10000人,,北京,北京-丰台区,本科,8年以上,20-35k,,,,https://www.liepin.com/job/1978606827.shtml,20260529103626,,,,
5217,猎聘,能源/化工/环保,矿山,变频器高级应用工程师（石油or化工or矿山）,企业职位,某北京电力/热力/燃气/水务上市公司,10000人以上,,北京,北京-昌平区,统招本科,5-10年,20-35k·14薪,,,,https://www.liepin.com/a/75893049.shtml,20260605171856,,,,
5218,猎聘,能源/化工/环保,矿山,央企项目矿山商务经理 ,企业职位,某知名公司,5000-10000人,,北京,北京,本科,3-5年,20-40k·13薪,,,,https://www.liepin.com/a/73832211.shtml,20260609090122,,,,
5219,猎聘,能源/化工/环保,矿山,企管副总监（矿山行业）,企业职位,国城控股集团有限公司,5000-10000人,,北京,北京-丰台区,本科,3年以上,30-50k·13薪,,,,https://www.liepin.com/job/1976611663.shtml,20260324135844,,,,
5220,猎聘,能源/化工/环保,矿山,矿山设备销售经理,企业职位,北方中星(北京)机械钻具有限公司,1-49人,,北京,北京,大专,5-10年,15-20k,,,,https://www.liepin.com/job/1982852275.shtml,20260526083519,,,,
5221,猎聘,能源/化工/环保,矿山,营销副总（偏工程机械，矿山，矿卡方向）,企业职位,智锂物联,100-499人,,北京,北京-海淀区,本科,10年以上,50-70k,,,,https://www.liepin.com/job/1973905819.shtml,20260320112746,,,,
5222,猎聘,能源/化工/环保,矿山,井下矿山安全工程师,企业职位,金诚信,10000人以上,,北京,北京-丰台区,本科,1-3年,10-15k,,,,https://www.liepin.com/job/1970139033.shtml,20250618184522,,,,
5223,猎聘,能源/化工/环保,矿山,项目开发经理，矿山,企业职位,海安橡胶集团股份公司,1000-2000人,,北京,北京-朝阳区,统招本科,10年以上,25-40k·15薪,,,,https://www.liepin.com/job/1978388307.shtml,20260224091533,,,,
5224,猎聘,能源/化工/环保,矿山,基建部长（矿山，地上，井下）,企业职位,国城控股集团有限公司,5000-10000人,,北京,北京-丰台区,本科,10年以上,30-60k,,,,https://www.liepin.com/job/1975143127.shtml,20260114141941,,,,
5225,猎聘,能源/化工/环保,矿山,矿山施工管理岗-海外,企业职位,中冶铜锌,2000-5000人,,北京,北京-朝阳区,统招本科,10年以上,15-20k·15薪,,,,https://www.liepin.com/job/1970224159.shtml,20251016160251,,,,
5226,猎聘,能源/化工/环保,矿山,矿山电气工程师,企业职位,金诚信,10000人以上,,北京,北京-丰台区,本科,3-5年,15-25k,,,,https://www.liepin.com/job/1964815687.shtml,20240221153531,,,,
5227,猎聘,能源/化工/环保,矿山,工程公司总经理（矿山工程）,企业职位,国城控股集团有限公司,5000-10000人,,北京,北京-丰台区,本科,10年以上,30-50k,,,,https://www.liepin.com/job/1975143595.shtml,20250616140106,,,,
5228,猎聘,能源/化工/环保,矿山,高级质检、化验（矿山行业）,企业职位,国城控股集团有限公司,5000-10000人,,北京,北京-丰台区,本科,5年以上,15-25k·13薪,,,,https://www.liepin.com/job/1976568777.shtml,20250818164629,,,,
5229,猎聘,能源/化工/环保,矿山,企管经营分析经理（矿山行业）,企业职位,国城控股集团有限公司,5000-10000人,,北京,北京-丰台区,本科,10年以上,20-35k,,,,https://www.liepin.com/job/1976569545.shtml,20250818170039,,,,
5230,猎聘,能源/化工/环保,矿山,施工管理岗-矿山,企业职位,中冶铜锌,2000-5000人,,北京,北京-朝阳区,统招本科,10年以上,10-22k·15薪,,,,https://www.liepin.com/job/1971411427.shtml,20241213213914,,,,
5231,猎聘,能源/化工/环保,矿山,销售总监（农林矿山测地信类行业）,企业职位,数字绿土,100-499人,,北京,北京-海淀区,统招本科,5-10年,20-40k,,,,https://www.liepin.com/job/1971876183.shtml,20250110143745,,,,
5232,猎聘,能源/化工/环保,矿山,生产经营经理（矿山行业）,企业职位,国城控股集团有限公司,5000-10000人,,北京,北京-丰台区,本科,5-10年,20-25k,,,,https://www.liepin.com/job/1965078245.shtml,20250204161413,,,,
5233,猎聘,能源/化工/环保,矿山,矿山设备销售经理/总监,企业职位,北京达尔斯特机械设备有限公司,1-49人,,北京,北京-大兴区,本科,5年以上,15-20k,,,,https://www.liepin.com/job/1978883349.shtml,20251203110657,,,,
5234,猎聘,能源/化工/环保,矿山,销售部长（智慧矿山行业）,企业职位,北京瑞华高科技术有限责任公司,100-499人,,北京,北京-海淀区,本科,5-10年,20-35k,,,,https://www.liepin.com/job/1952483075.shtml,20240426160318,,,,
5235,猎聘,能源/化工/环保,矿山,服务管理经理（矿山运营管理方向）,企业职位,三一集团,10000人以上,,北京,北京-昌平区,本科,3-5年,13-25k,,,,https://www.liepin.com/job/1977502993.shtml,20250926105311,,,,
5236,猎聘,能源/化工/环保,矿山,矿山技术支持主管,企业职位,利星行机械,1000-2000人,,北京,北京-通州区,统招本科,5-10年,11-25k,,,,https://www.liepin.com/job/1969192345.shtml,20240821132805,,,,
5237,猎聘,能源/化工/环保,矿山,矿山及冶金机械设备采购专员,企业职位,北京翼海建筑材料有限责任公司,1-49人,,北京,北京-海淀区,本科,1-3年,10-15k,,,,https://www.liepin.com/job/1955565813.shtml,20230128153024,,,,
5238,猎聘,能源/化工/环保,矿山,智能矿山解决方案工程师,企业职位,煤炭科学研究总院有限公司,100-499人,,北京,北京-朝阳区,硕士,3-5年,30-35k,,,,https://www.liepin.com/job/1951642311.shtml,20220804120545,,,,
5239,猎聘,能源/化工/环保,矿山,矿山行业销售,企业职位,河北史图戴斯科技有限公司,50-99人,,北京,北京,大专,1-3年,9-14k·14薪,,,,https://www.liepin.com/job/1966817333.shtml,20240509213600,,,,
5240,猎聘,能源/化工/环保,矿山,矿山建设计划控制工程师,企业职位,某知名公司,5000-10000人,,北京,北京,统招本科,3-5年,35-50k,,,,https://www.liepin.com/a/76348829.shtml,20260609090122,,,,
5241,猎聘,能源/化工/环保,矿山,海外矿山冶金类项目现场专业工程师（各专业）（印尼）,企业职位,中国恩菲工程技术有限公司,2000-5000人,,北京,北京-海淀区,大专,3-5年,10-20k,,,,https://www.liepin.com/job/1959112557.shtml,20260608111111,,,,
5242,猎聘,能源/化工/环保,矿山,海外矿山冶金类项目 专业项目经理（各专业）（印尼）,企业职位,中国恩菲工程技术有限公司,2000-5000人,,北京,北京-海淀区,统招本科,10年以上,22-35k,,,,https://www.liepin.com/job/1959120451.shtml,20260608111111,,,,
5243,猎聘,能源/化工/环保,矿山,矿山机械设备主管（长期海外出差）,企业职位,某矿产开采公司,1-49人,,北京,北京,大专,5-10年,30-50k,,,,https://www.liepin.com/a/73017329.shtml,20260427085240,,,,
5244,猎聘,能源/化工/环保,矿山,电气主管( 矿山冶炼 海外出差）,企业职位,某矿产开采公司,1-49人,,北京,北京,大专,10年以上,25-50k,,,,https://www.liepin.com/a/73716087.shtml,20260427085240,,,,
5245,猎聘,能源/化工/环保,矿山,土木结构主管（矿山冶炼行业 海外出差）,企业职位,某矿产开采公司,1-49人,,北京,北京,大专,10年以上,40-60k,,,,https://www.liepin.com/a/73786527.shtml,20260427085240,,,,
5246,猎聘,能源/化工/环保,矿山,QAQC 质量经理（矿山企业，海外出差）,企业职位,某矿产开采公司,1-49人,,北京,北京,大专,10年以上,40-60k,,,,https://www.liepin.com/a/74072029.shtml,20260427085240,,,,
5247,猎聘,能源/化工/环保,矿山,自动化工程师（矿业矿山）,企业职位,北京华夏建龙矿业科技有限公司,2000-5000人,,北京,北京-丰台区,统招本科,5-10年,20-30k·16薪,,,,https://www.liepin.com/job/1950838391.shtml,20230126225336,,,,
5248,猎聘,能源/化工/环保,矿山,矿山安全工程师,企业职位,北京华夏建龙矿业科技有限公司,2000-5000人,,北京,北京-丰台区,统招本科,5-10年,15-25k,,,,https://www.liepin.com/job/1960690681.shtml,20230810081222,,,,
5249,猎聘,能源/化工/环保,矿山,矿山电气工程总监-工程师,企业职位,国城控股集团有限公司,5000-10000人,,北京,北京-丰台区,本科,10年以上,25-45k,,,,https://www.liepin.com/job/1978406137.shtml,20251112130749,,,,
5250,猎聘,能源/化工/环保,矿山,软件销售总监（矿山可视化领域）,企业职位,北京孪界科技有限公司,50-99人,,北京,北京-朝阳区,统招本科,3年以上,15-30k·13薪,,,,https://www.liepin.com/job/1975417683.shtml,20260309145555,,,,
5251,猎聘,能源/化工/环保,矿山,安全工程师（矿山）,企业职位,金诚信,10000人以上,,北京,北京-丰台区,本科,1-3年,10-15k,,,,https://www.liepin.com/job/1967929191.shtml,20240625132417,,,,
5252,猎聘,能源/化工/环保,矿山,高级强电（矿山行业）,企业职位,国城控股集团有限公司,5000-10000人,,北京,北京-丰台区,大专,10年以上,30-50k,,,,https://www.liepin.com/job/1972048493.shtml,20260114142042,,,,
5253,猎聘,能源/化工/环保,矿山,销售专家（智慧矿山）,企业职位,汇川技术,10000人以上,,北京,北京-东城区,本科,8年以上,30-40k·17薪,,,,https://www.liepin.com/job/1978696421.shtml,20251125110858,,,,
5254,猎聘,能源/化工/环保,矿山,招标负责人（矿山行业）,企业职位,国城控股集团有限公司,5000-10000人,,北京,北京-丰台区,本科,10年以上,15-30k·13薪,,,,https://www.liepin.com/job/1975206789.shtml,20250618141515,,,,
5255,猎聘,能源/化工/环保,矿山,信息化项目经理（矿山行业）,企业职位,国城控股集团有限公司,5000-10000人,,北京,北京-丰台区,本科,5-10年,20-40k,,,,https://www.liepin.com/job/1968103733.shtml,20250204161348,,,,
5256,猎聘,能源/化工/环保,矿山,产品规划经理（矿山 特检 水下 军工 核电）,企业职位,中海润集团,100-499人,,北京,北京-丰台区,统招本科,5-10年,16-30k,,,,https://www.liepin.com/job/1978090219.shtml,20251030111058,,,,
5257,猎聘,能源/化工/环保,矿山,矿山企管,企业职位,国城控股集团有限公司,5000-10000人,,北京,北京,本科,3-5年,8-12k,,,,https://www.liepin.com/job/1979114127.shtml,20251212163918,,,,
5258,猎聘,能源/化工/环保,矿山,金属平衡岗（矿山行业）,企业职位,国城控股集团有限公司,5000-10000人,,北京,北京-丰台区,本科,10年以上,15-30k,,,,https://www.liepin.com/job/1972169461.shtml,20250207103844,,,,
5259,猎聘,能源/化工/环保,矿山,经营部经理或商务经理（市政工程/矿山/光伏能源方向）,企业职位,北京中科新元能源发展有限公司,100-499人,,北京,北京-朝阳区,统招本科,3-5年,15-22k,,,,https://www.liepin.com/job/1943996383.shtml,20211015161350,,,,
5260,猎聘,能源/化工/环保,矿山,工程设备管理,企业职位,某北京矿产开采上市公司,10000人以上,,北京,北京,本科,3-5年,35-50k,,,,https://www.liepin.com/a/76128745.shtml,20260527172133,,,,
5261,猎聘,能源/化工/环保,矿山,解决方案总监,企业职位,东土科技,2000-5000人,,北京,北京-石景山区,本科,5-10年,20-50k,,,,https://www.liepin.com/job/1981250685.shtml,20260529143632,,,,
5262,猎聘,能源/化工/环保,矿山,高级地质工程师,企业职位,某北京大型矿产开采公司,2000-5000人,,北京,北京,本科,10年以上,30-50k,,,,https://www.liepin.com/a/76265367.shtml,20260601152154,,,,
5263,猎聘,能源/化工/环保,矿山,采购主管,企业职位,希尔威矿业,5000-10000人,,北京,北京-朝阳区,统招本科,5年以上,30-60k,,,,https://www.liepin.com/job/1982856455.shtml,20260601153012,,,,
5264,猎聘,能源/化工/环保,矿山,工程设备管理岗（海外岗位）,企业职位,某知名公司,5000-10000人,,北京,北京,大专,1-3年,35-40k,,,,https://www.liepin.com/a/76291591.shtml,20260603093521,,,,
5265,猎聘,能源/化工/环保,矿山,工程设备管理岗（驻俄罗斯）,企业职位,某知名公司,5000-10000人,,北京,北京,大专,经验不限,35-50k,,,,https://www.liepin.com/a/76350989.shtml,20260609190113,,,,
5266,猎聘,能源/化工/环保,矿山,设备副总,企业职位,某国内矿产开采上市公司,10000人以上,,北京,北京,学历不限,经验不限,50-70k,,,,https://www.liepin.com/a/75653857.shtml,20260514095028,,,,
5267,猎聘,能源/化工/环保,矿山,设备管理（常驻海外）,企业职位,某知名公司,5000-10000人,,北京,北京,大专,经验不限,20-35k,,,,https://www.liepin.com/a/76420781.shtml,20260604161141,,,,
5268,猎聘,能源/化工/环保,矿山,财务经理（接受外派）,企业职位,中国华建投资控股有限公司,5000-10000人,,北京,北京-朝阳区,本科,5-10年,15-25k·13薪,,,,https://www.liepin.com/job/1983039011.shtml,20260601162146,,,,
5269,猎聘,能源/化工/环保,矿山,法务专家（营收200亿+多元化集团+看重矿产行业经验）,企业职位,某国内矿产开采上市公司,5000-10000人,,北京,北京-朝阳区,硕士,5-10年,30-60k,,,,https://www.liepin.com/a/75779269.shtml,20260602114623,,,,
5270,猎聘,能源/化工/环保,矿山,区域销售总监,企业职位,某南京大型整车制造公司,2000-5000人,,北京,北京,本科,5-10年,30-50k,,,,https://www.liepin.com/a/75616563.shtml,20260513115500,,,,
5271,猎聘,能源/化工/环保,矿山,造价工程师,企业职位,某北京大型化工公司,10000人以上,,北京,北京,硕士,5-10年,25-29k,,,,https://www.liepin.com/a/76357855.shtml,20260605102659,,,,
5272,猎聘,能源/化工/环保,矿山,技防专家,企业职位,某北京电子商务上市公司,10000人以上,,北京,北京,学历不限,10年以上,70-100k·15薪,,,,https://www.liepin.com/a/76352857.shtml,20260603113256,,,,
5273,猎聘,能源/化工/环保,矿山,完工工程师（base地俄罗斯）,企业职位,某知名公司,1-49人,,北京,北京,统招本科,5年以上,40-60k,,,,https://www.liepin.com/a/75508057.shtml,20260511120226,,,,
5274,猎聘,能源/化工/环保,矿山,工程设备管理岗（驻印尼/俄罗斯）,企业职位,某知名公司,5000-10000人,,北京,北京,大专,经验不限,35-40k,,,,https://www.liepin.com/a/67590139.shtml,20260608191723,,,,
5275,猎聘,能源/化工/环保,矿山,英语翻译,企业职位,北京江可国际技术有限公司,1-49人,,北京,北京-朝阳区,本科,3-5年,15-25k,,,,https://www.liepin.com/job/1982719661.shtml,20260608122833,,,,
5276,猎聘,能源/化工/环保,矿山,C++(v2v方向）,企业职位,踏歌智行,100-499人,,北京,北京-海淀区,本科,5年以上,35-65k·15薪,,,,https://www.liepin.com/job/1982682523.shtml,20260519190554,,,,
5277,猎聘,能源/化工/环保,矿山,内部审计经理,企业职位,盛达金属资源股份有限公司,2000-5000人,,北京,北京-丰台区,统招本科,10年以上,20-35k,,,,https://www.liepin.com/job/1975697299.shtml,20260518165422,,,,
5278,猎聘,能源/化工/环保,矿山,地质高级工程师,企业职位,某北京其他商务服务业公司,1-49人,,北京,北京,本科,5-10年,35-60k,,,,https://www.liepin.com/a/75585757.shtml,20260601145235,,,,
5279,猎聘,能源/化工/环保,矿山,矿产勘探,企业职位,中铁资源集团勘察设计有限公司,100-499人,,北京,北京-海淀区,本科,3年以上,15-30k,,,,https://www.liepin.com/job/1982593671.shtml,20260516194711,,,,
5280,猎聘,能源/化工/环保,矿山,地质工程师（总工）,企业职位,北京新华联资源开发有限公司,100-499人,,北京,北京-通州区,本科,10年以上,40-70k,,,,https://www.liepin.com/job/1981586559.shtml,20260602134414,,,,
5281,猎聘,能源/化工/环保,矿山,注册安全工程师,企业职位,某西安其他商务服务业公司,,,北京,北京,大专,10年以上,25-35k,,,,https://www.liepin.com/a/75308541.shtml,20260506162458,,,,
5282,猎聘,能源/化工/环保,矿山,法务专家,企业职位,某知名上市公司,10000人以上,,北京,北京,本科,经验不限,50-70k·16薪,,,,https://www.liepin.com/a/75683389.shtml,20260514163838,,,,
5283,猎聘,能源/化工/环保,矿山,安环部副经理,企业职位,某西安人力资源服务公司,100-499人,,北京,北京,学历不限,10年以上,30-35k,,,,https://www.liepin.com/a/72007627.shtml,20260603095059,,,,
5284,猎聘,能源/化工/环保,矿山,供应链管理,企业职位,瑞木镍钴管理(中冶)有限公司,5000-10000人,,北京,北京-朝阳区,统招本科,3-5年,13-18k,,,,https://www.liepin.com/job/1982934045.shtml,20260528092139,,,,
5285,猎聘,能源/化工/环保,矿山,环境/健康/安全管理,企业职位,某知名公司,5000-10000人,,北京,北京,本科,3-5年,30-50k,,,,https://www.liepin.com/a/76079359.shtml,20260526170700,,,,
5286,猎聘,能源/化工/环保,矿山,跨国矿业公司-高级采购专员,企业职位,某咨询服务公司,1-49人,,北京,北京,大专,3-5年,25-35k,,,,https://www.liepin.com/a/76342825.shtml,20260603094329,,,,
5287,猎聘,能源/化工/环保,矿山,BU HR负责人 - 强招聘 - 工业自动化,企业职位,某知名上市公司,1000-2000人,,北京,北京-石景山区,本科,10年以上,28-35k·15薪,,,,https://www.liepin.com/a/75210629.shtml,20260609090304,,,,
5288,猎聘,能源/化工/环保,矿山,工程设备管理岗,企业职位,某知名公司,5000-10000人,,北京,北京,本科,经验不限,25-40k,,,,https://www.liepin.com/a/76400605.shtml,20260604110330,,,,
5289,猎聘,能源/化工/环保,矿山,总经理,企业职位,某北京工程施工公司,100-499人,,北京,北京-海淀区,本科,10年以上,70-85k,,,,https://www.liepin.com/a/75659537.shtml,20260514104547,,,,
5290,猎聘,能源/化工/环保,矿山,总裁助理,企业职位,某大连批发/零售公司,100-499人,,北京,北京-海淀区,本科,5-10年,30-50k,,,,https://www.liepin.com/a/75129409.shtml,20260608112727,,,,
5291,猎聘,能源/化工/环保,矿山,融资租赁经理,企业职位,踏歌智行,100-499人,,北京,北京-海淀区,统招本科,3-5年,15-25k,,,,https://www.liepin.com/job/1980272705.shtml,20260604163318,,,,
5292,猎聘,能源/化工/环保,矿山,采购资深/高级经理/经理/主管,企业职位,上商控股,100-499人,,北京,北京-丰台区,大专,5年以上,20-40k,,,,https://www.liepin.com/job/1978706783.shtml,20260608090853,,,,
5293,猎聘,能源/化工/环保,矿山,副总经理（地质方向）,企业职位,北京新华联资源开发有限公司,100-499人,,北京,北京-通州区,本科,10年以上,50-80k,,,,https://www.liepin.com/job/1975902197.shtml,20260506093225,,,,
5294,猎聘,能源/化工/环保,矿山,出海负责人,企业职位,金茂智慧交通科技有限公司北京分公司,100-499人,,北京,北京-朝阳区,本科,8年以上,40-70k,,,,https://www.liepin.com/job/1982816507.shtml,20260525104005,,,,
5295,猎聘,能源/化工/环保,矿山,锂矿贸易主管（矿企，北京岗位）,企业职位,某知名公司,1-49人,,北京,北京,学历不限,经验不限,17-28k·18薪,,,,https://www.liepin.com/a/75729315.shtml,20260609092344,,,,
5296,猎聘,能源/化工/环保,矿山,C++软件开发工程师,企业职位,踏歌智行,100-499人,,北京,北京-海淀区,统招本科,5年以上,25-50k·15薪,,,,https://www.liepin.com/job/1979877753.shtml,20260604163318,,,,
5297,猎聘,能源/化工/环保,矿山,环保工程师,企业职位,国城控股集团有限公司,5000-10000人,,北京,北京-丰台区,本科,5年以上,15-25k,,,,https://www.liepin.com/job/1982046847.shtml,20260609085459,,,,
5298,猎聘,能源/化工/环保,矿山,设备管理,企业职位,某北京批发/零售上市公司,5000-10000人,,北京,北京,统招本科,5-10年,20-40k,,,,https://www.liepin.com/a/75943477.shtml,20260527143735,,,,
5299,猎聘,能源/化工/环保,矿山,出海业务负责人,企业职位,某知名公司,100-499人,,北京,北京,本科,10年以上,90-120k,,,,https://www.liepin.com/a/75665411.shtml,20260514115051,,,,
5300,猎聘,能源/化工/环保,矿山,工程设备管理岗,企业职位,某知名公司,5000-10000人,,北京,北京,统招本科,经验不限,25-40k,,,,https://www.liepin.com/a/75747513.shtml,20260518085122,,,,
5301,猎聘,能源/化工/环保,矿山,金属矿业总经理（北京、海外两地）,企业职位,内蒙古文华,1-49人,,北京,北京-朝阳区,统招本科,7年以上,70-80k,,,,https://www.liepin.com/job/1976862109.shtml,20260606101422,,,,
5302,猎聘,能源/化工/环保,矿山,选矿工程师,企业职位,希尔威矿业,5000-10000人,,北京,北京-朝阳区,统招本科,3年以上,30-60k,,,,https://www.liepin.com/job/1982743885.shtml,20260601153012,,,,
5303,猎聘,能源/化工/环保,矿山,工程设备管理岗,企业职位,某知名公司,5000-10000人,,北京,北京,本科,5-10年,25-45k·15薪,,,,https://www.liepin.com/a/75908357.shtml,20260609090122,,,,
5304,猎聘,能源/化工/环保,矿山,法务专家,企业职位,某国内矿产开采上市公司,5000-10000人,,北京,北京,硕士,5-10年,30-45k·15薪,,,,https://www.liepin.com/a/75632283.shtml,20260608093818,,,,
5305,猎聘,能源/化工/环保,矿山,建筑结构设计岗（工业项目/国企/选矿厂）,企业职位,某知名公司,5000-10000人,,北京,北京,本科,5-10年,30-50k·15薪,,,,https://www.liepin.com/a/76203909.shtml,20260609182703,,,,
5306,猎聘,能源/化工/环保,矿山,锂盐采购专家,企业职位,某国内大型新能源公司,10000人以上,,北京,北京,统招本科,5-10年,20-25k,,,,https://www.liepin.com/a/75436895.shtml,20260609141134,,,,
5307,猎聘,能源/化工/环保,矿山,地质勘探专家(J11536),企业职位,旭阳集团,10000人以上,,北京,北京-丰台区,大专,10年以上,薪资面议,,,,https://www.liepin.com/job/1981733029.shtml,20260414102403,,,,
5308,猎聘,能源/化工/环保,矿山,海外微电网解决方案经理/售前经理(J13632),企业职位,杰瑞股份,5000-10000人,,北京,北京-大兴区,统招本科,5年以上,25-50k·15薪,,,,https://www.liepin.com/job/1982413117.shtml,20260511110306,,,,
5309,猎聘,能源/化工/环保,矿山,物流仓储总监,企业职位,某国内大型矿产开采公司,10000人以上,,北京,北京,本科,经验不限,30-50k,,,,https://www.liepin.com/a/75623107.shtml,20260603103053,,,,
5310,猎聘,能源/化工/环保,矿山,算法工程师,企业职位,某知名公司,10000人以上,,北京,北京-昌平区,统招本科,3-5年,30-60k·16薪,,,,https://www.liepin.com/a/76268141.shtml,20260601155125,,,,
5311,猎聘,能源/化工/环保,矿山,规划&控制算法工程师/专家,企业职位,某长沙机械/设备上市公司,10000人以上,,北京,北京,硕士,经验不限,50-80k·15薪,,,,https://www.liepin.com/a/76401127.shtml,20260604110920,,,,
5312,猎聘,能源/化工/环保,矿山,高级地质工程师,企业职位,河南发恩德矿业有限公司,1000-2000人,,北京,北京,本科,5-10年,16-24k·13薪,,,,https://www.liepin.com/job/1948640753.shtml,20260524144622,,,,
5313,猎聘,能源/化工/环保,矿山,选冶工程师（负责人）,企业职位,某知名公司,,,北京,北京,学历不限,经验不限,30-40k,,,,https://www.liepin.com/a/76322979.shtml,20260602161339,,,,
5314,猎聘,能源/化工/环保,矿山,产品经理,企业职位,某北京计算机软件公司,100-499人,,北京,北京,硕士,5-10年,25-35k,,,,https://www.liepin.com/a/76343441.shtml,20260603094951,,,,
5315,猎聘,能源/化工/环保,矿山,感知算法工程师(J10728),企业职位,临工重机,1000-2000人,,北京,北京-大兴区,本科,1年以上,20-40k,,,,https://www.liepin.com/job/1983160365.shtml,20260604161952,,,,
5316,猎聘,能源/化工/环保,矿山,出海业务负责人,企业职位,某北京其他商务服务业公司,,,北京,北京,学历不限,5-10年,30-60k,,,,https://www.liepin.com/a/75726629.shtml,20260521101807,,,,
5317,猎聘,能源/化工/环保,矿山,出海业务负责人（无人矿卡）,企业职位,某北京其他商务服务业公司,,,北京,北京,本科,10年以上,50-60k,,,,https://www.liepin.com/a/75526791.shtml,20260511160305,,,,
5318,猎聘,能源/化工/环保,矿山,安全总监,企业职位,某知名公司,100-499人,,北京,北京,大专,5年以上,15-20k,,,,https://www.liepin.com/a/74859851.shtml,20260516110141,,,,
5319,猎聘,能源/化工/环保,矿山,总经理,企业职位,某北京科技推广服务公司,50-99人,,北京,北京-海淀区,统招本科,10年以上,40-70k,,,,https://www.liepin.com/a/75601029.shtml,20260513091306,,,,
5320,猎聘,能源/化工/环保,矿山,建筑专业工程师（央企/墙板装修方向/工业项目）,企业职位,某知名公司,5000-10000人,,北京,北京,本科,5-10年,30-40k·15薪,,,,https://www.liepin.com/a/75944493.shtml,20260609182703,,,,
5321,猎聘,能源/化工/环保,矿山,机电机械工程师,企业职位,河南发恩德矿业有限公司,1000-2000人,,北京,北京-朝阳区,大专,5-10年,20-40k,,,,https://www.liepin.com/job/1973487559.shtml,20260524144605,,,,
5322,猎聘,能源/化工/环保,矿山,建筑专业工程师(墙板、装修、设计方向),企业职位,某知名公司,5000-10000人,,北京,北京,本科,3-5年,35-60k,,,,https://www.liepin.com/a/76378729.shtml,20260603172928,,,,
5323,猎聘,能源/化工/环保,矿山,产品经理（生产调度）,企业职位,某北京计算机软件公司,100-499人,,北京,北京,硕士,3-5年,30-45k·15薪,,,,https://www.liepin.com/a/76345835.shtml,20260603101252,,,,
5324,猎聘,能源/化工/环保,矿山,油气/智慧工厂售前总监,企业职位,东土科技,2000-5000人,,北京,北京-石景山区,本科,5年以上,20-40k,,,,https://www.liepin.com/job/1981257377.shtml,20260327131346,,,,
5325,猎聘,能源/化工/环保,矿山,调试工程师（液压元件、外企）,企业职位,某上海机械/设备公司,50-99人,,北京,北京,统招本科,3-5年,18-23k·14薪,,,,https://www.liepin.com/a/76210453.shtml,20260603150240,,,,
5326,猎聘,能源/化工/环保,矿山,现场施工管理,企业职位,某知名公司,5000-10000人,,北京,北京,本科,3-5年,25-45k,,,,https://www.liepin.com/a/74078039.shtml,20260331134155,,,,
5327,猎聘,能源/化工/环保,矿山,海外电站项目开发经理-新能源电站等，做海外市场,企业职位,某国内大型新能源公司,500-999人,,北京,北京,本科,10年以上,30-50k·16薪,,,,https://www.liepin.com/a/73660993.shtml,20260609091006,,,,
5328,猎聘,能源/化工/环保,矿山,现场施工管理,企业职位,某知名公司,5000-10000人,,北京,北京,本科,3-5年,30-45k,,,,https://www.liepin.com/a/74078137.shtml,20260331134317,,,,
5329,猎聘,能源/化工/环保,矿山,财务总监（央企正式编/国际工程/外派海外岗）,企业职位,某知名公司,5000-10000人,,北京,北京,本科,5-10年,70-100k·15薪,,,,https://www.liepin.com/a/75460857.shtml,20260609182703,,,,
5330,猎聘,能源/化工/环保,矿山,土建项目经理,企业职位,某长沙矿产开采公司,100-499人,,北京,北京,统招本科,5-10年,30-40k,,,,https://www.liepin.com/a/75699241.shtml,20260602100209,,,,
5331,猎聘,能源/化工/环保,矿山,设备副总,企业职位,金诚信,10000人以上,,北京,北京-丰台区,本科,10年以上,50-70k,,,,https://www.liepin.com/job/1971939865.shtml,20250115100858,,,,
5332,猎聘,能源/化工/环保,矿山,土建工程师（驻外）,企业职位,某知名公司,5000-10000人,,北京,北京,本科,5-10年,30-50k,,,,https://www.liepin.com/a/75509771.shtml,20260527173711,,,,
5333,猎聘,能源/化工/环保,矿山,中色紫金-地质工程师,企业职位,紫金矿业集团股份有限公司,10000人以上,,北京,北京-朝阳区,本科,5-10年,薪资面议,,,,https://www.liepin.com/job/1982414751.shtml,20260511112644,,,,
5334,猎聘,能源/化工/环保,矿山,土建工程师,企业职位,某知名公司,5000-10000人,,北京,北京,本科,5-10年,15-29k,,,,https://www.liepin.com/a/76379249.shtml,20260603173625,,,,
5335,猎聘,能源/化工/环保,矿山,（商用车）集采规划总监,企业职位,万联易达集团,1000-2000人,,北京,北京-朝阳区,本科,5年以上,30-50k,,,,https://www.liepin.com/job/1982887293.shtml,20260526175715,,,,
5336,猎聘,能源/化工/环保,矿山,现场机械设备调试岗（央企，Base俄罗斯）,企业职位,某大型矿产开采公司,10000人以上,,北京,北京,本科,7年以上,30-50k,,,,https://www.liepin.com/a/75660317.shtml,20260608190244,,,,
5337,猎聘,能源/化工/环保,矿山,专业工程师（结构、暖通等方向）,企业职位,某知名公司,5000-10000人,,北京,北京,本科,5年以上,25-45k,,,,https://www.liepin.com/a/76091329.shtml,20260527091742,,,,
5338,猎聘,能源/化工/环保,矿山,央企-财务总监（外派驻外）,企业职位,某知名公司,5000-10000人,,北京,北京,硕士,10年以上,40-60k,,,,https://www.liepin.com/a/75589713.shtml,20260527173711,,,,
5339,猎聘,能源/化工/环保,矿山,施工管理岗,企业职位,某知名公司,5000-10000人,,北京,北京,大专,5-10年,25-26k,,,,https://www.liepin.com/a/76175907.shtml,20260528165512,,,,
5340,猎聘,能源/化工/环保,矿山,Overseas Project Manager 海外项目经理,企业职位,某上海大型专业技术服务公司,500-999人,,北京,北京,学历不限,5-10年,30-40k·15薪,,,,https://www.liepin.com/a/76056173.shtml,20260526113519,,,,
5341,猎聘,能源/化工/环保,矿山,控制算法工程师（重卡、矿车）,企业职位,某北京知名公司,10000人以上,,北京,北京,本科,经验不限,30-50k,,,,https://www.liepin.com/a/75923815.shtml,20260521170119,,,,
5342,猎聘,能源/化工/环保,矿山,大客户销售经理（工程机械）,企业职位,山推,100-499人,,北京,北京-朝阳区,统招本科,5年以上,薪资面议,,,,https://www.liepin.com/job/1982211909.shtml,20260609143050,,,,
5343,猎聘,能源/化工/环保,矿山,造价工程师/央企直招,企业职位,某知名公司,10000人以上,,北京,北京-石景山区,硕士,5-10年,20-25k·15薪,,,,https://www.liepin.com/a/75595367.shtml,20260609105215,,,,
5344,猎聘,能源/化工/环保,矿山,Tanco项目地质技术负责人,企业职位,某北京矿产开采上市公司,1000-2000人,,北京,北京,统招本科,5-10年,25-45k·18薪,,,,https://www.liepin.com/a/76191829.shtml,20260529100556,,,,
5345,猎聘,能源/化工/环保,矿山,安环部长（常驻津巴布韦）,企业职位,某国内环保上市公司,10000人以上,,北京,北京,学历不限,10年以上,60-80k,,,,https://www.liepin.com/a/75627461.shtml,20260608090827,,,,
5346,猎聘,能源/化工/环保,矿山,工程设备管理（base地俄罗斯）,企业职位,某知名公司,1-49人,,北京,北京,大专,1年以上,25-40k,,,,https://www.liepin.com/a/76443317.shtml,20260605102346,,,,
5347,猎聘,能源/化工/环保,矿山,会计总监,企业职位,北京高维视界科技有限责任公司,1-49人,,北京,北京-东城区,统招本科,5-10年,30-60k,,,,https://www.liepin.com/job/1983078539.shtml,20260602163100,,,,
5348,猎聘,能源/化工/环保,矿山,出海业务负责人,企业职位,金茂智慧交通科技有限公司北京分公司,100-499人,,北京,北京-朝阳区,本科,8年以上,40-60k,,,,https://www.liepin.com/job/1982384281.shtml,20260509143413,,,,
5349,猎聘,能源/化工/环保,矿山,央企海外CFO,企业职位,某电力/热力/燃气/水务公司,,,北京,北京,本科,10年以上,100-150k,,,,https://www.liepin.com/a/75479685.shtml,20260509203804,,,,
5350,猎聘,能源/化工/环保,矿山,高级地质工程师,企业职位,某北京大型基金/证券/期货公司,10000人以上,,北京,北京,本科,10年以上,15-21k,,,,https://www.liepin.com/a/75805019.shtml,20260519101616,,,,
5351,猎聘,能源/化工/环保,矿山,Tanco项目地质技术负责人,企业职位,某知名公司,1-49人,,北京,北京,学历不限,经验不限,70-85k,,,,https://www.liepin.com/a/74488019.shtml,20260609092344,,,,
5352,猎聘,能源/化工/环保,矿山,钢结构工程师（施工）,企业职位,某知名公司,5000-10000人,,北京,北京,本科,5-10年,15-30k,,,,https://www.liepin.com/a/76379405.shtml,20260603173855,,,,
5353,猎聘,能源/化工/环保,矿山,选矿负责人,企业职位,某知名公司,5000-10000人,,北京,北京,学历不限,经验不限,24-45k,,,,https://www.liepin.com/a/75656013.shtml,20260514101115,,,,
5354,猎聘,能源/化工/环保,矿山,管道工程师（施工）（驻外）,企业职位,某知名公司,5000-10000人,,北京,北京,本科,5-10年,30-50k,,,,https://www.liepin.com/a/75840381.shtml,20260527173711,,,,
5355,猎聘,能源/化工/环保,矿山,矿业法务,企业职位,某国内矿产开采上市公司,5000-10000人,,北京,北京-昌平区,统招本科,经验不限,20-35k,,,,https://www.liepin.com/a/73180889.shtml,20260609141013,,,,
5356,猎聘,能源/化工/环保,矿山,资深选矿电气工程师（铜金矿）,企业职位,某国内矿产开采上市公司,10000人以上,,北京,北京,统招本科,10年以上,50-80k,,,,https://www.liepin.com/a/74962995.shtml,20260609125216,,,,
5357,猎聘,能源/化工/环保,矿山,财务负责人,企业职位,某国内专业技术服务公司,100-499人,,北京,北京,本科,10年以上,25-30k,,,,https://www.liepin.com/a/75873671.shtml,20260526115659,,,,
5358,猎聘,能源/化工/环保,矿山,其他工程项目管理类岗位,企业职位,中国恩菲工程技术有限公司,2000-5000人,,北京,北京-海淀区,统招本科,3年以上,10-20k,,,,https://www.liepin.com/job/1970466969.shtml,20260608111057,,,,
5359,猎聘,能源/化工/环保,矿山,安环总监,企业职位,盛达金属资源股份有限公司,2000-5000人,,北京,北京-丰台区,大专,5年以上,25-30k,,,,https://www.liepin.com/job/1977324789.shtml,20260415100533,,,,
5360,猎聘,能源/化工/环保,矿山,地质技术负责人（驻加拿大）,企业职位,中矿资源集团股份有限公司,2000-5000人,,北京,北京-丰台区,统招本科,10年以上,30-45k,,,,https://www.liepin.com/job/1978340541.shtml,20260317144153,,,,
5361,猎聘,能源/化工/环保,矿山,地勘项目经理（金属矿）,企业职位,某国内矿产开采上市公司,10000人以上,,北京,北京,统招本科,5-10年,35-45k,,,,https://www.liepin.com/a/74813973.shtml,20260609090638,,,,
5362,猎聘,能源/化工/环保,矿山,建筑结构设计工程师,企业职位,某知名公司,5000-10000人,,北京,北京,统招本科,经验不限,15-30k,,,,https://www.liepin.com/a/75855245.shtml,20260520104356,,,,
5363,猎聘,能源/化工/环保,矿山,外派财务总监,企业职位,某国内大型石化公司,5000-10000人,,北京,北京,学历不限,5-10年,30-50k,,,,https://www.liepin.com/a/75863615.shtml,20260520132636,,,,
5364,猎聘,能源/化工/环保,矿山,安全管理岗位,企业职位,某知名公司,5000-10000人,,北京,北京,本科,3-5年,30-60k,,,,https://www.liepin.com/a/75826535.shtml,20260519153546,,,,
5365,猎聘,能源/化工/环保,矿山,选矿专业负责人,企业职位,某知名公司,100-499人,,北京,北京,本科,5-10年,20-35k,,,,https://www.liepin.com/a/75691303.shtml,20260514185931,,,,
5366,猎聘,能源/化工/环保,矿山,安全工程师（驻刚果（金））,企业职位,某知名公司,100-499人,,北京,北京,学历不限,1-3年,26-40k,,,,https://www.liepin.com/a/73795461.shtml,20260608101847,,,,
5367,猎聘,能源/化工/环保,矿山,法务专家（矿业领域）,企业职位,某国内矿产开采上市公司,5000-10000人,,北京,北京-丰台区,硕士,5年以上,45-50k,,,,https://www.liepin.com/a/75617667.shtml,20260513122910,,,,
5368,猎聘,能源/化工/环保,矿山,选矿工程师  36-42w  北京  招聘2人,企业职位,某北京专业技术服务公司,100-499人,,北京,北京,统招本科,10年以上,30-35k,,,,https://www.liepin.com/a/76255619.shtml,20260601133214,,,,
5369,猎聘,能源/化工/环保,矿山,仓储物流总监,企业职位,某国内大型矿产开采公司,10000人以上,,北京,北京,本科,5-10年,35-40k,,,,https://www.liepin.com/a/75695573.shtml,20260515085240,,,,
5370,猎聘,能源/化工/环保,矿山,财务总监（央企-正式员工）,企业职位,某知名公司,5000-10000人,,北京,北京,本科,5-10年,50-80k,,,,https://www.liepin.com/a/75475413.shtml,20260509174050,,,,
5371,猎聘,能源/化工/环保,矿山,【勘查】地质工程师,企业职位,某国内机械/设备公司,50-99人,,北京,北京,统招本科,5-10年,27-35k,,,,https://www.liepin.com/a/74968931.shtml,20260609114909,,,,
5372,猎聘,能源/化工/环保,矿山,地质工程师/探矿工程师,企业职位,北京乐都私募基金管理有限公司,1-49人,,北京,北京,统招本科,5年以上,15-45k·14薪,,,,https://www.liepin.com/job/1934119381.shtml,20260609092444,,,,
5373,猎聘,能源/化工/环保,矿山,专业工程师（建筑结构设计）,企业职位,某知名公司,5000-10000人,,北京,北京,本科,3-5年,30-60k,,,,https://www.liepin.com/a/75866889.shtml,20260520141305,,,,
5374,猎聘,能源/化工/环保,矿山,安全总监,企业职位,河南发恩德矿业有限公司,1000-2000人,,北京,北京,大专,10年以上,30-50k,,,,https://www.liepin.com/job/1952701021.shtml,20260524144622,,,,
5375,猎聘,能源/化工/环保,矿山,无线通信工程师,企业职位,北京源联科技有限公司,1-49人,,北京,北京-朝阳区,本科,3-5年,10-20k,,,,https://www.liepin.com/job/1983075979.shtml,20260602155520,,,,
5376,猎聘,能源/化工/环保,矿山,嵌入式软件开发工程师,企业职位,某北京知名公司,10000人以上,,北京,北京-昌平区,硕士,3-5年,40-60k·16薪,,,,https://www.liepin.com/a/75879885.shtml,20260602183119,,,,
5377,猎聘,能源/化工/环保,矿山,常务副总经理,企业职位,某苏州服装/纺织/皮革上市公司,2000-5000人,,北京,北京,统招本科,5-10年,80-100k,,,,https://www.liepin.com/a/75275565.shtml,20260608091759,,,,
5378,猎聘,能源/化工/环保,矿山,项目经理（机电）,企业职位,某知名公司,10000人以上,,北京,北京,本科,经验不限,40-45k,,,,https://www.liepin.com/a/75755029.shtml,20260518102552,,,,
5379,猎聘,能源/化工/环保,矿山,技术服务经理（地质勘查方向）,企业职位,赤峰吉隆黄金矿业集团股份有限公司,5000-10000人,,北京,北京-丰台区,本科,5年以上,薪资面议,,,,https://www.liepin.com/job/1982787177.shtml,20260522182530,,,,
5380,猎聘,能源/化工/环保,矿山,选矿工程师,企业职位,某北京专业技术服务公司,100-499人,,北京,北京-通州区,统招本科,5-10年,30-35k,,,,https://www.liepin.com/a/76261405.shtml,20260608085735,,,,
5381,猎聘,能源/化工/环保,矿山,完工工程师（施工）,企业职位,某知名公司,5000-10000人,,北京,北京,本科,5-10年,15-30k,,,,https://www.liepin.com/a/76379587.shtml,20260603174132,,,,
5382,猎聘,能源/化工/环保,矿山,俄语翻译,企业职位,某电子/半导体/集成电路公司,500-999人,,北京,北京-海淀区,大专,3-5年,15-30k,,,,https://www.liepin.com/a/74508565.shtml,20260608155639,,,,
5383,猎聘,能源/化工/环保,矿山,区域销售经理,企业职位,某知名公司,5000-10000人,,北京,北京,本科,经验不限,20-25k·18薪,,,,https://www.liepin.com/a/75193277.shtml,20260608192426,,,,
5384,猎聘,能源/化工/环保,矿山,机械设备调试工程师,企业职位,某知名公司,5000-10000人,,北京,北京,本科,3-5年,30-45k,,,,https://www.liepin.com/a/75772765.shtml,20260518144128,,,,
5385,猎聘,能源/化工/环保,矿山,财务经理,企业职位,盛达金属资源股份有限公司,2000-5000人,,北京,北京-丰台区,本科,8年以上,20-30k,,,,https://www.liepin.com/job/1978645197.shtml,20260508173953,,,,
5386,猎聘,能源/化工/环保,矿山,法务专家（矿业领域）,猎头职位,某北京知名上市公司,1000-2000人,,北京,北京,硕士,5-10年,30-50k,,,,https://www.liepin.com/a/75622265.shtml,20260513141436,,,,
5387,猎聘,能源/化工/环保,矿山,SLAM算法,猎头职位,某北京知名公司,10000人以上,,北京,北京-昌平区,硕士,3-5年,40-60k·16薪,,,,https://www.liepin.com/a/75880131.shtml,20260602183119,,,,
5388,猎聘,能源/化工/环保,矿山,安全管理经理（常驻海外）,猎头职位,某知名公司,5000-10000人,,北京,北京,本科,4年以上,20-40k,,,,https://www.liepin.com/a/76215051.shtml,20260529164701,,,,
5389,猎聘,能源/化工/环保,矿山,金矿工程建设副总（非洲加纳）,猎头职位,某北京矿产开采上市公司,5000-10000人,,北京,北京,统招本科,10年以上,120-150k,,,,https://www.liepin.com/a/75483873.shtml,20260607120234,,,,
5390,猎聘,能源/化工/环保,矿山,信息化工程师,猎头职位,某知名公司,1-49人,,北京,北京,硕士,3-5年,20-25k,,,,https://www.liepin.com/a/76168891.shtml,20260608140607,,,,
5391,猎聘,能源/化工/环保,矿山,现场调试岗（机械）俄罗斯,猎头职位,某北京批发/零售上市公司,5000-10000人,,北京,北京,学历不限,经验不限,40-60k,,,,https://www.liepin.com/a/75952267.shtml,20260522140942,,,,
5392,猎聘,能源/化工/环保,矿山,采购经理,猎头职位,某北京批发/零售公司,1-49人,,北京,北京-朝阳区,统招本科,5-10年,20-40k,,,,https://www.liepin.com/a/76462799.shtml,20260609151429,,,,
5393,猎聘,能源/化工/环保,矿山,COO,猎头职位,某北京大型矿产开采公司,5000-10000人,,北京,北京,统招本科,10年以上,100-130k·15薪,,,,https://www.liepin.com/a/76443279.shtml,20260605102326,,,,
5394,猎聘,能源/化工/环保,矿山,财务总监（接受全球轮调）,猎头职位,某国内大型矿产开采公司,10000人以上,,北京,北京,统招本科,10年以上,25-40k,,,,https://www.liepin.com/a/75498385.shtml,20260608190244,,,,
5395,猎聘,能源/化工/环保,矿山,安全管理经理（海外岗位）,猎头职位,某知名公司,5000-10000人,,北京,北京,统招本科,5年以上,35-45k,,,,https://www.liepin.com/a/76460509.shtml,20260605150431,,,,
5396,猎聘,能源/化工/环保,矿山,法务经理/主管,猎头职位,某国内矿产开采上市公司,5000-10000人,,北京,北京-昌平区,统招本科,5-10年,40-70k,,,,https://www.liepin.com/a/74561521.shtml,20260605101951,,,,
5397,猎聘,能源/化工/环保,矿山,海外微电网解决方案经理/售前经理-某千亿市值上市公司,猎头职位,某北京石化上市公司,10000人以上,,北京,北京,统招本科,5-10年,25-50k,,,,https://www.liepin.com/a/75637277.shtml,20260514104626,,,,
5398,猎聘,能源/化工/环保,矿山,管道工程师（施工）,猎头职位,某知名公司,5000-10000人,,北京,北京,本科,5-10年,15-30k,,,,https://www.liepin.com/a/76379495.shtml,20260603174012,,,,
5399,猎聘,能源/化工/环保,矿山,销售总监,猎头职位,某北京化工公司,,,北京,北京,大专,3-5年,35-60k,,,,https://www.liepin.com/a/76041687.shtml,20260526091510,,,,
5400,猎聘,能源/化工/环保,矿山,火电专家岗,猎头职位,某北京工程施工上市公司,100-499人,,北京,北京,统招本科,5-10年,20-30k,,,,https://www.liepin.com/a/73792327.shtml,20260324102201,,,,
5401,猎聘,能源/化工/环保,矿山,调试岗（机械）（驻外）,猎头职位,某知名公司,5000-10000人,,北京,北京,本科,5-10年,30-50k,,,,https://www.liepin.com/a/75840421.shtml,20260527173711,,,,
5402,猎聘,能源/化工/环保,矿山,China BD Manager ,猎头职位,某欧美化工外企,100-499人,,北京,北京,学历不限,6年以上,30-50k·16薪,,,,https://www.liepin.com/a/75533951.shtml,20260527110707,,,,
5403,猎聘,能源/化工/环保,矿山,slam算法工程师（激光slam 矿区）,猎头职位,某国内人工智能公司,50-99人,,北京,北京,学历不限,经验不限,30-45k,,,,https://www.liepin.com/a/76090205.shtml,20260527090019,,,,
5404,猎聘,能源/化工/环保,矿山,感知专家（端到端，多模态融合）,猎头职位,某知名公司,10000人以上,,北京,北京-昌平区,硕士,5-10年,90-120k,,,,https://www.liepin.com/a/75925855.shtml,20260604100522,,,,
5405,猎聘,能源/化工/环保,矿山,建筑结构工程师（海外，央企）,猎头职位,某北京矿产开采上市公司,10000人以上,,北京,北京,统招本科,5年以上,35-45k,,,,https://www.liepin.com/a/75849575.shtml,20260520094651,,,,
5406,猎聘,能源/化工/环保,矿山,感知算法负责人,猎头职位,某知名公司,,,北京,北京,学历不限,经验不限,100-150k,,,,https://www.liepin.com/a/75817745.shtml,20260519135551,,,,
5407,猎聘,能源/化工/环保,矿山,嵌入式软件工程师（Linux+C/C++）,猎头职位,某北京机械/设备上市公司,10000人以上,,北京,北京,硕士,5-10年,35-60k·18薪,,,,https://www.liepin.com/a/75233967.shtml,20260609165349,,,,
5408,猎聘,能源/化工/环保,矿山,安环部副经理,猎头职位,某西安人力资源服务公司,100-499人,,北京,北京,统招本科,10年以上,25-35k,,,,https://www.liepin.com/a/75362825.shtml,20260507155409,,,,
5409,猎聘,能源/化工/环保,矿山,央企-财务总监（驻外）,猎头职位,某北京批发/零售上市公司,5000-10000人,,北京,北京,硕士,3-5年,40-65k,,,,https://www.liepin.com/a/75490601.shtml,20260601153001,,,,
5410,猎聘,能源/化工/环保,矿山,北京办事处主任（兼）政府事务总监-金矿方向,猎头职位,某国内矿产开采上市公司,10000人以上,,北京,北京,统招本科,10年以上,95-120k,,,,https://www.liepin.com/a/73612669.shtml,20260319173302,,,,
5411,猎聘,能源/化工/环保,矿山,选矿专业技术工程师(选矿工艺方向),猎头职位,某知名公司,5000-10000人,,北京,北京,统招本科,3-5年,35-50k,,,,https://www.liepin.com/a/75909773.shtml,20260609090122,,,,
5412,猎聘,能源/化工/环保,矿山,财务总监（央企，海外，建设矿厂）,猎头职位,某北京矿产开采上市公司,10000人以上,,北京,北京,统招本科,5年以上,40-50k,,,,https://www.liepin.com/a/75461127.shtml,20260608133905,,,,
5413,猎聘,能源/化工/环保,矿山,自动驾驶-算法工程师（规划）,猎头职位,某电子/半导体/集成电路公司,500-999人,,北京,北京-昌平区,统招本科,3-5年,40-70k,,,,https://www.liepin.com/a/74712507.shtml,20260609122234,,,,
5414,猎聘,能源/化工/环保,矿山,调试岗（DCS工程师）（驻外）,猎头职位,某知名公司,5000-10000人,,北京,北京,本科,5-10年,30-50k,,,,https://www.liepin.com/a/75840451.shtml,20260527173711,,,,
5415,猎聘,能源/化工/环保,矿山,海外财务总监（矿产或国际工程）,猎头职位,某知名公司,5000-10000人,,北京,北京,统招本科,10年以上,40-50k,,,,https://www.liepin.com/a/76271015.shtml,20260609090625,,,,
5416,猎聘,能源/化工/环保,矿山,地质工程师（海外）,猎头职位,某国内新材料公司,1-49人,,北京,北京,本科,3-5年,30-40k,,,,https://www.liepin.com/a/75281353.shtml,20260518140852,,,,
5417,猎聘,能源/化工/环保,矿山,决策规划算法工程师,猎头职位,某北京计算机软件公司,100-499人,,北京,北京-海淀区,硕士,5-10年,60-90k·15薪,,,,https://www.liepin.com/a/76426001.shtml,20260604171657,,,,
5418,猎聘,能源/化工/环保,矿山,工程设备管理岗（海外，施工）,猎头职位,某北京矿产开采上市公司,10000人以上,,北京,北京,统招本科,1年以上,35-50k,,,,https://www.liepin.com/a/73585865.shtml,20260319110844,,,,
5419,猎聘,能源/化工/环保,矿山,财务负责人,猎头职位,某知名公司,100-499人,,北京,北京,本科,10年以上,35-50k,,,,https://www.liepin.com/a/75964229.shtml,20260609083011,,,,
5420,猎聘,能源/化工/环保,矿山,端到端算法,猎头职位,某北京知名公司,10000人以上,,北京,北京-昌平区,本科,3-5年,40-60k·16薪,,,,https://www.liepin.com/a/75769391.shtml,20260602183119,,,,
5421,猎聘,能源/化工/环保,矿山,机械工程师（调试方向）（常驻海外）,猎头职位,某知名公司,5000-10000人,,北京,北京,统招本科,3年以上,25-50k,,,,https://www.liepin.com/a/75364317.shtml,20260529164429,,,,
5422,猎聘,能源/化工/环保,矿山,具身智能一号位,猎头职位,某北京人工智能公司,50-99人,,北京,北京-海淀区,学历不限,5-10年,200-230k,,,,https://www.liepin.com/a/76011425.shtml,20260525140210,,,,
5423,猎聘,能源/化工/环保,矿山,嵌入式软件工程师/架构师,猎头职位,某长沙机械/设备上市公司,10000人以上,,北京,北京-昌平区,本科,5-10年,30-60k·15薪,,,,https://www.liepin.com/a/76400893.shtml,20260604110713,,,,
5424,猎聘,能源/化工/环保,矿山,央企-非洲物流主管（驻外）,猎头职位,某北京贸易进出口上市公司,100-499人,,北京,北京,本科,1-3年,29-35k,,,,https://www.liepin.com/a/75565763.shtml,20260601153001,,,,
5425,猎聘,能源/化工/环保,矿山,SLAM算法工程师,猎头职位,某大型知名人工智能公司,1000-2000人,,北京,北京-昌平区,统招本科,3-5年,30-60k·16薪,,,,https://www.liepin.com/a/75689771.shtml,20260520181904,,,,
5426,猎聘,能源/化工/环保,矿山,机械设备工程师（施工方向）（驻外）,猎头职位,某知名公司,5000-10000人,,北京,北京,本科,5-10年,30-50k,,,,https://www.liepin.com/a/75509715.shtml,20260527173711,,,,
5427,猎聘,能源/化工/环保,矿山,保代/非保代/签字保代,猎头职位,某上海基金/证券/期货上市公司,5000-10000人,,北京,北京,硕士,3年以上,20-40k·24薪,,,,https://www.liepin.com/a/76326473.shtml,20260608182206,,,,
5428,猎聘,能源/化工/环保,矿山,SAP软件实施与管理岗（驻外）,猎头职位,某北京批发/零售上市公司,5000-10000人,,北京,北京,本科,1-3年,30-50k,,,,https://www.liepin.com/a/74138539.shtml,20260601153002,,,,
5429,猎聘,能源/化工/环保,矿山,调试工程师,猎头职位,某知名公司,5000-10000人,,北京,北京,统招本科,3-5年,40-45k,,,,https://www.liepin.com/a/76353507.shtml,20260603112912,,,,
5430,猎聘,能源/化工/环保,矿山,工业软件销售,猎头职位,某北京大型计算机软件公司,500-999人,,北京,北京,统招本科,3年以上,25-40k,,,,https://www.liepin.com/a/75645693.shtml,20260515105233,,,,
5431,猎聘,能源/化工/环保,矿山,业务域解决方案顾问（供应链、生产）,猎头职位,某人工智能公司,100-499人,,北京,北京,学历不限,经验不限,30-35k,,,,https://www.liepin.com/a/76255719.shtml,20260601133427,,,,
5432,猎聘,能源/化工/环保,矿山,研发项目经理,猎头职位,某北京大型批发/零售公司,10000人以上,,北京,北京,统招本科,5年以上,50-80k,,,,https://www.liepin.com/a/76304609.shtml,20260602115055,,,,
5433,猎聘,能源/化工/环保,矿山,外派财务,猎头职位,某知名公司,5000-10000人,,北京,北京,硕士,5-10年,65-95k,,,,https://www.liepin.com/a/75490835.shtml,20260609090122,,,,
5434,猎聘,能源/化工/环保,矿山,建筑结构设计,猎头职位,某知名公司,5000-10000人,,北京,北京,统招本科,经验不限,15-30k,,,,https://www.liepin.com/a/76400185.shtml,20260604105843,,,,
5435,猎聘,能源/化工/环保,矿山,选冶专家,猎头职位,某北京知名公司,100-499人,,北京,北京-石景山区,硕士,5-10年,20-40k,,,,https://www.liepin.com/a/73792187.shtml,20260609151457,,,,
5436,猎聘,能源/化工/环保,矿山,猎头顾问-base可谈,猎头职位,某人力资源服务公司,50-99人,,北京,北京-石景山区,学历不限,经验不限,8-13k,,,,https://www.liepin.com/a/76241085.shtml,20260606131441,,,,
5437,猎聘,能源/化工/环保,矿山,施工管理岗（电气仪表）,猎头职位,某北京批发/零售上市公司,5000-10000人,,北京,北京,学历不限,5-10年,20-35k,,,,https://www.liepin.com/a/75541305.shtml,20260604134239,,,,
5438,猎聘,能源/化工/环保,矿山,完工工程师,猎头职位,某北京矿产开采上市公司,10000人以上,,北京,北京,大专,3-5年,40-50k,,,,https://www.liepin.com/a/75690875.shtml,20260605232141,,,,
5439,猎聘,能源/化工/环保,矿山,电气仪表专业工程师,猎头职位,某知名公司,5000-10000人,,北京,北京,统招本科,5-10年,25-26k,,,,https://www.liepin.com/a/76391163.shtml,20260604092936,,,,
5440,猎聘,能源/化工/环保,矿山,专业工程师（机械设备）（驻外）,猎头职位,某北京批发/零售上市公司,5000-10000人,,北京,北京,本科,1-3年,30-35k,,,,https://www.liepin.com/a/75686769.shtml,20260601153001,,,,
5441,猎聘,能源/化工/环保,矿山,完工工程师（施工）（驻外）,猎头职位,某知名公司,5000-10000人,,北京,北京,学历不限,5-10年,30-50k,,,,https://www.liepin.com/a/75840389.shtml,20260527173711,,,,
5442,猎聘,能源/化工/环保,矿山,研发项目经理,猎头职位,某北京知名公司,10000人以上,,北京,北京,本科,经验不限,40-60k,,,,https://www.liepin.com/a/75911247.shtml,20260521142435,,,,
5443,猎聘,能源/化工/环保,矿山,完工工程师,猎头职位,某国内大型石化公司,5000-10000人,,北京,北京,大专,5-10年,20-40k,,,,https://www.liepin.com/a/75863967.shtml,20260520133420,,,,
5444,猎聘,能源/化工/环保,矿山,补能负责人（新能源重卡充换电站）,猎头职位,某北京其他商务服务业公司,,,北京,北京,大专,10年以上,60-90k,,,,https://www.liepin.com/a/75788497.shtml,20260521094527,,,,
5445,猎聘,能源/化工/环保,矿山,锂矿贸易业务主管,猎头职位,某知名公司,1-49人,,北京,北京,统招本科,3-5年,20-30k·16薪,,,,https://www.liepin.com/a/75710685.shtml,20260608095303,,,,
5446,猎聘,能源/化工/环保,矿山,电气工程师,猎头职位,某知名公司,5000-10000人,,北京,北京,统招本科,经验不限,25-45k,,,,https://www.liepin.com/a/76399213.shtml,20260604104903,,,,
5447,猎聘,能源/化工/环保,矿山,调试经理 &调试带队,猎头职位,某北京批发/零售上市公司,5000-10000人,,北京,北京,本科,3-5年,30-35k,,,,https://www.liepin.com/a/75565783.shtml,20260601153001,,,,
5448,猎聘,能源/化工/环保,矿山,油气行业销售经理,猎头职位,某上海大型工业自动化公司,10000人以上,,北京,北京,统招本科,5-10年,15-25k·17薪,,,,https://www.liepin.com/a/76412669.shtml,20260604143813,,,,
5449,猎聘,能源/化工/环保,矿山,工程设备管理岗,猎头职位,某知名公司,5000-10000人,,北京,北京,本科,3-5年,30-60k,,,,https://www.liepin.com/a/76424321.shtml,20260604165453,,,,
5450,猎聘,能源/化工/环保,矿山,海外销售经理,猎头职位,某轨道交通/船舶设备公司,5000-10000人,,北京,北京-大兴区,本科,5-10年,20-40k,,,,https://www.liepin.com/a/76194115.shtml,20260529103440,,,,
5451,猎聘,能源/化工/环保,矿山,物流(物资)管理岗 (国际工程)（驻外）,猎头职位,某北京批发/零售上市公司,5000-10000人,,北京,北京,本科,1-3年,30-35k,,,,https://www.liepin.com/a/75565777.shtml,20260601153001,,,,
5452,猎聘,能源/化工/环保,矿山,销售经理（全国一二线城市均有岗）,猎头职位,某国内新零售公司,100-499人,,北京,北京,学历不限,经验不限,10-15k,,,,https://www.liepin.com/a/75741179.shtml,20260517104725,,,,
5453,猎聘,能源/化工/环保,矿山,外派财务总监（常驻海外）,猎头职位,某知名公司,5000-10000人,,北京,北京,统招本科,5年以上,23-45k,,,,https://www.liepin.com/a/75459221.shtml,20260529164429,,,,
5454,猎聘,能源/化工/环保,矿山,海外微电网解决方案经理/售前经理,猎头职位,某国内电力/热力/燃气/水务公司,100-499人,,北京,北京,本科,5-10年,35-45k,,,,https://www.liepin.com/a/75338783.shtml,20260608082712,,,,
5455,猎聘,能源/化工/环保,矿山,电气仪表工程师（施工）（驻外）,猎头职位,某知名公司,5000-10000人,,北京,北京,本科,5-10年,30-50k,,,,https://www.liepin.com/a/75840411.shtml,20260527173711,,,,
5456,猎聘,能源/化工/环保,矿山,调试岗（电气）（驻外）,猎头职位,某知名公司,5000-10000人,,北京,北京,学历不限,5-10年,30-50k,,,,https://www.liepin.com/a/75840439.shtml,20260527173711,,,,
5457,猎聘,能源/化工/环保,矿山,补能负责人,猎头职位,某知名公司,100-499人,,北京,北京,本科,10年以上,75-100k,,,,https://www.liepin.com/a/75665147.shtml,20260514114756,,,,
5458,猎聘,能源/化工/环保,矿山,定位产品经理,猎头职位,某北京IT服务公司,100-499人,,北京,北京-顺义区,统招本科,3-5年,15-30k,,,,https://www.liepin.com/a/74737075.shtml,20260416171306,,,,
5459,猎聘,能源/化工/环保,矿山,机器人路径规划算法工程师,猎头职位,某国内人工智能公司,50-99人,,北京,北京,本科,经验不限,30-40k,,,,https://www.liepin.com/a/75922353.shtml,20260521164136,,,,
5460,猎聘,能源/化工/环保,矿山,机械调试工程师,猎头职位,某知名公司,5000-10000人,,北京,北京,本科,3-5年,40-50k,,,,https://www.liepin.com/a/75822231.shtml,20260609090122,,,,
5461,猎聘,能源/化工/环保,矿山,管道工程师（施工）（驻外）,猎头职位,某知名公司,5000-10000人,,北京,北京,本科,5-10年,30-50k,,,,https://www.liepin.com/a/75509689.shtml,20260527173711,,,,
5462,猎聘,能源/化工/环保,矿山,投行团队长（可谈投行级别矿业金属方向）,猎头职位,某大型基金/证券/期货公司,10000人以上,,北京,北京,硕士,10年以上,85-100k·22薪,,,,https://www.liepin.com/a/74761617.shtml,20260509150506,,,,
5463,猎聘,能源/化工/环保,矿山,矿业律师,猎头职位,某国内矿产开采上市公司,5000-10000人,,北京,北京,学历不限,经验不限,50-80k,,,,https://www.liepin.com/a/72309081.shtml,20260430102744,,,,
5464,猎聘,能源/化工/环保,矿山,决策规划算法工程师【北京海淀，河南郑州】,猎头职位,某北京大型专业技术服务公司,500-999人,,北京,北京-海淀区,硕士,5年以上,30-50k,,,,https://www.liepin.com/a/74800987.shtml,20260519145428,,,,
5465,猎聘,能源/化工/环保,矿山,调试岗（DCS、电气、机械、自动化）（驻外）,猎头职位,某知名公司,5000-10000人,,北京,北京,本科,5-10年,30-50k,,,,https://www.liepin.com/a/75509757.shtml,20260527173711,,,,
5466,猎聘,能源/化工/环保,矿山,施工管理（土建）,猎头职位,某知名公司,5000-10000人,,北京,北京,本科,经验不限,22-35k,,,,https://www.liepin.com/a/73342691.shtml,20260313133014,,,,
5467,猎聘,能源/化工/环保,矿山,决策规划算法工程师,猎头职位,某北京大型专业技术服务公司,500-999人,,北京,北京,硕士,5年以上,60-90k,,,,https://www.liepin.com/a/74698419.shtml,20260519145428,,,,
5468,猎聘,能源/化工/环保,矿山,选矿工程师,猎头职位,某北京矿产开采上市公司,5000-10000人,,北京,北京,统招本科,5-10年,25-40k·15薪,,,,https://www.liepin.com/a/74617641.shtml,20260414141422,,,,
5469,猎聘,能源/化工/环保,矿山,市场营销部总监(环保水处理、盐湖),猎头职位,某上海专业服务公司,1-49人,,北京,北京-海淀区,本科,10年以上,30-50k,,,,https://www.liepin.com/a/75241211.shtml,20260609074809,,,,
5470,猎聘,能源/化工/环保,矿山,高级地质工程师,猎头职位,某知名公司,1-49人,,北京,北京,大专,10年以上,20-30k,,,,https://www.liepin.com/a/75071657.shtml,20260608085806,,,,
5471,猎聘,能源/化工/环保,矿山,销售经理-选矿,猎头职位,某国内石化公司,100-499人,,北京,北京,学历不限,5-10年,15-25k·20薪,,,,https://www.liepin.com/a/73053945.shtml,20260609091017,,,,
5472,猎聘,能源/化工/环保,矿山,安全负责人（矿,猎头职位,某知名公司,10000人以上,,北京,北京,统招本科,10年以上,35-65k·14薪,,,,https://www.liepin.com/a/74378911.shtml,20260408135930,,,,
5473,猎聘,能源/化工/环保,矿山,微电网负责人（北京/其它城市）,猎头职位,某北京其他商务服务业公司,,,北京,北京,本科,10年以上,60-90k,,,,https://www.liepin.com/a/75893417.shtml,20260521094510,,,,
5474,猎聘,能源/化工/环保,矿山,选矿工程师,猎头职位,某北京专业技术服务公司,100-499人,,北京,北京,学历不限,10年以上,30-35k,,,,https://www.liepin.com/a/76266065.shtml,20260608134311,,,,
5475,猎聘,能源/化工/环保,矿山,规划算法工程师,猎头职位,某北京知名公司,10000人以上,,北京,北京,本科,经验不限,25-40k,,,,https://www.liepin.com/a/75924065.shtml,20260521170448,,,,
5476,猎聘,能源/化工/环保,矿山,高级地质工程师,猎头职位,某知名公司,1-49人,,北京,北京-通州区,本科,5-10年,20-30k,,,,https://www.liepin.com/a/75305461.shtml,20260609134815,,,,
5477,猎聘,能源/化工/环保,矿山,电气仪表工程师（海外，EPC，央企）,猎头职位,某北京矿产开采上市公司,10000人以上,,北京,北京,本科,8年以上,35-50k,,,,https://www.liepin.com/a/75993321.shtml,20260525093904,,,,
5478,猎聘,能源/化工/环保,矿山,财务负责人,猎头职位,某国内专业技术服务公司,100-499人,,北京,北京,本科,5-10年,25-35k,,,,https://www.liepin.com/a/75879379.shtml,20260520165330,,,,
5479,猎聘,能源/化工/环保,矿山,规控算法,猎头职位,某北京知名公司,10000人以上,,北京,北京-昌平区,本科,3-5年,40-60k·16薪,,,,https://www.liepin.com/a/76469821.shtml,20260605170814,,,,
5480,猎聘,能源/化工/环保,矿山,外派财务总监,猎头职位,某知名公司,5000-10000人,,北京,北京,统招本科,经验不限,35-50k,,,,https://www.liepin.com/a/75553309.shtml,20260512101207,,,,
5481,猎聘,能源/化工/环保,矿山,俄罗斯财务总监,猎头职位,某北京贸易进出口公司,100-499人,,北京,北京,统招本科,10年以上,40-60k,,,,https://www.liepin.com/a/75502219.shtml,20260609074211,,,,
5482,猎聘,能源/化工/环保,矿山,电气仪表工程师（施工）（驻外）,猎头职位,某知名公司,5000-10000人,,北京,北京,本科,5-10年,30-50k,,,,https://www.liepin.com/a/75509723.shtml,20260527173711,,,,
5483,猎聘,能源/化工/环保,矿山,补能负责人,猎头职位,某北京其他商务服务业公司,,,北京,北京,学历不限,5-10年,30-60k,,,,https://www.liepin.com/a/75726553.shtml,20260521101807,,,,
5484,猎聘,能源/化工/环保,矿山,机械调试,猎头职位,某知名公司,5000-10000人,,北京,北京,学历不限,经验不限,35-45k,,,,https://www.liepin.com/a/75662113.shtml,20260518162315,,,,
5485,猎聘,能源/化工/环保,矿山,调试经理（电气、仪表方向）,猎头职位,某知名公司,5000-10000人,,北京,北京,本科,3-5年,30-60k,,,,https://www.liepin.com/a/75659275.shtml,20260514104324,,,,
5486,猎聘,能源/化工/环保,矿山,Base全国-行业销售（工业自动化软件）,猎头职位,某北京大型计算机软件公司,500-999人,,北京,北京,统招本科,5-10年,20-30k·14薪,,,,https://www.liepin.com/a/75520167.shtml,20260530221006,,,,
5487,猎聘,能源/化工/环保,矿山,高级应用工程师,猎头职位,某大型知名电力/热力/燃气/水务公司,10000人以上,,北京,北京-昌平区,统招本科,5-10年,25-35k·14薪,,,,https://www.liepin.com/a/74140791.shtml,20260608150545,,,,
5488,猎聘,能源/化工/环保,矿山,外派财务总监,猎头职位,某北京批发/零售上市公司,5000-10000人,,北京,北京,本科,经验不限,40-50k,,,,https://www.liepin.com/a/75591943.shtml,20260609091402,,,,
5489,猎聘,能源/化工/环保,矿山,解决方案销售经理,猎头职位,某深圳IT服务公司,50-99人,,北京,北京-海淀区,统招本科,3-5年,15-22k,,,,https://www.liepin.com/a/73890431.shtml,20260325171753,,,,
5490,猎聘,能源/化工/环保,矿山,规控算法（自动驾驶）上市500强企业,猎头职位,某大型知名机械/设备公司,10000人以上,,北京,北京-昌平区,硕士,5-10年,40-70k·16薪,,,,https://www.liepin.com/a/75830313.shtml,20260519165010,,,,
5491,猎聘,能源/化工/环保,矿山,铜矿外贸销售主管（销售方向，英语流利）,猎头职位,某知名公司,1-49人,,北京,北京,学历不限,经验不限,18-24k·18薪,,,,https://www.liepin.com/a/75729389.shtml,20260609092344,,,,
5492,猎聘,能源/化工/环保,矿山,海外选矿电气工程师,猎头职位,某国内矿产开采上市公司,10000人以上,,北京,北京,统招本科,5-10年,50-80k,,,,https://www.liepin.com/a/74950503.shtml,20260422163840,,,,
5493,猎聘,能源/化工/环保,矿山,机械设备工程师（施工方向）（驻外）,猎头职位,某知名公司,5000-10000人,,北京,北京,本科,5-10年,30-50k,,,,https://www.liepin.com/a/75840397.shtml,20260527173711,,,,
5494,猎聘,能源/化工/环保,矿山,海外风控专家,猎头职位,某郑州大型机械/设备公司,5000-10000人,,北京,北京,统招本科,5-10年,40-60k,,,,https://www.liepin.com/a/75858039.shtml,20260520111427,,,,
5495,猎聘,能源/化工/环保,矿山,采煤机研发专家,猎头职位,某郑州大型机械/设备公司,5000-10000人,,北京,北京,统招本科,10年以上,40-70k,,,,https://www.liepin.com/a/76116169.shtml,20260527145226,,,,
5496,猎聘,能源/化工/环保,矿山,嵌入式开发工程师,猎头职位,某北京大型批发/零售公司,10000人以上,,北京,北京,统招本科,3年以上,30-60k·13薪,,,,https://www.liepin.com/a/76304847.shtml,20260602115426,,,,
5497,猎聘,能源/化工/环保,矿山,销售经理（智慧消防方向软硬件）,猎头职位,某合肥互联网公司,100-499人,,北京,北京,统招本科,3-5年,13-20k,,,,https://www.liepin.com/a/74510665.shtml,20260608093312,,,,
5498,猎聘,能源/化工/环保,矿山,安全经理,猎头职位,某知名公司,5000-10000人,,北京,北京,学历不限,10年以上,35-50k,,,,https://www.liepin.com/a/73573287.shtml,20260319083715,,,,
5499,猎聘,能源/化工/环保,矿山,选矿专业技术工程师（选矿工艺&机械设备方向）,猎头职位,某知名公司,5000-10000人,,北京,北京,本科,5-10年,30-40k·15薪,,,,https://www.liepin.com/a/75943957.shtml,20260609182703,,,,
5500,猎聘,能源/化工/环保,矿山,国家经理,猎头职位,某国内大型金属制品公司,500-999人,,北京,北京-丰台区,统招本科,5-10年,20-40k,,,,https://www.liepin.com/a/76452075.shtml,20260608152321,,,,
5501,猎聘,能源/化工/环保,矿山,中国区地质总监/高级地质工程师,猎头职位,某北京大型矿产开采公司,5000-10000人,,北京,北京,统招本科,10年以上,30-60k·15薪,,,,https://www.liepin.com/a/76444227.shtml,20260605103325,,,,
5502,猎聘,能源/化工/环保,矿山,渠道推销专员,猎头职位,某深圳大型通信设备公司,10000人以上,,北京,北京,学历不限,1-3年,10-15k,,,,https://www.liepin.com/a/76129271.shtml,20260602141046,,,,
5503,猎聘,能源/化工/环保,矿山,应用工程师,猎头职位,某知名上市公司,10000人以上,,北京,北京,本科,5-10年,23-35k·14薪,,,,https://www.liepin.com/a/74171313.shtml,20260608091450,,,,
5504,猎聘,能源/化工/环保,矿山,头部上市矿企-地质副总经理,猎头职位,某知名公司,1-49人,,北京,北京,统招本科,10年以上,50-70k·15薪,,,,https://www.liepin.com/a/73795371.shtml,20260609093623,,,,
5505,猎聘,能源/化工/环保,矿山,国家经理,猎头职位,某国内大型金属制品公司,500-999人,,北京,北京-丰台区,统招本科,5-10年,20-40k,,,,https://www.liepin.com/a/76452595.shtml,20260608111354,,,,
5506,猎聘,能源/化工/环保,矿山,市场总监,猎头职位,某知名新能源公司,100-499人,,北京,北京-顺义区,本科,5-10年,20-25k,,,,https://www.liepin.com/a/74205723.shtml,20260608153311,,,,
5507,猎聘,能源/化工/环保,矿山,诚聘驻外挖机修理工,猎头职位,某东莞专业技术服务公司,50-99人,,北京,北京,统招本科,经验不限,15-20k,,,,https://www.liepin.com/a/75507419.shtml,20260513141114,,,,
5508,猎聘,能源/化工/环保,矿山,暖通工程师（海外，央企，EPC选矿厂）,猎头职位,某北京矿产开采上市公司,10000人以上,,北京,北京,本科,5年以上,35-50k,,,,https://www.liepin.com/a/70528481.shtml,20260422105848,,,,
5509,猎聘,能源/化工/环保,矿山,某400亿营收大型装备制造业-全球风控专家,猎头职位,某知名机械/设备上市公司,10000人以上,,北京,北京,统招本科,5-10年,35-55k,,,,https://www.liepin.com/a/76050483.shtml,20260526103934,,,,
5510,猎聘,能源/化工/环保,矿山,矿业-机械施工调试岗位,猎头职位,某知名公司,5000-10000人,,北京,北京,大专,5-10年,50-65k,,,,https://www.liepin.com/a/75491751.shtml,20260511092312,,,,
5511,猎聘,能源/化工/环保,矿山,工程\矿企财务总监（外派）,猎头职位,某知名公司,5000-10000人,,北京,北京,硕士,5-10年,60-70k,,,,https://www.liepin.com/a/75490589.shtml,20260511090756,,,,
5512,猎聘,能源/化工/环保,矿山,业务域解决方案顾问-国企,猎头职位,某人工智能公司,100-499人,,北京,北京,统招本科,5-10年,30-35k,,,,https://www.liepin.com/a/76080733.shtml,20260526172317,,,,
5513,猎聘,能源/化工/环保,矿山,项目总工,猎头职位,某国内人力资源服务公司,100-499人,,北京,北京,本科,10年以上,35-40k,,,,https://www.liepin.com/a/76006051.shtml,20260525114645,,,,
5514,猎聘,能源/化工/环保,矿山,产品总监,猎头职位,某北京科技推广服务公司,,,北京,北京,本科,10年以上,30-40k,,,,https://www.liepin.com/a/73301901.shtml,20260608172644,,,,
5515,猎聘,能源/化工/环保,矿山,选矿机械工程师（设计方向/央企）,猎头职位,某知名公司,5000-10000人,,北京,北京,本科,5-10年,25-40k·15薪,,,,https://www.liepin.com/a/76376977.shtml,20260609182703,,,,
5516,猎聘,能源/化工/环保,矿山,销售VP,猎头职位,某知名电子/半导体/集成电路公司,100-499人,,北京,北京,本科,5-10年,30-35k·24薪,,,,https://www.liepin.com/a/76029073.shtml,20260525170326,,,,
5517,猎聘,能源/化工/环保,矿山,融资总监,猎头职位,某知名公司,50-99人,,北京,北京,本科,5-10年,20-40k,,,,https://www.liepin.com/a/74124275.shtml,20260515151116,,,,
5518,猎聘,能源/化工/环保,矿山,工程技术总监,猎头职位,某北京新能源公司,100-499人,,北京,北京,统招本科,10年以上,21-25k·14薪,,,,https://www.liepin.com/a/75434373.shtml,20260524174120,,,,
5519,猎聘,能源/化工/环保,矿山,调试岗位（机械设备方向优先）,猎头职位,某知名公司,5000-10000人,,北京,北京,本科,3-5年,30-60k,,,,https://www.liepin.com/a/76106319.shtml,20260527114822,,,,
5520,猎聘,能源/化工/环保,矿山,选矿专业技术工程师(机械方向·大型选矿设备选型),猎头职位,某知名公司,5000-10000人,,北京,北京,统招本科,3-5年,40-50k,,,,https://www.liepin.com/a/75909635.shtml,20260609090122,,,,
5521,猎聘,能源/化工/环保,矿山,自动化主任工程师（海外，，央企EPC选矿厂）,猎头职位,某北京矿产开采上市公司,10000人以上,,北京,北京,本科,5年以上,35-50k,,,,https://www.liepin.com/a/73421431.shtml,20260316134722,,,,
5522,猎聘,能源/化工/环保,矿山,煤矿--海外地质工程师,猎头职位,某矿产开采公司,,,北京,北京,统招本科,5-10年,35-45k,,,,https://www.liepin.com/a/76106469.shtml,20260527165108,,,,
5523,猎聘,能源/化工/环保,矿山,矿业项目机械施工调试岗位（需要驻外）,猎头职位,某知名公司,5000-10000人,,北京,北京,大专,5-10年,50-60k,,,,https://www.liepin.com/a/75492833.shtml,20260511093443,,,,
5524,猎聘,能源/化工/环保,矿山,高精地图定位工程师 （高精地图算法开发）,猎头职位,某北京大型批发/零售公司,10000人以上,,北京,北京,统招本科,3年以上,30-60k·13薪,,,,https://www.liepin.com/a/76303513.shtml,20260602113904,,,,
5525,猎聘,能源/化工/环保,矿山,地质工程师,猎头职位,某北京人力资源服务公司,50-99人,,北京,北京,本科,10年以上,30-40k,,,,https://www.liepin.com/a/74934579.shtml,20260609102847,,,,
5526,猎聘,能源/化工/环保,矿山,规控算法工程师,猎头职位,某知名公司,10000人以上,,北京,北京-昌平区,统招本科,5-10年,45-75k·16薪,,,,https://www.liepin.com/a/74658695.shtml,20260602153334,,,,
5527,猎聘,能源/化工/环保,矿山,专业工程师（土建，海外）,猎头职位,某北京矿产开采上市公司,10000人以上,,北京,北京,统招本科,5-7年,35-50k,,,,https://www.liepin.com/a/73927195.shtml,20260326142005,,,,
5528,猎聘,能源/化工/环保,矿山,高精地图定位工程师 （高精地图制图工具链开发）,猎头职位,某北京大型批发/零售公司,10000人以上,,北京,北京,统招本科,3年以上,30-60k·13薪,,,,https://www.liepin.com/a/76303719.shtml,20260602114106,,,,
5529,猎聘,能源/化工/环保,矿山,选矿机械设计工程师,猎头职位,某知名公司,5000-10000人,,北京,北京,统招本科,经验不限,18-35k,,,,https://www.liepin.com/a/75855449.shtml,20260520104603,,,,
5530,猎聘,能源/化工/环保,矿山,高精地图定位工程师,猎头职位,某北京大型批发/零售公司,10000人以上,,北京,北京,统招本科,5年以上,30-60k,,,,https://www.liepin.com/a/73753307.shtml,20260602111251,,,,
5531,猎聘,能源/化工/环保,矿山,海外销售经理,猎头职位,某北京机械/设备公司,1-49人,,北京,北京,统招本科,经验不限,20-30k·15薪,,,,https://www.liepin.com/a/75533511.shtml,20260511171200,,,,
5532,猎聘,能源/化工/环保,矿山,微电网负责人,猎头职位,某北京其他商务服务业公司,,,北京,北京,学历不限,5-10年,30-55k,,,,https://www.liepin.com/a/75726581.shtml,20260521101807,,,,
5533,猎聘,能源/化工/环保,矿山,锂矿贸易业务主管,猎头职位,某国内矿产开采上市公司,1000-2000人,,北京,北京,统招本科,3-5年,20-30k·18薪,,,,https://www.liepin.com/a/75704461.shtml,20260515105236,,,,
5534,猎聘,能源/化工/环保,矿山,机械调试经理,猎头职位,某知名公司,5000-10000人,,北京,北京,统招本科,经验不限,25-50k,,,,https://www.liepin.com/a/76073891.shtml,20260526160537,,,,
5535,猎聘,能源/化工/环保,矿山,高精地图定位工程师,猎头职位,某长沙机械/设备上市公司,10000人以上,,北京,北京,本科,3-5年,30-60k·15薪,,,,https://www.liepin.com/a/76251189.shtml,20260601113453,,,,
5536,猎聘,能源/化工/环保,矿山,选矿工程师（俄罗斯）,猎头职位,某知名公司,5000-10000人,,北京,北京,本科,5年以上,35-45k,,,,https://www.liepin.com/a/76351861.shtml,20260609190113,,,,
5537,猎聘,能源/化工/环保,矿山,仪表工程师（需海外经验）,猎头职位,某知名公司,5000-10000人,,北京,北京,统招本科,5-10年,25-45k,,,,https://www.liepin.com/a/74606909.shtml,20260414111133,,,,
5538,猎聘,能源/化工/环保,矿山,葡萄牙语商务翻译（大宗商品 / 铁矿石方向）,猎头职位,某知名公司,100-499人,,北京,北京,统招本科,3-5年,15-20k,,,,https://www.liepin.com/a/74723985.shtml,20260526172129,,,,
5539,猎聘,能源/化工/环保,矿山,大客户总监（华北区域）,猎头职位,某武汉电子/半导体/集成电路公司,100-499人,,北京,北京,统招本科,3-5年,15-25k,,,,https://www.liepin.com/a/74600359.shtml,20260528151058,,,,
5540,猎聘,能源/化工/环保,矿山,工程技术总监,猎头职位,某知名公司,,,北京,北京,本科,10年以上,30-40k,,,,https://www.liepin.com/a/75629635.shtml,20260513153500,,,,
5541,猎聘,能源/化工/环保,矿山,地质工程师,猎头职位,某北京计算机软件公司,50-99人,,北京,北京,大专,10年以上,30-45k,,,,https://www.liepin.com/a/73724979.shtml,20260414131805,,,,
5542,猎聘,能源/化工/环保,矿山,工程技术总监,猎头职位,某北京新能源公司,100-499人,,北京,北京,学历不限,5-10年,25-50k,,,,https://www.liepin.com/a/75727533.shtml,20260522175445,,,,
5543,猎聘,能源/化工/环保,矿山,机械设备工程师(海外，施工),猎头职位,某北京矿产开采上市公司,10000人以上,,北京,北京,统招本科,5-7年,35-50k,,,,https://www.liepin.com/a/73703837.shtml,20260515105609,,,,
5544,猎聘,能源/化工/环保,矿山,自动化工程师（矿山自动化智能化方向,企业职位,某国内大型电气机械/器材公司,10000人以上,,上海,上海,统招本科,3-5年,15-25k,,,,https://www.liepin.com/a/75572857.shtml,20260512143944,,,,
5545,猎聘,能源/化工/环保,矿山,技术总监/技术总工程师（矿山机械）,企业职位,河北澳金机械设备有限公司,100-499人,,上海,上海-闵行区,本科,10年以上,40-70k,,,,https://www.liepin.com/job/1981450599.shtml,20260518112650,,,,
5546,猎聘,能源/化工/环保,矿山,机械技术部经理/总监（渣浆泵/矿山机械）,企业职位,河北澳金机械设备有限公司,100-499人,,上海,上海-闵行区,本科,10年以上,40-70k,,,,https://www.liepin.com/job/1982786041.shtml,20260522175039,,,,
5547,猎聘,能源/化工/环保,矿山,矿山机电设备经理/主管（外派）,企业职位,某知名上市公司,10000人以上,,上海,上海,本科,5-10年,50-80k,,,,https://www.liepin.com/a/76028891.shtml,20260525170104,,,,
5548,猎聘,能源/化工/环保,矿山,地质专家，具有10年以上矿山地质或地勘院工作经验【福建上班，世界500强国企】,企业职位,某国内矿产开采上市公司,10000人以上,,上海,上海,本科,5-10年,60-90k·13薪,,,,https://www.liepin.com/a/73857707.shtml,20260609160902,,,,
5549,猎聘,能源/化工/环保,矿山,矿山机械设计工程师（偏技术支持）,企业职位,某上海贸易进出口公司,50-99人,,上海,上海,统招本科,5-10年,15-30k·13薪,,,,https://www.liepin.com/a/75055817.shtml,20260601102429,,,,
5550,猎聘,能源/化工/环保,矿山,装备处处长/处级主办/副处长/装备管理，优先矿山机械方向，可拓宽至冶金、化工企业机械岗位人才。【福建上班，世界500强国企】,企业职位,某国内矿产开采上市公司,10000人以上,,上海,上海,本科,5-10年,25-50k,,,,https://www.liepin.com/a/73860515.shtml,20260609160901,,,,
5551,猎聘,能源/化工/环保,矿山,矿山设备技术经理,企业职位,某国内机械/设备公司,100-499人,,上海,上海,大专,5年以上,25-40k,,,,https://www.liepin.com/a/74730459.shtml,20260416155240,,,,
5552,猎聘,能源/化工/环保,矿山,机械设备安全管理员，负责集团各矿山单位机电设备或者矿用工程车辆的安全管理工作 【福建上班，世界500强国企】,企业职位,某国内矿产开采上市公司,10000人以上,,上海,上海,学历不限,5-10年,25-35k,,,,https://www.liepin.com/a/73857293.shtml,20260609160902,,,,
5553,猎聘,能源/化工/环保,矿山,销售总监-矿山,企业职位,某世界500强电气机械/器材公司,10000人以上,,上海,上海,本科,经验不限,25-50k·20薪,,,,https://www.liepin.com/a/75588753.shtml,20260512172637,,,,
5554,猎聘,能源/化工/环保,矿山,矿山成套项目总监北京长沙昆山上海可以base,企业职位,某多元化跨国集团公司,10000人以上,,上海,上海,学历不限,5-10年,30-60k·16薪,,,,https://www.liepin.com/a/75578511.shtml,20260513142010,,,,
5555,猎聘,能源/化工/环保,矿山,地灾防治专家，具有10年以上的矿山地质灾害防治经验 ，熟悉矿山现场【福建上班，世界500强国企】,企业职位,某国内矿产开采上市公司,10000人以上,,上海,上海,本科,5-10年,25-30k·13薪,,,,https://www.liepin.com/a/73857433.shtml,20260609160902,,,,
5556,猎聘,能源/化工/环保,矿山,矿山机械设计工程师,企业职位,某上海贸易进出口公司,50-99人,,上海,上海,本科,5-10年,20-25k·14薪,,,,https://www.liepin.com/a/74804813.shtml,20260520092147,,,,
5557,猎聘,能源/化工/环保,矿山,销售总监（矿山设备销售+商务英语口语过关）,企业职位,某西安人力资源服务公司,100-499人,,上海,上海,统招本科,5-10年,50-80k,,,,https://www.liepin.com/a/75897839.shtml,20260521102826,,,,
5558,猎聘,能源/化工/环保,矿山,地质工程师（矿山）外派,企业职位,广东中爆企业管理服务有限公司,50-99人,,上海,上海,学历不限,经验不限,30-40k,,,,https://www.liepin.com/job/1981894739.shtml,20260603101848,,,,
5559,猎聘,能源/化工/环保,矿山,机电专家，具有10年以上矿山机电管理等相关领域工作经历【福建上班，世界500强国企】,企业职位,某国内矿产开采上市公司,10000人以上,,上海,上海,本科,5-10年,60-90k·13薪,,,,https://www.liepin.com/a/73857839.shtml,20260609160902,,,,
5560,猎聘,能源/化工/环保,矿山,海外销售经理（有色金属/矿山方向）,企业职位,某国内大型金属制品公司,500-999人,,上海,上海-闵行区,大专,5-10年,30-45k,,,,https://www.liepin.com/a/76063235.shtml,20260526210004,,,,
5561,猎聘,能源/化工/环保,矿山,财务会计助理,企业职位,北京南冥科技有限公司,1-49人,,上海,北京,学历不限,经验不限,6-7k,,,,https://www.liepin.com/job/1966186277.shtml,20240411165329,,,,
5562,猎聘,能源/化工/环保,矿山,矿山设备技术总监,企业职位,某国内机械/设备公司,100-499人,,上海,上海,统招本科,10年以上,55-75k,,,,https://www.liepin.com/a/74729723.shtml,20260416154345,,,,
5563,猎聘,能源/化工/环保,矿山,选矿专家，具有10年以上矿山或研究院所等相关领域工作经历【福建上班，世界500强国企】,企业职位,某国内矿产开采上市公司,10000人以上,,上海,上海,本科,5-10年,60-90k·13薪,,,,https://www.liepin.com/a/73858043.shtml,20260609160901,,,,
5564,猎聘,能源/化工/环保,矿山,矿山设备工程师,企业职位,西藏珠峰,2000-5000人,,上海,上海-静安区,大专,5年以上,20-28k,,,,https://www.liepin.com/job/1980451857.shtml,20260609165726,,,,
5565,猎聘,能源/化工/环保,矿山,矿山销售总监,企业职位,某国内人力资源服务公司,50-99人,,上海,上海,本科,10年以上,60-80k,,,,https://www.liepin.com/a/75110621.shtml,20260528133022,,,,
5566,猎聘,能源/化工/环保,矿山,上市矿企--矿山建设项目管理,企业职位,某知名公司,1-49人,,上海,上海,统招本科,6年以上,30-60k·13薪,,,,https://www.liepin.com/a/75587155.shtml,20260609093623,,,,
5567,猎聘,能源/化工/环保,矿山,某矿山耐磨品海外销售经理,企业职位,某国内大型金属制品公司,500-999人,,上海,上海,统招本科,经验不限,80-100k,,,,https://www.liepin.com/a/75534405.shtml,20260609090327,,,,
5568,猎聘,能源/化工/环保,矿山,综合人事行政,企业职位,四川快享天下科技有限公司,50-99人,,上海,自贡-富顺县,大专,1-3年,10-15k,,,,https://www.liepin.com/job/1966054551.shtml,20240408100800,,,,
5569,猎聘,能源/化工/环保,矿山,自动化工程师（矿山智能化）,企业职位,卧龙集团,10000人以上,,上海,上海-松江区,统招本科,1年以上,12-30k·13薪,,,,https://www.liepin.com/job/1981987201.shtml,20260422134003,,,,
5570,猎聘,能源/化工/环保,矿山,矿山行业培训,企业职位,合肥乐师企业管理咨询有限公司,1-49人,,上海,上海-浦东新区,学历不限,3-5年,10-15k,,,,https://www.liepin.com/job/1982887787.shtml,20260529132911,,,,
5571,猎聘,能源/化工/环保,矿山,行业销售总监（港口/矿山/能源/汽车）,企业职位,某深圳计算机硬件公司,100-499人,,上海,上海,大专,5-10年,25-40k·14薪,,,,https://www.liepin.com/a/74443417.shtml,20260514180843,,,,
5572,猎聘,能源/化工/环保,矿山,人力资源总监（矿山设备或重型机械行业）,企业职位,某上海机械/设备上市公司,1000-2000人,,上海,上海,本科,5-10年,30-40k,,,,https://www.liepin.com/a/74533039.shtml,20260603090901,,,,
5573,猎聘,能源/化工/环保,矿山,总账会计（海外矿山）,企业职位,广东中爆企业管理服务有限公司,50-99人,,上海,上海,本科,3-5年,15-25k,,,,https://www.liepin.com/job/1982825459.shtml,20260603165547,,,,
5574,猎聘,能源/化工/环保,矿山,外贸销售总监（矿山机械）,企业职位,某国内大型金属制品公司,500-999人,,上海,上海,统招本科,5-10年,20-30k,,,,https://www.liepin.com/a/75833661.shtml,20260525091157,,,,
5575,猎聘,能源/化工/环保,矿山,矿山机械销售总监,企业职位,上海玖行能源科技有限公司,500-999人,,上海,上海-嘉定区,本科,5年以上,25-30k,,,,https://www.liepin.com/job/1977673537.shtml,20251021113144,,,,
5576,猎聘,能源/化工/环保,矿山,上市矿企--矿山电气经理,企业职位,某知名公司,1-49人,,上海,上海,统招本科,6年以上,30-45k,,,,https://www.liepin.com/a/75586915.shtml,20260609093623,,,,
5577,猎聘,能源/化工/环保,矿山,工业油销售经理（矿山行业）,企业职位,特浦朗克,100-499人,,上海,上海-静安区,大专,3-5年,10-15k,,,,https://www.liepin.com/job/1983093313.shtml,20260609142743,,,,
5578,猎聘,能源/化工/环保,矿山,销售经理-矿山方向客户,企业职位,某国内大型金属制品公司,500-999人,,上海,上海,本科,3-5年,35-60k,,,,https://www.liepin.com/a/75161229.shtml,20260428175805,,,,
5579,猎聘,能源/化工/环保,矿山,产品总监（矿山机械）,企业职位,河北澳金机械设备有限公司,100-499人,,上海,上海-闵行区,本科,10年以上,35-50k,,,,https://www.liepin.com/job/1981735527.shtml,20260518155902,,,,
5580,猎聘,能源/化工/环保,矿山,销售经理-矿山港口,企业职位,某深圳计算机硬件公司,100-499人,,上海,上海-闵行区,本科,3-5年,25-35k,,,,https://www.liepin.com/a/73319475.shtml,20260609103735,,,,
5581,猎聘,能源/化工/环保,矿山,销售工程师（矿山电机电气配套）,企业职位,卧龙集团,10000人以上,,上海,上海-松江区,统招本科,2年以上,12-30k·13薪,,,,https://www.liepin.com/job/1981987831.shtml,20260422134812,,,,
5582,猎聘,能源/化工/环保,矿山,矿山电气,企业职位,某国内矿产开采上市公司,10000人以上,,上海,上海,本科,10年以上,80-90k,,,,https://www.liepin.com/a/75076999.shtml,20260427101151,,,,
5583,猎聘,能源/化工/环保,矿山,矿山 机电矿长,企业职位,某知名公司,5000-10000人,,上海,上海,本科,10年以上,55-65k,,,,https://www.liepin.com/a/74363911.shtml,20260416094027,,,,
5584,猎聘,能源/化工/环保,矿山,海外营销管理（矿山机械）,企业职位,河北澳金机械设备有限公司,100-499人,,上海,上海-闵行区,大专,5年以上,35-45k,,,,https://www.liepin.com/job/1982834057.shtml,20260525153552,,,,
5585,猎聘,能源/化工/环保,矿山,安全总监（矿山公司）,企业职位,某知名公司,5000-10000人,,上海,上海,本科,10年以上,60-80k,,,,https://www.liepin.com/a/75579989.shtml,20260512155008,,,,
5586,猎聘,能源/化工/环保,矿山,矿山成套软件所所长,企业职位,三一集团,10000人以上,,上海,上海-奉贤区,统招本科,5-7年,30-50k·18薪,,,,https://www.liepin.com/job/1982034511.shtml,20260423152605,,,,
5587,猎聘,能源/化工/环保,矿山,销售工程师（矿山电机、电气配套方向）,企业职位,卧龙集团,10000人以上,,上海,上海-松江区,统招本科,2年以上,15-23k·13薪,,,,https://www.liepin.com/job/1981744077.shtml,20260601125556,,,,
5588,猎聘,能源/化工/环保,矿山,业务总监/经理【耐磨钢球，矿山】,企业职位,某国内大型金属制品公司,500-999人,,上海,上海,本科,3年以上,20-40k,,,,https://www.liepin.com/a/74355021.shtml,20260408090206,,,,
5589,猎聘,能源/化工/环保,矿山,矿山设备材料工程师-W(A54795),企业职位,河北澳金机械设备有限公司,100-499人,,上海,上海-闵行区,本科,10年以上,15-30k,,,,https://www.liepin.com/job/1983165721.shtml,20260604174101,,,,
5590,猎聘,能源/化工/环保,矿山,集团机电专家 矿山,企业职位,某知名公司,5000-10000人,,上海,上海,本科,10年以上,55-65k,,,,https://www.liepin.com/a/74060867.shtml,20260416094027,,,,
5591,猎聘,能源/化工/环保,矿山,智驾产品经理（智慧矿山 / 自动驾驶平台）(A72050),企业职位,博雷顿,100-499人,,上海,上海-闵行区,本科,3年以上,30-60k·14薪,,,,https://www.liepin.com/job/1980099923.shtml,20260130131408,,,,
5592,猎聘,能源/化工/环保,矿山,矿山冶金销售经理,企业职位,上海里孚机电设备有限公司,1-49人,,上海,上海-浦东新区,大专,3年以上,10-15k,,,,https://www.liepin.com/job/1966149533.shtml,20260402141603,,,,
5593,猎聘,能源/化工/环保,矿山,矿山机电专家（Base福建）,企业职位,某国内知名公司,10000人以上,,上海,上海,本科,10年以上,40-70k·16薪,,,,https://www.liepin.com/a/73247171.shtml,20260609104011,,,,
5594,猎聘,能源/化工/环保,矿山,数字矿山产品经理,企业职位,CMOC洛阳钼业,10000人以上,,上海,上海,本科,5年以上,30-50k·14薪,,,,https://www.liepin.com/job/1974694817.shtml,20250526000733,,,,
5595,猎聘,能源/化工/环保,矿山,南美洲矿山负责人,企业职位,华夏矿业,100-499人,,上海,上海-浦东新区,统招本科,5-10年,10-15k,,,,https://www.liepin.com/job/1972491405.shtml,20250218161510,,,,
5596,猎聘,能源/化工/环保,矿山,矿山运营管理,企业职位,艺数汇(上海)数字科技有限公司,1-49人,,上海,上海-闵行区,本科,10年以上,15-20k·13薪,,,,https://www.liepin.com/job/1963947309.shtml,20240102140416,,,,
5597,猎聘,能源/化工/环保,矿山,国内销售经理（矿山/矿业行业）,企业职位,上海致远,100-499人,,上海,上海-松江区,大专,3年以上,13-16k,,,,https://www.liepin.com/job/1981193293.shtml,20260324142801,,,,
5598,猎聘,能源/化工/环保,矿山,矿山井下车辆维修,企业职位,中恺投资,100-499人,,上海,上海-闵行区,中专/中技,5-10年,17-18k,,,,https://www.liepin.com/job/1976108373.shtml,20260320165746,,,,
5599,猎聘,能源/化工/环保,矿山,矿山设备材料工程师/专家,企业职位,河北澳金机械设备有限公司,100-499人,,上海,上海-闵行区,本科,10年以上,25-40k,,,,https://www.liepin.com/job/1982483631.shtml,20260513092957,,,,
5600,猎聘,能源/化工/环保,矿山,矿山设备维修市场销售,企业职位,江西福事特液压股份有限公司,500-999人,,上海,上海-杨浦区,本科,5年以上,8-12k,,,,https://www.liepin.com/job/1983251119.shtml,20260608160717,,,,
5601,猎聘,能源/化工/环保,矿山,售后技术支持（矿山机械/可国外工作）,企业职位,沃欧泰克(上海)矿山机械有限公司,5000-10000人,,上海,上海-浦东新区,中专/中技,3-5年,8-12k,,,,https://www.liepin.com/job/1980409719.shtml,20260226142952,,,,
5602,猎聘,能源/化工/环保,矿山,矿山工程师,企业职位,万居德实业,1-49人,,上海,上海,本科,5年以上,20-35k,,,,https://www.liepin.com/job/1966311089.shtml,20260121133730,,,,
5603,猎聘,能源/化工/环保,矿山,KA大客户销售经理（矿山/能源/港口码头/交通感知设备）,企业职位,江苏朗迅工业智能装备有限公司,100-499人,,上海,上海-青浦区,大专,3年以上,10-13k,,,,https://www.liepin.com/job/1973355721.shtml,20250324165325,,,,
5604,猎聘,能源/化工/环保,矿山,销售代表（矿山设备维修市场）,企业职位,江西福事特液压股份有限公司,500-999人,,上海,上海-杨浦区,本科,3-5年,10-18k,,,,https://www.liepin.com/job/1983256801.shtml,20260608173639,,,,
5605,猎聘,能源/化工/环保,矿山,项目开发经理，矿山,企业职位,海安橡胶集团股份公司,1000-2000人,,上海,上海-浦东新区,统招本科,10年以上,25-40k·15薪,,,,https://www.liepin.com/job/1978388309.shtml,20260317103608,,,,
5606,猎聘,能源/化工/环保,矿山,矿山设备材料工程师,企业职位,某国内机械/设备公司,100-499人,,上海,上海,大专,5年以上,20-30k,,,,https://www.liepin.com/a/74731249.shtml,20260416160159,,,,
5607,猎聘,能源/化工/环保,矿山,矿山冶金行业销售总裁,企业职位,上海里孚机电设备有限公司,1-49人,,上海,上海,本科,5-10年,8-20k,,,,https://www.liepin.com/job/1941483359.shtml,20230203154404,,,,
5608,猎聘,能源/化工/环保,矿山,矿山行业高级销售经理,企业职位,上海里孚机电设备有限公司,1-49人,,上海,上海,本科,3-5年,7-18k,,,,https://www.liepin.com/job/1941404017.shtml,20230203154404,,,,
5609,猎聘,能源/化工/环保,矿山,非洲矿山项目翻译（中法文翻译）,企业职位,上海鼎甄贸易有限公司,1-49人,,上海,上海-浦东新区,学历不限,1-3年,10-20k,,,,https://www.liepin.com/job/1940518077.shtml,20210628153609,,,,
5610,猎聘,能源/化工/环保,矿山,外贸经理（矿山设备）,企业职位,某上海机械/设备公司,100-499人,,上海,上海-浦东新区,学历不限,3-5年,20-35k,,,,https://www.liepin.com/a/76153189.shtml,20260609150702,,,,
5611,猎聘,能源/化工/环保,矿山,矿山行业中大型PLC高级营销经理,企业职位,上海美岸科技,100-499人,,上海,上海-浦东新区,本科,5年以上,40-60k,,,,https://www.liepin.com/job/1979650911.shtml,20260109092414,,,,
5612,猎聘,能源/化工/环保,矿山,行业发展经理BD（粮食、港口、矿山、化工）,企业职位,上海亿博机电设备有限公司,100-499人,,上海,上海-奉贤区,大专,5-10年,10-30k,,,,https://www.liepin.com/job/1979012215.shtml,20260404130458,,,,
5613,猎聘,能源/化工/环保,矿山,行业发展经理BD（粮食、港口、矿山、化工、建材等行业）,企业职位,上海亿博机电设备有限公司,100-499人,,上海,上海-奉贤区,学历不限,10年以上,10-30k,,,,https://www.liepin.com/job/1979029741.shtml,20260404130704,,,,
5614,猎聘,能源/化工/环保,矿山,矿山机械设计工程师,企业职位,钻升机械设备(上海)有限公司,1-49人,,上海,上海-奉贤区,本科,3年以上,8-15k,,,,https://www.liepin.com/job/1978644813.shtml,20251121172714,,,,
5615,猎聘,能源/化工/环保,矿山,矿山机械安装,企业职位,上海山卓重工机械有限公司,50-99人,,上海,上海-浦东新区,学历不限,经验不限,8-12k,,,,https://www.liepin.com/job/1961179931.shtml,20230828211054,,,,
5616,猎聘,能源/化工/环保,矿山,矿山出纳（海外金矿）,企业职位,广东中爆企业管理服务有限公司,50-99人,,上海,上海,本科,1-3年,10-15k,,,,https://www.liepin.com/job/1983282907.shtml,20260609142703,,,,
5617,猎聘,能源/化工/环保,矿山,电气高级经理/经理,企业职位,CMOC洛阳钼业,10000人以上,,上海,上海-虹口区,本科,5-10年,30-45k·15薪,,,,https://www.liepin.com/job/1980257601.shtml,20260209165629,,,,
5618,猎聘,能源/化工/环保,矿山,PLC技术支持（上市国企）,企业职位,某上海IT服务上市公司,2000-5000人,,上海,上海-宝山区,本科,3-5年,20-35k,,,,https://www.liepin.com/a/75783499.shtml,20260518163344,,,,
5619,猎聘,能源/化工/环保,矿山,HSE主管,企业职位,CMOC洛阳钼业,10000人以上,,上海,上海-虹口区,本科,5年以上,25-35k·15薪,,,,https://www.liepin.com/job/1980988293.shtml,20260514133657,,,,
5620,猎聘,能源/化工/环保,矿山,HSE经理,企业职位,CMOC洛阳钼业,10000人以上,,上海,上海-虹口区,本科,8年以上,25-35k·15薪,,,,https://www.liepin.com/job/1980963753.shtml,20260514133716,,,,
5621,猎聘,能源/化工/环保,矿山,锂盐采购,企业职位,某国内大型新能源公司,10000人以上,,上海,上海,本科,5-10年,20-25k,,,,https://www.liepin.com/a/76023829.shtml,20260609114140,,,,
5622,猎聘,能源/化工/环保,矿山,海外矿业财务,企业职位,某苏州知名公司,10000人以上,,上海,上海,学历不限,3-5年,45-50k,,,,https://www.liepin.com/a/75683057.shtml,20260514163430,,,,
5623,猎聘,能源/化工/环保,矿山,风控经理（有色金属）,企业职位,中电投融和融资租赁有限公司,100-499人,,上海,上海-青浦区,硕士,3年以上,20-30k,,,,https://www.liepin.com/job/1982488837.shtml,20260527163733,,,,
5624,猎聘,能源/化工/环保,矿山,风控经理（有色金属）,企业职位,上海电投融和,50-99人,,上海,上海-青浦区,硕士,3年以上,20-30k,,,,https://www.liepin.com/job/1982489095.shtml,20260609155929,,,,
5625,猎聘,能源/化工/环保,矿山,销售总监（外企）,企业职位,某知名公司,1-49人,,上海,上海-长宁区,本科,10年以上,50-70k·14薪,,,,https://www.liepin.com/a/74295037.shtml,20260608220120,,,,
5626,猎聘,能源/化工/环保,矿山,海外销售经理,企业职位,某国内大型金属制品公司,500-999人,,上海,上海-闵行区,统招本科,3年以上,30-40k,,,,https://www.liepin.com/a/75509473.shtml,20260526103836,,,,
5627,猎聘,能源/化工/环保,矿山,海外矿业人力,企业职位,某苏州知名公司,10000人以上,,上海,上海,学历不限,3-5年,40-45k,,,,https://www.liepin.com/a/75682957.shtml,20260514163327,,,,
5628,猎聘,能源/化工/环保,矿山,大客户销售-无人矿卡,企业职位,某上海整车制造上市公司,5000-10000人,,上海,上海,统招本科,5年以上,20-40k·14薪,,,,https://www.liepin.com/a/76168759.shtml,20260528155700,,,,
5629,猎聘,能源/化工/环保,矿山,工业大安监/安全生产智能化解决方案,企业职位,某央企运营商研究院,500-999人,,上海,上海,本科,经验不限,30-55k,,,,https://www.liepin.com/a/76201729.shtml,20260529132234,,,,
5630,猎聘,能源/化工/环保,矿山,技防专家,企业职位,某上海大型资产管理公司,10000人以上,,上海,上海,本科,10年以上,75-100k,,,,https://www.liepin.com/a/76358513.shtml,20260603133543,,,,
5631,猎聘,能源/化工/环保,矿山,产品交付经理（工业安监）,企业职位,某国企研究院,10000人以上,,上海,上海-浦东新区,统招本科,5-10年,30-50k,,,,https://www.liepin.com/a/76162861.shtml,20260528142327,,,,
5632,猎聘,能源/化工/环保,矿山,Sales Manager - Mining,企业职位,罗尔斯罗伊斯动力系统,100-499人,,上海,上海-普陀区,统招本科,7年以上,薪资面议,,,,https://www.liepin.com/job/1982317851.shtml,20260604174531,,,,
5633,猎聘,能源/化工/环保,矿山,电机专家（矿用大功率永磁电机方向）,企业职位,某上海电气机械/器材公司,,,上海,上海,博士,5-10年,45-60k,,,,https://www.liepin.com/a/75510993.shtml,20260511133653,,,,
5634,猎聘,能源/化工/环保,矿山,技术经理（卡特设备）,企业职位,江西福事特液压股份有限公司,500-999人,,上海,上海-杨浦区,大专,5年以上,20-30k,,,,https://www.liepin.com/job/1983033887.shtml,20260602110940,,,,
5635,猎聘,能源/化工/环保,矿山,自动化工程师,企业职位,某上海电气机械/器材公司,,,上海,上海,学历不限,1-3年,15-25k,,,,https://www.liepin.com/a/75510853.shtml,20260511133455,,,,
5636,猎聘,能源/化工/环保,矿山,海外销售经理,企业职位,某国内大型金属制品公司,500-999人,,上海,上海,本科,3-5年,25-40k,,,,https://www.liepin.com/a/75367849.shtml,20260526142511,,,,
5637,猎聘,能源/化工/环保,矿山,海外销售总监,企业职位,某国内大型金属制品公司,500-999人,,上海,上海,统招本科,10年以上,60-90k,,,,https://www.liepin.com/a/75971799.shtml,20260609115243,,,,
5638,猎聘,能源/化工/环保,矿山,刚果金法语翻译、财务,企业职位,某国内矿产开采公司,10000人以上,,上海,上海,统招本科,3年以上,40-50k,,,,https://www.liepin.com/a/74202763.shtml,20260604085619,,,,
5639,猎聘,能源/化工/环保,矿山,数字化总监,企业职位,某国内矿产开采上市公司,5000-10000人,,上海,上海,统招本科,10年以上,40-60k·18薪,,,,https://www.liepin.com/a/73319507.shtml,20260608103916,,,,
5640,猎聘,能源/化工/环保,矿山,自动化工程师,企业职位,某大型知名电气机械/器材公司,10000人以上,,上海,上海-松江区,学历不限,经验不限,15-25k·14薪,,,,https://www.liepin.com/a/75799275.shtml,20260519091807,,,,
5641,猎聘,能源/化工/环保,矿山,基金经理,企业职位,山金金泉(上海)私募基金管理有限公司,1-49人,,上海,上海-杨浦区,硕士,5年以上,薪资面议,,,,https://www.liepin.com/job/1976072417.shtml,20260511182202,,,,
5642,猎聘,能源/化工/环保,矿山,数字化总监,企业职位,某国内矿产开采上市公司,5000-10000人,,上海,上海,统招本科,10年以上,40-60k·18薪,,,,https://www.liepin.com/a/73319447.shtml,20260608103938,,,,
5643,猎聘,能源/化工/环保,矿山,球磨机技术专家,企业职位,某国内机械/设备公司,100-499人,,上海,上海,大专,5年以上,25-35k,,,,https://www.liepin.com/a/74730847.shtml,20260416155733,,,,
5644,猎聘,能源/化工/环保,矿山,海外销售总监,企业职位,钢诺新材,500-999人,,上海,上海-闵行区,统招本科,5年以上,薪资面议,,,,https://www.liepin.com/job/1981567013.shtml,20260521165613,,,,
5645,猎聘,能源/化工/环保,矿山,销售总监,企业职位,某国内大型金属制品公司,500-999人,,上海,上海,统招本科,5-10年,85-100k,,,,https://www.liepin.com/a/76423371.shtml,20260609085558,,,,
5646,猎聘,能源/化工/环保,矿山,销售业务负责人,企业职位,某上海大型机械/设备公司,500-999人,,上海,上海-杨浦区,统招本科,经验不限,40-50k·15薪,,,,https://www.liepin.com/a/75646617.shtml,20260608192426,,,,
5647,猎聘,能源/化工/环保,矿山,研磨钢球项目销售总监,企业职位,某西安人力资源服务公司,100-499人,,上海,上海,统招本科,5年以上,50-80k,,,,https://www.liepin.com/a/76131947.shtml,20260609094352,,,,
5648,猎聘,能源/化工/环保,矿山,非洲人力总,企业职位,某国内大型石化公司,500-999人,,上海,上海,本科,5-10年,80-85k,,,,https://www.liepin.com/a/74106745.shtml,20260604083517,,,,
5649,猎聘,能源/化工/环保,矿山,工业安全数字化（产品交付方向）,企业职位,某知名公司,10000人以上,,上海,上海,硕士,5-10年,35-50k,,,,https://www.liepin.com/a/76276493.shtml,20260608183039,,,,
5650,猎聘,能源/化工/环保,矿山,PLC技术支持（上市国企）,企业职位,某上海IT服务上市公司,2000-5000人,,上海,上海,统招本科,3-5年,15-30k,,,,https://www.liepin.com/a/76007051.shtml,20260527105026,,,,
5651,猎聘,能源/化工/环保,矿山,CAE仿真工程师,企业职位,某知名公司,10000人以上,,上海,上海,统招本科,3-5年,30-60k·16薪,,,,https://www.liepin.com/a/76135831.shtml,20260527213527,,,,
5652,猎聘,能源/化工/环保,矿山,地质工程师,企业职位,某国内矿产开采公司,50-99人,,上海,上海,统招本科,3-5年,20-30k,,,,https://www.liepin.com/a/74840705.shtml,20260511143032,,,,
5653,猎聘,能源/化工/环保,矿山,土建项目经理（英语要作为工作经理）,企业职位,某重庆大型金属冶炼公司,5000-10000人,,上海,上海,本科,7-10年,28-40k,,,,https://www.liepin.com/a/75697973.shtml,20260526084620,,,,
5654,猎聘,能源/化工/环保,矿山,机械设计工程师（西安    上海）,企业职位,某深圳机械/设备公司,100-499人,,上海,上海-徐汇区,学历不限,3-5年,28-55k·16薪,,,,https://www.liepin.com/a/76183711.shtml,20260528201838,,,,
5655,猎聘,能源/化工/环保,矿山,设备管理副总监,企业职位,CMOC洛阳钼业,10000人以上,,上海,上海-虹口区,本科,10年以上,40-55k·15薪,,,,https://www.liepin.com/job/1974045353.shtml,20250423130035,,,,
5656,猎聘,能源/化工/环保,矿山,破碎筛分技术专家,企业职位,某国内机械/设备公司,100-499人,,上海,上海,大专,5年以上,25-35k,,,,https://www.liepin.com/a/74730665.shtml,20260416155511,,,,
5657,猎聘,能源/化工/环保,矿山,机械设计工程师base上海、西安,企业职位,某知名公司,100-499人,,上海,上海,本科,3-5年,35-60k,,,,https://www.liepin.com/a/76183715.shtml,20260528201850,,,,
5658,猎聘,能源/化工/环保,矿山,矿业投资经理,企业职位,紫金矿业投资(上海)有限公司,50-99人,,上海,上海-虹口区,硕士,5年以上,30-40k,,,,https://www.liepin.com/job/1980434169.shtml,20260601091550,,,,
5659,猎聘,能源/化工/环保,矿山,感知融合架构工程师,企业职位,卡特彼勒,10000人以上,,上海,上海-长宁区,本科,3年以上,28-45k·13薪,,,,https://www.liepin.com/job/1979821221.shtml,20260514225927,,,,
5660,猎聘,能源/化工/环保,矿山,销售运营经理,企业职位,河北澳金机械设备有限公司,100-499人,,上海,上海-闵行区,本科,5-10年,30-50k,,,,https://www.liepin.com/job/1981751301.shtml,20260513093117,,,,
5661,猎聘,能源/化工/环保,矿山,厂务工程负责人-常驻海外，选矿厂,企业职位,某国内矿产开采上市公司,10000人以上,,上海,上海,统招本科,10年以上,40-70k·16薪,,,,https://www.liepin.com/a/76304123.shtml,20260609091006,,,,
5662,猎聘,能源/化工/环保,矿山,矿业投资经理,企业职位,紫金矿业集团股份有限公司,10000人以上,,上海,上海-虹口区,硕士,5年以上,30-35k,,,,https://www.liepin.com/job/1983068505.shtml,20260602142949,,,,
5663,猎聘,能源/化工/环保,矿山,Overseas Project Manager 海外项目经理,企业职位,某上海大型专业技术服务公司,500-999人,,上海,上海,学历不限,10年以上,30-40k·15薪,,,,https://www.liepin.com/a/76055921.shtml,20260526113214,,,,
5664,猎聘,能源/化工/环保,矿山,产品经理,企业职位,某国内大型电气机械/器材公司,10000人以上,,上海,上海,统招本科,10年以上,30-50k,,,,https://www.liepin.com/a/76197097.shtml,20260529154336,,,,
5665,猎聘,能源/化工/环保,矿山,销售经理,企业职位,某上海电气机械/器材公司,,,上海,上海,学历不限,3-5年,10-15k,,,,https://www.liepin.com/a/75510641.shtml,20260511133122,,,,
5666,猎聘,能源/化工/环保,矿山,研磨钢球项目销售经理,企业职位,某西安人力资源服务公司,100-499人,,上海,上海,统招本科,3年以上,35-40k,,,,https://www.liepin.com/a/76131855.shtml,20260609094352,,,,
5667,猎聘,能源/化工/环保,矿山,CAE仿真工程师,企业职位,某深圳机械/设备公司,100-499人,,上海,上海,本科,3-5年,25-40k·15薪,,,,https://www.liepin.com/a/76135787.shtml,20260605095341,,,,
5668,猎聘,能源/化工/环保,矿山,数据采集工程师,企业职位,浙江吉利控股集团,10000人以上,,上海,上海-奉贤区,大专,3年以上,8-9k,,,,https://www.liepin.com/job/1982878471.shtml,20260526154922,,,,
5669,猎聘,能源/化工/环保,矿山,销售工程师（有色冶炼方向  26届）,企业职位,某上海电气机械/器材公司,100-499人,,上海,上海,统招本科,经验不限,10-15k,,,,https://www.liepin.com/a/76336537.shtml,20260602214906,,,,
5670,猎聘,能源/化工/环保,矿山,海外地质高级工程师,企业职位,某国内其他行业公司,1-49人,,上海,上海,统招本科,10年以上,50-60k,,,,https://www.liepin.com/a/71780457.shtml,20260601172603,,,,
5671,猎聘,能源/化工/环保,矿山,销售负责人,企业职位,三一集团,10000人以上,,上海,上海-奉贤区,本科,10年以上,50-70k·18薪,,,,https://www.liepin.com/job/1981529349.shtml,20260407114559,,,,
5672,猎聘,能源/化工/环保,矿山,销售工程师（直签合同 12-20万）,企业职位,某上海电气机械/器材公司,100-499人,,上海,上海,学历不限,经验不限,8-13k,,,,https://www.liepin.com/a/76336593.shtml,20260602215304,,,,
5673,猎聘,能源/化工/环保,矿山,上市公司国企-PLC项目技术支持工程师,企业职位,某上海互联网上市公司,2000-5000人,,上海,上海-宝山区,统招本科,5-10年,20-40k,,,,https://www.liepin.com/a/73966775.shtml,20260327120318,,,,
5674,猎聘,能源/化工/环保,矿山,私募股权基金经理,企业职位,某上海基金/证券/期货公司,1-49人,,上海,上海,硕士,5-10年,30-50k·13薪,,,,https://www.liepin.com/a/73793517.shtml,20260608021459,,,,
5675,猎聘,能源/化工/环保,矿山,某400亿营收大型装备制造业-全球风控专家,企业职位,某知名机械/设备上市公司,10000人以上,,上海,上海,统招本科,5-10年,35-55k,,,,https://www.liepin.com/a/76050399.shtml,20260526103847,,,,
5676,猎聘,能源/化工/环保,矿山,销售总监-工业AI,企业职位,中投中财基金管理有限公司,,,上海,上海-普陀区,本科,10年以上,薪资面议,,,,https://www.liepin.com/job/1977962901.shtml,20260603134213,,,,
5677,猎聘,能源/化工/环保,矿山,大客户销售（无人矿卡）,企业职位,某上海金属制品上市公司,5000-10000人,,上海,上海,统招本科,5-10年,20-40k·13薪,,,,https://www.liepin.com/a/75968095.shtml,20260608105724,,,,
5678,猎聘,能源/化工/环保,矿山,地质高级工程师,企业职位,某知名公司,1000-2000人,,上海,上海,统招本科,5-10年,45-55k,,,,https://www.liepin.com/a/75800611.shtml,20260605085020,,,,
5679,猎聘,能源/化工/环保,矿山,供应商开发及采购工程师,企业职位,上海与碘国际贸易有限公司,50-99人,,上海,上海-浦东新区,本科,经验不限,20-40k,,,,https://www.liepin.com/job/1982518841.shtml,20260514083029,,,,
5680,猎聘,能源/化工/环保,矿山,PLC 技术支持（上市国企）,企业职位,某上海IT服务上市公司,2000-5000人,,上海,上海,统招本科,5-10年,15-30k,,,,https://www.liepin.com/a/75809113.shtml,20260519105914,,,,
5681,猎聘,能源/化工/环保,矿山,海外销售,企业职位,某上海机械/设备公司,100-499人,,上海,上海-浦东新区,学历不限,3年以上,20-25k,,,,https://www.liepin.com/a/76361339.shtml,20260603141400,,,,
5682,猎聘,能源/化工/环保,矿山,高级销售经理,企业职位,中投中财基金管理有限公司,,,上海,上海-普陀区,本科,5年以上,薪资面议,,,,https://www.liepin.com/job/1980504727.shtml,20260603134205,,,,
5683,猎聘,能源/化工/环保,矿山,海外地质工程师,企业职位,某国内矿产开采公司,100-499人,,上海,上海,大专,5-10年,35-45k,,,,https://www.liepin.com/a/75818367.shtml,20260520095936,,,,
5684,猎聘,能源/化工/环保,矿山,海外销售经理,企业职位,某国内大型金属制品公司,500-999人,,上海,上海-闵行区,本科,3-5年,40-55k,,,,https://www.liepin.com/a/74932033.shtml,20260422120043,,,,
5685,猎聘,能源/化工/环保,矿山,CEO（ai+硬件公司）,企业职位,某人工智能公司,1000-2000人,,上海,上海,硕士,10年以上,200-210k,,,,https://www.liepin.com/a/75842105.shtml,20260528183109,,,,
5686,猎聘,能源/化工/环保,矿山,财务经理/主管 （老挝）,企业职位,福建中爆企业管理服务有限公司,,,上海,上海-黄浦区,本科,5年以上,20-30k,,,,https://www.liepin.com/job/1981784757.shtml,20260601144734,,,,
5687,猎聘,能源/化工/环保,矿山,投资经理（能源矿产行业）,企业职位,某国内矿产开采上市公司,10000人以上,,上海,上海,硕士,5-10年,30-40k·15薪,,,,https://www.liepin.com/a/76369757.shtml,20260608143211,,,,
5688,猎聘,能源/化工/环保,矿山,海外销售经理（矿）,企业职位,某西安人力资源服务公司,100-499人,,上海,上海,学历不限,经验不限,25-35k,,,,https://www.liepin.com/a/76103499.shtml,20260527112653,,,,
5689,猎聘,能源/化工/环保,矿山,工程行业讲师,企业职位,合肥乐师企业管理咨询有限公司,1-49人,,上海,上海-浦东新区,学历不限,10年以上,10-15k,,,,https://www.liepin.com/job/1982675739.shtml,20260520114932,,,,
5690,猎聘,能源/化工/环保,矿山,大宗贸易董事总经理,企业职位,某武汉人力资源服务公司,1-49人,,上海,上海,本科,经验不限,50-80k·24薪,,,,https://www.liepin.com/a/73842951.shtml,20260325081833,,,,
5691,猎聘,能源/化工/环保,矿山,上海万和紫荆矿业有限公司副总经理,企业职位,万和紫荆集团,50-99人,,上海,上海-虹口区,本科,8年以上,20-30k,,,,https://www.liepin.com/job/1981792521.shtml,20260608101053,,,,
5692,猎聘,能源/化工/环保,矿山,廉政安保政委（海外出差）,企业职位,CMOC洛阳钼业,10000人以上,,上海,上海-虹口区,本科,10年以上,薪资面议,,,,https://www.liepin.com/job/1981310319.shtml,20260327172636,,,,
5693,猎聘,能源/化工/环保,矿山,产品经理/总监,企业职位,深圳青芒机器人科技有限公司,100-499人,,上海,上海-浦东新区,统招本科,经验不限,45-75k·15薪,,,,https://www.liepin.com/job/1983164755.shtml,20260604172617,,,,
5694,猎聘,能源/化工/环保,矿山,海外销售总监,企业职位,石泵泵业,100-499人,,上海,上海-长宁区,统招本科,10年以上,60-90k,,,,https://www.liepin.com/job/1979299399.shtml,20260608084454,,,,
5695,猎聘,能源/化工/环保,矿山,CAE仿真工程师,企业职位,某深圳机械/设备公司,100-499人,,上海,上海,统招本科,5-10年,30-60k·14薪,,,,https://www.liepin.com/a/76144505.shtml,20260602155302,,,,
5696,猎聘,能源/化工/环保,矿山,铸造工艺工程师/主管,企业职位,某国内金属冶炼公司,100-499人,,上海,上海,本科,3-5年,30-40k·13薪,,,,https://www.liepin.com/a/75371827.shtml,20260602084712,,,,
5697,猎聘,能源/化工/环保,矿山,会计,企业职位,TOTEM Machinery,1-49人,,上海,上海-闵行区,本科,1-3年,5-7k,,,,https://www.liepin.com/job/1982948087.shtml,20260608165715,,,,
5698,猎聘,能源/化工/环保,矿山,海外销售总监（国外市场）,企业职位,北京艾柯卓越国际工业设备有限公司,100-499人,,上海,上海-浦东新区,本科,10年以上,60-90k,,,,https://www.liepin.com/job/1978595437.shtml,20260608084422,,,,
5699,猎聘,能源/化工/环保,矿山,销售总监（海外市场）,企业职位,某国内大型金属制品公司,500-999人,,上海,上海-闵行区,本科,5-10年,40-65k,,,,https://www.liepin.com/a/74366029.shtml,20260529131213,,,,
5700,猎聘,能源/化工/环保,矿山,电机专家（矿用大功率永磁电机方向）（base上海/绍兴）,企业职位,某国内大型电气机械/器材公司,10000人以上,,上海,上海,博士,5-10年,30-50k,,,,https://www.liepin.com/a/75331193.shtml,20260507095031,,,,
5701,猎聘,能源/化工/环保,矿山,选冶高级总监,企业职位,CMOC洛阳钼业,10000人以上,,上海,上海-虹口区,本科,10年以上,45-70k·15薪,,,,https://www.liepin.com/job/1980961913.shtml,20260316143725,,,,
5702,猎聘,能源/化工/环保,矿山,海外销售中心总监,企业职位,钢诺新材,500-999人,,上海,上海-闵行区,本科,5年以上,100-150k,,,,https://www.liepin.com/job/1980950943.shtml,20260327100235,,,,
5703,猎聘,能源/化工/环保,矿山,大宗贸易总经理,企业职位,某国内大型金属制品公司,500-999人,,上海,上海-宝山区,学历不限,5-10年,35-50k,,,,https://www.liepin.com/a/76404595.shtml,20260604115022,,,,
5704,猎聘,能源/化工/环保,矿山,铸造工艺设计主管工程师,企业职位,某上海贸易进出口公司,50-99人,,上海,上海,本科,5-10年,20-30k,,,,https://www.liepin.com/a/75477431.shtml,20260604110416,,,,
5705,猎聘,能源/化工/环保,矿山,智能调度算法工程师,企业职位,某知名人工智能公司,100-499人,,上海,上海,本科,5-10年,45-55k,,,,https://www.liepin.com/a/75489777.shtml,20260529101645,,,,
5706,猎聘,能源/化工/环保,矿山,海外销售,企业职位,某上海机械/设备公司,100-499人,,上海,上海-浦东新区,学历不限,3年以上,20-25k,,,,https://www.liepin.com/a/76341249.shtml,20260604115813,,,,
5707,猎聘,能源/化工/环保,矿山,选冶工程师（国企）,企业职位,某国内担保/拍卖/典当上市公司,1000-2000人,,上海,上海,统招本科,5-10年,25-35k,,,,https://www.liepin.com/a/74840179.shtml,20260609100103,,,,
5708,猎聘,能源/化工/环保,矿山,机械经理,企业职位,CMOC洛阳钼业,10000人以上,,上海,上海-虹口区,本科,8年以上,45-70k·15薪,,,,https://www.liepin.com/job/1980963283.shtml,20260316145515,,,,
5709,猎聘,能源/化工/环保,矿山,财务主管,企业职位,广东中爆企业管理服务有限公司,50-99人,,上海,上海,本科,5年以上,20-30k,,,,https://www.liepin.com/job/1981811761.shtml,20260603165547,,,,
5710,猎聘,能源/化工/环保,矿山,海外销售总监（矿）,企业职位,某西安人力资源服务公司,100-499人,,上海,上海,学历不限,经验不限,30-60k,,,,https://www.liepin.com/a/76102767.shtml,20260527110946,,,,
5711,猎聘,能源/化工/环保,矿山,精益科长（常驻海外）,企业职位,某矿产开采公司,,,上海,上海,统招本科,10年以上,30-50k,,,,https://www.liepin.com/a/76034769.shtml,20260525183248,,,,
5712,猎聘,能源/化工/环保,矿山,智能调度算法工程师,企业职位,某上海知名公司,100-499人,,上海,上海,本科,3年以上,40-55k·15薪,,,,https://www.liepin.com/a/75667325.shtml,20260530133254,,,,
5713,猎聘,能源/化工/环保,矿山,消防安全专业经理（500强国企，Base福建）,企业职位,某国内知名公司,10000人以上,,上海,上海,统招本科,5年以上,30-50k,,,,https://www.liepin.com/a/74015931.shtml,20260609104011,,,,
5714,猎聘,能源/化工/环保,矿山,智能调度算法工程师,企业职位,某上海人工智能公司,100-499人,,上海,上海,本科,3-5年,40-55k·15薪,,,,https://www.liepin.com/a/75489245.shtml,20260608115013,,,,
5715,猎聘,能源/化工/环保,矿山,China BD Manager - MRO,企业职位,某知名公司,1-49人,,上海,上海,统招本科,10年以上,35-45k·16薪,,,,https://www.liepin.com/a/75319073.shtml,20260522165336,,,,
5716,猎聘,能源/化工/环保,矿山,机械设计工程师-上海西安,企业职位,某深圳机械/设备公司,100-499人,,上海,上海,统招本科,3-5年,25-50k,,,,https://www.liepin.com/a/76232623.shtml,20260604194625,,,,
5717,猎聘,能源/化工/环保,矿山,海外销售经理/总监(矿用）,企业职位,某国内大型金属制品公司,500-999人,,上海,上海,学历不限,5-10年,30-60k,,,,https://www.liepin.com/a/76131735.shtml,20260608115015,,,,
5718,猎聘,能源/化工/环保,矿山,(Sr)Consultant -  ERP/财务共享系统实施顾问 - AI&D - SH/BJ,企业职位,德勤Deloitte,10000人以上,,上海,上海-黄浦区,统招本科,5年以上,薪资面议,,,,https://www.liepin.com/job/1982876803.shtml,20260526152701,,,,
5719,猎聘,能源/化工/环保,矿山,俄语大区经理,企业职位,河北澳金机械设备有限公司,100-499人,,上海,上海-闵行区,统招本科,5年以上,40-70k,,,,https://www.liepin.com/job/1981771319.shtml,20260513093221,,,,
5720,猎聘,能源/化工/环保,矿山,销售总监,企业职位,某国内大型金属制品公司,500-999人,,上海,上海,本科,3-5年,50-75k,,,,https://www.liepin.com/a/75903863.shtml,20260521113626,,,,
5721,猎聘,能源/化工/环保,矿山,项目经理,企业职位,某知名公司,50-99人,,上海,上海,本科,5-7年,30-35k,,,,https://www.liepin.com/a/76267121.shtml,20260601153952,,,,
5722,猎聘,能源/化工/环保,矿山,无人驾驶测试工程师,企业职位,卡特彼勒,10000人以上,,上海,上海-长宁区,本科,3年以上,29-35k·13薪,,,,https://www.liepin.com/job/1981079173.shtml,20260319133256,,,,
5723,猎聘,能源/化工/环保,矿山,头部矿企-设备副厂长（井下移动设备）,企业职位,某知名公司,1-49人,,上海,上海,统招本科,8年以上,30-45k·14薪,,,,https://www.liepin.com/a/74930821.shtml,20260609093623,,,,
5724,猎聘,能源/化工/环保,矿山,海外销售总监,企业职位,某国内大型金属制品公司,500-999人,,上海,上海,统招本科,10年以上,90-120k,,,,https://www.liepin.com/a/76387181.shtml,20260603232036,,,,
5725,猎聘,能源/化工/环保,矿山,算法工程师-激光雷达,企业职位,卡特彼勒,10000人以上,,上海,上海-长宁区,硕士,3-6年,28-45k·13薪,,,,https://www.liepin.com/job/1979183733.shtml,20260514225927,,,,
5726,猎聘,能源/化工/环保,矿山,销售工程师（工业润滑油方向）,企业职位,特浦朗克,100-499人,,上海,上海-静安区,本科,2年以上,8-10k,,,,https://www.liepin.com/job/1980178287.shtml,20260609142743,,,,
5727,猎聘,能源/化工/环保,矿山,选矿总监,企业职位,CMOC洛阳钼业,10000人以上,,上海,上海-虹口区,本科,5-10年,45-70k·15薪,,,,https://www.liepin.com/job/1980962481.shtml,20260316144443,,,,
5728,猎聘,能源/化工/环保,矿山,国内大区销售总监，风机方向,企业职位,某国内矿产开采公司,100-499人,,上海,上海,统招本科,5-10年,40-60k,,,,https://www.liepin.com/a/75535121.shtml,20260511172913,,,,
5729,猎聘,能源/化工/环保,矿山,电机技术专家,企业职位,某国内大型电气机械/器材公司,10000人以上,,上海,上海,硕士,8年以上,40-70k,,,,https://www.liepin.com/a/74076259.shtml,20260331123942,,,,
5730,猎聘,能源/化工/环保,矿山,高级项目经理（检测认证）,企业职位,某知名公司,,,上海,上海,本科,10年以上,25-30k,,,,https://www.liepin.com/a/76194719.shtml,20260609103951,,,,
5731,猎聘,能源/化工/环保,矿山,换电解决方案销售（重卡）,企业职位,某知名公司,500-999人,,上海,上海,学历不限,5-10年,20-30k·15薪,,,,https://www.liepin.com/a/75499643.shtml,20260609090337,,,,
5732,猎聘,能源/化工/环保,矿山,集团副总裁-矿产投资,企业职位,某新能源公司,10000人以上,,上海,上海,本科,10年以上,100-200k·20薪,,,,https://www.liepin.com/a/75244431.shtml,20260609090647,,,,
5733,猎聘,能源/化工/环保,矿山,培训经理（英文口语流利）,企业职位,海安橡胶集团股份公司,1000-2000人,,上海,上海-浦东新区,统招本科,5-10年,15-25k·14薪,,,,https://www.liepin.com/job/1981694577.shtml,20260520174652,,,,
5734,猎聘,能源/化工/环保,矿山,风控经理(有色金属),企业职位,某知名公司,100-499人,,上海,上海,硕士,3-5年,20-30k,,,,https://www.liepin.com/a/75898227.shtml,20260609094656,,,,
5735,猎聘,能源/化工/环保,矿山,销售经理,企业职位,某国内大型金属制品公司,500-999人,,上海,上海,大专,3-5年,30-40k,,,,https://www.liepin.com/a/74359709.shtml,20260608140558,,,,
5736,猎聘,能源/化工/环保,矿山,销售工程师,企业职位,某上海大型机械/设备公司,10000人以上,,上海,上海,统招本科,3-5年,15-25k,,,,https://www.liepin.com/a/74974921.shtml,20260423104555,,,,
5737,猎聘,能源/化工/环保,矿山,技术档案经理,企业职位,CMOC洛阳钼业,10000人以上,,上海,上海-虹口区,本科,5年以上,20-40k·15薪,,,,https://www.liepin.com/job/1980962999.shtml,20260316145133,,,,
5738,猎聘,能源/化工/环保,矿山,电机技术专家,企业职位,某国内学术/科研公司,,,上海,上海,硕士,7年以上,35-55k·13薪,,,,https://www.liepin.com/a/74077963.shtml,20260401093526,,,,
5739,猎聘,能源/化工/环保,矿山,工业油销售总监,企业职位,某国内知名石化公司,100-499人,,上海,上海-静安区,本科,5-10年,35-40k,,,,https://www.liepin.com/a/75452497.shtml,20260513083004,,,,
5740,猎聘,能源/化工/环保,矿山,销售总监,企业职位,某国内大型金属制品公司,500-999人,,上海,上海,本科,5-10年,70-100k,,,,https://www.liepin.com/a/74760173.shtml,20260417112147,,,,
5741,猎聘,能源/化工/环保,矿山,国内大区销售总监,企业职位,某国内机械/设备公司,100-499人,,上海,上海,学历不限,5-10年,35-60k,,,,https://www.liepin.com/a/74754141.shtml,20260602091721,,,,
5742,猎聘,能源/化工/环保,矿山,设备管理总监,企业职位,CMOC洛阳钼业,10000人以上,,上海,上海-虹口区,统招本科,10年以上,40-60k·15薪,,,,https://www.liepin.com/job/1976104295.shtml,20250729130710,,,,
5743,猎聘,能源/化工/环保,矿山,销售经理（双休，五险一金）,企业职位,某国内大型金属制品公司,500-999人,,上海,上海,学历不限,5-10年,30-40k,,,,https://www.liepin.com/a/76389789.shtml,20260604100706,,,,
5744,猎聘,能源/化工/环保,矿山,销售总监,企业职位,某国内大型金属制品公司,500-999人,,上海,上海,学历不限,5-10年,100-150k,,,,https://www.liepin.com/a/75810929.shtml,20260519112018,,,,
5745,猎聘,能源/化工/环保,矿山,规划算法工程师-无人驾驶,企业职位,卡特彼勒,10000人以上,,上海,上海-长宁区,本科,5-10年,29-35k·13薪,,,,https://www.liepin.com/job/1983022149.shtml,20260601112625,,,,
5746,猎聘,能源/化工/环保,矿山,招聘经理,企业职位,河北澳金机械设备有限公司,100-499人,,上海,上海-闵行区,本科,3年以上,15-25k,,,,https://www.liepin.com/job/1981446465.shtml,20260604134822,,,,
5747,猎聘,能源/化工/环保,矿山,机械设计工程师,企业职位,某深圳机械/设备公司,100-499人,,上海,上海,统招本科,3-5年,20-30k·15薪,,,,https://www.liepin.com/a/76281819.shtml,20260601193838,,,,
5748,猎聘,能源/化工/环保,矿山,区域经理（俄罗斯）,企业职位,河北澳金机械设备有限公司,100-499人,,上海,上海-闵行区,本科,5年以上,35-50k,,,,https://www.liepin.com/job/1982483679.shtml,20260513093050,,,,
5749,猎聘,能源/化工/环保,矿山,销售总监,企业职位,某国内大型金属制品公司,500-999人,,上海,上海-闵行区,统招本科,10年以上,70-85k,,,,https://www.liepin.com/a/74234155.shtml,20260604150955,,,,
5750,猎聘,能源/化工/环保,矿山,电气工程师,企业职位,某深圳大型电子/半导体/集成电路公司,1000-2000人,,上海,上海,统招本科,3-5年,40-50k,,,,https://www.liepin.com/a/76314765.shtml,20260602145234,,,,
5751,猎聘,能源/化工/环保,矿山,仿真软件开发工程师-无人驾驶,企业职位,卡特彼勒,10000人以上,,上海,上海-长宁区,本科,6年以上,35-45k·13薪,,,,https://www.liepin.com/job/1980309127.shtml,20260507110331,,,,
5752,猎聘,能源/化工/环保,矿山,销售总监,企业职位,某国内人力资源服务公司,50-99人,,上海,上海,本科,5-10年,65-80k,,,,https://www.liepin.com/a/74365123.shtml,20260609140433,,,,
5753,猎聘,能源/化工/环保,矿山,机械设计工程师,企业职位,某深圳机械/设备公司,100-499人,,上海,上海,本科,3-5年,25-35k·16薪,,,,https://www.liepin.com/a/76304823.shtml,20260602115410,,,,
5754,猎聘,能源/化工/环保,矿山,大客户销售,企业职位,上海扬明电力科技有限公司,1-49人,,上海,上海-闵行区,本科,2年以上,10-16k·14薪,,,,https://www.liepin.com/job/1982202691.shtml,20260602153242,,,,
5755,猎聘,能源/化工/环保,矿山,销售总监兼助理,企业职位,某知名公司,1-49人,,上海,上海,本科,5-10年,15-30k,,,,https://www.liepin.com/a/75383187.shtml,20260608084541,,,,
5756,猎聘,能源/化工/环保,矿山,售后质量专家,企业职位,某知名公司,50-99人,,上海,上海-黄浦区,统招本科,10年以上,25-40k·15薪,,,,https://www.liepin.com/a/75066595.shtml,20260608132514,,,,
5757,猎聘,能源/化工/环保,矿山,地质工程师（马达加斯加）,企业职位,某国内其他商务服务业公司,100-499人,,上海,上海,学历不限,经验不限,30-40k,,,,https://www.liepin.com/a/74967527.shtml,20260423093400,,,,
5758,猎聘,能源/化工/环保,矿山,海外大客户销售经理（base广州、北京、上海）,企业职位,某广州学术/科研公司,,,上海,上海,本科,10年以上,30-40k·13薪,,,,https://www.liepin.com/a/76132707.shtml,20260602101312,,,,
5759,猎聘,能源/化工/环保,矿山,海外销售总监,企业职位,某国内大型金属制品公司,500-999人,,上海,上海-闵行区,大专,5-10年,70-100k,,,,https://www.liepin.com/a/76125295.shtml,20260608110441,,,,
5760,猎聘,能源/化工/环保,矿山,电气工程师-上海西安,企业职位,某深圳机械/设备公司,100-499人,,上海,上海,统招本科,3-5年,25-50k,,,,https://www.liepin.com/a/76214687.shtml,20260604194625,,,,
5761,猎聘,能源/化工/环保,矿山,海外销售经理,企业职位,钢诺新材,500-999人,,上海,上海-闵行区,统招本科,2年以上,35-45k,,,,https://www.liepin.com/job/1981565925.shtml,20260521165544,,,,
5762,猎聘,能源/化工/环保,矿山,总账会计/接受海外工作,企业职位,某知名公司,100-499人,,上海,上海,本科,5-10年,20-22k·13薪,,,,https://www.liepin.com/a/76087493.shtml,20260609135003,,,,
5763,猎聘,能源/化工/环保,矿山,全钢配方开发工程师（上海）,企业职位,某国内知名公司,10000人以上,,上海,上海-长宁区,统招本科,10年以上,25-40k·13薪,,,,https://www.liepin.com/a/75757455.shtml,20260609090922,,,,
5764,猎聘,能源/化工/环保,矿山,海外项目经理 ,企业职位,某广州学术/科研公司,,,上海,上海,学历不限,5-10年,30-40k·13薪,,,,https://www.liepin.com/a/76060059.shtml,20260526132228,,,,
5765,猎聘,能源/化工/环保,矿山,皮带机工程师,企业职位,某上海机械/设备公司,50-99人,,上海,上海,本科,3-5年,20-30k,,,,https://www.liepin.com/a/76272911.shtml,20260601164640,,,,
5766,猎聘,能源/化工/环保,矿山,欧洲微电网投资开发,企业职位,某北京机械/设备上市公司,10000人以上,,上海,上海,统招本科,3-5年,30-35k,,,,https://www.liepin.com/a/74069151.shtml,20260609114829,,,,
5767,猎聘,能源/化工/环保,矿山,市场调研员,企业职位,江西福事特液压股份有限公司,500-999人,,上海,上海-杨浦区,本科,3年以上,10-16k,,,,https://www.liepin.com/job/1981545863.shtml,20260508105137,,,,
5768,猎聘,能源/化工/环保,矿山,雷达算法工程师,企业职位,某国内汽车零部件及配件公司,100-499人,,上海,上海,学历不限,经验不限,25-50k,,,,https://www.liepin.com/a/75289823.shtml,20260609101951,,,,
5769,猎聘,能源/化工/环保,矿山,印尼区域矿机销售总监,企业职位,某上海工程管理/勘察/监理上市公司,5000-10000人,,上海,上海,统招本科,5-10年,35-40k·15薪,,,,https://www.liepin.com/a/73982239.shtml,20260528114949,,,,
5770,猎聘,能源/化工/环保,矿山,工业油销售总监,企业职位,某国内知名石化公司,100-499人,,上海,上海-静安区,本科,5-10年,35-40k,,,,https://www.liepin.com/a/75452805.shtml,20260509112440,,,,
5771,猎聘,能源/化工/环保,矿山,BD经理,企业职位,某知名公司,50-99人,,上海,上海,本科,5年以上,30-35k,,,,https://www.liepin.com/a/76267239.shtml,20260601154113,,,,
5772,猎聘,能源/化工/环保,矿山,工程轮胎海外售后服务,企业职位,海安橡胶集团股份公司,1000-2000人,,上海,上海-浦东新区,大专,5年以上,20-30k·14薪,,,,https://www.liepin.com/job/1974743805.shtml,20260602145843,,,,
5773,猎聘,能源/化工/环保,矿山,销售总监,企业职位,某国内大型金属制品公司,500-999人,,上海,上海-闵行区,本科,5年以上,60-80k,,,,https://www.liepin.com/a/73893159.shtml,20260609152115,,,,
5774,猎聘,能源/化工/环保,矿山,项目销售总监,企业职位,某西安人力资源服务公司,100-499人,,上海,上海,统招本科,5-10年,60-80k,,,,https://www.liepin.com/a/75924421.shtml,20260603095059,,,,
5775,猎聘,能源/化工/环保,矿山,供应链总监,企业职位,某上海工程施工上市公司,5000-10000人,,上海,上海,本科,10年以上,50-70k·14薪,,,,https://www.liepin.com/a/75134329.shtml,20260428111216,,,,
5776,猎聘,能源/化工/环保,矿山,保代/非保代,企业职位,某上海基金/证券/期货上市公司,5000-10000人,,上海,上海,硕士,3-6年,20-40k·20薪,,,,https://www.liepin.com/a/75696017.shtml,20260608182206,,,,
5777,猎聘,能源/化工/环保,矿山,电机专家（矿用大功率永磁电机方向）,企业职位,某国内大型电气机械/器材公司,10000人以上,,上海,上海,博士,8年以上,35-50k·13薪,,,,https://www.liepin.com/a/75359179.shtml,20260605154039,,,,
5778,猎聘,能源/化工/环保,矿山,地质工程师,企业职位,西藏珠峰,2000-5000人,,上海,上海-静安区,本科,3年以上,18-28k,,,,https://www.liepin.com/job/1974329067.shtml,20260609165717,,,,
5779,猎聘,能源/化工/环保,矿山,销售总监兼副总助理（工业品/润滑油）,企业职位,某国内石化公司,100-499人,,上海,上海-静安区,本科,5-10年,20-35k,,,,https://www.liepin.com/a/75440891.shtml,20260518130339,,,,
5780,猎聘,能源/化工/环保,矿山,高级销售代表（外企）,企业职位,某上海大型机械/设备公司,10000人以上,,上海,上海-长宁区,本科,10年以上,20-30k·17薪,,,,https://www.liepin.com/a/76356169.shtml,20260603120455,,,,
5781,猎聘,能源/化工/环保,矿山,销售总监,企业职位,某国内大型金属制品公司,500-999人,,上海,上海-闵行区,统招本科,5-8年,80-90k,,,,https://www.liepin.com/a/74760677.shtml,20260417112720,,,,
5782,猎聘,能源/化工/环保,矿山,机械设计（轮式/特种/无人农业机器人）上海/西安,企业职位,某知名公司,100-499人,,上海,上海-徐汇区,本科,3-5年,40-60k·16薪,,,,https://www.liepin.com/a/76236109.shtml,20260531233153,,,,
5783,猎聘,能源/化工/环保,矿山,综合管理经理,企业职位,CMOC洛阳钼业,10000人以上,,上海,上海-虹口区,本科,8年以上,35-60k·15薪,,,,https://www.liepin.com/job/1981138945.shtml,20260323101546,,,,
5784,猎聘,能源/化工/环保,矿山,地质岩芯钻探班长（海外）,企业职位,广东中爆企业管理服务有限公司,50-99人,,上海,上海,学历不限,5年以上,20-21k,,,,https://www.liepin.com/job/1982990789.shtml,20260603165547,,,,
5785,猎聘,能源/化工/环保,矿山,后台开发工程师,企业职位,卡特彼勒,10000人以上,,上海,上海-长宁区,本科,3年以上,29-35k·13薪,,,,https://www.liepin.com/job/1980534115.shtml,20260514225927,,,,
5786,猎聘,能源/化工/环保,矿山,电机专家（矿用大功率永磁电机方向）,企业职位,某国内大型电气机械/器材公司,10000人以上,,上海,上海,硕士,5-10年,35-45k·15薪,,,,https://www.liepin.com/a/75331077.shtml,20260605090424,,,,
5787,猎聘,能源/化工/环保,矿山,行业高级销售经理（PLC方向，上市国企）,企业职位,某上海IT服务上市公司,2000-5000人,,上海,上海-宝山区,本科,3-5年,20-35k,,,,https://www.liepin.com/a/75783903.shtml,20260518163805,,,,
5788,猎聘,能源/化工/环保,矿山,海外销售总监,企业职位,某国内机械/设备公司,100-499人,,上海,上海,学历不限,5-10年,35-60k,,,,https://www.liepin.com/a/74754223.shtml,20260602091721,,,,
5789,猎聘,能源/化工/环保,矿山,销售总监（外贸）,企业职位,某国内大型金属制品公司,500-999人,,上海,上海-闵行区,本科,5-10年,20-40k,,,,https://www.liepin.com/a/75767287.shtml,20260609180418,,,,
5790,猎聘,能源/化工/环保,矿山,机械工程师_电缸,企业职位,某上海汽车公司,50-99人,,上海,上海-闵行区,统招本科,经验不限,20-30k·16薪,,,,https://www.liepin.com/a/76352765.shtml,20260603112436,,,,
5791,猎聘,能源/化工/环保,矿山,高级市场经理,企业职位,江西福事特液压股份有限公司,500-999人,,上海,上海-杨浦区,本科,5年以上,15-25k,,,,https://www.liepin.com/job/1981957705.shtml,20260506150732,,,,
5792,猎聘,能源/化工/环保,矿山,销售总监（工业品）,企业职位,某国内石化公司,100-499人,,上海,上海,本科,5-10年,30-35k,,,,https://www.liepin.com/a/75756227.shtml,20260518103631,,,,
5793,猎聘,能源/化工/环保,矿山,投资MD,企业职位,复星,10000人以上,,上海,上海-黄浦区,本科,10年以上,薪资面议,,,,https://www.liepin.com/job/1980797965.shtml,20260310143614,,,,
5794,猎聘,能源/化工/环保,矿山,项目销售总监,企业职位,某西安人力资源服务公司,100-499人,,上海,上海,学历不限,5-10年,50-75k,,,,https://www.liepin.com/a/73461181.shtml,20260609141617,,,,
5795,猎聘,能源/化工/环保,矿山,销售总监,企业职位,某知名公司,500-999人,,上海,上海,统招本科,5-10年,25-35k,,,,https://www.liepin.com/a/75462069.shtml,20260528110150,,,,
5796,猎聘,能源/化工/环保,矿山,产品交付(大安监),企业职位,某知名通信集团（国企）,10000人以上,,上海,上海-浦东新区,统招本科,5-10年,25-40k,,,,https://www.liepin.com/a/76444769.shtml,20260605104007,,,,
5797,猎聘,能源/化工/环保,矿山,机械设计工程师,企业职位,某知名公司,10000人以上,,上海,上海,统招本科,3-5年,30-60k,,,,https://www.liepin.com/a/76185369.shtml,20260528224227,,,,
5798,猎聘,能源/化工/环保,矿山,市场调研员,企业职位,江西福事特液压股份有限公司,500-999人,,上海,上海-杨浦区,本科,3-5年,12-20k,,,,https://www.liepin.com/job/1980326621.shtml,20260508105354,,,,
5799,猎聘,能源/化工/环保,矿山,销售总监,企业职位,特浦朗克,100-499人,,上海,上海-静安区,本科,5年以上,15-20k,,,,https://www.liepin.com/job/1980178401.shtml,20260609142743,,,,
5800,猎聘,能源/化工/环保,矿山,机械工程师-常驻非洲马里,企业职位,某知名公司,10000人以上,,上海,上海,学历不限,5年以上,25-35k,,,,https://www.liepin.com/a/75841905.shtml,20260521095153,,,,
5801,猎聘,能源/化工/环保,矿山,激光SLAM定位算法工程师,企业职位,某上海知名公司,100-499人,,上海,上海-浦东新区,统招本科,3-5年,40-55k·15薪,,,,https://www.liepin.com/a/76267277.shtml,20260609110457,,,,
5802,猎聘,能源/化工/环保,矿山,销售总监,企业职位,某国内大型金属制品公司,500-999人,,上海,上海,学历不限,5-10年,80-100k,,,,https://www.liepin.com/a/74187949.shtml,20260609105940,,,,
5803,猎聘,能源/化工/环保,矿山,项目销售经理,企业职位,某西安人力资源服务公司,100-499人,,上海,上海,统招本科,10年以上,35-40k,,,,https://www.liepin.com/a/73956575.shtml,20260603095059,,,,
5804,猎聘,能源/化工/环保,矿山,项目经理,企业职位,上海库桥机械工程有限公司,50-99人,,上海,上海-奉贤区,大专,10年以上,10-20k,,,,https://www.liepin.com/job/1983111655.shtml,20260603144756,,,,
5805,猎聘,能源/化工/环保,矿山,机器人关节与传动系统研发总监,企业职位,某国内机械/设备上市公司,500-999人,,上海,上海,本科,10年以上,60-90k,,,,https://www.liepin.com/a/74768107.shtml,20260509105401,,,,
5806,猎聘,能源/化工/环保,矿山,大宗外贸主管,企业职位,超威,10000人以上,,上海,上海-普陀区,本科,3年以上,10-30k,,,,https://www.liepin.com/job/1983040555.shtml,20260601164713,,,,
5807,猎聘,能源/化工/环保,矿山,电机专家,企业职位,卧龙集团,10000人以上,,上海,上海-松江区,硕士,8年以上,30-40k·15薪,,,,https://www.liepin.com/job/1981040045.shtml,20260601125603,,,,
5808,猎聘,能源/化工/环保,矿山,无人驾驶工程师（矿区）,企业职位,某知名公司,500-999人,,上海,上海,大专,1年以下,12-13k,,,,https://www.liepin.com/a/74417415.shtml,20260508160919,,,,
5809,猎聘,能源/化工/环保,矿山,PLC 高级销售经理（上市国企）,企业职位,某上海IT服务上市公司,2000-5000人,,上海,上海,统招本科,5-10年,20-35k,,,,https://www.liepin.com/a/75808819.shtml,20260519105924,,,,
5810,猎聘,能源/化工/环保,矿山,冶金原材料及工业矿技术经理,企业职位,SGS中国,10000人以上,,上海,上海-徐汇区,本科,8年以上,20-30k,,,,https://www.liepin.com/job/1982255197.shtml,20260520112227,,,,
5811,猎聘,能源/化工/环保,矿山,销售总监,企业职位,某国内大型金属制品公司,500-999人,,上海,上海,统招本科,5-8年,80-90k,,,,https://www.liepin.com/a/74753087.shtml,20260525090336,,,,
5812,猎聘,能源/化工/环保,矿山,人形/特种机器人滑动轴承总工程师,企业职位,某国内机械/设备上市公司,500-999人,,上海,上海,本科,10年以上,60-90k,,,,https://www.liepin.com/a/74768207.shtml,20260509105401,,,,
5813,猎聘,能源/化工/环保,矿山,自动驾驶系统解决方案工程师(A108593),企业职位,博雷顿,100-499人,,上海,上海-闵行区,本科,经验不限,30-60k·14薪,,,,https://www.liepin.com/job/1979306649.shtml,20260106161858,,,,
5814,猎聘,能源/化工/环保,矿山,注册安全工程师（金属非金属）,企业职位,上海三凯工程咨询有限公司,1000-2000人,,上海,上海-静安区,本科,5-10年,12-20k,,,,https://www.liepin.com/job/1981268323.shtml,20260428162917,,,,
5815,猎聘,能源/化工/环保,矿山,销售经理,企业职位,某国内大型金属制品公司,500-999人,,上海,上海,统招本科,5-10年,30-40k,,,,https://www.liepin.com/a/76410799.shtml,20260604141618,,,,
5816,猎聘,能源/化工/环保,矿山,机械结构工程师（机器人）,企业职位,某深圳机械/设备公司,100-499人,,上海,上海,本科,3-5年,25-40k·16薪,,,,https://www.liepin.com/a/76191025.shtml,20260529095719,,,,
5817,猎聘,能源/化工/环保,矿山,矿卡售后服务管理工程师,企业职位,伯镭科技,100-499人,,上海,上海-浦东新区,大专,3-5年,11-17k,,,,https://www.liepin.com/job/1979319483.shtml,20251223130937,,,,
5818,猎聘,能源/化工/环保,矿山,资深外销经理,企业职位,某国内知名公司,100-499人,,上海,上海,统招本科,1-3年,15-25k,,,,https://www.liepin.com/a/76024435.shtml,20260525161056,,,,
5819,猎聘,能源/化工/环保,矿山,数字化转型总体方案专家,企业职位,德勤Deloitte,10000人以上,,上海,上海-黄浦区,统招本科,10年以上,25-45k,,,,https://www.liepin.com/job/1982355075.shtml,20260508155053,,,,
5820,猎聘,能源/化工/环保,矿山,售前支持工程师,企业职位,ABB,10000人以上,,上海,上海-黄浦区,大专,5-10年,18-22k,,,,https://www.liepin.com/job/1981912317.shtml,20260609084620,,,,
5821,猎聘,能源/化工/环保,矿山,产品销售总监,企业职位,某西安其他商务服务业公司,50-99人,,上海,上海,统招本科,5年以上,50-80k,,,,https://www.liepin.com/a/75725493.shtml,20260518094059,,,,
5822,猎聘,能源/化工/环保,矿山,售前技术经理,企业职位,某国内机械/设备公司,100-499人,,上海,上海,大专,5年以上,35-40k,,,,https://www.liepin.com/a/74731409.shtml,20260416160406,,,,
5823,猎聘,能源/化工/环保,矿山,激光SLAM定位算法工程师,企业职位,某上海IT服务公司,100-499人,,上海,上海,本科,3-5年,45-60k,,,,https://www.liepin.com/a/76294677.shtml,20260602101608,,,,
5824,猎聘,能源/化工/环保,矿山,高级GIS开发工程师,企业职位,博雷顿,100-499人,,上海,上海-闵行区,统招本科,3-5年,20-35k·13薪,,,,https://www.liepin.com/job/1983083625.shtml,20260602174539,,,,
5825,猎聘,能源/化工/环保,矿山,机械工程师,企业职位,某知名公司,100-499人,,上海,上海,统招本科,3-5年,30-40k,,,,https://www.liepin.com/a/75534937.shtml,20260511172716,,,,
5826,猎聘,能源/化工/环保,矿山,皮带机工程师,企业职位,上海库桥机械工程有限公司,50-99人,,上海,上海-奉贤区,统招本科,3年以上,12-20k·13薪,,,,https://www.liepin.com/job/1983103329.shtml,20260603113700,,,,
5827,猎聘,能源/化工/环保,矿山,海外销售总监,企业职位,某国内机械/设备公司,100-499人,,上海,上海,统招本科,10年以上,60-80k·16薪,,,,https://www.liepin.com/a/73819207.shtml,20260609103407,,,,
5828,猎聘,能源/化工/环保,矿山,国际业务销售（非洲区）,企业职位,耐普矿机,1000-2000人,,上海,上海-青浦区,本科,1年以上,15-25k,,,,https://www.liepin.com/job/1979570343.shtml,20260514102803,,,,
5829,猎聘,能源/化工/环保,矿山,智能调度算法工程师,企业职位,某上海知名公司,100-499人,,上海,上海,本科,经验不限,40-55k,,,,https://www.liepin.com/a/75531039.shtml,20260609085840,,,,
5830,猎聘,能源/化工/环保,矿山,销售总监,企业职位,某国内石化公司,100-499人,,上海,上海,统招本科,5-10年,15-20k,,,,https://www.liepin.com/a/76059981.shtml,20260526132029,,,,
5831,猎聘,能源/化工/环保,矿山,湿法冶炼专家,企业职位,某国内矿产开采上市公司,10000人以上,,上海,上海-虹口区,学历不限,10年以上,40-60k,,,,https://www.liepin.com/a/75975323.shtml,20260528210312,,,,
5832,猎聘,能源/化工/环保,矿山,销售经理（机器狗/机器人项目经理）,企业职位,某上海电子/半导体/集成电路公司,,,上海,上海,学历不限,5-10年,20-30k,,,,https://www.liepin.com/a/75194333.shtml,20260429153915,,,,
5833,猎聘,能源/化工/环保,矿山,外事总监（法语）（刚果金）,企业职位,某知名公司,,,上海,上海,学历不限,10年以上,50-70k·16薪,,,,https://www.liepin.com/a/73949829.shtml,20260518165204,,,,
5834,猎聘,能源/化工/环保,矿山,激光SLAM定位算法工程师,企业职位,某上海人工智能公司,100-499人,,上海,上海,学历不限,5-10年,40-50k,,,,https://www.liepin.com/a/76410777.shtml,20260604141600,,,,
5835,猎聘,能源/化工/环保,矿山,工业数字化销售经理,企业职位,利策科技,50-99人,,上海,上海-青浦区,本科,5年以上,20-40k,,,,https://www.liepin.com/job/1975418669.shtml,20260522145718,,,,
5836,猎聘,能源/化工/环保,矿山,工艺工程师,企业职位,上海库桥机械工程有限公司,50-99人,,上海,上海-奉贤区,统招本科,3-8年,15-16k·13薪,,,,https://www.liepin.com/job/1983103637.shtml,20260603113957,,,,
5837,猎聘,能源/化工/环保,矿山,煤矿--海外地质工程师,企业职位,某矿产开采公司,,,上海,上海,统招本科,5-10年,35-45k,,,,https://www.liepin.com/a/76105917.shtml,20260527164757,,,,
5838,猎聘,能源/化工/环保,矿山,销售总监,企业职位,某国内大型金属制品公司,500-999人,,上海,上海-闵行区,统招本科,10年以上,100-110k,,,,https://www.liepin.com/a/74786039.shtml,20260520155808,,,,
5839,猎聘,能源/化工/环保,矿山,基金经理,企业职位,某上海基金/证券/期货公司,1-49人,,上海,上海,硕士,5年以上,30-50k,,,,https://www.liepin.com/a/73842643.shtml,20260325021501,,,,
5840,猎聘,能源/化工/环保,矿山,机械设计工程师（大型轮式、特种机器人、无人农业机械、工程车辆）,企业职位,某深圳机械/设备公司,100-499人,,上海,上海,统招本科,3-5年,25-45k,,,,https://www.liepin.com/a/75595759.shtml,20260512202348,,,,
5841,猎聘,能源/化工/环保,矿山,供应商管理主管/专员,企业职位,CMOC洛阳钼业,10000人以上,,上海,上海-虹口区,本科,5年以上,15-20k,,,,https://www.liepin.com/job/1978522873.shtml,20251117181311,,,,
5842,猎聘,能源/化工/环保,矿山,海外销售总监,企业职位,某国内大型金属制品公司,500-999人,,上海,上海-闵行区,学历不限,5-10年,30-50k,,,,https://www.liepin.com/a/75973697.shtml,20260528210312,,,,
5843,猎聘,能源/化工/环保,矿山,机械设计工程师,企业职位,某深圳机械/设备公司,100-499人,,上海,上海,本科,3-5年,25-40k·16薪,,,,https://www.liepin.com/a/76135059.shtml,20260605095341,,,,
5844,猎聘,能源/化工/环保,矿山,激光SLAM定位算法工程师-拟上市头部智驾,企业职位,某上海人工智能公司,100-499人,,上海,上海,学历不限,5-10年,40-50k·15薪,,,,https://www.liepin.com/a/76240651.shtml,20260604211946,,,,
5845,猎聘,能源/化工/环保,矿山,（机器人）机械设计工程师,企业职位,某深圳智能硬件/消费电子公司,100-499人,,上海,上海,统招本科,3-5年,20-40k·16薪,,,,https://www.liepin.com/a/74101445.shtml,20260522162113,,,,
5846,猎聘,能源/化工/环保,矿山,行业高级销售经理,企业职位,某上海IT服务上市公司,2000-5000人,,上海,上海-宝山区,学历不限,5年以上,35-50k,,,,https://www.liepin.com/a/75587437.shtml,20260522162022,,,,
5847,猎聘,能源/化工/环保,矿山,项目销售经理,企业职位,某西安人力资源服务公司,100-499人,,上海,上海,学历不限,3-5年,35-40k,,,,https://www.liepin.com/a/73978705.shtml,20260608100546,,,,
5848,猎聘,能源/化工/环保,矿山,激光SLAM定位算法工程师,企业职位,某上海IT服务公司,100-499人,,上海,上海,学历不限,5-10年,40-55k,,,,https://www.liepin.com/a/76266573.shtml,20260601153422,,,,
5849,猎聘,能源/化工/环保,矿山,销售工程师,企业职位,上海扬明电力科技有限公司,1-49人,,上海,上海-闵行区,统招本科,2年以上,10-16k·14薪,,,,https://www.liepin.com/job/1980391437.shtml,20260511120110,,,,
5850,猎聘,能源/化工/环保,矿山,感知算法高级专家（自动驾驶）,企业职位,某上海专业技术服务公司,,,上海,上海-浦东新区,硕士,3-5年,45-60k·13薪,,,,https://www.liepin.com/a/74201245.shtml,20260609110457,,,,
5851,猎聘,能源/化工/环保,矿山,业务总监/业务经理,企业职位,某国内大型金属制品公司,500-999人,,上海,上海,本科,5-10年,40-60k,,,,https://www.liepin.com/a/75141293.shtml,20260608102351,,,,
5852,猎聘,能源/化工/环保,矿山,激光SLAM定位算法工程师,企业职位,某知名人工智能公司,100-499人,,上海,上海,硕士,3-5年,40-50k,,,,https://www.liepin.com/a/75791923.shtml,20260604175737,,,,
5853,猎聘,能源/化工/环保,矿山,海外IT项目经理,企业职位,上海电气集团数字科技有限公司,100-499人,,上海,上海-闵行区,本科,6年以上,18-25k·15薪,,,,https://www.liepin.com/job/1979764263.shtml,20260114162323,,,,
5854,猎聘,能源/化工/环保,矿山,外事总监（法语）,企业职位,某知名公司,,,上海,上海,统招本科,5-10年,90-120k,,,,https://www.liepin.com/a/73954123.shtml,20260608092750,,,,
5855,猎聘,能源/化工/环保,矿山,激光SLAM算法工程师,企业职位,某上海IT服务公司,100-499人,,上海,上海,学历不限,3-5年,40-50k·15薪,,,,https://www.liepin.com/a/76255215.shtml,20260601132414,,,,
5856,猎聘,能源/化工/环保,矿山,C++开发  base上海、西安,企业职位,某知名公司,100-499人,,上海,上海,本科,3-5年,25-45k,,,,https://www.liepin.com/a/76183461.shtml,20260528200803,,,,
5857,猎聘,能源/化工/环保,矿山,工业特种油销售总监,企业职位,某国内石化公司,100-499人,,上海,上海,统招本科,5-10年,20-30k,,,,https://www.liepin.com/a/75768175.shtml,20260605104707,,,,
5858,猎聘,能源/化工/环保,矿山,销售总监,企业职位,某国内大型金属制品公司,500-999人,,上海,上海,统招本科,5年以上,85-95k,,,,https://www.liepin.com/a/75514733.shtml,20260511141406,,,,
5859,猎聘,能源/化工/环保,矿山,项目经理-驻海外-国企直聘,企业职位,某长沙大型工程施工公司,5000-10000人,,上海,上海,统招本科,10年以上,35-55k,,,,https://www.liepin.com/a/73652331.shtml,20260609095658,,,,
5860,猎聘,能源/化工/环保,矿山,冶金原材料及工业矿技术经理,企业职位,SGS中国,10000人以上,,上海,上海-徐汇区,本科,8年以上,18-25k,,,,https://www.liepin.com/job/1982116431.shtml,20260427141522,,,,
5861,猎聘,能源/化工/环保,矿山,感知算法工程师（高级专家）,企业职位,某上海知名公司,100-499人,,上海,上海,统招本科,5-10年,45-60k·15薪,,,,https://www.liepin.com/a/75667273.shtml,20260530133254,,,,
5862,猎聘,能源/化工/环保,矿山,地质工程师,企业职位,中恺投资,100-499人,,上海,上海-长宁区,大专,3-5年,10-15k,,,,https://www.liepin.com/job/1976631865.shtml,20260320165746,,,,
5863,猎聘,能源/化工/环保,矿山,海外销售经理,企业职位,某国内大型金属制品公司,500-999人,,上海,上海,统招本科,3-5年,35-40k,,,,https://www.liepin.com/a/75420461.shtml,20260508155825,,,,
5864,猎聘,能源/化工/环保,矿山,海外销售总监，风机方向,企业职位,某国内矿产开采公司,100-499人,,上海,上海,统招本科,3-5年,40-60k,,,,https://www.liepin.com/a/75535015.shtml,20260511172756,,,,
5865,猎聘,能源/化工/环保,矿山,投研分析总监,企业职位,霹雳风火轮锂产业价值中枢平台,1-49人,,上海,上海-闵行区,本科,3-5年,40-65k·13薪,,,,https://www.liepin.com/job/1982258095.shtml,20260505212753,,,,
5866,猎聘,能源/化工/环保,矿山,葡语法务经理,企业职位,某知名公司,,,上海,上海,学历不限,5-10年,30-50k·16薪,,,,https://www.liepin.com/a/74801521.shtml,20260419201347,,,,
5867,猎聘,能源/化工/环保,矿山,销售经理,企业职位,某西安其他商务服务业公司,50-99人,,上海,上海,统招本科,3年以上,20-40k,,,,https://www.liepin.com/a/75725317.shtml,20260518094059,,,,
5868,猎聘,能源/化工/环保,矿山,铸造工程师（高烙）(A65903),企业职位,河北澳金机械设备有限公司,100-499人,,上海,上海-闵行区,本科,10年以上,15-25k,,,,https://www.liepin.com/job/1982483571.shtml,20260513092902,,,,
5869,猎聘,能源/化工/环保,矿山,控制算法工程师/规划算法工程师/定位算法工程师/系统工程师/感知融合算法工程师/感知定位/感知深度学习工程师,企业职位,某上海人工智能公司,100-499人,,上海,上海,硕士,5年以上,30-60k,,,,https://www.liepin.com/a/72810209.shtml,20260609135419,,,,
5870,猎聘,能源/化工/环保,矿山,重卡充电桩业务总监,企业职位,某知名公司,100-499人,,上海,上海,本科,经验不限,40-70k·16薪,,,,https://www.liepin.com/a/74837467.shtml,20260522113957,,,,
5871,猎聘,能源/化工/环保,矿山,海外销售总监,企业职位,某国内大型金属制品公司,500-999人,,上海,上海,统招本科,5-10年,35-60k,,,,https://www.liepin.com/a/74927207.shtml,20260422110736,,,,
5872,猎聘,能源/化工/环保,矿山,规划控制交付工程师,企业职位,博雷顿,100-499人,,上海,上海-闵行区,本科,1-3年,15-30k·14薪,,,,https://www.liepin.com/job/1980848529.shtml,20260311171624,,,,
5873,猎聘,能源/化工/环保,矿山,非钢行业自动化产品应用技术支持工程师,企业职位,某上海IT服务上市公司,2000-5000人,,上海,上海-宝山区,本科,5年以上,35-60k,,,,https://www.liepin.com/a/75587721.shtml,20260522162022,,,,
5874,猎聘,能源/化工/环保,矿山,海外销售经理（非洲/欧洲/拉美）,企业职位,某知名公司,,,上海,上海,统招本科,2年以上,15-25k,,,,https://www.liepin.com/a/75592297.shtml,20260609101056,,,,
5875,猎聘,能源/化工/环保,矿山,客户经理,企业职位,某知名公司,50-99人,,上海,上海,统招本科,3-5年,10-15k·15薪,,,,https://www.liepin.com/a/76063997.shtml,20260526141825,,,,
5876,猎聘,能源/化工/环保,矿山,销售总监,企业职位,某国内大型金属制品公司,500-999人,,上海,上海,大专,5-10年,60-80k,,,,https://www.liepin.com/a/74359333.shtml,20260608140558,,,,
5877,猎聘,能源/化工/环保,矿山,机械设计工程师,企业职位,某深圳机械/设备公司,100-499人,,上海,上海,统招本科,3-5年,25-50k,,,,https://www.liepin.com/a/76156901.shtml,20260528121423,,,,
5878,猎聘,能源/化工/环保,矿山,机械/选矿 管培生,企业职位,河北澳金机械设备有限公司,100-499人,,上海,上海-闵行区,本科,经验不限,8-14k,,,,https://www.liepin.com/job/1981448051.shtml,20260402111051,,,,
5879,猎聘,能源/化工/环保,矿山,中亚区域经理(哈萨克斯坦、乌兹别克斯坦),企业职位,海安橡胶集团股份公司,1000-2000人,,上海,上海-浦东新区,本科,5-10年,13-26k·15薪,,,,https://www.liepin.com/job/1956076415.shtml,20260423171806,,,,
5880,猎聘,能源/化工/环保,矿山,地质勘察（Base福建）,企业职位,某国内知名公司,10000人以上,,上海,上海,本科,经验不限,40-70k·15薪,,,,https://www.liepin.com/a/73228173.shtml,20260609104011,,,,
5881,猎聘,能源/化工/环保,矿山,智能调度算法工程师,企业职位,某上海IT服务公司,100-499人,,上海,上海-浦东新区,本科,1-3年,40-55k,,,,https://www.liepin.com/a/75503393.shtml,20260609112300,,,,
5882,猎聘,能源/化工/环保,矿山,拉美区域经理(秘鲁、智利),企业职位,海安橡胶集团股份公司,1000-2000人,,上海,上海-浦东新区,本科,5-10年,13-26k,,,,https://www.liepin.com/job/1956109687.shtml,20260429092025,,,,
5883,猎聘,能源/化工/环保,矿山,外贸销售总监/经理（有矿业相关产品销售经验）,企业职位,某国内大型金属制品公司,500-999人,,上海,上海,学历不限,5-10年,90-120k,,,,https://www.liepin.com/a/74072079.shtml,20260331112218,,,,
5884,猎聘,能源/化工/环保,矿山,规划算法工程师,企业职位,某大型世界500强机械/设备公司,10000人以上,,上海,上海,统招本科,5-10年,30-45k·14薪,,,,https://www.liepin.com/a/75141507.shtml,20260428135010,,,,
5885,猎聘,能源/化工/环保,矿山,外贸运营专员,企业职位,TOTEM Machinery,1-49人,,上海,上海-闵行区,本科,经验不限,5-8k,,,,https://www.liepin.com/job/1981636127.shtml,20260409200208,,,,
5886,猎聘,能源/化工/环保,矿山,俄罗斯区域总经理,企业职位,某国内机械/设备公司,100-499人,,上海,上海,学历不限,10年以上,50-70k,,,,https://www.liepin.com/a/74781245.shtml,20260417171001,,,,
5887,猎聘,能源/化工/环保,矿山,俄罗斯区域经理(莫斯科或科迈罗沃市),企业职位,海安橡胶集团股份公司,1000-2000人,,上海,上海-浦东新区,本科,5-10年,13-26k,,,,https://www.liepin.com/job/1956181245.shtml,20260429092025,,,,
5888,猎聘,能源/化工/环保,矿山,高级海外营销经理,猎头职位,某国内大型金属制品公司,500-999人,,上海,上海,大专,5-10年,30-50k,,,,https://www.liepin.com/a/76487813.shtml,20260606213125,,,,
5889,猎聘,能源/化工/环保,矿山,海外销售总监（工业机械 TOB）,猎头职位,某国内大型金属制品公司,500-999人,,上海,上海,本科,5-10年,50-60k,,,,https://www.liepin.com/a/75083717.shtml,20260609090309,,,,
5890,猎聘,能源/化工/环保,矿山,机械仿真工程师,猎头职位,某机械/设备公司,100-499人,,上海,上海,统招本科,2-8年,26-50k,,,,https://www.liepin.com/a/76419517.shtml,20260604155653,,,,
5891,猎聘,能源/化工/环保,矿山,销售经理/高级经理,猎头职位,某国内大型金属制品公司,500-999人,,上海,上海,本科,5年以上,30-50k,,,,https://www.liepin.com/a/76603957.shtml,20260609203800,,,,
5892,猎聘,能源/化工/环保,矿山,销售经理/高级经理,猎头职位,某国内大型金属制品公司,500-999人,,上海,上海,统招本科,10年以上,40-45k,,,,https://www.liepin.com/a/76561305.shtml,20260609101345,,,,
5893,猎聘,能源/化工/环保,矿山,市场部解决方案经理,猎头职位,某上海电气机械/器材公司,100-499人,,上海,上海,本科,3-5年,20-30k·15薪,,,,https://www.liepin.com/a/75292523.shtml,20260506140542,,,,
5894,猎聘,能源/化工/环保,矿山,海外销售负责人（电机）sh,猎头职位,某国内知名机械/设备公司,500-999人,,上海,上海,大专,5年以上,30-60k,,,,https://www.liepin.com/a/74373661.shtml,20260609121119,,,,
5895,猎聘,能源/化工/环保,矿山,国企上市公司PLC行业高级销售经理（项目型/最终用户销售）,猎头职位,某上海互联网上市公司,2000-5000人,,上海,上海-宝山区,统招本科,5年以上,20-40k,,,,https://www.liepin.com/a/73966947.shtml,20260405004843,,,,
5896,猎聘,能源/化工/环保,矿山,感知算法工程师（高级专家）,猎头职位,某知名人工智能公司,100-499人,,上海,上海,本科,5-10年,45-65k,,,,https://www.liepin.com/a/73894895.shtml,20260529101645,,,,
5897,猎聘,能源/化工/环保,矿山,感知算法工程师（高级专家）,猎头职位,某上海人工智能公司,100-499人,,上海,上海,统招本科,3-5年,45-60k,,,,https://www.liepin.com/a/73897999.shtml,20260608115013,,,,
5898,猎聘,能源/化工/环保,矿山,海外销售经理,猎头职位,某国内大型金属制品公司,500-999人,,上海,上海-闵行区,本科,3-5年,30-50k,,,,https://www.liepin.com/a/74812007.shtml,20260420101839,,,,
5899,猎聘,能源/化工/环保,矿山,火电销售,猎头职位,某深圳大型工业自动化公司,10000人以上,,上海,上海,学历不限,5-7年,20-30k·15薪,,,,https://www.liepin.com/a/74133889.shtml,20260401144057,,,,
5900,猎聘,能源/化工/环保,矿山,销售总监【高薪  五险一金  休假多】,猎头职位,某国内人力资源服务公司,50-99人,,上海,上海,本科,5-10年,65-85k,,,,https://www.liepin.com/a/74940571.shtml,20260605155548,,,,
5901,猎聘,能源/化工/环保,矿山, 新能源船舶行业行销经理,猎头职位,某深圳大型工业自动化公司,10000人以上,,上海,上海,学历不限,经验不限,20-30k·15薪,,,,https://www.liepin.com/a/73230769.shtml,20260311105103,,,,
5902,猎聘,能源/化工/环保,矿山,集团总部的海外风控专家  大型装备制造业,猎头职位,某知名机械/设备上市公司,10000人以上,,上海,上海,统招本科,5-10年,35-55k,,,,https://www.liepin.com/a/75869249.shtml,20260526103753,,,,
5903,猎聘,能源/化工/环保,矿山,算法工程师（自动驾驶方向）,猎头职位,某知名公司,100-499人,,上海,上海,统招本科,5-10年,30-50k·15薪,,,,https://www.liepin.com/a/74701745.shtml,20260518170427,,,,
5904,猎聘,能源/化工/环保,矿山,机械设计工程师,猎头职位,某知名公司,100-499人,,上海,上海-徐汇区,统招本科,3-5年,30-50k·14薪,,,,https://www.liepin.com/a/74076541.shtml,20260609145046,,,,
5905,猎聘,能源/化工/环保,矿山,有色及贵金属板块期货资深 / 首席分析师,猎头职位,某上海大型基金/证券/期货公司,1000-2000人,,上海,上海,硕士,3年以上,30-45k·20薪,,,,https://www.liepin.com/a/74454333.shtml,20260409164022,,,,
5906,猎聘,能源/化工/环保,矿山,上市矿企--选矿设备管理,猎头职位,某知名公司,1-49人,,上海,上海,统招本科,7年以上,30-45k·15薪,,,,https://www.liepin.com/a/75942177.shtml,20260609093623,,,,
5907,猎聘,能源/化工/环保,矿山,销售总监（工业油  特种油）,猎头职位,某上海批发/零售公司,1-49人,,上海,上海,学历不限,5-10年,25-50k,,,,https://www.liepin.com/a/75400909.shtml,20260508112910,,,,
5908,猎聘,能源/化工/环保,矿山,销售总监兼助理,猎头职位,某国内石化公司,100-499人,,上海,上海,本科,5-10年,20-40k,,,,https://www.liepin.com/a/75366029.shtml,20260507162216,,,,
5909,猎聘,能源/化工/环保,矿山,销售总监,猎头职位,某西安人力资源服务公司,100-499人,,上海,上海,统招本科,10年以上,70-100k,,,,https://www.liepin.com/a/75364969.shtml,20260507161252,,,,
5910,猎聘,能源/化工/环保,矿山,海外销售总监,猎头职位,某西安人力资源服务公司,100-499人,,上海,上海,统招本科,经验不限,80-110k,,,,https://www.liepin.com/a/75851085.shtml,20260609102925,,,,
5911,猎聘,能源/化工/环保,矿山,90M0148887 外贸跟单执行Operation,猎头职位,某知名公司,1-49人,,上海,上海,本科,5年以上,25-30k·16薪,,,,https://www.liepin.com/a/73808617.shtml,20260609191251,,,,
5912,猎聘,能源/化工/环保,矿山,投资经理/高级投资经理（能源矿产行业）,猎头职位,某国内矿产开采上市公司,10000人以上,,上海,上海,硕士,5-10年,30-40k·15薪,,,,https://www.liepin.com/a/76315293.shtml,20260609095840,,,,
5913,猎聘,能源/化工/环保,矿山,机械设计工程师-上海/西安,猎头职位,某深圳机械/设备公司,100-499人,,上海,上海,本科,3-5年,20-40k·15薪,,,,https://www.liepin.com/a/75066083.shtml,20260507113319,,,,
5914,猎聘,能源/化工/环保,矿山,销售总监,猎头职位,某国内大型金属制品公司,500-999人,,上海,上海,本科,5-7年,35-50k,,,,https://www.liepin.com/a/74676321.shtml,20260506154955,,,,
5915,猎聘,能源/化工/环保,矿山,激光SLAM定位算法工程师,猎头职位,某上海知名公司,100-499人,,上海,上海-浦东新区,统招本科,3年以上,40-50k·14薪,,,,https://www.liepin.com/a/76285473.shtml,20260609105901,,,,
5916,猎聘,能源/化工/环保,矿山,SLAM算法工程师(激光雷达-自动驾驶),猎头职位,某上海人工智能公司,100-499人,,上海,上海,本科,3-5年,40-55k,,,,https://www.liepin.com/a/74510685.shtml,20260609092804,,,,
5917,猎聘,能源/化工/环保,矿山,机械设计研发工程师,猎头职位,某深圳机械/设备公司,100-499人,,上海,上海,硕士,3-5年,25-35k,,,,https://www.liepin.com/a/75278189.shtml,20260506104442,,,,
5918,猎聘,能源/化工/环保,矿山,项目销售总监,猎头职位,某西安人力资源服务公司,100-499人,,上海,上海,统招本科,5-10年,55-60k,,,,https://www.liepin.com/a/74180269.shtml,20260402111244,,,,
5919,猎聘,能源/化工/环保,矿山,TBR产品经理,猎头职位,某国内知名公司,10000人以上,,上海,上海,统招本科,5-10年,20-35k,,,,https://www.liepin.com/a/74377289.shtml,20260609090922,,,,
5920,猎聘,能源/化工/环保,矿山,机械设计研发工程师,猎头职位,某知名公司,100-499人,,上海,上海,硕士,3-5年,20-35k,,,,https://www.liepin.com/a/75227877.shtml,20260430150022,,,,
5921,猎聘,能源/化工/环保,矿山,销售总监,猎头职位,某国内大型金属制品公司,500-999人,,上海,上海,本科,5-10年,70-75k,,,,https://www.liepin.com/a/73943997.shtml,20260326174242,,,,
5922,猎聘,能源/化工/环保,矿山,上市矿企-矿建设备管理,猎头职位,某知名公司,1-49人,,上海,上海,统招本科,6年以上,30-50k,,,,https://www.liepin.com/a/75587491.shtml,20260609093623,,,,
5923,猎聘,能源/化工/环保,矿山,俄语区域经理,猎头职位,某国内机械/设备公司,100-499人,,上海,上海,学历不限,5-10年,20-40k,,,,https://www.liepin.com/a/74781099.shtml,20260417170748,,,,
5924,猎聘,能源/化工/环保,矿山,（研磨钢球）销售总监（国际贸易）,猎头职位,某国内大型金属制品公司,500-999人,,上海,上海,本科,3-5年,60-75k,,,,https://www.liepin.com/a/73944185.shtml,20260609083310,,,,
5925,猎聘,能源/化工/环保,矿山,"""行业销售经理plc",猎头职位,某上海互联网上市公司,2000-5000人,,上海,上海,本科,5-10年,20-40k·15薪,,,,https://www.liepin.com/a/74351517.shtml,20260609154802,,,,
5926,猎聘,能源/化工/环保,矿山,"""行业销售经理plc",猎头职位,某上海互联网上市公司,2000-5000人,,上海,上海,本科,5-10年,20-40k·15薪,,,,https://www.liepin.com/a/74351511.shtml,20260609154802,,,,
5927,猎聘,能源/化工/环保,矿山,法务总经理,猎头职位,某国内大型矿产开采公司,500-999人,,上海,上海,本科,10年以上,12-17k,,,,https://www.liepin.com/a/74636463.shtml,20260414172903,,,,
5928,猎聘,能源/化工/环保,矿山,业务总监/经理,猎头职位,某国内大型金属制品公司,500-999人,,上海,上海,本科,3-5年,70-100k,,,,https://www.liepin.com/a/74326753.shtml,20260407143813,,,,
5929,猎聘,能源/化工/环保,矿山,销售总监,猎头职位,某国内人力资源服务公司,50-99人,,上海,上海,统招本科,5-10年,65-70k,,,,https://www.liepin.com/a/74487653.shtml,20260410115332,,,,
5930,猎聘,能源/化工/环保,矿山,机器人关节与传动系统研发总监,猎头职位,某国内机械/设备上市公司,500-999人,,上海,上海,硕士,8年以上,90-120k·16薪,,,,https://www.liepin.com/a/75029135.shtml,20260606144451,,,,
5931,猎聘,能源/化工/环保,矿山,激光SLAM-定位算法工程师,猎头职位,某上海知名公司,100-499人,,上海,上海,本科,3-5年,40-50k,,,,https://www.liepin.com/a/76309145.shtml,20260609092236,,,,
5932,猎聘,能源/化工/环保,矿山,智能调度算法工程师,猎头职位,某上海IT服务公司,100-499人,,上海,上海-浦东新区,本科,1-3年,40-55k,,,,https://www.liepin.com/a/75503437.shtml,20260609112245,,,,
5933,猎聘,能源/化工/环保,矿山,选矿专家（Base福建）,猎头职位,某国内知名公司,10000人以上,,上海,上海,本科,10年以上,40-70k·16薪,,,,https://www.liepin.com/a/73246593.shtml,20260609104011,,,,
5934,猎聘,能源/化工/环保,矿山,销售总监,猎头职位,某国内大型金属制品公司,500-999人,,上海,上海,本科,10年以上,80-100k,,,,https://www.liepin.com/a/74509287.shtml,20260410172636,,,,
5935,猎聘,能源/化工/环保,矿山,海外销售总监,猎头职位,某国内大型金属制品公司,500-999人,,上海,上海,本科,10年以上,50-80k,,,,https://www.liepin.com/a/75076731.shtml,20260427100944,,,,
5936,猎聘,能源/化工/环保,矿山,规划算法工程师/专家 ,猎头职位,某杭州人工智能公司,100-499人,,上海,上海,统招本科,3-5年,30-50k·14薪,,,,https://www.liepin.com/a/73526435.shtml,20260609080933,,,,
5937,猎聘,能源/化工/环保,矿山,海外销售总监,猎头职位,某国内大型金属制品公司,500-999人,,上海,上海,统招本科,5年以上,45-60k,,,,https://www.liepin.com/a/74326171.shtml,20260609090959,,,,
5938,猎聘,能源/化工/环保,矿山,人形/特种机器人滑动轴承总工程师,猎头职位,某国内机械/设备上市公司,500-999人,,上海,上海,硕士,8年以上,50-80k·16薪,,,,https://www.liepin.com/a/75029067.shtml,20260606144451,,,,
5939,猎聘,能源/化工/环保,矿山,销售经理/高级经理-外贸,猎头职位,某国内大型金属制品公司,500-999人,,上海,上海,统招本科,5-10年,30-50k,,,,https://www.liepin.com/a/74511077.shtml,20260522101511,,,,
5940,猎聘,能源/化工/环保,矿山,项目销售总监,猎头职位,某西安人力资源服务公司,100-499人,,上海,上海,学历不限,经验不限,60-80k,,,,https://www.liepin.com/a/76000255.shtml,20260609094358,,,,
5941,猎聘,能源/化工/环保,矿山,机械设计工程师,猎头职位,某深圳机械/设备公司,100-499人,,上海,上海,本科,3-5年,25-40k·16薪,,,,https://www.liepin.com/a/75998471.shtml,20260609171310,,,,
5942,猎聘,能源/化工/环保,矿山,备件销售工程师,猎头职位,某上海专业技术服务公司,1-49人,,上海,上海,学历不限,5-10年,15-20k·13薪,,,,https://www.liepin.com/a/73747655.shtml,20260323165521,,,,
5943,猎聘,能源/化工/环保,矿山,独联体区域总经理,猎头职位,某国内机械/设备公司,100-499人,,上海,上海,学历不限,5-10年,55-60k,,,,https://www.liepin.com/a/74781449.shtml,20260417171228,,,,
5944,猎聘,能源/化工/环保,矿山,机器人关节与传动系统研发总监,猎头职位,某国内机械/设备上市公司,500-999人,,上海,上海,硕士,10年以上,50-80k,,,,https://www.liepin.com/a/73914695.shtml,20260326104441,,,,
5945,猎聘,能源/化工/环保,矿山,销售总监-外贸,猎头职位,某国内大型金属制品公司,500-999人,,上海,上海,统招本科,5-10年,50-60k·13薪,,,,https://www.liepin.com/a/74511005.shtml,20260522101511,,,,
5946,猎聘,能源/化工/环保,矿山,销售总监,猎头职位,某国内石化公司,100-499人,,上海,上海,本科,5-10年,15-25k,,,,https://www.liepin.com/a/75920095.shtml,20260521161142,,,,
5947,猎聘,能源/化工/环保,矿山,自动化产品应用技术支持工程师-某国企-上海,猎头职位,某上海知名公司,2000-5000人,,上海,上海-宝山区,统招本科,5-10年,20-35k,,,,https://www.liepin.com/a/73520141.shtml,20260318094224,,,,
5948,猎聘,能源/化工/环保,矿山,风控监察总经理,猎头职位,某国内大型矿产开采公司,500-999人,,上海,上海,本科,10年以上,12-17k,,,,https://www.liepin.com/a/74636577.shtml,20260414173021,,,,
5949,猎聘,能源/化工/环保,矿山,销售总监,猎头职位,某国内大型金属制品公司,500-999人,,上海,上海-闵行区,本科,5-8年,100-110k,,,,https://www.liepin.com/a/74553685.shtml,20260609104534,,,,
5950,猎聘,能源/化工/环保,矿山,售后服务高级经理,猎头职位,某上海人工智能公司,100-499人,,上海,上海,本科,经验不限,15-25k,,,,https://www.liepin.com/a/74680399.shtml,20260415154457,,,,
5951,猎聘,能源/化工/环保,矿山,煤炭国际业务经理（印尼）,猎头职位,某厦门贸易进出口上市公司,5000-10000人,,上海,上海,本科,5-10年,20-40k,,,,https://www.liepin.com/a/76438359.shtml,20260605093029,,,,
5952,猎聘,能源/化工/环保,矿山,机械工程师（CAE方向）,猎头职位,某深圳智能硬件/消费电子公司,100-499人,,上海,上海-徐汇区,硕士,3-5年,25-35k·16薪,,,,https://www.liepin.com/a/75745487.shtml,20260608145444,,,,
5953,猎聘,能源/化工/环保,矿山,人形/特种机器人滑动轴承总工程师,猎头职位,某国内机械/设备上市公司,500-999人,,上海,上海,硕士,10年以上,50-80k,,,,https://www.liepin.com/a/73914789.shtml,20260326104554,,,,
5954,猎聘,能源/化工/环保,矿山,机械设计工程师（上海/西安）,猎头职位,某知名公司,100-499人,,上海,上海-徐汇区,本科,3-5年,25-40k·16薪,,,,https://www.liepin.com/a/74875931.shtml,20260421112720,,,,
5955,猎聘,能源/化工/环保,矿山,【高薪，五险一金，休假多】销售总监,猎头职位,某西安其他商务服务业公司,50-99人,,上海,上海,学历不限,5-10年,80-85k,,,,https://www.liepin.com/a/74263589.shtml,20260403180621,,,,
5956,猎聘,能源/化工/环保,矿山,感知算法工程师（标定方向）,猎头职位,某上海IT服务公司,100-499人,,上海,上海-浦东新区,硕士,经验不限,35-45k·15薪,,,,https://www.liepin.com/a/76290781.shtml,20260609145153,,,,
5957,猎聘,能源/化工/环保,矿山,机电副总,猎头职位,某知名公司,5000-10000人,,上海,上海,本科,10年以上,55-75k,,,,https://www.liepin.com/a/74363591.shtml,20260416094027,,,,
5958,猎聘,能源/化工/环保,矿山,销售总监,猎头职位,某国内人力资源服务公司,50-99人,,上海,上海,统招本科,5-10年,70-90k,,,,https://www.liepin.com/a/75415251.shtml,20260609185126,,,,
5959,猎聘,能源/化工/环保,矿山,项目销售总监,猎头职位,某西安人力资源服务公司,1-49人,,上海,上海,学历不限,经验不限,70-100k,,,,https://www.liepin.com/a/74194165.shtml,20260402143519,,,,
5960,猎聘,能源/化工/环保,矿山,项目销售经理,猎头职位,某西安人力资源服务公司,100-499人,,上海,上海,学历不限,经验不限,35-45k,,,,https://www.liepin.com/a/75999915.shtml,20260609094358,,,,
5961,猎聘,能源/化工/环保,矿山,重卡智驾JAVA开发主管,猎头职位,某大型世界500强机械/设备公司,10000人以上,,上海,上海,统招本科,5-10年,45-65k·15薪,,,,https://www.liepin.com/a/74066561.shtml,20260331102634,,,,
5962,猎聘,能源/化工/环保,矿山,项目销售经理,猎头职位,某西安人力资源服务公司,100-499人,,上海,上海,大专,5-10年,40-50k,,,,https://www.liepin.com/a/74260577.shtml,20260429155815,,,,
5963,猎聘,能源/化工/环保,矿山,上/西 电气工程师,猎头职位,某深圳机械/设备公司,100-499人,,上海,上海-徐汇区,统招本科,3-5年,25-40k·16薪,,,,https://www.liepin.com/a/76170085.shtml,20260528154654,,,,
5964,猎聘,能源/化工/环保,矿山,项目销售经理,猎头职位,某西安人力资源服务公司,1-49人,,上海,上海,学历不限,经验不限,40-50k,,,,https://www.liepin.com/a/74194411.shtml,20260402143703,,,,
5965,猎聘,能源/化工/环保,矿山,项目销售经理,猎头职位,某西安人力资源服务公司,100-499人,,上海,上海,学历不限,5-10年,35-40k,,,,https://www.liepin.com/a/74200547.shtml,20260402153647,,,,
5966,猎聘,能源/化工/环保,矿山,‌智能驾驶技术负责人,猎头职位,某国内新能源公司,1-49人,,上海,上海,学历不限,3-5年,40-70k,,,,https://www.liepin.com/a/73644269.shtml,20260320141949,,,,
5967,猎聘,能源/化工/环保,矿山,TBR产品经理,猎头职位,某知名公司,1-49人,,上海,上海,统招本科,10年以上,20-40k,,,,https://www.liepin.com/a/74404469.shtml,20260609091053,,,,
5968,猎聘,能源/化工/环保,矿山,机械设计工程师,猎头职位,某深圳机械/设备公司,100-499人,,上海,上海,本科,3-5年,25-40k·15薪,,,,https://www.liepin.com/a/75997835.shtml,20260609171310,,,,
5969,猎聘,能源/化工/环保,矿山,海外销售经理（非洲、欧洲、拉美）,猎头职位,某知名公司,,,上海,上海,本科,3年以上,15-25k,,,,https://www.liepin.com/a/75417365.shtml,20260508152700,,,,
5970,猎聘,能源/化工/环保,矿山,销售总监,猎头职位,某国内人力资源服务公司,50-99人,,上海,上海,本科,5-10年,40-60k,,,,https://www.liepin.com/a/73877409.shtml,20260605092009,,,,
5971,猎聘,能源/化工/环保,矿山,风控经理（有色金属）,猎头职位,某上海租赁业公司,100-499人,,上海,上海,硕士,3-5年,20-30k·15薪,,,,https://www.liepin.com/a/76592909.shtml,20260609164415,,,,
5972,猎聘,能源/化工/环保,矿山,风控经理(有色金属),猎头职位,某上海其他制造业公司,100-499人,,上海,上海,硕士,5-10年,20-35k,,,,https://www.liepin.com/a/76592871.shtml,20260609164400,,,,
5973,猎聘,能源/化工/环保,矿山,控制算法工程师/规划算法工程师/定位算法工程师/系统工程师/感知融合算法工程师/感知定位/感知深度学习工程师/感知算法工程师（标定）,猎头职位,某上海IT服务公司,100-499人,,上海,上海,统招本科,5年以上,25-50k,,,,https://www.liepin.com/a/74525131.shtml,20260609201318,,,,
5974,猎聘,能源/化工/环保,矿山,TBR产品经理,猎头职位,某知名公司,1-49人,,上海,上海,统招本科,6年以上,20-40k,,,,https://www.liepin.com/a/73519337.shtml,20260609084752,,,,
5975,猎聘,能源/化工/环保,矿山,TBR产品经理,猎头职位,某知名公司,1-49人,,上海,上海,统招本科,10年以上,20-40k,,,,https://www.liepin.com/a/73520679.shtml,20260609084958,,,,
5976,猎聘,能源/化工/环保,矿山,有色及贵金属板块期货资深 / 首席分析师,猎头职位,某上海大型基金/证券/期货公司,1000-2000人,,上海,上海,硕士,5-10年,30-50k·16薪,,,,https://www.liepin.com/a/74388541.shtml,20260408153205,,,,
5977,猎聘,能源/化工/环保,矿山,项目销售经理,猎头职位,某西安人力资源服务公司,100-499人,,上海,上海,大专,3-5年,35-45k,,,,https://www.liepin.com/a/74139393.shtml,20260609100358,,,,
5978,猎聘,能源/化工/环保,矿山,海外销售经理,猎头职位,某国内大型金属制品公司,500-999人,,上海,上海,本科,3-5年,35-45k,,,,https://www.liepin.com/a/74886663.shtml,20260421143725,,,,
5979,猎聘,能源/化工/环保,矿山,业务拓展 BD 经理,猎头职位,某上海云计算/大数据公司,50-99人,,上海,上海,大专,经验不限,20-30k,,,,https://www.liepin.com/a/76424465.shtml,20260609172939,,,,
5980,猎聘,能源/化工/环保,矿山,大客户销售,猎头职位,某上海大型咨询服务公司,500-999人,,上海,上海,统招本科,3-5年,25-40k·15薪,,,,https://www.liepin.com/a/75539039.shtml,20260609092703,,,,
5981,猎聘,能源/化工/环保,矿山,海外销售,猎头职位,某知名公司,1-49人,,上海,上海,大专,3-5年,20-40k,,,,https://www.liepin.com/a/76480195.shtml,20260606104501,,,,
5982,猎聘,能源/化工/环保,矿山,机器人关节与传动系统研发总监（上海/杭州/深圳均可）,猎头职位,某国内机械/设备上市公司,500-999人,,上海,上海,硕士,10年以上,35-65k,,,,https://www.liepin.com/a/74744553.shtml,20260606142544,,,,
5983,猎聘,能源/化工/环保,矿山,销售总监,猎头职位,某西安人力资源服务公司,100-499人,,上海,上海,统招本科,10年以上,40-60k,,,,https://www.liepin.com/a/73966459.shtml,20260608100546,,,,
5984,猎聘,能源/化工/环保,矿山,直销负责人（中亚）,猎头职位,某国内机械/设备上市公司,10000人以上,,上海,上海,统招本科,5年以上,30-40k·15薪,,,,https://www.liepin.com/a/76166871.shtml,20260528150812,,,,
5985,猎聘,能源/化工/环保,矿山,技防专家,猎头职位,某上海大型资产管理公司,10000人以上,,上海,上海,学历不限,经验不限,35-40k,,,,https://www.liepin.com/a/76449815.shtml,20260605113728,,,,
5986,猎聘,能源/化工/环保,矿山,后台开发,猎头职位,某北京大型机械/设备公司,10000人以上,,上海,上海,学历不限,3-5年,25-50k,,,,https://www.liepin.com/a/74126265.shtml,20260401123903,,,,
5987,猎聘,能源/化工/环保,矿山,激光SLAM定位算法工程师,猎头职位,某上海人工智能公司,100-499人,,上海,上海-浦东新区,本科,3年以上,40-50k,,,,https://www.liepin.com/a/76237351.shtml,20260603092738,,,,
5988,猎聘,能源/化工/环保,矿山,机械工程师_电缸,猎头职位,某上海电气机械/器材公司,50-99人,,上海,上海-闵行区,学历不限,3-10年,15-25k·15薪,,,,https://www.liepin.com/a/76352069.shtml,20260605105751,,,,
5989,猎聘,能源/化工/环保,矿山,区域销售主管,猎头职位,某上海机械/设备公司,50-99人,,上海,上海-浦东新区,本科,经验不限,8-12k,,,,https://www.liepin.com/a/76432011.shtml,20260604193937,,,,
5990,猎聘,能源/化工/环保,矿山,销售总监（有色金属研磨球项目）,猎头职位,某知名公司,50-99人,,上海,上海,本科,5-10年,70-85k,,,,https://www.liepin.com/a/74321245.shtml,20260407134514,,,,
5991,猎聘,能源/化工/环保,矿山,感知算法工程师（高级专家）,猎头职位,某上海人工智能公司,100-499人,,上海,上海-浦东新区,本科,经验不限,45-60k,,,,https://www.liepin.com/a/73903989.shtml,20260603092738,,,,
5992,猎聘,能源/化工/环保,矿山,感知算法工程师（标定）,猎头职位,某上海人工智能公司,100-499人,,上海,上海-浦东新区,硕士,经验不限,35-45k,,,,https://www.liepin.com/a/71222235.shtml,20260603092738,,,,
5993,猎聘,能源/化工/环保,矿山,销售总监-外贸,猎头职位,某国内大型金属制品公司,500-999人,,上海,上海,统招本科,5-10年,60-90k,,,,https://www.liepin.com/a/74529109.shtml,20260420175219,,,,
5994,猎聘,能源/化工/环保,矿山,销售总监,猎头职位,某国内大型金属制品公司,500-999人,,上海,上海-闵行区,本科,5年以上,20-23k,,,,https://www.liepin.com/a/74661521.shtml,20260609082822,,,,
5995,猎聘,能源/化工/环保,矿山,业务拓展 BD 经理（新能源换电方向）,猎头职位,某知名公司,50-99人,,上海,上海-浦东新区,大专,3-5年,10-15k,,,,https://www.liepin.com/a/76286121.shtml,20260609084256,,,,
5996,猎聘,能源/化工/环保,矿山,研究所-有色及贵金属首席研究员,猎头职位,某大型基金/证券/期货公司,1000-2000人,,上海,上海,硕士,经验不限,30-40k,,,,https://www.liepin.com/a/74323709.shtml,20260514130555,,,,
5997,猎聘,能源/化工/环保,矿山,大客户销售总监,猎头职位,某国内大型金属制品公司,500-999人,,上海,上海,统招本科,经验不限,65-85k,,,,https://www.liepin.com/a/73888903.shtml,20260527085250,,,,
5998,猎聘,能源/化工/环保,矿山,定位算法工程师（48W-60W）核心团队,猎头职位,某上海IT服务公司,100-499人,,上海,上海-浦东新区,硕士,5-10年,40-50k,,,,https://www.liepin.com/a/76159739.shtml,20260609081758,,,,
5999,猎聘,能源/化工/环保,矿山,风控专家（海外）,猎头职位,某知名机械/设备上市公司,10000人以上,,上海,上海,统招本科,5-10年,30-60k,,,,https://www.liepin.com/a/76241999.shtml,20260602090742,,,,
6000,猎聘,能源/化工/环保,矿山,机械设计师,猎头职位,某深圳机械/设备公司,100-499人,,上海,上海,统招本科,3-5年,25-50k·16薪,,,,https://www.liepin.com/a/75312303.shtml,20260507181500,,,,
6001,猎聘,能源/化工/环保,矿山,移动设备维修工程师（矿卡 挖掘机）,猎头职位,某国内专业服务公司,100-499人,,上海,上海,学历不限,5-10年,40-60k·19薪,,,,https://www.liepin.com/a/75105475.shtml,20260427162545,,,,
6002,猎聘,能源/化工/环保,矿山,销售经理/高级经理-外贸,猎头职位,某国内大型金属制品公司,500-999人,,上海,上海,统招本科,5-10年,25-50k,,,,https://www.liepin.com/a/74529499.shtml,20260420175219,,,,
6003,猎聘,能源/化工/环保,矿山,机械设计工程师,猎头职位,某互联网公司,1-49人,,上海,上海,本科,3-5年,35-55k,,,,https://www.liepin.com/a/74619395.shtml,20260414143048,,,,
6004,猎聘,能源/化工/环保,矿山,机械设计工程师,猎头职位,某上海其他商务服务业公司,,,上海,上海,硕士,3-5年,30-35k,,,,https://www.liepin.com/a/76167105.shtml,20260528151056,,,,
6005,猎聘,能源/化工/环保,矿山,感知算法工程师（高级专家）（平台福利好）,猎头职位,某上海知名公司,100-499人,,上海,上海,学历不限,5年以上,45-65k·15薪,,,,https://www.liepin.com/a/74522341.shtml,20260427192800,,,,
6006,猎聘,能源/化工/环保,矿山,销售总监-（外贸）,猎头职位,某国内大型金属制品公司,500-999人,,上海,上海,统招本科,8年以上,80-95k,,,,https://www.liepin.com/a/75604791.shtml,20260513095503,,,,
6007,猎聘,能源/化工/环保,矿山,销售经理/高级经理-（外贸）,猎头职位,某国内大型金属制品公司,500-999人,,上海,上海,统招本科,5-7年,40-45k,,,,https://www.liepin.com/a/75604661.shtml,20260513095320,,,,
6008,猎聘,能源/化工/环保,矿山,销售总监兼助理,猎头职位,某国内石化公司,100-499人,,上海,上海-静安区,学历不限,1-3年,20-21k,,,,https://www.liepin.com/a/75534223.shtml,20260511171947,,,,
6009,猎聘,能源/化工/环保,矿山,销售总监,猎头职位,某国内大型金属制品公司,500-999人,,上海,上海,统招本科,5-10年,50-65k,,,,https://www.liepin.com/a/75779905.shtml,20260518155807,,,,
6010,猎聘,能源/化工/环保,矿山,销售经理,猎头职位,某国内大型金属制品公司,500-999人,,上海,上海-闵行区,本科,5年以上,35-45k,,,,https://www.liepin.com/a/74573537.shtml,20260413161703,,,,
6011,猎聘,能源/化工/环保,矿山,项目销售经理,猎头职位,某知名公司,,,上海,上海,统招本科,3-5年,30-40k,,,,https://www.liepin.com/a/74012065.shtml,20260330101600,,,,
6012,猎聘,能源/化工/环保,矿山,项目销售总监,猎头职位,某知名公司,,,上海,上海,学历不限,5年以上,60-85k,,,,https://www.liepin.com/a/74252255.shtml,20260403153114,,,,
6013,猎聘,能源/化工/环保,矿山,激光SLAM 定位算法工程师,猎头职位,某上海IT服务公司,100-499人,,上海,上海,本科,3-5年,35-50k,,,,https://www.liepin.com/a/76605325.shtml,20260609222643,,,,
6014,猎聘,能源/化工/环保,矿山,长距离皮带机工程师,猎头职位,某上海机械/设备公司,50-99人,,上海,上海-奉贤区,大专,3-5年,12-20k·13薪,,,,https://www.liepin.com/a/76593611.shtml,20260609165053,,,,
6015,猎聘,能源/化工/环保,矿山,港口钢结构工程师,猎头职位,某上海机械/设备公司,50-99人,,上海,上海-奉贤区,大专,3-5年,12-20k·13薪,,,,https://www.liepin.com/a/76593503.shtml,20260609164940,,,,
6016,猎聘,能源/化工/环保,矿山,移动输送设备主任工程师,猎头职位,某上海机械/设备公司,50-99人,,上海,上海-奉贤区,大专,5-10年,20-40k·13薪,,,,https://www.liepin.com/a/76593381.shtml,20260609164819,,,,
6017,猎聘,能源/化工/环保,矿山,集团副总裁【上市集团】,猎头职位,某国内知名上市公司,10000人以上,,上海,上海,本科,10年以上,200-210k,,,,https://www.liepin.com/a/76585953.shtml,20260609153206,,,,
6018,猎聘,能源/化工/环保,矿山,激光SLAM定位算法工程师（激光雷达，无人矿车）,猎头职位,某上海IT服务公司,100-499人,,上海,上海,本科,3-5年,40-50k,,,,https://www.liepin.com/a/76584681.shtml,20260609151851,,,,
6019,猎聘,能源/化工/环保,矿山,解决方案专家（制造行业/能源行业方向）,猎头职位,某央企运营商研究院,10000人以上,,上海,上海,硕士,5-10年,70-100k,,,,https://www.liepin.com/a/76584229.shtml,20260609151425,,,,
6020,猎聘,能源/化工/环保,矿山,SLAM定位算法工程师（自动驾驶）,猎头职位,某上海人工智能公司,100-499人,,上海,上海,硕士,5-10年,40-55k,,,,https://www.liepin.com/a/76571847.shtml,20260609115608,,,,
6021,猎聘,能源/化工/环保,矿山,印尼供应链负责人,猎头职位,某上海工程施工上市公司,5000-10000人,,上海,上海-浦东新区,本科,5年以上,50-65k,,,,https://www.liepin.com/a/76548647.shtml,20260608195005,,,,
6022,猎聘,能源/化工/环保,矿山,机械设计工程师,猎头职位,某知名公司,1-49人,,上海,上海,学历不限,3-5年,28-40k·16薪,,,,https://www.liepin.com/a/76543303.shtml,20260609143300,,,,
6023,猎聘,能源/化工/环保,矿山,机械设计工程师上海、西安,猎头职位,某机械/设备公司,100-499人,,上海,上海,统招本科,5-10年,25-45k,,,,https://www.liepin.com/a/76541589.shtml,20260608171636,,,,
6024,猎聘,能源/化工/环保,矿山,决策规划算法专家,猎头职位,某成都IT服务公司,,,上海,上海,硕士,3-5年,45-65k·13薪,,,,https://www.liepin.com/a/76536295.shtml,20260608161516,,,,
6025,猎聘,能源/化工/环保,矿山,销售经理（磨矿钢球）,猎头职位,某西安人力资源服务公司,1-49人,,上海,上海,统招本科,5-10年,35-40k,,,,https://www.liepin.com/a/76533879.shtml,20260608154818,,,,
6026,猎聘,能源/化工/环保,矿山,销售总监（磨矿钢球）,猎头职位,某西安人力资源服务公司,1-49人,,上海,上海,统招本科,10年以上,40-60k,,,,https://www.liepin.com/a/76533587.shtml,20260608154534,,,,
6027,猎聘,能源/化工/环保,矿山,激光SLAM定位算法工程师,猎头职位,某上海人工智能公司,100-499人,,上海,上海,硕士,3-5年,40-50k·15薪,,,,https://www.liepin.com/a/76517361.shtml,20260608114700,,,,
6028,猎聘,能源/化工/环保,矿山,销售经理-有金属矿山耐磨材料销售优先,企业职位,某国内知名金属制品公司,500-999人,,广州,天津,本科,1-3年,40-60k,,,,https://www.liepin.com/a/76421237.shtml,20260609100339,,,,
6029,猎聘,能源/化工/环保,矿山,采购经理-矿山,企业职位,某知名公司,500-999人,,广州,天津,本科,8年以上,25-35k,,,,https://www.liepin.com/a/72626733.shtml,20260604201959,,,,
6030,猎聘,能源/化工/环保,矿山,采购经理-矿山,企业职位,北京海华东方能源技术集团有限公司,500-999人,,广州,天津-武清区,统招本科,10年以上,25-35k,,,,https://www.liepin.com/job/1977821593.shtml,20260608102347,,,,
6031,猎聘,能源/化工/环保,矿山,采购主管-矿山,企业职位,北京海华东方能源技术集团有限公司,500-999人,,广州,天津-武清区,大专,8年以上,15-25k,,,,https://www.liepin.com/job/1977821577.shtml,20260608102955,,,,
6032,猎聘,能源/化工/环保,矿山,采购经理-矿山,企业职位,某知名公司,500-999人,,广州,天津,本科,8年以上,25-35k,,,,https://www.liepin.com/a/74886909.shtml,20260609101615,,,,
6033,猎聘,能源/化工/环保,矿山,采购经理-矿山,企业职位,某知名公司,500-999人,,广州,天津,本科,8年以上,25-35k,,,,https://www.liepin.com/a/74205717.shtml,20260609101615,,,,
6034,猎聘,能源/化工/环保,矿山,采购经理-矿山,企业职位,某知名公司,500-999人,,广州,天津,本科,8年以上,25-35k,,,,https://www.liepin.com/a/74206475.shtml,20260609101615,,,,
6035,猎聘,能源/化工/环保,矿山,采购主管-矿山,企业职位,某北京大型石化公司,500-999人,,广州,天津-武清区,大专,5-10年,15-25k,,,,https://www.liepin.com/a/75828223.shtml,20260608085852,,,,
6036,猎聘,能源/化工/环保,矿山,矿山行业专家（可兼职）,企业职位,天津爱波瑞科技发展有限公司,100-499人,,广州,天津-和平区,本科,10年以上,20-40k,,,,https://www.liepin.com/job/1973294881.shtml,20260510184354,,,,
6037,猎聘,能源/化工/环保,矿山,外贸销售员（矿山机械）,企业职位,河北冠能石油机械制造有限公司,100-499人,,广州,天津-河北区,大专,1年以上,6-12k,,,,https://www.liepin.com/job/1972551405.shtml,20260603111537,,,,
6038,猎聘,能源/化工/环保,矿山,矿山设备产品应用工程师,企业职位,莫图泰克,50-99人,,广州,天津-北辰区,本科,3年以上,10-15k,,,,https://www.liepin.com/job/1982560033.shtml,20260609084146,,,,
6039,猎聘,能源/化工/环保,矿山,采购副经理/经理（钻采\矿山\炼化设备\催化剂\炼厂物资）,企业职位,某北京大型石化公司,500-999人,,广州,天津-武清区,本科,3-5年,19-22k·13薪,,,,https://www.liepin.com/a/74025403.shtml,20260330132824,,,,
6040,猎聘,能源/化工/环保,矿山,驻外业务代表(钻采\矿山\EP\设备\催化剂),企业职位,某北京大型石化公司,500-999人,,广州,天津-武清区,学历不限,5-10年,20-25k·13薪,,,,https://www.liepin.com/a/74025321.shtml,20260330132714,,,,
6041,猎聘,能源/化工/环保,矿山,大客户销售经理（油气、矿山行业）,企业职位,罗克韦尔自动化,10000人以上,,广州,天津-和平区,统招本科,3年以上,薪资面议,,,,https://www.liepin.com/job/1982168867.shtml,20260428175111,,,,
6042,猎聘,能源/化工/环保,矿山,矿山设备销售专员,企业职位,天津市金瑞驰科技发展有限责任公司,1-49人,,广州,天津-南开区,本科,2年以上,5-10k,,,,https://www.liepin.com/job/1979269987.shtml,20251223092018,,,,
6043,猎聘,能源/化工/环保,矿山,采购副经理-矿山,企业职位,某北京大型石化公司,500-999人,,广州,天津-武清区,本科,10年以上,25-35k,,,,https://www.liepin.com/a/76098187.shtml,20260527131103,,,,
6044,猎聘,能源/化工/环保,矿山,嵌入式研发经理（高铁 / 矿山仪器仪表 小信号方向）,企业职位,某广州机械/设备公司,50-99人,,广州,天津,统招本科,3年以上,25-35k,,,,https://www.liepin.com/a/75555423.shtml,20260608132457,,,,
6045,猎聘,能源/化工/环保,矿山,服务培训管理-经理/高级,企业职位,某知名公司,50-99人,,广州,天津,统招本科,10年以上,30-45k·15薪,,,,https://www.liepin.com/a/76060797.shtml,20260526133812,,,,
6046,猎聘,能源/化工/环保,矿山,工业建筑结构工程师（厂房加固改造,企业职位,天津建材工程设计院有限公司,1-49人,,广州,天津-红桥区,本科,5年以上,10-15k,,,,https://www.liepin.com/job/1982527297.shtml,20260514105841,,,,
6047,猎聘,能源/化工/环保,矿山,铁矿石团队经理,企业职位,铭鼎矿业(天津)有限公司,1-49人,,广州,天津-东丽区,大专,3-5年,15-20k,,,,https://www.liepin.com/job/1925330241.shtml,20260517003200,,,,
6048,猎聘,能源/化工/环保,矿山,合金矿业务岗,企业职位,某青岛贸易进出口公司,50-99人,,广州,天津,统招本科,3-5年,11-19k,,,,https://www.liepin.com/a/76333771.shtml,20260602191248,,,,
6049,猎聘,能源/化工/环保,矿山,新媒体运营,企业职位,孚山驭势科技,1-49人,,广州,天津-和平区,本科,3年以上,10-15k,,,,https://www.liepin.com/job/1983105899.shtml,20260607110118,,,,
6050,猎聘,能源/化工/环保,矿山,"总经理助理（市场,业务型）",企业职位,某长沙化工公司,50-99人,,广州,天津-滨海新区,统招本科,5-10年,40-55k,,,,https://www.liepin.com/a/74109321.shtml,20260605095525,,,,
6051,猎聘,能源/化工/环保,矿山,选矿工艺工程师,企业职位,天津建材工程设计院有限公司,1-49人,,广州,天津-红桥区,本科,5年以上,10-15k·13薪,,,,https://www.liepin.com/job/1982423757.shtml,20260511144503,,,,
6052,猎聘,能源/化工/环保,矿山,机械设计研发工程师,企业职位,天津建材工程设计院有限公司,1-49人,,广州,天津-红桥区,本科,5年以上,10-15k,,,,https://www.liepin.com/job/1982529083.shtml,20260514112736,,,,
6053,猎聘,能源/化工/环保,矿山,外贸采购员,企业职位,铭鼎矿业(天津)有限公司,1-49人,,广州,天津-东丽区,大专,经验不限,5-10k,,,,https://www.liepin.com/job/1919440525.shtml,20260517003221,,,,
6054,猎聘,能源/化工/环保,矿山,国企-进口业务经理,企业职位,某上海贸易进出口公司,100-499人,,广州,天津,本科,1-3年,12-20k,,,,https://www.liepin.com/a/73560871.shtml,20260601153002,,,,
6055,猎聘,能源/化工/环保,矿山,供应链金融业务岗（国企招聘）,企业职位,中智山东,500-999人,,广州,天津-滨海新区,本科,3年以上,18-22k,,,,https://www.liepin.com/job/1983121159.shtml,20260603171551,,,,
6056,猎聘,能源/化工/环保,矿山,行业分析师,企业职位,孚山驭势科技,1-49人,,广州,天津-和平区,本科,经验不限,12-24k,,,,https://www.liepin.com/job/1983221281.shtml,20260607102320,,,,
6057,猎聘,能源/化工/环保,矿山,销售经理,企业职位,某天津房地产开发经营公司,100-499人,,广州,天津-静海区,大专,3-5年,8-10k,,,,https://www.liepin.com/a/73925657.shtml,20260326140203,,,,
6058,猎聘,能源/化工/环保,矿山,采购主管,企业职位,某北京大型石化公司,500-999人,,广州,天津-武清区,学历不限,5-10年,15-25k,,,,https://www.liepin.com/a/76093717.shtml,20260527094325,,,,
6059,猎聘,能源/化工/环保,矿山,销售经理/高级经理,企业职位,某国内大型金属制品公司,500-999人,,广州,天津,本科,5-10年,35-40k,,,,https://www.liepin.com/a/76477383.shtml,20260605231004,,,,
6060,猎聘,能源/化工/环保,矿山,项目工程师 Project Engineer,企业职位,巨森澳亚钢构贸易(北京)有限公司,5000-10000人,,广州,天津-津南区,学历不限,经验不限,薪资面议,,,,https://www.liepin.com/job/1976791855.shtml,20260608163012,,,,
6061,猎聘,能源/化工/环保,矿山,渠道经理,企业职位,龙邦伟业(天津)节能环保科技有限公司,1-49人,,广州,天津-河东区,学历不限,经验不限,30-35k,,,,https://www.liepin.com/job/1982268785.shtml,20260506114127,,,,
6062,猎聘,能源/化工/环保,矿山,水泥工艺设计师,企业职位,天津建材工程设计院有限公司,1-49人,,广州,天津-红桥区,本科,10年以上,10-15k,,,,https://www.liepin.com/job/1982530957.shtml,20260514121158,,,,
6063,猎聘,能源/化工/环保,矿山,业务经理,企业职位,某知名公司,100-499人,,广州,天津,统招本科,2年以上,10-15k·13薪,,,,https://www.liepin.com/a/74831895.shtml,20260420144139,,,,
6064,猎聘,能源/化工/环保,矿山,工业设计工程师（国企/25/26届）,企业职位,某天津大型工业自动化公司,500-999人,,广州,天津,硕士,经验不限,10-13k·13薪,,,,https://www.liepin.com/a/73469727.shtml,20260528105743,,,,
6065,猎聘,能源/化工/环保,矿山,【国企】电力电子/技术研发,企业职位,某天津大型工业自动化公司,500-999人,,广州,天津,硕士,3年以下,10-15k·13薪,,,,https://www.liepin.com/a/74842303.shtml,20260528105743,,,,
6066,猎聘,能源/化工/环保,矿山,冶金原材料及工业矿技术经理,企业职位,SGS中国,10000人以上,,广州,天津-滨海新区,本科,8年以上,18-25k,,,,https://www.liepin.com/job/1982105119.shtml,20260427100144,,,,
6067,猎聘,能源/化工/环保,矿山,控制软件工程师【国企直招】,企业职位,某天津大型工业自动化公司,500-999人,,广州,天津-河东区,硕士,1年以下,10-15k·13薪,,,,https://www.liepin.com/a/75681981.shtml,20260528105743,,,,
6068,猎聘,能源/化工/环保,矿山,设备精益咨询顾问（天津）,企业职位,天津爱波瑞科技发展有限公司,100-499人,,广州,天津-和平区,本科,10年以上,20-30k,,,,https://www.liepin.com/job/1973184129.shtml,20260510184401,,,,
6069,猎聘,能源/化工/环保,矿山,海外销售经理,企业职位,美腾科技,100-499人,,广州,天津-南开区,本科,3年以上,10-18k,,,,https://www.liepin.com/job/1979165059.shtml,20251216102110,,,,
6070,猎聘,能源/化工/环保,矿山,矿产资源行业专家,企业职位,新疆特变电工集团有限公司,10000人以上,,广州,天津-武清区,本科,10年以上,30-60k,,,,https://www.liepin.com/job/1976518897.shtml,20250815120512,,,,
6071,猎聘,能源/化工/环保,矿山,海外销售经理（非洲）,企业职位,美腾科技,100-499人,,广州,天津-南开区,本科,3年以上,10-15k,,,,https://www.liepin.com/job/1970321785.shtml,20260304100215,,,,
6072,猎聘,能源/化工/环保,矿山,地质设计高级工程师,企业职位,美腾科技,100-499人,,广州,天津-南开区,统招本科,3年以上,15-20k,,,,https://www.liepin.com/job/1981239671.shtml,20260410144202,,,,
6073,猎聘,能源/化工/环保,矿山,中级-地质工程师【五险 包食宿】,企业职位,某国内人力资源服务公司,50-99人,,广州,天津-河北区,大专,3-5年,14-15k,,,,https://www.liepin.com/a/75313691.shtml,20260506171932,,,,
6074,猎聘,能源/化工/环保,矿山,销售经理,企业职位,浙江中机新金属材料有限公司,50-99人,,广州,天津-滨海新区,本科,3-10年,8-13k,,,,https://www.liepin.com/job/1978259135.shtml,20260112174140,,,,
6075,猎聘,能源/化工/环保,矿山,产品应用及销售工程师,企业职位,莫图泰克,50-99人,,广州,天津-北辰区,本科,3-5年,10-15k,,,,https://www.liepin.com/job/1980125671.shtml,20260609084146,,,,
6076,猎聘,能源/化工/环保,矿山,国际销售经理,企业职位,美腾科技,100-499人,,广州,天津-南开区,本科,3年以上,14-28k·13薪,,,,https://www.liepin.com/job/1976046773.shtml,20250725164020,,,,
6077,猎聘,能源/化工/环保,矿山,国际销售经理（俄罗斯/中亚地区）,企业职位,美腾科技,100-499人,,广州,天津-南开区,本科,3年以上,14-28k,,,,https://www.liepin.com/job/1976046877.shtml,20250725164143,,,,
6078,猎聘,能源/化工/环保,矿山,外贸专员/助理,企业职位,铭鼎矿业(天津)有限公司,1-49人,,广州,天津-东丽区,大专,1-3年,5-9k,,,,https://www.liepin.com/job/1925330325.shtml,20250617150753,,,,
6079,猎聘,能源/化工/环保,矿山,销售经理（新能源重卡）,企业职位,深向科技,1000-2000人,,广州,天津-河东区,大专,经验不限,9-15k,,,,https://www.liepin.com/job/1982368839.shtml,20260516080528,,,,
6080,猎聘,能源/化工/环保,矿山,销售经理（工作地点不限）,企业职位,海林柯液压技术(天津)有限责任公司,100-499人,,广州,天津-宝坻区,大专,1-3年,9-13k,,,,https://www.liepin.com/job/1975248773.shtml,20260526153719,,,,
6081,猎聘,能源/化工/环保,矿山,业务经理,企业职位,某上海贸易进出口公司,100-499人,,广州,天津,本科,3-5年,18-25k,,,,https://www.liepin.com/a/73561347.shtml,20260318164346,,,,
6082,猎聘,能源/化工/环保,矿山,机械设计工程师,企业职位,美腾科技,100-499人,,广州,天津-南开区,统招本科,3年以上,15-17k,,,,https://www.liepin.com/job/1980744657.shtml,20260309103649,,,,
6083,猎聘,能源/化工/环保,矿山,财务数字化解决方案顾问,企业职位,特变电工,10000人以上,,广州,天津-武清区,本科,10年以上,30-40k,,,,https://www.liepin.com/job/1978024703.shtml,20260609162320,,,,
6084,猎聘,能源/化工/环保,矿山,销售经理/主管,企业职位,某上海检测认证公司,100-499人,,广州,天津,本科,10年以上,30-35k·18薪,,,,https://www.liepin.com/a/76076985.shtml,20260609091942,,,,
6085,猎聘,能源/化工/环保,矿山,销售工程师（工作地点不限）,企业职位,海林柯液压技术(天津)有限责任公司,100-499人,,广州,天津-宝坻区,大专,2年以上,7-9k,,,,https://www.liepin.com/job/1975249067.shtml,20260526153719,,,,
6086,猎聘,能源/化工/环保,矿山,总地质师,企业职位,中丝路建设投资集团有限公司,2000-5000人,,广州,天津-武清区,统招本科,10年以上,70-100k,,,,https://www.liepin.com/job/1975887649.shtml,20250718182637,,,,
6087,猎聘,能源/化工/环保,矿山,几何算法工程师,企业职位,天津矿智科技有限公司,1-49人,,广州,天津-西青区,本科,3-5年,13-18k·16薪,,,,https://www.liepin.com/job/1968239237.shtml,20240709161215,,,,
6088,猎聘,能源/化工/环保,矿山,几何算法工程师,企业职位,天津矿安科技有限公司,1-49人,,广州,天津-西青区,统招本科,1-3年,13-18k·13薪,,,,https://www.liepin.com/job/1968733143.shtml,20240731143120,,,,
6089,猎聘,能源/化工/环保,矿山,计算几何算法工程师,企业职位,矿智科技(海宁)有限公司天津分公司,50-99人,,广州,天津-西青区,本科,3-5年,13-18k·13薪,,,,https://www.liepin.com/job/1968155073.shtml,20240711144857,,,,
6090,猎聘,能源/化工/环保,矿山,外贸专员,企业职位,铭鼎矿业(天津)有限公司,1-49人,,广州,天津-东丽区,大专,经验不限,5-8k,,,,https://www.liepin.com/job/1955667617.shtml,20230131152441,,,,
6091,猎聘,能源/化工/环保,矿山,外贸业务员,企业职位,铭鼎矿业(天津)有限公司,1-49人,,广州,天津-东丽区,大专,经验不限,5-8k,,,,https://www.liepin.com/job/1955387353.shtml,20230109115712,,,,
6092,猎聘,能源/化工/环保,矿山,外贸经理,企业职位,铭鼎矿业(天津)有限公司,1-49人,,广州,天津-东丽区,大专,3-5年,5-8k,,,,https://www.liepin.com/job/1955667717.shtml,20230131152544,,,,
6093,猎聘,能源/化工/环保,矿山,大宗贸易板块副总经理（国企管理岗）,企业职位,中智山东,500-999人,,广州,天津-滨海新区,统招本科,5-10年,18-30k,,,,https://www.liepin.com/job/1983300705.shtml,20260609211858,,,,
6094,猎聘,能源/化工/环保,矿山,销售经理/主管,企业职位,某天津电子/半导体/集成电路公司,50-99人,,广州,天津-滨海新区,统招本科,3-5年,20-25k,,,,https://www.liepin.com/a/76516999.shtml,20260608114250,,,,
6095,猎聘,能源/化工/环保,矿山,建筑工程项目经理,企业职位,大地工程开发(集团)有限公司天津分公司,100-499人,,广州,天津-南开区,本科,5-10年,8-10k,,,,https://www.liepin.com/job/1973911387.shtml,20260422090953,,,,
6096,猎聘,能源/化工/环保,矿山,非标机械设计工程师,企业职位,"Rema Tip Top(Tianjin) Rubber Technology Co.,Ltd",500-999人,,广州,天津-西青区,本科,1-3年,8-12k,,,,https://www.liepin.com/job/1973412017.shtml,20250715171844,,,,
6097,猎聘,能源/化工/环保,矿山,资深铁矿石业务经理（长协服务与执行方向）,企业职位,天津港保税区伊润国际贸易有限公司,50-99人,,广州,天津-河西区,本科,10年以上,30-60k,,,,https://www.liepin.com/job/1981376821.shtml,20260608155150,,,,
6098,猎聘,能源/化工/环保,矿山,采购工程师（设备/工程）,企业职位,美腾科技,100-499人,,广州,天津-西青区,统招本科,3-5年,6-8k,,,,https://www.liepin.com/job/1966165681.shtml,20260319113744,,,,
6099,猎聘,能源/化工/环保,矿山,销售经理（变频器产品）,企业职位,天津电气科学研究院有限公司,500-999人,,广州,天津,本科,3年以上,9-12k,,,,https://www.liepin.com/job/1977597087.shtml,20260601112617,,,,
6100,猎聘,能源/化工/环保,矿山,销售经理,企业职位,巨鑫输送,100-499人,,广州,天津-和平区,本科,3-5年,12-20k,,,,https://www.liepin.com/job/1982403779.shtml,20260511101333,,,,
6101,猎聘,能源/化工/环保,矿山,生产经理,企业职位,天津市正方科技发展有限公司,100-499人,,广州,天津-滨海新区,本科,5年以上,15-30k·14薪,,,,https://www.liepin.com/job/1979984173.shtml,20260126090311,,,,
6102,猎聘,能源/化工/环保,矿山,设备管理咨询,企业职位,天津爱波瑞科技发展有限公司,100-499人,,广州,天津,本科,10年以上,20-22k·14薪,,,,https://www.liepin.com/job/1975418313.shtml,20260312195339,,,,
6103,猎聘,能源/化工/环保,矿山,外贸业务员,企业职位,天津沃盾耐磨材料有限公司,100-499人,,广州,天津-北辰区,本科,3年以上,6-12k,,,,https://www.liepin.com/job/1982195125.shtml,20260527175809,,,,
6104,猎聘,能源/化工/环保,矿山,地质工程师,企业职位,天津圣君宇生物技术集团有限公司,1-49人,,广州,天津-滨海新区,本科,1-3年,12-24k,,,,https://www.liepin.com/job/1947738857.shtml,20260325152223,,,,
6105,猎聘,能源/化工/环保,矿山,副总经理,企业职位,某天津知名上市公司,1000-2000人,,广州,天津,统招本科,10年以上,30-40k·14薪,,,,https://www.liepin.com/a/75196647.shtml,20260429160843,,,,
6106,猎聘,能源/化工/环保,矿山,营销副总,企业职位,新乡市昆仑筛分机械设计有限公司,100-499人,,广州,天津-和平区,本科,5年以上,10-11k,,,,https://www.liepin.com/job/1976893853.shtml,20251107120817,,,,
6107,猎聘,能源/化工/环保,矿山,深加工销售部长（工程机械、压力容器等）,企业职位,天津太钢大明金属制品有限公司,,,广州,天津-滨海新区,大专,5-10年,20-30k,,,,https://www.liepin.com/job/1976354223.shtml,20250808132427,,,,
6108,猎聘,能源/化工/环保,矿山,船舶供油业务经理,企业职位,锦航海运集团,100-499人,,广州,天津-滨海新区,大专,经验不限,8-20k,,,,https://www.liepin.com/job/1975954465.shtml,20250722163050,,,,
6109,猎聘,能源/化工/环保,矿山,海洋测绘经理,企业职位,青岛科信海洋科技有限公司,50-99人,,广州,天津-滨海新区,本科,5-10年,10-20k,,,,https://www.liepin.com/job/1979791235.shtml,20260306112836,,,,
6110,猎聘,能源/化工/环保,矿山,大客户销售,企业职位,鑫方盛数智科技,5000-10000人,,广州,天津-津南区,本科,3年以上,8-20k,,,,https://www.liepin.com/job/1975997177.shtml,20250724092711,,,,
6111,猎聘,能源/化工/环保,矿山,海洋测绘经理,企业职位,深圳市勘察研究院有限公司,500-999人,,广州,天津-滨海新区,本科,5年以上,10-20k,,,,https://www.liepin.com/job/1977977683.shtml,20251024094037,,,,
6112,猎聘,能源/化工/环保,矿山,客户经理,企业职位,和利时科技集团,5000-10000人,,广州,天津-河东区,本科,2年以上,10-15k,,,,https://www.liepin.com/job/1969382767.shtml,20241123205001,,,,
6113,猎聘,能源/化工/环保,矿山,销售经理/客户经理,企业职位,天津大海电信科技有限公司,1-49人,,广州,天津-滨海新区,大专,2年以上,8-15k,,,,https://www.liepin.com/job/1978554203.shtml,20251203141724,,,,
6114,猎聘,能源/化工/环保,矿山,产品经理,企业职位,菲特(天津)检测技术有限公司,100-499人,,广州,天津-和平区,大专,3-5年,13-18k,,,,https://www.liepin.com/job/1971591999.shtml,20250619163453,,,,
6115,猎聘,能源/化工/环保,矿山,销售业务员,企业职位,天津泽新供应链管理有限公司,1-49人,,广州,天津-滨海新区,本科,3-5年,7-8k,,,,https://www.liepin.com/job/1974267339.shtml,20250506172649,,,,
6116,猎聘,能源/化工/环保,矿山,矿石销售专员,企业职位,天津泽新供应链管理有限公司,1-49人,,广州,天津-滨海新区,本科,3-5年,5-10k,,,,https://www.liepin.com/job/1974286583.shtml,20250507140025,,,,
6117,猎聘,能源/化工/环保,矿山,智利业务人员（天津分公司）,企业职位,河南港能实业有限公司,1-49人,,广州,天津-滨海新区,大专,1-3年,10-18k,,,,https://www.liepin.com/job/1970354507.shtml,20241022163005,,,,
6118,猎聘,能源/化工/环保,矿山,宝坻区销售工程师,企业职位,海林柯液压技术(天津)有限责任公司,100-499人,,广州,天津-宝坻区,大专,1-3年,8-10k,,,,https://www.liepin.com/job/1963330909.shtml,20231201135735,,,,
6119,猎聘,能源/化工/环保,矿山,销售经理,企业职位,海林柯液压技术(天津)有限责任公司,100-499人,,广州,天津-宝坻区,大专,1-3年,12-15k,,,,https://www.liepin.com/job/1956715987.shtml,20230306134532,,,,
6120,猎聘,能源/化工/环保,矿山,机械工程师,企业职位,铠博新材料(天津)有限公司,50-99人,,广州,天津-北辰区,本科,1-3年,7-12k,,,,https://www.liepin.com/job/1947337493.shtml,20220222142057,,,,
6121,猎聘,能源/化工/环保,矿山,国际贸易主管,企业职位,福华(天津)进出口有限公司,1-49人,,广州,天津-滨海新区,统招本科,1-3年,4-8k·13薪,,,,https://www.liepin.com/job/1936339271.shtml,20210305191315,,,,
6122,猎聘,能源/化工/环保,矿山,电气工程师,企业职位,天津市万客科技有限公司,1-49人,,广州,天津-东丽区,本科,1-3年,5-10k,,,,https://www.liepin.com/job/1957582257.shtml,20230522171221,,,,
6123,猎聘,能源/化工/环保,矿山,销售代表,企业职位,保定中南橡胶机带有限公司,100-499人,,广州,天津-西青区,大专,经验不限,3-8k,,,,https://www.liepin.com/job/1962215539.shtml,20231015113113,,,,
6124,猎聘,能源/化工/环保,矿山,大宗贸易合金矿板块副总经理（国企管理岗）,企业职位,中智山东,500-999人,,广州,天津-滨海新区,统招本科,3年以上,20-30k,,,,https://www.liepin.com/job/1983300717.shtml,20260609212042,,,,
6125,猎聘,能源/化工/环保,矿山,硬件工程师,企业职位,某北京知名公司,100-499人,,广州,天津-滨海新区,统招本科,3-5年,15-20k·13薪,,,,https://www.liepin.com/a/76516563.shtml,20260608113802,,,,
6126,猎聘,能源/化工/环保,矿山,产品应用及国际销售工程师,企业职位,莫图泰克,50-99人,,广州,天津-北辰区,,,8-10k,,,,https://www.liepin.com/lptjob/81743319,20260609084146,,,,
6127,猎聘,能源/化工/环保,矿山,仓储物流专员,企业职位,天津邦航供应链有限公司,1-49人,,广州,天津-滨海新区,,,5-10k,,,,https://www.liepin.com/lptjob/79747445,20260526171427,,,,
6128,猎聘,能源/化工/环保,矿山,客户总监/经理（非煤矿山）,企业职位,和利时科技集团,5000-10000人,,深圳,重庆-渝中区,本科,5-10年,15-25k·14薪,,,,https://www.liepin.com/job/1974226795.shtml,20260520151711,,,,
6129,猎聘,能源/化工/环保,矿山,矿山安全员,企业职位,重庆富皇建材有限公司,100-499人,,深圳,重庆-北碚区,大专,3-5年,6-10k,,,,https://www.liepin.com/job/1981961441.shtml,20260421174737,,,,
6130,猎聘,能源/化工/环保,矿山,（矿山）机电工程师,企业职位,重庆金达矿业有限责任公司,50-99人,,深圳,重庆-石柱县,统招本科,5-10年,16-25k,,,,https://www.liepin.com/job/1972969801.shtml,20260408144458,,,,
6131,猎聘,能源/化工/环保,矿山,矿山地质工程师,企业职位,重庆中亚博创地质勘测设计研究院有限责任公司,1-49人,,深圳,重庆-渝北区,本科,5-10年,6-10k,,,,https://www.liepin.com/job/1969334085.shtml,20251127180243,,,,
6132,猎聘,能源/化工/环保,矿山,矿山地质工程师,企业职位,上海东方希望企业服务有限公司,10000人以上,,深圳,重庆-永川区,大专,4年以上,10-16k,,,,https://www.liepin.com/job/1979630295.shtml,20260108114548,,,,
6133,猎聘,能源/化工/环保,矿山,智慧矿山产品负责人,企业职位,大业科技,500-999人,,深圳,重庆-渝北区,本科,1-3年,10-17k,,,,https://www.liepin.com/job/1969714143.shtml,20241225122056,,,,
6134,猎聘,能源/化工/环保,矿山,矿山报告编写工程师,企业职位,重庆中亚博创地质勘测设计研究院有限责任公司,1-49人,,深圳,重庆-渝北区,本科,经验不限,8-12k,,,,https://www.liepin.com/job/1960993621.shtml,20230821200640,,,,
6135,猎聘,能源/化工/环保,矿山,地质经理（海外有色矿山）,企业职位,某知名公司,1-49人,,深圳,重庆,统招本科,7年以上,35-55k·14薪,,,,https://www.liepin.com/a/75674035.shtml,20260609093623,,,,
6136,猎聘,能源/化工/环保,矿山,资深消防安全管理,企业职位,海辰储能,5000-10000人,,深圳,重庆-铜梁区,统招本科,5-10年,12-21k,,,,https://www.liepin.com/job/1973188487.shtml,20260609082710,,,,
6137,猎聘,能源/化工/环保,矿山,能源与电力工程咨询研究所副所长,企业职位,某重庆大型工程管理/勘察/监理公司,2000-5000人,,深圳,重庆,博士,10年以上,40-45k,,,,https://www.liepin.com/a/75398353.shtml,20260521092720,,,,
6138,猎聘,能源/化工/环保,矿山,能源与电力工程咨询研究所 副所长,企业职位,某重庆大型工程管理/勘察/监理公司,2000-5000人,,深圳,重庆,博士,10年以上,35-45k,,,,https://www.liepin.com/a/75446405.shtml,20260509102135,,,,
6139,猎聘,能源/化工/环保,矿山,区域销售总监/高级销售经理（川渝大区）,企业职位,氢通(上海)新能源科技有限公司,100-499人,,深圳,重庆-南岸区,本科,3年以上,15-30k,,,,https://www.liepin.com/job/1979904255.shtml,20260514145914,,,,
6140,猎聘,能源/化工/环保,矿山,化验员,企业职位,某西安其他商务服务业公司,,,深圳,重庆,学历不限,经验不限,15-20k,,,,https://www.liepin.com/a/74904555.shtml,20260602092059,,,,
6141,猎聘,能源/化工/环保,矿山,销售工程师（工业润滑油方向）,企业职位,特浦朗克,100-499人,,深圳,重庆-沙坪坝区,本科,2年以上,8-10k,,,,https://www.liepin.com/job/1980178285.shtml,20260609142743,,,,
6142,猎聘,能源/化工/环保,矿山,现场劳务主管,企业职位,重庆东赢恒康控股集团,2000-5000人,,深圳,重庆-渝北区,大专,5-10年,8-15k,,,,https://www.liepin.com/job/1982728583.shtml,20260608164901,,,,
6143,猎聘,能源/化工/环保,矿山,能源与电力工程咨询研究所 副所长,企业职位,某重庆大型工程管理/勘察/监理公司,2000-5000人,,深圳,重庆,博士,10年以上,30-50k,,,,https://www.liepin.com/a/75391011.shtml,20260508101010,,,,
6144,猎聘,能源/化工/环保,矿山,地质工程师,企业职位,某重庆矿产开采公司,50-99人,,深圳,重庆,本科,3-5年,15-25k·13薪,,,,https://www.liepin.com/a/74766105.shtml,20260521172548,,,,
6145,猎聘,能源/化工/环保,矿山,新能源重卡销售 （双休+包吃包住+社保）,企业职位,道智源科技,1-49人,,深圳,重庆-巴南区,大专,1-3年,6-15k·13薪,,,,https://www.liepin.com/job/1982413769.shtml,20260511135526,,,,
6146,猎聘,能源/化工/环保,矿山,(Sr)Consultant -  ERP/财务共享系统实施顾问 - AI&D - SH/BJ,企业职位,德勤Deloitte,10000人以上,,深圳,重庆-渝中区,统招本科,5年以上,薪资面议,,,,https://www.liepin.com/job/1982876799.shtml,20260526152701,,,,
6147,猎聘,能源/化工/环保,矿山,地质工程师,企业职位,某重庆矿产开采公司,50-99人,,深圳,重庆,本科,8-10年,15-25k·13薪,,,,https://www.liepin.com/a/74770605.shtml,20260608140606,,,,
6148,猎聘,能源/化工/环保,矿山,硬件主管/经理,企业职位,某重庆工业自动化上市公司,500-999人,,深圳,重庆,本科,5年以上,13-25k·15薪,,,,https://www.liepin.com/a/75881999.shtml,20260522163043,,,,
6149,猎聘,能源/化工/环保,矿山,大客户销售（人才画像：工业品销售经验，看得懂机械图纸，5-10年工作经验，负责整机销售方向或者运维方向的大客户开发和对接）,企业职位,某重庆机械/设备公司,1-49人,,深圳,重庆-九龙坡区,大专,5-10年,10-15k,,,,https://www.liepin.com/a/72837279.shtml,20260529163426,,,,
6150,猎聘,能源/化工/环保,矿山,水利高级工程师,企业职位,某重庆大型电力/热力/燃气/水务公司,500-999人,,深圳,重庆,学历不限,3-5年,25-26k,,,,https://www.liepin.com/a/76382643.shtml,20260603184511,,,,
6151,猎聘,能源/化工/环保,矿山,TOB销售（五险 双休）,企业职位,重庆安研科技股份有限公司,50-99人,,深圳,重庆-九龙坡区,大专,1年以上,7-20k,,,,https://www.liepin.com/job/1982454937.shtml,20260512114335,,,,
6152,猎聘,能源/化工/环保,矿山,解决方案专家/顾问,企业职位,和利时科技集团,5000-10000人,,深圳,重庆-渝中区,大专,5-10年,15-25k·15薪,,,,https://www.liepin.com/job/1950536527.shtml,20260520151711,,,,
6153,猎聘,能源/化工/环保,矿山,大客户销售（负责工业高速齿轮箱销售：整机方向和运维两个方向可选）,企业职位,某重庆机械/设备公司,1-49人,,深圳,重庆-九龙坡区,大专,5-10年,10-15k,,,,https://www.liepin.com/a/76327109.shtml,20260602170034,,,,
6154,猎聘,能源/化工/环保,矿山,解决方案,企业职位,某重庆大型矿产开采公司,2000-5000人,,深圳,重庆,本科,3-5年,10-15k,,,,https://www.liepin.com/a/75133049.shtml,20260603110802,,,,
6155,猎聘,能源/化工/环保,矿山,地质工程师,企业职位,某重庆专业技术服务公司,1-49人,,深圳,重庆,大专,10年以上,35-45k,,,,https://www.liepin.com/a/73725145.shtml,20260414131805,,,,
6156,猎聘,能源/化工/环保,矿山,技术副部长,企业职位,重庆赛迪奇智人工智能科技有限公司,100-499人,,深圳,重庆-渝中区,硕士,8年以上,20-30k·14薪,,,,https://www.liepin.com/job/1973529295.shtml,20260608142632,,,,
6157,猎聘,能源/化工/环保,矿山,实验员(J10008),企业职位,康普化学,100-499人,,深圳,重庆-长寿区,本科,经验不限,4-6k,,,,https://www.liepin.com/job/1968176923.shtml,20260522134453,,,,
6158,猎聘,能源/化工/环保,矿山,销售经理,企业职位,某国内专业技术服务公司,,,深圳,重庆,统招本科,5-10年,24-40k·17薪,,,,https://www.liepin.com/a/75643001.shtml,20260513182221,,,,
6159,猎聘,能源/化工/环保,矿山,重卡网络销售主播 （双休+包吃包住+社保）,企业职位,道智源科技,1-49人,,深圳,重庆-巴南区,大专,1-3年,4-5k,,,,https://www.liepin.com/job/1982414059.shtml,20260511135040,,,,
6160,猎聘,能源/化工/环保,矿山,高级硬件工程师,企业职位,某重庆电气机械/器材上市公司,500-999人,,深圳,重庆-九龙坡区,统招本科,5年以上,15-25k,,,,https://www.liepin.com/a/75305103.shtml,20260522165625,,,,
6161,猎聘,能源/化工/环保,矿山,售前解决方案,企业职位,中软国际科技,10000人以上,,深圳,重庆-渝北区,本科,5年以下,16-22k,,,,https://www.liepin.com/job/1975041447.shtml,20250611111840,,,,
6162,猎聘,能源/化工/环保,矿山,安环工程师,企业职位,日昌升集团有限公司,1000-2000人,,深圳,重庆-城口县,大专,5年以上,7-12k,,,,https://www.liepin.com/job/1970355071.shtml,20241113101302,,,,
6163,猎聘,能源/化工/环保,矿山,安全工程,企业职位,金诚信,10000人以上,,深圳,重庆-渝北区,本科,3-5年,10-15k,,,,https://www.liepin.com/job/1968342325.shtml,20240729103330,,,,
6164,猎聘,能源/化工/环保,矿山,解决方案专家,企业职位,大业科技,500-999人,,深圳,重庆-渝北区,本科,3年以上,10-20k,,,,https://www.liepin.com/job/1957773343.shtml,20250803152312,,,,
6165,猎聘,能源/化工/环保,矿山,销售经理,企业职位,重庆菲莫科技有限公司,50-99人,,深圳,重庆-九龙坡区,大专,3-5年,6-12k,,,,https://www.liepin.com/job/1966372313.shtml,20240418180530,,,,
6166,猎聘,能源/化工/环保,矿山,美孚润滑销售经理,企业职位,重庆瑞博机电工程有限公司,1-49人,,深圳,重庆-北碚区,大专,1-3年,10-15k,,,,https://www.liepin.com/job/1982308849.shtml,20260518150911,,,,
6167,猎聘,能源/化工/环保,矿山,销售经理（新能源重卡）,企业职位,深向科技,1000-2000人,,深圳,重庆,大专,经验不限,9-15k,,,,https://www.liepin.com/job/1982369133.shtml,20260516080519,,,,
6168,猎聘,能源/化工/环保,矿山,区域销售经理(可全国驻地),企业职位,深圳盈泰利华技术有限责任公司,100-499人,,深圳,重庆,统招本科,2-10年,7-21k,,,,https://www.liepin.com/job/1980803273.shtml,20260310154616,,,,
6169,猎聘,能源/化工/环保,矿山,商务经理,企业职位,三铭重工,100-499人,,深圳,重庆,本科,5年以上,18-28k,,,,https://www.liepin.com/job/1979640553.shtml,20260606080450,,,,
6170,猎聘,能源/化工/环保,矿山,铸造销售经理,企业职位,三铭重工,100-499人,,深圳,重庆-万州区,大专,5年以上,16-28k·13薪,,,,https://www.liepin.com/job/1979640859.shtml,20260606080450,,,,
6171,猎聘,能源/化工/环保,矿山,选矿厂技术部长,企业职位,某西安人力资源服务公司,100-499人,,深圳,重庆-北碚区,学历不限,经验不限,45-60k,,,,https://www.liepin.com/a/73627799.shtml,20260324103956,,,,
6172,猎聘,能源/化工/环保,矿山,高级硬件工程师（RFID、Zigbee、UWB、Lora）,企业职位,某重庆电气机械/器材上市公司,500-999人,,深圳,重庆,学历不限,5-10年,13-20k,,,,https://www.liepin.com/a/74986361.shtml,20260423140448,,,,
6173,猎聘,能源/化工/环保,矿山,机械工程师（双岗）,企业职位,渝交重工,100-499人,,深圳,重庆-江津区,硕士,3年以上,8-15k,,,,https://www.liepin.com/job/1975978173.shtml,20250723140716,,,,
6174,猎聘,能源/化工/环保,矿山,结构工程师,企业职位,渝交重工,100-499人,,深圳,重庆-江津区,本科,经验不限,5-8k,,,,https://www.liepin.com/job/1975024619.shtml,20250702203436,,,,
6175,猎聘,能源/化工/环保,矿山,液压工程师,企业职位,渝交重工,100-499人,,深圳,重庆-江津区,本科,3-5年,6-8k,,,,https://www.liepin.com/job/1975024355.shtml,20250610163740,,,,
6176,猎聘,能源/化工/环保,矿山,售前技术工程师,企业职位,重庆菲莫科技有限公司,50-99人,,深圳,重庆-九龙坡区,本科,3-5年,7-9k,,,,https://www.liepin.com/job/1966370077.shtml,20240418171948,,,,
6177,猎聘,能源/化工/环保,矿山,自动矿卡工程师,企业职位,某知名公司,500-999人,,深圳,重庆,大专,1-3年,10-11k,,,,https://www.liepin.com/a/73881599.shtml,20260402163559,,,,
6178,猎聘,能源/化工/环保,矿山,高级硬件工程师（RFID、Zigbee、UWB、Lora）,企业职位,某电子/半导体/集成电路公司,50-99人,,深圳,重庆,统招本科,5-10年,15-25k,,,,https://www.liepin.com/a/76050491.shtml,20260608083913,,,,
6179,猎聘,能源/化工/环保,矿山,主任（表面活性剂中心）(J10052),企业职位,康普化学,100-499人,,深圳,重庆-长寿区,博士,3年以上,25-40k,,,,https://www.liepin.com/job/1979791315.shtml,20260331144310,,,,
6180,猎聘,能源/化工/环保,矿山,网络主播（新能源重卡销售）,企业职位,道智源科技,1-49人,,深圳,重庆-巴南区,大专,1-3年,8-12k·13薪,,,,https://www.liepin.com/job/1982413725.shtml,20260511112214,,,,
6181,猎聘,能源/化工/环保,矿山,销售经理,企业职位,重庆九洲星熠导航设备有限公司,100-499人,,深圳,重庆-大渡口区,大专,3-5年,6-18k·15薪,,,,https://www.liepin.com/job/1980073573.shtml,20260512174048,,,,
6182,猎聘,能源/化工/环保,矿山,经销商经理,企业职位,三铭重工,100-499人,,深圳,重庆,大专,3年以上,12-24k·13薪,,,,https://www.liepin.com/job/1979640729.shtml,20260606080450,,,,
6183,猎聘,能源/化工/环保,矿山,国际贸易业务员,企业职位,重庆弘脉天下工贸发展集团有限公司,100-499人,,深圳,重庆-江北区,本科,3-5年,薪资面议,,,,https://www.liepin.com/job/1979601799.shtml,20260107135751,,,,
6184,猎聘,能源/化工/环保,矿山,渠道总监,企业职位,三铭重工,100-499人,,深圳,重庆,本科,10年以上,20-35k·14薪,,,,https://www.liepin.com/job/1979337143.shtml,20260606080450,,,,
6185,猎聘,能源/化工/环保,矿山,港口销售,企业职位,重庆桑瑞思科技发展有限公司,50-99人,,深圳,重庆,本科,5-10年,8-16k,,,,https://www.liepin.com/job/1981034679.shtml,20260401111307,,,,
6186,猎聘,能源/化工/环保,矿山,高级市场经理,企业职位,金茂智慧交通科技有限公司北京分公司,100-499人,,深圳,重庆-渝中区,本科,5-10年,14-30k·13薪,,,,https://www.liepin.com/job/1977392557.shtml,20250922111532,,,,
6187,猎聘,能源/化工/环保,矿山,机械工程师,企业职位,金诚信,10000人以上,,深圳,重庆-渝北区,本科,经验不限,10-15k,,,,https://www.liepin.com/job/1967938693.shtml,20240625161256,,,,
6188,猎聘,能源/化工/环保,矿山,机械、电气 自动化专业,企业职位,金诚信,10000人以上,,深圳,重庆-渝北区,本科,经验不限,10-15k,,,,https://www.liepin.com/job/1967821459.shtml,20240625144230,,,,
6189,猎聘,能源/化工/环保,矿山,高级硬件工程师,企业职位,某重庆电气机械/器材上市公司,500-999人,,深圳,重庆-九龙坡区,本科,5-10年,12-20k,,,,https://www.liepin.com/a/74992733.shtml,20260423151252,,,,
6190,猎聘,能源/化工/环保,矿山,铜精矿/阴极铜进口贸易负责人（高级贸易经理）,企业职位,华蒙能投(重庆)国际贸易有限责任公司,1-49人,,深圳,重庆-渝中区,本科,3-5年,10-12k,,,,https://www.liepin.com/job/1981559959.shtml,20260408093557,,,,
6191,猎聘,能源/化工/环保,矿山,资深精益咨询顾问-设备方向,企业职位,天津爱波瑞科技发展有限公司,100-499人,,深圳,重庆-渝中区,本科,10年以上,15-35k·16薪,,,,https://www.liepin.com/job/1968370363.shtml,20241121215356,,,,
6192,猎聘,能源/化工/环保,矿山,机械工程师,企业职位,高能时代,2000-5000人,,深圳,重庆-潼南区,大专,5年以上,10-14k,,,,https://www.liepin.com/job/1973151841.shtml,20250316080729,,,,
6193,猎聘,能源/化工/环保,矿山,高级硬件工程师,企业职位,重庆梅安森科技股份有限公司,100-499人,,深圳,重庆,本科,5年以上,12-20k,,,,https://www.liepin.com/job/1949499929.shtml,20260401113007,,,,
6194,猎聘,能源/化工/环保,矿山,地理信息,企业职位,长安汽车,10000人以上,,深圳,重庆-江北区,统招本科,经验不限,13-27k,,,,https://www.liepin.com/job/1952545887.shtml,20260212085914,,,,
6195,猎聘,能源/化工/环保,矿山,质检员,企业职位,大业科技,500-999人,,深圳,重庆-涪陵区,中专/中技,1-3年,7-8k,,,,https://www.liepin.com/job/1976997733.shtml,20250905084743,,,,
6196,猎聘,能源/化工/环保,矿山,一级机电建造师,企业职位,四川宏旺聚玉企业管理有限公司,500-999人,,深圳,重庆-南岸区,本科,2年以上,10-21k,,,,https://www.liepin.com/job/1977841985.shtml,20251017162950,,,,
6197,猎聘,能源/化工/环保,矿山,矿长,企业职位,重庆至恒新材料有限公司,1-49人,,深圳,重庆-荣昌区,本科,5-10年,8-12k,,,,https://www.liepin.com/job/1980695647.shtml,20260306095345,,,,
6198,猎聘,能源/化工/环保,矿山,设备维修技术员,企业职位,重庆平伟半导体,1000-2000人,,深圳,重庆-梁平区,大专,经验不限,4-7k·14薪,,,,https://www.liepin.com/job/1972100547.shtml,20251112094132,,,,
6199,猎聘,能源/化工/环保,矿山,机械工程师,企业职位,大业科技,500-999人,,深圳,重庆-涪陵区,本科,3-5年,10-15k,,,,https://www.liepin.com/job/1975387985.shtml,20250626142617,,,,
6200,猎聘,能源/化工/环保,矿山,人力资源经理（组织绩效）,企业职位,大业科技,500-999人,,深圳,重庆-涪陵区,统招本科,5-10年,15-20k,,,,https://www.liepin.com/job/1975132251.shtml,20250616092133,,,,
6201,猎聘,能源/化工/环保,矿山,前瞻院-地图产品工程师J18707,企业职位,长安汽车,10000人以上,,深圳,重庆,本科,1-3年,13-18k,,,,https://www.liepin.com/job/1957802387.shtml,20230414095816,,,,
6202,猎聘,能源/化工/环保,矿山,海外运营助理,企业职位,渝交重工,100-499人,,深圳,重庆-江津区,本科,3-5年,8-10k,,,,https://www.liepin.com/job/1975353663.shtml,20250625112156,,,,
6203,猎聘,能源/化工/环保,矿山,采购部长,企业职位,渝交重工,100-499人,,深圳,重庆-江津区,本科,3-5年,6-10k,,,,https://www.liepin.com/job/1975353251.shtml,20250625111338,,,,
6204,猎聘,能源/化工/环保,矿山,井下作业部经理,企业职位,重庆泛嘉控股有限公司,100-499人,,深圳,重庆-南岸区,本科,5-10年,8-12k,,,,https://www.liepin.com/job/1977417687.shtml,20250923100439,,,,
6205,猎聘,能源/化工/环保,矿山,地图算法工程师,企业职位,长安汽车,10000人以上,,深圳,重庆,本科,3-5年,16-21k·15薪,,,,https://www.liepin.com/job/1952958111.shtml,20230419101212,,,,
6206,猎聘,能源/化工/环保,矿山,电工,企业职位,大业科技,500-999人,,深圳,重庆-涪陵区,中专/中技,1-3年,6-8k,,,,https://www.liepin.com/job/1975149035.shtml,20250616153601,,,,
6207,猎聘,能源/化工/环保,矿山,机械工程师,企业职位,大业科技,500-999人,,深圳,重庆-涪陵区,大专,5-10年,10-12k,,,,https://www.liepin.com/job/1975150597.shtml,20250616160421,,,,
6208,猎聘,能源/化工/环保,矿山,地图产品经理,企业职位,长安汽车,10000人以上,,深圳,重庆,本科,3-5年,12-24k·15薪,,,,https://www.liepin.com/job/1970565763.shtml,20241101141830,,,,
6209,猎聘,能源/化工/环保,矿山,机械维修/保养,企业职位,大业科技,500-999人,,深圳,重庆-南岸区,学历不限,1-3年,7-8k,,,,https://www.liepin.com/job/1975566441.shtml,20250704161640,,,,
6210,猎聘,能源/化工/环保,矿山,前瞻院-地图软件开发工程师(J20769),企业职位,长安汽车,10000人以上,,深圳,重庆,本科,1-3年,14-18k,,,,https://www.liepin.com/job/1965669947.shtml,20240321145211,,,,
6211,猎聘,能源/化工/环保,矿山,前瞻院-地图算法开发工程师(J21324)-北京,企业职位,长安汽车,10000人以上,,深圳,重庆,本科,3-5年,15-20k,,,,https://www.liepin.com/job/1965669827.shtml,20240321145247,,,,
6212,猎聘,能源/化工/环保,矿山,地质测绘工程师,企业职位,大业科技,500-999人,,深圳,重庆-涪陵区,大专,3-5年,8-12k,,,,https://www.liepin.com/job/1959732899.shtml,20230704093100,,,,
6213,猎聘,能源/化工/环保,矿山,地质工程师,企业职位,重庆飞翔地质工程勘察有限公司,1-49人,,深圳,重庆-渝北区,大专,8-10年,12-20k,,,,https://www.liepin.com/job/1971090793.shtml,20241127174924,,,,
6214,猎聘,能源/化工/环保,矿山,安全评价工程师,企业职位,重庆中亚博创地质勘测设计研究院有限责任公司,1-49人,,深圳,重庆-渝北区,本科,3-5年,8-10k,,,,https://www.liepin.com/job/1971528271.shtml,20251127180243,,,,
6215,猎聘,能源/化工/环保,矿山,地图产品经理,企业职位,长安汽车,10000人以上,,深圳,重庆,本科,经验不限,12-24k,,,,https://www.liepin.com/job/1952900761.shtml,20240218144135,,,,
6216,猎聘,能源/化工/环保,矿山,地图软件开发及运维工程师,企业职位,长安汽车,10000人以上,,深圳,重庆,本科,3-5年,15-30k,,,,https://www.liepin.com/job/1965869359.shtml,20240328194229,,,,
6217,猎聘,能源/化工/环保,矿山,高级硬件工程师,企业职位,重庆梅安森科技股份有限公司,100-499人,,深圳,重庆,本科,5-10年,10-20k,,,,https://www.liepin.com/job/1945091699.shtml,20231011160140,,,,
6218,猎聘,能源/化工/环保,矿山,销售经理,企业职位,江陆激光,50-99人,,深圳,重庆-巴南区,中专/中技,5-10年,4-9k,,,,https://www.liepin.com/job/1958612833.shtml,20250423175054,,,,
6219,猎聘,能源/化工/环保,矿山,工业设备销售经理,企业职位,重庆联昶科技股份有限公司,50-99人,,深圳,重庆-北碚区,大专,3-5年,10-16k,,,,https://www.liepin.com/job/1960751763.shtml,20250421165425,,,,
6220,猎聘,能源/化工/环保,矿山,销售经理,企业职位,重庆联昶科技股份有限公司,50-99人,,深圳,重庆-北碚区,大专,5-10年,10-16k,,,,https://www.liepin.com/job/1966253399.shtml,20250421165425,,,,
6221,猎聘,能源/化工/环保,矿山,液压行业-销售经理,企业职位,重庆轻锐洋智能科技有限公司,1-49人,,深圳,重庆-渝北区,学历不限,经验不限,5-10k,,,,https://www.liepin.com/job/1972207917.shtml,20250208112336,,,,
6222,猎聘,能源/化工/环保,矿山,勘察设计,企业职位,重庆市地质矿产勘查开发集团国际矿业有限公司,500-999人,,深圳,重庆,本科,经验不限,2-6k,,,,https://www.liepin.com/job/1943277865.shtml,20230911104650,,,,
6223,猎聘,能源/化工/环保,矿山,现场施工管理,企业职位,重庆市地质矿产勘查开发集团国际矿业有限公司,500-999人,,深圳,重庆,本科,经验不限,2-6k,,,,https://www.liepin.com/job/1944154745.shtml,20230911104650,,,,
6224,猎聘,能源/化工/环保,矿山,地球物理勘查专技人员,企业职位,重庆市地质矿产勘查开发集团国际矿业有限公司,500-999人,,深圳,重庆,本科,经验不限,2-6k,,,,https://www.liepin.com/job/1944154435.shtml,20230911104650,,,,
6225,猎聘,能源/化工/环保,矿山,环境工程专业技术人员,企业职位,重庆市地质矿产勘查开发集团国际矿业有限公司,500-999人,,深圳,重庆,本科,经验不限,2-6k,,,,https://www.liepin.com/job/1944153995.shtml,20230911104650,,,,
6226,猎聘,能源/化工/环保,矿山,生产总监,企业职位,库车中祥商贸有限公司,1-49人,,深圳,重庆,大专,3-5年,8-15k,,,,https://www.liepin.com/job/1940837685.shtml,20210722190550,,,,
6227,猎聘,能源/化工/环保,矿山,解决方案经理,企业职位,重庆领德普明工程技术有限公司,50-99人,,深圳,重庆,本科,3年以上,11-18k,,,,https://www.liepin.com/job/1983280719.shtml,20260609135241,,,,
6228,猎聘,能源/化工/环保,矿山,算法工程师（业务）,企业职位,重庆领德普明工程技术有限公司,50-99人,,深圳,重庆,硕士,经验不限,13-18k,,,,https://www.liepin.com/job/1983267789.shtml,20260609094936,,,,
6229,猎聘,能源/化工/环保,矿山,财务分析经理/主管,猎头职位,嘉兴新模文化传媒有限公司,1-49人,,深圳,温州-瓯海区,大专,1-3年,5-6k,,,,https://www.liepin.com/job/1965519789.shtml,20240315175454,,,,
6230,猎聘,能源/化工/环保,矿山,副总裁（矿山事业）,企业职位,融捷股份有限公司,500-999人,,成都,广州-天河区,统招本科,10年以上,50-80k,,,,https://www.liepin.com/job/1982367249.shtml,20260609085449,,,,
6231,猎聘,能源/化工/环保,矿山,矿山执行总经理,企业职位,某知名公司,50-99人,,成都,深圳,本科,10年以上,60-90k,,,,https://www.liepin.com/a/74113013.shtml,20260401100243,,,,
6232,猎聘,能源/化工/环保,矿山,生产副总（矿山砂石）,企业职位,某知名公司,500-999人,,成都,肇庆,统招本科,5-10年,15-26k,,,,https://www.liepin.com/a/74693883.shtml,20260519181755,,,,
6233,猎聘,能源/化工/环保,矿山,海外矿山项目人员,企业职位,某知名公司,2000-5000人,,成都,广州,统招本科,3-5年,20-40k·15薪,,,,https://www.liepin.com/a/75877941.shtml,20260609092516,,,,
6234,猎聘,能源/化工/环保,矿山,【国企】矿山机电工程师（露天砂石骨料）,企业职位,某知名公司,,,成都,阳江-阳西县,大专,5-10年,15-18k,,,,https://www.liepin.com/a/76347147.shtml,20260609095305,,,,
6235,猎聘,能源/化工/环保,矿山,解决方案工程/经理（零碳矿山）,企业职位,欣旺达,10000人以上,,成都,深圳-光明区,本科,5年以上,15-30k·14薪,,,,https://www.liepin.com/job/1981460195.shtml,20260609174314,,,,
6236,猎聘,能源/化工/环保,矿山,集团财务部长（金属冶炼矿山开采）,企业职位,某深圳大型新能源公司,2000-5000人,,成都,深圳,统招本科,10年以上,45-75k,,,,https://www.liepin.com/a/75742283.shtml,20260604213313,,,,
6237,猎聘,能源/化工/环保,矿山,矿山机械副总经理（2人）,企业职位,某知名机械/设备上市公司,10000人以上,,成都,广州,统招本科,10年以上,50-80k·15薪,,,,https://www.liepin.com/a/76034387.shtml,20260609095104,,,,
6238,猎聘,能源/化工/环保,矿山,矿山执行总经理,企业职位,某国内矿产开采上市公司,10000人以上,,成都,深圳,本科,10年以上,200-260k,,,,https://www.liepin.com/a/74951715.shtml,20260520133606,,,,
6239,猎聘,能源/化工/环保,矿山,矿山机电设备经理/主管（外派）,企业职位,某知名上市公司,10000人以上,,成都,深圳,本科,5-10年,50-80k,,,,https://www.liepin.com/a/76028739.shtml,20260525165911,,,,
6240,猎聘,能源/化工/环保,矿山,矿山机电工程师,企业职位,某知名公司,,,成都,阳江,大专,5年以上,16-17k,,,,https://www.liepin.com/a/76349233.shtml,20260603104715,,,,
6241,猎聘,能源/化工/环保,矿山,安全管理部高级主管（矿山安全工程师）,企业职位,某知名公司,,,成都,阳江,大专,5年以上,16-17k,,,,https://www.liepin.com/a/76349709.shtml,20260603105141,,,,
6242,猎聘,能源/化工/环保,矿山,矿山设备采购经理（英语口语流利）,企业职位,淘珀贸易(深圳)有限公司,5000-10000人,,成都,深圳-宝安区,本科,1-3年,12-14k,,,,https://www.liepin.com/job/1982367519.shtml,20260509084741,,,,
6243,猎聘,能源/化工/环保,矿山,服务管理岗（矿山驻矿业务管理方向）,企业职位,三一集团,10000人以上,,成都,广州-海珠区,统招本科,5年以上,25-35k·14薪,,,,https://www.liepin.com/job/1982376339.shtml,20260509112819,,,,
6244,猎聘,能源/化工/环保,矿山,矿山机电工程师-央企下属露天矿山,企业职位,某国内石化公司,,,成都,阳江,大专,5年以上,10-11k·15薪,,,,https://www.liepin.com/a/75890683.shtml,20260607105033,,,,
6245,猎聘,能源/化工/环保,矿山,安全管理部高级主管（矿山安全工程师-央企露天矿山）,企业职位,某国内石化公司,,,成都,阳江,大专,5-10年,10-15k·16薪,,,,https://www.liepin.com/a/75951355.shtml,20260607105033,,,,
6246,猎聘,能源/化工/环保,矿山,中级测量工程师（露天矿山）,企业职位,某广州人力资源服务公司,50-99人,,成都,惠州,学历不限,10年以上,14-15k,,,,https://www.liepin.com/a/76103217.shtml,20260608112100,,,,
6247,猎聘,能源/化工/环保,矿山,地质工程师（矿山地质）（河源市-紫金县）,企业职位,天高集团,2000-5000人,,成都,河源-紫金县,大专,5年以上,9-12k,,,,https://www.liepin.com/job/1983019877.shtml,20260601105038,,,,
6248,猎聘,能源/化工/环保,矿山,能源矿山行业销售,企业职位,清研讯科(北京)科技有限公司,100-499人,,成都,广州-越秀区,大专,2年以上,14-22k,,,,https://www.liepin.com/job/1982880541.shtml,20260609093944,,,,
6249,猎聘,能源/化工/环保,矿山,安全管理部高级主管（矿山安全工程师）,企业职位,某长沙大型工程施工公司,5000-10000人,,成都,阳江-阳西县,学历不限,5-10年,20-21k,,,,https://www.liepin.com/a/75382489.shtml,20260508083312,,,,
6250,猎聘,能源/化工/环保,矿山,安全管理部安全主管(职业健康与培训主管-央企露天矿山）,企业职位,某国内石化公司,,,成都,阳江,大专,5-10年,9-12k·14薪,,,,https://www.liepin.com/a/75951669.shtml,20260607105033,,,,
6251,猎聘,能源/化工/环保,矿山,集团财务部长（金属冶炼矿山开采制造业）,企业职位,某深圳大型新能源公司,2000-5000人,,成都,深圳,统招本科,10年以上,30-55k,,,,https://www.liepin.com/a/75984289.shtml,20260524125636,,,,
6252,猎聘,能源/化工/环保,矿山,矿山安全管理岗（国企））,企业职位,某广州贸易进出口公司,100-499人,,成都,广州,学历不限,3-5年,18-35k,,,,https://www.liepin.com/a/74304395.shtml,20260407100625,,,,
6253,猎聘,能源/化工/环保,矿山,技防专家（矿山）,企业职位,某国内矿产开采上市公司,5000-10000人,,成都,深圳,本科,10年以上,90-120k·13薪,,,,https://www.liepin.com/a/76346565.shtml,20260609093619,,,,
6254,猎聘,能源/化工/环保,矿山,矿山机电工程师,企业职位,某长沙大型工程施工公司,5000-10000人,,成都,阳江-阳西县,大专,5-10年,20-21k,,,,https://www.liepin.com/a/75382457.shtml,20260508083134,,,,
6255,猎聘,能源/化工/环保,矿山,矿山安全管理部体系与应急主管,企业职位,某知名公司,,,成都,阳江,大专,5-10年,13-15k,,,,https://www.liepin.com/a/76487991.shtml,20260606212633,,,,
6256,猎聘,能源/化工/环保,矿山,矿山总经理,企业职位,创想湾地产集团,100-499人,,成都,深圳-罗湖区,大专,10年以上,25-55k,,,,https://www.liepin.com/job/1964634925.shtml,20260608101142,,,,
6257,猎聘,能源/化工/环保,矿山,矿山施工资料员,企业职位,广州市瀚贤矿产业技术咨询有限公司,1-49人,,成都,茂名-茂南区,中专/中技,经验不限,5-7k,,,,https://www.liepin.com/job/1982122885.shtml,20260522150722,,,,
6258,猎聘,能源/化工/环保,矿山,矿山安全岗-总部环境健康和安全部,企业职位,华润建材科技,10000人以上,,成都,深圳-罗湖区,统招本科,8年以上,12-18k,,,,https://www.liepin.com/job/1981537081.shtml,20260407145242,,,,
6259,猎聘,能源/化工/环保,矿山,安全管理部安全主管(体系与应急主管-央企露天矿山）,企业职位,某国内石化公司,,,成都,阳江,大专,5-10年,9-12k·16薪,,,,https://www.liepin.com/a/75951511.shtml,20260607105033,,,,
6260,猎聘,能源/化工/环保,矿山,矿山安全岗专业副总监-总部环境健康和安全部,企业职位,华润建材科技,10000人以上,,成都,深圳-罗湖区,本科,经验不限,20-28k,,,,https://www.liepin.com/job/1979051119.shtml,20260407145507,,,,
6261,猎聘,能源/化工/环保,矿山,矿山总经理,企业职位,创想湾地产集团,100-499人,,成都,深圳-罗湖区,大专,10年以上,20-40k,,,,https://www.liepin.com/job/1978964583.shtml,20260608100955,,,,
6262,猎聘,能源/化工/环保,矿山,销售经理-矿山港口,企业职位,某深圳计算机硬件公司,100-499人,,成都,深圳-南山区,统招本科,3-5年,25-35k,,,,https://www.liepin.com/a/73319401.shtml,20260609103735,,,,
6263,猎聘,能源/化工/环保,矿山,矿山安全环境部长(刚果金),企业职位,某深圳大型新能源公司,2000-5000人,,成都,深圳,大专,10年以上,30-45k·13薪,,,,https://www.liepin.com/a/75928353.shtml,20260609082809,,,,
6264,猎聘,能源/化工/环保,矿山,大客户销售经理（港口/矿山行业）,企业职位,艾灵网络,100-499人,,成都,深圳-南山区,本科,2-5年,10-30k,,,,https://www.liepin.com/job/1981381243.shtml,20260604182037,,,,
6265,猎聘,能源/化工/环保,矿山,矿山总经理,企业职位,创想湾集团,100-499人,,成都,深圳-福田区,大专,10年以上,20-40k,,,,https://www.liepin.com/job/1971420255.shtml,20260608101028,,,,
6266,猎聘,能源/化工/环保,矿山,机械工程师（矿山机械设计）,企业职位,贝特瑞集团,10000人以上,,成都,深圳-光明区,统招本科,8年以上,20-40k,,,,https://www.liepin.com/job/1981030705.shtml,20260331083612,,,,
6267,猎聘,能源/化工/环保,矿山,矿山副总,企业职位,深圳亿特控股(集团)有限公司,2000-5000人,,成都,深圳-福田区,大专,10年以上,65-75k,,,,https://www.liepin.com/job/1957439891.shtml,20260211113001,,,,
6268,猎聘,能源/化工/环保,矿山,矿山机电工程师,企业职位,某知名公司,,,成都,阳江,大专,5-10年,16-18k,,,,https://www.liepin.com/a/76487959.shtml,20260606212349,,,,
6269,猎聘,能源/化工/环保,矿山,软件工程师-矿山调度系统（广州/成都）,企业职位,睿秀企业管理,50-99人,,成都,广州-天河区,本科,3-5年,40-70k,,,,https://www.liepin.com/job/1981952945.shtml,20260605171028,,,,
6270,猎聘,能源/化工/环保,矿山,矿山总经理,企业职位,创想湾数贸,1-49人,,成都,深圳-福田区,大专,10年以上,20-40k,,,,https://www.liepin.com/job/1973005147.shtml,20260608101112,,,,
6271,猎聘,能源/化工/环保,矿山,矿山副总 刚果金铜,企业职位,深圳亿特控股(集团)有限公司,2000-5000人,,成都,深圳-福田区,大专,10年以上,70-100k·14薪,,,,https://www.liepin.com/job/1970013821.shtml,20260211112933,,,,
6272,猎聘,能源/化工/环保,矿山,矿山机电工程师（露天矿）-国企,企业职位,某知名公司,,,成都,阳江,大专,5-10年,15-20k,,,,https://www.liepin.com/a/76399115.shtml,20260604104804,,,,
6273,猎聘,能源/化工/环保,矿山,矿山技术副总(刚果金),企业职位,某深圳大型新能源公司,2000-5000人,,成都,深圳,统招本科,10年以上,70-100k,,,,https://www.liepin.com/a/74943459.shtml,20260609082809,,,,
6274,猎聘,能源/化工/环保,矿山,矿山安全管理部高级主管,企业职位,某知名公司,,,成都,阳江,学历不限,5-10年,16-18k,,,,https://www.liepin.com/a/76487971.shtml,20260606212545,,,,
6275,猎聘,能源/化工/环保,矿山,海外矿山综合管理负责人,企业职位,某知名公司,100-499人,,成都,广州,本科,经验不限,35-40k,,,,https://www.liepin.com/a/74432139.shtml,20260605140704,,,,
6276,猎聘,能源/化工/环保,矿山,矿山机械设备高级工程师,企业职位,深圳亿特控股(集团)有限公司,2000-5000人,,成都,广州-天河区,本科,5年以上,30-50k·13薪,,,,https://www.liepin.com/job/1975505947.shtml,20260211112914,,,,
6277,猎聘,能源/化工/环保,矿山,矿山机械设备高级工程师,企业职位,深圳亿特控股(集团)有限公司,2000-5000人,,成都,深圳-南山区,本科,5年以上,30-50k·13薪,,,,https://www.liepin.com/job/1975502301.shtml,20260211112919,,,,
6278,猎聘,能源/化工/环保,矿山,人力资源总监/集团人力负责人（矿山、有色金属、冶炼、铜）,企业职位,深圳亿特控股(集团)有限公司,2000-5000人,,成都,广州-天河区,本科,10年以上,30-50k·13薪,,,,https://www.liepin.com/job/1968838991.shtml,20260211112937,,,,
6279,猎聘,能源/化工/环保,矿山,矿山资源开发负责人,企业职位,寒锐钴业,1000-2000人,,成都,深圳-罗湖区,本科,5-10年,90-120k,,,,https://www.liepin.com/job/1975767357.shtml,20250821152715,,,,
6280,猎聘,能源/化工/环保,矿山,矿山技术部部长（非洲刚果金）,企业职位,某深圳大型新能源公司,2000-5000人,,成都,深圳,统招本科,10年以上,35-45k,,,,https://www.liepin.com/a/73290929.shtml,20260609082809,,,,
6281,猎聘,能源/化工/环保,矿山,储备外派财务部长(矿山、有色金属),企业职位,深圳亿特控股(集团)有限公司,2000-5000人,,成都,深圳-福田区,本科,10年以上,25-40k·14薪,,,,https://www.liepin.com/job/1968528965.shtml,20260211112922,,,,
6282,猎聘,能源/化工/环保,矿山,项目总监（混凝土砂石骨料矿山项目负责人）,企业职位,广物混凝土,100-499人,,成都,云浮-云城区,统招本科,10年以上,30-60k,,,,https://www.liepin.com/job/1977557903.shtml,20260513111315,,,,
6283,猎聘,能源/化工/环保,矿山,矿山注册安全工程师,企业职位,中交一建(天津)集团有限公司,50-99人,,成都,揭阳-榕城区,大专,5年以上,15-20k,,,,https://www.liepin.com/job/1981794719.shtml,20260415163815,,,,
6284,猎聘,能源/化工/环保,矿山,矿山专职安全人员,企业职位,惠州港湾绿色矿产资源有限公司,1-49人,,成都,惠州-惠阳区,本科,5年以上,10-14k·13薪,,,,https://www.liepin.com/job/1981443781.shtml,20260402100817,,,,
6285,猎聘,能源/化工/环保,矿山,矿山弱电技术员,企业职位,惠州港湾绿色矿产资源有限公司,1-49人,,成都,惠州-惠阳区,本科,3年以上,9-12k·13薪,,,,https://www.liepin.com/job/1981443287.shtml,20260402100106,,,,
6286,猎聘,能源/化工/环保,矿山,矿山测量工程师,企业职位,惠州港湾绿色矿产资源有限公司,1-49人,,成都,惠州-惠阳区,本科,5年以上,10-15k·13薪,,,,https://www.liepin.com/job/1981442777.shtml,20260402095300,,,,
6287,猎聘,能源/化工/环保,矿山,矿山机械工程师,企业职位,惠州港湾绿色矿产资源有限公司,1-49人,,成都,惠州-惠阳区,本科,5年以上,9-14k·13薪,,,,https://www.liepin.com/job/1981442929.shtml,20260402095449,,,,
6288,猎聘,能源/化工/环保,矿山,矿山地质工程师,企业职位,中国兵器工业北方勘察设计研究院有限公司广州分公司,100-499人,,成都,广州-南沙区,统招本科,3-5年,8-10k·15薪,,,,https://www.liepin.com/job/1981735885.shtml,20260414105555,,,,
6289,猎聘,能源/化工/环保,矿山,矿山安全管理人员,企业职位,惠州港湾绿色矿产资源有限公司,1-49人,,成都,惠州-惠阳区,本科,10年以上,10-17k·13薪,,,,https://www.liepin.com/job/1981432061.shtml,20260401171517,,,,
6290,猎聘,能源/化工/环保,矿山,全栈工程师（矿山调度系统）,企业职位,某广州医药流通公司,,,成都,广州-天河区,本科,3-5年,40-60k,,,,https://www.liepin.com/a/74359717.shtml,20260409183246,,,,
6291,猎聘,能源/化工/环保,矿山,集团人力资源部部长/人力资源总监2（矿山、有色金属、冶炼、铜）,企业职位,深圳亿特控股(集团)有限公司,2000-5000人,,成都,深圳-福田区,本科,10年以上,30-50k·13薪,,,,https://www.liepin.com/job/1966663357.shtml,20260211112948,,,,
6292,猎聘,能源/化工/环保,矿山,矿山地质工程师,企业职位,惠州港湾绿色矿产资源有限公司,1-49人,,成都,惠州-惠阳区,本科,5年以上,10-15k·13薪,,,,https://www.liepin.com/job/1981442637.shtml,20260402095035,,,,
6293,猎聘,能源/化工/环保,矿山,工程经理（矿山工程）,企业职位,广东玖顺控股有限公司,50-99人,,成都,东莞-东城区,本科,5年以上,15-30k,,,,https://www.liepin.com/job/1975230831.shtml,20260114110551,,,,
6294,猎聘,能源/化工/环保,矿山,矿山技术总工,企业职位,深圳亿特控股(集团)有限公司,2000-5000人,,成都,深圳-福田区,大专,10年以上,30-40k·13薪,,,,https://www.liepin.com/job/1957439787.shtml,20260211112956,,,,
6295,猎聘,能源/化工/环保,矿山,矿山微电网项目经理（津巴布韦）,企业职位,某国内矿产开采上市公司,10000人以上,,成都,深圳,本科,3-5年,25-35k·14薪,,,,https://www.liepin.com/a/76590345.shtml,20260609161627,,,,
6296,猎聘,能源/化工/环保,矿山,安全管理部高级主管（矿山安全工程师）,企业职位,某国内石化公司,,,成都,阳江,大专,3年以上,14-18k,,,,https://www.liepin.com/a/76589547.shtml,20260609160720,,,,
6297,猎聘,能源/化工/环保,矿山,项目管理岗（高管储备人才）（广州国企，30-60万，5年矿山开采/基建工程/建筑现场等施工单位相关管理工作经验，施工项目管理负责人优先）,企业职位,某广州贸易进出口公司,100-499人,,成都,广州,统招本科,5-10年,50-60k,,,,https://www.liepin.com/a/74294503.shtml,20260406194759,,,,
6298,猎聘,能源/化工/环保,矿山,项目管理岗（高管储备人才）（广州国企，30-60万，5年矿山开采/基建工程/建筑现场等施工单位相关管理工作经验，施工项目管理负责人优先）,企业职位,某广州贸易进出口公司,100-499人,,成都,广州,统招本科,5-10年,50-60k,,,,https://www.liepin.com/a/74294507.shtml,20260406194759,,,,
6299,猎聘,能源/化工/环保,矿山,项目管理岗（高管储备人才）（广州国企，30-60万，5年矿山开采/基建工程/建筑现场等施工单位相关管理工作经验，施工项目管理负责人优先）,企业职位,某广州贸易进出口公司,100-499人,,成都,广州,统招本科,5-10年,50-60k,,,,https://www.liepin.com/a/74294505.shtml,20260406194759,,,,
6300,猎聘,能源/化工/环保,矿山,集团人力资源部部长/人力资源总监（矿山、有色金属、冶炼、铜）,企业职位,深圳亿特控股(集团)有限公司,2000-5000人,,成都,深圳-福田区,本科,10年以上,30-50k·13薪,,,,https://www.liepin.com/job/1966271949.shtml,20260211112945,,,,
6301,猎聘,能源/化工/环保,矿山,矿山技术员/矿山勘察工程师,企业职位,国恺生物科技股份有限公司,50-99人,,成都,中山,本科,5年以上,15-20k,,,,https://www.liepin.com/job/1977886593.shtml,20251021141944,,,,
6302,猎聘,能源/化工/环保,矿山,数字化矿山 三维采矿 软件售前,企业职位,上海学珍企业管理咨询事务所,100-499人,,成都,广州-天河区,统招本科,5-10年,35-65k·14薪,,,,https://www.liepin.com/job/1953064401.shtml,20260609010454,,,,
6303,猎聘,能源/化工/环保,矿山,招聘主管/HRBP(深圳工作-矿山冶炼行业),企业职位,深圳亿特控股(集团)有限公司,2000-5000人,,成都,广州-天河区,统招本科,3-5年,10-18k·13薪,,,,https://www.liepin.com/job/1968786577.shtml,20260211112937,,,,
6304,猎聘,能源/化工/环保,矿山,电力系统自动化销售经理（冶金/金属加工/非煤矿山）,企业职位,珠海优特电力科技股份有限公司,2000-5000人,,成都,珠海-香洲区,大专,3-5年,13-18k,,,,https://www.liepin.com/job/1983184299.shtml,20260605174342,,,,
6305,猎聘,能源/化工/环保,矿山,人力资源经理/招聘经理（有色金属/矿山）,企业职位,深圳亿特控股(集团)有限公司,2000-5000人,,成都,深圳-福田区,统招本科,5-10年,13-18k·13薪,,,,https://www.liepin.com/job/1969043561.shtml,20260211112933,,,,
6306,猎聘,能源/化工/环保,矿山,矿山项目总经理,企业职位,海博茂义,1-49人,,成都,深圳-福田区,本科,10年以上,50-80k,,,,https://www.liepin.com/job/1967781065.shtml,20240618163936,,,,
6307,猎聘,能源/化工/环保,矿山,工程助理（矿山）,企业职位,华南机械制造有限公司,50-99人,,成都,广州,大专,1-3年,4-6k,,,,https://www.liepin.com/job/1922325017.shtml,20200428133705,,,,
6308,猎聘,能源/化工/环保,矿山,矿山安全管理部职业健康与培训主管,企业职位,某知名公司,,,成都,阳江,大专,5-10年,13-15k,,,,https://www.liepin.com/a/76488041.shtml,20260606212715,,,,
6309,猎聘,能源/化工/环保,矿山,矿山电气技术员,企业职位,惠州港湾绿色矿产资源有限公司,1-49人,,成都,惠州-惠阳区,本科,3年以上,9-13k·13薪,,,,https://www.liepin.com/job/1981443049.shtml,20260402095717,,,,
6310,猎聘,能源/化工/环保,矿山,安全管理岗（珠海，德资高新，20-40万，本，注册安全管理师（非金属矿山方向））,企业职位,某广州贸易进出口公司,100-499人,,成都,广州,统招本科,5-10年,20-35k,,,,https://www.liepin.com/a/74294569.shtml,20260406195832,,,,
6311,猎聘,能源/化工/环保,矿山,招聘主管/HRBP(深圳工作-矿山冶炼行业),企业职位,深圳亿特控股(集团)有限公司,2000-5000人,,成都,深圳-福田区,统招本科,5-10年,12-20k·13薪,,,,https://www.liepin.com/job/1968992043.shtml,20241223163112,,,,
6312,猎聘,能源/化工/环保,矿山,矿山工程总监,企业职位,广东玖顺控股有限公司,50-99人,,成都,东莞-东城区,本科,经验不限,15-20k,,,,https://www.liepin.com/job/1976253953.shtml,20250805101426,,,,
6313,猎聘,能源/化工/环保,矿山,非煤矿山设备检测检验,企业职位,广东省安全生产技术中心有限公司,100-499人,,成都,广州-黄埔区,本科,经验不限,5-10k,,,,https://www.liepin.com/job/1960131309.shtml,20230719153811,,,,
6314,猎聘,能源/化工/环保,矿山,机械设计（矿山机械设备 圆锥系列破碎设备）,企业职位,某实业有限公司,50-99人,,成都,韶关-武江区,统招本科,5年以上,15-25k,,,,https://www.liepin.com/a/76516835.shtml,20260609084402,,,,
6315,猎聘,能源/化工/环保,矿山,矿山储备干部-B类,企业职位,中国南玻集团股份有限公司,10000人以上,,成都,深圳,统招本科,5年以上,20-30k,,,,https://www.liepin.com/job/1978602395.shtml,20251120112954,,,,
6316,猎聘,能源/化工/环保,矿山,矿山储备干部,企业职位,中国南玻集团股份有限公司,10000人以上,,成都,深圳,统招本科,10年以上,30-40k·13薪,,,,https://www.liepin.com/job/1978602287.shtml,20260224141227,,,,
6317,猎聘,能源/化工/环保,矿山,客户经理（矿山/装载机）,企业职位,上海启源芯动力科技有限公司,1000-2000人,,成都,广州-海珠区,统招本科,5年以上,15-25k,,,,https://www.liepin.com/job/1972452351.shtml,20250623134218,,,,
6318,猎聘,能源/化工/环保,矿山,注册安全工程师（矿山）,企业职位,惠州交投公路发展有限公司,100-499人,,成都,惠州,本科,3-5年,15-16k,,,,https://www.liepin.com/job/1936492419.shtml,20211206113028,,,,
6319,猎聘,能源/化工/环保,矿山,矿长/矿山开采现场工程师,企业职位,易净环保,100-499人,,成都,广州-越秀区,本科,10年以上,8-12k,,,,https://www.liepin.com/job/1956654683.shtml,20230407162102,,,,
6320,猎聘,能源/化工/环保,矿山,区域销售经理（应急管理-能源矿山消防）,企业职位,某合肥互联网公司,100-499人,,成都,深圳,统招本科,5-10年,15-20k,,,,https://www.liepin.com/a/76571277.shtml,20260609114807,,,,
6321,猎聘,能源/化工/环保,矿山,海外销售经理（海洋工程 矿山工程、建筑行业）,企业职位,某北京机械/设备上市公司,10000人以上,,成都,广州,统招本科,5年以上,40-60k,,,,https://www.liepin.com/a/74927851.shtml,20260422111409,,,,
6322,猎聘,能源/化工/环保,矿山,嵌入式软件开发(A+矿山智能化),企业职位,某深圳互联网公司,100-499人,,成都,深圳,统招本科,5-8年,25-40k,,,,https://www.liepin.com/a/75187187.shtml,20260511085913,,,,
6323,猎聘,能源/化工/环保,矿山,销售专家（智慧矿山）,企业职位,汇川技术,10000人以上,,成都,深圳-龙华区,本科,8年以上,30-40k·17薪,,,,https://www.liepin.com/job/1978696599.shtml,20251125111148,,,,
6324,猎聘,能源/化工/环保,矿山,供应链专员,企业职位,融捷股份有限公司,500-999人,,成都,广州-天河区,统招本科,2-8年,7-10k,,,,https://www.liepin.com/job/1981273327.shtml,20260609085456,,,,
6325,猎聘,能源/化工/环保,矿山,生产总监（副总）,企业职位,某深圳大型其他行业公司,10000人以上,,成都,深圳,统招本科,5-10年,60-90k,,,,https://www.liepin.com/a/76190495.shtml,20260604102745,,,,
6326,猎聘,能源/化工/环保,矿山,锡多金属矿项目负责人,企业职位,某广州矿产开采公司,1-49人,,成都,广州,大专,10年以上,20-40k,,,,https://www.liepin.com/a/76349077.shtml,20260603104524,,,,
6327,猎聘,能源/化工/环保,矿山,金铜矿投资VP/总监,企业职位,金友汇(杭州)信息咨询服务有限公司,1-49人,,成都,深圳-福田区,统招本科,3-5年,10-25k,,,,https://www.liepin.com/job/1983004631.shtml,20260604155457,,,,
6328,猎聘,能源/化工/环保,矿山,地质勘察工程师,企业职位,某深圳大型矿产开采公司,5000-10000人,,成都,深圳,大专,经验不限,30-40k,,,,https://www.liepin.com/a/75641875.shtml,20260609091402,,,,
6329,猎聘,能源/化工/环保,矿山,无人驾驶负责人,企业职位,某国内机械/设备上市公司,5000-10000人,,成都,深圳,本科,10年以上,35-60k,,,,https://www.liepin.com/a/74583667.shtml,20260413180718,,,,
6330,猎聘,能源/化工/环保,矿山,设备专家,企业职位,某知名公司,2000-5000人,,成都,深圳,统招本科,10年以上,30-50k,,,,https://www.liepin.com/a/75990549.shtml,20260609160206,,,,
6331,猎聘,能源/化工/环保,矿山,执行副总,企业职位,某知名公司,2000-5000人,,成都,深圳,大专,10年以上,70-90k,,,,https://www.liepin.com/a/75990393.shtml,20260609160206,,,,
6332,猎聘,能源/化工/环保,矿山,矿长（吉尔吉斯斯坦）,企业职位,某深圳矿产开采公司,1-49人,,成都,深圳,学历不限,3-5年,50-70k,,,,https://www.liepin.com/a/76379195.shtml,20260603173535,,,,
6333,猎聘,能源/化工/环保,矿山,市场开发经理/总监,企业职位,欣旺达,10000人以上,,成都,深圳-宝安区,本科,5年以上,25-50k·14薪,,,,https://www.liepin.com/job/1981248603.shtml,20260325222430,,,,
6334,猎聘,能源/化工/环保,矿山,机器人销售经理（全国各区域均在招聘中）,企业职位,中科开创,100-499人,,成都,广州-黄埔区,本科,3-5年,15-30k,,,,https://www.liepin.com/job/1980454523.shtml,20260604095948,,,,
6335,猎聘,能源/化工/环保,矿山,采购贸易总监,企业职位,融捷股份有限公司,500-999人,,成都,广州-天河区,统招本科,8年以上,40-50k,,,,https://www.liepin.com/job/1982367409.shtml,20260609085449,,,,
6336,猎聘,能源/化工/环保,矿山,国企安全经理,企业职位,某广州大型石化公司,10000人以上,,成都,广州,学历不限,经验不限,13-24k·15薪,,,,https://www.liepin.com/a/76429123.shtml,20260604180259,,,,
6337,猎聘,能源/化工/环保,矿山,井下生产管理,企业职位,某西安其他商务服务业公司,,,成都,广州,学历不限,经验不限,15-20k·13薪,,,,https://www.liepin.com/a/76255845.shtml,20260601133636,,,,
6338,猎聘,能源/化工/环保,矿山,销售代表,企业职位,某深圳人工智能公司,100-499人,,成都,深圳,本科,3-5年,20-40k,,,,https://www.liepin.com/a/76104399.shtml,20260527112639,,,,
6339,猎聘,能源/化工/环保,矿山,安全管理岗,企业职位,某知名公司,100-499人,,成都,广州-越秀区,统招本科,3年以上,20-25k,,,,https://www.liepin.com/a/76413901.shtml,20260604164041,,,,
6340,猎聘,能源/化工/环保,矿山,技术部部长,企业职位,某知名公司,50-99人,,成都,深圳,学历不限,5年以上,40-60k,,,,https://www.liepin.com/a/74063041.shtml,20260331095243,,,,
6341,猎聘,能源/化工/环保,矿山,地质工程师,企业职位,某知名公司,50-99人,,成都,深圳,学历不限,2年以上,30-50k,,,,https://www.liepin.com/a/74026017.shtml,20260330133820,,,,
6342,猎聘,能源/化工/环保,矿山,技术支持工程师(J12470),企业职位,深圳市锐明技术股份有限公司,2000-5000人,,成都,深圳-南山区,本科,1-3年,12-20k,,,,https://www.liepin.com/job/1983124129.shtml,20260603181352,,,,
6343,猎聘,能源/化工/环保,矿山,注册安全工程师,企业职位,某西安其他商务服务业公司,,,成都,广州,学历不限,经验不限,25-40k,,,,https://www.liepin.com/a/75956613.shtml,20260522150935,,,,
6344,猎聘,能源/化工/环保,矿山,安全管理部高级主管（露天矿-国企）,企业职位,某知名公司,,,成都,阳江,大专,5-10年,15-20k,,,,https://www.liepin.com/a/76399261.shtml,20260604104941,,,,
6345,猎聘,能源/化工/环保,矿山,矿业开采项目负责人,企业职位,广州鑫丰润能源,100-499人,,成都,广州-天河区,本科,10年以上,30-50k,,,,https://www.liepin.com/job/1981905661.shtml,20260609090338,,,,
6346,猎聘,能源/化工/环保,矿山,无人驾驶负责人-深圳或者福建上班【新能源矿卡车，千亿国企背景】  ,企业职位,某国内机械/设备上市公司,5000-10000人,,成都,深圳,本科,5-10年,30-60k,,,,https://www.liepin.com/a/74594667.shtml,20260608085121,,,,
6347,猎聘,能源/化工/环保,矿山,矿长（驻点：吉尔吉斯斯坦）,企业职位,中宬矿业,1-49人,,成都,深圳-南山区,本科,5年以上,60-80k,,,,https://www.liepin.com/job/1982897707.shtml,20260527095343,,,,
6348,猎聘,能源/化工/环保,矿山,大宗商品融资总监,企业职位,创想湾地产集团,100-499人,,成都,深圳-罗湖区,大专,10年以上,20-40k,,,,https://www.liepin.com/job/1980278215.shtml,20260608101142,,,,
6349,猎聘,能源/化工/环保,矿山,地质专业岗-总部运营管理部,企业职位,华润建材科技,10000人以上,,成都,深圳-罗湖区,本科,3-5年,14-18k,,,,https://www.liepin.com/job/1981816485.shtml,20260416114423,,,,
6350,猎聘,能源/化工/环保,矿山,安全管理岗,企业职位,云浮市弘源绿色建材有限公司,1-49人,,成都,云浮-云城区,中专/中技,经验不限,8-15k,,,,https://www.liepin.com/job/1981981139.shtml,20260602155928,,,,
6351,猎聘,能源/化工/环保,矿山,测绘/测量,企业职位,某广州人力资源服务公司,50-99人,,成都,广州,学历不限,5-10年,10-12k,,,,https://www.liepin.com/a/74889391.shtml,20260522152800,,,,
6352,猎聘,能源/化工/环保,矿山,采矿工程师,企业职位,某知名公司,50-99人,,成都,深圳,学历不限,3年以上,25-35k,,,,https://www.liepin.com/a/74211253.shtml,20260402173241,,,,
6353,猎聘,能源/化工/环保,矿山,矿长,企业职位,云浮市弘源绿色建材有限公司,1-49人,,成都,云浮-云城区,大专,10年以上,25-30k,,,,https://www.liepin.com/job/1981863493.shtml,20260602155928,,,,
6354,猎聘,能源/化工/环保,矿山,机器人销售总监（全国各区域均在招聘中）,企业职位,中科开创,100-499人,,成都,广州-黄埔区,本科,10年以上,25-35k,,,,https://www.liepin.com/job/1980454961.shtml,20260604095948,,,,
6355,猎聘,能源/化工/环保,矿山,采矿工程师,企业职位,某西安其他商务服务业公司,,,成都,广州,学历不限,经验不限,35-50k,,,,https://www.liepin.com/a/75956843.shtml,20260522151236,,,,
6356,猎聘,能源/化工/环保,矿山,地质工程管理岗,企业职位,云浮市弘源绿色建材有限公司,1-49人,,成都,云浮-云城区,本科,3-5年,8-15k,,,,https://www.liepin.com/job/1982016929.shtml,20260602155928,,,,
6357,猎聘,能源/化工/环保,矿山,地质勘察工程师（本地龙头企业）,企业职位,某西安人力资源服务公司,100-499人,,成都,深圳,大专,5-10年,28-40k,,,,https://www.liepin.com/a/76107177.shtml,20260527141308,,,,
6358,猎聘,能源/化工/环保,矿山,副矿长,企业职位,云浮市弘源绿色建材有限公司,1-49人,,成都,云浮-云城区,中专/中技,10年以上,25-30k,,,,https://www.liepin.com/job/1982016371.shtml,20260602155928,,,,
6359,猎聘,能源/化工/环保,矿山,安全矿长,企业职位,某广州人力资源服务公司,50-99人,,成都,广州,学历不限,5-10年,20-25k,,,,https://www.liepin.com/a/74941509.shtml,20260522152800,,,,
6360,猎聘,能源/化工/环保,矿山,全栈,企业职位,某国内知名公司,100-499人,,成都,广州,本科,3-5年,35-65k·14薪,,,,https://www.liepin.com/a/75438421.shtml,20260602133205,,,,
6361,猎聘,能源/化工/环保,矿山,生产管理员,企业职位,中宬矿业,1-49人,,成都,深圳-南山区,本科,5年以上,15-20k,,,,https://www.liepin.com/job/1982989661.shtml,20260529161226,,,,
6362,猎聘,能源/化工/环保,矿山,高级采矿工程师,企业职位,某知名公司,,,成都,珠海,本科,3年以上,25-40k,,,,https://www.liepin.com/a/75744169.shtml,20260517162808,,,,
6363,猎聘,能源/化工/环保,矿山,机电设备工程管理岗,企业职位,云浮市弘源绿色建材有限公司,1-49人,,成都,云浮-云城区,本科,3-5年,8-15k,,,,https://www.liepin.com/job/1982017389.shtml,20260602155928,,,,
6364,猎聘,能源/化工/环保,矿山,新能源材料销售（锂钴镍）,企业职位,某广州贸易进出口公司,100-499人,,成都,广州,学历不限,5-10年,15-20k,,,,https://www.liepin.com/a/75952719.shtml,20260522141551,,,,
6365,猎聘,能源/化工/环保,矿山,矿产项目副总经理,企业职位,旗滨集团,10000人以上,,成都,深圳-南山区,本科,10年以上,50-80k·13薪,,,,https://www.liepin.com/job/1958841951.shtml,20260602100138,,,,
6366,猎聘,能源/化工/环保,矿山,地质工程师,企业职位,某国内知名公司,10000人以上,,成都,深圳,学历不限,5年以上,50-65k,,,,https://www.liepin.com/a/73291135.shtml,20260512092149,,,,
6367,猎聘,能源/化工/环保,矿山,采矿工程管理岗,企业职位,云浮市弘源绿色建材有限公司,1-49人,,成都,云浮-云城区,本科,3-5年,8-15k,,,,https://www.liepin.com/job/1982017205.shtml,20260602155928,,,,
6368,猎聘,能源/化工/环保,矿山,矿卡无人驾驶负责人-可以深圳上班【千亿国企背景】,企业职位,某国内知名上市公司,5000-10000人,,成都,深圳,本科,5-10年,50-80k,,,,https://www.liepin.com/a/74594199.shtml,20260608084425,,,,
6369,猎聘,能源/化工/环保,矿山,地质技术员,企业职位,某西安其他商务服务业公司,,,成都,广州,学历不限,经验不限,150-200k,,,,https://www.liepin.com/a/75902657.shtml,20260521112102,,,,
6370,猎聘,能源/化工/环保,矿山,安全副部长（海外项目，年营收超百亿）,企业职位,某北京大型人力资源服务公司,10000人以上,,成都,深圳,大专,5-10年,25-35k,,,,https://www.liepin.com/a/74981957.shtml,20260606232400,,,,
6371,猎聘,能源/化工/环保,矿山,地质勘察副部长,企业职位,某深圳大型矿产开采公司,5000-10000人,,成都,深圳,本科,经验不限,40-60k,,,,https://www.liepin.com/a/75641987.shtml,20260609091402,,,,
6372,猎聘,能源/化工/环保,矿山,钻探项目助理,企业职位,广东英格尔地质勘查服务有限公司,1-49人,,成都,珠海-香洲区,大专,1-3年,7-10k,,,,https://www.liepin.com/job/1983021521.shtml,20260601111525,,,,
6373,猎聘,能源/化工/环保,矿山,机械设备部长,企业职位,某知名公司,50-99人,,成都,深圳,学历不限,10年以上,40-65k,,,,https://www.liepin.com/a/74419197.shtml,20260409095259,,,,
6374,猎聘,能源/化工/环保,矿山,功率电子硬件开发工程师(大功率变频、伺服驱动),企业职位,西门子,10000人以上,,成都,深圳-宝安区,统招本科,3-5年,薪资面议,,,,https://www.liepin.com/job/1982983593.shtml,20260529142254,,,,
6375,猎聘,能源/化工/环保,矿山,区域销售总监/高级销售经理（华南大区：广东广西福建等）,企业职位,氢通(上海)新能源科技有限公司,100-499人,,成都,广州-白云区,本科,5年以上,15-30k,,,,https://www.liepin.com/job/1982536481.shtml,20260514144354,,,,
6376,猎聘,能源/化工/环保,矿山,集团副总裁,企业职位,某深圳专业技术服务公司,100-499人,,成都,深圳,统招本科,10年以上,100-150k·16薪,,,,https://www.liepin.com/a/73057335.shtml,20260522174726,,,,
6377,猎聘,能源/化工/环保,矿山,环保管理岗-总部环境健康和安全部,企业职位,华润建材科技,10000人以上,,成都,深圳-罗湖区,本科,8年以上,12-18k,,,,https://www.liepin.com/job/1981536923.shtml,20260407144935,,,,
6378,猎聘,能源/化工/环保,矿山,生产安全岗专业副总监-总部环境健康和安全部,企业职位,华润建材科技,10000人以上,,成都,深圳-罗湖区,本科,10年以上,20-28k,,,,https://www.liepin.com/job/1979051691.shtml,20251210151320,,,,
6379,猎聘,能源/化工/环保,矿山,采矿工程师(J10784),企业职位,易大宗,5000-10000人,,成都,珠海-横琴新区,本科,1-5年,12-20k,,,,https://www.liepin.com/job/1982469531.shtml,20260608162240,,,,
6380,猎聘,能源/化工/环保,矿山,资深 IT智能制造工程师（佛山三水）,企业职位,邦普循环,5000-10000人,,成都,佛山-三水区,本科,8年以上,18-25k,,,,https://www.liepin.com/job/1982529365.shtml,20260609162814,,,,
6381,猎聘,能源/化工/环保,矿山,矿业投资总监（贵金属方向）,企业职位,某国内大型物业/商业管理公司,10000人以上,,成都,佛山-顺德区,本科,8年以上,30-60k·16薪,,,,https://www.liepin.com/a/76018437.shtml,20260525172358,,,,
6382,猎聘,能源/化工/环保,矿山,机械CAE工程师,企业职位,某深圳机械/设备公司,100-499人,,成都,深圳,统招本科,3-5年,35-55k·13薪,,,,https://www.liepin.com/a/76186181.shtml,20260602155302,,,,
6383,猎聘,能源/化工/环保,矿山,采矿工程师,企业职位,深圳亿特控股(集团)有限公司,2000-5000人,,成都,深圳-福田区,大专,3-5年,25-29k,,,,https://www.liepin.com/job/1957439863.shtml,20260527153935,,,,
6384,猎聘,能源/化工/环保,矿山,销售工程师,企业职位,某宁波机械/设备公司,50-99人,,成都,广州,学历不限,经验不限,12-22k·13薪,,,,https://www.liepin.com/a/74858783.shtml,20260609083230,,,,
6385,猎聘,能源/化工/环保,矿山,海外储能业务负责人(非洲),企业职位,某知名上市公司,2000-5000人,,成都,深圳,大专,10年以上,65-95k·18薪,,,,https://www.liepin.com/a/74273515.shtml,20260609160931,,,,
6386,猎聘,能源/化工/环保,矿山,安全管理部部长（河源市-紫金县）,企业职位,天高集团,2000-5000人,,成都,河源-紫金县,本科,3年以上,10-13k,,,,https://www.liepin.com/job/1983020197.shtml,20260601105530,,,,
6387,猎聘,能源/化工/环保,矿山,无人驾驶负责人（矿卡）,企业职位,某国内知名公司,5000-10000人,,成都,深圳,统招本科,7年以上,28-29k,,,,https://www.liepin.com/a/74628215.shtml,20260525115833,,,,
6388,猎聘,能源/化工/环保,矿山,人力资源部部长,企业职位,某知名公司,2000-5000人,,成都,深圳,统招本科,10年以上,35-50k,,,,https://www.liepin.com/a/75990589.shtml,20260609160206,,,,
6389,猎聘,能源/化工/环保,矿山,无人驾驶负责人-深圳上班【新能源矿卡车，千亿国企背景】,企业职位,某知名上市公司,5000-10000人,,成都,深圳,本科,5-10年,30-60k·14薪,,,,https://www.liepin.com/a/74838183.shtml,20260609173552,,,,
6390,猎聘,能源/化工/环保,矿山,中级爆破工程师,企业职位,某广州人力资源服务公司,50-99人,,成都,广州,大专,经验不限,18-20k,,,,https://www.liepin.com/a/75958057.shtml,20260522152843,,,,
6391,猎聘,能源/化工/环保,矿山,生产部-生产督查岗（生产管理员）,企业职位,中宬矿业,1-49人,,成都,深圳-南山区,统招本科,5年以上,15-20k,,,,https://www.liepin.com/job/1982539009.shtml,20260515104540,,,,
6392,猎聘,能源/化工/环保,矿山,股权承做,企业职位,某深圳大型基金/证券/期货公司,2000-5000人,,成都,深圳,硕士,经验不限,20-25k,,,,https://www.liepin.com/a/76222493.shtml,20260601104447,,,,
6393,猎聘,能源/化工/环保,矿山,股权承做,企业职位,某上海大型基金/证券/期货公司,1000-2000人,,成都,深圳,硕士,1-3年,20-30k·20薪,,,,https://www.liepin.com/a/76308731.shtml,20260602134912,,,,
6394,猎聘,能源/化工/环保,矿山,采矿技术管理,企业职位,某国内矿产开采上市公司,10000人以上,,成都,深圳,大专,5-10年,30-50k,,,,https://www.liepin.com/a/75909091.shtml,20260521135749,,,,
6395,猎聘,能源/化工/环保,矿山,生产督查员,企业职位,中宬矿业,1-49人,,成都,深圳-南山区,本科,5年以上,15-20k,,,,https://www.liepin.com/job/1982919743.shtml,20260527162404,,,,
6396,猎聘,能源/化工/环保,矿山,矿长,企业职位,广东广物金属产业集团有限公司,100-499人,,成都,揭阳-惠来县,大专,10年以上,15-20k,,,,https://www.liepin.com/job/1977648763.shtml,20260526164044,,,,
6397,猎聘,能源/化工/环保,矿山,矿长,企业职位,中宬矿业,1-49人,,成都,深圳-南山区,本科,5-10年,35-45k,,,,https://www.liepin.com/job/1982507329.shtml,20260520120020,,,,
6398,猎聘,能源/化工/环保,矿山,【工程测量/测绘-顾问】,企业职位,某知名公司,50-99人,,成都,惠州,大专,5-10年,12-15k,,,,https://www.liepin.com/a/73553433.shtml,20260609093057,,,,
6399,猎聘,能源/化工/环保,矿山,地质工程师（刚果金）,企业职位,深圳亿特控股(集团)有限公司,2000-5000人,,成都,深圳-福田区,本科,5-10年,22-25k,,,,https://www.liepin.com/job/1957439861.shtml,20260527153935,,,,
6400,猎聘,能源/化工/环保,矿山,地质工程师,企业职位,某知名公司,,,成都,珠海,本科,经验不限,20-35k,,,,https://www.liepin.com/a/75761141.shtml,20260518112141,,,,
6401,猎聘,能源/化工/环保,矿山,注册安全工程师,企业职位,广东省特程科技发展有限公司,1-49人,,成都,韶关-武江区,大专,1-3年,14-15k,,,,https://www.liepin.com/job/1982857361.shtml,20260526100647,,,,
6402,猎聘,能源/化工/环保,矿山,项目管理岗（储备人才）,企业职位,广东广物金属产业集团有限公司,100-499人,,成都,广州,本科,经验不限,10-20k,,,,https://www.liepin.com/job/1974862449.shtml,20260526164044,,,,
6403,猎聘,能源/化工/环保,矿山,地质工程师,企业职位,易大宗,5000-10000人,,成都,珠海-横琴新区,统招本科,10年以上,35-40k,,,,https://www.liepin.com/job/1981199409.shtml,20260528153639,,,,
6404,猎聘,能源/化工/环保,矿山,道桥/隧道/港口工程师,企业职位,深圳市星阳建筑咨询有限公司,50-99人,,成都,深圳-南山区,大专,10年以上,13-17k·14薪,,,,https://www.liepin.com/job/1982724577.shtml,20260521093540,,,,
6405,猎聘,能源/化工/环保,矿山,机器人解决方案经理,企业职位,中科开创,100-499人,,成都,广州-黄埔区,本科,3-5年,15-25k,,,,https://www.liepin.com/job/1980505701.shtml,20260604095948,,,,
6406,猎聘,能源/化工/环保,矿山,资源部总经理,企业职位,某知名公司,50-99人,,成都,深圳,学历不限,10年以上,70-100k,,,,https://www.liepin.com/a/75632149.shtml,20260513160057,,,,
6407,猎聘,能源/化工/环保,矿山,环保管理岗专业副总监-总部环境健康和安全部,企业职位,华润建材科技,10000人以上,,成都,深圳-罗湖区,本科,10年以上,20-28k,,,,https://www.liepin.com/job/1979051425.shtml,20251210150857,,,,
6408,猎聘,能源/化工/环保,矿山,采矿工程师,企业职位,某国内人力资源服务公司,50-99人,,成都,阳江,本科,5-10年,15-17k,,,,https://www.liepin.com/a/75823101.shtml,20260519145750,,,,
6409,猎聘,能源/化工/环保,矿山,央企荒料开采专家（base香港）,企业职位,某深圳大型工程施工公司,10000人以上,,成都,深圳-南山区,学历不限,10年以上,30-60k·18薪,,,,https://www.liepin.com/a/75669125.shtml,20260514134849,,,,
6410,猎聘,能源/化工/环保,矿山,市政项目经理（路桥隧）,企业职位,深圳市能基建筑工程有限公司,100-499人,,成都,深圳-龙华区,统招本科,10年以上,18-28k·13薪,,,,https://www.liepin.com/job/1971261881.shtml,20260602163747,,,,
6411,猎聘,能源/化工/环保,矿山,地质总工程师,企业职位,某知名公司,5000-10000人,,成都,深圳,学历不限,10年以上,70-90k,,,,https://www.liepin.com/a/75990611.shtml,20260609160206,,,,
6412,猎聘,能源/化工/环保,矿山,矿长,企业职位,某深圳大型贸易进出口公司,2000-5000人,,成都,深圳,大专,经验不限,50-70k,,,,https://www.liepin.com/a/75905437.shtml,20260609115954,,,,
6413,猎聘,能源/化工/环保,矿山,生产技术部长,企业职位,某国内知名公司,10000人以上,,成都,深圳,学历不限,10年以上,50-80k,,,,https://www.liepin.com/a/73292055.shtml,20260512092149,,,,
6414,猎聘,能源/化工/环保,矿山,{央企 双休 福利待遇好 } 岗位：安全专业人员（露天矿）,企业职位,某国内人力资源服务公司,50-99人,,成都,广州,大专,5-10年,13-15k,,,,https://www.liepin.com/a/76144797.shtml,20260528100416,,,,
6415,猎聘,能源/化工/环保,矿山,水电工程研究员,企业职位,中宬矿业,1-49人,,成都,深圳-南山区,本科,5年以上,12-15k,,,,https://www.liepin.com/job/1982886391.shtml,20260527090845,,,,
6416,猎聘,能源/化工/环保,矿山,云浮弘源公司董事长,企业职位,广东广物金属产业集团有限公司,100-499人,,成都,云浮-云城区,学历不限,5年以上,25-40k,,,,https://www.liepin.com/job/1979113039.shtml,20260526164044,,,,
6417,猎聘,能源/化工/环保,矿山,选厂化验员（ICP-OES）（驻非洲）,企业职位,稀美资源(广东)有限公司,100-499人,,成都,广州-番禺区,中专/中技,1年以上,15-18k,,,,https://www.liepin.com/job/1982542483.shtml,20260514160715,,,,
6418,猎聘,能源/化工/环保,矿山,生产技术部部长（河源市-紫金县）,企业职位,天高集团,2000-5000人,,成都,河源-紫金县,本科,5年以上,10-13k,,,,https://www.liepin.com/job/1983019709.shtml,20260601104753,,,,
6419,猎聘,能源/化工/环保,矿山,销售经理/高级经理（商用车 地点不限）-EVB,企业职位,欣旺达动力科技股份有限公司,10000人以上,,成都,深圳-光明区,大专,3-5年,20-35k·14薪,,,,https://www.liepin.com/job/1976710159.shtml,20260521101938,,,,
6420,猎聘,能源/化工/环保,矿山,海外销售经理,企业职位,某广州大型贸易进出口公司,5000-10000人,,成都,广州,本科,3-5年,40-55k,,,,https://www.liepin.com/a/76010741.shtml,20260602094719,,,,
6421,猎聘,能源/化工/环保,矿山,机械仿真分析,企业职位,某深圳机械/设备公司,100-499人,,成都,深圳,统招本科,3-5年,20-40k,,,,https://www.liepin.com/a/75994199.shtml,20260525094819,,,,
6422,猎聘,能源/化工/环保,矿山,生产副总  （主管选厂、堆浸厂）,企业职位,某西安人力资源服务公司,100-499人,,成都,广州,学历不限,经验不限,70-100k,,,,https://www.liepin.com/a/74904823.shtml,20260609100358,,,,
6423,猎聘,能源/化工/环保,矿山,技术总经理,企业职位,某深圳大型贸易进出口公司,2000-5000人,,成都,深圳,学历不限,10年以上,90-120k,,,,https://www.liepin.com/a/75834279.shtml,20260609115954,,,,
6424,猎聘,能源/化工/环保,矿山,总经理,企业职位,某国内矿产开采上市公司,10000人以上,,成都,深圳,统招本科,10年以上,50-60k,,,,https://www.liepin.com/a/75944819.shtml,20260522112151,,,,
6425,猎聘,能源/化工/环保,矿山,研发总监（机械）,企业职位,广东众大智能科技有限公司,100-499人,,成都,东莞-松山湖,统招本科,10年以上,40-50k,,,,https://www.liepin.com/job/1981548565.shtml,20260528101042,,,,
6426,猎聘,能源/化工/环保,矿山,大宗商品贸易经理/主管,企业职位,某广州贸易进出口公司,100-499人,,成都,广州,本科,3-5年,10-15k,,,,https://www.liepin.com/a/75569521.shtml,20260512140715,,,,
6427,猎聘,能源/化工/环保,矿山,遥感大模型高级算法专家,企业职位,某国内计算机软件公司,1-49人,,成都,深圳,博士,10年以上,50-80k·15薪,,,,https://www.liepin.com/a/73974945.shtml,20260609093337,,,,
6428,猎聘,能源/化工/环保,矿山,安全管理岗,企业职位,广东广物金属产业集团有限公司,100-499人,,成都,揭阳-惠来县,大专,5-10年,6-15k,,,,https://www.liepin.com/job/1977649107.shtml,20260526164044,,,,
6429,猎聘,能源/化工/环保,矿山,新能源材料销售（锂钴镍）,企业职位,某广州贸易进出口公司,100-499人,,成都,广州-海珠区,统招本科,3-5年,11-18k,,,,https://www.liepin.com/a/75921501.shtml,20260521162938,,,,
6430,猎聘,能源/化工/环保,矿山,股权承做岗(矿业方向),企业职位,某北京基金/证券/期货公司,100-499人,,成都,深圳,学历不限,3年以上,20-40k,,,,https://www.liepin.com/a/74192663.shtml,20260402142111,,,,
6431,猎聘,能源/化工/环保,矿山,执行副总裁,企业职位,某知名公司,50-99人,,成都,深圳,本科,10年以上,100-130k,,,,https://www.liepin.com/a/74111423.shtml,20260401094813,,,,
6432,猎聘,能源/化工/环保,矿山,矿长（需出差 吉尔吉斯斯坦）,企业职位,某矿产开采公司,1-49人,,成都,深圳,统招本科,5年以上,40-55k·15薪,,,,https://www.liepin.com/a/75064793.shtml,20260607214506,,,,
6433,猎聘,能源/化工/环保,矿山,行政副总,企业职位,某深圳专业技术服务公司,100-499人,,成都,深圳,大专,10年以上,35-55k·14薪,,,,https://www.liepin.com/a/75782189.shtml,20260522173209,,,,
6434,猎聘,能源/化工/环保,矿山,采矿工程师（外派境外）,企业职位,中宬矿业,1-49人,,成都,深圳-南山区,本科,5年以上,20-25k,,,,https://www.liepin.com/job/1982894149.shtml,20260527084235,,,,
6435,猎聘,能源/化工/环保,矿山,生产安全副总经理（矿业）,企业职位,天高集团,2000-5000人,,成都,河源-紫金县,本科,10年以上,2-3k,,,,https://www.liepin.com/job/1964846543.shtml,20260323093407,,,,
6436,猎聘,能源/化工/环保,矿山,工程管理部&生产管理部生产技术岗,企业职位,广东广物金属产业集团有限公司,100-499人,,成都,揭阳-惠来县,大专,5-10年,8-15k,,,,https://www.liepin.com/job/1977648933.shtml,20260526164044,,,,
6437,猎聘,能源/化工/环保,矿山,砂矿总经理,企业职位,旗滨集团,10000人以上,,成都,深圳-宝安区,本科,5年以上,100-150k,,,,https://www.liepin.com/job/1978815797.shtml,20260513095706,,,,
6438,猎聘,能源/化工/环保,矿山,财务经理,企业职位,某西安其他商务服务业公司,,,成都,深圳,学历不限,经验不限,40-45k,,,,https://www.liepin.com/a/74850187.shtml,20260608101755,,,,
6439,猎聘,能源/化工/环保,矿山,地质总工（上市企业）,企业职位,某西安人力资源服务公司,100-499人,,成都,广州,大专,10年以上,30-45k,,,,https://www.liepin.com/a/75096873.shtml,20260601135908,,,,
6440,猎聘,能源/化工/环保,矿山,地质勘探工程师,企业职位,深圳亿特控股(集团)有限公司,2000-5000人,,成都,深圳-福田区,本科,10年以上,22-25k,,,,https://www.liepin.com/job/1957439773.shtml,20260527153935,,,,
6441,猎聘,能源/化工/环保,矿山,新能源材料销售（锂钴镍）,企业职位,某广州贸易进出口公司,100-499人,,成都,广州,本科,5-10年,30-50k,,,,https://www.liepin.com/a/75683815.shtml,20260514164413,,,,
6442,猎聘,能源/化工/环保,矿山,招采法务部 - 法务主管,企业职位,中宬矿业,1-49人,,成都,深圳-南山区,统招本科,5年以上,15-18k,,,,https://www.liepin.com/job/1982549593.shtml,20260514180928,,,,
6443,猎聘,能源/化工/环保,矿山,地质工程师,企业职位,万润矿业,50-99人,,成都,深圳-福田区,本科,2年以上,22-30k,,,,https://www.liepin.com/job/1976920917.shtml,20260509095037,,,,
6444,猎聘,能源/化工/环保,矿山,采矿工程师,企业职位,某长沙大型工程施工公司,5000-10000人,,成都,阳江,大专,5-10年,20-21k,,,,https://www.liepin.com/a/75382433.shtml,20260508083007,,,,
6445,猎聘,能源/化工/环保,矿山,安全评价师,企业职位,广东安评检测中心有限公司,50-99人,,成都,惠州,大专,1-3年,8-15k,,,,https://www.liepin.com/job/1963258235.shtml,20260518084503,,,,
6446,猎聘,能源/化工/环保,矿山,无人驾驶负责人,企业职位,某国内学术/科研公司,,,成都,深圳,本科,10年以上,30-50k,,,,https://www.liepin.com/a/74627961.shtml,20260414155608,,,,
6447,猎聘,能源/化工/环保,矿山,法务主管,企业职位,中宬矿业,1-49人,,成都,深圳-南山区,本科,5年以上,16-18k,,,,https://www.liepin.com/job/1982894111.shtml,20260529161333,,,,
6448,猎聘,能源/化工/环保,矿山,Overseas Project Manager 海外项目经理,企业职位,某上海大型专业技术服务公司,500-999人,,成都,广州,学历不限,5-10年,30-40k·15薪,,,,https://www.liepin.com/a/76056073.shtml,20260526113407,,,,
6449,猎聘,能源/化工/环保,矿山,金属矿投资拓展经理,企业职位,广东东升控股集团有限公司,500-999人,,成都,广州-海珠区,统招本科,5-10年,20-30k·13薪,,,,https://www.liepin.com/job/1982666571.shtml,20260520111554,,,,
6450,猎聘,能源/化工/环保,矿山,采矿技术员（应届亦可）,企业职位,河南发恩德矿业有限公司,1000-2000人,,成都,云浮,大专,经验不限,5-6k·13薪,,,,https://www.liepin.com/job/1930948903.shtml,20260524144622,,,,
6451,猎聘,能源/化工/环保,矿山,机械研发工程师,企业职位,某国内机械/设备公司,100-499人,,成都,韶关,统招本科,3-5年,15-25k·13薪,,,,https://www.liepin.com/a/75923161.shtml,20260521165150,,,,
6452,猎聘,能源/化工/环保,矿山,安全主管 央企 五险一金 只看经验,企业职位,某国内人力资源服务公司,50-99人,,成都,阳江,大专,5年以上,13-17k·14薪,,,,https://www.liepin.com/a/75419357.shtml,20260609104821,,,,
6453,猎聘,能源/化工/环保,矿山,地质勘查技术员,企业职位,深圳亿特控股(集团)有限公司,2000-5000人,,成都,深圳-福田区,本科,3-5年,19-21k,,,,https://www.liepin.com/job/1957439819.shtml,20260527153935,,,,
6454,猎聘,能源/化工/环保,矿山,采矿工程师,企业职位,某国内大型石化公司,5000-10000人,,成都,韶关,大专,经验不限,25-30k,,,,https://www.liepin.com/a/76208217.shtml,20260529150536,,,,
6455,猎聘,能源/化工/环保,矿山,销售总监（国内/海外市场）,企业职位,艾灵网络,100-499人,,成都,深圳-南山区,统招本科,2年以上,20-50k,,,,https://www.liepin.com/job/1975399947.shtml,20260529142219,,,,
6456,猎聘,能源/化工/环保,矿山,大宗商品融资总监,企业职位,创想湾数贸,1-49人,,成都,深圳-福田区,大专,10年以上,20-40k,,,,https://www.liepin.com/job/1980278693.shtml,20260608101112,,,,
6457,猎聘,能源/化工/环保,矿山,销售工程师,企业职位,某宁波机械/设备公司,50-99人,,成都,广州,学历不限,5年以上,15-20k·13薪,,,,https://www.liepin.com/a/74092295.shtml,20260609083230,,,,
6458,猎聘,能源/化工/环保,矿山,安全管理岗,企业职位,某广州贸易进出口公司,100-499人,,成都,广州-越秀区,大专,3-5年,15-30k,,,,https://www.liepin.com/a/74210061.shtml,20260402171824,,,,
6459,猎聘,能源/化工/环保,矿山,集团融资总监（矿业方向）,企业职位,创想湾集团,100-499人,,成都,深圳-福田区,大专,10年以上,20-40k,,,,https://www.liepin.com/job/1974192429.shtml,20260608101028,,,,
6460,猎聘,能源/化工/环保,矿山,软件工程师-调度系统（广州/成都）,企业职位,某知名公司,50-99人,,成都,广州-天河区,本科,3-5年,40-60k·15薪,,,,https://www.liepin.com/a/76057323.shtml,20260526114931,,,,
6461,猎聘,能源/化工/环保,矿山,矿场监理员,企业职位,广州市瀚贤矿产业技术咨询有限公司,1-49人,,成都,茂名-茂南区,大专,经验不限,5-8k,,,,https://www.liepin.com/job/1980304307.shtml,20260522150722,,,,
6462,猎聘,能源/化工/环保,矿山,产品经理/总监,企业职位,深圳青芒机器人科技有限公司,100-499人,,成都,深圳-南山区,统招本科,经验不限,45-75k·15薪,,,,https://www.liepin.com/job/1983164757.shtml,20260604172617,,,,
6463,猎聘,能源/化工/环保,矿山,机电工程师,企业职位,河南发恩德矿业有限公司,1000-2000人,,成都,云浮,大专,5年以上,10-13k,,,,https://www.liepin.com/job/1972556019.shtml,20260524144605,,,,
6464,猎聘,能源/化工/环保,矿山,采矿工程师,企业职位,某知名公司,100-499人,,成都,广州,大专,10年以上,45-60k,,,,https://www.liepin.com/a/73726351.shtml,20260414131805,,,,
6465,猎聘,能源/化工/环保,矿山,安全管理,企业职位,某广州贸易进出口公司,100-499人,,成都,广州,大专,3-5年,30-40k,,,,https://www.liepin.com/a/74201771.shtml,20260402154905,,,,
6466,猎聘,能源/化工/环保,矿山,地质总工,企业职位,某国内知名公司,,,成都,珠海,统招本科,3-10年,25-50k,,,,https://www.liepin.com/a/75106579.shtml,20260427163715,,,,
6467,猎聘,能源/化工/环保,矿山,铁矿项目经理/采矿工程师（东南亚）,企业职位,某矿产开采公司,50-99人,,成都,深圳,大专,3-5年,30-35k,,,,https://www.liepin.com/a/76323119.shtml,20260604093616,,,,
6468,猎聘,能源/化工/环保,矿山,大宗商品融资总监,企业职位,创想湾地产集团,100-499人,,成都,深圳-罗湖区,大专,10年以上,20-40k,,,,https://www.liepin.com/job/1980278589.shtml,20260608100955,,,,
6469,猎聘,能源/化工/环保,矿山,【法语】清关专员,企业职位,某国内机械/设备公司,50-99人,,成都,深圳,统招本科,3-5年,25-40k,,,,https://www.liepin.com/a/66920169.shtml,20260609114909,,,,
6470,猎聘,能源/化工/环保,矿山,采矿工程师,企业职位,某广州咨询服务公司,1-49人,,成都,广州,大专,10年以上,20-25k,,,,https://www.liepin.com/a/73992857.shtml,20260608105551,,,,
6471,猎聘,能源/化工/环保,矿山,遥感大模型高级算法专家,企业职位,某国内计算机软件公司,1-49人,,成都,深圳,博士,3-5年,90-110k·16薪,,,,https://www.liepin.com/a/74192443.shtml,20260604091710,,,,
6472,猎聘,能源/化工/环保,矿山,执行副总裁,企业职位,某国内矿产开采上市公司,10000人以上,,成都,深圳,本科,10年以上,120-240k,,,,https://www.liepin.com/a/74947759.shtml,20260520133606,,,,
6473,猎聘,能源/化工/环保,矿山,大客户销售总监,企业职位,某深圳计算机硬件公司,100-499人,,成都,深圳,本科,10年以上,30-40k,,,,https://www.liepin.com/a/75258027.shtml,20260603170912,,,,
6474,猎聘,能源/化工/环保,矿山,重卡换电站大区销售经理,企业职位,某知名公司,1-49人,,成都,广州,学历不限,5-10年,10-15k,,,,https://www.liepin.com/a/75724203.shtml,20260515165624,,,,
6475,猎聘,能源/化工/环保,矿山,大客户销售总监,企业职位,某深圳计算机硬件公司,100-499人,,成都,深圳,本科,10年以上,30-40k,,,,https://www.liepin.com/a/75258067.shtml,20260603170912,,,,
6476,猎聘,能源/化工/环保,矿山,地质总工,企业职位,某北京贸易进出口上市公司,5000-10000人,,成都,珠海,统招本科,经验不限,50-80k,,,,https://www.liepin.com/a/76428021.shtml,20260604174623,,,,
6477,猎聘,能源/化工/环保,矿山,非洲人力总,企业职位,某国内大型新能源公司,5000-10000人,,成都,广州,学历不限,5-10年,60-80k·14薪,,,,https://www.liepin.com/a/73729737.shtml,20260323141729,,,,
6478,猎聘,能源/化工/环保,矿山,采矿工程师,企业职位,某深圳大型贸易进出口公司,2000-5000人,,成都,深圳,统招本科,5年以上,28-35k,,,,https://www.liepin.com/a/75936043.shtml,20260609115954,,,,
6479,猎聘,能源/化工/环保,矿山,生产总监/经理,企业职位,某深圳大型贸易进出口公司,2000-5000人,,成都,深圳,学历不限,5年以上,70-100k,,,,https://www.liepin.com/a/75585829.shtml,20260609115954,,,,
6480,猎聘,能源/化工/环保,矿山,大宗商品融资总监,企业职位,创想湾集团,100-499人,,成都,深圳-福田区,大专,10年以上,20-40k,,,,https://www.liepin.com/job/1980278459.shtml,20260608101028,,,,
6481,猎聘,能源/化工/环保,矿山,采矿工程师（吉尔吉斯坦）,企业职位,某深圳矿产开采公司,1-49人,,成都,深圳,学历不限,5-10年,20-30k,,,,https://www.liepin.com/a/75794167.shtml,20260518194742,,,,
6482,猎聘,能源/化工/环保,矿山,EPC项目钢结构工程师,企业职位,韶瑞重工(广东)有限公司,100-499人,,成都,韶关-武江区,本科,5-10年,10-20k,,,,https://www.liepin.com/job/1980871881.shtml,20260525082420,,,,
6483,猎聘,能源/化工/环保,矿山,地质勘察工程师,企业职位,某深圳大型贸易进出口公司,2000-5000人,,成都,深圳,学历不限,5年以上,35-40k,,,,https://www.liepin.com/a/75653595.shtml,20260609115954,,,,
6484,猎聘,能源/化工/环保,矿山,财务总监,企业职位,某成都金属制品上市公司,1000-2000人,,成都,深圳-福田区,本科,10年以上,40-70k,,,,https://www.liepin.com/a/76434105.shtml,20260609085644,,,,
6485,猎聘,能源/化工/环保,矿山,电气工程师/主管（常驻海外）,企业职位,某知名公司,5000-10000人,,成都,广州,大专,5-10年,20-28k,,,,https://www.liepin.com/a/76384199.shtml,20260603195153,,,,
6486,猎聘,能源/化工/环保,矿山,【国企】安全高级主管（露天砂石骨料矿）,企业职位,某知名公司,,,成都,阳江-阳西县,大专,5-10年,15-18k,,,,https://www.liepin.com/a/76347405.shtml,20260609095305,,,,
6487,猎聘,能源/化工/环保,矿山,产品工程师,企业职位,韶瑞重工(广东)有限公司,100-499人,,成都,韶关-武江区,统招本科,3-5年,15-25k,,,,https://www.liepin.com/job/1964482491.shtml,20260525082420,,,,
6488,猎聘,能源/化工/环保,矿山,采厂厂长/副厂长（河源市-紫金县）,企业职位,天高集团,2000-5000人,,成都,河源-紫金县,大专,5年以上,10-13k,,,,https://www.liepin.com/job/1983020323.shtml,20260601105733,,,,
6489,猎聘,能源/化工/环保,矿山,成本经理,企业职位,深圳亿特控股(集团)有限公司,2000-5000人,,成都,深圳-福田区,本科,5-10年,15-20k·14薪,,,,https://www.liepin.com/job/1969707665.shtml,20260608103536,,,,
6490,猎聘,能源/化工/环保,矿山,财务总监,企业职位,某成都金属制品上市公司,1000-2000人,,成都,深圳-福田区,本科,10年以上,40-70k,,,,https://www.liepin.com/a/76434097.shtml,20260609085644,,,,
6491,猎聘,能源/化工/环保,矿山,西语翻译,企业职位,某深圳知名公司,500-999人,,成都,深圳,大专,1-3年,15-20k,,,,https://www.liepin.com/a/76159089.shtml,20260609123943,,,,
6492,猎聘,能源/化工/环保,矿山,海外地质工程师（只看煤矿）,企业职位,某矿产开采公司,,,成都,广州,本科,5-10年,35-50k,,,,https://www.liepin.com/a/76017773.shtml,20260525150416,,,,
6493,猎聘,能源/化工/环保,矿山,汽车零部件外贸总监,企业职位,某国内汽车零部件及配件公司,100-499人,,成都,佛山,本科,5-10年,24-35k·13薪,,,,https://www.liepin.com/a/69331013.shtml,20260609184432,,,,
6494,猎聘,能源/化工/环保,矿山,矿挖四轮设计专家（四轮）,企业职位,某大型新能源公司,10000人以上,,成都,深圳,统招本科,10年以上,40-60k·15薪,,,,https://www.liepin.com/a/75766875.shtml,20260607160718,,,,
6495,猎聘,能源/化工/环保,矿山,地质工程师,企业职位,某国内知名公司,,,成都,珠海,本科,10年以上,40-45k,,,,https://www.liepin.com/a/75498575.shtml,20260609094856,,,,
6496,猎聘,能源/化工/环保,矿山,矿挖履带设计专家（一带）,企业职位,某大型新能源公司,10000人以上,,成都,深圳,统招本科,10年以上,40-60k·15薪,,,,https://www.liepin.com/a/75766763.shtml,20260607160718,,,,
6497,猎聘,能源/化工/环保,矿山,新能源材材料销售（锂钴镍锰）,企业职位,某广州贸易进出口公司,100-499人,,成都,广州,本科,5-10年,15-20k,,,,https://www.liepin.com/a/75713481.shtml,20260515150743,,,,
6498,猎聘,能源/化工/环保,矿山,荒料开采专家（花岗岩）,企业职位,某国内大型建筑/工程设计公司,2000-5000人,,成都,广州-黄埔区,本科,10年以上,40-60k·16薪,,,,https://www.liepin.com/a/75651237.shtml,20260609091103,,,,
6499,猎聘,能源/化工/环保,矿山,生产管理员（需出差  吉尔吉斯斯坦）,企业职位,某矿产开采公司,1-49人,,成都,深圳,大专,3年以上,15-30k·15薪,,,,https://www.liepin.com/a/75065099.shtml,20260426141343,,,,
6500,猎聘,能源/化工/环保,矿山,新能源材料销售（锂钴镍）,企业职位,广塑集团,100-499人,,成都,广州-海珠区,本科,8年以上,10-18k,,,,https://www.liepin.com/job/1981580055.shtml,20260408151246,,,,
6501,猎聘,能源/化工/环保,矿山,采矿工程师,企业职位,中宬矿业,1-49人,,成都,深圳-南山区,本科,3-5年,20-24k,,,,https://www.liepin.com/job/1982491399.shtml,20260520120020,,,,
6502,猎聘,能源/化工/环保,矿山,安全管理部安全主管（职业健康与培训主管）,企业职位,某知名公司,,,成都,阳江,大专,5年以上,13-14k,,,,https://www.liepin.com/a/76352427.shtml,20260603111721,,,,
6503,猎聘,能源/化工/环保,矿山,生产矿长（井工）,企业职位,某西安其他商务服务业公司,,,成都,广州,学历不限,经验不限,25-35k,,,,https://www.liepin.com/a/76004477.shtml,20260525113109,,,,
6504,猎聘,能源/化工/环保,矿山,资源部总经理,企业职位,某国内知名公司,10000人以上,,成都,深圳,学历不限,10年以上,70-100k,,,,https://www.liepin.com/a/73291011.shtml,20260512092149,,,,
6505,猎聘,能源/化工/环保,矿山,生产副总,企业职位,某西安其他商务服务业公司,,,成都,广州,学历不限,经验不限,25-28k,,,,https://www.liepin.com/a/74897757.shtml,20260602092059,,,,
6506,猎聘,能源/化工/环保,矿山,机械工程师,企业职位,河南发恩德矿业有限公司,1000-2000人,,成都,云浮-云安区,大专,5-10年,10-12k·13薪,,,,https://www.liepin.com/job/1966313089.shtml,20260524144613,,,,
6507,猎聘,能源/化工/环保,矿山,金属矿拓展经理,企业职位,广东东升控股集团有限公司,500-999人,,成都,广州-海珠区,统招本科,5-10年,15-25k,,,,https://www.liepin.com/job/1981806355.shtml,20260416091552,,,,
6508,猎聘,能源/化工/环保,矿山,企业管理部部长,企业职位,某国内矿产开采上市公司,10000人以上,,成都,深圳,本科,5-10年,35-50k,,,,https://www.liepin.com/a/74949111.shtml,20260520133606,,,,
6509,猎聘,能源/化工/环保,矿山,【国企】安全主管（职业健康与培训主管）,企业职位,某知名公司,,,成都,阳江-阳西县,大专,5-10年,14-15k,,,,https://www.liepin.com/a/76347825.shtml,20260609095305,,,,
6510,猎聘,能源/化工/环保,矿山,商业模式设计专家,企业职位,三一集团,10000人以上,,成都,广州-海珠区,统招本科,5年以上,35-60k·13薪,,,,https://www.liepin.com/job/1982917765.shtml,20260527155652,,,,
6511,猎聘,能源/化工/环保,矿山,大理石矿项目经理,企业职位,深圳万益投资发展有限公司,1-49人,,成都,深圳-福田区,大专,8年以上,25-40k,,,,https://www.liepin.com/job/1983184531.shtml,20260605115102,,,,
6512,猎聘,能源/化工/环保,矿山,矿产浮选药剂研发工程师,企业职位,安美科技,500-999人,,成都,东莞-松山湖,本科,5年以上,15-20k,,,,https://www.liepin.com/job/1982430273.shtml,20260511161710,,,,
6513,猎聘,能源/化工/环保,矿山,地质工程师,企业职位,某知名公司,100-499人,,成都,广州,大专,10年以上,25-35k,,,,https://www.liepin.com/a/73724905.shtml,20260414131805,,,,
6514,猎聘,能源/化工/环保,矿山,矿业注册安全工程师,企业职位,某国内人力资源服务公司,50-99人,,成都,广州,学历不限,3-5年,15-16k,,,,https://www.liepin.com/a/76155845.shtml,20260528114944,,,,
6515,猎聘,能源/化工/环保,矿山,安全管理部部长（矿业）,企业职位,天高集团,2000-5000人,,成都,河源-紫金县,本科,5-10年,薪资面议,,,,https://www.liepin.com/job/1964817313.shtml,20251030092541,,,,
6516,猎聘,能源/化工/环保,矿山,水利工程师,企业职位,某广州工程施工公司,,,成都,广州,学历不限,3-5年,27-28k,,,,https://www.liepin.com/a/76382809.shtml,20260603185001,,,,
6517,猎聘,能源/化工/环保,矿山,人力资源总监,企业职位,某深圳大型工业自动化公司,10000人以上,,成都,深圳,学历不限,10年以上,50-70k,,,,https://www.liepin.com/a/75734933.shtml,20260516130316,,,,
6518,猎聘,能源/化工/环保,矿山,矿石开发专家,企业职位,某国内其他商务服务业公司,,,成都,深圳,本科,10年以上,60-90k,,,,https://www.liepin.com/a/75660783.shtml,20260514105833,,,,
6519,猎聘,能源/化工/环保,矿山,管培生-采矿,企业职位,深圳亿特控股(集团)有限公司,2000-5000人,,成都,深圳-南山区,统招本科,经验不限,10-18k,,,,https://www.liepin.com/job/1980850977.shtml,20260608103520,,,,
6520,猎聘,能源/化工/环保,矿山,保代/非保代/签字保代,企业职位,某上海基金/证券/期货上市公司,5000-10000人,,成都,深圳,硕士,3年以上,20-40k·20薪,,,,https://www.liepin.com/a/76342929.shtml,20260608182206,,,,
6521,猎聘,能源/化工/环保,矿山,地质勘查,企业职位,某国内人力资源服务公司,50-99人,,成都,广州,硕士,3-5年,20-35k,,,,https://www.liepin.com/a/75659917.shtml,20260514104953,,,,
6522,猎聘,能源/化工/环保,矿山,人事总监,企业职位,深圳亿特控股(集团)有限公司,2000-5000人,,成都,深圳-福田区,本科,10年以上,25-40k,,,,https://www.liepin.com/job/1965889225.shtml,20260608103529,,,,
6523,猎聘,能源/化工/环保,矿山,地质勘察工程师,企业职位,某西安人力资源服务公司,100-499人,,成都,深圳,大专,3-5年,30-35k,,,,https://www.liepin.com/a/73250055.shtml,20260429155815,,,,
6524,猎聘,能源/化工/环保,矿山,助理选矿工程师,企业职位,河南发恩德矿业有限公司,1000-2000人,,成都,云浮,本科,3-5年,6-9k·13薪,,,,https://www.liepin.com/job/1936012261.shtml,20260524144622,,,,
6525,猎聘,能源/化工/环保,矿山,销售经理,企业职位,罗博网联信息技术有限公司,100-499人,,成都,广州-天河区,统招本科,经验不限,15-20k,,,,https://www.liepin.com/job/1982733421.shtml,20260521115914,,,,
6526,猎聘,能源/化工/环保,矿山,选矿厂厂长,企业职位,中宬矿业,1-49人,,成都,深圳-南山区,本科,8年以上,40-50k,,,,https://www.liepin.com/job/1982920679.shtml,20260527163651,,,,
6527,猎聘,能源/化工/环保,矿山,销售经理（新能源重卡）,企业职位,深向科技,1000-2000人,,成都,东莞,大专,经验不限,9-15k,,,,https://www.liepin.com/job/1982737775.shtml,20260521141019,,,,
6528,猎聘,能源/化工/环保,矿山,总部行政部部长,企业职位,某国内矿产开采上市公司,10000人以上,,成都,深圳,学历不限,5-10年,12-24k,,,,https://www.liepin.com/a/74950431.shtml,20260520133606,,,,
6529,猎聘,能源/化工/环保,矿山,产品岗,企业职位,某知名公司,,,成都,珠海,学历不限,经验不限,25-50k,,,,https://www.liepin.com/a/74733553.shtml,20260521155144,,,,
6530,猎聘,能源/化工/环保,矿山,地质工程师,企业职位,天赐材料,5000-10000人,,成都,广州-黄埔区,本科,5-10年,15-25k·13薪,,,,https://www.liepin.com/job/1980815363.shtml,20260310193454,,,,
6531,猎聘,能源/化工/环保,矿山,管培生-供应链,企业职位,深圳亿特控股(集团)有限公司,2000-5000人,,成都,深圳-南山区,本科,经验不限,10-18k,,,,https://www.liepin.com/job/1980850811.shtml,20260608103520,,,,
6532,猎聘,能源/化工/环保,矿山,安全管理部安全主管（体系与应急主管）,企业职位,某知名公司,,,成都,阳江,大专,5年以上,12-14k,,,,https://www.liepin.com/a/76349923.shtml,20260603105356,,,,
6533,猎聘,能源/化工/环保,矿山,成本会计,企业职位,广州泰丰矿业集团有限公司,500-999人,,成都,肇庆-四会,本科,3年以上,6-8k,,,,https://www.liepin.com/job/1979915875.shtml,20260609091931,,,,
6534,猎聘,能源/化工/环保,矿山,机电矿长,企业职位,某广州人力资源服务公司,50-99人,,成都,广州,学历不限,5-10年,18-20k,,,,https://www.liepin.com/a/74941763.shtml,20260522152800,,,,
6535,猎聘,能源/化工/环保,矿山,传动产品销售经理(J11090),企业职位,禾望电气,2000-5000人,,成都,深圳-南山区,统招本科,1-3年,8-15k,,,,https://www.liepin.com/job/1980959901.shtml,20260608161322,,,,
6536,猎聘,能源/化工/环保,矿山,总经理,企业职位,某知名公司,50-99人,,成都,广州,大专,5-10年,80-100k,,,,https://www.liepin.com/a/73611611.shtml,20260319171951,,,,
6537,猎聘,能源/化工/环保,矿山,销售经理,企业职位,深圳亿特控股(集团)有限公司,2000-5000人,,成都,深圳-福田区,本科,5年以上,25-35k·13薪,,,,https://www.liepin.com/job/1971900801.shtml,20260608103536,,,,
6538,猎聘,能源/化工/环保,矿山,采矿工程师,企业职位,某国内专业技术服务公司,1-49人,,成都,广州,本科,5年以上,15-25k·14薪,,,,https://www.liepin.com/a/65236401.shtml,20260521220352,,,,
6539,猎聘,能源/化工/环保,矿山,【金属矿】钻工,企业职位,某国内机械/设备公司,50-99人,,成都,深圳,本科,3-5年,18-30k,,,,https://www.liepin.com/a/67840121.shtml,20260609114909,,,,
6540,猎聘,能源/化工/环保,矿山,矿长安全矿长,企业职位,某广州人力资源服务公司,50-99人,,成都,广州,大专,10年以上,15-20k,,,,https://www.liepin.com/a/73263987.shtml,20260312103002,,,,
6541,猎聘,能源/化工/环保,矿山,地质工程师,企业职位,广州市瀚贤矿产业技术咨询有限公司,1-49人,,成都,广州-越秀区,本科,1-3年,6-8k,,,,https://www.liepin.com/job/1964504271.shtml,20260522150722,,,,
6542,猎聘,能源/化工/环保,矿山,售前支持工程师,企业职位,ABB,10000人以上,,成都,广州-天河区,大专,5-10年,18-22k,,,,https://www.liepin.com/job/1981912319.shtml,20260609084620,,,,
6543,猎聘,能源/化工/环保,矿山,股权承做,企业职位,某上海大型基金/证券/期货公司,1000-2000人,,成都,深圳,硕士,3-5年,25-35k,,,,https://www.liepin.com/a/74191369.shtml,20260402140952,,,,
6544,猎聘,能源/化工/环保,矿山,重卡换电站-大区市场总监（base广东）,企业职位,电港新能源,1-49人,,成都,广州-越秀区,本科,8年以上,20-35k,,,,https://www.liepin.com/job/1982464599.shtml,20260512151236,,,,
6545,猎聘,能源/化工/环保,矿山,环保工程师,企业职位,广东鼎烨生物科技产业有限公司,50-99人,,成都,佛山-三水区,大专,2年以上,10-15k,,,,https://www.liepin.com/job/1981360291.shtml,20260330172544,,,,
6546,猎聘,能源/化工/环保,矿山,销售高级经理/经理（重卡电池）,企业职位,欣旺达动力科技股份有限公司,10000人以上,,成都,深圳-光明区,本科,3年以上,20-30k·14薪,,,,https://www.liepin.com/job/1978638071.shtml,20260608191610,,,,
6547,猎聘,能源/化工/环保,矿山,高级地质工程师,企业职位,河南发恩德矿业有限公司,1000-2000人,,成都,云浮-云安区,本科,3-5年,9-13k·13薪,,,,https://www.liepin.com/job/1967697463.shtml,20260524144613,,,,
6548,猎聘,能源/化工/环保,矿山,遥感大模型高级算法专家,企业职位,某国内计算机软件公司,1-49人,,成都,深圳,博士,5-10年,90-120k,,,,https://www.liepin.com/a/74513759.shtml,20260601141005,,,,
6549,猎聘,能源/化工/环保,矿山,矿业测量工程师,企业职位,深圳亿特控股(集团)有限公司,2000-5000人,,成都,深圳-福田区,大专,5-10年,22-25k,,,,https://www.liepin.com/job/1957439811.shtml,20260211113006,,,,
6550,猎聘,能源/化工/环保,矿山,无人驾驶研究院副院长,企业职位,某大型集团公司,10000人以上,,成都,佛山,硕士,5-10年,100-150k·15薪,,,,https://www.liepin.com/a/76436107.shtml,20260605084944,,,,
6551,猎聘,能源/化工/环保,矿山,矿卡无人驾驶负责人,企业职位,某国内学术/科研公司,,,成都,深圳,硕士,5-10年,40-60k,,,,https://www.liepin.com/a/74604553.shtml,20260518143230,,,,
6552,猎聘,能源/化工/环保,矿山,采矿工程师,企业职位,某西安其他商务服务业公司,,,成都,深圳,大专,5-10年,30-40k,,,,https://www.liepin.com/a/74461087.shtml,20260409180102,,,,
6553,猎聘,能源/化工/环保,矿山,测量工程师,企业职位,深圳亿特控股(集团)有限公司,2000-5000人,,成都,深圳,大专,3-5年,20-25k,,,,https://www.liepin.com/job/1957439849.shtml,20260211112956,,,,
6554,猎聘,能源/化工/环保,矿山,大湾区重卡换电解决方案销售 (MJ040863),企业职位,时代骐骥新能源科技(深圳)有限公司,100-499人,,成都,广州-白云区,大专,3年以上,15-25k·15薪,,,,https://www.liepin.com/job/1979021313.shtml,20251209152608,,,,
6555,猎聘,能源/化工/环保,矿山,选矿工程师（吉尔吉斯坦）,企业职位,某深圳矿产开采公司,1-49人,,成都,深圳,学历不限,5-10年,20-30k,,,,https://www.liepin.com/a/75794195.shtml,20260519074537,,,,
6556,猎聘,能源/化工/环保,矿山,地材三方业务员（砂石水泥）,企业职位,汤始建华(珠海)科技有限公司,10000人以上,,成都,中山,大专,3年以上,8-15k,,,,https://www.liepin.com/job/1980556469.shtml,20260601110615,,,,
6557,猎聘,能源/化工/环保,矿山,采矿技术副总（非洲刚果金）,企业职位,深圳亿特控股(集团)有限公司,2000-5000人,,成都,深圳-南山区,硕士,10年以上,50-80k,,,,https://www.liepin.com/job/1980585143.shtml,20260303111034,,,,
6558,猎聘,能源/化工/环保,矿山,矿长（副总经理）,企业职位,中交一建(天津)集团有限公司,50-99人,,成都,揭阳-榕城区,大专,5年以上,25-30k,,,,https://www.liepin.com/job/1963659027.shtml,20250714154313,,,,
6559,猎聘,能源/化工/环保,矿山,安全员,企业职位,河南发恩德矿业有限公司,1000-2000人,,成都,云浮,中专/中技,3-5年,3-4k,,,,https://www.liepin.com/job/1930948901.shtml,20260524144622,,,,
6560,猎聘,能源/化工/环保,矿山,采矿技术员,企业职位,深圳市建艺装饰集团股份有限公司,1000-2000人,,成都,梅州-平远县,本科,1-3年,8-11k,,,,https://www.liepin.com/job/1975841487.shtml,20250926172024,,,,
6561,猎聘,能源/化工/环保,矿山,销售经理（新能源重卡）,企业职位,深向科技,1000-2000人,,成都,湛江-霞山区,大专,经验不限,9-15k,,,,https://www.liepin.com/job/1982737867.shtml,20260521141153,,,,
6562,猎聘,能源/化工/环保,矿山,选矿工程师,企业职位,河南发恩德矿业有限公司,1000-2000人,,成都,云浮-云安区,学历不限,3-5年,7-10k·13薪,,,,https://www.liepin.com/job/1966210125.shtml,20260524144605,,,,
6563,猎聘,能源/化工/环保,矿山,智能车载终端销售工程师（2B）,企业职位,深圳聚保管家智能科技有限公司,500-999人,,成都,深圳-南山区,大专,3年以上,8-9k,,,,https://www.liepin.com/job/1977342759.shtml,20260310102111,,,,
6564,猎聘,能源/化工/环保,矿山,注册安全工程师,企业职位,深圳市建艺装饰集团股份有限公司,1000-2000人,,成都,梅州-平远县,本科,5年以上,15-22k,,,,https://www.liepin.com/job/1971571891.shtml,20241224171322,,,,
6565,猎聘,能源/化工/环保,矿山,石场公司副总经理,企业职位,惠州交投公路发展有限公司,100-499人,,成都,惠州,本科,5-10年,30-33k,,,,https://www.liepin.com/job/1938631393.shtml,20210726141246,,,,
6566,猎聘,能源/化工/环保,矿山,采矿工程师,企业职位,台泥(英德)水泥有限公司,1000-2000人,,成都,清远,大专,5-10年,7-10k,,,,https://www.liepin.com/job/1967549261.shtml,20250207111230,,,,
6567,猎聘,能源/化工/环保,矿山,矿长/副矿长,企业职位,梅州晟佳环保建材有限公司,50-99人,,成都,梅州-五华县,大专,10年以上,20-21k·13薪,,,,https://www.liepin.com/job/1977963069.shtml,20251023151946,,,,
6568,猎聘,能源/化工/环保,矿山,地质工程师,企业职位,广州雷米金属科技有限公司,1-49人,,成都,广州-黄埔区,大专,3-5年,20-25k·13薪,,,,https://www.liepin.com/job/1974828377.shtml,20250530163459,,,,
6569,猎聘,能源/化工/环保,矿山,变压器销售总监,企业职位,某国内电气机械/器材公司,50-99人,,成都,佛山,学历不限,3-5年,15-25k,,,,https://www.liepin.com/a/75964051.shtml,20260609103417,,,,
6570,猎聘,能源/化工/环保,矿山,销售经理（新能源重卡）,企业职位,深向科技,1000-2000人,,成都,肇庆-鼎湖区,大专,经验不限,9-15k,,,,https://www.liepin.com/job/1982737781.shtml,20260521141019,,,,
6571,猎聘,能源/化工/环保,矿山,行政部部长（集团公司年营收上百亿，拥有员工超4000人）,企业职位,某北京大型人力资源服务公司,10000人以上,,成都,深圳,本科,3-5年,21-26k·14薪,,,,https://www.liepin.com/a/74979541.shtml,20260606232400,,,,
6572,猎聘,能源/化工/环保,矿山,销售经理,企业职位,某知名公司,1-49人,,成都,深圳,本科,5年以上,15-22k,,,,https://www.liepin.com/a/74131327.shtml,20260527113312,,,,
6573,猎聘,能源/化工/环保,矿山,央企-生产管理岗,企业职位,中能建(德庆)绿色建材科技有限公司,50-99人,,成都,肇庆-德庆县,统招本科,10年以上,9-16k,,,,https://www.liepin.com/job/1979455169.shtml,20251230111313,,,,
6574,猎聘,能源/化工/环保,矿山,注册安全工程师（露天矿）,企业职位,联冠投资,1000-2000人,,成都,清远-阳山县,大专,3-5年,10-15k,,,,https://www.liepin.com/job/1971287809.shtml,20241218120018,,,,
6575,猎聘,能源/化工/环保,矿山,传感器产品工程师,企业职位,重投华讯,100-499人,,成都,深圳-宝安区,本科,3-5年,15-25k,,,,https://www.liepin.com/job/1941501193.shtml,20220209085359,,,,
6576,猎聘,能源/化工/环保,矿山,股权承做,企业职位,某证券公司，综合实力排名前二十,500-999人,,成都,深圳,硕士,3-5年,25-30k,,,,https://www.liepin.com/a/74191565.shtml,20260402141137,,,,
6577,猎聘,能源/化工/环保,矿山,地质工程师,企业职位,某广州人力资源服务公司,50-99人,,成都,广州,学历不限,5-10年,10-15k,,,,https://www.liepin.com/a/74889695.shtml,20260522152800,,,,
6578,猎聘,能源/化工/环保,矿山,投行承做,企业职位,某知名基金/证券/期货公司,10000人以上,,成都,深圳,硕士,3-5年,15-20k,,,,https://www.liepin.com/a/74461013.shtml,20260608100616,,,,
6579,猎聘,能源/化工/环保,矿山,采矿工程师,企业职位,惠州港湾绿色矿产资源有限公司,1-49人,,成都,惠州-惠阳区,本科,5年以上,15-25k·13薪,,,,https://www.liepin.com/job/1981431955.shtml,20260416143420,,,,
6580,猎聘,能源/化工/环保,矿山,机电工程师,企业职位,重投华讯,100-499人,,成都,深圳-宝安区,本科,3-5年,15-30k,,,,https://www.liepin.com/job/1941498611.shtml,20220209085359,,,,
6581,猎聘,能源/化工/环保,矿山,机电工程师,企业职位,某国内石化公司,,,成都,阳江,大专,3年以上,14-18k,,,,https://www.liepin.com/a/76589257.shtml,20260609160744,,,,
6582,猎聘,能源/化工/环保,矿山,安全工程师,企业职位,某国内石化公司,,,成都,阳江,大专,5年以上,13-14k,,,,https://www.liepin.com/a/76543271.shtml,20260608173631,,,,
6583,猎聘,能源/化工/环保,矿山,研发总监（输送线 重工 双休）,企业职位,某东莞电气机械/器材公司,100-499人,,成都,东莞,统招本科,10年以上,50-55k,,,,https://www.liepin.com/a/76203045.shtml,20260609112102,,,,
6584,猎聘,能源/化工/环保,矿山,产品经理,企业职位,深圳青芒机器人科技有限公司,100-499人,,成都,深圳-南山区,统招本科,1-8年,30-60k·15薪,,,,https://www.liepin.com/job/1983183711.shtml,20260605113454,,,,
6585,猎聘,能源/化工/环保,矿山,海外采购（煤炭）,企业职位,广州鑫丰润能源,100-499人,,成都,广州-天河区,大专,3-5年,25-35k,,,,https://www.liepin.com/job/1965477409.shtml,20260609090338,,,,
6586,猎聘,能源/化工/环保,矿山,有色及贵金属板块期货资深 / 首席分析师,企业职位,某上海大型基金/证券/期货公司,1000-2000人,,成都,深圳,硕士,5-10年,60-70k,,,,https://www.liepin.com/a/74314273.shtml,20260609132243,,,,
6587,猎聘,能源/化工/环保,矿山,化验员,企业职位,广州泰丰矿业集团有限公司,500-999人,,成都,广州-白云区,本科,3-5年,15-20k,,,,https://www.liepin.com/job/1971491113.shtml,20260609091931,,,,
6588,猎聘,能源/化工/环保,矿山, 研发总监（回转窑、粉体输送，大型重工行业）,企业职位,某东莞电气机械/器材公司,100-499人,,成都,东莞,本科,10年以上,40-70k,,,,https://www.liepin.com/a/76232401.shtml,20260531141153,,,,
6589,猎聘,能源/化工/环保,矿山,国内空压机销售经理,企业职位,宁波德曼压缩机有限公司,100-499人,,成都,深圳-宝安区,学历不限,2年以上,20-50k,,,,https://www.liepin.com/job/1980727767.shtml,20260516171923,,,,
6590,猎聘,能源/化工/环保,矿山,股权承做,企业职位,某深圳大型基金/证券/期货公司,2000-5000人,,成都,深圳,硕士,1-3年,12-15k·22薪,,,,https://www.liepin.com/a/76439977.shtml,20260605094847,,,,
6591,猎聘,能源/化工/环保,矿山,大客户经理(J10287),企业职位,深圳市三旺通信股份有限公司,500-999人,,成都,深圳-南山区,本科,5年以上,15-25k,,,,https://www.liepin.com/job/1983116141.shtml,20260603155200,,,,
6592,猎聘,能源/化工/环保,矿山,选矿厂厂长,企业职位,某西安人力资源服务公司,100-499人,,成都,广州,学历不限,经验不限,35-45k·13薪,,,,https://www.liepin.com/a/74905419.shtml,20260609100358,,,,
6593,猎聘,能源/化工/环保,矿山,采矿工程师,企业职位,中交一建(天津)集团有限公司,50-99人,,成都,揭阳-榕城区,大专,3年以上,20-25k,,,,https://www.liepin.com/job/1974357049.shtml,20250714154255,,,,
6594,猎聘,能源/化工/环保,矿山,总经理助理/副总,企业职位,深圳市锦华实业集团有限公司,1000-2000人,,成都,深圳-宝安区,统招本科,5年以上,20-25k,,,,https://www.liepin.com/job/1978555765.shtml,20260413173851,,,,
6595,猎聘,能源/化工/环保,矿山,项目管理部综合管理岗2,企业职位,揭阳市投控矿产资源开发有限公司,1-49人,,成都,揭阳-榕城区,本科,3年以上,10-15k,,,,https://www.liepin.com/job/1977726321.shtml,20251024201257,,,,
6596,猎聘,能源/化工/环保,矿山,项目管理部综合管理岗3,企业职位,揭阳市投控矿产资源开发有限公司,1-49人,,成都,揭阳-榕城区,本科,3年以上,10-15k,,,,https://www.liepin.com/job/1977726509.shtml,20251024201213,,,,
6597,猎聘,能源/化工/环保,矿山,俄语翻译,企业职位,深圳市金皓阳矿业有限公司,,,成都,深圳-龙华区,本科,1-3年,15-20k,,,,https://www.liepin.com/job/1977750523.shtml,20251014145441,,,,
6598,猎聘,能源/化工/环保,矿山,总经理（矿业）,企业职位,温州弘德实业有限公司,1-49人,,成都,河源,本科,5-10年,35-50k,,,,https://www.liepin.com/job/1948655867.shtml,20220428104536,,,,
6599,猎聘,能源/化工/环保,矿山,地质工程师,企业职位,台泥(英德)水泥有限公司,1000-2000人,,成都,清远,大专,5年以上,7-10k,,,,https://www.liepin.com/job/1967559735.shtml,20250207111305,,,,
6600,猎聘,能源/化工/环保,矿山,在线监视监测产品开发工程师,企业职位,重投华讯,100-499人,,成都,深圳-宝安区,本科,5-10年,18-36k,,,,https://www.liepin.com/job/1943829377.shtml,20220209085359,,,,
6601,猎聘,能源/化工/环保,矿山,【央企地勘院】地质勘查工程师,企业职位,某专业服务公司,50-99人,,成都,广州,统招本科,3-5年,15-25k,,,,https://www.liepin.com/a/73473189.shtml,20260317123649,,,,
6602,猎聘,能源/化工/环保,矿山,能源项目管理,企业职位,中宬矿业,1-49人,,成都,深圳-南山区,本科,3年以上,15-20k,,,,https://www.liepin.com/job/1981597369.shtml,20260414165951,,,,
6603,猎聘,能源/化工/环保,矿山,防爆灯销售经理,企业职位,东莞市锂光电子科技有限公司,100-499人,,成都,东莞-长安镇,大专,3年以上,15-18k,,,,https://www.liepin.com/job/1983116315.shtml,20260608101744,,,,
6604,猎聘,能源/化工/环保,矿山,采矿技术员（福利好   待遇高）,企业职位,某国内人力资源服务公司,50-99人,,成都,清远,大专,5-10年,8-9k,,,,https://www.liepin.com/a/75519859.shtml,20260511145736,,,,
6605,猎聘,能源/化工/环保,矿山,副矿长（分管技术）,企业职位,中电建(云浮)新材料有限公司,100-499人,,成都,云浮-郁南县,学历不限,10年以上,30-35k,,,,https://www.liepin.com/job/1976048597.shtml,20251210095519,,,,
6606,猎聘,能源/化工/环保,矿山,地质总经理,企业职位,某大型新能源公司,2000-5000人,,成都,深圳,本科,10年以上,80-100k,,,,https://www.liepin.com/a/73372479.shtml,20260314113602,,,,
6607,猎聘,能源/化工/环保,矿山,机动部部长（河源市-紫金县）,企业职位,天高集团,2000-5000人,,成都,河源-紫金县,大专,5年以上,10-13k,,,,https://www.liepin.com/job/1983020037.shtml,20260601105251,,,,
6608,猎聘,能源/化工/环保,矿山,初级爆破工程师,企业职位,广东省特程科技发展有限公司,1-49人,,成都,深圳-龙岗区,本科,3年以上,10-15k,,,,https://www.liepin.com/job/1979230849.shtml,20251218113224,,,,
6609,猎聘,能源/化工/环保,矿山,电智技术研究院电动技术所副所长（主持工作）,企业职位,某国内知名公司,2000-5000人,,成都,珠海-金湾区,硕士,5-10年,30-50k·18薪,,,,https://www.liepin.com/a/75665399.shtml,20260518185834,,,,
6610,猎聘,能源/化工/环保,矿山,安全管理部安全主管(职业健康与培训主管）,企业职位,某长沙大型工程施工公司,5000-10000人,,成都,阳江-阳西县,大专,5-10年,15-16k,,,,https://www.liepin.com/a/75383015.shtml,20260508085013,,,,
6611,猎聘,能源/化工/环保,矿山,生产运营部机械工程师,企业职位,中交四航局总承包工程有限公司,100-499人,,成都,阳江-阳西县,本科,5年以上,14-16k,,,,https://www.liepin.com/job/1975375659.shtml,20251209143941,,,,
6612,猎聘,能源/化工/环保,矿山,商务专员（法语）,企业职位,某国内机械/设备上市公司,500-999人,,成都,珠海,本科,1-3年,15-30k,,,,https://www.liepin.com/a/75364371.shtml,20260507160744,,,,
6613,猎聘,能源/化工/环保,矿山,中级爆破工程师,企业职位,广东省特程科技发展有限公司,1-49人,,成都,深圳-龙岗区,本科,3年以上,12-18k,,,,https://www.liepin.com/job/1979146331.shtml,20251215150604,,,,
6614,猎聘,能源/化工/环保,矿山,生产运营部采矿工程师,企业职位,中交四航局总承包工程有限公司,100-499人,,成都,阳江-阳西县,本科,5年以上,18-20k,,,,https://www.liepin.com/job/1975375739.shtml,20251209143941,,,,
6615,猎聘,能源/化工/环保,矿山,注册安全工程师,企业职位,开平市百信矿业投资有限公司,50-99人,,成都,江门-开平,学历不限,经验不限,13-18k,,,,https://www.liepin.com/job/1976362297.shtml,20251214145456,,,,
6616,猎聘,能源/化工/环保,矿山,地质工程师,企业职位,广东英格尔地质勘查服务有限公司,1-49人,,成都,珠海-香洲区,大专,1年以上,15-20k,,,,https://www.liepin.com/job/1983093475.shtml,20260603091252,,,,
6617,猎聘,能源/化工/环保,矿山,央企-技术管理岗,企业职位,中能建(德庆)绿色建材科技有限公司,50-99人,,成都,肇庆-德庆县,统招本科,5-10年,9-20k,,,,https://www.liepin.com/job/1979454991.shtml,20251230110948,,,,
6618,猎聘,能源/化工/环保,矿山,央企-质量环保岗,企业职位,中能建(德庆)绿色建材科技有限公司,50-99人,,成都,肇庆-德庆县,统招本科,5-10年,10-20k,,,,https://www.liepin.com/job/1979590591.shtml,20260107094411,,,,
6619,猎聘,能源/化工/环保,矿山,央企-注册安全工程师,企业职位,中能建(德庆)绿色建材科技有限公司,50-99人,,成都,肇庆-德庆县,统招本科,5-10年,10-18k,,,,https://www.liepin.com/job/1962812265.shtml,20251230110624,,,,
6620,猎聘,能源/化工/环保,矿山,测绘/测量,企业职位,梅州晟佳环保建材有限公司,50-99人,,成都,梅州-五华县,中专/中技,3年以上,7-12k,,,,https://www.liepin.com/job/1978058507.shtml,20251028153436,,,,
6621,猎聘,能源/化工/环保,矿山,爆破工程师,企业职位,广东省特程科技发展有限公司,1-49人,,成都,韶关-浈江区,硕士,3-10年,11-15k,,,,https://www.liepin.com/job/1979145473.shtml,20251215145338,,,,
6622,猎聘,能源/化工/环保,矿山,研发总监,企业职位,某东莞大型机械/设备公司,100-499人,,成都,东莞-松山湖,本科,10年以上,40-70k,,,,https://www.liepin.com/a/75672545.shtml,20260514142900,,,,
6623,猎聘,能源/化工/环保,矿山,外贸经理/主管,企业职位,深圳市瑞恒重工科技有限公司,1-49人,,成都,深圳-南山区,本科,5-10年,10-15k,,,,https://www.liepin.com/job/1982597037.shtml,20260517162034,,,,
6624,猎聘,能源/化工/环保,矿山,嵌入式软件开发工程师,企业职位,福州市明丰科技有限公司,1-49人,,成都,深圳-南山区,大专,3年以上,10-20k·13薪,,,,https://www.liepin.com/job/1971481945.shtml,20250215105422,,,,
6625,猎聘,能源/化工/环保,矿山,大客户销售,企业职位,深圳市锐明技术股份有限公司,2000-5000人,,成都,深圳-南山区,统招本科,经验不限,15-30k,,,,https://www.liepin.com/job/1966521521.shtml,20240425091912,,,,
6626,猎聘,能源/化工/环保,矿山,采矿工程师,企业职位,宏大爆破工程集团有限责任公司,100-499人,,成都,江门-新会区,大专,5-10年,10-15k·13薪,,,,https://www.liepin.com/job/1973945881.shtml,20250430101820,,,,
6627,猎聘,能源/化工/环保,矿山,人员精准定位系统架构师,企业职位,重投华讯,100-499人,,成都,深圳-宝安区,本科,3-5年,15-30k,,,,https://www.liepin.com/job/1941498411.shtml,20220209085359,,,,
6628,猎聘,能源/化工/环保,矿山,机电工程师,企业职位,某国内石化公司,,,成都,阳江,大专,5年以上,17-25k,,,,https://www.liepin.com/a/76537405.shtml,20260608162737,,,,
6629,猎聘,能源/化工/环保,矿山,人工智能专家（机器人）,猎头职位,某电气机械/器材公司,50-99人,,成都,广州-黄埔区,硕士,10年以上,40-70k·13薪,,,,https://www.liepin.com/a/75787117.shtml,20260518171432,,,,
6630,猎聘,能源/化工/环保,矿山,Experienced Sales Engineer-广佛,猎头职位,某北京电力/热力/燃气/水务上市公司,10000人以上,,成都,广州,本科,5-10年,15-25k,,,,https://www.liepin.com/a/75999969.shtml,20260605092657,,,,
6631,猎聘,能源/化工/环保,矿山,汽车销售专员,猎头职位,某广州大型整车制造公司,10000人以上,,成都,广州,本科,2年以上,10-15k,,,,https://www.liepin.com/a/76457347.shtml,20260609135742,,,,
6632,猎聘,能源/化工/环保,矿山,注册安全工程师,猎头职位,某西安其他商务服务业公司,,,成都,深圳,大专,5-10年,3-4k,,,,https://www.liepin.com/a/74461263.shtml,20260409180349,,,,
6633,猎聘,能源/化工/环保,矿山,采矿设计技术员【事业单位，五险一金，休假按法定】,猎头职位,某国内人力资源服务公司,50-99人,,成都,广州,硕士,经验不限,13-26k,,,,https://www.liepin.com/a/75659457.shtml,20260514104453,,,,
6634,猎聘,能源/化工/环保,矿山,销售总监,猎头职位,某广州大型整车制造公司,10000人以上,,成都,广州,本科,2年以上,10-15k,,,,https://www.liepin.com/a/76457083.shtml,20260609135742,,,,
6635,猎聘,能源/化工/环保,矿山,雷达算法工程师,猎头职位,某国内汽车零部件及配件公司,100-499人,,成都,深圳-南山区,硕士,经验不限,20-40k,,,,https://www.liepin.com/a/74893787.shtml,20260609165149,,,,
6636,猎聘,能源/化工/环保,矿山,理工科研究员（回国的海外工作博士）,猎头职位,某大型知名人力资源服务公司,5000-10000人,,成都,广州,博士,经验不限,45-75k·18薪,,,,https://www.liepin.com/a/73795485.shtml,20260324111458,,,,
6637,猎聘,能源/化工/环保,矿山,注册安全工程师【央企 双休 福利待遇好】 ,猎头职位,某国内人力资源服务公司,50-99人,,成都,阳江,大专,5-10年,16-17k,,,,https://www.liepin.com/a/75420751.shtml,20260508160126,,,,
6638,猎聘,能源/化工/环保,矿山,无人驾驶工程师,猎头职位,某知名公司,500-999人,,成都,深圳,大专,1年以下,12-13k,,,,https://www.liepin.com/a/74417013.shtml,20260508160919,,,,
6639,猎聘,能源/化工/环保,矿山,采矿工程师,猎头职位,某知名公司,50-99人,,成都,广州,大专,10年以上,12-22k·13薪,,,,https://www.liepin.com/a/74023283.shtml,20260330120724,,,,
6640,猎聘,能源/化工/环保,矿山,项目管理,猎头职位,某深圳互联网公司,100-499人,,成都,深圳,统招本科,5-10年,25-40k,,,,https://www.liepin.com/a/75842055.shtml,20260610005243,,,,
6641,猎聘,能源/化工/环保,矿山,大客户销售,猎头职位,某厦门新能源公司,100-499人,,成都,潮州,统招本科,3-5年,14-28k·18薪,,,,https://www.liepin.com/a/73429623.shtml,20260608110208,,,,
6642,猎聘,能源/化工/环保,矿山,法务风控岗,猎头职位,某深圳大型贸易进出口公司,2000-5000人,,成都,深圳,本科,3-5年,30-45k,,,,https://www.liepin.com/a/75896013.shtml,20260521100836,,,,
6643,猎聘,能源/化工/环保,矿山,Sales Engineer/销售工程师（工业自动化）,猎头职位,某大型电气机械/器材公司,10000人以上,,成都,深圳-南山区,本科,3年以上,15-20k·16薪,,,,https://www.liepin.com/a/74101515.shtml,20260331185524,,,,
6644,猎聘,能源/化工/环保,矿山,安全管理部安全主管,猎头职位,某长沙大型工程施工公司,5000-10000人,,成都,阳江-阳西县,大专,5-10年,15-16k,,,,https://www.liepin.com/a/75382937.shtml,20260508084823,,,,
6645,猎聘,能源/化工/环保,矿山,财务总监（海外，哈萨克斯坦）,猎头职位,某知名公司,,,成都,珠海,本科,10年以上,25-35k,,,,https://www.liepin.com/a/75312799.shtml,20260506170839,,,,
6646,猎聘,能源/化工/环保,矿山,选矿工程师（需出差  吉尔吉斯斯坦）,猎头职位,某矿产开采公司,1-49人,,成都,深圳,大专,5年以上,20-40k·14薪,,,,https://www.liepin.com/a/75065135.shtml,20260426141924,,,,
6647,猎聘,能源/化工/环保,矿山,销售经理,猎头职位,某合肥互联网公司,100-499人,,成都,深圳,统招本科,5-10年,15-20k,,,,https://www.liepin.com/a/74649015.shtml,20260415092204,,,,
6648,猎聘,能源/化工/环保,矿山,地质勘查,猎头职位,某广州人力资源服务公司,50-99人,,成都,广州,学历不限,5-10年,15-20k,,,,https://www.liepin.com/a/74069595.shtml,20260331105626,,,,
6649,猎聘,能源/化工/环保,矿山,机械高级工程师,猎头职位,某深圳知名轨道交通/船舶设备公司,5000-10000人,,成都,深圳,硕士,8年以上,20-40k,,,,https://www.liepin.com/a/73902225.shtml,20260325224007,,,,
6650,猎聘,能源/化工/环保,矿山,EU销售,猎头职位,某知名上市公司,10000人以上,,成都,深圳-南山区,统招本科,3-5年,15-25k,,,,https://www.liepin.com/a/75093245.shtml,20260427141136,,,,
6651,猎聘,能源/化工/环保,矿山,财务总监,猎头职位,某知名公司,,,成都,珠海,本科,10年以上,30-50k,,,,https://www.liepin.com/a/74920269.shtml,20260422100439,,,,
6652,猎聘,能源/化工/环保,矿山,矿长 ,猎头职位,某西安人力资源服务公司,100-499人,,成都,广州,学历不限,经验不限,35-40k·13薪,,,,https://www.liepin.com/a/74905243.shtml,20260609100358,,,,
6653,猎聘,能源/化工/环保,矿山,大矿长(刚果金),猎头职位,某深圳大型新能源公司,2000-5000人,,成都,深圳,统招本科,10年以上,50-80k,,,,https://www.liepin.com/a/75998543.shtml,20260609082809,,,,
6654,猎聘,能源/化工/环保,矿山,新能源重卡销售顾问,猎头职位,某广州大型整车制造公司,500-999人,,成都,广州,大专,经验不限,10-15k,,,,https://www.liepin.com/a/76458293.shtml,20260609164603,,,,
6655,猎聘,能源/化工/环保,矿山,功率电子设计工程师（500强外企）,猎头职位,某世界500强工业自动化公司,10000人以上,,成都,深圳-宝安区,统招本科,3-5年,15-23k·13薪,,,,https://www.liepin.com/a/73919901.shtml,20260326113935,,,,
6656,猎聘,能源/化工/环保,矿山,地质工程师（常驻非洲刚果金）,猎头职位,某国内专业技术服务公司,1-49人,,成都,珠海,大专,1-3年,14-18k,,,,https://www.liepin.com/a/73610897.shtml,20260319171042,,,,
6657,猎聘,能源/化工/环保,矿山,软件工程师,猎头职位,某知名公司,10000人以上,,成都,广州,统招本科,3年以上,40-60k,,,,https://www.liepin.com/a/76574923.shtml,20260609133150,,,,
6658,猎聘,能源/化工/环保,矿山,股权承做,猎头职位,某深圳大型基金/证券/期货公司,2000-5000人,,成都,深圳,硕士,3-5年,20-30k·24薪,,,,https://www.liepin.com/a/76504609.shtml,20260609211326,,,,
6659,猎聘,能源/化工/环保,矿山,采购经理,猎头职位,某广州建材公司,100-499人,,成都,广州,本科,10年以上,18-25k·14薪,,,,https://www.liepin.com/a/76246207.shtml,20260601104403,,,,
6660,猎聘,能源/化工/环保,矿山,财务总监,猎头职位,某知名公司,,,成都,珠海,学历不限,10年以上,30-60k,,,,https://www.liepin.com/a/74938823.shtml,20260422143010,,,,
6661,猎聘,能源/化工/环保,矿山,销售经理-深圳,猎头职位,某知名公司,1-49人,,成都,深圳,本科,3-5年,15-20k,,,,https://www.liepin.com/a/74114839.shtml,20260609100045,,,,
6662,猎聘,能源/化工/环保,矿山,高级采矿工程师,猎头职位,某国内人力资源服务公司,50-99人,,成都,广州,大专,5-10年,22-24k,,,,https://www.liepin.com/a/75334143.shtml,20260609185126,,,,
6663,猎聘,能源/化工/环保,矿山,【国企】安全管理主管（体系与应急主管）,猎头职位,某知名公司,,,成都,阳江-阳西县,大专,5-10年,14-15k,,,,https://www.liepin.com/a/76347701.shtml,20260609095305,,,,
6664,猎聘,能源/化工/环保,矿山,雷达算法工程师,猎头职位,某国内汽车零部件及配件公司,100-499人,,成都,深圳,硕士,1-3年,20-40k,,,,https://www.liepin.com/a/74847545.shtml,20260420171444,,,,
6665,猎聘,能源/化工/环保,矿山,大客户销售,猎头职位,某上海大型咨询服务公司,500-999人,,成都,广州,统招本科,3-5年,25-40k·15薪,,,,https://www.liepin.com/a/75539097.shtml,20260609092703,,,,
6666,猎聘,能源/化工/环保,矿山,无人驾驶环卫机器人技术总工,猎头职位,某专业服务公司,100-499人,,成都,佛山,硕士,经验不限,90-120k,,,,https://www.liepin.com/a/76180035.shtml,20260609113509,,,,
6667,猎聘,能源/化工/环保,矿山,AI产品经理,猎头职位,某北京贸易进出口上市公司,5000-10000人,,成都,珠海,本科,5-10年,30-45k,,,,https://www.liepin.com/a/75313273.shtml,20260609134419,,,,
6668,猎聘,能源/化工/环保,矿山,算法工程师,猎头职位,某国内计算机软件公司,1-49人,,成都,深圳,博士,3-5年,100-110k,,,,https://www.liepin.com/a/74147699.shtml,20260401170712,,,,
6669,猎聘,能源/化工/环保,矿山,商务专员（法语）,猎头职位,某国内机械/设备上市公司,500-999人,,成都,珠海,本科,经验不限,15-25k,,,,https://www.liepin.com/a/75371077.shtml,20260507171828,,,,
6670,猎聘,能源/化工/环保,矿山,产品经理（煤矿安全监控）,猎头职位,某深圳互联网公司,100-499人,,成都,深圳,统招本科,5-10年,22-35k,,,,https://www.liepin.com/a/75841511.shtml,20260610005243,,,,
6671,猎聘,能源/化工/环保,矿山,遥感大模型高级算法专家-主导的NL2SC/遥感大模型,猎头职位,某国内知名计算机软件公司,1-49人,,成都,深圳,博士,5-10年,35-60k,,,,https://www.liepin.com/a/74260553.shtml,20260605181622,,,,
6672,猎聘,能源/化工/环保,矿山,采购经理,猎头职位,某知名公司,100-499人,,成都,广州-黄埔区,学历不限,10年以上,18-25k·14薪,,,,https://www.liepin.com/a/76247699.shtml,20260601105842,,,,
6673,猎聘,能源/化工/环保,矿山,副总经理 五险 有年终奖金，福利待遇好,猎头职位,某国内人力资源服务公司,50-99人,,成都,云浮,本科,5-10年,24-25k,,,,https://www.liepin.com/a/76444315.shtml,20260608103121,,,,
6674,猎聘,能源/化工/环保,矿山,事业部总监（大型设备无人化事业部）,猎头职位,某深圳互联网公司,50-99人,,成都,深圳-福田区,统招本科,5-10年,20-40k,,,,https://www.liepin.com/a/76130145.shtml,20260602154737,,,,
6675,猎聘,能源/化工/环保,矿山,雷达算法工程师（点运算法）,猎头职位,某国内汽车零部件及配件公司,100-499人,,成都,深圳,本科,3-5年,30-50k,,,,https://www.liepin.com/a/75367121.shtml,20260605093802,,,,
6676,猎聘,能源/化工/环保,矿山,矿长和副矿长/矿区采剥经理/矿区生产部经理-刚果金,猎头职位,某深圳大型新能源公司,2000-5000人,,成都,深圳,大专,经验不限,30-50k,,,,https://www.liepin.com/a/76425371.shtml,20260609082809,,,,
6677,猎聘,能源/化工/环保,矿山,风控专家（海外),猎头职位,某知名机械/设备上市公司,10000人以上,,成都,深圳,统招本科,5-10年,30-60k,,,,https://www.liepin.com/a/76242133.shtml,20260602090742,,,,
6678,猎聘,能源/化工/环保,矿山,行业销售-工业软件（交通港口、军工、冶金、有色、半导体、烟草、食品饮料）,猎头职位,某大型知名计算机软件公司,500-999人,,成都,广州,统招本科,3-5年,20-30k·15薪,,,,https://www.liepin.com/a/75479005.shtml,20260526150714,,,,
6679,猎聘,能源/化工/环保,矿山,雷达算法工程师（汽车）,猎头职位,某深圳大型电子/半导体/集成电路公司,10000人以上,,成都,深圳,学历不限,3-5年,30-40k·13薪,,,,https://www.liepin.com/a/74836553.shtml,20260605090646,,,,
6680,猎聘,能源/化工/环保,矿山,测量工程师,猎头职位,某西安其他商务服务业公司,,,成都,深圳,统招本科,5-10年,14-16k,,,,https://www.liepin.com/a/74461871.shtml,20260409181655,,,,
6681,猎聘,能源/化工/环保,矿山,雷达算法工程师  点云感知 多传感器 激光/4D毫米波雷达  ,猎头职位,某国内汽车零部件及配件公司,100-499人,,成都,深圳,本科,1-3年,30-40k,,,,https://www.liepin.com/a/74882799.shtml,20260609132807,,,,
6682,猎聘,能源/化工/环保,矿山,雷达算法工程师-工作地址不限,猎头职位,某知名公司,1-49人,,成都,深圳,学历不限,经验不限,25-50k·13薪,,,,https://www.liepin.com/a/74963605.shtml,20260609091033,,,,
6683,猎聘,能源/化工/环保,矿山,机械工程师（重型机械或海工装备设计）,猎头职位,某深圳大型轨道交通/船舶设备公司,5000-10000人,,成都,深圳-南山区,硕士,3-5年,30-40k,,,,https://www.liepin.com/a/74271877.shtml,20260404172716,,,,
6684,猎聘,能源/化工/环保,矿山,矿业集团企业运营管理部部长,猎头职位,某深圳大型矿产开采公司,5000-10000人,,成都,深圳-南山区,统招本科,10年以上,35-60k·13薪,,,,https://www.liepin.com/a/73249753.shtml,20260311144535,,,,
6685,猎聘,能源/化工/环保,矿山,无人驾驶工程师-矿区方向,猎头职位,某国内人力资源服务公司,500-999人,,成都,广州,大专,1-3年,11-12k,,,,https://www.liepin.com/a/74419403.shtml,20260409095439,,,,
6686,猎聘,能源/化工/环保,矿山,安全管理部安全主管（职业健康与培训主管）,猎头职位,某国内石化公司,,,成都,阳江,大专,3年以上,14-15k,,,,https://www.liepin.com/a/76589949.shtml,20260609161128,,,,
6687,猎聘,能源/化工/环保,矿山,安全管理部安全主管（体系与应急主管）,猎头职位,某国内石化公司,,,成都,阳江,大专,3年以上,14-15k,,,,https://www.liepin.com/a/76589779.shtml,20260609160939,,,,
6688,猎聘,能源/化工/环保,矿山,销售总监,猎头职位,某广州大型医疗机构公司,5000-10000人,,成都,广州,本科,10年以上,30-45k,,,,https://www.liepin.com/a/76558817.shtml,20260609095319,,,,
6689,猎聘,能源/化工/环保,矿山,安全主管,猎头职位,某国内石化公司,,,成都,阳江,大专,5年以上,13-14k,,,,https://www.liepin.com/a/76543611.shtml,20260608174122,,,,
6690,猎聘,能源/化工/环保,矿山,安全主管,猎头职位,某国内石化公司,,,成都,阳江,大专,5年以上,13-14k,,,,https://www.liepin.com/a/76543545.shtml,20260608174004,,,,
6691,猎聘,能源/化工/环保,矿山,资源勘察工程师,猎头职位,某武汉大型工程施工公司,5000-10000人,,成都,深圳,本科,10年以上,20-30k,,,,https://www.liepin.com/a/76539029.shtml,20260608164723,,,,
6692,猎聘,能源/化工/环保,矿山,资源勘察工程师,猎头职位,某武汉大型工程施工公司,5000-10000人,,成都,深圳-龙岗区,硕士,3年以上,20-23k,,,,https://www.liepin.com/a/76537061.shtml,20260609094606,,,,
6693,猎聘,能源/化工/环保,矿山,海外产品销售 (MJ004838),企业职位,徐工集团,10000人以上,,杭州,徐州-贾汪区,统招本科,3-5年,22-30k,,,,https://www.liepin.com/job/1982544247.shtml,20260605102242,,,,
6694,猎聘,能源/化工/环保,矿山,海外产品销售 (MJ004817),企业职位,徐工集团,10000人以上,,杭州,徐州-贾汪区,本科,经验不限,22-30k,,,,https://www.liepin.com/job/1982544207.shtml,20260514163334,,,,
6695,猎聘,能源/化工/环保,矿山,销售支持工程师 (MJ017368),企业职位,施耐德电气,10000人以上,,杭州,南京-建邺区,本科,5年以上,15-25k,,,,https://www.liepin.com/job/1981847657.shtml,20260420162950,,,,
6696,猎聘,能源/化工/环保,矿山,系统测试工程师（矿山自动驾驶方向）,企业职位,某上海专业技术服务公司,50-99人,,杭州,无锡,统招本科,2年以上,10-12k,,,,https://www.liepin.com/a/75997001.shtml,20260525101714,,,,
6697,猎聘,能源/化工/环保,矿山,矿山成套项目总监,企业职位,三一集团,10000人以上,,杭州,苏州-昆山,本科,5年以上,30-50k·18薪,,,,https://www.liepin.com/job/1982614531.shtml,20260518140353,,,,
6698,猎聘,能源/化工/环保,矿山,矿山成套项目副总监（软件平台方向）,企业职位,三一集团,10000人以上,,杭州,苏州-昆山,本科,5-10年,25-40k·18薪,,,,https://www.liepin.com/job/1982656455.shtml,20260519113124,,,,
6699,猎聘,能源/化工/环保,矿山,矿山测量工程师,企业职位,某苏州大型金属冶炼公司,10000人以上,,杭州,苏州-张家港,本科,5-10年,30-60k,,,,https://www.liepin.com/a/75976427.shtml,20260607120011,,,,
6700,猎聘,能源/化工/环保,矿山,矿山成套项目经理,企业职位,三一集团,10000人以上,,杭州,苏州-昆山,统招本科,5-10年,25-35k·18薪,,,,https://www.liepin.com/job/1982659115.shtml,20260519122646,,,,
6701,猎聘,能源/化工/环保,矿山,矿山成套项目副总监（矿山方向）,企业职位,三一集团,10000人以上,,杭州,苏州-昆山,本科,5年以上,25-40k·18薪,,,,https://www.liepin.com/job/1982656159.shtml,20260519112847,,,,
6702,猎聘,能源/化工/环保,矿山,矿山及加工厂智能化工程师,企业职位,苏州中材非金属矿工业设计研究院有限公司,100-499人,,杭州,苏州-虎丘区,本科,5-10年,10-20k·15薪,,,,https://www.liepin.com/job/1955817415.shtml,20260603153529,,,,
6703,猎聘,能源/化工/环保,矿山,矿山成套方案所所长,企业职位,三一集团,10000人以上,,杭州,苏州-昆山,本科,5年以上,25-40k·18薪,,,,https://www.liepin.com/job/1982658943.shtml,20260519121719,,,,
6704,猎聘,能源/化工/环保,矿山,矿山成套项目副总监（软件平台方向）,企业职位,某国内大型其他商务服务业公司,5000-10000人,,杭州,苏州-昆山,统招本科,5-10年,60-80k,,,,https://www.liepin.com/a/75306363.shtml,20260506160420,,,,
6705,猎聘,能源/化工/环保,矿山,地下矿山机运工作师,企业职位,苏州中材非金属矿工业设计研究院有限公司,100-499人,,杭州,苏州-虎丘区,本科,5-10年,10-20k·14薪,,,,https://www.liepin.com/job/1955817385.shtml,20260603153529,,,,
6706,猎聘,能源/化工/环保,矿山,有色行业行销专家（矿山冶炼）不限base,企业职位,某知名公司,50-99人,,杭州,苏州,统招本科,10年以上,25-35k·18薪,,,,https://www.liepin.com/a/76013413.shtml,20260525142212,,,,
6707,猎聘,能源/化工/环保,矿山,矿山成套软件所所长,企业职位,三一集团,10000人以上,,杭州,苏州-昆山,统招本科,5-10年,25-40k·18薪,,,,https://www.liepin.com/job/1982659011.shtml,20260519122059,,,,
6708,猎聘,能源/化工/环保,矿山,矿山成套项目副总监（矿山方向）,企业职位,某国内大型其他商务服务业公司,5000-10000人,,杭州,苏州-昆山,统招本科,5-10年,60-80k,,,,https://www.liepin.com/a/75305035.shtml,20260506155342,,,,
6709,猎聘,能源/化工/环保,矿山,矿山微电网技术工程师(偏电气二次,企业职位,某国内知名公司,2000-5000人,,杭州,徐州,本科,5-10年,30-35k,,,,https://www.liepin.com/a/75303657.shtml,20260528112525,,,,
6710,猎聘,能源/化工/环保,矿山,矿山总图设计工程师,企业职位,苏州中材非金属矿工业设计研究院有限公司,100-499人,,杭州,苏州,统招本科,10年以上,10-30k,,,,https://www.liepin.com/job/1953196963.shtml,20260608183033,,,,
6711,猎聘,能源/化工/环保,矿山,矿山成套方案所副所长,企业职位,三一集团,10000人以上,,杭州,苏州-昆山,本科,5年以上,25-35k·18薪,,,,https://www.liepin.com/job/1982658981.shtml,20260519121923,,,,
6712,猎聘,能源/化工/环保,矿山,70万质量总监工程/农业/矿山/港口机械或汽车行业泉州工作,企业职位,某知名公司,50-99人,,杭州,南京,统招本科,10年以上,55-60k,,,,https://www.liepin.com/a/76400375.shtml,20260604110029,,,,
6713,猎聘,能源/化工/环保,矿山,系统测试工程师（矿山自动驾驶方向）,企业职位,某上海专业技术服务公司,50-99人,,杭州,无锡,学历不限,经验不限,9-12k,,,,https://www.liepin.com/a/76080063.shtml,20260609112550,,,,
6714,猎聘,能源/化工/环保,矿山,矿山总图运输设计师,企业职位,苏州中材非金属矿工业设计研究院有限公司,100-499人,,杭州,苏州-虎丘区,本科,5-10年,15-30k,,,,https://www.liepin.com/job/1953699121.shtml,20260603153749,,,,
6715,猎聘,能源/化工/环保,矿山,国际业务开发经理（英语、西班牙语、矿山、工程基建）,企业职位,某国内机械/设备上市公司,100-499人,,杭州,南京-江宁区,统招本科,3-5年,10-15k,,,,https://www.liepin.com/a/76285597.shtml,20260602130626,,,,
6716,猎聘,能源/化工/环保,矿山,外贸销售（压力容器/矿山机械/能源设备）,企业职位,某天津咨询服务公司,1-49人,,杭州,泰州-靖江,大专,3-5年,15-20k,,,,https://www.liepin.com/a/74400301.shtml,20260517084402,,,,
6717,猎聘,能源/化工/环保,矿山,外贸销售经理/总监（矿山、工程机械）,企业职位,某国内其他商务服务业公司,,,杭州,泰州-靖江,大专,经验不限,20-40k·14薪,,,,https://www.liepin.com/a/74397961.shtml,20260528182142,,,,
6718,猎聘,能源/化工/环保,矿山,矿山微电网技术专家/工程师,企业职位,某国内新能源公司,500-999人,,杭州,徐州,统招本科,5-10年,30-60k·14薪,,,,https://www.liepin.com/a/75632787.shtml,20260609202651,,,,
6719,猎聘,能源/化工/环保,矿山,矿山成套项目经理,企业职位,某国内大型其他商务服务业公司,5000-10000人,,杭州,苏州-昆山,统招本科,5-10年,40-50k,,,,https://www.liepin.com/a/75308119.shtml,20260506162047,,,,
6720,猎聘,能源/化工/环保,矿山,矿山成套方案所副所长,企业职位,某国内大型其他商务服务业公司,5000-10000人,,杭州,苏州-昆山,统招本科,5-10年,50-60k,,,,https://www.liepin.com/a/75307059.shtml,20260506161113,,,,
6721,猎聘,能源/化工/环保,矿山,矿山设计工程师,企业职位,苏州中材非金属矿工业设计研究院有限公司,100-499人,,杭州,苏州-虎丘区,本科,经验不限,8-24k,,,,https://www.liepin.com/job/1944026307.shtml,20260603153506,,,,
6722,猎聘,能源/化工/环保,矿山,智慧矿山解决方案工程师,企业职位,三一集团,10000人以上,,杭州,苏州-昆山,本科,经验不限,10-30k·14薪,,,,https://www.liepin.com/job/1982779889.shtml,20260602114500,,,,
6723,猎聘,能源/化工/环保,矿山,矿山设计工程师,企业职位,苏州中材非金属矿工业设计研究院有限公司,100-499人,,杭州,苏州,本科,经验不限,6-12k,,,,https://www.liepin.com/job/1953699223.shtml,20260603153624,,,,
6724,猎聘,能源/化工/环保,矿山,智慧矿山交付运维工程师,企业职位,徐工集团,10000人以上,,杭州,徐州-贾汪区,大专,3年以上,9-18k,,,,https://www.liepin.com/job/1982102265.shtml,20260427085557,,,,
6725,猎聘,能源/化工/环保,矿山,高级矿山电力工程师,企业职位,某国内大型其他商务服务业公司,5000-10000人,,杭州,苏州-昆山,统招本科,3-5年,30-40k,,,,https://www.liepin.com/a/75308771.shtml,20260506162704,,,,
6726,猎聘,能源/化工/环保,矿山,矿山成套项目副总监（矿山/软件平台）,企业职位,三一集团,10000人以上,,杭州,苏州-昆山,统招本科,5年以上,35-50k·18薪,,,,https://www.liepin.com/job/1982034105.shtml,20260423152014,,,,
6727,猎聘,能源/化工/环保,矿山,矿山成套方案所所长/副所长,企业职位,三一集团,10000人以上,,杭州,苏州-昆山,统招本科,5年以上,45-70k·18薪,,,,https://www.liepin.com/job/1982034357.shtml,20260423152323,,,,
6728,猎聘,能源/化工/环保,矿山,矿山成套软件所所长,企业职位,某国内大型其他商务服务业公司,5000-10000人,,杭州,苏州-昆山,统招本科,5-10年,40-60k,,,,https://www.liepin.com/a/75307401.shtml,20260506161415,,,,
6729,猎聘,能源/化工/环保,矿山,矿山成套项目经理,企业职位,三一集团,10000人以上,,杭州,苏州-昆山,本科,5年以上,25-50k·14薪,,,,https://www.liepin.com/job/1981965233.shtml,20260421184950,,,,
6730,猎聘,能源/化工/环保,矿山,矿山成套方案所所长,企业职位,某国内大型其他商务服务业公司,5000-10000人,,杭州,苏州-昆山,统招本科,5-10年,50-70k,,,,https://www.liepin.com/a/75306835.shtml,20260506160856,,,,
6731,猎聘,能源/化工/环保,矿山,矿山成套项目经理,企业职位,三一集团,10000人以上,,杭州,苏州-昆山,统招本科,5年以上,20-40k·18薪,,,,https://www.liepin.com/job/1982034583.shtml,20260423152707,,,,
6732,猎聘,能源/化工/环保,矿山,矿山成套项目总监/副总监,企业职位,三一集团,10000人以上,,杭州,苏州-昆山,统招本科,5年以上,40-70k,,,,https://www.liepin.com/job/1982033939.shtml,20260423151804,,,,
6733,猎聘,能源/化工/环保,矿山,制造业外贸专员（压力容器、矿山机械、能源设备）,企业职位,某国内大型机械/设备公司,1000-2000人,,杭州,泰州-靖江,大专,3年以上,12-20k,,,,https://www.liepin.com/a/74068551.shtml,20260608093732,,,,
6734,猎聘,能源/化工/环保,矿山,项目经理（矿山无人驾驶） (MJ000324),企业职位,江苏集萃清联智控科技有限公司,100-499人,,杭州,无锡,本科,3-5年,12-24k,,,,https://www.liepin.com/job/1981859797.shtml,20260602091252,,,,
6735,猎聘,能源/化工/环保,矿山,矿山成套项目总监,企业职位,三一集团,10000人以上,,杭州,苏州-昆山,统招本科,5年以上,25-40k,,,,https://www.liepin.com/job/1982020635.shtml,20260423110906,,,,
6736,猎聘,能源/化工/环保,矿山,矿山分选设备产品经理,企业职位,苏州嘉诺创新科技股份有限公司,100-499人,,杭州,苏州-吴江区,统招本科,3年以上,12-20k,,,,https://www.liepin.com/job/1981649407.shtml,20260410113839,,,,
6737,猎聘,能源/化工/环保,矿山,产品管理（地下矿山机械） (MJ004208),企业职位,徐工集团,10000人以上,,杭州,徐州-贾汪区,统招本科,3年以上,10-20k,,,,https://www.liepin.com/job/1979742077.shtml,20260114083348,,,,
6738,猎聘,能源/化工/环保,矿山,矿山业务经理 - 西非,企业职位,徐工集团,10000人以上,,杭州,徐州-鼓楼区,本科,10年以上,20-40k,,,,https://www.liepin.com/job/1980167935.shtml,20260204100804,,,,
6739,猎聘,能源/化工/环保,矿山,行业拓展经理（有色矿山）,企业职位,傲拓科技股份有限公司,100-499人,,杭州,南京-雨花台区,本科,3年以上,10-15k,,,,https://www.liepin.com/job/1980180879.shtml,20260209085709,,,,
6740,猎聘,能源/化工/环保,矿山,矿山项目管理,企业职位,北南集团,100-499人,,杭州,徐州-贾汪区,本科,5-10年,20-40k,,,,https://www.liepin.com/job/1980693023.shtml,20260306085613,,,,
6741,猎聘,能源/化工/环保,矿山,矿山矿长,企业职位,江苏君仁矿业有限公司,1-49人,,杭州,苏州-张家港,大专,5年以上,16-26k,,,,https://www.liepin.com/job/1969659767.shtml,20260403185454,,,,
6742,猎聘,能源/化工/环保,矿山,矿山运营副总裁,企业职位,通正矿业,50-99人,,杭州,常州-武进区,本科,10年以上,45-60k,,,,https://www.liepin.com/job/1962709055.shtml,20260609105621,,,,
6743,猎聘,能源/化工/环保,矿山,矿山运营负责人,企业职位,通正矿业,50-99人,,杭州,常州-武进区,大专,10年以上,25-50k,,,,https://www.liepin.com/job/1950896595.shtml,20250517154202,,,,
6744,猎聘,能源/化工/环保,矿山,矿山行业销售工程师（辅助驾驶）,企业职位,北京橙桔,100-499人,,杭州,苏州-相城区,本科,5年以上,40-50k·15薪,,,,https://www.liepin.com/job/1971922497.shtml,20250206174908,,,,
6745,猎聘,能源/化工/环保,矿山,矿山机械技术总监,企业职位,大明重工有限公司,1000-2000人,,杭州,泰州-靖江,本科,10年以上,30-35k,,,,https://www.liepin.com/job/1971723079.shtml,20250102125716,,,,
6746,猎聘,能源/化工/环保,矿山,非煤矿山业务商务总监,企业职位,北京橙桔,100-499人,,杭州,苏州-相城区,本科,3-5年,45-65k·16薪,,,,https://www.liepin.com/job/1972157965.shtml,20250206174405,,,,
6747,猎聘,能源/化工/环保,矿山,矿山业务工程师(A67091),企业职位,永卓控股,10000人以上,,杭州,苏州-张家港,本科,1-3年,20-25k,,,,https://www.liepin.com/job/1980380415.shtml,20260316155127,,,,
6748,猎聘,能源/化工/环保,矿山,项目经理（矿山）,企业职位,江苏集萃清联智控科技有限公司,100-499人,,杭州,无锡-滨湖区,本科,3-5年,10-15k,,,,https://www.liepin.com/job/1982830785.shtml,20260525145926,,,,
6749,猎聘,能源/化工/环保,矿山,有色矿山销售专家,企业职位,汇川技术,10000人以上,,杭州,苏州-吴中区,学历不限,10年以上,20-40k,,,,https://www.liepin.com/job/1977395101.shtml,20250922122544,,,,
6750,猎聘,能源/化工/环保,矿山,矿山安全员,企业职位,兴德(江苏)安全科技有限公司,50-99人,,杭州,南京-江宁区,本科,经验不限,8-12k,,,,https://www.liepin.com/job/1954522167.shtml,20231123141745,,,,
6751,猎聘,能源/化工/环保,矿山,北方矿山行业销售,企业职位,无锡虹业自动化工程有限公司,100-499人,,杭州,无锡-惠山区,大专,1-3年,8-15k,,,,https://www.liepin.com/job/1969677261.shtml,20240912132348,,,,
6752,猎聘,能源/化工/环保,矿山,矿山智能设备销售,企业职位,亿嘉和科技股份有限公司,500-999人,,杭州,南京-雨花台区,大专,3-5年,12-20k,,,,https://www.liepin.com/job/1972069595.shtml,20250124100728,,,,
6753,猎聘,能源/化工/环保,矿山,矿山投资总监(A78406),企业职位,江苏永钢集团有限公司,5000-10000人,,杭州,苏州-张家港,本科,5-10年,20-50k,,,,https://www.liepin.com/job/1978529761.shtml,20251118095339,,,,
6754,猎聘,能源/化工/环保,矿山,矿山机械工程师,企业职位,中材(南京)矿山研究院有限公司,50-99人,,杭州,南京-江宁区,统招本科,5年以上,12-22k,,,,https://www.liepin.com/job/1979620953.shtml,20260330102301,,,,
6755,猎聘,能源/化工/环保,矿山,矿山总图,企业职位,苏州中材非金属矿工业设计研究院有限公司,100-499人,,杭州,苏州,本科,5-10年,10-20k·16薪,,,,https://www.liepin.com/job/1953434671.shtml,20250206105939,,,,
6756,猎聘,能源/化工/环保,矿山,机械工程师（矿山机械）,企业职位,Etteplan,100-499人,,杭州,南京-江宁区,本科,3-5年,8-15k·13薪,,,,https://www.liepin.com/job/1951777393.shtml,20221018111349,,,,
6757,猎聘,能源/化工/环保,矿山,行业销售经理（矿山行业）,企业职位,傲拓科技股份有限公司,100-499人,,杭州,南京-雨花台区,大专,3-5年,10-20k,,,,https://www.liepin.com/job/1950376043.shtml,20260605091553,,,,
6758,猎聘,能源/化工/环保,矿山,矿山机械海外销售,企业职位,北南集团,100-499人,,杭州,徐州-鼓楼区,本科,3年以上,26-50k,,,,https://www.liepin.com/job/1973646155.shtml,20250407155220,,,,
6759,猎聘,能源/化工/环保,矿山,有色金属矿山/冶炼,企业职位,汇川技术,10000人以上,,杭州,苏州,本科,10年以上,20-40k,,,,https://www.liepin.com/job/1976698887.shtml,20250919214727,,,,
6760,猎聘,能源/化工/环保,矿山,销售经理（智慧矿山方向）,企业职位,长景智能科技(苏州)有限公司,100-499人,,杭州,苏州-虎丘区,大专,5年以上,10-15k,,,,https://www.liepin.com/job/1979659625.shtml,20260120181321,,,,
6761,猎聘,能源/化工/环保,矿山,矿山设备交付经理,企业职位,北南集团,100-499人,,杭州,徐州-鼓楼区,统招本科,5-10年,20-35k,,,,https://www.liepin.com/job/1969704773.shtml,20240913135113,,,,
6762,猎聘,能源/化工/环保,矿山,配件主管（矿山设备）,企业职位,今创集团,10000人以上,,杭州,常州,大专,3-5年,7-12k,,,,https://www.liepin.com/job/1972128759.shtml,20250206083604,,,,
6763,猎聘,能源/化工/环保,矿山,项目经理（智慧矿山）,企业职位,路凯智行,50-99人,,杭州,徐州-鼓楼区,本科,5-10年,10-15k·13薪,,,,https://www.liepin.com/job/1961889253.shtml,20230925153544,,,,
6764,猎聘,能源/化工/环保,矿山,海外市场开发总经理（传统油气、矿山、港口客户开发）,企业职位,某知名电力/热力/燃气/水务公司,100-499人,,杭州,苏州-姑苏区,统招本科,5-10年,60-80k,,,,https://www.liepin.com/a/72724279.shtml,20260413111833,,,,
6765,猎聘,能源/化工/环保,矿山,电气工程师（矿山机械，包食宿）,企业职位,某国内机械/设备公司,50-99人,,杭州,盐城,学历不限,3-5年,15-25k,,,,https://www.liepin.com/a/75396181.shtml,20260511115748,,,,
6766,猎聘,能源/化工/环保,矿山,地下矿山工程机械销售经理,企业职位,徐工集团基础工程机械事业部,1000-2000人,,杭州,徐州-贾汪区,本科,5-10年,8-20k,,,,https://www.liepin.com/job/1973725025.shtml,20260113140230,,,,
6767,猎聘,能源/化工/环保,矿山,砂石骨料矿山设备销售,企业职位,南京九六科技有限公司,,,杭州,南京-浦口区,本科,经验不限,5-8k,,,,https://www.liepin.com/job/1972179023.shtml,20250920162413,,,,
6768,猎聘,能源/化工/环保,矿山,化学分析检测工程师（矿山化学工程工艺方向）,企业职位,某西安人力资源服务公司,100-499人,,杭州,苏州,学历不限,经验不限,11-12k,,,,https://www.liepin.com/a/73636755.shtml,20260324103956,,,,
6769,猎聘,能源/化工/环保,矿山,矿山机械工程师,企业职位,江苏锐深化工机械科技有限公司,50-99人,,杭州,泰州-靖江,本科,3-5年,8-15k,,,,https://www.liepin.com/job/1978672199.shtml,20251124141953,,,,
6770,猎聘,能源/化工/环保,矿山,有色金属矿山设备工艺工程师   薪资（6000-1.5万）,企业职位,山东鑫金山智能装备有限公司,100-499人,,杭州,徐州-贾汪区,本科,3-5年,6-15k,,,,https://www.liepin.com/job/1972366865.shtml,20250213142341,,,,
6771,猎聘,能源/化工/环保,矿山,矿山设备工艺工程师 薪资（6000-1.5万）,企业职位,山东鑫金山智能装备有限公司,100-499人,,杭州,徐州-贾汪区,本科,3-5年,6-15k,,,,https://www.liepin.com/job/1972367161.shtml,20250213142751,,,,
6772,猎聘,能源/化工/环保,矿山,项目经理（智慧矿山业务）,企业职位,北京亿欧网盟科技有限公司,100-499人,,杭州,徐州-云龙区,统招本科,3-5年,6-12k,,,,https://www.liepin.com/job/1958915119.shtml,20230531114824,,,,
6773,猎聘,能源/化工/环保,矿山,注册安全工程师,企业职位,某知名公司,50-99人,,杭州,徐州,大专,5-10年,15-18k,,,,https://www.liepin.com/a/75498123.shtml,20260511102436,,,,
6774,猎聘,能源/化工/环保,矿山,矿业基地总经理,企业职位,某苏州新能源上市公司,2000-5000人,,杭州,苏州,统招本科,10年以上,85-100k·14薪,,,,https://www.liepin.com/a/75777171.shtml,20260518152605,,,,
6775,猎聘,能源/化工/环保,矿山,矿挖研发专家（履带系统 / 履带总成）,企业职位,某苏州大型机械/设备公司,500-999人,,杭州,苏州,学历不限,8-10年,25-35k·16薪,,,,https://www.liepin.com/a/75555281.shtml,20260528093434,,,,
6776,猎聘,能源/化工/环保,矿山,解决方案经理,企业职位,三一集团,10000人以上,,杭州,苏州-昆山,统招本科,3年以上,25-40k,,,,https://www.liepin.com/job/1982051253.shtml,20260424090606,,,,
6777,猎聘,能源/化工/环保,矿山,矿挖四轮/履带专家,企业职位,某苏州大型机械/设备公司,500-999人,,杭州,苏州-常熟,统招本科,6年以上,25-50k·15薪,,,,https://www.liepin.com/a/75092485.shtml,20260601145300,,,,
6778,猎聘,能源/化工/环保,矿山,生产副总经理（采选/选厂/露天矿驻外）,企业职位,某苏州知名上市公司,2000-5000人,,杭州,苏州,本科,5-10年,100-150k,,,,https://www.liepin.com/a/75761389.shtml,20260608105228,,,,
6779,猎聘,能源/化工/环保,矿山,销售业务经理（移动机械液压阀）,企业职位,某国内机械/设备公司,50-99人,,杭州,常州-武进区,统招本科,经验不限,18-21k·15薪,,,,https://www.liepin.com/a/76162461.shtml,20260609093813,,,,
6780,猎聘,能源/化工/环保,矿山,控制算法工程师,企业职位,某知名公司,50-99人,,杭州,南京-建邺区,统招本科,3年以上,25-50k·14薪,,,,https://www.liepin.com/a/76397277.shtml,20260608111849,,,,
6781,猎聘,能源/化工/环保,矿山,给排水工程师,企业职位,某知名公司,500-999人,,杭州,苏州,学历不限,3-5年,13-25k,,,,https://www.liepin.com/a/76049525.shtml,20260527091907,,,,
6782,猎聘,能源/化工/环保,矿山,国际业务开发经理2人(英语负责欧洲和非洲，西班牙语负责南美和西语区）,企业职位,某国内机械/设备上市公司,100-499人,,杭州,南京,学历不限,2年以上,12-24k,,,,https://www.liepin.com/a/76285979.shtml,20260602084934,,,,
6783,猎聘,能源/化工/环保,矿山,机电工程师,企业职位,某知名公司,50-99人,,杭州,徐州,大专,5-10年,15-18k,,,,https://www.liepin.com/a/75498023.shtml,20260511102340,,,,
6784,猎聘,能源/化工/环保,矿山,安环部经理,企业职位,苏州中材非金属矿工业设计研究院有限公司,100-499人,,杭州,苏州,本科,8年以上,10-20k·14薪,,,,https://www.liepin.com/job/1978933025.shtml,20260603153429,,,,
6785,猎聘,能源/化工/环保,矿山,水泵应用专家,企业职位,某北京大型机械/设备公司,500-999人,,杭州,常州-新北区,本科,5-10年,25-30k·14薪,,,,https://www.liepin.com/a/74159007.shtml,20260603222132,,,,
6786,猎聘,能源/化工/环保,矿山,销售经理,企业职位,宝通科技,1000-2000人,,杭州,无锡-新吴区,大专,3-5年,8-15k·13薪,,,,https://www.liepin.com/job/1948362445.shtml,20260608141359,,,,
6787,猎聘,能源/化工/环保,矿山,解决方案工程师,企业职位,三一集团,10000人以上,,杭州,苏州-昆山,统招本科,3年以上,13-23k·18薪,,,,https://www.liepin.com/job/1982659147.shtml,20260519122843,,,,
6788,猎聘,能源/化工/环保,矿山,大型设备外贸销售业务员（年薪15-25W）,企业职位,某国内大型机械/设备公司,1000-2000人,,杭州,无锡,大专,3年以上,12-20k,,,,https://www.liepin.com/a/75779667.shtml,20260609104137,,,,
6789,猎聘,能源/化工/环保,矿山,安全工程师,企业职位,某南京大型石化公司,1000-2000人,,杭州,南京,学历不限,5-10年,20-30k,,,,https://www.liepin.com/a/73624009.shtml,20260513085334,,,,
6790,猎聘,能源/化工/环保,矿山,电池仿真轻量化工程师,企业职位,某工程机械公司,5000-10000人,,杭州,徐州,学历不限,经验不限,25-35k,,,,https://www.liepin.com/a/73497405.shtml,20260609165145,,,,
6791,猎聘,能源/化工/环保,矿山,高级软件开发工程师,企业职位,三一集团,10000人以上,,杭州,苏州-昆山,统招本科,3年以上,13-23k·18薪,,,,https://www.liepin.com/job/1982659189.shtml,20260519123050,,,,
6792,猎聘,能源/化工/环保,矿山,Sales Manager - Mining,企业职位,罗尔斯罗伊斯动力系统,100-499人,,杭州,徐州-贾汪区,统招本科,7年以上,薪资面议,,,,https://www.liepin.com/job/1982317853.shtml,20260604174531,,,,
6793,猎聘,能源/化工/环保,矿山,矿挖履带设计专家（一带）,企业职位,某苏州大型机械/设备公司,500-999人,,杭州,苏州-常熟,本科,5-10年,80-100k,,,,https://www.liepin.com/a/75307829.shtml,20260511142552,,,,
6794,猎聘,能源/化工/环保,矿山,采矿工程师,企业职位,某知名公司,50-99人,,杭州,徐州,大专,5-10年,15-18k,,,,https://www.liepin.com/a/75497853.shtml,20260511102146,,,,
6795,猎聘,能源/化工/环保,矿山,矿挖四轮设计专家（四轮）,企业职位,某苏州大型机械/设备公司,500-999人,,杭州,苏州-常熟,本科,5-10年,80-100k,,,,https://www.liepin.com/a/75307613.shtml,20260511142552,,,,
6796,猎聘,能源/化工/环保,矿山,控制算法工程师,企业职位,某知名公司,50-99人,,杭州,南京-建邺区,统招本科,5年以上,25-45k,,,,https://www.liepin.com/a/76397775.shtml,20260604103424,,,,
6797,猎聘,能源/化工/环保,矿山,智能化项目经理,企业职位,某国内机械/设备上市公司,10000人以上,,杭州,徐州,本科,5-10年,20-40k,,,,https://www.liepin.com/a/73521825.shtml,20260522111116,,,,
6798,猎聘,能源/化工/环保,矿山,设备调试 工程师,企业职位,某南京大型石化公司,1000-2000人,,杭州,南京,学历不限,5-10年,25-30k,,,,https://www.liepin.com/a/73624225.shtml,20260513085334,,,,
6799,猎聘,能源/化工/环保,矿山,电动化副院长（矿用挖掘机）,企业职位,三一集团,10000人以上,,杭州,苏州-昆山,硕士,10年以上,80-100k·16薪,,,,https://www.liepin.com/job/1982798939.shtml,20260523143707,,,,
6800,猎聘,能源/化工/环保,矿山,地质勘探高级经理,企业职位,龙蟠科技,2000-5000人,,杭州,南京-栖霞区,本科,8年以上,30-50k·14薪,,,,https://www.liepin.com/job/1982993719.shtml,20260601084322,,,,
6801,猎聘,能源/化工/环保,矿山,地质工程师,企业职位,某知名公司,50-99人,,杭州,徐州,大专,5-10年,15-18k,,,,https://www.liepin.com/a/75497917.shtml,20260511102229,,,,
6802,猎聘,能源/化工/环保,矿山,无人驾驶测试工程师,企业职位,卡特彼勒,10000人以上,,杭州,无锡-新吴区,本科,3年以上,16-24k·13薪,,,,https://www.liepin.com/job/1980534855.shtml,20260514225927,,,,
6803,猎聘,能源/化工/环保,矿山,系统测试工程师（L4车云交互）-美企双休-全额公积金10天年假,企业职位,某苏州货运/物流/仓储公司,100-499人,,杭州,无锡,学历不限,1-3年,10-12k·13薪,,,,https://www.liepin.com/a/75897383.shtml,20260525172836,,,,
6804,猎聘,能源/化工/环保,矿山,英语海外销售,企业职位,三一集团,10000人以上,,杭州,苏州-昆山,统招本科,1-3年,10-24k·14薪,,,,https://www.liepin.com/job/1982386879.shtml,20260605085624,,,,
6805,猎聘,能源/化工/环保,矿山,智能化解决方案经理,企业职位,某国内机械/设备上市公司,10000人以上,,杭州,徐州,本科,5-10年,20-40k,,,,https://www.liepin.com/a/73522153.shtml,20260522111116,,,,
6806,猎聘,能源/化工/环保,矿山,销售高级经理/经理（重卡电池）,企业职位,欣旺达动力科技股份有限公司,10000人以上,,杭州,苏州-姑苏区,本科,3年以上,20-30k·14薪,,,,https://www.liepin.com/job/1978637961.shtml,20260608191610,,,,
6807,猎聘,能源/化工/环保,矿山,三维可视化/数字孪生工程师,企业职位,三一集团,10000人以上,,杭州,苏州-昆山,本科,3-5年,20-40k·18薪,,,,https://www.liepin.com/job/1982655439.shtml,20260530000020,,,,
6808,猎聘,能源/化工/环保,矿山,矿挖研发专家（四轮系统 / 行走轮系）,企业职位,某苏州大型机械/设备公司,500-999人,,杭州,苏州,统招本科,8年以上,25-35k·16薪,,,,https://www.liepin.com/a/75555135.shtml,20260528093434,,,,
6809,猎聘,能源/化工/环保,矿山,微电网技术负责人,企业职位,某国内新能源公司,100-499人,,杭州,南京,统招本科,7-9年,25-50k·15薪,,,,https://www.liepin.com/a/76083907.shtml,20260526180943,,,,
6810,猎聘,能源/化工/环保,矿山,中级电气工程师,企业职位,三一集团,10000人以上,,杭州,苏州-昆山,本科,3-5年,12-22k·18薪,,,,https://www.liepin.com/job/1982655655.shtml,20260519112350,,,,
6811,猎聘,能源/化工/环保,矿山,90M0149717：HIL测试工程师,企业职位,某知名公司,500-999人,,杭州,无锡,统招本科,经验不限,25-40k·15薪,,,,https://www.liepin.com/a/75445845.shtml,20260509101628,,,,
6812,猎聘,能源/化工/环保,矿山,移动机械行业销售业务经理,企业职位,某国内机械/设备公司,50-99人,,杭州,常州-武进区,统招本科,2年以上,15-20k·13薪,,,,https://www.liepin.com/a/76160363.shtml,20260528135642,,,,
6813,猎聘,能源/化工/环保,矿山,机械工程师-皮带机,企业职位,安姆普客矿山机械(江苏)有限公司,100-499人,,杭州,南通,本科,3-5年,12-20k,,,,https://www.liepin.com/job/1954897467.shtml,20260609085242,,,,
6814,猎聘,能源/化工/环保,矿山,矿挖履带设计专家,企业职位,某北京机械/设备上市公司,10000人以上,,杭州,苏州-常熟,学历不限,5年以上,30-50k·16薪,,,,https://www.liepin.com/a/75552649.shtml,20260512100630,,,,
6815,猎聘,能源/化工/环保,矿山,破碎筛分设备工程师（国有企业）,企业职位,某国内环保公司,100-499人,,杭州,常州,大专,5-10年,20-35k·13薪,,,,https://www.liepin.com/a/74940553.shtml,20260522142417,,,,
6816,猎聘,能源/化工/环保,矿山,销售总监,企业职位,某知名公司,100-499人,,杭州,苏州,学历不限,10年以上,50-65k·15薪,,,,https://www.liepin.com/a/74841103.shtml,20260522163106,,,,
6817,猎聘,能源/化工/环保,矿山,海外公司总经理,企业职位,协鑫集成科技股份有限公司,10000人以上,,杭州,苏州-工业园区,本科,10年以上,60-80k·16薪,,,,https://www.liepin.com/job/1981042537.shtml,20260608092144,,,,
6818,猎聘,能源/化工/环保,矿山,动力电池电气设计,企业职位,某国内机械/设备上市公司,10000人以上,,杭州,徐州,本科,经验不限,15-30k,,,,https://www.liepin.com/a/75899163.shtml,20260521104251,,,,
6819,猎聘,能源/化工/环保,矿山,质量工程师,企业职位,某沈阳专业服务公司,50-99人,,杭州,南京,本科,5年以上,20-25k,,,,https://www.liepin.com/a/73623813.shtml,20260320085441,,,,
6820,猎聘,能源/化工/环保,矿山,机械工程师,企业职位,恩派特(江苏)环境有限公司,100-499人,,杭州,苏州-工业园区,本科,3-5年,10-15k·13薪,,,,https://www.liepin.com/job/1983069037.shtml,20260602141744,,,,
6821,猎聘,能源/化工/环保,矿山,安全工程师,企业职位,某沈阳专业服务公司,50-99人,,杭州,南京,本科,5年以上,15-20k,,,,https://www.liepin.com/a/73623853.shtml,20260320085540,,,,
6822,猎聘,能源/化工/环保,矿山,岩土设计工程师,企业职位,苏州中材非金属矿工业设计研究院有限公司,100-499人,,杭州,苏州-虎丘区,本科,5-10年,10-20k·14薪,,,,https://www.liepin.com/job/1955817375.shtml,20260603153529,,,,
6823,猎聘,能源/化工/环保,矿山,湖盐矿负责人 / 矿区生产厂长 / 矿区全权负责人,企业职位,南京豹邦信息科技有限公司,1-49人,,杭州,南京-秦淮区,大专,3-5年,15-30k,,,,https://www.liepin.com/job/1982859101.shtml,20260526103131,,,,
6824,猎聘,能源/化工/环保,矿山,国际业务开发经理,企业职位,某国内机械/设备上市公司,100-499人,,杭州,南京-江宁区,大专,3-5年,12-20k,,,,https://www.liepin.com/a/76285995.shtml,20260608101659,,,,
6825,猎聘,能源/化工/环保,矿山,项目销售总监,企业职位,郑州奥特科技有限公司,100-499人,,杭州,苏州-太仓,大专,5年以上,20-30k,,,,https://www.liepin.com/job/1971998197.shtml,20260604115129,,,,
6826,猎聘,能源/化工/环保,矿山,质量工程师,企业职位,某南京大型石化公司,1000-2000人,,杭州,南京,学历不限,5-10年,25-30k,,,,https://www.liepin.com/a/73623945.shtml,20260513085334,,,,
6827,猎聘,能源/化工/环保,矿山,自动驾驶感知算法工程师,企业职位,江苏集萃清联智控科技有限公司,100-499人,,杭州,无锡-滨湖区,硕士,1-3年,20-30k·14薪,,,,https://www.liepin.com/job/1980221559.shtml,20260602181605,,,,
6828,猎聘,能源/化工/环保,矿山,新能源重卡区域销售总监,企业职位,某南京大型整车制造公司,2000-5000人,,杭州,南京,统招本科,10年以上,100-150k,,,,https://www.liepin.com/a/75673025.shtml,20260609104345,,,,
6829,猎聘,能源/化工/环保,矿山,Global Product Manager,企业职位,某南京知名机械/设备公司,500-999人,,杭州,南京,统招本科,5-10年,25-35k·14薪,,,,https://www.liepin.com/a/76206543.shtml,20260529144205,,,,
6830,猎聘,能源/化工/环保,矿山,矿挖履带设计专家（一带）,企业职位,某国内机械/设备公司,,,杭州,苏州-常熟,学历不限,5-10年,30-60k,,,,https://www.liepin.com/a/75725109.shtml,20260521101807,,,,
6831,猎聘,能源/化工/环保,矿山,自动驾驶感知算法工程师,企业职位,某国内机械/设备上市公司,10000人以上,,杭州,徐州,统招本科,5-10年,20-35k,,,,https://www.liepin.com/a/74123139.shtml,20260603090345,,,,
6832,猎聘,能源/化工/环保,矿山,矿挖四轮设计专家（四轮）,企业职位,某国内机械/设备公司,,,杭州,苏州-常熟,学历不限,5-10年,30-60k,,,,https://www.liepin.com/a/75725051.shtml,20260521101807,,,,
6833,猎聘,能源/化工/环保,矿山,充换电站大客户开发经理,企业职位,某国内新能源公司,100-499人,,杭州,徐州,统招本科,5-10年,15-19k·14薪,,,,https://www.liepin.com/a/75439283.shtml,20260520141608,,,,
6834,猎聘,能源/化工/环保,矿山,感知融合架构工程师,企业职位,卡特彼勒,10000人以上,,杭州,无锡-新吴区,本科,3-8年,21-35k·13薪,,,,https://www.liepin.com/job/1979190539.shtml,20260514225927,,,,
6835,猎聘,能源/化工/环保,矿山,AI销售经理,企业职位,深圳鲲云科技,100-499人,,杭州,南京-鼓楼区,统招本科,1-3年,10-17k·20薪,,,,https://www.liepin.com/job/1971630969.shtml,20260522113941,,,,
6836,猎聘,能源/化工/环保,矿山,风电传动链解决方案工程师,企业职位,同向电子,500-999人,,杭州,无锡-江阴,统招本科,3-5年,15-40k,,,,https://www.liepin.com/job/1981652597.shtml,20260609121450,,,,
6837,猎聘,能源/化工/环保,矿山,矿产资源负责人,企业职位,某知名矿产开采上市公司,1000-2000人,,杭州,南京-江宁区,本科,10年以上,90-110k·15薪,,,,https://www.liepin.com/a/74050823.shtml,20260330181755,,,,
6838,猎聘,能源/化工/环保,矿山,电池系统工程师 (MJ000727),企业职位,徐工集团,10000人以上,,杭州,徐州-贾汪区,本科,5年以上,15-30k,,,,https://www.liepin.com/job/1978860165.shtml,20260529092529,,,,
6839,猎聘,能源/化工/环保,矿山,自动驾驶NPI项目经理,企业职位,卡特彼勒,10000人以上,,杭州,无锡-新吴区,本科,10年以上,26-40k·13薪,,,,https://www.liepin.com/job/1981144287.shtml,20260323100738,,,,
6840,猎聘,能源/化工/环保,矿山,挖矿机械研发副院长,企业职位,某北京机械/设备上市公司,10000人以上,,杭州,苏州,统招本科,10年以上,40-70k·15薪,,,,https://www.liepin.com/a/74693619.shtml,20260603152146,,,,
6841,猎聘,能源/化工/环保,矿山,海外备件管理（国企）,企业职位,某国内大型机械/设备公司,10000人以上,,杭州,徐州,统招本科,5-10年,20-40k,,,,https://www.liepin.com/a/75696759.shtml,20260515091648,,,,
6842,猎聘,能源/化工/环保,矿山,海外产品销售 (MJ004840),企业职位,徐工集团,10000人以上,,杭州,徐州-贾汪区,统招本科,经验不限,22-30k,,,,https://www.liepin.com/job/1982545371.shtml,20260514165009,,,,
6843,猎聘,能源/化工/环保,矿山,电气工程师,企业职位,某北京新能源上市公司,10000人以上,,杭州,徐州,统招本科,5年以上,20-35k,,,,https://www.liepin.com/a/75349515.shtml,20260507133914,,,,
6844,猎聘,能源/化工/环保,矿山,矿挖研发专家（四轮一带）,企业职位,三一集团,10000人以上,,杭州,苏州-常熟,统招本科,8年以上,40-70k·13薪,,,,https://www.liepin.com/job/1980599045.shtml,20260609082458,,,,
6845,猎聘,能源/化工/环保,矿山,总图设计工程师,企业职位,苏州中材非金属矿工业设计研究院有限公司,100-499人,,杭州,苏州,统招本科,5-10年,8-24k,,,,https://www.liepin.com/job/1950794949.shtml,20260608183039,,,,
6846,猎聘,能源/化工/环保,矿山,锂矿项目生产副总（Base非洲）,企业职位,某知名新能源上市公司,2000-5000人,,杭州,苏州,统招本科,10年以上,80-100k,,,,https://www.liepin.com/a/71505817.shtml,20260609082947,,,,
6847,猎聘,能源/化工/环保,矿山,大客户销售经理,企业职位,某北京新能源上市公司,10000人以上,,杭州,徐州,统招本科,5年以上,20-40k,,,,https://www.liepin.com/a/75350231.shtml,20260507134838,,,,
6848,猎聘,能源/化工/环保,矿山,特种机器人总体工程师,企业职位,徐工集团徐工道金,100-499人,,杭州,徐州-铜山区,统招本科,5年以上,15-20k,,,,https://www.liepin.com/job/1972631409.shtml,20260603162505,,,,
6849,猎聘,能源/化工/环保,矿山,破碎筛分设备工程师,企业职位,某国内环保公司,100-499人,,杭州,常州,大专,5-10年,15-25k·13薪,,,,https://www.liepin.com/a/73922163.shtml,20260522142417,,,,
6850,猎聘,能源/化工/环保,矿山,技术服务工程师,企业职位,某苏州大型非金属矿物制品公司,5000-10000人,,杭州,苏州,大专,5年以上,18-20k·13薪,,,,https://www.liepin.com/a/76206505.shtml,20260608125338,,,,
6851,猎聘,能源/化工/环保,矿山,海外销售,企业职位,徐州徐工基础工程机械有限公司,1000-2000人,,杭州,徐州-贾汪区,本科,3年以上,10-30k,,,,https://www.liepin.com/job/1974430811.shtml,20260514092408,,,,
6852,猎聘,能源/化工/环保,矿山,商务经理,企业职位,某知名新能源上市公司,10000人以上,,杭州,苏州-工业园区,本科,3年以上,25-50k·14薪,,,,https://www.liepin.com/a/73342429.shtml,20260313132049,,,,
6853,猎聘,能源/化工/环保,矿山,外贸业务员,企业职位,某国内大型机械/设备公司,1000-2000人,,杭州,泰州-靖江,大专,3-5年,15-20k,,,,https://www.liepin.com/a/75481177.shtml,20260525105447,,,,
6854,猎聘,能源/化工/环保,矿山,安全评价师,企业职位,嘉泰检验认证有限公司,50-99人,,杭州,苏州-工业园区,本科,2-10年,9-16k,,,,https://www.liepin.com/job/1978551821.shtml,20260526144223,,,,
6855,猎聘,能源/化工/环保,矿山,备件产品经理,企业职位,北南集团,100-499人,,杭州,徐州-贾汪区,本科,5年以上,25-45k,,,,https://www.liepin.com/job/1980513749.shtml,20260522090728,,,,
6856,猎聘,能源/化工/环保,矿山,地质工程师,企业职位,某国内矿产开采公司,100-499人,,杭州,苏州,统招本科,5-10年,25-35k,,,,https://www.liepin.com/a/75817565.shtml,20260519135315,,,,
6857,猎聘,能源/化工/环保,矿山,HIL测试工程师,企业职位,卡特彼勒,10000人以上,,杭州,无锡-新吴区,本科,3年以上,16-24k·13薪,,,,https://www.liepin.com/job/1980534089.shtml,20260514225927,,,,
6858,猎聘,能源/化工/环保,矿山,电气设计工程师,企业职位,苏州中材非金属矿工业设计研究院有限公司,100-499人,,杭州,苏州-虎丘区,本科,5-10年,8-15k,,,,https://www.liepin.com/job/1953699041.shtml,20260603153749,,,,
6859,猎聘,能源/化工/环保,矿山,技术研究院副院长,企业职位,三一集团,10000人以上,,杭州,苏州-昆山,硕士,3年以上,70-100k·16薪,,,,https://www.liepin.com/job/1979052029.shtml,20260521114731,,,,
6860,猎聘,能源/化工/环保,矿山,总图设计工程师（道路）,企业职位,苏州中材非金属矿工业设计研究院有限公司,100-499人,,杭州,苏州-虎丘区,本科,5-10年,8-16k,,,,https://www.liepin.com/job/1953699105.shtml,20260603153749,,,,
6861,猎聘,能源/化工/环保,矿山,中级电气工程师,企业职位,某国内大型其他商务服务业公司,5000-10000人,,杭州,苏州-昆山,统招本科,3-5年,30-35k,,,,https://www.liepin.com/a/75309783.shtml,20260506163719,,,,
6862,猎聘,能源/化工/环保,矿山,高级B爆破工程师,企业职位,某国内人力资源服务公司,50-99人,,杭州,徐州,学历不限,5-10年,300-310k,,,,https://www.liepin.com/a/75687683.shtml,20260514173647,,,,
6863,猎聘,能源/化工/环保,矿山,计划、预算及成本管理工程师,企业职位,某电气机械/器材公司,100-499人,,杭州,常州,统招本科,3-5年,13-17k·13薪,,,,https://www.liepin.com/a/76018877.shtml,20260608092019,,,,
6864,猎聘,能源/化工/环保,矿山,信息化（领导助理，211以上，内蒙古培训，后面常驻江苏）,企业职位,某国内工程施工公司,100-499人,,杭州,连云港,统招本科,2年以下,8-13k,,,,https://www.liepin.com/a/73224731.shtml,20260311100359,,,,
6865,猎聘,能源/化工/环保,矿山,矿挖研发专家,企业职位,某北京机械/设备上市公司,10000人以上,,杭州,苏州-常熟,学历不限,5年以上,30-50k,,,,https://www.liepin.com/a/75552389.shtml,20260512100648,,,,
6866,猎聘,能源/化工/环保,矿山,三维可视化/数字孪生工程师,企业职位,某国内大型其他商务服务业公司,5000-10000人,,杭州,苏州-昆山,统招本科,3-5年,30-35k,,,,https://www.liepin.com/a/75309605.shtml,20260506163525,,,,
6867,猎聘,能源/化工/环保,矿山,感知算法工程师,企业职位,某知名公司,,,杭州,徐州,学历不限,3-5年,40-70k,,,,https://www.liepin.com/a/75807791.shtml,20260519104428,,,,
6868,猎聘,能源/化工/环保,矿山,铸造工艺设计主管/经理,企业职位,某国内金属冶炼公司,100-499人,,杭州,徐州,学历不限,3年以上,20-40k·14薪,,,,https://www.liepin.com/a/75369559.shtml,20260608084926,,,,
6869,猎聘,能源/化工/环保,矿山,CAD设计/制图,企业职位,三一集团,10000人以上,,杭州,苏州-常熟,本科,3年以上,15-20k·13薪,,,,https://www.liepin.com/job/1982971295.shtml,20260529094701,,,,
6870,猎聘,能源/化工/环保,矿山,环保工程师,企业职位,某国内知名公司,50-99人,,杭州,盐城,大专,3-5年,12-15k,,,,https://www.liepin.com/a/74254443.shtml,20260603131649,,,,
6871,猎聘,能源/化工/环保,矿山,外贸业务员,企业职位,某国内大型机械/设备公司,1000-2000人,,杭州,泰州-靖江,大专,3-5年,10-15k,,,,https://www.liepin.com/a/75617793.shtml,20260513123420,,,,
6872,猎聘,能源/化工/环保,矿山,区域销售总监,企业职位,某知名公司,1000-2000人,,杭州,无锡,本科,5-10年,20-28k·14薪,,,,https://www.liepin.com/a/76317259.shtml,20260602151621,,,,
6873,猎聘,能源/化工/环保,矿山,外贸业务员,企业职位,某国内大型机械/设备公司,500-999人,,杭州,泰州-靖江,大专,3-5年,15-20k,,,,https://www.liepin.com/a/75736217.shtml,20260516151535,,,,
6874,猎聘,能源/化工/环保,矿山,注册安全工程师,企业职位,某国内人力资源服务公司,50-99人,,杭州,徐州,学历不限,5-10年,15-16k,,,,https://www.liepin.com/a/74321741.shtml,20260407135030,,,,
6875,猎聘,能源/化工/环保,矿山,动力电池电气设计 (MJ000734),企业职位,徐工集团,10000人以上,,杭州,徐州-贾汪区,本科,5年以上,15-30k,,,,https://www.liepin.com/job/1978976735.shtml,20260529091915,,,,
6876,猎聘,能源/化工/环保,矿山,微电网解决方案,企业职位,某北京新能源上市公司,10000人以上,,杭州,徐州,统招本科,5年以上,15-25k,,,,https://www.liepin.com/a/76154271.shtml,20260528113026,,,,
6877,猎聘,能源/化工/环保,矿山,投资管理（国企）,企业职位,某国内机械/设备上市公司,10000人以上,,杭州,徐州,统招本科,3-5年,13-25k,,,,https://www.liepin.com/a/75660917.shtml,20260609182434,,,,
6878,猎聘,能源/化工/环保,矿山,自动驾驶感知算法工程师,企业职位,某国内机械/设备上市公司,10000人以上,,杭州,徐州,统招本科,5年以上,25-30k,,,,https://www.liepin.com/a/72915809.shtml,20260513090202,,,,
6879,猎聘,能源/化工/环保,矿山,销售总监 - 海外市场,企业职位,某知名公司,,,杭州,苏州,大专,10年以上,30-40k,,,,https://www.liepin.com/a/72823247.shtml,20260511145440,,,,
6880,猎聘,能源/化工/环保,矿山,规划算法工程师-无人驾驶,企业职位,卡特彼勒,10000人以上,,杭州,无锡-新吴区,本科,5-10年,17-23k·13薪,,,,https://www.liepin.com/job/1983022415.shtml,20260601112944,,,,
6881,猎聘,能源/化工/环保,矿山,项目管理PMO,企业职位,徐工集团,10000人以上,,杭州,徐州-贾汪区,统招本科,5-10年,15-30k,,,,https://www.liepin.com/job/1979268381.shtml,20251219162338,,,,
6882,猎聘,能源/化工/环保,矿山,解决方案工程师,企业职位,某国内大型其他商务服务业公司,5000-10000人,,杭州,苏州-昆山,统招本科,3-5年,30-40k,,,,https://www.liepin.com/a/75308487.shtml,20260506162426,,,,
6883,猎聘,能源/化工/环保,矿山,海外渠道拓展总监,企业职位,某苏州电力/热力/燃气/水务公司,50-99人,,杭州,苏州-相城区,统招本科,5年以上,20-30k,,,,https://www.liepin.com/a/74748289.shtml,20260601144843,,,,
6884,猎聘,能源/化工/环保,矿山,售前支持工程师,企业职位,ABB,10000人以上,,杭州,南京-江宁区,大专,5-10年,18-22k,,,,https://www.liepin.com/job/1981912321.shtml,20260609084620,,,,
6885,猎聘,能源/化工/环保,矿山,销售经理（新能源重卡）,企业职位,深向科技,1000-2000人,,杭州,徐州-云龙区,大专,经验不限,9-15k,,,,https://www.liepin.com/job/1982735401.shtml,20260521133514,,,,
6886,猎聘,能源/化工/环保,矿山,采矿工程师,企业职位,某大型知名矿产开采公司,2000-5000人,,杭州,苏州,本科,经验不限,15-25k,,,,https://www.liepin.com/a/75051253.shtml,20260424193544,,,,
6887,猎聘,能源/化工/环保,矿山,销售经理/工程师（防锈脂）,企业职位,某苏州石化上市公司,50-99人,,杭州,苏州-虎丘区,大专,3-5年,12-20k,,,,https://www.liepin.com/a/75581307.shtml,20260608081131,,,,
6888,猎聘,能源/化工/环保,矿山,海外渠道销售总监,企业职位,苏州钧灏电力有限公司,50-99人,,杭州,苏州-相城区,统招本科,5-10年,20-30k·13薪,,,,https://www.liepin.com/job/1982749229.shtml,20260521170019,,,,
6889,猎聘,能源/化工/环保,矿山,高级软件开发工程师,企业职位,某国内大型其他商务服务业公司,5000-10000人,,杭州,苏州-昆山,统招本科,3-5年,30-35k,,,,https://www.liepin.com/a/75309087.shtml,20260506163011,,,,
6890,猎聘,能源/化工/环保,矿山,采矿工程师,企业职位,某国内咨询服务公司,50-99人,,杭州,徐州,大专,10年以上,15-25k,,,,https://www.liepin.com/a/75219303.shtml,20260609094142,,,,
6891,猎聘,能源/化工/环保,矿山,智能化项目经理,企业职位,徐州徐工矿业机械有限公司,1000-2000人,,杭州,徐州-贾汪区,本科,5年以上,16-30k,,,,https://www.liepin.com/job/1980783063.shtml,20260310102100,,,,
6892,猎聘,能源/化工/环保,矿山,机电工程师,企业职位,某国内人力资源服务公司,50-99人,,杭州,徐州,学历不限,5-10年,15-16k,,,,https://www.liepin.com/a/74546307.shtml,20260413105610,,,,
6893,猎聘,能源/化工/环保,矿山,外贸业务员/经理/总监,企业职位,某国内人力资源服务公司,,,杭州,泰州-靖江,大专,2年以上,15-30k·15薪,,,,https://www.liepin.com/a/74917411.shtml,20260602145132,,,,
6894,猎聘,能源/化工/环保,矿山,机电工程师,企业职位,某国内人力资源服务公司,50-99人,,杭州,徐州,学历不限,5-10年,15-16k,,,,https://www.liepin.com/a/74942103.shtml,20260422150530,,,,
6895,猎聘,能源/化工/环保,矿山,电气工程师,企业职位,Etteplan,100-499人,,杭州,南京-栖霞区,本科,3年以上,10-15k,,,,https://www.liepin.com/job/1982753189.shtml,20260521175112,,,,
6896,猎聘,能源/化工/环保,矿山,注册安全工程师,企业职位,某知名公司,50-99人,,杭州,徐州,学历不限,3-5年,15-17k,,,,https://www.liepin.com/a/74321423.shtml,20260507093807,,,,
6897,猎聘,能源/化工/环保,矿山,电池系统（动力电池轻量化工程师）,企业职位,某国内机械/设备上市公司,10000人以上,,杭州,徐州-贾汪区,统招本科,4年以上,25-35k,,,,https://www.liepin.com/a/74924837.shtml,20260422104609,,,,
6898,猎聘,能源/化工/环保,矿山,重型机械检验员,企业职位,必维集团,5000-10000人,,杭州,南京-雨花台区,大专,5-10年,8-11k·13薪,,,,https://www.liepin.com/job/1981718597.shtml,20260414152006,,,,
6899,猎聘,能源/化工/环保,矿山,电液伺服应用技术工程师,企业职位,某国内机械/设备公司,50-99人,,杭州,常州-武进区,本科,3-5年,18-25k·13薪,,,,https://www.liepin.com/a/76390875.shtml,20260604092618,,,,
6900,猎聘,能源/化工/环保,矿山,装配工艺工程师（机械）,企业职位,某国内机械/设备公司,100-499人,,杭州,苏州,本科,5-10年,20-25k·15薪,,,,https://www.liepin.com/a/75408943.shtml,20260603185401,,,,
6901,猎聘,能源/化工/环保,矿山,销售经理/工程师（防锈脂）,企业职位,某苏州石化上市公司,50-99人,,杭州,苏州-虎丘区,大专,3-5年,12-20k,,,,https://www.liepin.com/a/73479115.shtml,20260608081131,,,,
6902,猎聘,能源/化工/环保,矿山,机械研发工程师（液压）,企业职位,某国内大型专业技术服务公司,500-999人,,杭州,无锡-新吴区,统招本科,5-10年,20-25k·13薪,,,,https://www.liepin.com/a/75096603.shtml,20260603110245,,,,
6903,猎聘,能源/化工/环保,矿山,电液伺服应用技术工程师,企业职位,某国内机械/设备公司,50-99人,,杭州,常州,统招本科,3年以上,18-25k·13薪,,,,https://www.liepin.com/a/76390775.shtml,20260604092453,,,,
6904,猎聘,能源/化工/环保,矿山,动力电池轻量化工程师,企业职位,某国内机械/设备上市公司,10000人以上,,杭州,徐州,本科,5-10年,20-25k,,,,https://www.liepin.com/a/73526153.shtml,20260318102505,,,,
6905,猎聘,能源/化工/环保,矿山,智能化解决方案经理,企业职位,徐州徐工矿业机械有限公司,1000-2000人,,杭州,徐州-贾汪区,本科,5年以上,18-25k,,,,https://www.liepin.com/job/1980783765.shtml,20260310103031,,,,
6906,猎聘,能源/化工/环保,矿山,投资管理（世界500强 上市国企）,企业职位,某国内机械/设备上市公司,10000人以上,,杭州,徐州,统招本科,3-5年,25-30k·13薪,,,,https://www.liepin.com/a/75672009.shtml,20260528162510,,,,
6907,猎聘,能源/化工/环保,矿山,销售代表（矿用电力设备）,企业职位,中电变压器,1000-2000人,,杭州,南京-雨花台区,本科,3年以上,8-15k,,,,https://www.liepin.com/job/1979731343.shtml,20260609090001,,,,
6908,猎聘,能源/化工/环保,矿山,电气工程师 (MJ003919),企业职位,徐工集团,10000人以上,,杭州,徐州-贾汪区,统招本科,3年以上,12-25k,,,,https://www.liepin.com/job/1979715777.shtml,20260418172837,,,,
6909,猎聘,能源/化工/环保,矿山,安全工程师,企业职位,某国内大型非金属矿物制品公司,500-999人,,杭州,徐州,大专,3-5年,15-20k,,,,https://www.liepin.com/a/75482695.shtml,20260510111511,,,,
6910,猎聘,能源/化工/环保,矿山,AHS无人化解决方案工程师,企业职位,徐州徐工矿业机械有限公司,1000-2000人,,杭州,徐州,本科,5年以上,20-40k·13薪,,,,https://www.liepin.com/job/1978309309.shtml,20260320161805,,,,
6911,猎聘,能源/化工/环保,矿山,机加工艺工程师,企业职位,某国内机械/设备上市公司,500-999人,,杭州,常州-新北区,本科,3-5年,15-30k,,,,https://www.liepin.com/a/75290405.shtml,20260609172017,,,,
6912,猎聘,能源/化工/环保,矿山,客户工程中心总监,企业职位,某国内大型机械/设备公司,1000-2000人,,杭州,徐州,学历不限,5-10年,20-40k·15薪,,,,https://www.liepin.com/a/71279993.shtml,20260608144201,,,,
6913,猎聘,能源/化工/环保,矿山,电池系统（动力电池轻量化工程师）,企业职位,某国内机械/设备上市公司,10000人以上,,杭州,徐州,学历不限,4年以上,15-30k,,,,https://www.liepin.com/a/74920651.shtml,20260422100818,,,,
6914,猎聘,能源/化工/环保,矿山,电液伺服应用技术工程师,企业职位,某国内机械/设备公司,50-99人,,杭州,常州-武进区,学历不限,3年以上,18-25k·13薪,,,,https://www.liepin.com/a/76391379.shtml,20260604093236,,,,
6915,猎聘,能源/化工/环保,矿山,现场应用工程师,企业职位,三一集团,10000人以上,,杭州,苏州-昆山,统招本科,5年以上,20-35k·16薪,,,,https://www.liepin.com/job/1982097141.shtml,20260426130943,,,,
6916,猎聘,能源/化工/环保,矿山,齿轮箱测试工程师,企业职位,双环传动,2000-5000人,,杭州,淮安-淮安区,统招本科,1-3年,6-8k,,,,https://www.liepin.com/job/1982468587.shtml,20260512161026,,,,
6917,猎聘,能源/化工/环保,矿山,技术服务工程师,企业职位,某苏州大型非金属矿物制品公司,5000-10000人,,杭州,苏州,统招本科,5-10年,18-20k·13薪,,,,https://www.liepin.com/a/76325949.shtml,20260602164604,,,,
6918,猎聘,能源/化工/环保,矿山,焊接工艺工程师,企业职位,某国内大型机械/设备公司,2000-5000人,,杭州,南京,本科,3-5年,11-15k·13薪,,,,https://www.liepin.com/a/76176953.shtml,20260528171459,,,,
6919,猎聘,能源/化工/环保,矿山,系统集成工程师,企业职位,某国内机械/设备上市公司,10000人以上,,杭州,徐州,本科,3年以上,12-20k,,,,https://www.liepin.com/a/73447049.shtml,20260408110658,,,,
6920,猎聘,能源/化工/环保,矿山,电机控制带头人,企业职位,某国内大型机械/设备公司,10000人以上,,杭州,无锡,硕士,5-10年,40-60k,,,,https://www.liepin.com/a/73592163.shtml,20260601085650,,,,
6921,猎聘,能源/化工/环保,矿山,分公司合同经营部部长,企业职位,某知名公司,100-499人,,杭州,常州,本科,10年以上,15-20k,,,,https://www.liepin.com/a/74858789.shtml,20260516110141,,,,
6922,猎聘,能源/化工/环保,矿山,电液伺服应用技术工程师,企业职位,某国内机械/设备公司,50-99人,,杭州,常州,学历不限,经验不限,18-25k,,,,https://www.liepin.com/a/76395755.shtml,20260604101527,,,,
6923,猎聘,能源/化工/环保,矿山,国际业务开发经理【工程工具】,企业职位,某国内机械/设备上市公司,100-499人,,杭州,南京,学历不限,经验不限,14-20k,,,,https://www.liepin.com/a/76285793.shtml,20260602084453,,,,
6924,猎聘,能源/化工/环保,矿山,电池系统（系统集成与高压架构工程师） (MJ003988),企业职位,徐工集团,10000人以上,,杭州,徐州-贾汪区,本科,5年以上,15-29k,,,,https://www.liepin.com/job/1980252419.shtml,20260311141741,,,,
6925,猎聘,能源/化工/环保,矿山,网络运维工程师,企业职位,徐州徐工矿业机械有限公司,1000-2000人,,杭州,徐州-贾汪区,统招本科,3年以上,10-18k,,,,https://www.liepin.com/job/1980783633.shtml,20260310102815,,,,
6926,猎聘,能源/化工/环保,矿山,招聘岗位：中高压软启动器固件开发工程师工作地点： [请填写城市]薪资范围： [例如：25-45K·14薪，或面议]招聘人数： [请填写人数],企业职位,南京捷而值企业管理咨询有限公司,1-49人,,杭州,无锡,本科,经验不限,10-15k,,,,https://www.liepin.com/job/1983077037.shtml,20260602161030,,,,
6927,猎聘,能源/化工/环保,矿山,海外备件管理,企业职位,徐工集团,10000人以上,,杭州,徐州-贾汪区,统招本科,5年以上,15-25k,,,,https://www.liepin.com/job/1981772849.shtml,20260415102941,,,,
6928,猎聘,能源/化工/环保,矿山,建筑电气设计工程师,企业职位,苏州中材非金属矿工业设计研究院有限公司,100-499人,,杭州,苏州,本科,5-10年,8-24k,,,,https://www.liepin.com/job/1951202153.shtml,20260608183033,,,,
6929,猎聘,能源/化工/环保,矿山,动力电池电气设计,企业职位,某国内学术/科研公司,,,杭州,徐州,统招本科,5年以上,15-30k,,,,https://www.liepin.com/a/71870333.shtml,20260609065948,,,,
6930,猎聘,能源/化工/环保,矿山,智能化项目经理 (MJ003889),企业职位,徐工集团,10000人以上,,杭州,徐州-贾汪区,统招本科,5-10年,薪资面议,,,,https://www.liepin.com/job/1978380005.shtml,20260415112316,,,,
6931,猎聘,能源/化工/环保,矿山,电液伺服应用技术工程师,企业职位,某国内机械/设备公司,50-99人,,杭州,常州,学历不限,经验不限,18-25k,,,,https://www.liepin.com/a/76394977.shtml,20260604100749,,,,
6932,猎聘,能源/化工/环保,矿山,动力电池轻量化工程师,企业职位,某国内机械/设备上市公司,10000人以上,,杭州,徐州,本科,5-10年,20-25k,,,,https://www.liepin.com/a/73548599.shtml,20260318142443,,,,
6933,猎聘,能源/化工/环保,矿山,电液伺服应用技术工程师,企业职位,某国内机械/设备公司,50-99人,,杭州,常州-武进区,本科,3年以上,18-25k·13薪,,,,https://www.liepin.com/a/76159603.shtml,20260528134653,,,,
6934,猎聘,能源/化工/环保,矿山,行星研发工程师,企业职位,双环传动,2000-5000人,,杭州,南京-江宁区,本科,3-5年,15-25k,,,,https://www.liepin.com/job/1962699007.shtml,20260104131830,,,,
6935,猎聘,能源/化工/环保,矿山,感知算法工程师,企业职位,卡特彼勒,10000人以上,,杭州,无锡-新吴区,硕士,3-9年,17-30k,,,,https://www.liepin.com/job/1979183281.shtml,20260318162928,,,,
6936,猎聘,能源/化工/环保,矿山,海外贸易业务员,企业职位,某知名公司,,,杭州,徐州-云龙区,学历不限,1-3年,13-26k,,,,https://www.liepin.com/a/75661749.shtml,20260514110835,,,,
6937,猎聘,能源/化工/环保,矿山,规控算法,企业职位,某国内机械/设备上市公司,10000人以上,,杭州,徐州,统招本科,5-10年,20-35k,,,,https://www.liepin.com/a/74123025.shtml,20260603090345,,,,
6938,猎聘,能源/化工/环保,矿山,液压工程师,企业职位,某国内机械/设备公司,500-999人,,杭州,无锡,统招本科,3-5年,20-25k,,,,https://www.liepin.com/a/75093831.shtml,20260609170314,,,,
6939,猎聘,能源/化工/环保,矿山,中级软件开发工程师,企业职位,三一集团,10000人以上,,杭州,苏州-昆山,本科,3-5年,13-23k·18薪,,,,https://www.liepin.com/job/1982655851.shtml,20260519112607,,,,
6940,猎聘,能源/化工/环保,矿山,选矿工程师（冶金）,企业职位,苏州中材非金属矿工业设计研究院有限公司,100-499人,,杭州,苏州-虎丘区,本科,10年以上,20-40k·14薪,,,,https://www.liepin.com/job/1972579537.shtml,20260601143941,,,,
6941,猎聘,能源/化工/环保,矿山,注册安全工程师,企业职位,某国内咨询服务公司,50-99人,,杭州,徐州,学历不限,5-10年,15-20k,,,,https://www.liepin.com/a/74323785.shtml,20260609094142,,,,
6942,猎聘,能源/化工/环保,矿山,地质工程师,企业职位,某国内人力资源服务公司,50-99人,,杭州,徐州,学历不限,5-10年,15-16k,,,,https://www.liepin.com/a/74728463.shtml,20260416152913,,,,
6943,猎聘,能源/化工/环保,矿山,总体设计,企业职位,某国内大型金属制品公司,10000人以上,,杭州,徐州,统招本科,5-10年,20-40k,,,,https://www.liepin.com/a/73357707.shtml,20260609105452,,,,
6944,猎聘,能源/化工/环保,矿山,控制算法（南京）,企业职位,某南京知名计算机软件公司,1-49人,,杭州,南京-建邺区,统招本科,3-5年,30-45k·14薪,,,,https://www.liepin.com/a/76431099.shtml,20260610002011,,,,
6945,猎聘,能源/化工/环保,矿山,电液伺服应用技术工程师,企业职位,某国内机械/设备公司,50-99人,,杭州,常州,本科,3-5年,16-20k·13薪,,,,https://www.liepin.com/a/76407647.shtml,20260609172308,,,,
6946,猎聘,能源/化工/环保,矿山,感知算法开发,企业职位,某国内机械/设备上市公司,10000人以上,,杭州,徐州,统招本科,3-5年,15-30k,,,,https://www.liepin.com/a/76285325.shtml,20260602082925,,,,
6947,猎聘,能源/化工/环保,矿山,主任现场应用工程师,企业职位,三一集团,10000人以上,,杭州,苏州-昆山,统招本科,5年以上,30-60k·16薪,,,,https://www.liepin.com/job/1982097159.shtml,20260426131335,,,,
6948,猎聘,能源/化工/环保,矿山,海外解决方案经理（露天与地下矿业方向）,企业职位,丰疆智能,1000-2000人,,杭州,南京-秦淮区,统招本科,5年以上,15-30k,,,,https://www.liepin.com/job/1982679173.shtml,20260519173504,,,,
6949,猎聘,能源/化工/环保,矿山,机械结构工程师,企业职位,徐工集团,10000人以上,,杭州,徐州-贾汪区,本科,3年以上,10-20k,,,,https://www.liepin.com/job/1978761415.shtml,20260418172713,,,,
6950,猎聘,能源/化工/环保,矿山,算法工程师（自动驾驶）,企业职位,某工程机械公司,5000-10000人,,杭州,徐州,学历不限,经验不限,20-40k,,,,https://www.liepin.com/a/74700051.shtml,20260609165145,,,,
6951,猎聘,能源/化工/环保,矿山,智能化所长（挖掘机、桩工机械）,企业职位,三一集团,10000人以上,,杭州,苏州-昆山,硕士,5-10年,50-80k·16薪,,,,https://www.liepin.com/job/1980991915.shtml,20260405174313,,,,
6952,猎聘,能源/化工/环保,矿山,品质巡检,企业职位,双环传动,2000-5000人,,杭州,淮安-淮安区,学历不限,3-5年,5-7k,,,,https://www.liepin.com/job/1982578195.shtml,20260515160235,,,,
6953,猎聘,能源/化工/环保,矿山,机加工制造工程师,企业职位,某国内整车制造公司,50-99人,,杭州,无锡-锡山区,本科,3-5年,12-15k,,,,https://www.liepin.com/a/75908999.shtml,20260521135617,,,,
6954,猎聘,能源/化工/环保,矿山,国际业务开发经理,企业职位,某国内机械/设备上市公司,100-499人,,杭州,南京,大专,3-5年,15-30k,,,,https://www.liepin.com/a/76285981.shtml,20260608090234,,,,
6955,猎聘,能源/化工/环保,矿山,Hydraulic Engineer液压工程师(谷物事业部）,企业职位,布勒,500-999人,,杭州,无锡-新吴区,本科,3-5年,10-17k,,,,https://www.liepin.com/job/1981527017.shtml,20260609084818,,,,
6956,猎聘,能源/化工/环保,矿山,注册安全工程师,企业职位,某知名公司,50-99人,,杭州,徐州,大专,5-10年,16-19k,,,,https://www.liepin.com/a/75577429.shtml,20260522091026,,,,
6957,猎聘,能源/化工/环保,矿山,变压器销售（矿用）,企业职位,中电变压器,1000-2000人,,杭州,南京-雨花台区,大专,3年以上,8-15k,,,,https://www.liepin.com/job/1981142257.shtml,20260323093612,,,,
6958,猎聘,能源/化工/环保,矿山,大客户销售,企业职位,AVCIT 魅视,100-499人,,杭州,南京-江宁区,本科,3年以上,10-30k,,,,https://www.liepin.com/job/1982044677.shtml,20260511134648,,,,
6959,猎聘,能源/化工/环保,矿山,后台开发工程师,企业职位,卡特彼勒,10000人以上,,杭州,无锡-新吴区,本科,3年以上,16-24k·13薪,,,,https://www.liepin.com/job/1980534123.shtml,20260514225927,,,,
6960,猎聘,能源/化工/环保,矿山,定位算法工程师,企业职位,江苏集萃清联智控科技有限公司,100-499人,,杭州,无锡-滨湖区,硕士,1-3年,20-30k·14薪,,,,https://www.liepin.com/job/1981081303.shtml,20260602181605,,,,
6961,猎聘,能源/化工/环保,矿山,采矿设计工程师,企业职位,苏州中材非金属矿工业设计研究院有限公司,100-499人,,杭州,苏州-虎丘区,本科,5-10年,15-30k·15薪,,,,https://www.liepin.com/job/1972580129.shtml,20260603153445,,,,
6962,猎聘,能源/化工/环保,矿山,建筑电气设计工程师,企业职位,苏州中材非金属矿工业设计研究院有限公司,100-499人,,杭州,苏州-虎丘区,本科,5-10年,8-15k,,,,https://www.liepin.com/job/1953699227.shtml,20260603153624,,,,
6963,猎聘,能源/化工/环保,矿山,采矿工程师,企业职位,某国内人力资源服务公司,50-99人,,杭州,徐州,学历不限,10年以上,15-16k,,,,https://www.liepin.com/a/74941877.shtml,20260422150254,,,,
6964,猎聘,能源/化工/环保,矿山,中级采矿工程师,企业职位,某国内人力资源服务公司,50-99人,,杭州,徐州,学历不限,10年以上,15-16k,,,,https://www.liepin.com/a/75135611.shtml,20260428112526,,,,
6965,猎聘,能源/化工/环保,矿山,液压工程师,企业职位,Etteplan,100-499人,,杭州,南京-栖霞区,统招本科,7年以下,8-15k·13薪,,,,https://www.liepin.com/job/1983115629.shtml,20260603154349,,,,
6966,猎聘,能源/化工/环保,矿山,售前解决方案,企业职位,徐州徐工矿业机械有限公司,1000-2000人,,杭州,徐州,本科,5年以上,15-25k,,,,https://www.liepin.com/job/1979441417.shtml,20251229161236,,,,
6967,猎聘,能源/化工/环保,矿山,智能化解决方案经理 (MJ003886),企业职位,徐工集团,10000人以上,,杭州,徐州-贾汪区,本科,5年以上,20-40k,,,,https://www.liepin.com/job/1978705893.shtml,20251125145556,,,,
6968,猎聘,能源/化工/环保,矿山,机电工程师,企业职位,某国内人力资源服务公司,50-99人,,杭州,徐州,学历不限,5-10年,15-16k,,,,https://www.liepin.com/a/74324031.shtml,20260407141312,,,,
6969,猎聘,能源/化工/环保,矿山,机电工程师,企业职位,某知名公司,50-99人,,杭州,徐州,大专,5-10年,16-20k,,,,https://www.liepin.com/a/75577269.shtml,20260522091026,,,,
6970,猎聘,能源/化工/环保,矿山,采矿工程师,企业职位,某知名公司,50-99人,,杭州,徐州,大专,5-10年,15-17k,,,,https://www.liepin.com/a/75576525.shtml,20260522091026,,,,
6971,猎聘,能源/化工/环保,矿山,动力电池轻量化工程师,企业职位,北南集团,100-499人,,杭州,徐州-鼓楼区,本科,5年以上,15-29k,,,,https://www.liepin.com/job/1981968979.shtml,20260424234806,,,,
6972,猎聘,能源/化工/环保,矿山,电气设计工程师,企业职位,苏州中材非金属矿工业设计研究院有限公司,100-499人,,杭州,苏州,本科,5-10年,10-15k,,,,https://www.liepin.com/job/1948649007.shtml,20260608183033,,,,
6973,猎聘,能源/化工/环保,矿山,销售工程师,企业职位,郑州奥特科技有限公司,100-499人,,杭州,苏州-太仓,大专,3年以上,20-30k,,,,https://www.liepin.com/job/1971998235.shtml,20260604115129,,,,
6974,猎聘,能源/化工/环保,矿山,项目群总监,企业职位,北南集团,100-499人,,杭州,徐州-贾汪区,本科,1-3年,24-40k,,,,https://www.liepin.com/job/1978993289.shtml,20260306084934,,,,
6975,猎聘,能源/化工/环保,矿山,自动驾驶感知算法工程师,企业职位,某国内机械/设备上市公司,10000人以上,,杭州,徐州,本科,3-5年,20-40k,,,,https://www.liepin.com/a/73220105.shtml,20260311092326,,,,
6976,猎聘,能源/化工/环保,矿山,电气工程师,企业职位,徐工集团,10000人以上,,杭州,徐州-贾汪区,统招本科,3年以上,10-18k,,,,https://www.liepin.com/job/1979223005.shtml,20260105091254,,,,
6977,猎聘,能源/化工/环保,矿山,海外大区营销负责人 （大洋洲大区）,企业职位,徐工集团,10000人以上,,杭州,徐州-贾汪区,统招本科,8年以上,15-30k,,,,https://www.liepin.com/job/1981772989.shtml,20260415103117,,,,
6978,猎聘,能源/化工/环保,矿山,电池系统（动力电池轻量化工程师）,企业职位,徐工集团,10000人以上,,杭州,徐州-贾汪区,本科,3-5年,15-29k,,,,https://www.liepin.com/job/1979977491.shtml,20260403154844,,,,
6979,猎聘,能源/化工/环保,矿山,解决方案技术,企业职位,徐工集团,10000人以上,,杭州,徐州-贾汪区,本科,5年以上,15-30k,,,,https://www.liepin.com/job/1978555501.shtml,20251203085214,,,,
6980,猎聘,能源/化工/环保,矿山,中级机电工程师,企业职位,某国内咨询服务公司,50-99人,,杭州,徐州,大专,5-10年,15-20k,,,,https://www.liepin.com/a/74323943.shtml,20260609094142,,,,
6981,猎聘,能源/化工/环保,矿山,区域销售经理,企业职位,安姆普客矿山机械(江苏)有限公司,100-499人,,杭州,南通,本科,5-10年,10-20k,,,,https://www.liepin.com/job/1955670193.shtml,20260609085242,,,,
6982,猎聘,能源/化工/环保,矿山,分公司合同经营主管,企业职位,某知名公司,100-499人,,杭州,常州,本科,6年以上,10-15k,,,,https://www.liepin.com/a/74858825.shtml,20260516110141,,,,
6983,猎聘,能源/化工/环保,矿山,采购经理,企业职位,龙蟠科技,2000-5000人,,杭州,南京-栖霞区,本科,3-5年,20-40k,,,,https://www.liepin.com/job/1980195307.shtml,20260514141057,,,,
6984,猎聘,能源/化工/环保,矿山,工艺专家,企业职位,某猎头公司,100-499人,,杭州,徐州,本科,8年以上,25-30k·15薪,,,,https://www.liepin.com/a/75244075.shtml,20260506101500,,,,
6985,猎聘,能源/化工/环保,矿山,智能硬件产品经理,企业职位,某知名计算机软件上市公司,10000人以上,,杭州,南京,学历不限,2年以上,25-40k,,,,https://www.liepin.com/a/76095083.shtml,20260527095739,,,,
6986,猎聘,能源/化工/环保,矿山,电控系统工程师,企业职位,徐工集团,10000人以上,,杭州,徐州-贾汪区,统招本科,3年以上,12-25k,,,,https://www.liepin.com/job/1978824031.shtml,20260202083822,,,,
6987,猎聘,能源/化工/环保,矿山,电气工程师,企业职位,某国内机械/设备上市公司,10000人以上,,杭州,徐州,本科,5-10年,12-20k,,,,https://www.liepin.com/a/73289947.shtml,20260420203108,,,,
6988,猎聘,能源/化工/环保,矿山,矿挖履带/四轮设计专家/副院长,企业职位,某苏州大型机械/设备公司,10000人以上,,杭州,苏州,本科,10年以上,30-60k·18薪,,,,https://www.liepin.com/a/74865079.shtml,20260609093543,,,,
6989,猎聘,能源/化工/环保,矿山,高级项目经理,企业职位,三一集团,10000人以上,,杭州,苏州-昆山,统招本科,5-10年,30-60k·16薪,,,,https://www.liepin.com/job/1982097107.shtml,20260426130100,,,,
6990,猎聘,能源/化工/环保,矿山,煤矿矿长,企业职位,通正矿业,50-99人,,杭州,常州-武进区,本科,10年以上,20-35k,,,,https://www.liepin.com/job/1966347757.shtml,20260609105621,,,,
6991,猎聘,能源/化工/环保,矿山,解决方案技术,企业职位,徐工集团,10000人以上,,杭州,徐州-贾汪区,统招本科,3-5年,10-20k,,,,https://www.liepin.com/job/1973245389.shtml,20250402174551,,,,
6992,猎聘,能源/化工/环保,矿山,感知算法融合工程师,企业职位,江苏集萃清联智控科技有限公司,100-499人,,杭州,无锡-滨湖区,本科,3-5年,20-40k·14薪,,,,https://www.liepin.com/job/1979510533.shtml,20260602181605,,,,
6993,猎聘,能源/化工/环保,矿山,解决方案技术,企业职位,徐州徐工矿业机械有限公司,1000-2000人,,杭州,徐州,统招本科,5年以上,25-40k·14薪,,,,https://www.liepin.com/job/1978817615.shtml,20251201104113,,,,
6994,猎聘,能源/化工/环保,矿山,采矿工程师,企业职位,南京金基控股集团,1000-2000人,,杭州,南京-秦淮区,本科,5-10年,12-20k,,,,https://www.liepin.com/job/1980543357.shtml,20260311083651,,,,
6995,猎聘,能源/化工/环保,矿山,感知算法工程师,企业职位,某国内机械/设备上市公司,10000人以上,,杭州,徐州,统招本科,经验不限,80-100k·15薪,,,,https://www.liepin.com/a/73616213.shtml,20260319184910,,,,
6996,猎聘,能源/化工/环保,矿山,四轮一带机械工程师,企业职位,三一集团,10000人以上,,杭州,苏州-常熟,本科,3-8年,15-25k·13薪,,,,https://www.liepin.com/job/1982932543.shtml,20260606165054,,,,
6997,猎聘,能源/化工/环保,矿山,算法工程师-激光雷达,企业职位,卡特彼勒,10000人以上,,杭州,无锡-新吴区,硕士,3-6年,17-30k·13薪,,,,https://www.liepin.com/job/1979183507.shtml,20260318163006,,,,
6998,猎聘,能源/化工/环保,矿山,动力电池系统工程师,企业职位,徐工集团,10000人以上,,杭州,徐州-泉山区,本科,5年以上,20-35k,,,,https://www.liepin.com/job/1977368961.shtml,20250919163919,,,,
6999,猎聘,能源/化工/环保,矿山,IT技术支持,企业职位,徐州徐工矿业机械有限公司,1000-2000人,,杭州,徐州-贾汪区,统招本科,3年以上,10-18k,,,,https://www.liepin.com/job/1980785227.shtml,20260310104716,,,,
7000,猎聘,能源/化工/环保,矿山,变压器销售主管,企业职位,某南京大型电力/热力/燃气/水务公司,500-999人,,杭州,南京,学历不限,3-5年,22-23k·15薪,,,,https://www.liepin.com/a/75857415.shtml,20260520110732,,,,
7001,猎聘,能源/化工/环保,矿山,解决方案经理,企业职位,徐州徐工矿业机械有限公司,1000-2000人,,杭州,徐州-贾汪区,本科,5年以上,15-25k,,,,https://www.liepin.com/job/1980652023.shtml,20260304184225,,,,
7002,猎聘,能源/化工/环保,矿山,AI销售经理,企业职位,深圳鲲云科技,100-499人,,杭州,苏州-工业园区,统招本科,1-3年,10-17k,,,,https://www.liepin.com/job/1975830395.shtml,20260522113941,,,,
7003,猎聘,能源/化工/环保,矿山,采矿工程师（采选）,企业职位,通正矿业,50-99人,,杭州,常州-武进区,大专,10年以上,20-25k,,,,https://www.liepin.com/job/1951051867.shtml,20250517154202,,,,
7004,猎聘,能源/化工/环保,矿山,创新中心售后技术支持,企业职位,润和软件,10000人以上,,杭州,徐州-铜山区,统招本科,5-10年,15-25k,,,,https://www.liepin.com/job/1970937203.shtml,20250211103927,,,,
7005,猎聘,能源/化工/环保,矿山,感知算法工程师 (MJ003875),企业职位,徐工集团,10000人以上,,杭州,徐州-贾汪区,统招本科,5年以上,薪资面议,,,,https://www.liepin.com/job/1978321163.shtml,20260313170827,,,,
7006,猎聘,能源/化工/环保,矿山,解决方案技术 专家,企业职位,北南集团,100-499人,,杭州,徐州-贾汪区,本科,5年以上,22-45k,,,,https://www.liepin.com/job/1978993097.shtml,20260306085142,,,,
7007,猎聘,能源/化工/环保,矿山,无人驾驶工程师（矿区方向）,企业职位,某知名公司,500-999人,,杭州,苏州,大专,1年以下,12-13k,,,,https://www.liepin.com/a/74416763.shtml,20260508160919,,,,
7008,猎聘,能源/化工/环保,矿山,机械工程师 (MJ003918),企业职位,徐工集团,10000人以上,,杭州,徐州-贾汪区,统招本科,3年以上,10-20k,,,,https://www.liepin.com/job/1979716259.shtml,20260113103300,,,,
7009,猎聘,能源/化工/环保,矿山,研发项目管理工程师（无人挖机项目）,企业职位,三一集团,10000人以上,,杭州,苏州-昆山,统招本科,3年以上,20-40k·14薪,,,,https://www.liepin.com/job/1982630535.shtml,20260518171620,,,,
7010,猎聘,能源/化工/环保,矿山,电气工程师,企业职位,徐工集团,10000人以上,,杭州,徐州-贾汪区,本科,3年以上,10-15k,,,,https://www.liepin.com/job/1978660211.shtml,20260304105102,,,,
7011,猎聘,能源/化工/环保,矿山,电气工程师,企业职位,某国内大型机械/设备公司,1000-2000人,,杭州,徐州,统招本科,4年以上,10-15k,,,,https://www.liepin.com/a/73436967.shtml,20260316162829,,,,
7012,猎聘,能源/化工/环保,矿山,感知融合算法工程师 (MJ000353),企业职位,江苏集萃清联智控科技有限公司,100-499人,,杭州,南京-溧水区,硕士,2年以上,20-40k·14薪,,,,https://www.liepin.com/job/1982640997.shtml,20260602091252,,,,
7013,猎聘,能源/化工/环保,矿山,机电工程师,企业职位,某国内人力资源服务公司,50-99人,,杭州,徐州,学历不限,3-5年,12-15k,,,,https://www.liepin.com/a/73844245.shtml,20260605092009,,,,
7014,猎聘,能源/化工/环保,矿山,安全部长,企业职位,南京安吉特矿山工程有限公司,500-999人,,杭州,南京,大专,3-5年,10-15k,,,,https://www.liepin.com/job/1943077011.shtml,20220113150208,,,,
7015,猎聘,能源/化工/环保,矿山,四轮一带工程师,企业职位,某人工智能公司,100-499人,,杭州,苏州,本科,经验不限,40-45k·16薪,,,,https://www.liepin.com/a/76531929.shtml,20260608152904,,,,
7016,猎聘,能源/化工/环保,矿山,潜孔钻产品技术专家（机械结构/气动/电控/液压系统工程师）,企业职位,某机械/设备公司,,,杭州,苏州-昆山,统招本科,10年以上,70-100k,,,,https://www.liepin.com/a/75836221.shtml,20260609111359,,,,
7017,猎聘,能源/化工/环保,矿山,销售经理（新能源重卡）,企业职位,深向科技,1000-2000人,,杭州,苏州-姑苏区,大专,经验不限,9-15k,,,,https://www.liepin.com/job/1982735655.shtml,20260521133947,,,,
7018,猎聘,能源/化工/环保,矿山,海外销售,企业职位,徐工集团,10000人以上,,杭州,徐州-贾汪区,统招本科,3-5年,7-10k,,,,https://www.liepin.com/job/1981920549.shtml,20260420191712,,,,
7019,猎聘,能源/化工/环保,矿山,硬件运维工程师,企业职位,徐工集团,10000人以上,,杭州,徐州-贾汪区,统招本科,3年以上,11-20k,,,,https://www.liepin.com/job/1978901575.shtml,20251203173023,,,,
7020,猎聘,能源/化工/环保,矿山,自动驾驶感知算法工程师,企业职位,徐州徐工矿业机械有限公司,1000-2000人,,杭州,徐州-贾汪区,本科,5年以上,20-50k,,,,https://www.liepin.com/job/1980784713.shtml,20260328112723,,,,
7021,猎聘,能源/化工/环保,矿山,隔爆变及开关高级销售,企业职位,中电变压器,1000-2000人,,杭州,南京-雨花台区,大专,3年以上,15-30k,,,,https://www.liepin.com/job/1975854255.shtml,20260609090015,,,,
7022,猎聘,能源/化工/环保,矿山,销售代表,企业职位,昆山西玛,1-49人,,杭州,苏州-昆山,大专,1-3年,8-12k·13薪,,,,https://www.liepin.com/job/1972695539.shtml,20260526124200,,,,
7023,猎聘,能源/化工/环保,矿山,客户工程中心总监,企业职位,北南集团,100-499人,,杭州,徐州-鼓楼区,本科,8年以上,25-35k,,,,https://www.liepin.com/job/1972021389.shtml,20250121100330,,,,
7024,猎聘,能源/化工/环保,矿山,无人安全工程师,企业职位,卡特彼勒,10000人以上,,杭州,无锡-新吴区,本科,5年以上,21-30k·13薪,,,,https://www.liepin.com/job/1980534137.shtml,20260514225927,,,,
7025,猎聘,能源/化工/环保,矿山,机械结构工程师,企业职位,徐工集团,10000人以上,,杭州,徐州-贾汪区,本科,3年以上,10-15k,,,,https://www.liepin.com/job/1978659967.shtml,20260304105102,,,,
7026,猎聘,能源/化工/环保,矿山,逆变器产品经理,企业职位,幂一技术,1-49人,,杭州,苏州-工业园区,本科,1-3年,20-40k·15薪,,,,https://www.liepin.com/job/1982268611.shtml,20260512081006,,,,
7027,猎聘,能源/化工/环保,矿山,HRBP（偏招聘）,企业职位,元泽孵化器管理(苏州)有限公司,10000人以上,,杭州,苏州-吴中区,大专,1-3年,20-50k·15薪,,,,https://www.liepin.com/job/1981713771.shtml,20260413155257,,,,
7028,猎聘,能源/化工/环保,矿山,方体液压阀项目生产研发总经理,企业职位,江苏聚龙湖机械制造有限公司,100-499人,,杭州,盐城-建湖县,本科,10年以上,20-50k,,,,https://www.liepin.com/job/1982499079.shtml,20260513142137,,,,
7029,猎聘,能源/化工/环保,矿山,能源项目管理 矿长,企业职位,富润实业(集团)有限公司,100-499人,,杭州,连云港-海州区,大专,3-5年,17-22k,,,,https://www.liepin.com/job/1950975621.shtml,20220708110806,,,,
7030,猎聘,能源/化工/环保,矿山,采矿设计工程师,企业职位,苏州中材非金属矿工业设计研究院有限公司,100-499人,,杭州,苏州,本科,3-5年,10-25k·14薪,,,,https://www.liepin.com/job/1944149871.shtml,20250410090749,,,,
7031,猎聘,能源/化工/环保,矿山,销售代表,企业职位,中电变压器股份有限公司,500-999人,,杭州,南京-江宁区,大专,5-10年,10-20k,,,,https://www.liepin.com/job/1979079383.shtml,20251225164115,,,,
7032,猎聘,能源/化工/环保,矿山,自动驾驶解决方案工程师,企业职位,翼海云峰,100-499人,,杭州,徐州-贾汪区,统招本科,3年以上,20-40k,,,,https://www.liepin.com/job/1979247467.shtml,20251218181847,,,,
7033,猎聘,能源/化工/环保,矿山,海外备件管理,企业职位,徐工进出口,10000人以上,,杭州,徐州-鼓楼区,统招本科,3-5年,13-20k,,,,https://www.liepin.com/job/1968990873.shtml,20240813092953,,,,
7034,猎聘,能源/化工/环保,矿山,土壤修复技术研发工程师,企业职位,南京杰科丰环保技术装备研究院有限公司,100-499人,,杭州,南京,本科,经验不限,6-12k,,,,https://www.liepin.com/job/1964948783.shtml,20240402161446,,,,
7035,猎聘,能源/化工/环保,矿山,采矿技术员,企业职位,逢石科技,100-499人,,杭州,扬州-邗江区,本科,1-3年,8-20k,,,,https://www.liepin.com/job/1968133543.shtml,20240704113020,,,,
7036,猎聘,能源/化工/环保,矿山,网络工程师,企业职位,徐工集团,10000人以上,,杭州,徐州-贾汪区,统招本科,3年以上,10-24k,,,,https://www.liepin.com/job/1978826265.shtml,20260202083822,,,,
7037,猎聘,能源/化工/环保,矿山,工业设备隔振销售经理,企业职位,道尔道科技股份有限公司,100-499人,,杭州,南京-鼓楼区,大专,3-5年,10-20k,,,,https://www.liepin.com/job/1981612795.shtml,20260609135955,,,,
7038,猎聘,能源/化工/环保,矿山,定位算法工程师,企业职位,江苏集萃清联智控科技有限公司,100-499人,,杭州,无锡-滨湖区,本科,1-3年,20-35k·14薪,,,,https://www.liepin.com/job/1980715709.shtml,20260522211430,,,,
7039,猎聘,能源/化工/环保,矿山,非洲光储微网业务经理,企业职位,苏美达能源公司,1000-2000人,,杭州,南京,本科,3-5年,薪资面议,,,,https://www.liepin.com/job/1976834431.shtml,20260303162236,,,,
7040,猎聘,能源/化工/环保,矿山,生产计划员,企业职位,双环传动,2000-5000人,,杭州,淮安-淮安区,本科,5-10年,6-7k,,,,https://www.liepin.com/job/1969585111.shtml,20260509154204,,,,
7041,猎聘,能源/化工/环保,矿山,交付运维工程师,企业职位,徐州徐工矿业机械有限公司,1000-2000人,,杭州,徐州-贾汪区,统招本科,3年以上,10-16k,,,,https://www.liepin.com/job/1980783505.shtml,20260310102629,,,,
7042,猎聘,能源/化工/环保,矿山,地质工程师,企业职位,某知名公司,50-99人,,杭州,徐州,大专,5-10年,16-18k,,,,https://www.liepin.com/a/75577103.shtml,20260522091026,,,,
7043,猎聘,能源/化工/环保,矿山,电池系统（动力电池轻量化工程师）,企业职位,某大型制造企业,10000人以上,,杭州,徐州,学历不限,经验不限,15-30k,,,,https://www.liepin.com/a/74453353.shtml,20260605144700,,,,
7044,猎聘,能源/化工/环保,矿山,项目运营经理（非洲几内亚）,企业职位,宝通科技,1000-2000人,,杭州,无锡-新吴区,本科,5年以上,50-70k,,,,https://www.liepin.com/job/1981753245.shtml,20260414155723,,,,
7045,猎聘,能源/化工/环保,矿山,机械结构工程师,企业职位,首帆动力,100-499人,,杭州,南通-海门区,大专,3-5年,14-20k·13薪,,,,https://www.liepin.com/job/1980138337.shtml,20260518111901,,,,
7046,猎聘,能源/化工/环保,矿山,车身工程师,企业职位,徐州徐工矿业机械有限公司,1000-2000人,,杭州,徐州-贾汪区,统招本科,3年以上,12-16k·14薪,,,,https://www.liepin.com/job/1981337585.shtml,20260330104458,,,,
7047,猎聘,能源/化工/环保,矿山,供配电系统工程师,企业职位,三一集团,10000人以上,,杭州,苏州-昆山,本科,3年以上,15-45k·14薪,,,,https://www.liepin.com/job/1982435635.shtml,20260605085624,,,,
7048,猎聘,能源/化工/环保,矿山,效果图建模工程师,企业职位,苏州中材非金属矿工业设计研究院有限公司,100-499人,,杭州,苏州,大专,1-3年,4-8k,,,,https://www.liepin.com/job/1960992167.shtml,20260603153524,,,,
7049,猎聘,能源/化工/环保,矿山,技术总监,企业职位,江苏野马软件科技有限公司,50-99人,,杭州,徐州-云龙区,本科,8年以上,25-40k,,,,https://www.liepin.com/job/1982961601.shtml,20260528174245,,,,
7050,猎聘,能源/化工/环保,矿山,感知算法,企业职位,北南集团,100-499人,,杭州,徐州-贾汪区,本科,5年以上,30-50k,,,,https://www.liepin.com/job/1978993985.shtml,20251208165520,,,,
7051,猎聘,能源/化工/环保,矿山,电液伺服应用技术工程师,企业职位,某国内机械/设备公司,50-99人,,杭州,常州-武进区,统招本科,5-10年,22-26k·14薪,,,,https://www.liepin.com/a/76161953.shtml,20260609093813,,,,
7052,猎聘,能源/化工/环保,矿山,产品服务,企业职位,徐工集团,10000人以上,,杭州,徐州-贾汪区,大专,2年以上,8-15k,,,,https://www.liepin.com/job/1979837505.shtml,20260420191725,,,,
7053,猎聘,能源/化工/环保,矿山,销售经理,企业职位,江苏广识电气股份有限公司,100-499人,,杭州,徐州,大专,1-3年,6-18k,,,,https://www.liepin.com/job/1975754303.shtml,20260529155259,,,,
7054,猎聘,能源/化工/环保,矿山,高精地图工程师,企业职位,徐州徐工矿业机械有限公司,1000-2000人,,杭州,徐州-贾汪区,统招本科,5-10年,20-40k,,,,https://www.liepin.com/job/1981019029.shtml,20260317175426,,,,
7055,猎聘,能源/化工/环保,矿山,资深海外销售工程师/区域经理,企业职位,泉州华大超硬工具科技有限公司,100-499人,,杭州,苏州-张家港,大专,3年以上,10-25k,,,,https://www.liepin.com/job/1982561703.shtml,20260605091017,,,,
7056,猎聘,能源/化工/环保,矿山,海外销售,企业职位,徐工集团基础工程机械事业部,1000-2000人,,杭州,徐州-贾汪区,统招本科,3-5年,10-25k,,,,https://www.liepin.com/job/1973770471.shtml,20260529101548,,,,
7057,猎聘,能源/化工/环保,矿山,电池系统（高倍率电池系统工程师） (MJ003998),企业职位,徐工集团,10000人以上,,杭州,徐州-贾汪区,本科,5年以上,15-29k,,,,https://www.liepin.com/job/1980860953.shtml,20260312095159,,,,
7058,猎聘,能源/化工/环保,矿山,Mechanical development Engineer 机械研发工程师-液压,企业职位,某大型机械制造公司,1000-2000人,,杭州,无锡,本科,经验不限,12-18k·15薪,,,,https://www.liepin.com/a/75275811.shtml,20260609092421,,,,
7059,猎聘,能源/化工/环保,矿山,定位算法工程师 (MJ000344),企业职位,江苏集萃清联智控科技有限公司,100-499人,,杭州,无锡,硕士,3-5年,20-40k·14薪,,,,https://www.liepin.com/job/1982288717.shtml,20260602091252,,,,
7060,猎聘,能源/化工/环保,矿山,AHS无人化-交付运维项目管理,企业职位,徐州徐工矿业机械有限公司,1000-2000人,,杭州,徐州,本科,5-10年,20-40k·13薪,,,,https://www.liepin.com/job/1978309129.shtml,20251107153113,,,,
7061,猎聘,能源/化工/环保,矿山,机加工艺,企业职位,某国内机械/设备上市公司,500-999人,,杭州,常州-新北区,统招本科,5-10年,40-50k,,,,https://www.liepin.com/a/74959499.shtml,20260422192040,,,,
7062,猎聘,能源/化工/环保,矿山,产品应用工程师,企业职位,某杭州知名机械/设备公司,1000-2000人,,杭州,常州-钟楼区,本科,5-10年,11-16k,,,,https://www.liepin.com/a/75468229.shtml,20260609123342,,,,
7063,猎聘,能源/化工/环保,矿山,系统集成设计工程师,企业职位,徐工集团,10000人以上,,杭州,徐州-贾汪区,统招本科,3年以上,15-30k,,,,https://www.liepin.com/job/1978666177.shtml,20251124112231,,,,
7064,猎聘,能源/化工/环保,矿山,电池仿真（国企核心研发中心）,企业职位,某国内知名机械/设备公司,100-499人,,杭州,徐州,统招本科,5-10年,20-30k·14薪,,,,https://www.liepin.com/a/73490219.shtml,20260317160936,,,,
7065,猎聘,能源/化工/环保,矿山,系统集成设计工程师,企业职位,徐州徐工矿业机械有限公司,1000-2000人,,杭州,徐州,本科,1年以上,15-30k,,,,https://www.liepin.com/job/1978309355.shtml,20251107153550,,,,
7066,猎聘,能源/化工/环保,矿山,挖掘机铲斗研发专家（大挖）,企业职位,三一集团,10000人以上,,杭州,苏州-昆山,统招本科,8年以上,25-40k·16薪,,,,https://www.liepin.com/job/1980613531.shtml,20260405174950,,,,
7067,猎聘,能源/化工/环保,矿山,海外法务经理（澳洲）,企业职位,北南集团,100-499人,,杭州,徐州-鼓楼区,统招本科,5-10年,25-45k,,,,https://www.liepin.com/job/1969579201.shtml,20240907230829,,,,
7068,猎聘,能源/化工/环保,矿山,销售经理（新能源重卡）,企业职位,深向科技,1000-2000人,,杭州,连云港-海州区,大专,经验不限,9-15k,,,,https://www.liepin.com/job/1982735407.shtml,20260521133514,,,,
7069,猎聘,能源/化工/环保,矿山,采购经理/主管,企业职位,常州锂源新能源科技有限公司,1000-2000人,,杭州,南京-栖霞区,统招本科,5年以上,20-35k·14薪,,,,https://www.liepin.com/job/1975931779.shtml,20250722093635,,,,
7070,猎聘,能源/化工/环保,矿山,移动设备设计经理,企业职位,苏州嘉诺创新科技股份有限公司,100-499人,,杭州,苏州-吴江区,本科,3-5年,15-20k,,,,https://www.liepin.com/job/1980382525.shtml,20260326084045,,,,
7071,猎聘,能源/化工/环保,矿山,智能化项目经理,企业职位,北南集团,100-499人,,杭州,徐州-贾汪区,本科,5-10年,25-45k,,,,https://www.liepin.com/job/1972228733.shtml,20250208195758,,,,
7072,猎聘,能源/化工/环保,矿山,销售经理（新能源重卡）,企业职位,深向科技,1000-2000人,,杭州,泰州-海陵区,大专,经验不限,9-15k,,,,https://www.liepin.com/job/1982735553.shtml,20260521133801,,,,
7073,猎聘,能源/化工/环保,矿山,硬件工程师,企业职位,徐州徐工矿业机械有限公司,1000-2000人,,杭州,徐州,本科,3年以上,12-35k·13薪,,,,https://www.liepin.com/job/1978309821.shtml,20251107154355,,,,
7074,猎聘,能源/化工/环保,矿山,海外产品销售,企业职位,徐工集团,10000人以上,,杭州,徐州-鼓楼区,本科,3-5年,8-18k,,,,https://www.liepin.com/job/1973033265.shtml,20251010161140,,,,
7075,猎聘,能源/化工/环保,矿山,云平台开发运维工程师,企业职位,智通三千,500-999人,,杭州,南京-建邺区,本科,3-5年,15-25k,,,,https://www.liepin.com/job/1982831951.shtml,20260525151046,,,,
7076,猎聘,能源/化工/环保,矿山,选矿工程师,企业职位,南京金基控股集团,1000-2000人,,杭州,南京-秦淮区,本科,5-10年,15-20k,,,,https://www.liepin.com/job/1980543223.shtml,20260311083651,,,,
7077,猎聘,能源/化工/环保,矿山,感知算法工程师 (MJ003875),企业职位,徐工集团,10000人以上,,杭州,徐州-贾汪区,统招本科,5年以上,30-50k,,,,https://www.liepin.com/job/1978323525.shtml,20251203085235,,,,
7078,猎聘,能源/化工/环保,矿山,销售经理（新能源重卡）,企业职位,深向科技,1000-2000人,,杭州,宿迁-宿城区,大专,经验不限,9-15k,,,,https://www.liepin.com/job/1982735547.shtml,20260521133801,,,,
7079,猎聘,能源/化工/环保,矿山,电池系统（可靠性）-徐工研究总院 (MJ002297),企业职位,徐工集团,10000人以上,,杭州,徐州-鼓楼区,统招本科,5-10年,25-45k,,,,https://www.liepin.com/job/1974797771.shtml,20250529135242,,,,
7080,猎聘,能源/化工/环保,矿山,地质勘探经理（外派刚果金）,企业职位,寒锐钴业,1000-2000人,,杭州,南京-江宁区,统招本科,5-10年,30-50k·14薪,,,,https://www.liepin.com/job/1982695865.shtml,20260520113042,,,,
7081,猎聘,能源/化工/环保,矿山,海外产品经理（工程机械）,企业职位,徐工集团基础工程机械事业部,1000-2000人,,杭州,徐州-贾汪区,统招本科,3-5年,10-30k,,,,https://www.liepin.com/job/1974237831.shtml,20260514155908,,,,
7082,猎聘,能源/化工/环保,矿山,海外备件销售,企业职位,徐工进出口,10000人以上,,杭州,徐州-鼓楼区,本科,3-5年,20-30k,,,,https://www.liepin.com/job/1982203295.shtml,20260518112503,,,,
7083,猎聘,能源/化工/环保,矿山,主任现场应用工程师 Principle FAE Engineer,企业职位,三一集团,10000人以上,,杭州,苏州-昆山,本科,5-10年,25-45k·16薪,,,,https://www.liepin.com/job/1982023585.shtml,20260425192113,,,,
7084,猎聘,能源/化工/环保,矿山,自动驾驶感知算法工程师,企业职位,徐工集团,10000人以上,,杭州,徐州-贾汪区,统招本科,5年以上,30-60k,,,,https://www.liepin.com/job/1978315737.shtml,20251107174401,,,,
7085,猎聘,能源/化工/环保,矿山,销售经理（新能源重卡）,企业职位,深向科技,1000-2000人,,杭州,盐城-亭湖区,大专,经验不限,9-15k,,,,https://www.liepin.com/job/1982735551.shtml,20260521133801,,,,
7086,猎聘,能源/化工/环保,矿山,系统集成设计工程师,企业职位,某国内大型机械/设备公司,1000-2000人,,杭州,徐州,统招本科,4年以上,20-21k,,,,https://www.liepin.com/a/73432101.shtml,20260316153821,,,,
7087,猎聘,能源/化工/环保,矿山,自动化控制工程师,企业职位,徐州徐工矿业机械有限公司,1000-2000人,,杭州,徐州-贾汪区,本科,4年以上,15-25k,,,,https://www.liepin.com/job/1980876433.shtml,20260312142559,,,,
7088,猎聘,能源/化工/环保,矿山,巡检机器人结构设计工程师,企业职位,南京擎华信息科技有限公司,1-49人,,杭州,南京-江宁区,本科,3年以上,8-13k,,,,https://www.liepin.com/job/1974043387.shtml,20260327150348,,,,
7089,猎聘,能源/化工/环保,矿山,总体设计,企业职位,徐工集团基础工程机械事业部,1000-2000人,,杭州,徐州-贾汪区,本科,5年以上,15-35k,,,,https://www.liepin.com/job/1979836715.shtml,20260523100127,,,,
7090,猎聘,能源/化工/环保,矿山,项目开发负责人（北美 / 欧洲 / 非洲 / 南亚）,企业职位,协鑫集成科技股份有限公司,10000人以上,,杭州,苏州-工业园区,本科,5年以上,40-60k·16薪,,,,https://www.liepin.com/job/1981118111.shtml,20260320151313,,,,
7091,猎聘,能源/化工/环保,矿山,投资管理,猎头职位,某国内机械/设备上市公司,10000人以上,,杭州,徐州,本科,4年以上,15-30k,,,,https://www.liepin.com/a/75651465.shtml,20260514092140,,,,
7092,猎聘,能源/化工/环保,矿山,注册安全工程师,猎头职位,某知名公司,50-99人,,杭州,徐州,大专,5-10年,15-20k,,,,https://www.liepin.com/a/74325275.shtml,20260407142424,,,,
7093,猎聘,能源/化工/环保,矿山,机电工程师,猎头职位,某知名公司,50-99人,,杭州,徐州,学历不限,3-5年,15-17k,,,,https://www.liepin.com/a/74321551.shtml,20260507093807,,,,
7094,猎聘,能源/化工/环保,矿山,机电工程师,猎头职位,某知名公司,50-99人,,杭州,徐州,大专,5-10年,15-20k,,,,https://www.liepin.com/a/74325141.shtml,20260407142313,,,,
7095,猎聘,能源/化工/环保,矿山,微网销售总监,猎头职位,某大型知名新能源公司,10000人以上,,杭州,苏州,学历不限,5-10年,20-40k,,,,https://www.liepin.com/a/74461925.shtml,20260528164042,,,,
7096,猎聘,能源/化工/环保,矿山,投资管理（国企  六险二金）,猎头职位,某国内机械/设备上市公司,10000人以上,,杭州,徐州,统招本科,3年以上,16-30k,,,,https://www.liepin.com/a/75664529.shtml,20260527174227,,,,
7097,猎聘,能源/化工/环保,矿山,电气开发,猎头职位,某国内大型机械/设备公司,1000-2000人,,杭州,徐州,统招本科,5-10年,13-18k·14薪,,,,https://www.liepin.com/a/74808811.shtml,20260507110732,,,,
7098,猎聘,能源/化工/环保,矿山,索道技术经理（负责人）,猎头职位,某南京大型机械/设备公司,5000-10000人,,杭州,南京,统招本科,5-10年,20-40k,,,,https://www.liepin.com/a/73451949.shtml,20260317083309,,,,
7099,猎聘,能源/化工/环保,矿山,海外销售总监,猎头职位,某苏州电力/热力/燃气/水务公司,50-99人,,杭州,苏州-工业园区,统招本科,5-10年,20-35k,,,,https://www.liepin.com/a/75502857.shtml,20260511110649,,,,
7100,猎聘,能源/化工/环保,矿山,外贸销售,猎头职位,某国内大型机械/设备公司,500-999人,,杭州,泰州,学历不限,3-5年,12-20k,,,,https://www.liepin.com/a/74138045.shtml,20260401152344,,,,
7101,猎聘,能源/化工/环保,矿山,地质工程师,猎头职位,某知名公司,50-99人,,杭州,徐州,学历不限,5-10年,15-17k,,,,https://www.liepin.com/a/74321677.shtml,20260507093807,,,,
7102,猎聘,能源/化工/环保,矿山,机械设备工程师,猎头职位,陕西众邦猎星人力资源集团有限公司,1-49人,,杭州,常州,学历不限,5-10年,18-25k,,,,https://www.liepin.com/a/74596441.shtml,20260414094552,,,,
7103,猎聘,能源/化工/环保,矿山,外贸业务员,猎头职位,某国内大型机械/设备公司,500-999人,,杭州,泰州-靖江,大专,3-5年,15-20k,,,,https://www.liepin.com/a/75760055.shtml,20260518111135,,,,
7104,猎聘,能源/化工/环保,矿山,电力电子硬件工程师,猎头职位,某国内人力资源服务公司,50-99人,,杭州,苏州,本科,5-10年,40-50k,,,,https://www.liepin.com/a/71452897.shtml,20260415094509,,,,
7105,猎聘,能源/化工/环保,矿山,电气工程师,猎头职位,某知名机械/设备上市公司,10000人以上,,杭州,徐州,统招本科,3-5年,16-20k,,,,https://www.liepin.com/a/75140143.shtml,20260428132520,,,,
7106,猎聘,能源/化工/环保,矿山,电气工程师,猎头职位,某国内人力资源服务公司,50-99人,,杭州,徐州,本科,5-10年,15-30k,,,,https://www.liepin.com/a/71706509.shtml,20260415094458,,,,
7107,猎聘,能源/化工/环保,矿山,机电技术员,猎头职位,某深圳计算机软件公司,1-49人,,杭州,镇江,大专,10年以上,15-18k,,,,https://www.liepin.com/a/75210087.shtml,20260430085708,,,,
7108,猎聘,能源/化工/环保,矿山,电力电子工程师,猎头职位,某国内人力资源服务公司,50-99人,,杭州,徐州,统招本科,经验不限,30-50k,,,,https://www.liepin.com/a/71389525.shtml,20260415094446,,,,
7109,猎聘,能源/化工/环保,矿山,海外渠道拓展总监,猎头职位,某苏州电力/热力/燃气/水务公司,50-99人,,杭州,苏州,本科,3-5年,20-30k,,,,https://www.liepin.com/a/74767677.shtml,20260417140944,,,,
7110,猎聘,能源/化工/环保,矿山,仿真测试工程师,猎头职位,某国内机械/设备上市公司,10000人以上,,杭州,徐州,学历不限,3-5年,17-25k,,,,https://www.liepin.com/a/74615217.shtml,20260414134802,,,,
7111,猎聘,能源/化工/环保,矿山,中级地质工程师,猎头职位,某国内咨询服务公司,50-99人,,杭州,徐州,大专,5-10年,15-20k,,,,https://www.liepin.com/a/74324125.shtml,20260609094142,,,,
7112,猎聘,能源/化工/环保,矿山,销售工程师,猎头职位,某国内机械/设备上市公司,5000-10000人,,杭州,常州,本科,3-5年,10-15k,,,,https://www.liepin.com/a/74207295.shtml,20260402164900,,,,
7113,猎聘,能源/化工/环保,矿山,销售业务经理（移动机械液压阀/工业液压比例阀）,猎头职位,某国内机械/设备公司,50-99人,,杭州,常州-武进区,大专,3-5年,12-20k·17薪,,,,https://www.liepin.com/a/76566015.shtml,20260609105305,,,,
7114,猎聘,能源/化工/环保,矿山,海外销售总监,猎头职位,某苏州电力/热力/燃气/水务公司,50-99人,,杭州,苏州,本科,5-10年,20-35k,,,,https://www.liepin.com/a/75402333.shtml,20260508114243,,,,
7115,猎聘,能源/化工/环保,矿山,数字化施工,猎头职位,某国内大型机械/设备公司,5000-10000人,,杭州,徐州,硕士,3-5年,15-29k,,,,https://www.liepin.com/a/73890939.shtml,20260325172341,,,,
7116,猎聘,能源/化工/环保,矿山,CPU销售经理,猎头职位,某苏州大型化工公司,1000-2000人,,杭州,苏州,大专,5-10年,25-35k,,,,https://www.liepin.com/a/75398581.shtml,20260609081854,,,,
7117,猎聘,能源/化工/环保,矿山,电池系统（系统集成与高压架构工程师）,猎头职位,某国内大型机械/设备公司,5000-10000人,,杭州,徐州,统招本科,5-10年,20-40k,,,,https://www.liepin.com/a/73278081.shtml,20260422110250,,,,
7118,猎聘,能源/化工/环保,矿山,仿真测试工程师：,猎头职位,某国内机械/设备公司,100-499人,,杭州,徐州,硕士,3-5年,20-40k,,,,https://www.liepin.com/a/74605553.shtml,20260414110112,,,,
7119,猎聘,能源/化工/环保,矿山,机电工程师（井下 铜矿）,猎头职位,某广州人力资源服务公司,50-99人,,杭州,镇江,大专,10年以上,15-16k,,,,https://www.liepin.com/a/75226933.shtml,20260430144455,,,,
7120,猎聘,能源/化工/环保,矿山,电力电子硬件工程师,猎头职位,某国内人力资源服务公司,50-99人,,杭州,南京,本科,5-10年,25-50k,,,,https://www.liepin.com/a/71361415.shtml,20260415094517,,,,
7121,猎聘,能源/化工/环保,矿山,销售代表,猎头职位,某苏州大型化工公司,1000-2000人,,杭州,苏州-太仓,本科,3-5年,20-23k,,,,https://www.liepin.com/a/73615903.shtml,20260320115225,,,,
7122,猎聘,能源/化工/环保,矿山,总体设计-地下运矿车,猎头职位,某国内大型机械/设备公司,1000-2000人,,杭州,徐州,统招本科,5年以上,35-60k,,,,https://www.liepin.com/a/73274233.shtml,20260311204658,,,,
7123,猎聘,能源/化工/环保,矿山,规控算法,猎头职位,某国内机械/设备上市公司,10000人以上,,杭州,徐州,统招本科,经验不限,35-45k·15薪,,,,https://www.liepin.com/a/73616351.shtml,20260319185321,,,,
7124,猎聘,能源/化工/环保,矿山,可靠性工程师（电池pack方向）,猎头职位,某国内机械/设备上市公司,10000人以上,,杭州,徐州,学历不限,经验不限,15-29k,,,,https://www.liepin.com/a/74877567.shtml,20260605160634,,,,
7125,猎聘,能源/化工/环保,矿山,总体设计（凿岩台车）,猎头职位,某国内大型机械/设备公司,1000-2000人,,杭州,徐州,本科,5年以上,30-50k,,,,https://www.liepin.com/a/73274391.shtml,20260311205312,,,,
7126,猎聘,能源/化工/环保,矿山,规控算法与软件,猎头职位,某国内大型机械/设备公司,1000-2000人,,杭州,徐州,统招本科,3年以上,20-35k,,,,https://www.liepin.com/a/74996971.shtml,20260423160114,,,,
7127,猎聘,能源/化工/环保,矿山,规控算法与软件,猎头职位,某国内大型机械/设备公司,1000-2000人,,杭州,徐州,统招本科,3年以上,25-45k,,,,https://www.liepin.com/a/74414043.shtml,20260409085821,,,,
7128,猎聘,能源/化工/环保,矿山,电液伺服应用技术工程师,猎头职位,某国内机械/设备公司,50-99人,,杭州,常州,统招本科,3-5年,18-25k·13薪,,,,https://www.liepin.com/a/76456293.shtml,20260605140943,,,,
7129,猎聘,能源/化工/环保,矿山,中级软件开发工程师,猎头职位,某国内大型其他商务服务业公司,5000-10000人,,杭州,苏州-昆山,统招本科,3-5年,30-35k,,,,https://www.liepin.com/a/75309373.shtml,20260506163301,,,,
7130,猎聘,能源/化工/环保,矿山,电液伺服应用技术工程师（售前技术方案&现场调试&技术支持）,猎头职位,某国内机械/设备公司,50-99人,,杭州,常州,统招本科,3-5年,20-40k·13薪,,,,https://www.liepin.com/a/76402407.shtml,20260609092956,,,,
7131,猎聘,能源/化工/环保,矿山,规控算法工程师（机械 汽车 机器人）,猎头职位,某国内大型机械/设备公司,1000-2000人,,杭州,徐州,统招本科,经验不限,20-40k,,,,https://www.liepin.com/a/74785649.shtml,20260608100315,,,,
7132,猎聘,能源/化工/环保,矿山,高级机械设计工程师,猎头职位,某国内机械/设备上市公司,10000人以上,,杭州,徐州,统招本科,3-5年,20-30k·15薪,,,,https://www.liepin.com/a/73233853.shtml,20260402153504,,,,
7133,猎聘,能源/化工/环保,矿山,机电工程师 五险 工作稳定,猎头职位,某国内人力资源服务公司,50-99人,,杭州,徐州,大专,3-5年,14-15k,,,,https://www.liepin.com/a/76443667.shtml,20260608103121,,,,
7134,猎聘,能源/化工/环保,矿山,仿真测试工程师,猎头职位,某大型制造企业,10000人以上,,杭州,徐州,本科,3-5年,20-40k,,,,https://www.liepin.com/a/75828619.shtml,20260605144659,,,,
7135,猎聘,能源/化工/环保,矿山,数据治理,猎头职位,某大型制造企业,10000人以上,,杭州,徐州,学历不限,经验不限,15-30k,,,,https://www.liepin.com/a/74454371.shtml,20260605144700,,,,
7136,猎聘,能源/化工/环保,矿山,地质工程师,猎头职位,某知名公司,50-99人,,杭州,徐州,大专,5-10年,15-20k,,,,https://www.liepin.com/a/74324993.shtml,20260407142152,,,,
7137,猎聘,能源/化工/环保,矿山,工艺/制程,猎头职位,某国内机械/设备上市公司,500-999人,,杭州,常州,统招本科,5-10年,25-50k,,,,https://www.liepin.com/a/74814495.shtml,20260420104005,,,,
7138,猎聘,能源/化工/环保,矿山,中级机电工程师（五险）,猎头职位,某国内人力资源服务公司,50-99人,,杭州,徐州,大专,1-3年,14-15k,,,,https://www.liepin.com/a/73899067.shtml,20260511171321,,,,
7139,猎聘,能源/化工/环保,矿山,中级机电工程师（五险，管吃住）,猎头职位,某国内人力资源服务公司,50-99人,,杭州,徐州,学历不限,3-5年,14-15k,,,,https://www.liepin.com/a/74058741.shtml,20260511171321,,,,
7140,猎聘,能源/化工/环保,矿山,海外销售经理,猎头职位,某国内机械/设备上市公司,10000人以上,,杭州,徐州,统招本科,经验不限,20-40k·16薪,,,,https://www.liepin.com/a/74447993.shtml,20260409152939,,,,
7141,猎聘,能源/化工/环保,矿山,仿真测试工程师,猎头职位,某国内大型机械/设备公司,1000-2000人,,杭州,徐州,统招本科,4年以上,20-40k,,,,https://www.liepin.com/a/73437189.shtml,20260316163045,,,,
7142,猎聘,能源/化工/环保,矿山,HRBP负责人（印度）---上市公司--龙头企业,猎头职位,某国内机械/设备上市公司,10000人以上,,杭州,徐州,统招本科,5年以上,15-22k·14薪,,,,https://www.liepin.com/a/73247895.shtml,20260311142950,,,,
7143,猎聘,能源/化工/环保,矿山,商务接待经理,猎头职位,某国内机械/设备上市公司,10000人以上,,杭州,徐州,统招本科,3-5年,20-40k·14薪,,,,https://www.liepin.com/a/73240323.shtml,20260311125735,,,,
7144,猎聘,能源/化工/环保,矿山,AI算法工程师,猎头职位,某知名公司,2000-5000人,,杭州,苏州,博士,1-3年,30-35k,,,,https://www.liepin.com/a/76548313.shtml,20260608193218,,,,
7145,猎聘,能源/化工/环保,矿山,大客户销售,猎头职位,某国内新能源上市公司,10000人以上,,杭州,苏州,学历不限,10年以上,15-30k·17薪,,,,https://www.liepin.com/a/76516001.shtml,20260608113207,,,,
7146,猎聘,能源/化工/环保,矿山,技术经理（矿山设备）,企业职位,某国内机械/设备公司,100-499人,,武汉,杭州,本科,5年以上,20-40k·13薪,,,,https://www.liepin.com/a/74759663.shtml,20260609113819,,,,
7147,猎聘,能源/化工/环保,矿山,机械技术部经理/总监（渣浆泵/矿山机械）,企业职位,河北澳金机械设备有限公司,100-499人,,武汉,杭州-滨江区,本科,10年以上,40-70k,,,,https://www.liepin.com/job/1982786043.shtml,20260522175039,,,,
7148,猎聘,能源/化工/环保,矿山,大型国企土建项目经理-（矿山辅助用房建设）-英语作为工作语音,企业职位,某大型工程施工公司,5000-10000人,,武汉,杭州,统招本科,10年以上,28-45k,,,,https://www.liepin.com/a/75699251.shtml,20260515094952,,,,
7149,猎聘,能源/化工/环保,矿山,解决方案经理（智慧矿山）,企业职位,某国内大型电气机械/器材公司,10000人以上,,武汉,绍兴,本科,3-5年,15-25k,,,,https://www.liepin.com/a/74936965.shtml,20260514103456,,,,
7150,猎聘,能源/化工/环保,矿山,国际矿业服务开发（矿山机械方向）,企业职位,某杭州专业技术服务公司,,,武汉,杭州-萧山区,统招本科,3年以上,15-25k·13薪,,,,https://www.liepin.com/a/75757401.shtml,20260518170758,,,,
7151,猎聘,能源/化工/环保,矿山,矿山项目造价工程师,企业职位,建辉矿建集团,1000-2000人,,武汉,杭州-西湖区,大专,3年以上,10-20k,,,,https://www.liepin.com/job/1981055125.shtml,20260609113104,,,,
7152,猎聘,能源/化工/环保,矿山,矿山设备材料专家/工程师(破碎机、球磨机等）,企业职位,某国内机械/设备公司,100-499人,,武汉,杭州,统招本科,10年以上,20-40k·13薪,,,,https://www.liepin.com/a/74759467.shtml,20260609113819,,,,
7153,猎聘,能源/化工/环保,矿山,机械设计工程师（3人）【矿山机械、建筑机械、机床等领域优先】,企业职位,某知名公司,1-49人,,武汉,台州-温岭,大专,3-5年,15-22k,,,,https://www.liepin.com/a/74177923.shtml,20260609180412,,,,
7154,猎聘,能源/化工/环保,矿山,海外销售经理（矿山机械）-T,企业职位,河北澳金机械设备有限公司,100-499人,,武汉,杭州-滨江区,统招本科,2年以上,10-15k,,,,https://www.liepin.com/job/1982396977.shtml,20260608142036,,,,
7155,猎聘,能源/化工/环保,矿山,矿山设备机械设计工程师（浮选机）,企业职位,某国内机械/设备公司,100-499人,,武汉,绍兴,统招本科,3-5年,12-20k,,,,https://www.liepin.com/a/75719099.shtml,20260609155053,,,,
7156,猎聘,能源/化工/环保,矿山,机械设计工程师（3人）【矿山机械、建筑机械、机床等领域优先】,企业职位,某国内其他商务服务业公司,,,武汉,台州,大专,1-3年,15-20k,,,,https://www.liepin.com/a/76317007.shtml,20260609095209,,,,
7157,猎聘,能源/化工/环保,矿山,售前技术支持工程师（矿山机械、选矿设备）,企业职位,河北澳金机械设备有限公司,100-499人,,武汉,杭州-滨江区,统招本科,1-3年,9-16k,,,,https://www.liepin.com/job/1981742207.shtml,20260512162851,,,,
7158,猎聘,能源/化工/环保,矿山,海外营销管理（矿山机械）,企业职位,河北澳金机械设备有限公司,100-499人,,武汉,杭州-滨江区,大专,5年以上,35-45k,,,,https://www.liepin.com/job/1982834055.shtml,20260525153552,,,,
7159,猎聘,能源/化工/环保,矿山,地质工程师（矿山勘探）,企业职位,工企环保,500-999人,,武汉,杭州-富阳区,大专,10年以上,15-25k,,,,https://www.liepin.com/job/1975762405.shtml,20260525104650,,,,
7160,猎聘,能源/化工/环保,矿山,机械设计工程师【矿山机械】,企业职位,某知名公司,1-49人,,武汉,台州,大专,5-10年,15-20k,,,,https://www.liepin.com/a/74149173.shtml,20260609090345,,,,
7161,猎聘,能源/化工/环保,矿山,矿山设备技术总监,企业职位,某国内机械/设备公司,100-499人,,武汉,杭州,统招本科,10年以上,55-75k,,,,https://www.liepin.com/a/74731747.shtml,20260416160818,,,,
7162,猎聘,能源/化工/环保,矿山,砂石骨料系统运行管理（矿山项目）,企业职位,中国电建集团华东院,5000-10000人,,武汉,温州-永嘉县,本科,2年以上,10-13k,,,,https://www.liepin.com/job/1962537605.shtml,20260529160733,,,,
7163,猎聘,能源/化工/环保,矿山,机械设计工程师（矿山机械、浮选机搅拌设备),企业职位,某国内机械/设备公司,100-499人,,武汉,绍兴,大专,1-3年,20-30k,,,,https://www.liepin.com/a/75719129.shtml,20260608165720,,,,
7164,猎聘,能源/化工/环保,矿山,自动化工程师（矿山智能化）,企业职位,卧龙集团,10000人以上,,武汉,绍兴-上虞区,统招本科,1年以上,12-30k·13薪,,,,https://www.liepin.com/job/1981987199.shtml,20260422134003,,,,
7165,猎聘,能源/化工/环保,矿山,海外矿山项目经理,企业职位,浙江省高能爆破工程有限公司,100-499人,,武汉,杭州-西湖区,本科,10年以上,80-110k,,,,https://www.liepin.com/job/1979611983.shtml,20260107162758,,,,
7166,猎聘,能源/化工/环保,矿山,矿山地质工程师（印尼氧化铝）,企业职位,吉利科技集团有限公司,2000-5000人,,武汉,杭州-滨江区,本科,5年以上,薪资面议,,,,https://www.liepin.com/job/1972344231.shtml,20260228095756,,,,
7167,猎聘,能源/化工/环保,矿山,矿山安全资料员,企业职位,南京安吉特矿山工程有限公司温州分公司,1-49人,,武汉,温州-洞头区,大专,经验不限,6-7k,,,,https://www.liepin.com/job/1983011313.shtml,20260531143258,,,,
7168,猎聘,能源/化工/环保,矿山,矿山充填技术管理,企业职位,金石资源集团股份有限公司,500-999人,,武汉,杭州-西湖区,大专,5年以上,15-22k,,,,https://www.liepin.com/job/1975503559.shtml,20260601103253,,,,
7169,猎聘,能源/化工/环保,矿山,冶金行业解决方案经理（有色金属/矿山行业）,企业职位,中控技术,5000-10000人,,武汉,杭州-滨江区,本科,3-5年,15-25k,,,,https://www.liepin.com/job/1981344309.shtml,20260513112441,,,,
7170,猎聘,能源/化工/环保,矿山,销售经理-矿山方向,企业职位,卧龙集团,10000人以上,,武汉,绍兴-上虞区,本科,1-3年,15-20k·13薪,,,,https://www.liepin.com/job/1981289649.shtml,20260601125603,,,,
7171,猎聘,能源/化工/环保,矿山,销售工程师（矿山电机、电气配套方向）,企业职位,卧龙集团,10000人以上,,武汉,绍兴-上虞区,统招本科,2年以上,15-23k·13薪,,,,https://www.liepin.com/job/1981744079.shtml,20260601125556,,,,
7172,猎聘,能源/化工/环保,矿山,矿山行业解决方案总监,企业职位,中控技术,5000-10000人,,武汉,杭州-滨江区,本科,5-10年,15-25k,,,,https://www.liepin.com/job/1981833133.shtml,20260416165745,,,,
7173,猎聘,能源/化工/环保,矿山,矿山安全工程师,企业职位,某知名公司,1-49人,,武汉,温州,大专,3-5年,12-14k,,,,https://www.liepin.com/a/75965077.shtml,20260609083017,,,,
7174,猎聘,能源/化工/环保,矿山,销售工程师（矿山电机电气配套）,企业职位,卧龙集团,10000人以上,,武汉,绍兴-上虞区,统招本科,2年以上,12-30k·13薪,,,,https://www.liepin.com/job/1981987829.shtml,20260422134812,,,,
7175,猎聘,能源/化工/环保,矿山,矿山行业大客户总监,企业职位,中控技术,5000-10000人,,武汉,杭州-滨江区,本科,5-10年,15-25k,,,,https://www.liepin.com/job/1981833673.shtml,20260416170630,,,,
7176,猎聘,能源/化工/环保,矿山,矿山设备材料专家/工程师(破碎机、球磨机等）,企业职位,河北澳金机械设备有限公司,100-499人,,武汉,杭州-滨江区,统招本科,10年以上,20-40k,,,,https://www.liepin.com/job/1981729741.shtml,20260522172600,,,,
7177,猎聘,能源/化工/环保,矿山,矿山设备材料工程师-W(A54795),企业职位,河北澳金机械设备有限公司,100-499人,,武汉,杭州-滨江区,本科,10年以上,15-30k,,,,https://www.liepin.com/job/1983165723.shtml,20260604174101,,,,
7178,猎聘,能源/化工/环保,矿山,采购经理（矿山设备方向）,企业职位,华友钴业,10000人以上,,武汉,嘉兴-桐乡,大专,3-5年,15-30k,,,,https://www.liepin.com/job/1973795639.shtml,20260422074318,,,,
7179,猎聘,能源/化工/环保,矿山,矿山五职,企业职位,某深圳计算机软件公司,1-49人,,武汉,杭州,大专,5-10年,15-16k,,,,https://www.liepin.com/a/73556185.shtml,20260318154404,,,,
7180,猎聘,能源/化工/环保,矿山,矿山机电经理（乙方）,企业职位,浙江省高能爆破工程有限公司,100-499人,,武汉,杭州-西湖区,大专,5年以上,30-60k,,,,https://www.liepin.com/job/1979695531.shtml,20260112142406,,,,
7181,猎聘,能源/化工/环保,矿山,矿山行业解决方案总监,企业职位,中控技术,5000-10000人,,武汉,杭州-滨江区,本科,5年以上,15-25k·15薪,,,,https://www.liepin.com/job/1978801517.shtml,20260210134249,,,,
7182,猎聘,能源/化工/环保,矿山,销售工程师（矿山电机电气配套）,企业职位,某深圳知名公司,500-999人,,武汉,绍兴-上虞区,统招本科,1-3年,17-25k,,,,https://www.liepin.com/a/76549581.shtml,20260608204255,,,,
7183,猎聘,能源/化工/环保,矿山,矿山项目总经理,企业职位,工企环保,500-999人,,武汉,杭州-富阳区,本科,10年以上,50-70k,,,,https://www.liepin.com/job/1981878525.shtml,20260418145722,,,,
7184,猎聘,能源/化工/环保,矿山,机械结构工程师（矿山机械、浮选设备）,企业职位,某国内机械/设备公司,100-499人,,武汉,绍兴,本科,5-10年,11-22k,,,,https://www.liepin.com/a/75719443.shtml,20260609164352,,,,
7185,猎聘,能源/化工/环保,矿山,注册安全工程师（金属非金属矿山）,企业职位,浙江宝树建设集团有限公司,500-999人,,武汉,温州-苍南县,大专,3-5年,12-16k,,,,https://www.liepin.com/job/1961342003.shtml,20230906233515,,,,
7186,猎聘,能源/化工/环保,矿山,矿山项目总工,企业职位,某知名公司,1-49人,,武汉,温州,统招本科,5年以上,15-25k,,,,https://www.liepin.com/a/75840703.shtml,20260520083104,,,,
7187,猎聘,能源/化工/环保,矿山,矿山安全工程师,企业职位,金石资源集团股份有限公司,500-999人,,武汉,杭州-西湖区,本科,5-10年,12-20k,,,,https://www.liepin.com/job/1956682353.shtml,20260128103510,,,,
7188,猎聘,能源/化工/环保,矿山,矿山集团安全部长,企业职位,金石资源集团股份有限公司,500-999人,,武汉,杭州-西湖区,本科,10年以上,18-30k,,,,https://www.liepin.com/job/1942101693.shtml,20260128103510,,,,
7189,猎聘,能源/化工/环保,矿山,地质工程师（矿山勘探）,企业职位,工企环保,500-999人,,武汉,杭州-富阳区,大专,5年以上,15-25k,,,,https://www.liepin.com/job/1982972985.shtml,20260608163337,,,,
7190,猎聘,能源/化工/环保,矿山,油气/矿山/新能源/电力 行业销售经理,企业职位,中控技术,5000-10000人,,武汉,杭州-滨江区,本科,2年以上,15-35k,,,,https://www.liepin.com/job/1981338903.shtml,20260408105100,,,,
7191,猎聘,能源/化工/环保,矿山,矿山安全员,企业职位,青山钢铁,100-499人,,武汉,丽水-青田县,大专,经验不限,5-7k·13薪,,,,https://www.liepin.com/job/1968910897.shtml,20240808142243,,,,
7192,猎聘,能源/化工/环保,矿山,机械设计工程师【矿山机械、建筑机械、机床等领域优先】,企业职位,某知名公司,1-49人,,武汉,台州-温岭,大专,5-10年,15-20k,,,,https://www.liepin.com/a/74416835.shtml,20260609103536,,,,
7193,猎聘,能源/化工/环保,矿山,矿山通风安全工程师,企业职位,金石资源集团股份有限公司,500-999人,,武汉,杭州-西湖区,大专,5-10年,10-15k,,,,https://www.liepin.com/job/1972976299.shtml,20260128103500,,,,
7194,猎聘,能源/化工/环保,矿山,冶金行业大客户经理（钢铁/有色/矿山）,企业职位,中控技术,5000-10000人,,武汉,杭州-滨江区,本科,2年以上,15-25k·14薪,,,,https://www.liepin.com/job/1981340679.shtml,20260513112444,,,,
7195,猎聘,能源/化工/环保,矿山,冶金行业解决方案经理（有色金属/矿山行业）,企业职位,中控技术,5000-10000人,,武汉,杭州-滨江区,本科,3年以上,15-25k·20薪,,,,https://www.liepin.com/job/1979914139.shtml,20260417103847,,,,
7196,猎聘,能源/化工/环保,矿山,矿山设备材料专家（base杭州/上海都可以）,企业职位,某国内机械/设备公司,100-499人,,武汉,杭州,统招本科,10年以上,35-55k·15薪,,,,https://www.liepin.com/a/75098411.shtml,20260427150506,,,,
7197,猎聘,能源/化工/环保,矿山,工程机械设计工程师（矿山车辆）,企业职位,某国内大型房地产开发经营公司,500-999人,,武汉,衢州,大专,3年以上,15-25k·16薪,,,,https://www.liepin.com/a/74177483.shtml,20260402105157,,,,
7198,猎聘,能源/化工/环保,矿山,海外矿山项目经理,企业职位,珂瑞康生物,100-499人,,武汉,杭州-西湖区,大专,10年以上,50-80k,,,,https://www.liepin.com/job/1974375361.shtml,20260107140531,,,,
7199,猎聘,能源/化工/环保,矿山,安全台账管理（露天矿山）,企业职位,国贸股份,2000-5000人,,武汉,宁波-北仑区,大专,3-5年,8-12k,,,,https://www.liepin.com/job/1958656001.shtml,20230518134417,,,,
7200,猎聘,能源/化工/环保,矿山,矿山安全总监,企业职位,缙云县鼎成矿业有限公司,50-99人,,武汉,丽水-缙云县,大专,3-5年,12-15k,,,,https://www.liepin.com/job/1957229183.shtml,20230710145809,,,,
7201,猎聘,能源/化工/环保,矿山,高级矿山机械工程师,企业职位,杭州山虎机械有限公司,100-499人,,武汉,杭州-余杭区,本科,经验不限,10-15k,,,,https://www.liepin.com/job/1954202355.shtml,20221121200726,,,,
7202,猎聘,能源/化工/环保,矿山,矿山机械工程师,企业职位,杭州山虎机械有限公司,100-499人,,武汉,杭州-余杭区,本科,经验不限,10-15k,,,,https://www.liepin.com/job/1944398601.shtml,20220106154108,,,,
7203,猎聘,能源/化工/环保,矿山,矿山测量工程师,企业职位,工企环保,500-999人,,武汉,杭州-富阳区,大专,3年以上,12-20k,,,,https://www.liepin.com/job/1982893885.shtml,20260608163337,,,,
7204,猎聘,能源/化工/环保,矿山,真空皮带机设计师（矿山冶金行业）,企业职位,浙江德创环保,1000-2000人,,武汉,绍兴-越城区,本科,3年以上,8-15k,,,,https://www.liepin.com/job/1981813547.shtml,20260416110015,,,,
7205,猎聘,能源/化工/环保,矿山,矿山设备材料工程师,企业职位,某国内机械/设备公司,100-499人,,武汉,杭州,大专,5年以上,20-30k,,,,https://www.liepin.com/a/74731577.shtml,20260416160626,,,,
7206,猎聘,能源/化工/环保,矿山,矿山技术负责人,企业职位,某知名公司,50-99人,,武汉,舟山,大专,5-10年,25-29k,,,,https://www.liepin.com/a/75578885.shtml,20260522091026,,,,
7207,猎聘,能源/化工/环保,矿山,矿山设备材料工程师/专家,企业职位,河北澳金机械设备有限公司,100-499人,,武汉,杭州-滨江区,本科,10年以上,25-40k,,,,https://www.liepin.com/job/1981861511.shtml,20260417152558,,,,
7208,猎聘,能源/化工/环保,矿山,矿山冶金设备技术员,企业职位,浙江德创环保,1000-2000人,,武汉,绍兴-越城区,本科,5-10年,10-25k,,,,https://www.liepin.com/job/1981874251.shtml,20260418093255,,,,
7209,猎聘,能源/化工/环保,矿山,矿山开采、砂石骨料加工系统设计工程师,企业职位,中国电建集团华东院,5000-10000人,,武汉,杭州-余杭区,本科,3-5年,6-15k,,,,https://www.liepin.com/job/1934079169.shtml,20260309113508,,,,
7210,猎聘,能源/化工/环保,矿山,冶金行业解决方案经理（有色金属/矿山行业）,企业职位,中控技术,5000-10000人,,武汉,杭州-滨江区,本科,3年以上,15-20k·15薪,,,,https://www.liepin.com/job/1979912129.shtml,20260210133908,,,,
7211,猎聘,能源/化工/环保,矿山,注册安全（矿山）工程师,企业职位,某知名公司,1-49人,,武汉,温州,大专,经验不限,10-11k,,,,https://www.liepin.com/a/74185479.shtml,20260520083104,,,,
7212,猎聘,能源/化工/环保,矿山,矿山行业解决方案经理,企业职位,中控技术,5000-10000人,,武汉,杭州-滨江区,本科,3年以上,15-35k,,,,https://www.liepin.com/job/1981344819.shtml,20260330134613,,,,
7213,猎聘,能源/化工/环保,矿山,冶金行业解决方案经理（有色金属/矿山行业）,企业职位,中控技术,5000-10000人,,武汉,杭州-滨江区,本科,3年以上,12-22k·14薪,,,,https://www.liepin.com/job/1980741511.shtml,20260309094700,,,,
7214,猎聘,能源/化工/环保,矿山,元素分析大客户经理-发电、矿山、煤炭（全国base）,企业职位,聚光科技,5000-10000人,,武汉,杭州-滨江区,本科,3年以上,10-15k,,,,https://www.liepin.com/job/1973490875.shtml,20250329122414,,,,
7215,猎聘,能源/化工/环保,矿山,矿山项目管理,企业职位,浙江升华德沣投资有限公司,100-499人,,武汉,湖州-德清县,大专,5-10年,10-20k,,,,https://www.liepin.com/job/1965785195.shtml,20240807143101,,,,
7216,猎聘,能源/化工/环保,矿山,冶金行业大客户经理（钢铁/有色/矿山）,企业职位,中控技术,5000-10000人,,武汉,杭州-滨江区,本科,3-5年,15-25k·20薪,,,,https://www.liepin.com/job/1979913481.shtml,20260420154201,,,,
7217,猎聘,能源/化工/环保,矿山,合同管理（矿山项目）,企业职位,中国电建集团华东院,5000-10000人,,武汉,温州-永嘉县,统招本科,3-5年,6-15k,,,,https://www.liepin.com/job/1962375961.shtml,20260228115414,,,,
7218,猎聘,能源/化工/环保,矿山,冶金行业大客户经理（钢铁/有色/矿山）,企业职位,中控技术,5000-10000人,,武汉,杭州-滨江区,本科,2年以上,15-25k·20薪,,,,https://www.liepin.com/job/1979912015.shtml,20260210134107,,,,
7219,猎聘,能源/化工/环保,矿山,矿山公司总经理,企业职位,金石资源集团股份有限公司,500-999人,,武汉,衢州,统招本科,5-10年,25-35k,,,,https://www.liepin.com/job/1931427985.shtml,20260128103510,,,,
7220,猎聘,能源/化工/环保,矿山,矿山机械海外销售,企业职位,开山集团股份有限公司,500-999人,,武汉,衢州,本科,3-5年,13-25k,,,,https://www.liepin.com/job/1971172911.shtml,20260126145732,,,,
7221,猎聘,能源/化工/环保,矿山,冶金行业大客户经理（钢铁/有色/矿山）,企业职位,中控技术,5000-10000人,,武汉,杭州-滨江区,本科,2年以上,12-22k·14薪,,,,https://www.liepin.com/job/1980741455.shtml,20260309094605,,,,
7222,猎聘,能源/化工/环保,矿山,风控法务专家,企业职位,浙江交通资源投资集团有限公司,500-999人,,武汉,杭州-上城区,统招本科,5年以上,薪资面议,,,,https://www.liepin.com/job/1982571183.shtml,20260515140442,,,,
7223,猎聘,能源/化工/环保,矿山,仓储物流负责人 (MJ001494),企业职位,力勤资源,10000人以上,,武汉,宁波-鄞州区,本科,8年以上,25-35k,,,,https://www.liepin.com/job/1982482575.shtml,20260515172402,,,,
7224,猎聘,能源/化工/环保,矿山,电气负责人 (MJ001492),企业职位,力勤资源,10000人以上,,武汉,宁波-鄞州区,本科,10年以上,45-60k,,,,https://www.liepin.com/job/1982484123.shtml,20260513093826,,,,
7225,猎聘,能源/化工/环保,矿山,技术专家（破碎筛分方向）,企业职位,某国内机械/设备公司,100-499人,,武汉,杭州,学历不限,5年以上,20-40k·13薪,,,,https://www.liepin.com/a/74760031.shtml,20260609113819,,,,
7226,猎聘,能源/化工/环保,矿山,选矿工程师,企业职位,某大型知名矿产开采公司,2000-5000人,,武汉,杭州,本科,5年以上,25-50k,,,,https://www.liepin.com/a/76178149.shtml,20260609165413,,,,
7227,猎聘,能源/化工/环保,矿山,露天采矿工程师,企业职位,爱妻能源(宁波)有限公司,1-49人,,武汉,宁波-鄞州区,大专,3年以上,20-25k,,,,https://www.liepin.com/job/1983155673.shtml,20260604151743,,,,
7228,猎聘,能源/化工/环保,矿山,首席地质师,企业职位,某知名公司,500-999人,,武汉,杭州,统招本科,10年以上,40-70k,,,,https://www.liepin.com/a/76301135.shtml,20260602140052,,,,
7229,猎聘,能源/化工/环保,矿山,采矿副总经理,企业职位,工企环保,500-999人,,武汉,杭州-富阳区,本科,10年以上,35-50k,,,,https://www.liepin.com/job/1975277145.shtml,20260525104650,,,,
7230,猎聘,能源/化工/环保,矿山,设备采购经理,企业职位,某上海专业技术服务公司,50-99人,,武汉,嘉兴,本科,10年以上,20-28k·16薪,,,,https://www.liepin.com/a/75999913.shtml,20260525104620,,,,
7231,猎聘,能源/化工/环保,矿山,采矿/选矿厂长/工程师,企业职位,工企环保,500-999人,,武汉,杭州-富阳区,大专,8年以上,20-30k,,,,https://www.liepin.com/job/1975491303.shtml,20260525104650,,,,
7232,猎聘,能源/化工/环保,矿山,地下区域销售经理/总监（北方）,企业职位,浙江志高机械股份有限公司,500-999人,,武汉,衢州-衢江区,本科,5年以上,10-30k,,,,https://www.liepin.com/job/1980215423.shtml,20260525130106,,,,
7233,猎聘,能源/化工/环保,矿山,技术专家（破碎筛分方向）,企业职位,河北澳金机械设备有限公司,100-499人,,武汉,杭州-滨江区,统招本科,5-10年,20-40k,,,,https://www.liepin.com/job/1981707441.shtml,20260522172619,,,,
7234,猎聘,能源/化工/环保,矿山,供应商质量管理总监（监造方向）,企业职位,华友钴业,10000人以上,,武汉,嘉兴-桐乡,大专,10年以上,25-40k,,,,https://www.liepin.com/job/1982621589.shtml,20260519090454,,,,
7235,猎聘,能源/化工/环保,矿山,球磨机技术专家,企业职位,河北澳金机械设备有限公司,100-499人,,武汉,杭州-滨江区,统招本科,5-10年,20-35k,,,,https://www.liepin.com/job/1981735631.shtml,20260522173022,,,,
7236,猎聘,能源/化工/环保,矿山,安环部长,企业职位,某国内环保上市公司,10000人以上,,武汉,嘉兴,学历不限,5-10年,50-65k,,,,https://www.liepin.com/a/76272001.shtml,20260601163633,,,,
7237,猎聘,能源/化工/环保,矿山,铁矿石大宗贸易驻外储备人才,企业职位,浙江优矿进出口有限公司,1-49人,,武汉,杭州-上城区,统招本科,1-3年,10-30k,,,,https://www.liepin.com/job/1983020009.shtml,20260601105333,,,,
7238,猎聘,能源/化工/环保,矿山,资深产品经理,企业职位,罗博网联信息技术有限公司,100-499人,,武汉,杭州-余杭区,本科,5年以上,25-50k·14薪,,,,https://www.liepin.com/job/1982961805.shtml,20260528174753,,,,
7239,猎聘,能源/化工/环保,矿山,渠道销售总监,企业职位,某西安人力资源服务公司,100-499人,,武汉,杭州,本科,5-10年,25-35k,,,,https://www.liepin.com/a/75522147.shtml,20260603095059,,,,
7240,猎聘,能源/化工/环保,矿山,浙江国企单位招聘采矿/地质/测量/机电技术员,企业职位,某知名公司,50-99人,,武汉,杭州,学历不限,1-3年,8-9k,,,,https://www.liepin.com/a/75212893.shtml,20260514165102,,,,
7241,猎聘,能源/化工/环保,矿山,首席地质师,企业职位,某杭州大型培训服务公司,10000人以上,,武汉,杭州,统招本科,10年以上,30-60k·15薪,,,,https://www.liepin.com/a/76309453.shtml,20260602135640,,,,
7242,猎聘,能源/化工/环保,矿山,设备采购经理,企业职位,某国内环保上市公司,10000人以上,,武汉,嘉兴-桐乡,大专,5-10年,15-30k,,,,https://www.liepin.com/a/74915657.shtml,20260608090827,,,,
7243,猎聘,能源/化工/环保,矿山,自动驾驶方案开发工程师,企业职位,某杭州电力/热力/燃气/水务公司,100-499人,,武汉,杭州,本科,5-10年,29-55k,,,,https://www.liepin.com/a/75757797.shtml,20260518105104,,,,
7244,猎聘,能源/化工/环保,矿山,销售运营经理,企业职位,河北澳金机械设备有限公司,100-499人,,武汉,杭州-滨江区,本科,5-10年,30-50k,,,,https://www.liepin.com/job/1981751299.shtml,20260414152913,,,,
7245,猎聘,能源/化工/环保,矿山,地质工程师,企业职位,某宁波矿产开采公司,1-49人,,武汉,宁波,学历不限,5-10年,30-45k,,,,https://www.liepin.com/a/75561253.shtml,20260603141015,,,,
7246,猎聘,能源/化工/环保,矿山,采矿负责人 (MJ001480),企业职位,力勤资源,10000人以上,,武汉,宁波-鄞州区,本科,10年以上,50-70k,,,,https://www.liepin.com/job/1982484597.shtml,20260513094615,,,,
7247,猎聘,能源/化工/环保,矿山,矿业部业务开发专员,企业职位,爱森(中国)絮凝剂有限公司,500-999人,,武汉,嘉兴-南湖区,本科,经验不限,7-8k·13薪,,,,https://www.liepin.com/job/1978054005.shtml,20260609102530,,,,
7248,猎聘,能源/化工/环保,矿山,自动化控制工程师,企业职位,某国内机械/设备公司,100-499人,,武汉,衢州-柯城区,博士,经验不限,26-50k,,,,https://www.liepin.com/a/74877079.shtml,20260609090635,,,,
7249,猎聘,能源/化工/环保,矿山,萤石精粉销售经理,企业职位,某知名公司,500-999人,,武汉,杭州-西湖区,统招本科,经验不限,25-30k·15薪,,,,https://www.liepin.com/a/73415077.shtml,20260609093813,,,,
7250,猎聘,能源/化工/环保,矿山,设备采购经理,企业职位,某国内知名公司,10000人以上,,武汉,嘉兴-桐乡,大专,5-10年,15-30k,,,,https://www.liepin.com/a/73850783.shtml,20260609090128,,,,
7251,猎聘,能源/化工/环保,矿山,招聘经理,企业职位,河北澳金机械设备有限公司,100-499人,,武汉,杭州-滨江区,本科,3年以上,15-25k,,,,https://www.liepin.com/job/1982181095.shtml,20260429105231,,,,
7252,猎聘,能源/化工/环保,矿山,自动驾驶方案开发工程师岗位,企业职位,某杭州电力/热力/燃气/水务公司,100-499人,,武汉,杭州,统招本科,5年以上,30-60k,,,,https://www.liepin.com/a/75695901.shtml,20260601144843,,,,
7253,猎聘,能源/化工/环保,矿山,技术总监（选矿设备）-T,企业职位,河北澳金机械设备有限公司,100-499人,,武汉,杭州-滨江区,统招本科,5年以上,25-50k,,,,https://www.liepin.com/job/1982785111.shtml,20260522172954,,,,
7254,猎聘,能源/化工/环保,矿山,安全经理,企业职位,某国内机械/设备公司,100-499人,,武汉,嘉兴-桐乡,本科,10年以上,20-30k,,,,https://www.liepin.com/a/76073119.shtml,20260608153224,,,,
7255,猎聘,能源/化工/环保,矿山,安环总监,企业职位,某国内矿产开采上市公司,10000人以上,,武汉,杭州,学历不限,经验不限,50-70k,,,,https://www.liepin.com/a/75653735.shtml,20260514094854,,,,
7256,猎聘,能源/化工/环保,矿山,高级地质师,企业职位,浙江交通集团,10000人以上,,武汉,杭州-上城区,本科,10年以上,30-50k,,,,https://www.liepin.com/job/1982951531.shtml,20260528144629,,,,
7257,猎聘,能源/化工/环保,矿山,金矿子公司高管,企业职位,工企环保,500-999人,,武汉,杭州-富阳区,大专,8年以上,30-50k,,,,https://www.liepin.com/job/1979542349.shtml,20260525104650,,,,
7258,猎聘,能源/化工/环保,矿山,某400亿营收大型装备制造业-全球风控专家,企业职位,某知名机械/设备上市公司,10000人以上,,武汉,杭州,统招本科,5-10年,35-55k,,,,https://www.liepin.com/a/76050609.shtml,20260526104045,,,,
7259,猎聘,能源/化工/环保,矿山,测量技术员,企业职位,某知名公司,100-499人,,武汉,杭州,大专,3-5年,8-10k,,,,https://www.liepin.com/a/75210709.shtml,20260511101824,,,,
7260,猎聘,能源/化工/环保,矿山,安环部长-海外,企业职位,某知名上市公司,10000人以上,,武汉,杭州,学历不限,10年以上,50-70k,,,,https://www.liepin.com/a/75586127.shtml,20260609133706,,,,
7261,猎聘,能源/化工/环保,矿山,安环部长（冶金-矿业-熟悉冶金冶炼行业EHS管理-英语加分）,企业职位,某国内环保上市公司,10000人以上,,武汉,嘉兴,大专,10年以上,45-65k,,,,https://www.liepin.com/a/75604831.shtml,20260609103806,,,,
7262,猎聘,能源/化工/环保,矿山,地质工程师（海外）,企业职位,某国内矿产开采上市公司,5000-10000人,,武汉,温州,本科,5-10年,40-55k,,,,https://www.liepin.com/a/75008101.shtml,20260609104607,,,,
7263,猎聘,能源/化工/环保,矿山,技术调试工程师,企业职位,杭州普鹤科技有限公司,1-49人,,武汉,杭州-余杭区,本科,经验不限,7-12k,,,,https://www.liepin.com/job/1964766581.shtml,20260525135445,,,,
7264,猎聘,能源/化工/环保,矿山,施工项目经理,企业职位,某长沙矿产开采公司,100-499人,,武汉,杭州,统招本科,10年以上,23-26k,,,,https://www.liepin.com/a/76145429.shtml,20260609093522,,,,
7265,猎聘,能源/化工/环保,矿山,外贸业务员,企业职位,杭州姚鹏贸易有限公司,1-49人,,武汉,杭州-西湖区,本科,3年以上,10-20k·13薪,,,,https://www.liepin.com/job/1982915875.shtml,20260527152628,,,,
7266,猎聘,能源/化工/环保,矿山,区域销售经理（北京/天津/河北/山西/内蒙古）,企业职位,台邦集团,1000-2000人,,武汉,温州-乐清,学历不限,1-3年,8-20k,,,,https://www.liepin.com/job/1983002559.shtml,20260601110545,,,,
7267,猎聘,能源/化工/环保,矿山,采矿专家,企业职位,某国内矿产开采上市公司,10000人以上,,武汉,杭州,统招本科,10年以上,50-80k·15薪,,,,https://www.liepin.com/a/73320655.shtml,20260606161945,,,,
7268,猎聘,能源/化工/环保,矿山,非道路新能源动力系统产品规划专家,企业职位,吉利远程新能源商用车,10000人以上,,武汉,杭州-滨江区,硕士,10年以上,30-60k·15薪,,,,https://www.liepin.com/job/1982417361.shtml,20260528141550,,,,
7269,猎聘,能源/化工/环保,矿山,矿产资源高级专家,企业职位,浙江交通资源投资集团有限公司,500-999人,,武汉,杭州-上城区,本科,10年以上,薪资面议,,,,https://www.liepin.com/job/1982958963.shtml,20260528165033,,,,
7270,猎聘,能源/化工/环保,矿山,化工行业大客户销售（浙江、福建、江西）,企业职位,某深圳大型工业自动化公司,10000人以上,,武汉,宁波,学历不限,1-3年,16-22k·16薪,,,,https://www.liepin.com/a/73250477.shtml,20260609192448,,,,
7271,猎聘,能源/化工/环保,矿山,高级采矿工程师,企业职位,福建中爆企业管理服务有限公司,,,武汉,宁波-鄞州区,大专,5-10年,15-16k,,,,https://www.liepin.com/job/1982687269.shtml,20260601144733,,,,
7272,猎聘,能源/化工/环保,矿山,区域营销总监（具身智能方向）-国企背景诚聘,企业职位,八维通,100-499人,,武汉,杭州-余杭区,大专,7年以上,15-30k,,,,https://www.liepin.com/job/1979744033.shtml,20260520123116,,,,
7273,猎聘,能源/化工/环保,矿山,自动驾驶方案开发工程师,企业职位,某杭州电力/热力/燃气/水务公司,100-499人,,武汉,杭州,统招本科,5-10年,30-40k,,,,https://www.liepin.com/a/75512123.shtml,20260609134931,,,,
7274,猎聘,能源/化工/环保,矿山,选矿主管工程师,企业职位,某国内知名公司,10000人以上,,武汉,嘉兴,本科,5-10年,35-45k·13薪,,,,https://www.liepin.com/a/73814229.shtml,20260608093054,,,,
7275,猎聘,能源/化工/环保,矿山,技术销售（萤石精粉）,企业职位,某知名公司,500-999人,,武汉,杭州-西湖区,统招本科,5-10年,15-20k·16薪,,,,https://www.liepin.com/a/73415231.shtml,20260609093813,,,,
7276,猎聘,能源/化工/环保,矿山,海外销售（驻澳大利亚）,企业职位,河北澳金机械设备有限公司,100-499人,,武汉,杭州-滨江区,本科,1年以上,12-20k,,,,https://www.liepin.com/job/1981732747.shtml,20260414101716,,,,
7277,猎聘,能源/化工/环保,矿山,销售运营经理-T,企业职位,河北澳金机械设备有限公司,100-499人,,武汉,杭州-滨江区,统招本科,5-10年,25-35k,,,,https://www.liepin.com/job/1982320695.shtml,20260522173106,,,,
7278,猎聘,能源/化工/环保,矿山,机械采购工程师,企业职位,能欣投资,100-499人,,武汉,杭州-上城区,大专,3年以上,9-12k,,,,https://www.liepin.com/job/1982629229.shtml,20260518165611,,,,
7279,猎聘,能源/化工/环保,矿山,采矿工程师【国企，甲方  五险一金 非金属】,企业职位,某国内人力资源服务公司,50-99人,,武汉,台州,大专,3-5年,16-17k,,,,https://www.liepin.com/a/75682471.shtml,20260514162739,,,,
7280,猎聘,能源/化工/环保,矿山,锂矿业务经理,企业职位,浙商中拓,2000-5000人,,武汉,杭州-萧山区,本科,3年以上,10-15k·14薪,,,,https://www.liepin.com/job/1983157551.shtml,20260604154223,,,,
7281,猎聘,能源/化工/环保,矿山,注册安全工程师,企业职位,广东中爆企业管理服务有限公司,50-99人,,武汉,舟山,学历不限,经验不限,15-16k,,,,https://www.liepin.com/job/1981481521.shtml,20260520162751,,,,
7282,猎聘,能源/化工/环保,矿山,地质技术员,企业职位,某知名公司,100-499人,,武汉,杭州,大专,3-5年,8-10k,,,,https://www.liepin.com/a/75210655.shtml,20260511101824,,,,
7283,猎聘,能源/化工/环保,矿山,机械制图员,企业职位,能欣投资,100-499人,,武汉,杭州-上城区,大专,3-5年,8-10k,,,,https://www.liepin.com/job/1982629057.shtml,20260518165358,,,,
7284,猎聘,能源/化工/环保,矿山,安环总监,企业职位,某国内矿产开采上市公司,10000人以上,,武汉,杭州,学历不限,经验不限,50-70k,,,,https://www.liepin.com/a/76424809.shtml,20260604170033,,,,
7285,猎聘,能源/化工/环保,矿山,售前技术经理,企业职位,某国内机械/设备公司,100-499人,,武汉,杭州,大专,5年以上,30-40k,,,,https://www.liepin.com/a/74729289.shtml,20260416153822,,,,
7286,猎聘,能源/化工/环保,矿山,地下销售经理,企业职位,浙江志高机械股份有限公司,500-999人,,武汉,衢州,大专,3年以上,7-15k,,,,https://www.liepin.com/job/1975865729.shtml,20260525130106,,,,
7287,猎聘,能源/化工/环保,矿山,职能岗-法语西语/俄语,企业职位,某大型知名矿产开采公司,2000-5000人,,武汉,杭州,学历不限,经验不限,30-60k,,,,https://www.liepin.com/a/76179453.shtml,20260609165413,,,,
7288,猎聘,能源/化工/环保,矿山,采矿专家,企业职位,浙江交通资源投资集团有限公司,500-999人,,武汉,杭州-上城区,硕士,10年以上,薪资面议,,,,https://www.liepin.com/job/1979697149.shtml,20260316091845,,,,
7289,猎聘,能源/化工/环保,矿山,南美市场销售总监(工业AI/自动化),企业职位,某杭州仪器仪表上市公司,5000-10000人,,武汉,杭州,统招本科,5年以上,50-80k,,,,https://www.liepin.com/a/76230767.shtml,20260609085357,,,,
7290,猎聘,能源/化工/环保,矿山,机电技术员,企业职位,某知名公司,100-499人,,武汉,杭州,大专,1-3年,8-10k,,,,https://www.liepin.com/a/75211331.shtml,20260511101824,,,,
7291,猎聘,能源/化工/环保,矿山,销售经理,企业职位,卧龙集团,10000人以上,,武汉,绍兴-上虞区,本科,1-3年,15-30k,,,,https://www.liepin.com/job/1981140691.shtml,20260323085644,,,,
7292,猎聘,能源/化工/环保,矿山,机械采购工程师,企业职位,能欣投资,100-499人,,武汉,金华-永康,大专,3年以上,9-12k,,,,https://www.liepin.com/job/1982629231.shtml,20260518165611,,,,
7293,猎聘,能源/化工/环保,矿山,首席地质师,企业职位,某杭州知名公司,10000人以上,,武汉,杭州,本科,10年以上,40-60k·15薪,,,,https://www.liepin.com/a/76177071.shtml,20260529100208,,,,
7294,猎聘,能源/化工/环保,矿山,地质工程师（金属矿）（非洲岗）,企业职位,某宁波大型房地产开发经营公司,10000人以上,,武汉,宁波,本科,5-10年,25-35k,,,,https://www.liepin.com/a/75804459.shtml,20260519101047,,,,
7295,猎聘,能源/化工/环保,矿山,俄语财务,企业职位,建辉矿建集团,1000-2000人,,武汉,杭州-西湖区,大专,1-3年,10-15k,,,,https://www.liepin.com/job/1982151529.shtml,20260609113104,,,,
7296,猎聘,能源/化工/环保,矿山,采矿选矿技术经理(011994),企业职位,华友钴业,10000人以上,,武汉,嘉兴-桐乡,硕士,8年以上,30-50k,,,,https://www.liepin.com/job/1980109047.shtml,20260604144758,,,,
7297,猎聘,能源/化工/环保,矿山,破碎筛分技术专家,企业职位,某国内机械/设备公司,100-499人,,武汉,杭州,大专,5年以上,25-35k,,,,https://www.liepin.com/a/74731919.shtml,20260416161017,,,,
7298,猎聘,能源/化工/环保,矿山,注册安全工程师,企业职位,某矿产开采公司,,,武汉,丽水,大专,5-10年,15-16k,,,,https://www.liepin.com/a/76266017.shtml,20260601152902,,,,
7299,猎聘,能源/化工/环保,矿山,生态修复工程师（杭州）,企业职位,北京江河惠远科技有限公司,100-499人,,武汉,杭州-上城区,大专,3年以上,9-18k,,,,https://www.liepin.com/job/1982856671.shtml,20260526095650,,,,
7300,猎聘,能源/化工/环保,矿山,海外销售经理,企业职位,某国内大型贸易进出口公司,500-999人,,武汉,杭州,学历不限,3-5年,11-21k,,,,https://www.liepin.com/a/75032739.shtml,20260424141635,,,,
7301,猎聘,能源/化工/环保,矿山,钻机设备销售总监,企业职位,某机械/设备公司,100-499人,,武汉,衢州,统招本科,5-10年,20-30k,,,,https://www.liepin.com/a/75836411.shtml,20260605094525,,,,
7302,猎聘,能源/化工/环保,矿山,待遇优~~机械工程师（浮选机、搅拌机）,企业职位,某国内金属制品公司,,,武汉,绍兴,学历不限,经验不限,15-25k,,,,https://www.liepin.com/a/75724897.shtml,20260609174720,,,,
7303,猎聘,能源/化工/环保,矿山,设备工程师,企业职位,力勤资源,10000人以上,,武汉,宁波-鄞州区,本科,10年以上,25-35k,,,,https://www.liepin.com/job/1982482847.shtml,20260515172357,,,,
7304,猎聘,能源/化工/环保,矿山,机电矿长,企业职位,某西安其他商务服务业公司,,,武汉,温州,学历不限,经验不限,18-20k,,,,https://www.liepin.com/a/73798415.shtml,20260324111055,,,,
7305,猎聘,能源/化工/环保,矿山,智能网联工程师,企业职位,某杭州电力/热力/燃气/水务公司,100-499人,,武汉,杭州-拱墅区,本科,5-10年,30-50k,,,,https://www.liepin.com/a/76116415.shtml,20260609165200,,,,
7306,猎聘,能源/化工/环保,矿山,大客户销售/行业解决方案专家,企业职位,某杭州互联网公司,100-499人,,武汉,杭州,统招本科,5-10年,15-25k,,,,https://www.liepin.com/a/73717323.shtml,20260603192602,,,,
7307,猎聘,能源/化工/环保,矿山,机械制图员,企业职位,能欣投资,100-499人,,武汉,金华-永康,大专,3-5年,8-10k,,,,https://www.liepin.com/job/1982629059.shtml,20260518165358,,,,
7308,猎聘,能源/化工/环保,矿山,安全矿长,企业职位,某知名公司,50-99人,,武汉,温州,本科,10年以上,22-25k,,,,https://www.liepin.com/a/73859419.shtml,20260507093807,,,,
7309,猎聘,能源/化工/环保,矿山,国际业务专员,企业职位,工企环保,500-999人,,武汉,杭州-富阳区,本科,3年以上,10-16k,,,,https://www.liepin.com/job/1980176595.shtml,20260525104650,,,,
7310,猎聘,能源/化工/环保,矿山,锂业务采购高级经理,企业职位,某国内环保上市公司,10000人以上,,武汉,嘉兴,统招本科,5年以上,25-50k,,,,https://www.liepin.com/a/76330669.shtml,20260602174820,,,,
7311,猎聘,能源/化工/环保,矿山,采矿负责人(苏丹),企业职位,某大型集团化公司,5000-10000人,,武汉,宁波,学历不限,10年以上,50-80k·15薪,,,,https://www.liepin.com/a/76181943.shtml,20260528184723,,,,
7312,猎聘,能源/化工/环保,矿山,地质工程师,企业职位,某西安人力资源服务公司,100-499人,,武汉,杭州,大专,3-5年,20-30k,,,,https://www.liepin.com/a/75387445.shtml,20260603095059,,,,
7313,猎聘,能源/化工/环保,矿山,选矿工程师,企业职位,工企环保,500-999人,,武汉,杭州-富阳区,大专,8年以上,15-23k,,,,https://www.liepin.com/job/1982293635.shtml,20260525104650,,,,
7314,猎聘,能源/化工/环保,矿山,区域销售经理（西南、西北、东北大区）,企业职位,某国内大型电气机械/器材公司,500-999人,,武汉,台州,大专,5-10年,12-24k,,,,https://www.liepin.com/a/73492225.shtml,20260608112703,,,,
7315,猎聘,能源/化工/环保,矿山,产品总监（8 年以上矿用大功率电机研发或项目管理经验，熟悉永磁电机全生命周期管理，有实操经历),企业职位,某国内机械/设备上市公司,1000-2000人,,武汉,绍兴-上虞区,本科,5-10年,35-45k·14薪,,,,https://www.liepin.com/a/74659007.shtml,20260608134249,,,,
7316,猎聘,能源/化工/环保,矿山,水利高级工程师,企业职位,某杭州大型电力/热力/燃气/水务公司,1000-2000人,,武汉,宁波,学历不限,3-5年,22-23k,,,,https://www.liepin.com/a/76382713.shtml,20260603184706,,,,
7317,猎聘,能源/化工/环保,矿山,地质工程师,企业职位,爱妻能源(宁波)有限公司,1-49人,,武汉,宁波-鄞州区,本科,3年以上,15-30k,,,,https://www.liepin.com/job/1983139073.shtml,20260604102114,,,,
7318,猎聘,能源/化工/环保,矿山,机电副矿长,企业职位,金石资源集团股份有限公司,500-999人,,武汉,丽水-遂昌县,大专,10年以上,15-22k,,,,https://www.liepin.com/job/1977628277.shtml,20260601103253,,,,
7319,猎聘,能源/化工/环保,矿山,安全员,企业职位,某国内其他商务服务业公司,1-49人,,武汉,台州,学历不限,经验不限,10-15k,,,,https://www.liepin.com/a/75766163.shtml,20260519140243,,,,
7320,猎聘,能源/化工/环保,矿山,铜铝国际业务经理(团队负责人),企业职位,某杭州大型贸易进出口公司,1000-2000人,,武汉,杭州,统招本科,10年以上,25-40k,,,,https://www.liepin.com/a/75581155.shtml,20260512160051,,,,
7321,猎聘,能源/化工/环保,矿山,矿权投资专家,企业职位,浙江交通资源投资集团有限公司,500-999人,,武汉,杭州-上城区,统招本科,8年以上,30-45k,,,,https://www.liepin.com/job/1976874291.shtml,20250901112222,,,,
7322,猎聘,能源/化工/环保,矿山,机械设计师,企业职位,能欣投资,100-499人,,武汉,金华-永康,大专,3-5年,8-10k,,,,https://www.liepin.com/job/1982616789.shtml,20260520104353,,,,
7323,猎聘,能源/化工/环保,矿山,矿长/副矿长,企业职位,金石资源集团股份有限公司,500-999人,,武汉,丽水-遂昌县,大专,10年以上,16-22k,,,,https://www.liepin.com/job/1970155907.shtml,20260601103253,,,,
7324,猎聘,能源/化工/环保,矿山,大客户总监（华东区域）,企业职位,某武汉电子/半导体/集成电路公司,100-499人,,武汉,宁波,统招本科,3-5年,15-25k,,,,https://www.liepin.com/a/74600719.shtml,20260528151135,,,,
7325,猎聘,能源/化工/环保,矿山,招标主任 (MJ001463),企业职位,力勤资源,10000人以上,,武汉,宁波-鄞州区,本科,5-10年,20-25k·13薪,,,,https://www.liepin.com/job/1982547287.shtml,20260514172138,,,,
7326,猎聘,能源/化工/环保,矿山,安全员,企业职位,某国内其他商务服务业公司,1-49人,,武汉,台州,大专,1-3年,15-16k,,,,https://www.liepin.com/a/75895405.shtml,20260609084038,,,,
7327,猎聘,能源/化工/环保,矿山,浙江单位招聘选矿技术顾问,企业职位,某国内咨询服务公司,50-99人,,武汉,金华,学历不限,经验不限,18-20k,,,,https://www.liepin.com/a/73223069.shtml,20260604085549,,,,
7328,猎聘,能源/化工/环保,矿山,安全经理,企业职位,华友钴业,10000人以上,,武汉,嘉兴-桐乡,大专,5年以上,45-60k,,,,https://www.liepin.com/job/1981736995.shtml,20260415102346,,,,
7329,猎聘,能源/化工/环保,矿山,地质工程师（海外）,企业职位,某国内大型专业技术服务公司,10000人以上,,武汉,温州,统招本科,5年以上,35-50k,,,,https://www.liepin.com/a/76105307.shtml,20260609142243,,,,
7330,猎聘,能源/化工/环保,矿山,高级采购专员,企业职位,某国内新能源公司,100-499人,,武汉,绍兴,统招本科,1-3年,20-30k,,,,https://www.liepin.com/a/75922113.shtml,20260521163839,,,,
7331,猎聘,能源/化工/环保,矿山,采矿工程师,企业职位,金石资源集团股份有限公司,500-999人,,武汉,金华-兰溪,大专,5-10年,15-25k,,,,https://www.liepin.com/job/1975503851.shtml,20260601103253,,,,
7332,猎聘,能源/化工/环保,矿山,真空带式过滤机技术,企业职位,浙江德创环保,1000-2000人,,武汉,绍兴-越城区,大专,3-5年,8-15k,,,,https://www.liepin.com/job/1982037725.shtml,20260423161349,,,,
7333,猎聘,能源/化工/环保,矿山,采矿工程师,企业职位,金石资源集团股份有限公司,500-999人,,武汉,杭州-西湖区,大专,3-5年,15-25k,,,,https://www.liepin.com/job/1942465285.shtml,20260601103253,,,,
7334,猎聘,能源/化工/环保,矿山,技术经理/产品行销经理,企业职位,河北澳金机械设备有限公司,100-499人,,武汉,杭州-滨江区,本科,5年以上,40-60k,,,,https://www.liepin.com/job/1978526563.shtml,20260311174215,,,,
7335,猎聘,能源/化工/环保,矿山,机械设计师,企业职位,能欣投资,100-499人,,武汉,杭州-上城区,大专,3-5年,8-10k,,,,https://www.liepin.com/job/1982616787.shtml,20260518143148,,,,
7336,猎聘,能源/化工/环保,矿山,销售经理,企业职位,罗博网联信息技术有限公司,100-499人,,武汉,杭州-余杭区,统招本科,经验不限,15-20k,,,,https://www.liepin.com/job/1982733137.shtml,20260521115155,,,,
7337,猎聘,能源/化工/环保,矿山,产品总监（矿用大功率永磁电机方向）,企业职位,卧龙集团,10000人以上,,武汉,绍兴-上虞区,博士,8年以上,30-50k·15薪,,,,https://www.liepin.com/job/1980602271.shtml,20260601125603,,,,
7338,猎聘,能源/化工/环保,矿山,大宗商品研究员,企业职位,浙江物产道富有限公司,100-499人,,武汉,杭州-上城区,统招本科,1-3年,10-20k·15薪,,,,https://www.liepin.com/job/1976528801.shtml,20260109135720,,,,
7339,猎聘,能源/化工/环保,矿山,工程机械海外营销经理（管理岗，base杭州/上海二选一）,企业职位,某国内机械/设备公司,100-499人,,武汉,杭州,学历不限,5-10年,30-50k·15薪,,,,https://www.liepin.com/a/75101313.shtml,20260427153606,,,,
7340,猎聘,能源/化工/环保,矿山,智能化开发工程师,企业职位,金石资源集团股份有限公司,500-999人,,武汉,杭州-拱墅区,统招本科,3年以上,10-15k,,,,https://www.liepin.com/job/1982340745.shtml,20260601103253,,,,
7341,猎聘,能源/化工/环保,矿山,人事经理,企业职位,浙江志高机械股份有限公司,500-999人,,武汉,衢州,统招本科,5年以上,15-20k·15薪,,,,https://www.liepin.com/job/1980217215.shtml,20260525130106,,,,
7342,猎聘,能源/化工/环保,矿山,结构工程师,企业职位,湖州宏威新能源汽车有限公司,50-99人,,武汉,湖州-吴兴区,本科,2年以上,8-18k,,,,https://www.liepin.com/job/1977818687.shtml,20260608164922,,,,
7343,猎聘,能源/化工/环保,矿山,质量经理   芬兰工厂  大而美企业 ,企业职位,某知名公司,100-499人,,武汉,衢州,大专,10年以上,22-28k·13薪,,,,https://www.liepin.com/a/75470759.shtml,20260608085539,,,,
7344,猎聘,能源/化工/环保,矿山,安全生产管理（尾矿库）,企业职位,某环保公司,500-999人,,武汉,台州,大专,5-10年,10-15k,,,,https://www.liepin.com/a/76048851.shtml,20260608083913,,,,
7345,猎聘,能源/化工/环保,矿山,采矿工程师,企业职位,某知名公司,1-49人,,武汉,衢州-开化县,大专,3-5年,15-20k,,,,https://www.liepin.com/a/75331155.shtml,20260510104949,,,,
7346,猎聘,能源/化工/环保,矿山,金属/非金属地下矿项目经理,企业职位,浙江省高能爆破工程有限公司,100-499人,,武汉,杭州-西湖区,本科,8年以上,30-40k,,,,https://www.liepin.com/job/1979613699.shtml,20260107165637,,,,
7347,猎聘,能源/化工/环保,矿山,销售技术工程师,企业职位,河北澳金机械设备有限公司,100-499人,,武汉,杭州-滨江区,本科,经验不限,8-15k,,,,https://www.liepin.com/job/1980967323.shtml,20260316154835,,,,
7348,猎聘,能源/化工/环保,矿山,海外招聘HR-W(A44184),企业职位,河北澳金机械设备有限公司,100-499人,,武汉,杭州-滨江区,本科,3-5年,10-20k,,,,https://www.liepin.com/job/1982124427.shtml,20260427161235,,,,
7349,猎聘,能源/化工/环保,矿山,金属矿采矿工程师,企业职位,中国电建集团华东院,5000-10000人,,武汉,杭州-西湖区,统招本科,3-5年,7-20k,,,,https://www.liepin.com/job/1961571011.shtml,20260309113753,,,,
7350,猎聘,能源/化工/环保,矿山,ERP软件开发主管,企业职位,某国内大型专业技术服务公司,2000-5000人,,武汉,杭州,统招本科,10年以上,20-25k,,,,https://www.liepin.com/a/76302179.shtml,20260602112533,,,,
7351,猎聘,能源/化工/环保,矿山,区域经理（俄罗斯）,企业职位,河北澳金机械设备有限公司,100-499人,,武汉,杭州-滨江区,本科,5年以上,35-50k,,,,https://www.liepin.com/job/1981751539.shtml,20260414153218,,,,
7352,猎聘,能源/化工/环保,矿山,地质工程师,企业职位,浙江交通资源投资集团有限公司,500-999人,,武汉,湖州-吴兴区,本科,3年以上,12-16k,,,,https://www.liepin.com/job/1972996213.shtml,20251020103755,,,,
7353,猎聘,能源/化工/环保,矿山,海外地质工程师,企业职位,某宁波大型房地产开发经营公司,10000人以上,,武汉,宁波,大专,5-10年,30-40k,,,,https://www.liepin.com/a/74657957.shtml,20260507092634,,,,
7354,猎聘,能源/化工/环保,矿山,供应链总监,企业职位,某宁波新能源上市公司,2000-5000人,,武汉,宁波-余姚,统招本科,10年以上,30-45k·14薪,,,,https://www.liepin.com/a/74035419.shtml,20260512181644,,,,
7355,猎聘,能源/化工/环保,矿山,首席地质师,企业职位,某杭州大型其他商务服务业公司,500-999人,,武汉,杭州-萧山区,统招本科,10年以上,40-55k·13薪,,,,https://www.liepin.com/a/76177935.shtml,20260528172313,,,,
7356,猎聘,能源/化工/环保,矿山,海外营销,企业职位,三一集团,10000人以上,,武汉,湖州-吴兴区,本科,1年以上,15-25k,,,,https://www.liepin.com/job/1982478295.shtml,20260512194232,,,,
7357,猎聘,能源/化工/环保,矿山,营销工程师,企业职位,八维通,100-499人,,武汉,杭州-余杭区,本科,3-10年,10-25k,,,,https://www.liepin.com/job/1981741635.shtml,20260520110029,,,,
7358,猎聘,能源/化工/环保,矿山,应用选型/技术支持（旋流器/渣浆泵/工业泵/磨机/浮选机）,企业职位,河北澳金机械设备有限公司,100-499人,,武汉,杭州-滨江区,本科,3年以上,15-30k,,,,https://www.liepin.com/job/1978416765.shtml,20260316154402,,,,
7359,猎聘,能源/化工/环保,矿山,地质专家（海外投资评估方向）,企业职位,华友钴业,10000人以上,,武汉,嘉兴-桐乡,硕士,5年以上,30-50k,,,,https://www.liepin.com/job/1982280153.shtml,20260601143737,,,,
7360,猎聘,能源/化工/环保,矿山,电气自动化工程师,企业职位,杭州普鹤科技有限公司,1-49人,,武汉,杭州-余杭区,统招本科,1-3年,10-15k,,,,https://www.liepin.com/job/1981752281.shtml,20260525135445,,,,
7361,猎聘,能源/化工/环保,矿山,设备采购经理,企业职位,华友钴业,10000人以上,,武汉,嘉兴-桐乡,大专,5年以上,15-30k,,,,https://www.liepin.com/job/1981403407.shtml,20260427171417,,,,
7362,猎聘,能源/化工/环保,矿山,大客户经理-集成商方向,企业职位,杭州宇泛智能科技股份有限公司,100-499人,,武汉,杭州-余杭区,本科,5-10年,12-22k,,,,https://www.liepin.com/job/1982741411.shtml,20260521145959,,,,
7363,猎聘,能源/化工/环保,矿山,大区销售经理（美洲）,企业职位,河北澳金机械设备有限公司,100-499人,,武汉,杭州-滨江区,统招本科,5年以上,40-70k,,,,https://www.liepin.com/job/1981805687.shtml,20260429102457,,,,
7364,猎聘,能源/化工/环保,矿山,选矿工程师（金属矿）,企业职位,某知名公司,,,武汉,杭州,统招本科,5-10年,25-30k,,,,https://www.liepin.com/a/75484807.shtml,20260510160114,,,,
7365,猎聘,能源/化工/环保,矿山,Base全国-行业销售（工业自动化软件）,企业职位,某北京大型计算机软件公司,500-999人,,武汉,杭州,本科,5-10年,20-30k·14薪,,,,https://www.liepin.com/a/75520541.shtml,20260530221006,,,,
7366,猎聘,能源/化工/环保,矿山,金矿基金城市总经理,企业职位,金友汇(杭州)信息咨询服务有限公司,1-49人,,武汉,杭州-拱墅区,大专,1-3年,20-50k,,,,https://www.liepin.com/job/1983159439.shtml,20260605142403,,,,
7367,猎聘,能源/化工/环保,矿山,大区销售经理（非洲）,企业职位,河北澳金机械设备有限公司,100-499人,,武汉,杭州-滨江区,统招本科,5年以上,40-70k,,,,https://www.liepin.com/job/1981805549.shtml,20260429102457,,,,
7368,猎聘,能源/化工/环保,矿山,机械/选矿 管培生,企业职位,河北澳金机械设备有限公司,100-499人,,武汉,杭州-滨江区,统招本科,经验不限,10-30k,,,,https://www.liepin.com/job/1979041865.shtml,20251210111527,,,,
7369,猎聘,能源/化工/环保,矿山,期现业务部门经理（铜、铝、锡等方向）,企业职位,南华期货股份有限公司,500-999人,,武汉,杭州-上城区,本科,3年以上,15-25k,,,,https://www.liepin.com/job/1978913141.shtml,20260112141858,,,,
7370,猎聘,能源/化工/环保,矿山,选矿工程师(012251),企业职位,华友钴业,10000人以上,,武汉,嘉兴-桐乡,本科,5年以上,35-65k,,,,https://www.liepin.com/job/1980484401.shtml,20260604144754,,,,
7371,猎聘,能源/化工/环保,矿山,销售 Sales,企业职位,爱森(中国)絮凝剂有限公司,500-999人,,武汉,杭州-上城区,本科,1-3年,6-9k·13薪,,,,https://www.liepin.com/job/1965357457.shtml,20260609102542,,,,
7372,猎聘,能源/化工/环保,矿山,大客户销售,企业职位,AVCIT 魅视,100-499人,,武汉,杭州-拱墅区,本科,3年以上,10-30k,,,,https://www.liepin.com/job/1980919531.shtml,20260511134800,,,,
7373,猎聘,能源/化工/环保,矿山,地质数字中心经理（需海外出差）,企业职位,某宁波贸易进出口上市公司,10000人以上,,武汉,宁波,硕士,5-10年,30-60k,,,,https://www.liepin.com/a/75169973.shtml,20260526105600,,,,
7374,猎聘,能源/化工/环保,矿山,采矿高级工程师,企业职位,某知名公司,1000-2000人,,武汉,绍兴,统招本科,5-10年,40-50k,,,,https://www.liepin.com/a/75800649.shtml,20260605085020,,,,
7375,猎聘,能源/化工/环保,矿山,地质工程师（驻外）,企业职位,某国内知名公司,10000人以上,,武汉,温州,统招本科,5-10年,35-50k,,,,https://www.liepin.com/a/74934983.shtml,20260511095049,,,,
7376,猎聘,能源/化工/环保,矿山,区域销售经理,企业职位,顶峰探索动力科技(浙江)有限公司,100-499人,,武汉,宁波-慈溪,本科,1-3年,15-25k·13薪,,,,https://www.liepin.com/job/1982613193.shtml,20260518134402,,,,
7377,猎聘,能源/化工/环保,矿山,球磨机技术专家,企业职位,某国内机械/设备公司,100-499人,,武汉,杭州,大专,5年以上,25-35k,,,,https://www.liepin.com/a/74732055.shtml,20260416161155,,,,
7378,猎聘,能源/化工/环保,矿山,产品总监（电机专家）,企业职位,卧龙集团,10000人以上,,武汉,绍兴-上虞区,博士,8年以上,25-50k·15薪,,,,https://www.liepin.com/job/1980746181.shtml,20260309105743,,,,
7379,猎聘,能源/化工/环保,矿山,KA大客户经理,企业职位,具微科技,100-499人,,武汉,杭州-钱塘区,本科,3-5年,8-15k,,,,https://www.liepin.com/job/1982177519.shtml,20260602133639,,,,
7380,猎聘,能源/化工/环保,矿山,自动驾驶方案开发工程师,企业职位,某杭州电力/热力/燃气/水务公司,100-499人,,武汉,杭州,本科,5-10年,30-35k·16薪,,,,https://www.liepin.com/a/75773407.shtml,20260522104208,,,,
7381,猎聘,能源/化工/环保,矿山,生产经理,企业职位,国贸股份,2000-5000人,,武汉,宁波-北仑区,大专,5-10年,薪资面议,,,,https://www.liepin.com/job/1960768393.shtml,20230813154918,,,,
7382,猎聘,能源/化工/环保,矿山,采矿工程师,企业职位,杭州深岩科技有限公司,1-49人,,武汉,杭州-滨江区,本科,3-5年,15-20k,,,,https://www.liepin.com/job/1965715803.shtml,20240704144345,,,,
7383,猎聘,能源/化工/环保,矿山,G企-大宗商品业务员（铁矿类）,企业职位,某世界500强贸易进出口公司,500-999人,,武汉,杭州-上城区,统招本科,1-3年,13-25k,,,,https://www.liepin.com/a/75091105.shtml,20260427134808,,,,
7384,猎聘,能源/化工/环保,矿山,大区销售经理（亚太区域）,企业职位,河北澳金机械设备有限公司,100-499人,,武汉,杭州-滨江区,统招本科,5年以上,40-70k,,,,https://www.liepin.com/job/1981805627.shtml,20260429102457,,,,
7385,猎聘,能源/化工/环保,矿山,俄语大区经理,企业职位,河北澳金机械设备有限公司,100-499人,,武汉,杭州-滨江区,统招本科,5年以上,40-70k,,,,https://www.liepin.com/job/1980662729.shtml,20260429102457,,,,
7386,猎聘,能源/化工/环保,矿山,采矿工程师、选矿工程师,企业职位,中国电建集团华东院,5000-10000人,,武汉,杭州-余杭区,本科,3-5年,8-12k,,,,https://www.liepin.com/job/1950730203.shtml,20260126143834,,,,
7387,猎聘,能源/化工/环保,矿山,精益副科长（驻外）,企业职位,某国内知名公司,10000人以上,,武汉,温州,统招本科,5-10年,25-30k,,,,https://www.liepin.com/a/76065231.shtml,20260526143117,,,,
7388,猎聘,能源/化工/环保,矿山,供应商质量管理经理（非标设备方向）,企业职位,华友钴业,10000人以上,,武汉,嘉兴-桐乡,本科,5年以上,15-30k,,,,https://www.liepin.com/job/1971707595.shtml,20260401065611,,,,
7389,猎聘,能源/化工/环保,矿山,战略投资经理,企业职位,浙商中拓,2000-5000人,,武汉,杭州-萧山区,本科,5年以上,15-20k·14薪,,,,https://www.liepin.com/job/1981570119.shtml,20260529121837,,,,
7390,猎聘,能源/化工/环保,矿山,机电矿长,企业职位,某知名公司,50-99人,,武汉,温州,本科,10年以上,22-25k,,,,https://www.liepin.com/a/75580205.shtml,20260522091026,,,,
7391,猎聘,能源/化工/环保,矿山,合同经营负责人,企业职位,某知名公司,100-499人,,武汉,杭州,本科,8年以上,10-15k,,,,https://www.liepin.com/a/74859369.shtml,20260516110141,,,,
7392,猎聘,能源/化工/环保,矿山,资深产品经理,企业职位,罗博网联信息技术有限公司,100-499人,,武汉,杭州-余杭区,本科,5-10年,25-40k·14薪,,,,https://www.liepin.com/job/1982881221.shtml,20260526162425,,,,
7393,猎聘,能源/化工/环保,矿山,国内空压机销售经理,企业职位,宁波德曼压缩机有限公司,100-499人,,武汉,宁波-慈溪,学历不限,2年以上,20-50k,,,,https://www.liepin.com/job/1980727765.shtml,20260516171856,,,,
7394,猎聘,能源/化工/环保,矿山,安全主管,企业职位,浙江宝树建设集团有限公司,500-999人,,武汉,温州-苍南县,大专,5-10年,15-18k,,,,https://www.liepin.com/job/1962947723.shtml,20231115154501,,,,
7395,猎聘,能源/化工/环保,矿山,采矿工程师,企业职位,青山钢铁,100-499人,,武汉,丽水-青田县,本科,5年以上,10-15k,,,,https://www.liepin.com/job/1975413581.shtml,20250627141757,,,,
7396,猎聘,能源/化工/环保,矿山,矿产专家（海外铁矿）,企业职位,吉利科技集团有限公司,2000-5000人,,武汉,杭州-滨江区,统招本科,10年以上,薪资面议,,,,https://www.liepin.com/job/1970520673.shtml,20260411150757,,,,
7397,猎聘,能源/化工/环保,矿山,西南区域销售总监/经理,企业职位,某宁波环保公司,100-499人,,武汉,杭州,大专,5-10年,20-29k,,,,https://www.liepin.com/a/74364303.shtml,20260408102803,,,,
7398,猎聘,能源/化工/环保,矿山,采矿矿长,企业职位,能欣投资,100-499人,,武汉,金华-永康,大专,10年以上,20-30k·13薪,,,,https://www.liepin.com/job/1958979913.shtml,20230531132814,,,,
7399,猎聘,能源/化工/环保,矿山,自动驾驶方案开发工程师,企业职位,某杭州电力/热力/燃气/水务公司,100-499人,,武汉,杭州,统招本科,5-10年,25-45k,,,,https://www.liepin.com/a/75767779.shtml,20260518134756,,,,
7400,猎聘,能源/化工/环保,矿山,选厂副厂长,企业职位,某杭州贸易进出口公司,100-499人,,武汉,杭州,大专,5-10年,50-80k,,,,https://www.liepin.com/a/73328063.shtml,20260609090750,,,,
7401,猎聘,能源/化工/环保,矿山,子公司总经理（金属矿，工作地点：湖北）,企业职位,工企环保,500-999人,,武汉,杭州-富阳区,大专,10年以上,40-70k,,,,https://www.liepin.com/job/1979605361.shtml,20260107145210,,,,
7402,猎聘,能源/化工/环保,矿山,销售经理,企业职位,湖州宏威新能源汽车有限公司,50-99人,,武汉,湖州-吴兴区,本科,3-5年,8-15k,,,,https://www.liepin.com/job/1965578279.shtml,20260608164922,,,,
7403,猎聘,能源/化工/环保,矿山,探矿工程师,企业职位,杭州宝鑫进出口有限公司,50-99人,,武汉,杭州-萧山区,本科,经验不限,18-20k,,,,https://www.liepin.com/job/1969756163.shtml,20260109161708,,,,
7404,猎聘,能源/化工/环保,矿山,售前技术支持/销售技术工程师（机械）-W(A222130),企业职位,河北澳金机械设备有限公司,100-499人,,武汉,杭州-滨江区,本科,1-3年,9-16k,,,,https://www.liepin.com/job/1982018033.shtml,20260609222034,,,,
7405,猎聘,能源/化工/环保,矿山,采矿工程师 国企 甲方五险一金,企业职位,某国内人力资源服务公司,50-99人,,武汉,台州,大专,5-10年,15-16k,,,,https://www.liepin.com/a/76514373.shtml,20260609104821,,,,
7406,猎聘,能源/化工/环保,矿山,大宗商品贸易经理（矿类）,企业职位,浙江优矿进出口有限公司,1-49人,,武汉,杭州-上城区,大专,3年以上,8-20k,,,,https://www.liepin.com/job/1982525331.shtml,20260514103241,,,,
7407,猎聘,能源/化工/环保,矿山,大客户经理（车载灭火系统）,企业职位,易洋集团,100-499人,,武汉,杭州-余杭区,本科,3年以上,8-12k,,,,https://www.liepin.com/job/1979025301.shtml,20260602174125,,,,
7408,猎聘,能源/化工/环保,矿山,机电矿长,企业职位,某国内咨询服务公司,50-99人,,武汉,金华,学历不限,3-5年,13-14k,,,,https://www.liepin.com/a/75188221.shtml,20260609164707,,,,
7409,猎聘,能源/化工/环保,矿山,自动驾驶方案开发工程师,企业职位,某知名公司,100-499人,,武汉,杭州,本科,5-10年,25-40k,,,,https://www.liepin.com/a/74320027.shtml,20260407132848,,,,
7410,猎聘,能源/化工/环保,矿山,售前技术支持工程师,企业职位,杭州普鹤科技有限公司,1-49人,,武汉,杭州-余杭区,本科,1-3年,7-12k,,,,https://www.liepin.com/job/1965893347.shtml,20260525135445,,,,
7411,猎聘,能源/化工/环保,矿山,矿业技术专家,企业职位,吉利科技集团有限公司,2000-5000人,,武汉,杭州-滨江区,本科,10年以上,30-60k·15薪,,,,https://www.liepin.com/job/1980880219.shtml,20260420093042,,,,
7412,猎聘,能源/化工/环保,矿山,采矿工程师（矿长储备干部） 金华市,企业职位,浙江三美化工股份有限公司,1000-2000人,,武汉,金华-金东区,统招本科,经验不限,7-13k,,,,https://www.liepin.com/job/1968436799.shtml,20260113134439,,,,
7413,猎聘,能源/化工/环保,矿山,重型机械检验员,企业职位,必维集团,5000-10000人,,武汉,杭州-上城区,大专,5-10年,8-11k·13薪,,,,https://www.liepin.com/job/1981718595.shtml,20260413170540,,,,
7414,猎聘,能源/化工/环保,矿山,露天大客户销售经理,企业职位,浙江志高机械股份有限公司,500-999人,,武汉,衢州-衢江区,大专,3年以上,10-20k,,,,https://www.liepin.com/job/1980215805.shtml,20260525130106,,,,
7415,猎聘,能源/化工/环保,矿山,财务管理,企业职位,浙江交通资源投资集团有限公司,500-999人,,武汉,金华-浦江县,统招本科,3年以上,10-15k,,,,https://www.liepin.com/job/1976126567.shtml,20260121104025,,,,
7416,猎聘,能源/化工/环保,矿山,研发总工程师,企业职位,某知名公司,100-499人,,武汉,嘉兴-海宁,统招本科,10年以上,25-30k,,,,https://www.liepin.com/a/75093189.shtml,20260525132427,,,,
7417,猎聘,能源/化工/环保,矿山,采矿技术员,企业职位,某知名公司,100-499人,,武汉,杭州,大专,3-5年,9-10k,,,,https://www.liepin.com/a/75210521.shtml,20260511101824,,,,
7418,猎聘,能源/化工/环保,矿山,矿业建造师（一级）,企业职位,核工业井巷建设集团有限公司,100-499人,,武汉,湖州,学历不限,5-10年,14-22k,,,,https://www.liepin.com/job/1978282925.shtml,20260603152058,,,,
7419,猎聘,能源/化工/环保,矿山,机械生产总监,企业职位,能欣投资,100-499人,,武汉,杭州-上城区,学历不限,3-5年,15-20k,,,,https://www.liepin.com/job/1982619125.shtml,20260518145929,,,,
7420,猎聘,能源/化工/环保,矿山,矿长,企业职位,曹娥江储能系统科技有限公司,100-499人,,武汉,绍兴-上虞区,本科,5年以上,30-60k,,,,https://www.liepin.com/job/1974896441.shtml,20250609115844,,,,
7421,猎聘,能源/化工/环保,矿山,萤石矿负责人,企业职位,浙江交通资源投资集团有限公司,500-999人,,武汉,台州-三门县,本科,5-10年,25-30k,,,,https://www.liepin.com/job/1968369595.shtml,20240724092218,,,,
7422,猎聘,能源/化工/环保,矿山,萤石矿技术负责人,企业职位,浙江交通资源投资集团有限公司,500-999人,,武汉,台州-三门县,本科,5-10年,薪资面议,,,,https://www.liepin.com/job/1966434045.shtml,20240808084741,,,,
7423,猎聘,能源/化工/环保,矿山,采矿设计负责人,企业职位,日昌升集团有限公司,1000-2000人,,武汉,杭州-上城区,本科,10年以上,15-30k·15薪,,,,https://www.liepin.com/job/1962282163.shtml,20240428110702,,,,
7424,猎聘,能源/化工/环保,矿山,注册安全工程程师,企业职位,温州秦核矿业开发有限公司,100-499人,,武汉,温州-洞头区,学历不限,1-3年,11-15k,,,,https://www.liepin.com/job/1962532691.shtml,20231028121442,,,,
7425,猎聘,能源/化工/环保,矿山,铜铝国际业务经理(团队负责人),企业职位,某杭州知名公司,10000人以上,,武汉,杭州-拱墅区,本科,5年以上,25-40k,,,,https://www.liepin.com/a/75581193.shtml,20260512160123,,,,
7426,猎聘,能源/化工/环保,矿山,销售工程师（居家办公）,企业职位,某知名公司,50-99人,,武汉,宁波,统招本科,5-10年,20-40k,,,,https://www.liepin.com/a/75924997.shtml,20260522084228,,,,
7427,猎聘,能源/化工/环保,矿山,尾矿系统负责人 (MJ001489),企业职位,力勤资源,10000人以上,,武汉,宁波-鄞州区,本科,10年以上,30-60k,,,,https://www.liepin.com/job/1982483591.shtml,20260515172352,,,,
7428,猎聘,能源/化工/环保,矿山,战略投资管理,企业职位,浙江交通资源投资集团有限公司,500-999人,,武汉,杭州-上城区,硕士,10年以上,20-28k,,,,https://www.liepin.com/job/1979696801.shtml,20260112144636,,,,
7429,猎聘,能源/化工/环保,矿山,AI产品经理（调研）,企业职位,成都易训,100-499人,,武汉,杭州-余杭区,本科,3年以上,15-20k·13薪,,,,https://www.liepin.com/job/1982676369.shtml,20260519165255,,,,
7430,猎聘,能源/化工/环保,矿山,俄罗斯销售总经理,企业职位,某国内机械/设备公司,100-499人,,武汉,杭州,学历不限,10年以上,70-90k,,,,https://www.liepin.com/a/76447487.shtml,20260608152141,,,,
7431,猎聘,能源/化工/环保,矿山,选矿主管工程师,企业职位,某知名上市公司,10000人以上,,武汉,杭州,统招本科,10年以上,30-50k,,,,https://www.liepin.com/a/73951929.shtml,20260609133706,,,,
7432,猎聘,能源/化工/环保,矿山,自动驾驶预测算法专家,企业职位,罗博网联信息技术有限公司,100-499人,,武汉,杭州-余杭区,硕士,5-10年,40-60k·14薪,,,,https://www.liepin.com/job/1983201327.shtml,20260605172340,,,,
7433,猎聘,能源/化工/环保,矿山,副总经理（一建+注安）,企业职位,某国内人力资源服务公司,50-99人,,武汉,温州,统招本科,8年以上,20-25k,,,,https://www.liepin.com/a/74740553.shtml,20260609104821,,,,
7434,猎聘,能源/化工/环保,矿山,嵌入式软件开发工程师,企业职位,杭州普鹤科技有限公司,1-49人,,武汉,杭州-余杭区,统招本科,1-3年,10-15k,,,,https://www.liepin.com/job/1981752443.shtml,20260525135445,,,,
7435,猎聘,能源/化工/环保,矿山,销售经理（新能源重卡）,企业职位,深向科技,1000-2000人,,武汉,宁波-海曙区,大专,经验不限,9-15k,,,,https://www.liepin.com/job/1982737079.shtml,20260521140220,,,,
7436,猎聘,能源/化工/环保,矿山,冶金煤事业部总经理,企业职位,厦门象屿股份有限公司,5000-10000人,,武汉,杭州-滨江区,统招本科,10年以上,25-55k,,,,https://www.liepin.com/job/1980889693.shtml,20260312173219,,,,
7437,猎聘,能源/化工/环保,矿山,AI产品经理（安全领域背景）-安责险板块,企业职位,成都易训,100-499人,,武汉,杭州-余杭区,统招本科,3年以上,15-20k·13薪,,,,https://www.liepin.com/job/1982634207.shtml,20260518182753,,,,
7438,猎聘,能源/化工/环保,矿山,中美洲负责人/非洲负责人,企业职位,某知名公司,5000-10000人,,武汉,杭州,统招本科,3-5年,100-150k,,,,https://www.liepin.com/a/74567291.shtml,20260507161543,,,,
7439,猎聘,能源/化工/环保,矿山,人形/特种机器人滑动轴承总工程师,企业职位,申科股份,500-999人,,武汉,绍兴,硕士,8年以上,薪资面议,,,,https://www.liepin.com/job/1980575023.shtml,20260519103052,,,,
7440,猎聘,能源/化工/环保,矿山,磨浮车间主任,企业职位,北京盛景能源有限公司,,,武汉,金华-武义县,本科,5年以上,25-30k,,,,https://www.liepin.com/job/1977207097.shtml,20250913172808,,,,
7441,猎聘,能源/化工/环保,矿山,自动驾驶方案开发工程师,企业职位,某杭州知名公司,100-499人,,武汉,杭州,学历不限,5年以上,25-35k,,,,https://www.liepin.com/a/75600191.shtml,20260609094457,,,,
7442,猎聘,能源/化工/环保,矿山,电气设计工程师,企业职位,中国电建集团华东院,5000-10000人,,武汉,杭州-余杭区,本科,2年以上,7-15k,,,,https://www.liepin.com/job/1925900165.shtml,20260309113633,,,,
7443,猎聘,能源/化工/环保,矿山,自动驾驶方案开发工程师,企业职位,某杭州电力/热力/燃气/水务公司,100-499人,,武汉,杭州,本科,5-10年,30-50k·14薪,,,,https://www.liepin.com/a/75929697.shtml,20260609171150,,,,
7444,猎聘,能源/化工/环保,矿山,副总经理,企业职位,某宁波贸易进出口上市公司,10000人以上,,武汉,宁波,统招本科,10年以上,90-120k,,,,https://www.liepin.com/a/75124077.shtml,20260609085523,,,,
7445,猎聘,能源/化工/环保,矿山,采矿负责人,企业职位,某宁波大型矿产开采公司,5000-10000人,,武汉,宁波,本科,10年以上,50-80k,,,,https://www.liepin.com/a/75324627.shtml,20260507081513,,,,
7446,猎聘,能源/化工/环保,矿山,安环部长（工作地点：津巴布韦）,企业职位,某国内知名公司,10000人以上,,武汉,嘉兴-桐乡,学历不限,10年以上,50-70k,,,,https://www.liepin.com/a/75607315.shtml,20260609090128,,,,
7447,猎聘,能源/化工/环保,矿山,销售工程师,企业职位,深圳鲲云科技,100-499人,,武汉,杭州-拱墅区,统招本科,1-3年,9-17k·20薪,,,,https://www.liepin.com/job/1977149093.shtml,20260522113941,,,,
7448,猎聘,能源/化工/环保,矿山,地质工程师（马达加斯加）世界500强企业,企业职位,某矿产开采公司,,,武汉,温州,本科,5-10年,30-50k,,,,https://www.liepin.com/a/74946925.shtml,20260422155816,,,,
7449,猎聘,能源/化工/环保,矿山,设备监造经理（生产监造方向）,企业职位,华友钴业,10000人以上,,武汉,嘉兴-桐乡,大专,5-10年,10-20k,,,,https://www.liepin.com/job/1971672401.shtml,20260422074318,,,,
7450,猎聘,能源/化工/环保,矿山,结构研发工程师,企业职位,杭州普鹤科技有限公司,1-49人,,武汉,杭州-余杭区,本科,1-3年,7-12k,,,,https://www.liepin.com/job/1964855097.shtml,20260525135445,,,,
7451,猎聘,能源/化工/环保,矿山,定位算法工程师,企业职位,罗博网联信息技术有限公司,100-499人,,武汉,杭州-余杭区,本科,3年以上,25-35k·14薪,,,,https://www.liepin.com/job/1982622021.shtml,20260518152703,,,,
7452,猎聘,能源/化工/环保,矿山,海外矿产勘查地质工程师,企业职位,中国电建集团华东院,5000-10000人,,武汉,杭州-西湖区,统招本科,5年以上,薪资面议,,,,https://www.liepin.com/job/1977629585.shtml,20251009155013,,,,
7453,猎聘,能源/化工/环保,矿山,商用车中美洲负责人/非洲区负责人/,企业职位,某知名公司,5000-10000人,,武汉,杭州,本科,10年以上,75-100k·14薪,,,,https://www.liepin.com/a/74567021.shtml,20260413151634,,,,
7454,猎聘,能源/化工/环保,矿山,注册安全工程师（露天矿）,企业职位,能欣投资,100-499人,,武汉,杭州-上城区,大专,3年以上,15-20k,,,,https://www.liepin.com/job/1971626005.shtml,20241226085337,,,,
7455,猎聘,能源/化工/环保,矿山,测绘/测量技术人员,企业职位,武义新弘矿业有限公司,1-49人,,武汉,金华-武义县,大专,10年以上,10-12k,,,,https://www.liepin.com/job/1978991175.shtml,20251208161143,,,,
7456,猎聘,能源/化工/环保,矿山,初级爆破工程技术员,企业职位,浙江白阳矿业有限公司,50-99人,,武汉,金华-武义县,大专,1年以上,12-15k,,,,https://www.liepin.com/job/1977190607.shtml,20250912160635,,,,
7457,猎聘,能源/化工/环保,矿山,采矿工程师,企业职位,寒锐钴业,1000-2000人,,武汉,杭州-上城区,大专,5-8年,25-35k,,,,https://www.liepin.com/job/1974797497.shtml,20250529134807,,,,
7458,猎聘,能源/化工/环保,矿山,安责事故预防兼职工程师,企业职位,筑保科技,1-49人,,武汉,杭州-拱墅区,本科,5-10年,7-11k,,,,https://www.liepin.com/job/1977881243.shtml,20251020171724,,,,
7459,猎聘,能源/化工/环保,矿山,矿长,企业职位,湖州浙宝钙业科技股份有限公司,100-499人,,武汉,湖州,大专,5-10年,10-12k,,,,https://www.liepin.com/job/1974233875.shtml,20250502212125,,,,
7460,猎聘,能源/化工/环保,矿山,安全工程师,企业职位,宁波砃垠地矿环境技术有限公司,1-49人,,武汉,宁波-北仑区,大专,3-5年,8-12k,,,,https://www.liepin.com/job/1939577459.shtml,20220415173857,,,,
7461,猎聘,能源/化工/环保,矿山,销售经理（新能源重卡）,企业职位,深向科技,1000-2000人,,武汉,湖州-吴兴区,大专,经验不限,9-15k,,,,https://www.liepin.com/job/1982736983.shtml,20260521140044,,,,
7462,猎聘,能源/化工/环保,矿山,销售经理（新能源重卡）,企业职位,深向科技,1000-2000人,,武汉,衢州-柯城区,大专,经验不限,9-15k,,,,https://www.liepin.com/job/1982737085.shtml,20260521140220,,,,
7463,猎聘,能源/化工/环保,矿山,自动驾驶方案开发工程师,企业职位,某苏州大型人力资源服务公司,50-99人,,武汉,杭州,统招本科,5-10年,25-40k·15薪,,,,https://www.liepin.com/a/75633465.shtml,20260608100454,,,,
7464,猎聘,能源/化工/环保,矿山,空压机销售经理,企业职位,宁波德曼压缩机有限公司,100-499人,,武汉,宁波-慈溪,学历不限,1-3年,20-30k,,,,https://www.liepin.com/job/1981034975.shtml,20260522133429,,,,
7465,猎聘,能源/化工/环保,矿山,机械设计师（磨机方向）,企业职位,浙江德创环保,1000-2000人,,武汉,绍兴-越城区,本科,3年以上,15-18k,,,,https://www.liepin.com/job/1981840131.shtml,20260427160431,,,,
7466,猎聘,能源/化工/环保,矿山,机械制图,企业职位,能欣投资,100-499人,,武汉,金华-永康,大专,经验不限,4-7k,,,,https://www.liepin.com/job/1980491495.shtml,20260421131411,,,,
7467,猎聘,能源/化工/环保,矿山,机械生产总监,企业职位,能欣投资,100-499人,,武汉,金华-永康,学历不限,3-5年,15-20k,,,,https://www.liepin.com/job/1982619123.shtml,20260518145929,,,,
7468,猎聘,能源/化工/环保,矿山,财务管理,企业职位,浙江交通资源投资集团有限公司,500-999人,,武汉,台州-三门县,统招本科,3年以上,10-13k,,,,https://www.liepin.com/job/1976126953.shtml,20250730094435,,,,
7469,猎聘,能源/化工/环保,矿山,亚太&中东等国际销售高级经理/经理,企业职位,某知名公司,5000-10000人,,武汉,杭州,统招本科,3-5年,40-70k·14薪,,,,https://www.liepin.com/a/74566959.shtml,20260507161543,,,,
7470,猎聘,能源/化工/环保,矿山,策略员,企业职位,浙江物产道富有限公司,100-499人,,武汉,杭州-上城区,本科,1-3年,20-30k,,,,https://www.liepin.com/job/1947060589.shtml,20260109135726,,,,
7471,猎聘,能源/化工/环保,矿山,球磨机设计师（矿业冶金行业）,企业职位,浙江德创环保,1000-2000人,,武汉,绍兴-越城区,本科,3年以上,12-20k,,,,https://www.liepin.com/job/1981842273.shtml,20260417091240,,,,
7472,猎聘,能源/化工/环保,矿山,铸造工程师（高烙）(A65903),企业职位,河北澳金机械设备有限公司,100-499人,,武汉,杭州-滨江区,本科,10年以上,15-25k,,,,https://www.liepin.com/job/1982340783.shtml,20260508111431,,,,
7473,猎聘,能源/化工/环保,矿山,铜铝国际业务经理(团队负责人),企业职位,某杭州大型贸易进出口公司,1000-2000人,,武汉,杭州,统招本科,3-5年,25-40k,,,,https://www.liepin.com/a/75607719.shtml,20260609124555,,,,
7474,猎聘,能源/化工/环保,矿山,地质数字中心经理 (MJ001369),企业职位,力勤资源,10000人以上,,武汉,宁波-鄞州区,硕士,5年以上,20-30k,,,,https://www.liepin.com/job/1982182785.shtml,20260429111837,,,,
7475,猎聘,能源/化工/环保,矿山,销售经理（新能源重卡）,企业职位,深向科技,1000-2000人,,武汉,舟山-定海区,大专,经验不限,9-15k,,,,https://www.liepin.com/job/1982737081.shtml,20260521140220,,,,
7476,猎聘,能源/化工/环保,矿山,自动驾驶方案开发工程师,企业职位,某杭州电力/热力/燃气/水务公司,100-499人,,武汉,杭州,本科,5-10年,30-50k,,,,https://www.liepin.com/a/75914643.shtml,20260609093101,,,,
7477,猎聘,能源/化工/环保,矿山,财务管理,企业职位,浙江交通资源投资集团有限公司,500-999人,,武汉,衢州-龙游县,统招本科,3年以上,10-15k,,,,https://www.liepin.com/job/1976126717.shtml,20250730094107,,,,
7478,猎聘,能源/化工/环保,矿山,销售经理（新能源重卡）,企业职位,深向科技,1000-2000人,,武汉,丽水-莲都区,大专,经验不限,9-15k,,,,https://www.liepin.com/job/1982737231.shtml,20260521140347,,,,
7479,猎聘,能源/化工/环保,矿山,供应链总监,企业职位,某北京大型新能源公司,5000-10000人,,武汉,宁波,本科,5-10年,30-50k,,,,https://www.liepin.com/a/74987653.shtml,20260423141828,,,,
7480,猎聘,能源/化工/环保,矿山,俄罗斯区域总经理,企业职位,某国内机械/设备公司,100-499人,,武汉,杭州,学历不限,5-10年,50-70k,,,,https://www.liepin.com/a/74781351.shtml,20260417171121,,,,
7481,猎聘,能源/化工/环保,矿山,销售经理（新能源重卡）,企业职位,深向科技,1000-2000人,,武汉,台州-椒江区,大专,经验不限,9-15k,,,,https://www.liepin.com/job/1982737229.shtml,20260521140347,,,,
7482,猎聘,能源/化工/环保,矿山,地质工程师（矿业500强企业+地质勘查+分析评价矿权资料+招投标及合同谈判）,企业职位,某知名公司,10000人以上,,武汉,温州,本科,5-10年,40-45k,,,,https://www.liepin.com/a/74930085.shtml,20260422113616,,,,
7483,猎聘,能源/化工/环保,矿山,国际贸易业务员,企业职位,富冶集团有限公司,2000-5000人,,武汉,杭州-富阳区,本科,5年以上,15-25k,,,,https://www.liepin.com/job/1979672187.shtml,20260109181224,,,,
7484,猎聘,能源/化工/环保,矿山,供应链总监,企业职位,某宁波金属制品上市公司,2000-5000人,,武汉,宁波,统招本科,5-10年,40-50k,,,,https://www.liepin.com/a/74095425.shtml,20260331165902,,,,
7485,猎聘,能源/化工/环保,矿山,监造管理经理,企业职位,华友钴业,10000人以上,,武汉,嘉兴-桐乡,统招本科,5-10年,15-25k,,,,https://www.liepin.com/job/1971603563.shtml,20260401065611,,,,
7486,猎聘,能源/化工/环保,矿山,空压机经理,企业职位,宁波德曼压缩机有限公司,100-499人,,武汉,宁波-慈溪,学历不限,2年以上,10-20k,,,,https://www.liepin.com/job/1982797123.shtml,20260523111525,,,,
7487,猎聘,能源/化工/环保,矿山,销售经理（新能源重卡）,企业职位,深向科技,1000-2000人,,武汉,金华-婺城区,大专,经验不限,9-15k,,,,https://www.liepin.com/job/1982737087.shtml,20260521140220,,,,
7488,猎聘,能源/化工/环保,矿山,俄语区域经理,企业职位,某国内机械/设备公司,100-499人,,武汉,杭州,学历不限,5-10年,20-40k,,,,https://www.liepin.com/a/74781175.shtml,20260417170851,,,,
7489,猎聘,能源/化工/环保,矿山,机械/选矿 管培生,企业职位,河北澳金机械设备有限公司,100-499人,,武汉,杭州-滨江区,本科,经验不限,8-14k,,,,https://www.liepin.com/job/1978416507.shtml,20260226170217,,,,
7490,猎聘,能源/化工/环保,矿山,招聘外贸业务员,企业职位,某国内大型贸易进出口公司,500-999人,,武汉,杭州,本科,5年以上,8-11k,,,,https://www.liepin.com/a/74934263.shtml,20260422132903,,,,
7491,猎聘,能源/化工/环保,矿山,金矿基金营销总监,企业职位,金友汇(杭州)信息咨询服务有限公司,1-49人,,武汉,杭州-拱墅区,大专,1年以上,20-50k,,,,https://www.liepin.com/job/1983160007.shtml,20260605142812,,,,
7492,猎聘,能源/化工/环保,矿山,销售经理（新能源重卡）,企业职位,深向科技,1000-2000人,,武汉,绍兴-越城区,大专,经验不限,9-15k,,,,https://www.liepin.com/job/1982737083.shtml,20260521140220,,,,
7493,猎聘,能源/化工/环保,矿山,亚太大区销售经理（含澳大利亚）,企业职位,某知名公司,1-49人,,武汉,杭州-滨江区,本科,10年以上,40-70k,,,,https://www.liepin.com/a/74704085.shtml,20260416095253,,,,
7494,猎聘,能源/化工/环保,矿山,自动驾驶方案开发工程师,企业职位,某杭州电力/热力/燃气/水务公司,100-499人,,武汉,杭州,统招本科,5-10年,40-60k·14薪,,,,https://www.liepin.com/a/75155077.shtml,20260428162915,,,,
7495,猎聘,能源/化工/环保,矿山,供应链总监（磷酸铁锂材料）,企业职位,某宁波新能源上市公司,2000-5000人,,武汉,宁波-余姚,统招本科,5-10年,30-45k,,,,https://www.liepin.com/a/75023295.shtml,20260609100146,,,,
7496,猎聘,能源/化工/环保,矿山,非洲大区销售经理,企业职位,某知名公司,1-49人,,武汉,杭州-滨江区,本科,10年以上,40-70k,,,,https://www.liepin.com/a/74703603.shtml,20260416094711,,,,
7497,猎聘,能源/化工/环保,矿山,销售经理（新能源重卡）,企业职位,深向科技,1000-2000人,,武汉,温州-瓯海区,大专,经验不限,9-15k,,,,https://www.liepin.com/job/1982737235.shtml,20260521140347,,,,
7498,猎聘,能源/化工/环保,矿山,销售经理（新能源重卡）,企业职位,深向科技,1000-2000人,,武汉,嘉兴-南湖区,大专,经验不限,9-15k,,,,https://www.liepin.com/job/1982736989.shtml,20260521140044,,,,
7499,猎聘,能源/化工/环保,矿山,安全咨询服务人员、注册安全工程师（兼职）,企业职位,深圳瑞捷,1000-2000人,,武汉,杭州-上城区,大专,10年以上,10-15k·13薪,,,,https://www.liepin.com/job/1982821015.shtml,20260525113017,,,,
7500,猎聘,能源/化工/环保,矿山,集团采矿副总,企业职位,金石资源集团股份有限公司,500-999人,,武汉,杭州-西湖区,本科,10年以上,25-40k,,,,https://www.liepin.com/job/1953546125.shtml,20260128103510,,,,
7501,猎聘,能源/化工/环保,矿山,美洲大区销售经理,企业职位,某知名公司,1-49人,,武汉,杭州-滨江区,本科,10年以上,40-70k,,,,https://www.liepin.com/a/74703521.shtml,20260416094615,,,,
7502,猎聘,能源/化工/环保,矿山,供应链总监,企业职位,某北京大型新能源公司,5000-10000人,,武汉,宁波,学历不限,3-5年,30-45k,,,,https://www.liepin.com/a/74049305.shtml,20260518154725,,,,
7503,猎聘,能源/化工/环保,矿山,法语翻译-W(A112945),企业职位,河北澳金机械设备有限公司,100-499人,,武汉,杭州-滨江区,本科,经验不限,10-15k,,,,https://www.liepin.com/job/1982106249.shtml,20260427103926,,,,
7504,猎聘,能源/化工/环保,矿山,安全咨询服务人员（兼职）,企业职位,深圳瑞捷,1000-2000人,,武汉,杭州-上城区,大专,10年以上,5-6k,,,,https://www.liepin.com/job/1982821385.shtml,20260525144343,,,,
7505,猎聘,能源/化工/环保,矿山,机械设计工程师,企业职位,某国内电气机械/器材公司,100-499人,,武汉,台州-温岭,本科,5-10年,15-20k,,,,https://www.liepin.com/a/74005549.shtml,20260330090004,,,,
7506,猎聘,能源/化工/环保,矿山,海外销售工程师（东南亚和中东优先）,企业职位,杭州品铂科技有限公司,100-499人,,武汉,杭州-滨江区,统招本科,3年以上,16-24k,,,,https://www.liepin.com/job/1981012887.shtml,20260408102005,,,,
7507,猎聘,能源/化工/环保,矿山,安全技术服务人员/安全工程师（兼职）,企业职位,深圳瑞捷,1000-2000人,,武汉,金华-婺城区,大专,1-3年,4-5k,,,,https://www.liepin.com/job/1982821273.shtml,20260525113333,,,,
7508,猎聘,能源/化工/环保,矿山,浙江单位招聘选矿技术顾问,企业职位,某知名公司,50-99人,,武汉,金华,学历不限,3-5年,19-20k,,,,https://www.liepin.com/a/74008213.shtml,20260330093826,,,,
7509,猎聘,能源/化工/环保,矿山,大宗商品研究员,企业职位,广东坚宝电缆有限公司,500-999人,,武汉,杭州-上城区,本科,2年以上,15-25k,,,,https://www.liepin.com/job/1980490289.shtml,20260303175553,,,,
7510,猎聘,能源/化工/环保,矿山,机械设计工程师,企业职位,浙江知名猎头公司,1-49人,,武汉,台州-温岭,大专,3年以上,15-20k,,,,https://www.liepin.com/a/75585827.shtml,20260512165155,,,,
7511,猎聘,能源/化工/环保,矿山,电机控制算法工程师,企业职位,某杭州人工智能公司,100-499人,,武汉,杭州,硕士,3-5年,40-70k,,,,https://www.liepin.com/a/75402695.shtml,20260508114655,,,,
7512,猎聘,能源/化工/环保,矿山,大客户销售(江苏/浙江),企业职位,朝晖过滤,2000-5000人,,武汉,嘉兴,大专,3-5年,15-20k·17薪,,,,https://www.liepin.com/job/1966329581.shtml,20260513085319,,,,
7513,猎聘,能源/化工/环保,矿山,营销工程师,企业职位,某杭州互联网公司,100-499人,,武汉,杭州,学历不限,3年以上,13-24k,,,,https://www.liepin.com/a/73875659.shtml,20260325145325,,,,
7514,猎聘,能源/化工/环保,矿山,工业水销售经理,企业职位,朝晖过滤,2000-5000人,,武汉,嘉兴,大专,3-5年,15-20k·17薪,,,,https://www.liepin.com/job/1967905681.shtml,20260513085323,,,,
7515,猎聘,能源/化工/环保,矿山,安全矿长,企业职位,某西安人力资源服务公司,100-499人,,武汉,杭州,学历不限,经验不限,25-35k,,,,https://www.liepin.com/a/73632725.shtml,20260324103956,,,,
7516,猎聘,能源/化工/环保,矿山,机械采购工程师（机床/机加工）,企业职位,能欣投资,100-499人,,武汉,杭州-上城区,大专,经验不限,8-12k,,,,https://www.liepin.com/job/1980460771.shtml,20260227085614,,,,
7517,猎聘,能源/化工/环保,矿山,机械采购工程师,企业职位,能欣投资,100-499人,,武汉,杭州-上城区,大专,3-5年,8-12k,,,,https://www.liepin.com/job/1981028483.shtml,20260318093934,,,,
7518,猎聘,能源/化工/环保,矿山,机械设计工程师（永康）,企业职位,能欣投资,100-499人,,武汉,金华-永康,本科,1-3年,8-13k,,,,https://www.liepin.com/job/1971625855.shtml,20241226085419,,,,
7519,猎聘,能源/化工/环保,矿山,区域销售总监,企业职位,八维通,100-499人,,武汉,杭州,大专,7年以上,15-25k,,,,https://www.liepin.com/job/1979739685.shtml,20260113191047,,,,
7520,猎聘,能源/化工/环保,矿山,工业水销售,企业职位,朝晖过滤,2000-5000人,,武汉,嘉兴-桐乡,大专,3-5年,11-30k,,,,https://www.liepin.com/job/1968494271.shtml,20240720100555,,,,
7521,猎聘,能源/化工/环保,矿山,区域营销总监（具身智能机器人方向，优秀人才地点另议）-国企背景诚聘,企业职位,八维通,100-499人,,武汉,杭州,大专,7年以上,15-25k,,,,https://www.liepin.com/job/1979739741.shtml,20260113191437,,,,
7522,猎聘,能源/化工/环保,矿山,电力工业水销售业务经理,企业职位,朝晖过滤,2000-5000人,,武汉,嘉兴-桐乡,大专,5-10年,13-27k,,,,https://www.liepin.com/job/1970242451.shtml,20241016172122,,,,
7523,猎聘,能源/化工/环保,矿山,销售经理/工程师（工业水）,企业职位,朝晖过滤,2000-5000人,,武汉,嘉兴-桐乡,大专,5-10年,12-20k,,,,https://www.liepin.com/job/1970237967.shtml,20260108134016,,,,
7524,猎聘,能源/化工/环保,矿山,地质勘探人员,企业职位,杭州宝鑫进出口有限公司,50-99人,,武汉,杭州-萧山区,大专,10年以上,18-20k,,,,https://www.liepin.com/job/1979710859.shtml,20260113084718,,,,
7525,猎聘,能源/化工/环保,矿山,产品经理,企业职位,杭州珑滴科技有限公司,1-49人,,武汉,杭州-上城区,统招本科,3-5年,6-12k,,,,https://www.liepin.com/job/1960687387.shtml,20230809181847,,,,
7526,猎聘,能源/化工/环保,矿山,海外售后（俄罗斯，葡萄牙，巴西）,企业职位,霍里思特科技(浙江)有限公司,1-49人,,武汉,湖州,学历不限,经验不限,10-15k·14薪,,,,https://www.liepin.com/job/1969851541.shtml,20240923152119,,,,
7527,猎聘,能源/化工/环保,矿山,发展总经理,企业职位,日昌升集团有限公司,1000-2000人,,武汉,杭州,统招本科,5-10年,25-40k·15薪,,,,https://www.liepin.com/job/1948860429.shtml,20220413093825,,,,
7528,猎聘,能源/化工/环保,矿山,大项目经理,企业职位,浙江双金机械集团股份有限公司,500-999人,,武汉,杭州-钱塘区,本科,3-5年,12-15k,,,,https://www.liepin.com/job/1971747237.shtml,20250103133448,,,,
7529,猎聘,能源/化工/环保,矿山,采矿设计总监,企业职位,日昌升集团有限公司,1000-2000人,,武汉,杭州-上城区,本科,3-5年,20-30k·15薪,,,,https://www.liepin.com/job/1961563743.shtml,20250225195453,,,,
7530,猎聘,能源/化工/环保,矿山,销售经理,企业职位,浙江双金机械集团股份有限公司,500-999人,,武汉,杭州-钱塘区,统招本科,3-5年,12-15k,,,,https://www.liepin.com/job/1961119689.shtml,20250103133124,,,,
7531,猎聘,能源/化工/环保,矿山,重卡研发主管师、主任师,企业职位,杭州清安汽贸有限公司,1-49人,,武汉,杭州,本科,5-10年,15-25k,,,,https://www.liepin.com/job/1961861407.shtml,20231003181242,,,,
7532,猎聘,能源/化工/环保,矿山,机械工程师,企业职位,日昌升集团有限公司,1000-2000人,,武汉,杭州-上城区,本科,3-5年,12-18k·15薪,,,,https://www.liepin.com/job/1962315961.shtml,20240314161119,,,,
7533,猎聘,能源/化工/环保,矿山,矿卡采购主管师，主任师,企业职位,杭州清安汽贸有限公司,1-49人,,武汉,杭州-钱塘区,大专,5-10年,15-25k,,,,https://www.liepin.com/job/1961688673.shtml,20231003181312,,,,
7534,猎聘,能源/化工/环保,矿山,项目实施工程师,企业职位,锦江集团,10000人以上,,武汉,杭州-西湖区,大专,3-5年,15-20k·13薪,,,,https://www.liepin.com/job/1956439819.shtml,20230224100705,,,,
7535,猎聘,能源/化工/环保,矿山,地质勘查/选矿/采矿,企业职位,宁波砃垠地矿环境技术有限公司,1-49人,,武汉,宁波-北仑区,大专,3-5年,6-10k,,,,https://www.liepin.com/job/1939577285.shtml,20220415173857,,,,
7536,猎聘,能源/化工/环保,矿山,嵌入式硬件工程师（机器人二次开发工程师）,企业职位,浙江万擎动能科技有限公司,1-49人,,武汉,杭州-余杭区,本科,3-5年,15-25k,,,,https://www.liepin.com/job/1983255747.shtml,20260608171702,,,,
7537,猎聘,能源/化工/环保,矿山,嵌入式硬件工程师（机器人二次开发工程师）,企业职位,浙江万擎动能科技有限公司,1-49人,,武汉,杭州-余杭区,本科,3-5年,25-35k,,,,https://www.liepin.com/job/1983238939.shtml,20260609153822,,,,
7538,猎聘,能源/化工/环保,矿山,海外销售（英语/法语/俄语/西语）,企业职位,河北澳金机械设备有限公司,100-499人,,武汉,杭州-滨江区,本科,经验不限,22-35k,,,,https://www.liepin.com/job/1978417207.shtml,20260226165645,,,,
7539,猎聘,能源/化工/环保,矿山,销售经理（新能源重卡）,企业职位,深向科技,1000-2000人,,武汉,杭州-上城区,大专,经验不限,9-15k,,,,https://www.liepin.com/job/1982368933.shtml,20260516080528,,,,
7540,猎聘,能源/化工/环保,矿山,营销经理,企业职位,三一集团,10000人以上,,武汉,湖州-吴兴区,本科,3-5年,15-30k,,,,https://www.liepin.com/job/1982356839.shtml,20260508161747,,,,
7541,猎聘,能源/化工/环保,矿山,电机销售经理欧洲市场,企业职位,人为科技有限公司,50-99人,,武汉,湖州,统招本科,3-5年,13-20k·13薪,,,,https://www.liepin.com/a/74387357.shtml,20260408152111,,,,
7542,猎聘,能源/化工/环保,矿山,充电桩销售（工程机械行业）,企业职位,深圳市盛弘电气股份有限公司,2000-5000人,,武汉,杭州-拱墅区,大专,1年以上,10-15k,,,,https://www.liepin.com/job/1981469191.shtml,20260402172142,,,,
7543,猎聘,能源/化工/环保,矿山,现场车辆调度员（外派印尼）,企业职位,寒锐钴业,1000-2000人,,武汉,宁波-海曙区,中专/中技,1年以上,13-15k·13薪,,,,https://www.liepin.com/job/1980848965.shtml,20260311172204,,,,
7544,猎聘,能源/化工/环保,矿山,自动驾驶方案开发工程师,企业职位,某杭州电力/热力/燃气/水务公司,100-499人,,武汉,杭州,本科,5-10年,25-50k,,,,https://www.liepin.com/a/74606447.shtml,20260414110752,,,,
7545,猎聘,能源/化工/环保,矿山,采矿工程师,猎头职位,某国内人力资源服务公司,50-99人,,武汉,杭州,学历不限,5-10年,20-21k,,,,https://www.liepin.com/a/73893987.shtml,20260402152428,,,,
7546,猎聘,能源/化工/环保,矿山,投资副总经理,猎头职位,某知名上市公司,10000人以上,,武汉,嘉兴,本科,10年以上,100-120k,,,,https://www.liepin.com/a/75580647.shtml,20260609171202,,,,
7547,猎聘,能源/化工/环保,矿山,浮选机搅拌系统结构设计,猎头职位,某知名公司,100-499人,,武汉,杭州,大专,3-5年,16-25k,,,,https://www.liepin.com/a/75822391.shtml,20260609082526,,,,
7548,猎聘,能源/化工/环保,矿山,激光建图定位算法,猎头职位,某大型知名人工智能公司,1000-2000人,,武汉,杭州,硕士,5-10年,35-65k·15薪,,,,https://www.liepin.com/a/74683259.shtml,20260415161757,,,,
7549,猎聘,能源/化工/环保,矿山,电气工程师,猎头职位,某杭州贸易进出口公司,100-499人,,武汉,杭州,学历不限,5-10年,20-30k,,,,https://www.liepin.com/a/73328085.shtml,20260609090750,,,,
7550,猎聘,能源/化工/环保,矿山,采矿工程师,猎头职位,某国内人力资源服务公司,50-99人,,武汉,杭州,大专,5年以上,20-21k,,,,https://www.liepin.com/a/75126405.shtml,20260605092009,,,,
7551,猎聘,能源/化工/环保,矿山,自动驾驶方案开发工程师岗位,猎头职位,某杭州电力/热力/燃气/水务公司,100-499人,,武汉,杭州,统招本科,5-10年,40-50k,,,,https://www.liepin.com/a/75420357.shtml,20260609103316,,,,
7552,猎聘,能源/化工/环保,矿山,英语翻译,猎头职位,某知名公司,50-99人,,武汉,杭州,学历不限,1-3年,18-20k,,,,https://www.liepin.com/a/73943955.shtml,20260330163523,,,,
7553,猎聘,能源/化工/环保,矿山,机械工程师（浮选机搅拌系统方向）需要懂浮选工艺流程,猎头职位,某国内知名公司,1000-2000人,,武汉,绍兴,学历不限,1-3年,10-15k,,,,https://www.liepin.com/a/75804259.shtml,20260609134531,,,,
7554,猎聘,能源/化工/环保,矿山,铜铝国际大宗贸易负责人（工作地点不限）,猎头职位,某厦门大型贸易进出口公司,10000人以上,,武汉,杭州,学历不限,经验不限,30-50k·20薪,,,,https://www.liepin.com/a/75681833.shtml,20260514162045,,,,
7555,猎聘,能源/化工/环保,矿山,供应链总监,猎头职位,某宁波新能源上市公司,2000-5000人,,武汉,宁波,统招本科,8年以上,30-50k·15薪,,,,https://www.liepin.com/a/75823243.shtml,20260529161022,,,,
7556,猎聘,能源/化工/环保,矿山,行业销售-工业软件（交通港口、军工、冶金、有色、半导体、烟草、食品饮料）,猎头职位,某大型知名计算机软件公司,500-999人,,武汉,杭州,统招本科,3-5年,20-30k·15薪,,,,https://www.liepin.com/a/75479035.shtml,20260526150714,,,,
7557,猎聘,能源/化工/环保,矿山,注册安全工程师,猎头职位,某国内人力资源服务公司,100-499人,,武汉,杭州,统招本科,经验不限,12-16k,,,,https://www.liepin.com/a/76042611.shtml,20260526092516,,,,
7558,猎聘,能源/化工/环保,矿山,具身智能营销工程师,猎头职位,某杭州互联网公司,100-499人,,武汉,杭州,大专,3-5年,12-22k,,,,https://www.liepin.com/a/74659273.shtml,20260421151908,,,,
7559,猎聘,能源/化工/环保,矿山,选矿厂长,猎头职位,某杭州贸易进出口公司,100-499人,,武汉,杭州,本科,10年以上,50-80k,,,,https://www.liepin.com/a/74484171.shtml,20260410111208,,,,
7560,猎聘,能源/化工/环保,矿山,供应链总监,猎头职位,某北京大型新能源公司,5000-10000人,,武汉,宁波-余姚,统招本科,5-10年,30-45k·13薪,,,,https://www.liepin.com/a/74041025.shtml,20260508174919,,,,
7561,猎聘,能源/化工/环保,矿山,自动驾驶方案开发工程师,猎头职位,某杭州电力/热力/燃气/水务公司,100-499人,,武汉,杭州-滨江区,本科,5年以上,40-50k·13薪,,,,https://www.liepin.com/a/75145733.shtml,20260428144016,,,,
7562,猎聘,能源/化工/环保,矿山,机电技术员,猎头职位,某国内专业服务公司,50-99人,,武汉,衢州,学历不限,1-3年,7-8k,,,,https://www.liepin.com/a/76019631.shtml,20260605165733,,,,
7563,猎聘,能源/化工/环保,矿山,无人驾驶研发工程师,猎头职位,某杭州电力/热力/燃气/水务公司,100-499人,,武汉,杭州,学历不限,经验不限,40-60k·14薪,,,,https://www.liepin.com/a/75154467.shtml,20260428162246,,,,
7564,猎聘,能源/化工/环保,矿山,铜铝国际业务负责人（央企）,猎头职位,某杭州大型贸易进出口公司,1000-2000人,,武汉,杭州,统招本科,5年以上,25-40k,,,,https://www.liepin.com/a/75588617.shtml,20260525095550,,,,
7565,猎聘,能源/化工/环保,矿山,算法工程师,猎头职位,某杭州人工智能公司,100-499人,,武汉,杭州,硕士,3-5年,40-70k,,,,https://www.liepin.com/a/75402563.shtml,20260508114524,,,,
7566,猎聘,能源/化工/环保,矿山,选矿投资经理,猎头职位,某国内环保上市公司,10000人以上,,武汉,嘉兴-桐乡,本科,5-10年,40-50k,,,,https://www.liepin.com/a/76538557.shtml,20260608164113,,,,
7567,猎聘,能源/化工/环保,矿山,液压工程师（深海系统方向）,猎头职位,某国内学术/科研公司,100-499人,,武汉,舟山,硕士,3年以上,23-28k·13薪,,,,https://www.liepin.com/a/69886765.shtml,20260608110312,,,,
7568,猎聘,能源/化工/环保,矿山,销售经理（矿山设备）,企业职位,某国内批发/零售公司,1-49人,,西安,淮北,大专,3-5年,15-20k,,,,https://www.liepin.com/a/75490101.shtml,20260609181631,,,,
7569,猎聘,能源/化工/环保,矿山,安徽甲方矿山单位招聘矿长,企业职位,某国内咨询服务公司,50-99人,,西安,池州,学历不限,经验不限,18-20k,,,,https://www.liepin.com/a/76139859.shtml,20260604085549,,,,
7570,猎聘,能源/化工/环保,矿山,安徽矿山单位招机电矿长全职,企业职位,某国内咨询服务公司,50-99人,,西安,蚌埠,学历不限,经验不限,15-20k,,,,https://www.liepin.com/a/76141279.shtml,20260604085549,,,,
7571,猎聘,能源/化工/环保,矿山,安徽矿山单位招机电矿长,企业职位,某国内咨询服务公司,50-99人,,西安,蚌埠,学历不限,经验不限,15-20k,,,,https://www.liepin.com/a/76389713.shtml,20260604091209,,,,
7572,猎聘,能源/化工/环保,矿山,安徽矿山单位招大矿长全职,企业职位,某国内咨询服务公司,50-99人,,西安,蚌埠,学历不限,经验不限,20-30k,,,,https://www.liepin.com/a/76389189.shtml,20260604090436,,,,
7573,猎聘,能源/化工/环保,矿山,矿山皮带机运维项目经理（非采矿区） (MJ000375),企业职位,容知日新,500-999人,,西安,合肥-高新区,大专,10年以上,18-30k·13薪,,,,https://www.liepin.com/job/1981414271.shtml,20260515155055,,,,
7574,猎聘,能源/化工/环保,矿山,安徽矿山单位招生产矿长全职,企业职位,某国内咨询服务公司,50-99人,,西安,蚌埠,学历不限,经验不限,15-20k,,,,https://www.liepin.com/a/76389537.shtml,20260604090949,,,,
7575,猎聘,能源/化工/环保,矿山,销售经理（矿山设备）,企业职位,某国内批发/零售公司,1-49人,,西安,淮北,大专,3-5年,15-30k,,,,https://www.liepin.com/a/75157041.shtml,20260609164352,,,,
7576,猎聘,能源/化工/环保,矿山,安徽甲方矿山单位招大矿长,企业职位,某知名公司,50-99人,,西安,蚌埠,学历不限,5-10年,20-30k,,,,https://www.liepin.com/a/76366937.shtml,20260603151307,,,,
7577,猎聘,能源/化工/环保,矿山,安徽矿山单位招机电矿长全职,企业职位,某知名公司,50-99人,,西安,蚌埠,学历不限,5-10年,15-20k,,,,https://www.liepin.com/a/75857997.shtml,20260520111404,,,,
7578,猎聘,能源/化工/环保,矿山,安徽甲方矿山单位招聘矿长,企业职位,某知名公司,50-99人,,西安,池州,学历不限,5-10年,19-20k,,,,https://www.liepin.com/a/76090349.shtml,20260527090251,,,,
7579,猎聘,能源/化工/环保,矿山,矿山总工,企业职位,某国内咨询服务公司,50-99人,,西安,池州,大专,10年以上,20-21k,,,,https://www.liepin.com/a/75309271.shtml,20260529155440,,,,
7580,猎聘,能源/化工/环保,矿山,工业油销售经理（矿山行业）,企业职位,特浦朗克,100-499人,,西安,合肥-包河区,大专,3-5年,10-15k,,,,https://www.liepin.com/job/1966504015.shtml,20260609142743,,,,
7581,猎聘,能源/化工/环保,矿山,南美洲矿山负责人,企业职位,合肥浦发建设集团有限公司,100-499人,,西安,合肥-肥东县,本科,8年以上,15-45k,,,,https://www.liepin.com/job/1972268413.shtml,20260609110830,,,,
7582,猎聘,能源/化工/环保,矿山,矿山机械设计高级工程师,企业职位,特码斯派克工业技术(安徽)有限公司,100-499人,,西安,淮南-田家庵区,统招本科,10年以上,15-45k,,,,https://www.liepin.com/job/1982330741.shtml,20260603161751,,,,
7583,猎聘,能源/化工/环保,矿山,矿山通风工程师,企业职位,某知名公司,1-49人,,西安,蚌埠,学历不限,5-10年,10-15k,,,,https://www.liepin.com/a/73518653.shtml,20260511101824,,,,
7584,猎聘,能源/化工/环保,矿山,采矿工程师(金属矿山),企业职位,宿州煤电(集团)有限公司,5000-10000人,,西安,宿州-萧县,本科,3年以上,10-20k,,,,https://www.liepin.com/job/1980827813.shtml,20260403100401,,,,
7585,猎聘,能源/化工/环保,矿山,安全咨询服务人员（煤矿/金属非金属矿山）,企业职位,深圳瑞捷,1000-2000人,,西安,合肥-蜀山区,本科,5年以上,10-15k,,,,https://www.liepin.com/job/1983139441.shtml,20260604102456,,,,
7586,猎聘,能源/化工/环保,矿山,国企学术带头人（煤炭、煤矿、煤化工、煤电、矿山、能源化工 研发、科研、技术攻关、学术研究、课题负责人、团队带头人）,企业职位,某国内矿产开采上市公司,10000人以上,,西安,淮北,统招本科,3-5年,20-40k,,,,https://www.liepin.com/a/76288037.shtml,20260609111627,,,,
7587,猎聘,能源/化工/环保,矿山,矿山机电副经理,企业职位,六安钢铁控股集团有限公司,5000-10000人,,西安,六安-霍邱县,大专,3-5年,15-20k,,,,https://www.liepin.com/job/1982087119.shtml,20260425103300,,,,
7588,猎聘,能源/化工/环保,矿山,安徽矿山单位招机电矿长,企业职位,某国内咨询服务公司,50-99人,,西安,蚌埠,大专,5-10年,15-20k,,,,https://www.liepin.com/a/73782909.shtml,20260609084326,,,,
7589,猎聘,能源/化工/环保,矿山,矿山机械设备高级工程师,企业职位,深圳亿特控股(集团)有限公司,2000-5000人,,西安,铜陵-铜官区,本科,5年以上,30-50k·13薪,,,,https://www.liepin.com/job/1975505817.shtml,20260211112914,,,,
7590,猎聘,能源/化工/环保,矿山,矿山行业大客户销售,企业职位,浪潮,10000人以上,,西安,合肥-高新区,本科,5年以上,10-18k·16薪,,,,https://www.liepin.com/job/1976204761.shtml,20250801162526,,,,
7591,猎聘,能源/化工/环保,矿山,矿山工程师,企业职位,阿尔博波特兰(安庆)有限公司,100-499人,,西安,安庆-宜秀区,本科,5-10年,7-8k·15薪,,,,https://www.liepin.com/job/1951160715.shtml,20251110091354,,,,
7592,猎聘,能源/化工/环保,矿山,销售经理（矿山设备）,企业职位,某国内学术/科研公司,1-49人,,西安,淮北,大专,3-5年,11-20k,,,,https://www.liepin.com/a/75505743.shtml,20260511113356,,,,
7593,猎聘,能源/化工/环保,矿山,人力资源经理/招聘经理（有色金属/矿山）,企业职位,深圳亿特控股(集团)有限公司,2000-5000人,,西安,铜陵-铜官区,统招本科,5-10年,15-20k·13薪,,,,https://www.liepin.com/job/1969043555.shtml,20260211112937,,,,
7594,猎聘,能源/化工/环保,矿山,中级矿山机电工程师,企业职位,某大型知名房地产开发经营公司,10000人以上,,西安,合肥,学历不限,10年以上,40-45k,,,,https://www.liepin.com/a/73328391.shtml,20260313092603,,,,
7595,猎聘,能源/化工/环保,矿山,矿山设计,企业职位,安徽海螺集团,10000人以上,,西安,芜湖-弋江区,本科,经验不限,12-20k,,,,https://www.liepin.com/job/1977078341.shtml,20250910153539,,,,
7596,猎聘,能源/化工/环保,矿山,矿山设备维修员,企业职位,安徽博瑞斯特重工科技有限公司,50-99人,,西安,合肥,中专/中技,经验不限,5-8k,,,,https://www.liepin.com/job/1931926491.shtml,20200921155138,,,,
7597,猎聘,能源/化工/环保,矿山,石灰石矿山项目经理（项目总，子分公司总经理）,企业职位,安徽志虎达控股集团有限公司,100-499人,,西安,合肥-包河区,大专,10年以上,20-40k,,,,https://www.liepin.com/job/1977920811.shtml,20251022095439,,,,
7598,猎聘,能源/化工/环保,矿山,区域销售经理（能源 矿山 巡检-应急管理方向 ）,企业职位,某合肥互联网公司,100-499人,,西安,合肥,统招本科,5-10年,15-20k,,,,https://www.liepin.com/a/76571487.shtml,20260609115026,,,,
7599,猎聘,能源/化工/环保,矿山,设备副矿长,企业职位,某国内大型矿产开采公司,500-999人,,西安,六安,本科,经验不限,40-50k,,,,https://www.liepin.com/a/76015227.shtml,20260604152309,,,,
7600,猎聘,能源/化工/环保,矿山,机器人结构工程师（特种防爆方向）,企业职位,某合肥人工智能公司,50-99人,,西安,合肥,统招本科,3-5年,25-30k,,,,https://www.liepin.com/a/75565849.shtml,20260517110359,,,,
7601,猎聘,能源/化工/环保,矿山,安全员,企业职位,安徽金沙钼业有限公司,1-49人,,西安,六安-金寨县,大专,5年以上,13-21k,,,,https://www.liepin.com/job/1982792561.shtml,20260522224545,,,,
7602,猎聘,能源/化工/环保,矿山,采矿工程师,企业职位,某国内矿产开采上市公司,10000人以上,,西安,合肥,学历不限,经验不限,20-40k,,,,https://www.liepin.com/a/75653843.shtml,20260514095010,,,,
7603,猎聘,能源/化工/环保,矿山,矿长/总经理,企业职位,某苏州大型专业服务公司,10000人以上,,西安,马鞍山,大专,10年以上,50-80k,,,,https://www.liepin.com/a/75831139.shtml,20260609090524,,,,
7604,猎聘,能源/化工/环保,矿山,采矿工程师,企业职位,某深圳大型装饰装修公司,10000人以上,,西安,宣城,本科,3-5年,11-22k,,,,https://www.liepin.com/a/72370919.shtml,20260609144942,,,,
7605,猎聘,能源/化工/环保,矿山,矿长,企业职位,某国内非金属矿物制品公司,100-499人,,西安,池州,大专,10年以上,15-25k,,,,https://www.liepin.com/a/76356521.shtml,20260603122030,,,,
7606,猎聘,能源/化工/环保,矿山,安全副总（井工金属矿）,企业职位,某国内大型矿产开采公司,500-999人,,西安,六安,大专,经验不限,80-90k,,,,https://www.liepin.com/a/76229385.shtml,20260604152147,,,,
7607,猎聘,能源/化工/环保,矿山,大客户销售,企业职位,某合肥新能源上市公司,10000人以上,,西安,合肥,统招本科,5-10年,40-70k,,,,https://www.liepin.com/a/74095605.shtml,20260609091828,,,,
7608,猎聘,能源/化工/环保,矿山,安环部经理,企业职位,某国内大型矿产开采公司,500-999人,,西安,六安,大专,经验不限,22-25k,,,,https://www.liepin.com/a/76018065.shtml,20260525150744,,,,
7609,猎聘,能源/化工/环保,矿山,矿长,企业职位,某国内咨询服务公司,50-99人,,西安,蚌埠,大专,10年以上,20-30k,,,,https://www.liepin.com/a/76355771.shtml,20260609164707,,,,
7610,猎聘,能源/化工/环保,矿山,销售工程师（工业润滑油方向）,企业职位,特浦朗克,100-499人,,西安,合肥-包河区,本科,2年以上,8-10k,,,,https://www.liepin.com/job/1980178281.shtml,20260609142743,,,,
7611,猎聘,能源/化工/环保,矿山,采矿总工程师,企业职位,某国内大型矿产开采公司,500-999人,,西安,六安,本科,10年以上,50-60k,,,,https://www.liepin.com/a/75579899.shtml,20260512154917,,,,
7612,猎聘,能源/化工/环保,矿山,砂石骨料生产经理,企业职位,容知日新,500-999人,,西安,合肥-高新区,大专,10年以上,18-30k·13薪,,,,https://www.liepin.com/job/1982577697.shtml,20260515155413,,,,
7613,猎聘,能源/化工/环保,矿山,采矿工程师,企业职位,某知名公司,500-999人,,西安,淮南,学历不限,3-5年,25-30k,,,,https://www.liepin.com/a/73967593.shtml,20260602100549,,,,
7614,猎聘,能源/化工/环保,矿山,矿业部业务开发专员,企业职位,爱森(中国)絮凝剂有限公司,500-999人,,西安,合肥-瑶海区,本科,经验不限,7-8k·13薪,,,,https://www.liepin.com/job/1978054003.shtml,20260609102530,,,,
7615,猎聘,能源/化工/环保,矿山,采购BP,企业职位,容知日新,500-999人,,西安,合肥-高新区,本科,3-5年,10-17k·13薪,,,,https://www.liepin.com/job/1982814221.shtml,20260609151337,,,,
7616,猎聘,能源/化工/环保,矿山,机电矿长,企业职位,某知名公司,50-99人,,西安,蚌埠,大专,10年以上,15-20k,,,,https://www.liepin.com/a/75916753.shtml,20260521153024,,,,
7617,猎聘,能源/化工/环保,矿山,铸钢工程师,企业职位,某知名公司,1-49人,,西安,马鞍山,学历不限,10年以上,20-25k,,,,https://www.liepin.com/a/76393497.shtml,20260604095421,,,,
7618,猎聘,能源/化工/环保,矿山,采矿专家（有色）,企业职位,某国内矿产开采上市公司,10000人以上,,西安,合肥,本科,10年以上,50-80k·15薪,,,,https://www.liepin.com/a/73808805.shtml,20260609101146,,,,
7619,猎聘,能源/化工/环保,矿山,矿业部业务开发专员,企业职位,爱森(中国)絮凝剂有限公司,500-999人,,西安,淮南-田家庵区,本科,经验不限,7-8k·13薪,,,,https://www.liepin.com/job/1978054001.shtml,20260609102530,,,,
7620,猎聘,能源/化工/环保,矿山,海外销售,企业职位,某合肥新能源公司,100-499人,,西安,合肥,学历不限,1-3年,20-30k,,,,https://www.liepin.com/a/76048145.shtml,20260526101726,,,,
7621,猎聘,能源/化工/环保,矿山,机电副矿长,企业职位,某西安人力资源服务公司,100-499人,,西安,合肥,大专,5-10年,16-17k,,,,https://www.liepin.com/a/74113009.shtml,20260513112936,,,,
7622,猎聘,能源/化工/环保,矿山,数智化技术研究中心负责人,企业职位,某国内知名公司,10000人以上,,西安,芜湖,硕士,5年以上,60-85k,,,,https://www.liepin.com/a/75380023.shtml,20260604215956,,,,
7623,猎聘,能源/化工/环保,矿山,矿长（甲方）,企业职位,某国内人力资源服务公司,50-99人,,西安,六安,大专,10年以上,24-25k,,,,https://www.liepin.com/a/75587017.shtml,20260512170500,,,,
7624,猎聘,能源/化工/环保,矿山,矿业部业务开发专员,企业职位,爱森(中国)絮凝剂有限公司,500-999人,,西安,马鞍山-花山区,本科,经验不限,7-8k·13薪,,,,https://www.liepin.com/job/1978054007.shtml,20260609102530,,,,
7625,猎聘,能源/化工/环保,矿山,采矿工程师/技术员,企业职位,宿州煤电(集团)有限公司,5000-10000人,,西安,宿州-萧县,统招本科,3年以上,6-15k,,,,https://www.liepin.com/job/1970082169.shtml,20260529164849,,,,
7626,猎聘,能源/化工/环保,矿山,地质矿长（安徽甲方）,企业职位,某国内咨询服务公司,50-99人,,西安,池州,学历不限,5-10年,20-21k,,,,https://www.liepin.com/a/76103533.shtml,20260527111712,,,,
7627,猎聘,能源/化工/环保,矿山,电气技术管理,企业职位,安徽金沙钼业有限公司,1-49人,,西安,六安-金寨县,大专,5-10年,13-21k,,,,https://www.liepin.com/job/1982792545.shtml,20260522224331,,,,
7628,猎聘,能源/化工/环保,矿山,采矿工程师,企业职位,某知名公司,100-499人,,西安,合肥,本科,经验不限,15-25k,,,,https://www.liepin.com/a/76424727.shtml,20260604165940,,,,
7629,猎聘,能源/化工/环保,矿山,工程交付总监/副总监,企业职位,踏歌智行,100-499人,,西安,合肥-新站区,本科,8年以上,20-35k·15薪,,,,https://www.liepin.com/job/1981161635.shtml,20260519092804,,,,
7630,猎聘,能源/化工/环保,矿山,猎头顾问-base可谈,企业职位,某人力资源服务公司,50-99人,,西安,合肥,学历不限,经验不限,8-13k,,,,https://www.liepin.com/a/76151087.shtml,20260528105856,,,,
7631,猎聘,能源/化工/环保,矿山,选矿工程师,企业职位,安徽金沙钼业有限公司,1-49人,,西安,六安-金寨县,大专,5年以上,13-25k,,,,https://www.liepin.com/job/1983081141.shtml,20260604145647,,,,
7632,猎聘,能源/化工/环保,矿山,总工,企业职位,青阳县来龙方解石矿业有限责任公司,1-49人,,西安,池州-青阳县,大专,10年以上,12-18k,,,,https://www.liepin.com/job/1982871447.shtml,20260526141648,,,,
7633,猎聘,能源/化工/环保,矿山,采矿工程师/技术员,企业职位,宿州煤电(集团)有限公司,5000-10000人,,西安,宿州,本科,3-5年,12-16k,,,,https://www.liepin.com/job/1968155203.shtml,20260513090805,,,,
7634,猎聘,能源/化工/环保,矿山,交付项目经理,企业职位,踏歌智行,100-499人,,西安,合肥-新站区,本科,3年以上,20-40k,,,,https://www.liepin.com/job/1982515881.shtml,20260519092808,,,,
7635,猎聘,能源/化工/环保,矿山,高级研究员,企业职位,某国内建材上市公司,10000人以上,,西安,芜湖,学历不限,2年以上,25-50k·15薪,,,,https://www.liepin.com/a/75276735.shtml,20260609111749,,,,
7636,猎聘,能源/化工/环保,矿山,初级爆破工程师,企业职位,某国内人力资源公司,50-99人,,西安,池州,大专,1-3年,15-16k,,,,https://www.liepin.com/a/74432473.shtml,20260409115125,,,,
7637,猎聘,能源/化工/环保,矿山,选矿工程师,企业职位,某知名公司,50-99人,,西安,铜陵,学历不限,5-10年,15-18k,,,,https://www.liepin.com/a/74664819.shtml,20260511101824,,,,
7638,猎聘,能源/化工/环保,矿山,露天矿长,企业职位,青阳县来龙方解石矿业有限责任公司,1-49人,,西安,池州-青阳县,大专,5年以上,20-30k,,,,https://www.liepin.com/job/1981623829.shtml,20260507083145,,,,
7639,猎聘,能源/化工/环保,矿山,安全矿长,企业职位,宿州煤电(集团)有限公司,5000-10000人,,西安,宿州,统招本科,5-10年,26-30k,,,,https://www.liepin.com/job/1983121937.shtml,20260608091000,,,,
7640,猎聘,能源/化工/环保,矿山,地质工程师,企业职位,富冶集团有限公司,2000-5000人,,西安,宣城-宣州区,本科,10年以上,16-20k,,,,https://www.liepin.com/job/1977301655.shtml,20260603171734,,,,
7641,猎聘,能源/化工/环保,矿山,【甲方单位  五险一金】 岗位：采矿技术员,企业职位,某国内人力资源服务公司,50-99人,,西安,合肥,中专/中技,5年以上,8-9k,,,,https://www.liepin.com/a/76146665.shtml,20260528102034,,,,
7642,猎聘,能源/化工/环保,矿山,应急消防销售经理,企业职位,合肥亿航智能设备有限公司,100-499人,,西安,合肥-包河区,本科,5-10年,10-20k·13薪,,,,https://www.liepin.com/job/1982476831.shtml,20260512182924,,,,
7643,猎聘,能源/化工/环保,矿山,选矿工程师,企业职位,某知名公司,100-499人,,西安,合肥,学历不限,经验不限,15-25k,,,,https://www.liepin.com/a/75653751.shtml,20260514094907,,,,
7644,猎聘,能源/化工/环保,矿山,安全矿长,企业职位,宿州煤电(集团)有限公司,5000-10000人,,西安,宿州-萧县,统招本科,5-10年,26-40k,,,,https://www.liepin.com/job/1983160833.shtml,20260609081522,,,,
7645,猎聘,能源/化工/环保,矿山,集团财务总监,企业职位,某国内金属冶炼公司,500-999人,,西安,合肥,统招本科,10年以上,30-45k,,,,https://www.liepin.com/a/76044067.shtml,20260609101306,,,,
7646,猎聘,能源/化工/环保,矿山,行政经理,企业职位,特码斯派克工业技术(安徽)有限公司,100-499人,,西安,淮南-田家庵区,统招本科,3年以上,6-10k,,,,https://www.liepin.com/job/1980305911.shtml,20260603161751,,,,
7647,猎聘,能源/化工/环保,矿山,安全工程师,企业职位,某国内矿产开采上市公司,2000-5000人,,西安,六安,学历不限,3-5年,20-26k,,,,https://www.liepin.com/a/74342845.shtml,20260519090947,,,,
7648,猎聘,能源/化工/环保,矿山,采矿工程师（煤矿）,企业职位,宿州煤电(集团)有限公司,5000-10000人,,西安,淮北-濉溪县,本科,3年以上,10-18k,,,,https://www.liepin.com/job/1980827595.shtml,20260311111822,,,,
7649,猎聘,能源/化工/环保,矿山,产品开发与检验检测中心负责人,企业职位,某国内知名公司,10000人以上,,西安,芜湖,硕士,10年以上,60-85k,,,,https://www.liepin.com/a/75379957.shtml,20260604215956,,,,
7650,猎聘,能源/化工/环保,矿山,设备工程师,企业职位,富冶集团有限公司,2000-5000人,,西安,宣城-宣州区,大专,10年以上,13-21k,,,,https://www.liepin.com/job/1981815369.shtml,20260603171734,,,,
7651,猎聘,能源/化工/环保,矿山,旗杆楼铁矿机电工程师/技术员,企业职位,宿州煤电(集团)有限公司,5000-10000人,,西安,宿州-萧县,本科,3-5年,6-15k,,,,https://www.liepin.com/job/1969203995.shtml,20260529164820,,,,
7652,猎聘,能源/化工/环保,矿山,大矿长,企业职位,某国内人力资源服务公司,50-99人,,西安,蚌埠,学历不限,经验不限,20-30k,,,,https://www.liepin.com/a/76351807.shtml,20260609091846,,,,
7653,猎聘,能源/化工/环保,矿山,机电副矿长,企业职位,某西安人力资源服务公司,100-499人,,西安,合肥,大专,5-10年,15-20k,,,,https://www.liepin.com/a/74260431.shtml,20260429155815,,,,
7654,猎聘,能源/化工/环保,矿山,机电工程师,企业职位,宿州煤电(集团)有限公司,5000-10000人,,西安,淮北-濉溪县,统招本科,3-5年,12-16k,,,,https://www.liepin.com/job/1978292877.shtml,20260513090805,,,,
7655,猎聘,能源/化工/环保,矿山,综合能源项目开发经理（绿色化工方向）,企业职位,某大型知名新能源公司,2000-5000人,,西安,合肥,统招本科,3-5年,20-30k·15薪,,,,https://www.liepin.com/a/74108341.shtml,20260526181746,,,,
7656,猎聘,能源/化工/环保,矿山,机电矿长,企业职位,某国内咨询服务公司,50-99人,,西安,蚌埠,大专,10年以上,15-20k,,,,https://www.liepin.com/a/73782887.shtml,20260609164708,,,,
7657,猎聘,能源/化工/环保,矿山,总工,企业职位,某国内人力资源服务公司,50-99人,,西安,池州,大专,10年以上,19-20k,,,,https://www.liepin.com/a/75327943.shtml,20260507092317,,,,
7658,猎聘,能源/化工/环保,矿山,高级管理(经营与营销),企业职位,合肥浦发建设集团有限公司,100-499人,,西安,合肥-肥东县,本科,10年以上,30-60k,,,,https://www.liepin.com/job/1972268633.shtml,20260609110830,,,,
7659,猎聘,能源/化工/环保,矿山,选矿工程师,企业职位,某知名公司,100-499人,,西安,合肥,学历不限,经验不限,15-25k,,,,https://www.liepin.com/a/76424717.shtml,20260604165925,,,,
7660,猎聘,能源/化工/环保,矿山,机电副矿长,企业职位,某西安人力资源服务公司,100-499人,,西安,合肥,学历不限,经验不限,14-17k,,,,https://www.liepin.com/a/75283479.shtml,20260609102925,,,,
7661,猎聘,能源/化工/环保,矿山,生产矿长,企业职位,某国内人力资源服务公司,50-99人,,西安,蚌埠,学历不限,经验不限,15-20k,,,,https://www.liepin.com/a/76351549.shtml,20260609091846,,,,
7662,猎聘,能源/化工/环保,矿山,矿长,企业职位,安徽长风矿业管理有限公司,500-999人,,西安,池州-贵池区,大专,10年以上,25-28k,,,,https://www.liepin.com/job/1980980835.shtml,20260606170341,,,,
7663,猎聘,能源/化工/环保,矿山,地质工程师,企业职位,某国内专业技术服务公司,50-99人,,西安,合肥,学历不限,3-5年,35-55k·13薪,,,,https://www.liepin.com/a/75847951.shtml,20260520092916,,,,
7664,猎聘,能源/化工/环保,矿山,防治水工程师,企业职位,富冶集团有限公司,2000-5000人,,西安,宣城-宣州区,大专,10年以上,13-21k,,,,https://www.liepin.com/job/1981815249.shtml,20260603171734,,,,
7665,猎聘,能源/化工/环保,矿山,销售经理,企业职位,某国内批发/零售公司,1-49人,,西安,淮北,学历不限,1-3年,10-15k,,,,https://www.liepin.com/a/75421005.shtml,20260508160408,,,,
7666,猎聘,能源/化工/环保,矿山,旗杆楼铁矿安全科长,企业职位,宿州煤电(集团)有限公司,5000-10000人,,西安,宿州-萧县,统招本科,5-10年,8-15k,,,,https://www.liepin.com/job/1968153725.shtml,20251203090031,,,,
7667,猎聘,能源/化工/环保,矿山,项目开发经理,企业职位,阳光新能源开发股份有限公司,2000-5000人,,西安,合肥-蜀山区,统招本科,2-5年,薪资面议,,,,https://www.liepin.com/job/1981828141.shtml,20260608111936,,,,
7668,猎聘,能源/化工/环保,矿山,安全副矿长,企业职位,某西安人力资源服务公司,100-499人,,西安,合肥,学历不限,经验不限,13-16k,,,,https://www.liepin.com/a/75279495.shtml,20260609102925,,,,
7669,猎聘,能源/化工/环保,矿山,销售经理,企业职位,某知名公司,1-49人,,西安,合肥,本科,5年以上,12-24k,,,,https://www.liepin.com/a/74209763.shtml,20260527113312,,,,
7670,猎聘,能源/化工/环保,矿山,机电矿长,企业职位,某国内人力资源服务公司,50-99人,,西安,蚌埠,学历不限,经验不限,15-20k,,,,https://www.liepin.com/a/75789541.shtml,20260609091846,,,,
7671,猎聘,能源/化工/环保,矿山,高级电气工程师,企业职位,特码斯派克工业技术(安徽)有限公司,100-499人,,西安,淮南-田家庵区,统招本科,10年以上,20-50k,,,,https://www.liepin.com/job/1980936771.shtml,20260603161751,,,,
7672,猎聘,能源/化工/环保,矿山,防爆封装结构工程师,企业职位,某合肥人工智能公司,50-99人,,西安,合肥,统招本科,经验不限,20-25k·15薪,,,,https://www.liepin.com/a/75742911.shtml,20260517143151,,,,
7673,猎聘,能源/化工/环保,矿山,机械工程师,企业职位,特码斯派克工业技术(安徽)有限公司,100-499人,,西安,淮南-田家庵区,统招本科,5年以上,5-10k,,,,https://www.liepin.com/job/1982329881.shtml,20260603161751,,,,
7674,猎聘,能源/化工/环保,矿山,机电矿长,企业职位,某国内人力资源服务公司,50-99人,,西安,蚌埠,学历不限,经验不限,15-20k,,,,https://www.liepin.com/a/76352937.shtml,20260609091846,,,,
7675,猎聘,能源/化工/环保,矿山,采矿工程师,企业职位,富冶集团有限公司,2000-5000人,,西安,宣城-宣州区,大专,8-10年,13-21k,,,,https://www.liepin.com/job/1981815089.shtml,20260603171734,,,,
7676,猎聘,能源/化工/环保,矿山,一级矿业,企业职位,某合肥大型工程施工公司,10000人以上,,西安,合肥,统招本科,经验不限,15-19k·13薪,,,,https://www.liepin.com/a/75919533.shtml,20260521160539,,,,
7677,猎聘,能源/化工/环保,矿山,液压工程师,企业职位,特码斯派克工业技术(安徽)有限公司,100-499人,,西安,淮南-田家庵区,统招本科,3年以上,6-18k,,,,https://www.liepin.com/job/1981023739.shtml,20260603161751,,,,
7678,猎聘,能源/化工/环保,矿山,安全副矿,企业职位,某国内咨询服务公司,50-99人,,西安,池州,学历不限,5-10年,15-18k,,,,https://www.liepin.com/a/74136873.shtml,20260528104909,,,,
7679,猎聘,能源/化工/环保,矿山,测量工程师,企业职位,某国内人力资源服务公司,50-99人,,西安,安庆,大专,1-3年,13-14k,,,,https://www.liepin.com/a/74033753.shtml,20260330150147,,,,
7680,猎聘,能源/化工/环保,矿山,采矿工程师+中级爆破工程师,企业职位,青阳县众志矿业有限公司,50-99人,,西安,池州-青阳县,大专,5-10年,20-25k,,,,https://www.liepin.com/job/1977192817.shtml,20250922154401,,,,
7681,猎聘,能源/化工/环保,矿山,产品经理,企业职位,合肥矿航智能科技有限公司,50-99人,,西安,合肥-新站区,本科,1-3年,12-18k·14薪,,,,https://www.liepin.com/job/1982509785.shtml,20260514145752,,,,
7682,猎聘,能源/化工/环保,矿山,机械设计工程师（电缆车、卷筒）,企业职位,某合肥机械/设备公司,,,西安,合肥,学历不限,3-5年,18-25k,,,,https://www.liepin.com/a/75341171.shtml,20260522154424,,,,
7683,猎聘,能源/化工/环保,矿山,高级Web前端/GIS开发工程师,企业职位,海博智能科技,50-99人,,西安,芜湖-镜湖区,本科,5年以上,15-20k·16薪,,,,https://www.liepin.com/job/1972341859.shtml,20251203162625,,,,
7684,猎聘,能源/化工/环保,矿山,Java高级工程师,企业职位,海博智能科技,50-99人,,西安,芜湖-镜湖区,本科,5年以上,15-20k·16薪,,,,https://www.liepin.com/job/1972338413.shtml,20251203162643,,,,
7685,猎聘,能源/化工/环保,矿山,高级app开发工程师,企业职位,海博智能科技,50-99人,,西安,芜湖-镜湖区,本科,5年以上,20-30k,,,,https://www.liepin.com/job/1972344103.shtml,20251203162656,,,,
7686,猎聘,能源/化工/环保,矿山,旗杆楼铁矿安全科科长,企业职位,宿州煤电(集团)有限公司,5000-10000人,,西安,宿州-萧县,统招本科,5-10年,10-17k,,,,https://www.liepin.com/job/1968327409.shtml,20240712163212,,,,
7687,猎聘,能源/化工/环保,矿山,技术经济,企业职位,某知名公司,5000-10000人,,西安,合肥,大专,10年以上,100-110k,,,,https://www.liepin.com/a/74939721.shtml,20260515144624,,,,
7688,猎聘,能源/化工/环保,矿山,机电工程师,企业职位,安徽省司尔特肥业股份有限公司,5000-10000人,,西安,宣城-宣州区,大专,10年以上,10-15k,,,,https://www.liepin.com/job/1971480207.shtml,20241231161502,,,,
7689,猎聘,能源/化工/环保,矿山,集团公司机电处处长,企业职位,宿州煤电(集团)有限公司,5000-10000人,,西安,宿州-萧县,统招本科,5-10年,18-20k,,,,https://www.liepin.com/job/1970054527.shtml,20241009090129,,,,
7690,猎聘,能源/化工/环保,矿山,工程营销经理,企业职位,合肥浦发建设集团有限公司,100-499人,,西安,合肥-肥东县,本科,5-10年,8-20k,,,,https://www.liepin.com/job/1972451953.shtml,20260609110830,,,,
7691,猎聘,能源/化工/环保,矿山,爆破工程师,企业职位,青阳县众志矿业有限公司,50-99人,,西安,池州-青阳县,大专,5-10年,10-15k,,,,https://www.liepin.com/job/1978831025.shtml,20251201155432,,,,
7692,猎聘,能源/化工/环保,矿山,采矿专员,企业职位,广德市国有资产投资经营有限公司,100-499人,,西安,宣城-广德,本科,2年以上,7-10k,,,,https://www.liepin.com/job/1973515569.shtml,20250331152500,,,,
7693,猎聘,能源/化工/环保,矿山,智能硬件产品经理,企业职位,某知名计算机软件上市公司,10000人以上,,西安,合肥,统招本科,2年以上,20-40k·14薪,,,,https://www.liepin.com/a/76094393.shtml,20260527095008,,,,
7694,猎聘,能源/化工/环保,矿山,旗杆楼铁矿采矿技术员/工程师,企业职位,宿州煤电(集团)有限公司,5000-10000人,,西安,宿州-萧县,统招本科,3-5年,12-15k,,,,https://www.liepin.com/job/1963416885.shtml,20240425165527,,,,
7695,猎聘,能源/化工/环保,矿山,防治水技术员,企业职位,富冶集团有限公司,2000-5000人,,西安,宣城-宣州区,本科,1-3年,8-16k·13薪,,,,https://www.liepin.com/job/1976216105.shtml,20251119144637,,,,
7696,猎聘,能源/化工/环保,矿山,矿长（大型铁矿）,企业职位,大中矿业,2000-5000人,,西安,六安-霍邱县,大专,10年以上,25-35k,,,,https://www.liepin.com/job/1967617339.shtml,20241030172940,,,,
7697,猎聘,能源/化工/环保,矿山,销售经理（新能源重卡）,企业职位,深向科技,1000-2000人,,西安,蚌埠-龙子湖区,大专,经验不限,9-15k,,,,https://www.liepin.com/job/1982735801.shtml,20260521134223,,,,
7698,猎聘,能源/化工/环保,矿山,采矿工程师,企业职位,某大型知名房地产开发经营公司,10000人以上,,西安,合肥,学历不限,10年以上,30-35k,,,,https://www.liepin.com/a/73327973.shtml,20260313092011,,,,
7699,猎聘,能源/化工/环保,矿山,高级软件测试工程师,企业职位,海博智能科技,50-99人,,西安,芜湖-镜湖区,本科,5年以上,15-20k·16薪,,,,https://www.liepin.com/job/1972342453.shtml,20251203162634,,,,
7700,猎聘,能源/化工/环保,矿山,高级采矿工程师,企业职位,某大型知名房地产开发经营公司,10000人以上,,西安,合肥,学历不限,10年以上,25-26k,,,,https://www.liepin.com/a/73327853.shtml,20260313091848,,,,
7701,猎聘,能源/化工/环保,矿山,高级算法专家,企业职位,安徽至博光电科技股份有限公司,100-499人,,西安,合肥-高新区,硕士,3年以上,25-55k·14薪,,,,https://www.liepin.com/job/1982814189.shtml,20260525094537,,,,
7702,猎聘,能源/化工/环保,矿山,区域销售总监/高级销售经理（安徽区域）,企业职位,氢通(上海)新能源科技有限公司,100-499人,,西安,淮南-凤台县,本科,3年以上,15-30k,,,,https://www.liepin.com/job/1979904239.shtml,20260514145957,,,,
7703,猎聘,能源/化工/环保,矿山,机电矿长,企业职位,某国内咨询服务公司,50-99人,,西安,蚌埠,学历不限,10年以上,16-24k,,,,https://www.liepin.com/a/73748029.shtml,20260528104909,,,,
7704,猎聘,能源/化工/环保,矿山,项目总工程师,企业职位,某国内咨询服务公司,50-99人,,西安,池州,学历不限,5-10年,20-25k,,,,https://www.liepin.com/a/75309387.shtml,20260528104909,,,,
7705,猎聘,能源/化工/环保,矿山,销售经理（新能源重卡）,企业职位,深向科技,1000-2000人,,西安,阜阳-颍州区,大专,经验不限,9-15k,,,,https://www.liepin.com/job/1982735807.shtml,20260521134223,,,,
7706,猎聘,能源/化工/环保,矿山,总经理,企业职位,某国内人力资源服务公司,50-99人,,西安,池州,学历不限,经验不限,25-30k,,,,https://www.liepin.com/a/76139815.shtml,20260609091846,,,,
7707,猎聘,能源/化工/环保,矿山,散料储运工程师,企业职位,中建材(合肥)钢构科技有限公司,100-499人,,西安,合肥-包河区,本科,5年以上,10-20k,,,,https://www.liepin.com/job/1978832133.shtml,20260514162842,,,,
7708,猎聘,能源/化工/环保,矿山,测量技术员/ 工程师,企业职位,富冶集团有限公司,2000-5000人,,西安,宣城,本科,3-5年,9-27k,,,,https://www.liepin.com/job/1976647959.shtml,20250901100936,,,,
7709,猎聘,能源/化工/环保,矿山,金属矿产业务经理,企业职位,某大连整车制造上市公司,10000人以上,,西安,芜湖,统招本科,经验不限,30-50k,,,,https://www.liepin.com/a/75095001.shtml,20260430084825,,,,
7710,猎聘,能源/化工/环保,矿山,大客户销售管理,企业职位,某知名计算机软件上市公司,10000人以上,,西安,合肥,本科,经验不限,20-40k·14薪,,,,https://www.liepin.com/a/74947409.shtml,20260422160401,,,,
7711,猎聘,能源/化工/环保,矿山,防治水技术员/工程师,企业职位,富冶集团有限公司,2000-5000人,,西安,宣城,大专,3-5年,9-25k,,,,https://www.liepin.com/job/1976869675.shtml,20250901100616,,,,
7712,猎聘,能源/化工/环保,矿山,销售经理（新能源重卡）,企业职位,深向科技,1000-2000人,,西安,淮北-相山区,大专,经验不限,9-15k,,,,https://www.liepin.com/job/1982735803.shtml,20260521134223,,,,
7713,猎聘,能源/化工/环保,矿山,设备工程师,企业职位,富冶集团有限公司,2000-5000人,,西安,宣城,统招本科,5年以上,10-25k,,,,https://www.liepin.com/job/1976643499.shtml,20250901101001,,,,
7714,猎聘,能源/化工/环保,矿山,销售经理（新能源重卡）,企业职位,深向科技,1000-2000人,,西安,亳州-谯城区,大专,经验不限,9-15k,,,,https://www.liepin.com/job/1982735805.shtml,20260521134223,,,,
7715,猎聘,能源/化工/环保,矿山,销售工程师,企业职位,安徽海螺集团,10000人以上,,西安,芜湖-繁昌区,本科,经验不限,8-15k·16薪,,,,https://www.liepin.com/job/1980950165.shtml,20260316103513,,,,
7716,猎聘,能源/化工/环保,矿山,销售经理（新能源重卡）,企业职位,深向科技,1000-2000人,,西安,马鞍山-花山区,大专,经验不限,9-15k,,,,https://www.liepin.com/job/1982736095.shtml,20260521134729,,,,
7717,猎聘,能源/化工/环保,矿山,集团财务总监,企业职位,上海谦谦金科技有限公司,1-49人,,西安,合肥-包河区,统招本科,10年以上,25-40k,,,,https://www.liepin.com/job/1980425795.shtml,20260226103907,,,,
7718,猎聘,能源/化工/环保,矿山,采矿工程师,企业职位,寒锐钴业,1000-2000人,,西安,合肥-蜀山区,大专,5-8年,25-35k,,,,https://www.liepin.com/job/1974797527.shtml,20250529134824,,,,
7719,猎聘,能源/化工/环保,矿山,总监理工程师/资深总监理工程师,企业职位,安徽华东工程建设项目管理有限公司,100-499人,,西安,合肥-蜀山区,本科,5-10年,8-10k,,,,https://www.liepin.com/job/1953231467.shtml,20221019134659,,,,
7720,猎聘,能源/化工/环保,矿山,测量技术员,企业职位,凤阳县金鹏矿业有限公司,100-499人,,西安,滁州-凤阳县,大专,经验不限,5-7k,,,,https://www.liepin.com/job/1948912465.shtml,20220414141113,,,,
7721,猎聘,能源/化工/环保,矿山,采矿技术员,企业职位,凤阳县金鹏矿业有限公司,100-499人,,西安,滁州-凤阳县,大专,经验不限,5-7k,,,,https://www.liepin.com/job/1948913593.shtml,20220414142632,,,,
7722,猎聘,能源/化工/环保,矿山,地质技术员,企业职位,凤阳县金鹏矿业有限公司,100-499人,,西安,滁州-凤阳县,大专,经验不限,5-7k,,,,https://www.liepin.com/job/1948913443.shtml,20220414142427,,,,
7723,猎聘,能源/化工/环保,矿山,设备销售经理,企业职位,安徽阿尔派装备制造有限公司,1-49人,,西安,滁州-南谯区,大专,5-10年,8-12k,,,,https://www.liepin.com/job/1926358179.shtml,20220302100913,,,,
7724,猎聘,能源/化工/环保,矿山,设备技术管理,企业职位,安徽金沙钼业有限公司,1-49人,,西安,六安-金寨县,大专,5-10年,13-21k,,,,https://www.liepin.com/job/1983294447.shtml,20260609172021,,,,
7725,猎聘,能源/化工/环保,矿山,机器人产业化项目经理,企业职位,北京理工合肥无人智能装备研究院,50-99人,,西安,合肥-包河区,本科,3-9年,12-20k,,,,https://www.liepin.com/job/1977080537.shtml,20250909110608,,,,
7726,猎聘,能源/化工/环保,矿山,采购部长/采购经理(有色金属/矿业),企业职位,深圳亿特控股(集团)有限公司,2000-5000人,,西安,铜陵-铜官区,本科,10年以上,20-25k·13薪,,,,https://www.liepin.com/job/1968529521.shtml,20260211112945,,,,
7727,猎聘,能源/化工/环保,矿山,采矿工程师 五险 可攒休，有探亲假,企业职位,某国内人力资源服务公司,50-99人,,西安,合肥,大专,5-10年,16-17k,,,,https://www.liepin.com/a/76442349.shtml,20260608103121,,,,
7728,猎聘,能源/化工/环保,矿山,销售经理（新能源重卡）,企业职位,深向科技,1000-2000人,,西安,滁州-全椒县,大专,经验不限,9-15k,,,,https://www.liepin.com/job/1982735981.shtml,20260521134525,,,,
7729,猎聘,能源/化工/环保,矿山,销售经理（新能源重卡）,企业职位,深向科技,1000-2000人,,西安,合肥-肥西县,大专,经验不限,9-15k,,,,https://www.liepin.com/job/1982368879.shtml,20260516080528,,,,
7730,猎聘,能源/化工/环保,矿山,销售经理（新能源重卡）,企业职位,深向科技,1000-2000人,,西安,六安-裕安区,大专,经验不限,9-15k,,,,https://www.liepin.com/job/1982736089.shtml,20260521134729,,,,
7731,猎聘,能源/化工/环保,矿山,销售经理（新能源重卡）,企业职位,深向科技,1000-2000人,,西安,安庆-宜秀区,大专,经验不限,9-15k,,,,https://www.liepin.com/job/1982736145.shtml,20260521134759,,,,
7732,猎聘,能源/化工/环保,矿山,销售经理（新能源重卡）,企业职位,深向科技,1000-2000人,,西安,芜湖-镜湖区,大专,经验不限,9-15k,,,,https://www.liepin.com/job/1982736091.shtml,20260521134729,,,,
7733,猎聘,能源/化工/环保,矿山,销售经理（新能源重卡）,企业职位,深向科技,1000-2000人,,西安,宿州-埇桥区,大专,经验不限,9-15k,,,,https://www.liepin.com/job/1982735799.shtml,20260521134223,,,,
7734,猎聘,能源/化工/环保,矿山,销售经理（新能源重卡）,企业职位,深向科技,1000-2000人,,西安,池州-贵池区,大专,经验不限,9-15k,,,,https://www.liepin.com/job/1982736093.shtml,20260521134729,,,,
7735,猎聘,能源/化工/环保,矿山,销售经理（新能源重卡）,企业职位,深向科技,1000-2000人,,西安,宣城-宣州区,大专,经验不限,9-15k,,,,https://www.liepin.com/job/1982736271.shtml,20260521134958,,,,
7736,猎聘,能源/化工/环保,矿山,煤炭行业销售经理,企业职位,金星智控,100-499人,,西安,淮南-田家庵区,大专,3-8年,7-12k,,,,https://www.liepin.com/job/1980919073.shtml,20260320153243,,,,
7737,猎聘,能源/化工/环保,矿山,销售经理（新能源重卡）,企业职位,深向科技,1000-2000人,,西安,黄山-黄山区,大专,经验不限,9-15k,,,,https://www.liepin.com/job/1982736267.shtml,20260521134958,,,,
7738,猎聘,能源/化工/环保,矿山,销售总监,企业职位,某北京大型人力资源服务公司,5000-10000人,,西安,合肥,本科,5-10年,20-35k,,,,https://www.liepin.com/a/73758001.shtml,20260323193741,,,,
7739,猎聘,能源/化工/环保,矿山,【储能/合同能源管理】销售经理,企业职位,安徽大唐智能科技有限公司,1-49人,,西安,合肥,本科,经验不限,11-22k,,,,https://www.liepin.com/job/1978267409.shtml,20251106105855,,,,
7740,猎聘,能源/化工/环保,矿山,地质技术员,企业职位,富冶集团有限公司,2000-5000人,,西安,宣城-宣州区,本科,3-5年,8-16k,,,,https://www.liepin.com/job/1976216045.shtml,20251119144637,,,,
7741,猎聘,能源/化工/环保,矿山,嵌入式软件工程师,企业职位,特码斯派克工业技术(安徽)有限公司,100-499人,,西安,淮南-田家庵区,统招本科,3年以上,6-18k,,,,https://www.liepin.com/job/1981139309.shtml,20260603161751,,,,
7742,猎聘,能源/化工/环保,矿山,销售经理（新能源重卡）,企业职位,深向科技,1000-2000人,,西安,铜陵-铜官区,大专,经验不限,9-15k,,,,https://www.liepin.com/job/1982736097.shtml,20260521134729,,,,
7743,猎聘,能源/化工/环保,矿山,采矿技术员/ 工程师,企业职位,富冶集团有限公司,2000-5000人,,西安,宣城,本科,5-10年,9-27k,,,,https://www.liepin.com/job/1976652597.shtml,20250901100742,,,,
7744,猎聘,能源/化工/环保,矿山,中级测量工程师（五险，管吃住，休假4天）,企业职位,某国内人力资源服务公司,50-99人,,西安,合肥,学历不限,5-10年,13-15k,,,,https://www.liepin.com/a/74038303.shtml,20260511171321,,,,
7745,猎聘,能源/化工/环保,矿山,浙江集团公司招聘机电矿长,企业职位,某国内咨询服务公司,50-99人,,西安,合肥,大专,5-10年,22-23k,,,,https://www.liepin.com/a/73981617.shtml,20260609084326,,,,
7746,猎聘,能源/化工/环保,矿山,产品经理（智驾）,企业职位,某国内整车制造公司,50-99人,,西安,芜湖,本科,3-5年,20-40k,,,,https://www.liepin.com/a/73353517.shtml,20260313161211,,,,
7747,猎聘,能源/化工/环保,矿山,采矿工程师,企业职位,大中矿业,2000-5000人,,西安,六安-霍邱县,大专,3-5年,14-18k,,,,https://www.liepin.com/job/1967612937.shtml,20260417141003,,,,
7748,猎聘,能源/化工/环保,矿山,采矿技术员,企业职位,富冶集团有限公司,2000-5000人,,西安,宣城-宣州区,本科,3-5年,8-16k·13薪,,,,https://www.liepin.com/job/1976216021.shtml,20251119144637,,,,
7749,猎聘,能源/化工/环保,矿山,矿长（单间，有分红）,企业职位,某国内专业服务公司,50-99人,,西安,六安,大专,10年以上,25-26k,,,,https://www.liepin.com/a/75456569.shtml,20260608105400,,,,
7750,猎聘,能源/化工/环保,矿山,销售经理,企业职位,某合肥互联网公司,100-499人,,西安,合肥,学历不限,5-10年,15-20k,,,,https://www.liepin.com/a/74648875.shtml,20260415092015,,,,
7751,猎聘,能源/化工/环保,矿山,调度工程师,企业职位,安徽海螺集团,10000人以上,,西安,芜湖-繁昌区,大专,1年以下,7-15k·16薪,,,,https://www.liepin.com/job/1980409269.shtml,20260225165352,,,,
7752,猎聘,能源/化工/环保,矿山,系统架构师,企业职位,安徽海螺集团,10000人以上,,西安,芜湖-繁昌区,本科,5年以上,15-45k·16薪,,,,https://www.liepin.com/job/1980408755.shtml,20260316163841,,,,
7753,猎聘,能源/化工/环保,矿山,电气工程师：煤矿防爆开关技术研发,企业职位,特码斯派克工业技术(安徽)有限公司,100-499人,,西安,淮南-田家庵区,统招本科,10年以上,20-50k,,,,https://www.liepin.com/job/1983227723.shtml,20260607230530,,,,
7754,猎聘,能源/化工/环保,矿山,测绘/测量,企业职位,安徽庐江龙桥矿业股份有限公司,500-999人,,西安,合肥-庐江县,统招本科,经验不限,6-10k,,,,https://www.liepin.com/job/1978567277.shtml,20251202152701,,,,
7755,猎聘,能源/化工/环保,矿山,销售经理/工程师（工业水）,企业职位,朝晖过滤,2000-5000人,,西安,淮南-田家庵区,大专,5-10年,12-20k,,,,https://www.liepin.com/job/1970249163.shtml,20260108134016,,,,
7756,猎聘,能源/化工/环保,矿山,环境/健康/安全管理,企业职位,中国南玻集团股份有限公司,10000人以上,,西安,滁州-凤阳县,本科,3年以上,8-10k,,,,https://www.liepin.com/job/1973237023.shtml,20250707133844,,,,
7757,猎聘,能源/化工/环保,矿山,测量助理工程师/测量工程师,企业职位,中国南玻集团股份有限公司,10000人以上,,西安,滁州-凤阳县,本科,2年以上,6-9k,,,,https://www.liepin.com/job/1975629093.shtml,20250708145715,,,,
7758,猎聘,能源/化工/环保,矿山,销售专员,企业职位,合肥奥博特自动化设备有限公司,100-499人,,西安,合肥-新站区,大专,2年以上,5-10k,,,,https://www.liepin.com/job/1978399513.shtml,20251112103018,,,,
7759,猎聘,能源/化工/环保,矿山,爆破工程师,企业职位,铜陵华金矿业有限责任公司,100-499人,,西安,铜陵-铜官区,大专,3年以上,8-12k,,,,https://www.liepin.com/job/1975438485.shtml,20260107160627,,,,
7760,猎聘,能源/化工/环保,矿山,旗杆楼铁矿机电工程师/技术员,企业职位,宿州煤电(集团)有限公司,5000-10000人,,西安,宿州-萧县,本科,3-5年,10-15k,,,,https://www.liepin.com/job/1963418965.shtml,20240425165527,,,,
7761,猎聘,能源/化工/环保,矿山,生产运营部副经理,企业职位,滁州市兴天矿业有限公司,50-99人,,西安,滁州-天长,统招本科,5-10年,12-15k,,,,https://www.liepin.com/job/1965906937.shtml,20240401091139,,,,
7762,猎聘,能源/化工/环保,矿山,水工环地质相关专业技术员朝九晚五,企业职位,安徽天泽地矿科技有限公司,1-49人,,西安,合肥-包河区,学历不限,1-3年,8-15k,,,,https://www.liepin.com/job/1954764865.shtml,20221130175038,,,,
7763,猎聘,能源/化工/环保,矿山,朝九晚五双休水工环地质相关专业技术员,企业职位,安徽天泽地矿科技有限公司,1-49人,,西安,合肥-包河区,学历不限,1-3年,8-15k,,,,https://www.liepin.com/job/1954764781.shtml,20221130175021,,,,
7764,猎聘,能源/化工/环保,矿山,水工环地质相关专业技术员双休,企业职位,安徽天泽地矿科技有限公司,1-49人,,西安,合肥-包河区,学历不限,1-3年,8-15k,,,,https://www.liepin.com/job/1954764821.shtml,20221130175028,,,,
7765,猎聘,能源/化工/环保,矿山,双休朝九晚五水工环地质相关专业技术员,企业职位,安徽天泽地矿科技有限公司,1-49人,,西安,合肥-包河区,学历不限,1-3年,8-15k,,,,https://www.liepin.com/job/1954765131.shtml,20221130175129,,,,
7766,猎聘,能源/化工/环保,矿山,面议水工环地质相关专业技术员,企业职位,安徽天泽地矿科技有限公司,1-49人,,西安,合肥-包河区,学历不限,1-3年,8-15k,,,,https://www.liepin.com/job/1954764619.shtml,20221130174949,,,,
7767,猎聘,能源/化工/环保,矿山,电工,企业职位,池州市银龙矿业集团有限公司,100-499人,,西安,池州,学历不限,3-5年,6-9k,,,,https://www.liepin.com/job/1964255091.shtml,20240116150752,,,,
7768,猎聘,能源/化工/环保,矿山,董事长助理,企业职位,某国内人力资源服务公司,50-99人,,西安,池州,学历不限,3-5年,16-17k,,,,https://www.liepin.com/a/74067295.shtml,20260331103258,,,,
7769,猎聘,能源/化工/环保,矿山,采矿工程师,企业职位,广州某建设工程有限公司,50-99人,,西安,宣城,学历不限,5-10年,15-16k,,,,https://www.liepin.com/a/73460981.shtml,20260609092754,,,,
7770,猎聘,能源/化工/环保,矿山,选矿工程师,企业职位,某国内人力资源服务公司,50-99人,,西安,铜陵,大专,经验不限,15-20k,,,,https://www.liepin.com/a/75954667.shtml,20260609185126,,,,
7771,猎聘,能源/化工/环保,矿山,煤炭行业销售经理,企业职位,金星智控,100-499人,,西安,合肥-高新区,大专,3-8年,8-15k,,,,https://www.liepin.com/job/1982012859.shtml,20260424100810,,,,
7772,猎聘,能源/化工/环保,矿山,销售经理,企业职位,某知名公司,1-49人,,西安,合肥,学历不限,3-5年,15-20k,,,,https://www.liepin.com/a/74149691.shtml,20260609100045,,,,
7773,猎聘,能源/化工/环保,矿山,总经理（营销+经营）,企业职位,华夏矿业,100-499人,,西安,合肥-肥东县,本科,10年以上,20-50k,,,,https://www.liepin.com/job/1978764987.shtml,20260609110603,,,,
7774,猎聘,能源/化工/环保,矿山,区域销售经理(可全国驻地),企业职位,深圳盈泰利华技术有限责任公司,100-499人,,西安,合肥-蜀山区,统招本科,2-10年,7-21k,,,,https://www.liepin.com/job/1980803275.shtml,20260310154616,,,,
7775,猎聘,能源/化工/环保,矿山,助理研究员,企业职位,某国内专业技术服务公司,1-49人,,西安,芜湖,硕士,经验不限,20-23k,,,,https://www.liepin.com/a/75165077.shtml,20260428204153,,,,
7776,猎聘,能源/化工/环保,矿山,资源循环设备设计师,企业职位,合肥恒力装备有限公司,100-499人,,西安,合肥-高新区,本科,经验不限,15-23k·13薪,,,,https://www.liepin.com/job/1970924245.shtml,20251225154527,,,,
7777,猎聘,能源/化工/环保,矿山,光电智能产品销售经理（水务/燃气方向）,企业职位,安徽至博光电科技股份有限公司,100-499人,,西安,合肥-高新区,本科,5年以上,12-30k·14薪,,,,https://www.liepin.com/job/1976439003.shtml,20250812175931,,,,
7778,猎聘,能源/化工/环保,矿山,工艺技术员,企业职位,特码斯派克工业技术(安徽)有限公司,100-499人,,西安,淮南-田家庵区,统招本科,2年以上,5-10k,,,,https://www.liepin.com/job/1980272249.shtml,20260603161713,,,,
7779,猎聘,能源/化工/环保,矿山,质检员,企业职位,特码斯派克工业技术(安徽)有限公司,100-499人,,西安,淮南-田家庵区,学历不限,2年以上,3-6k,,,,https://www.liepin.com/job/1980278979.shtml,20260603161713,,,,
7780,猎聘,能源/化工/环保,矿山,大客户销售,企业职位,AVCIT 魅视,100-499人,,西安,合肥-肥西县,本科,3年以上,10-30k,,,,https://www.liepin.com/job/1982044675.shtml,20260511134735,,,,
7781,猎聘,能源/化工/环保,矿山,交付工程师,企业职位,安徽至博光电科技股份有限公司,100-499人,,西安,淮南-田家庵区,本科,3-5年,8-15k·14薪,,,,https://www.liepin.com/job/1976481211.shtml,20251224101635,,,,
7782,猎聘,能源/化工/环保,矿山,销售经理,企业职位,安徽至博光电科技股份有限公司,100-499人,,西安,合肥-高新区,大专,5年以上,10-15k·14薪,,,,https://www.liepin.com/job/1976327613.shtml,20250807142320,,,,
7783,猎聘,能源/化工/环保,矿山,安徽省区总经理(J10363),企业职位,天地和兴,500-999人,,西安,合肥-蜀山区,大专,10年以上,25-35k,,,,https://www.liepin.com/job/1982573253.shtml,20260515143533,,,,
7784,猎聘,能源/化工/环保,矿山,地质技术员/ 工程师,企业职位,富冶集团有限公司,2000-5000人,,西安,宣城,本科,5-10年,9-27k,,,,https://www.liepin.com/job/1976869593.shtml,20250901100701,,,,
7785,猎聘,能源/化工/环保,矿山,大客户经理,企业职位,安徽至博光电科技股份有限公司,100-499人,,西安,合肥-高新区,大专,5年以上,10-15k·14薪,,,,https://www.liepin.com/job/1976327545.shtml,20250807142213,,,,
7786,猎聘,能源/化工/环保,矿山,工业品销售-合肥,企业职位,鑫方盛数智科技,5000-10000人,,西安,合肥-肥西县,大专,2年以上,8-15k,,,,https://www.liepin.com/job/1978259765.shtml,20260525133839,,,,
7787,猎聘,能源/化工/环保,矿山,KA大客户销售主管15k（工业品类）,企业职位,鑫方盛数智科技,5000-10000人,,西安,合肥-肥西县,大专,2年以上,10-18k,,,,https://www.liepin.com/job/1982725739.shtml,20260521095256,,,,
7788,猎聘,能源/化工/环保,矿山,大客户销售,企业职位,合肥比达智能科技有限公司,50-99人,,西安,合肥-包河区,学历不限,3-5年,11-20k·14薪,,,,https://www.liepin.com/job/1982639131.shtml,20260519094812,,,,
7789,猎聘,能源/化工/环保,矿山,机械工程师,企业职位,上海亿博机电设备有限公司,100-499人,,西安,合肥-蜀山区,本科,3-5年,10-20k,,,,https://www.liepin.com/job/1981132435.shtml,20260325124001,,,,
7790,猎聘,能源/化工/环保,矿山,电仪工程师,企业职位,富冶集团有限公司,2000-5000人,,西安,宣城-宣州区,统招本科,5年以上,8-20k,,,,https://www.liepin.com/job/1976216171.shtml,20251119144637,,,,
7791,猎聘,能源/化工/环保,矿山,选矿工艺技术员/工程师,企业职位,富冶集团有限公司,2000-5000人,,西安,宣城,本科,3-5年,9-25k,,,,https://www.liepin.com/job/1976649797.shtml,20250901100847,,,,
7792,猎聘,能源/化工/环保,矿山,诊断工程师,企业职位,安徽信力共擎科技有限公司,50-99人,,西安,合肥-高新区,本科,3年以上,13-25k,,,,https://www.liepin.com/job/1982434741.shtml,20260511172721,,,,
7793,猎聘,能源/化工/环保,矿山,高级市场经理,企业职位,金茂智慧交通科技有限公司北京分公司,100-499人,,西安,合肥-包河区,本科,5-10年,15-30k,,,,https://www.liepin.com/job/1977951231.shtml,20251023101825,,,,
7794,猎聘,能源/化工/环保,矿山,销售工程师（合肥）,企业职位,三联泵业股份有限公司,1000-2000人,,西安,合肥-蜀山区,大专,1-3年,5-8k,,,,https://www.liepin.com/job/1979789649.shtml,20260115150935,,,,
7795,猎聘,能源/化工/环保,矿山,电仪技术员 /工程师,企业职位,富冶集团有限公司,2000-5000人,,西安,宣城,本科,5-10年,9-25k,,,,https://www.liepin.com/job/1976869725.shtml,20250901100545,,,,
7796,猎聘,能源/化工/环保,矿山,机械自动化设计师,企业职位,安徽中科贵专科技有限公司,50-99人,,西安,合肥-蜀山区,本科,1-3年,8-10k·13薪,,,,https://www.liepin.com/job/1982187023.shtml,20260509102244,,,,
7797,猎聘,能源/化工/环保,矿山,机械工程师,企业职位,特码斯派克工业技术(安徽)有限公司,100-499人,,西安,淮南-田家庵区,本科,3-5年,6-8k,,,,https://www.liepin.com/job/1982463477.shtml,20260512145649,,,,
7798,猎聘,能源/化工/环保,矿山,外贸业务员,企业职位,合肥恒大江海泵业股份有限公司,100-499人,,西安,合肥-长丰县,本科,3-5年,7-12k,,,,https://www.liepin.com/job/1979293527.shtml,20260506165746,,,,
7799,猎聘,能源/化工/环保,矿山,BD（业务发展经理）,企业职位,国汽大有时空,100-499人,,西安,合肥-包河区,大专,3年以上,8-15k,,,,https://www.liepin.com/job/1974369081.shtml,20251227115635,,,,
7800,猎聘,能源/化工/环保,矿山,咨询研究员（应急管理方向）,企业职位,中通服和信科技有限公司,500-999人,,西安,合肥-高新区,本科,5年以上,12-24k·14薪,,,,https://www.liepin.com/job/1980518205.shtml,20260228144920,,,,
7801,猎聘,能源/化工/环保,矿山,防爆设备生产总监,企业职位,特码斯派克工业技术(安徽)有限公司,100-499人,,西安,淮南-田家庵区,本科,10年以上,30-50k,,,,https://www.liepin.com/job/1979822061.shtml,20260202103410,,,,
7802,猎聘,能源/化工/环保,矿山,销售经理/主管,企业职位,金星智控,100-499人,,西安,淮南-田家庵区,大专,3年以上,7-12k,,,,https://www.liepin.com/job/1981145311.shtml,20260323102446,,,,
7803,猎聘,能源/化工/环保,矿山,无人驾驶工程师-矿区方向,企业职位,某国内人力资源服务公司,500-999人,,西安,合肥,大专,1-3年,11-12k,,,,https://www.liepin.com/a/74405437.shtml,20260408192803,,,,
7804,猎聘,能源/化工/环保,矿山,销售,企业职位,合肥恒大江海泵业股份有限公司,100-499人,,西安,合肥-长丰县,大专,3-5年,5-10k,,,,https://www.liepin.com/job/1982034391.shtml,20260506165746,,,,
7805,猎聘,能源/化工/环保,矿山,销售员,企业职位,合肥恒大江海泵业股份有限公司,100-499人,,西安,合肥-长丰县,大专,3-5年,5-10k,,,,https://www.liepin.com/job/1982034267.shtml,20260506165746,,,,
7806,猎聘,能源/化工/环保,矿山,销售经理,企业职位,恒际水滨(上海)装备技术有限公司,100-499人,,西安,合肥-长丰县,大专,3年以上,5-10k,,,,https://www.liepin.com/job/1982020157.shtml,20260423110357,,,,
7807,猎聘,能源/化工/环保,矿山,销售,企业职位,恒际水滨(上海)装备技术有限公司,100-499人,,西安,合肥-长丰县,大专,3年以上,5-10k,,,,https://www.liepin.com/job/1982019779.shtml,20260423110506,,,,
7808,猎聘,能源/化工/环保,矿山,硬件工程师,企业职位,特码斯派克工业技术(安徽)有限公司,100-499人,,西安,合肥-高新区,本科,1-3年,8-15k,,,,https://www.liepin.com/job/1980508715.shtml,20260228110139,,,,
7809,猎聘,能源/化工/环保,矿山,交付部署工程师,企业职位,安徽海螺集团,10000人以上,,西安,芜湖-繁昌区,大专,1-3年,8-15k·16薪,,,,https://www.liepin.com/job/1980409099.shtml,20260225165118,,,,
7810,猎聘,能源/化工/环保,矿山,EHS工程师,企业职位,安徽壹能汽车科技有限公司,50-99人,,西安,芜湖-鸠江区,大专,5年以上,9-14k·13薪,,,,https://www.liepin.com/job/1976276887.shtml,20251013104712,,,,
7811,猎聘,能源/化工/环保,矿山,机械设计师,企业职位,某大型知名房地产开发经营公司,10000人以上,,西安,合肥,学历不限,10年以上,45-50k,,,,https://www.liepin.com/a/73328593.shtml,20260313092924,,,,
7812,猎聘,能源/化工/环保,矿山,中级爆破工程师,企业职位,大中矿业,2000-5000人,,西安,六安-霍邱县,大专,3-5年,15-20k,,,,https://www.liepin.com/job/1974304783.shtml,20250508084520,,,,
7813,猎聘,能源/化工/环保,矿山,工业智能-非煤信息化销售经理-合肥,企业职位,科大讯飞,10000人以上,,西安,合肥-高新区,本科,5年以上,13-20k,,,,https://www.liepin.com/job/1975207733.shtml,20250618143042,,,,
7814,猎聘,能源/化工/环保,矿山,矿业事业部 投资管理总监,企业职位,世银集团,100-499人,,西安,合肥-蜀山区,本科,10年以上,20-40k,,,,https://www.liepin.com/job/1971560681.shtml,20260408141248,,,,
7815,猎聘,能源/化工/环保,矿山,美洲财务负责人,企业职位,合肥浦发建设集团有限公司,100-499人,,西安,合肥-肥东县,统招本科,2年以上,20-30k,,,,https://www.liepin.com/job/1974564029.shtml,20250723092327,,,,
7816,猎聘,能源/化工/环保,矿山,机械技术员,企业职位,安徽庐江龙桥矿业股份有限公司,500-999人,,西安,合肥-庐江县,本科,经验不限,6-9k,,,,https://www.liepin.com/job/1978567161.shtml,20251202152701,,,,
7817,猎聘,能源/化工/环保,矿山,销售经理,企业职位,安徽中科贵专科技有限公司,50-99人,,西安,合肥-蜀山区,大专,1-3年,5-10k·13薪,,,,https://www.liepin.com/job/1962734205.shtml,20231107110749,,,,
7818,猎聘,能源/化工/环保,矿山,车载平台工程师 （软件架构及功能安全）,企业职位,安徽海螺水泥股份有限公司,10000人以上,,西安,芜湖-繁昌区,统招本科,3-5年,15-40k·16薪,,,,https://www.liepin.com/job/1947614267.shtml,20220302095858,,,,
7819,猎聘,能源/化工/环保,矿山,防爆电气技术总监,企业职位,淮南万泰电子股份有限公司,500-999人,,西安,淮南-田家庵区,本科,5-10年,15-30k,,,,https://www.liepin.com/job/1975075765.shtml,20250612115222,,,,
7820,猎聘,能源/化工/环保,矿山,销售代表,企业职位,安徽佩京智能科技有限公司,50-99人,,西安,合肥-经开区,大专,1-3年,5-10k·13薪,,,,https://www.liepin.com/job/1964712681.shtml,20250829170532,,,,
7821,猎聘,能源/化工/环保,矿山,地球物理工程师,企业职位,炭策科学技术(合肥)有限公司,50-99人,,西安,合肥-蜀山区,硕士,1-3年,18-20k,,,,https://www.liepin.com/job/1971896025.shtml,20250207160025,,,,
7822,猎聘,能源/化工/环保,矿山,针布生产线操作工,企业职位,淮北宇光纺织器材有限公司,1-49人,,西安,淮北,中专/中技,经验不限,4-6k,,,,https://www.liepin.com/job/1942267697.shtml,20220422165044,,,,
7823,猎聘,能源/化工/环保,矿山,三联轧机操作工,企业职位,淮北宇光纺织器材有限公司,1-49人,,西安,淮北,中专/中技,经验不限,4-6k,,,,https://www.liepin.com/job/1942267213.shtml,20220422165044,,,,
7824,猎聘,能源/化工/环保,矿山,销售经理,企业职位,安徽源驰铜材有限公司,50-99人,,西安,铜陵,本科,5-10年,20-40k,,,,https://www.liepin.com/job/1969835879.shtml,20240923084541,,,,
7825,猎聘,能源/化工/环保,矿山,浪潮集团安徽区售前工程师,企业职位,合肥亚灿光电科技有限公司,1-49人,,西安,合肥,本科,经验不限,15-18k,,,,https://www.liepin.com/job/1951935823.shtml,20221215140917,,,,
7826,猎聘,能源/化工/环保,矿山,地质技术员,企业职位,温州建峰矿山工程集团有限公司霍邱环山铁矿分公司,100-499人,,西安,六安-霍邱县,本科,经验不限,5-8k,,,,https://www.liepin.com/job/1960655029.shtml,20230908151623,,,,
7827,猎聘,能源/化工/环保,矿山,机械设计,企业职位,泽壹智能装备(广德)有限公司,50-99人,,西安,宣城-广德,本科,3-5年,10-15k,,,,https://www.liepin.com/job/1971256801.shtml,20241206101635,,,,
7828,猎聘,能源/化工/环保,矿山,机械工程师,企业职位,芜湖翼诺机械有限公司,50-99人,,西安,芜湖,大专,经验不限,10-15k,,,,https://www.liepin.com/job/1955278591.shtml,20230425102532,,,,
7829,猎聘,能源/化工/环保,矿山,资料员,企业职位,安徽盛翔矿业有限公司,50-99人,,西安,池州,大专,经验不限,8-12k,,,,https://www.liepin.com/job/1958138413.shtml,20230426083730,,,,
7830,猎聘,能源/化工/环保,矿山,安全健康环保部主管,企业职位,滁州市兴天矿业有限公司,50-99人,,西安,滁州-天长,统招本科,3-5年,10-12k,,,,https://www.liepin.com/job/1965906941.shtml,20240401091139,,,,
7831,猎聘,能源/化工/环保,矿山,跨境电商运营,企业职位,安徽三当进出口贸易有限公司,50-99人,,西安,合肥-包河区,大专,1-3年,6-15k·13薪,,,,https://www.liepin.com/job/1964844989.shtml,20240222111600,,,,
7832,猎聘,能源/化工/环保,矿山,通风技术员,企业职位,温州建峰矿山工程集团有限公司霍邱环山铁矿分公司,100-499人,,西安,六安-霍邱县,大专,经验不限,6-8k,,,,https://www.liepin.com/job/1960656021.shtml,20230908151623,,,,
7833,猎聘,能源/化工/环保,矿山,项目经理,企业职位,碳索能源环境科技有限公司,1-49人,,西安,合肥-包河区,大专,经验不限,5-8k,,,,https://www.liepin.com/job/1973937739.shtml,20250418115407,,,,
7834,猎聘,能源/化工/环保,矿山,外贸销售员,企业职位,安徽三当进出口贸易有限公司,50-99人,,西安,合肥-包河区,大专,1-3年,7-12k,,,,https://www.liepin.com/job/1964674431.shtml,20240218120823,,,,
7835,猎聘,能源/化工/环保,矿山,市场销售,企业职位,合肥帧讯软件有限公司,50-99人,,西安,合肥-高新区,大专,1年以下,4-5k·13薪,,,,https://www.liepin.com/job/1973435377.shtml,20250327102430,,,,
7836,猎聘,能源/化工/环保,矿山,外贸经理/主管,企业职位,安徽三当进出口贸易有限公司,50-99人,,西安,合肥-包河区,大专,1-3年,8-14k·13薪,,,,https://www.liepin.com/job/1964674377.shtml,20240218120848,,,,
7837,猎聘,能源/化工/环保,矿山,区域销售经理,企业职位,成都四相致新科技有限公司,100-499人,,西安,合肥,大专,3-5年,6-15k,,,,https://www.liepin.com/job/1956630111.shtml,20230302115158,,,,
7838,猎聘,能源/化工/环保,矿山,销售经理,企业职位,安徽不贰智能装备股份有限公司,50-99人,,西安,合肥-高新区,大专,1-3年,5-6k,,,,https://www.liepin.com/job/1965379807.shtml,20240313141813,,,,
7839,猎聘,能源/化工/环保,矿山,机器人系统工程师,企业职位,安徽普莱姆斯智能科技有限公司,50-99人,,西安,淮北,大专,1-3年,6-8k,,,,https://www.liepin.com/job/1930734265.shtml,20200811182336,,,,
7840,猎聘,能源/化工/环保,矿山,机电技术员,企业职位,凤阳县金鹏矿业有限公司,100-499人,,西安,滁州-凤阳县,大专,经验不限,5-7k,,,,https://www.liepin.com/job/1948913697.shtml,20220414142803,,,,
7841,猎聘,能源/化工/环保,矿山,生产设备主管,企业职位,淮北市润宇新型墙材有限公司,1-49人,,西安,宿州-埇桥区,学历不限,3-5年,8-10k,,,,https://www.liepin.com/job/1952304621.shtml,20220901094612,,,,
7842,猎聘,能源/化工/环保,矿山,驻区销售,企业职位,德威特涂料,500-999人,,西安,合肥-包河区,中专/中技,1-3年,8-12k,,,,https://www.liepin.com/job/1958373601.shtml,20230509101537,,,,
7843,猎聘,能源/化工/环保,矿山,生态修复工程师,企业职位,安徽国祯环境修复股份有限公司,50-99人,,西安,合肥,本科,经验不限,5-10k,,,,https://www.liepin.com/job/1928921509.shtml,20231018112802,,,,
7844,猎聘,能源/化工/环保,矿山,安全/健康/环境管理,企业职位,安徽南大星新材料科技有限公司,50-99人,,西安,滁州-明光,大专,1-3年,6-10k,,,,https://www.liepin.com/job/1937388075.shtml,20210323153728,,,,
7845,猎聘,能源/化工/环保,矿山,机械技术员,企业职位,凤阳县金鹏矿业有限公司,100-499人,,西安,滁州-凤阳县,大专,经验不限,5-7k,,,,https://www.liepin.com/job/1948913781.shtml,20220414142913,,,,
7846,猎聘,能源/化工/环保,矿山,煤矿机械销售,企业职位,北京鑫源九鼎科技有限公司,50-99人,,西安,淮南-大通区,大专,3-5年,6-10k,,,,https://www.liepin.com/job/1962879319.shtml,20231113154744,,,,
7847,猎聘,能源/化工/环保,矿山,诚聘驻外收料员,企业职位,宿州市合生商贸有限公司,50-99人,,西安,宿州,学历不限,1-3年,4-6k,,,,https://www.liepin.com/job/1937281501.shtml,20211230095539,,,,
7848,猎聘,能源/化工/环保,矿山,项目经理,企业职位,安徽阿尔派装备制造有限公司,1-49人,,西安,滁州-南谯区,学历不限,经验不限,5-10k,,,,https://www.liepin.com/job/1937102103.shtml,20220302100913,,,,
7849,猎聘,能源/化工/环保,矿山,技术总监,企业职位,安徽天塑环保科技有限公司,50-99人,,西安,淮北,大专,3-5年,5-8k,,,,https://www.liepin.com/job/1928985729.shtml,20200613082010,,,,
7850,猎聘,能源/化工/环保,矿山,综合办公室主任,企业职位,铜陵华金矿业有限责任公司,100-499人,,西安,铜陵-铜官区,统招本科,10年以上,6-8k,,,,https://www.liepin.com/job/1983282399.shtml,20260609141932,,,,
7851,猎聘,能源/化工/环保,矿山,总工程师,企业职位,深圳华侨城文化旅游科技集团有限公司,1000-2000人,,西安,滁州-南谯区,本科,10年以上,15-18k·20薪,,,,https://www.liepin.com/job/1983170381.shtml,20260608095412,,,,
7852,猎聘,能源/化工/环保,矿山,生产运营总监（重型机械经验）,企业职位,某上海机械/设备公司,100-499人,,西安,合肥,学历不限,5-10年,15-30k·13薪,,,,https://www.liepin.com/a/76507535.shtml,20260608101009,,,,
7853,猎聘,能源/化工/环保,矿山,矿山总经理,企业职位,北京新华联资源开发有限公司,100-499人,,南京,甘南-夏河县,本科,10年以上,40-70k,,,,https://www.liepin.com/job/1980947493.shtml,20260602134414,,,,
7854,猎聘,能源/化工/环保,矿山,矿山通风工程师,企业职位,某国内大型新能源公司,10000人以上,,南京,平凉,大专,3-5年,15-20k,,,,https://www.liepin.com/a/75482497.shtml,20260510105410,,,,
7855,猎聘,能源/化工/环保,矿山,机电岗（矿山）,企业职位,某南京大型工程施工公司,10000人以上,,南京,酒泉,大专,10年以上,25-28k,,,,https://www.liepin.com/a/70993627.shtml,20260609131030,,,,
7856,猎聘,能源/化工/环保,矿山,有色金属矿山五职 机电副矿长,企业职位,某国内矿产开采公司,,,南京,定西,中专/中技,5-10年,10-15k,,,,https://www.liepin.com/a/75765233.shtml,20260607082950,,,,
7857,猎聘,能源/化工/环保,矿山,矿山五职工程师（金矿）,企业职位,某广州人力资源服务公司,50-99人,,南京,嘉峪关,大专,5-10年,15-16k,,,,https://www.liepin.com/a/74611699.shtml,20260414120152,,,,
7858,猎聘,能源/化工/环保,矿山,矿山机械设备高级工程师,企业职位,深圳亿特控股(集团)有限公司,2000-5000人,,南京,兰州-城关区,本科,5年以上,30-50k·13薪,,,,https://www.liepin.com/job/1975502303.shtml,20260211112919,,,,
7859,猎聘,能源/化工/环保,矿山,【甲方】矿山通风工程师,企业职位,某国内人力资源服务公司,50-99人,,南京,平凉,大专,1-3年,8-9k,,,,https://www.liepin.com/a/76341581.shtml,20260603093057,,,,
7860,猎聘,能源/化工/环保,矿山,(刚果金)挖掘机械设备/铜矿机械维修工程师/矿山设备科长,企业职位,深圳亿特控股(集团)有限公司,2000-5000人,,南京,兰州-城关区,学历不限,10年以上,20-35k·14薪,,,,https://www.liepin.com/job/1968529935.shtml,20260211112941,,,,
7861,猎聘,能源/化工/环保,矿山,矿山机械设备高级工程师,企业职位,深圳亿特控股(集团)有限公司,2000-5000人,,南京,金昌-金川区,本科,5年以上,30-50k·13薪,,,,https://www.liepin.com/job/1975505949.shtml,20260211112914,,,,
7862,猎聘,能源/化工/环保,矿山,露天矿山砂石料安全资料工程师,企业职位,南京垠坤集团,1000-2000人,,南京,酒泉-金塔县,本科,5-10年,12-15k,,,,https://www.liepin.com/job/1983016891.shtml,20260601095122,,,,
7863,猎聘,能源/化工/环保,矿山,矿山土建工程师,企业职位,寰泰储能科技,100-499人,,南京,酒泉,统招本科,5-10年,8-20k·14薪,,,,https://www.liepin.com/job/1958333569.shtml,20260512151917,,,,
7864,猎聘,能源/化工/环保,矿山,机电工程师（矿山机电）,企业职位,某国内工程施工公司,100-499人,,南京,酒泉-玉门,本科,8年以上,27-35k,,,,https://www.liepin.com/a/76595257.shtml,20260609170911,,,,
7865,猎聘,能源/化工/环保,矿山,矿山总工程师,企业职位,四川耀隆仁建筑工程有限公司肃北分公司,1-49人,,南京,酒泉-玉门,大专,5-10年,22-25k,,,,https://www.liepin.com/job/1969357033.shtml,20240828164747,,,,
7866,猎聘,能源/化工/环保,矿山,矿山地质工程师,企业职位,盛达集团,2000-5000人,,南京,兰州-城关区,本科,5-10年,12-18k,,,,https://www.liepin.com/job/1972658753.shtml,20260407183025,,,,
7867,猎聘,能源/化工/环保,矿山,矿山设备大客户营销经理（全国可选）,企业职位,河南省振源科技有限公司,100-499人,,南京,兰州-城关区,大专,1-3年,20-50k,,,,https://www.liepin.com/job/1979575145.shtml,20260422101406,,,,
7868,猎聘,能源/化工/环保,矿山,矿山销售经理,企业职位,安科兴业,100-499人,,南京,白银-白银区,学历不限,3-5年,6-9k,,,,https://www.liepin.com/job/1981185285.shtml,20260324112350,,,,
7869,猎聘,能源/化工/环保,矿山,地质（矿山）助理工程师,企业职位,四川耀隆仁建筑工程有限公司肃北分公司,1-49人,,南京,酒泉-肃北县,大专,1-3年,5-7k,,,,https://www.liepin.com/job/1969398157.shtml,20240830104227,,,,
7870,猎聘,能源/化工/环保,矿山,注册安全工程师（金属非金属矿山）,企业职位,某知名公司,50-99人,,南京,酒泉,大专,5-10年,15-20k,,,,https://www.liepin.com/a/74262389.shtml,20260403174406,,,,
7871,猎聘,能源/化工/环保,矿山,矿山现场管理员（甘肃）,企业职位,中恺投资,100-499人,,南京,张掖-肃南县,大专,3年以上,13-14k,,,,https://www.liepin.com/job/1974583763.shtml,20250617090233,,,,
7872,猎聘,能源/化工/环保,矿山,矿山通风工程师,企业职位,中桐矿业(贵州)有限公司甘肃省山丹分公司,1-49人,,南京,张掖-山丹县,学历不限,1-3年,10-15k,,,,https://www.liepin.com/job/1974611829.shtml,20250521133856,,,,
7873,猎聘,能源/化工/环保,矿山,矿山运营总经理(花岗岩矿长）,企业职位,屯仓投资有限公司,500-999人,,南京,酒泉,大专,5-10年,20-30k,,,,https://www.liepin.com/job/1937217885.shtml,20210429110034,,,,
7874,猎聘,能源/化工/环保,矿山,实体矿山副总经理,企业职位,盛达集团,2000-5000人,,南京,兰州,本科,5年以上,20-30k,,,,https://www.liepin.com/job/1976795221.shtml,20250827164904,,,,
7875,猎聘,能源/化工/环保,矿山,矿山一级建造师 二级建造师,企业职位,陕西盛源鸿伟环保科技有限公司,50-99人,,南京,陇南-西和县,本科,5-10年,20-21k,,,,https://www.liepin.com/job/1975610367.shtml,20250707214149,,,,
7876,猎聘,能源/化工/环保,矿山,矿山一级建造师,企业职位,陕西盛源鸿伟环保科技有限公司,50-99人,,南京,陇南-西和县,本科,5-10年,1-2k,,,,https://www.liepin.com/job/1975610347.shtml,20250707213714,,,,
7877,猎聘,能源/化工/环保,矿山,新能源重卡区域总【甘宁青】,企业职位,某南京大型整车制造公司,2000-5000人,,南京,兰州,本科,5-10年,25-35k·16薪,,,,https://www.liepin.com/a/74426047.shtml,20260609090638,,,,
7878,猎聘,能源/化工/环保,矿山,通风技术员,企业职位,某西安人力资源服务公司,100-499人,,南京,平凉,大专,3-5年,10-13k,,,,https://www.liepin.com/a/75046953.shtml,20260609141617,,,,
7879,猎聘,能源/化工/环保,矿山,国企 五险二金 休假多 技术总工（采矿、地质工程师）,企业职位,某国内人力资源服务公司,50-99人,,南京,陇南,本科,10年以上,20-21k,,,,https://www.liepin.com/a/75214777.shtml,20260609140433,,,,
7880,猎聘,能源/化工/环保,矿山,工程造价/预结算,企业职位,某西安人力资源服务公司,100-499人,,南京,兰州,大专,1-3年,12-15k,,,,https://www.liepin.com/a/75774823.shtml,20260518150025,,,,
7881,猎聘,能源/化工/环保,矿山,中级-注册安全工程师【五险 包食宿】,企业职位,某国内人力资源服务公司,50-99人,,南京,酒泉,大专,10年以上,15-20k,,,,https://www.liepin.com/a/75314875.shtml,20260506173335,,,,
7882,猎聘,能源/化工/环保,矿山,财务部长 副部长,企业职位,某国内矿产开采上市公司,100-499人,,南京,酒泉,本科,5-10年,10-15k,,,,https://www.liepin.com/a/75552439.shtml,20260512100436,,,,
7883,猎聘,能源/化工/环保,矿山,露天砂石矿矿长,企业职位,南京垠坤集团,1000-2000人,,南京,酒泉-金塔县,大专,10年以上,20-30k,,,,https://www.liepin.com/job/1982780225.shtml,20260522160725,,,,
7884,猎聘,能源/化工/环保,矿山,设备管理员,企业职位,紫金矿业集团股份有限公司,10000人以上,,南京,陇南-礼县,本科,经验不限,10-15k,,,,https://www.liepin.com/job/1983112427.shtml,20260606151507,,,,
7885,猎聘,能源/化工/环保,矿山,通风技术员,企业职位,某西安人力资源服务公司,100-499人,,南京,平凉,大专,3-5年,10-12k,,,,https://www.liepin.com/a/74650651.shtml,20260513112936,,,,
7886,猎聘,能源/化工/环保,矿山,技术总工 五险二金 月休7-8天，福利待遇好，薪资高,企业职位,某国内专业服务公司,50-99人,,南京,陇南,本科,10年以上,19-20k,,,,https://www.liepin.com/a/76180385.shtml,20260604102154,,,,
7887,猎聘,能源/化工/环保,矿山,甘肃甲方单位招聘矿长,企业职位,某知名公司,50-99人,,南京,平凉,学历不限,5-10年,24-25k,,,,https://www.liepin.com/a/76239501.shtml,20260601093106,,,,
7888,猎聘,能源/化工/环保,矿山,矿长,企业职位,某国内咨询服务公司,50-99人,,南京,平凉,大专,3-5年,20-25k,,,,https://www.liepin.com/a/76277201.shtml,20260601173715,,,,
7889,猎聘,能源/化工/环保,矿山,矿长,企业职位,某知名公司,50-99人,,南京,平凉,大专,10年以上,20-25k,,,,https://www.liepin.com/a/76293295.shtml,20260602100518,,,,
7890,猎聘,能源/化工/环保,矿山,土建工程师,企业职位,某国内矿产开采公司,50-99人,,南京,白银-景泰县,大专,3-5年,8-12k,,,,https://www.liepin.com/a/76353835.shtml,20260607105254,,,,
7891,猎聘,能源/化工/环保,矿山,注册安全工程师,企业职位,某国内人力资源服务公司,50-99人,,南京,酒泉,大专,10年以上,19-21k,,,,https://www.liepin.com/a/75497391.shtml,20260511101655,,,,
7892,猎聘,能源/化工/环保,矿山,副矿长,企业职位,甘肃德峰矿业有限公司,,,南京,定西-岷县,大专,5-10年,10-15k,,,,https://www.liepin.com/job/1982826185.shtml,20260525135053,,,,
7893,猎聘,能源/化工/环保,矿山,大客户销售（陕甘青宁）,企业职位,长沙迪迈科技股份有限公司,100-499人,,南京,兰州-城关区,大专,3年以上,15-30k,,,,https://www.liepin.com/job/1975844053.shtml,20260414172810,,,,
7894,猎聘,能源/化工/环保,矿山,通风技术员,企业职位,某西安人力资源服务公司,100-499人,,南京,兰州,学历不限,经验不限,10-12k,,,,https://www.liepin.com/a/75291027.shtml,20260609102925,,,,
7895,猎聘,能源/化工/环保,矿山,通风技术员,企业职位,某西安人力资源服务公司,100-499人,,南京,平凉,大专,3-5年,10-12k,,,,https://www.liepin.com/a/75271977.shtml,20260506095931,,,,
7896,猎聘,能源/化工/环保,矿山,机电工程师,企业职位,某西安人力资源服务公司,100-499人,,南京,平凉,大专,5-10年,14-15k,,,,https://www.liepin.com/a/73301705.shtml,20260513112936,,,,
7897,猎聘,能源/化工/环保,矿山,煤矿生产矿长,企业职位,某国内矿产开采公司,50-99人,,南京,白银,大专,10年以上,35-40k,,,,https://www.liepin.com/a/76366215.shtml,20260608085806,,,,
7898,猎聘,能源/化工/环保,矿山,通风技术员,企业职位,某西安人力资源服务公司,100-499人,,南京,平凉,学历不限,3-5年,10-12k,,,,https://www.liepin.com/a/74820167.shtml,20260420113235,,,,
7899,猎聘,能源/化工/环保,矿山,中级-注册安全工程师,企业职位,某国内人力资源服务公司,50-99人,,南京,酒泉,大专,5-10年,15-20k,,,,https://www.liepin.com/a/75316329.shtml,20260506175049,,,,
7900,猎聘,能源/化工/环保,矿山,【甲方单位，月休5天】中级爆破工程师,企业职位,某国内专业服务公司,50-99人,,南京,酒泉,学历不限,经验不限,20-21k,,,,https://www.liepin.com/a/76218469.shtml,20260529174638,,,,
7901,猎聘,能源/化工/环保,矿山,金矿化验室主任,企业职位,甘肃德峰矿业有限公司,,,南京,定西-岷县,大专,10年以上,8-12k,,,,https://www.liepin.com/job/1982254265.shtml,20260505135458,,,,
7902,猎聘,能源/化工/环保,矿山,采矿工程师-包吃住 金属矿,企业职位,某国内矿产开采上市公司,100-499人,,南京,酒泉,本科,3-5年,12-18k,,,,https://www.liepin.com/a/75423759.shtml,20260605155347,,,,
7903,猎聘,能源/化工/环保,矿山,（外派）矿区现场管理,企业职位,西藏珠峰,2000-5000人,,南京,陇南-宕昌县,大专,3-5年,薪资面议,,,,https://www.liepin.com/job/1975753599.shtml,20260312170729,,,,
7904,猎聘,能源/化工/环保,矿山,【国企 五险二金 月休7-8天 可攒假  住宿单人间】技术总工（中级采矿/地质）,企业职位,某国内人力资源服务公司,50-99人,,南京,陇南,学历不限,1-3年,19-20k,,,,https://www.liepin.com/a/75786403.shtml,20260518170551,,,,
7905,猎聘,能源/化工/环保,矿山,销售经理（新能源重卡）,企业职位,深向科技,1000-2000人,,南京,平凉-崆峒区,大专,经验不限,9-15k,,,,https://www.liepin.com/job/1982758989.shtml,20260608155623,,,,
7906,猎聘,能源/化工/环保,矿山,技术总工/五险二金/包吃住,企业职位,某国内人力资源服务公司,50-99人,,南京,陇南,本科,10年以上,20-21k,,,,https://www.liepin.com/a/75226117.shtml,20260430143159,,,,
7907,猎聘,能源/化工/环保,矿山,法务主管,企业职位,某国内矿产开采公司,50-99人,,南京,白银,学历不限,经验不限,8-12k,,,,https://www.liepin.com/a/75756895.shtml,20260603141015,,,,
7908,猎聘,能源/化工/环保,矿山,采矿工程师,企业职位,某西安人力资源服务公司,100-499人,,南京,平凉,学历不限,5-7年,15-16k,,,,https://www.liepin.com/a/74099777.shtml,20260608100546,,,,
7909,猎聘,能源/化工/环保,矿山,金融客户总监,企业职位,万联易达集团,10000人以上,,南京,兰州-七里河区,本科,5-10年,8-15k,,,,https://www.liepin.com/job/1979948703.shtml,20260529151851,,,,
7910,猎聘,能源/化工/环保,矿山,技术总工,企业职位,某国内人力资源服务公司,50-99人,,南京,陇南,统招本科,10年以上,16-20k,,,,https://www.liepin.com/a/75956697.shtml,20260609185126,,,,
7911,猎聘,能源/化工/环保,矿山,煤矿安全矿长,企业职位,某国内矿产开采公司,50-99人,,南京,白银,大专,10年以上,35-45k,,,,https://www.liepin.com/a/76366083.shtml,20260608085806,,,,
7912,猎聘,能源/化工/环保,矿山,水暖工程师,企业职位,某国内矿产开采公司,50-99人,,南京,白银-景泰县,本科,3-5年,8-12k,,,,https://www.liepin.com/a/76352007.shtml,20260603111312,,,,
7913,猎聘,能源/化工/环保,矿山,区域销售经理（重卡充电）,企业职位,华体科技,500-999人,,南京,兰州-城关区,大专,3年以上,10-20k,,,,https://www.liepin.com/job/1980545229.shtml,20260519141539,,,,
7914,猎聘,能源/化工/环保,矿山,地质工程师 包吃住 可攒休,企业职位,某国内人力资源服务公司,50-99人,,南京,酒泉-瓜州县,大专,3-5年,15-18k,,,,https://www.liepin.com/a/72726873.shtml,20260522165844,,,,
7915,猎聘,能源/化工/环保,矿山,高级采矿工程师  （国企 五险二金 月休7-8天 可攒假  住宿单人间),企业职位,某国内人力资源服务公司,50-99人,,南京,陇南,本科,10年以上,14-15k,,,,https://www.liepin.com/a/75041029.shtml,20260424155625,,,,
7916,猎聘,能源/化工/环保,矿山,地质工程师,企业职位,湖北京兰水泥集团有限公司,2000-5000人,,南京,兰州-榆中县,本科,5-10年,6-8k,,,,https://www.liepin.com/job/1978973157.shtml,20251208094059,,,,
7917,猎聘,能源/化工/环保,矿山,采矿工程师,企业职位,甘肃德峰矿业有限公司,,,南京,定西-岷县,本科,10年以上,15-25k,,,,https://www.liepin.com/job/1981758921.shtml,20260609083716,,,,
7918,猎聘,能源/化工/环保,矿山,生产矿长（有色金属）,企业职位,盛达集团,2000-5000人,,南京,兰州,本科,10年以上,15-20k,,,,https://www.liepin.com/job/1981407057.shtml,20260401095624,,,,
7919,猎聘,能源/化工/环保,矿山,人资部总监,企业职位,某西安人力资源服务公司,100-499人,,南京,白银,学历不限,5-10年,15-20k,,,,https://www.liepin.com/a/73227103.shtml,20260311102255,,,,
7920,猎聘,能源/化工/环保,矿山,中级-机电工程师【机电矿长】,企业职位,某国内人力资源服务公司,50-99人,,南京,平凉,大专,10年以上,13-15k,,,,https://www.liepin.com/a/75315799.shtml,20260506174436,,,,
7921,猎聘,能源/化工/环保,矿山,区域销售经理/主管,企业职位,甘肃飞天阳光国际贸易有限公司,1-49人,,南京,兰州-城关区,统招本科,1-3年,5-8k,,,,https://www.liepin.com/job/1982148789.shtml,20260428115231,,,,
7922,猎聘,能源/化工/环保,矿山,机电副矿长,企业职位,某国内人力资源服务公司,50-99人,,南京,酒泉,大专,10年以上,15-18k,,,,https://www.liepin.com/a/75143317.shtml,20260428141202,,,,
7923,猎聘,能源/化工/环保,矿山,砂石骨料矿厂长,企业职位,某国内工程施工公司,,,南京,酒泉,学历不限,经验不限,25-30k,,,,https://www.liepin.com/a/75858165.shtml,20260609085846,,,,
7924,猎聘,能源/化工/环保,矿山,金矿矿长,企业职位,甘肃德峰矿业有限公司,,,南京,定西-岷县,本科,10年以上,20-30k,,,,https://www.liepin.com/job/1981756181.shtml,20260414171332,,,,
7925,猎聘,能源/化工/环保,矿山,矿建预算员,企业职位,某西安人力资源服务公司,100-499人,,南京,兰州,学历不限,经验不限,10-15k,,,,https://www.liepin.com/a/73462731.shtml,20260527110514,,,,
7926,猎聘,能源/化工/环保,矿山,采矿工程师,企业职位,日昌升集团有限公司,1000-2000人,,南京,酒泉-金塔县,大专,3-5年,11-15k·13薪,,,,https://www.liepin.com/job/1955449647.shtml,20240229094040,,,,
7927,猎聘,能源/化工/环保,矿山,采矿工程师,企业职位,甘肃宝镁西铁合金有限公司,100-499人,,南京,兰州-永登县,大专,2年以上,5-10k,,,,https://www.liepin.com/job/1981137123.shtml,20260322120102,,,,
7928,猎聘,能源/化工/环保,矿山,砂石料露天矿厂经理,企业职位,南京垠坤集团,1000-2000人,,南京,酒泉-金塔县,大专,3-5年,20-35k,,,,https://www.liepin.com/job/1982696163.shtml,20260522111828,,,,
7929,猎聘,能源/化工/环保,矿山,项目经理,企业职位,四川耀隆仁建筑工程有限公司肃北分公司,1-49人,,南京,酒泉-玉门,大专,1-3年,15-20k,,,,https://www.liepin.com/job/1969357327.shtml,20240828165243,,,,
7930,猎聘,能源/化工/环保,矿山,安全副矿长,企业职位,天水奉波矿业开发有限公司,50-99人,,南京,天水-麦积区,本科,3-5年,16-25k,,,,https://www.liepin.com/job/1960506509.shtml,20230803102513,,,,
7931,猎聘,能源/化工/环保,矿山,测量技术员,企业职位,四川耀隆仁建筑工程有限公司肃北分公司,1-49人,,南京,酒泉-玉门,大专,1-3年,5-7k,,,,https://www.liepin.com/job/1969400739.shtml,20240830113011,,,,
7932,猎聘,能源/化工/环保,矿山,测量技术员,企业职位,四川耀隆仁建筑工程有限公司肃北分公司,1-49人,,南京,酒泉-肃北县,大专,1-3年,5-7k,,,,https://www.liepin.com/job/1969398575.shtml,20240830104756,,,,
7933,猎聘,能源/化工/环保,矿山,机电矿长,企业职位,某国内人力资源服务公司,50-99人,,南京,兰州,学历不限,经验不限,13-15k,,,,https://www.liepin.com/a/73611655.shtml,20260519174642,,,,
7934,猎聘,能源/化工/环保,矿山,总工，国企 五险二金 月休7-8天  住单人间,企业职位,某国内人力资源服务公司,50-99人,,南京,陇南,学历不限,10年以上,16-19k,,,,https://www.liepin.com/a/76295433.shtml,20260609104821,,,,
7935,猎聘,能源/化工/环保,矿山,采矿高级工程师,企业职位,中锋建业(北京)建设有限公司甘肃第六分公司,1-49人,,南京,金昌-金川区,学历不限,5-10年,15-25k,,,,https://www.liepin.com/job/1974924555.shtml,20250605163455,,,,
7936,猎聘,能源/化工/环保,矿山,地质技术员,企业职位,四川耀隆仁建筑工程有限公司肃北分公司,1-49人,,南京,酒泉-玉门,大专,1-3年,5-7k,,,,https://www.liepin.com/job/1969400929.shtml,20240830113353,,,,
7937,猎聘,能源/化工/环保,矿山,业务经理（商贸类）,企业职位,万联易达集团,10000人以上,,南京,酒泉-肃州区,大专,经验不限,6-10k,,,,https://www.liepin.com/job/1982535579.shtml,20260608114107,,,,
7938,猎聘,能源/化工/环保,矿山,采矿工程师,企业职位,中国黄金集团西和矿业有限公司,1-49人,,南京,陇南-西和县,本科,3-5年,4-6k,,,,https://www.liepin.com/job/1976123809.shtml,20250730080940,,,,
7939,猎聘,能源/化工/环保,矿山,地质灾害技术人员,企业职位,中地信旺生态科技有限公司,50-99人,,南京,兰州-皋兰县,本科,3-5年,8-12k,,,,https://www.liepin.com/job/1975595275.shtml,20250707142131,,,,
7940,猎聘,能源/化工/环保,矿山,矿长,企业职位,天水奉波矿业开发有限公司,50-99人,,南京,天水-麦积区,大专,5-10年,16-30k,,,,https://www.liepin.com/job/1960501561.shtml,20250715085825,,,,
7941,猎聘,能源/化工/环保,矿山,采矿工程师,企业职位,甘肃德良矿业有限公司,1-49人,,南京,陇南-文县,大专,5-10年,10-15k,,,,https://www.liepin.com/job/1977813355.shtml,20251016155957,,,,
7942,猎聘,能源/化工/环保,矿山,机电工程师,企业职位,中桐矿业(贵州)有限公司甘肃省山丹分公司,1-49人,,南京,张掖-山丹县,大专,1-3年,10-15k,,,,https://www.liepin.com/job/1974610787.shtml,20250521203330,,,,
7943,猎聘,能源/化工/环保,矿山,采矿工程师,企业职位,榆中日昌升新型建筑材料有限公司,100-499人,,南京,兰州-榆中县,大专,5-10年,8-13k,,,,https://www.liepin.com/job/1960807051.shtml,20230816163534,,,,
7944,猎聘,能源/化工/环保,矿山,煤矿五职矿长与副总师,企业职位,某国内矿产开采公司,50-99人,,南京,白银-景泰县,学历不限,经验不限,20-40k,,,,https://www.liepin.com/a/76565833.shtml,20260609105932,,,,
7945,猎聘,能源/化工/环保,矿山,中级爆破工程师,企业职位,某知名公司,1-49人,,南京,酒泉,大专,经验不限,14-16k,,,,https://www.liepin.com/a/76507743.shtml,20260609134617,,,,
7946,猎聘,能源/化工/环保,矿山,大宗贸易业务经理(平凉),企业职位,万联易达集团,10000人以上,,南京,平凉,大专,3-5年,6-15k,,,,https://www.liepin.com/job/1983031881.shtml,20260601143853,,,,
7947,猎聘,能源/化工/环保,矿山,中级采矿工程师（福利好  待遇高）,企业职位,某国内人力资源服务公司,50-99人,,南京,酒泉,学历不限,5-10年,18-19k,,,,https://www.liepin.com/a/75715593.shtml,20260515144944,,,,
7948,猎聘,能源/化工/环保,矿山,地质工程师 甲方,企业职位,某国内人力资源服务公司,50-99人,,南京,酒泉,大专,5-10年,15-18k,,,,https://www.liepin.com/a/75928965.shtml,20260609104821,,,,
7949,猎聘,能源/化工/环保,矿山,中级采矿工程师（福利好  待遇高）,企业职位,某国内人力资源服务公司,50-99人,,南京,酒泉,大专,10年以上,17-21k,,,,https://www.liepin.com/a/75557531.shtml,20260512104946,,,,
7950,猎聘,能源/化工/环保,矿山,机电工程师,企业职位,中迦矿山建设集团有限公司,50-99人,,南京,陇南-武都区,学历不限,3-5年,10-15k,,,,https://www.liepin.com/job/1973181257.shtml,20260528111700,,,,
7951,猎聘,能源/化工/环保,矿山,销售经理（新能源重卡）,企业职位,深向科技,1000-2000人,,南京,天水-麦积区,大专,经验不限,9-15k,,,,https://www.liepin.com/job/1982758981.shtml,20260608155623,,,,
7952,猎聘,能源/化工/环保,矿山,销售经理（新能源重卡）,企业职位,深向科技,1000-2000人,,南京,庆阳-西峰区,大专,经验不限,9-15k,,,,https://www.liepin.com/job/1982758985.shtml,20260608155623,,,,
7953,猎聘,能源/化工/环保,矿山,销售经理（新能源重卡）,企业职位,深向科技,1000-2000人,,南京,酒泉-肃州区,大专,经验不限,9-15k,,,,https://www.liepin.com/job/1982759065.shtml,20260608155616,,,,
7954,猎聘,能源/化工/环保,矿山,采矿工程师(外派刚果金),企业职位,寒锐钴业,1000-2000人,,南京,金昌-金川区,大专,1-3年,6-8k·13薪,,,,https://www.liepin.com/job/1977922277.shtml,20251022102046,,,,
7955,猎聘,能源/化工/环保,矿山,采矿工程管理岗,企业职位,金徽矿业股份有限公司,2000-5000人,,南京,陇南-徽县,大专,5-10年,10-20k,,,,https://www.liepin.com/job/1976925759.shtml,20250902165504,,,,
7956,猎聘,能源/化工/环保,矿山,采矿工程师,企业职位,日昌升集团有限公司,1000-2000人,,南京,兰州-榆中县,本科,经验不限,8-10k·15薪,,,,https://www.liepin.com/job/1953616201.shtml,20221104120156,,,,
7957,猎聘,能源/化工/环保,矿山,资深金矿选矿高级工程师,企业职位,甘肃德峰矿业有限公司,,,南京,定西-岷县,本科,10年以上,15-30k,,,,https://www.liepin.com/job/1983235843.shtml,20260608111413,,,,
7958,猎聘,能源/化工/环保,矿山,采购部长/采购经理(有色金属/矿业),企业职位,深圳亿特控股(集团)有限公司,2000-5000人,,南京,兰州-城关区,本科,10年以上,20-25k·13薪,,,,https://www.liepin.com/job/1968529519.shtml,20260211112945,,,,
7959,猎聘,能源/化工/环保,矿山,销售经理（新能源重卡）,企业职位,深向科技,1000-2000人,,南京,武威-凉州区,大专,经验不限,9-15k,,,,https://www.liepin.com/job/1982759015.shtml,20260608155623,,,,
7960,猎聘,能源/化工/环保,矿山,销售经理（新能源重卡）,企业职位,深向科技,1000-2000人,,南京,张掖-甘州区,大专,经验不限,9-15k,,,,https://www.liepin.com/job/1982759017.shtml,20260608155623,,,,
7961,猎聘,能源/化工/环保,矿山,安全管理工程师,企业职位,寰泰储能科技,100-499人,,南京,酒泉-敦煌,本科,5-10年,12-24k,,,,https://www.liepin.com/job/1954005089.shtml,20260512151909,,,,
7962,猎聘,能源/化工/环保,矿山,区域销售经理(可全国驻地),企业职位,深圳盈泰利华技术有限责任公司,100-499人,,南京,兰州-城关区,统招本科,2-10年,7-21k,,,,https://www.liepin.com/job/1980802227.shtml,20260310153339,,,,
7963,猎聘,能源/化工/环保,矿山,核算会计,企业职位,三联合创商业发展集团有限公司,100-499人,,南京,陇南-文县,大专,1-3年,5-6k,,,,https://www.liepin.com/job/1982856183.shtml,20260609111503,,,,
7964,猎聘,能源/化工/环保,矿山,销售经理（新能源重卡）,企业职位,深向科技,1000-2000人,,南京,白银-白银区,大专,经验不限,9-15k,,,,https://www.liepin.com/job/1982759021.shtml,20260608155616,,,,
7965,猎聘,能源/化工/环保,矿山,(刚果金)汽修主任/铜矿汽修副主任,企业职位,深圳亿特控股(集团)有限公司,2000-5000人,,南京,兰州-城关区,中专/中技,5-10年,18-25k·14薪,,,,https://www.liepin.com/job/1968542663.shtml,20260211112941,,,,
7966,猎聘,能源/化工/环保,矿山,销售经理（新能源重卡）,企业职位,深向科技,1000-2000人,,南京,定西-安定区,大专,经验不限,9-15k,,,,https://www.liepin.com/job/1982759013.shtml,20260608155623,,,,
7967,猎聘,能源/化工/环保,矿山,销售经理（重卡 / 兰州）,企业职位,科华数据股份有限公司,5000-10000人,,南京,兰州-七里河区,统招本科,1-3年,10-25k·13薪,,,,https://www.liepin.com/job/1982160775.shtml,20260609083006,,,,
7968,猎聘,能源/化工/环保,矿山,业务经理（商贸类）,企业职位,万联易达集团,10000人以上,,南京,兰州-七里河区,大专,经验不限,6-10k,,,,https://www.liepin.com/job/1979948663.shtml,20260518100123,,,,
7969,猎聘,能源/化工/环保,矿山,地质勘查项目经理,企业职位,华夏国源,1000-2000人,,南京,兰州-七里河区,本科,10年以上,25-30k,,,,https://www.liepin.com/job/1978559813.shtml,20251119082647,,,,
7970,猎聘,能源/化工/环保,矿山,销售经理（新能源重卡）,企业职位,深向科技,1000-2000人,,南京,金昌-永昌县,大专,经验不限,9-15k,,,,https://www.liepin.com/job/1982759019.shtml,20260608155616,,,,
7971,猎聘,能源/化工/环保,矿山,总工程师（煤矿）,企业职位,中迦矿山建设集团有限公司,50-99人,,南京,陇南-武都区,学历不限,3-5年,10-15k,,,,https://www.liepin.com/job/1973180427.shtml,20260528111700,,,,
7972,猎聘,能源/化工/环保,矿山,采矿工程师,企业职位,盛达集团,2000-5000人,,南京,兰州,大专,5-10年,12-18k,,,,https://www.liepin.com/job/1977618173.shtml,20260407183033,,,,
7973,猎聘,能源/化工/环保,矿山,销售经理（新能源重卡）,企业职位,深向科技,1000-2000人,,南京,陇南-武都区,大专,经验不限,9-15k,,,,https://www.liepin.com/job/1982758987.shtml,20260608155623,,,,
7974,猎聘,能源/化工/环保,矿山,安全工程师,企业职位,北京中交君联科技发展有限公司,100-499人,,南京,天水-麦积区,大专,5-10年,8-15k,,,,https://www.liepin.com/job/1976660915.shtml,20250821153707,,,,
7975,猎聘,能源/化工/环保,矿山,地质工程师,企业职位,甘肃德良矿业有限公司,1-49人,,南京,陇南-文县,大专,5-10年,10-15k,,,,https://www.liepin.com/job/1977813293.shtml,20251016155854,,,,
7976,猎聘,能源/化工/环保,矿山,采矿工程师,企业职位,甘肃中金黄金矿业有限责任公司,100-499人,,南京,陇南-两当县,本科,10年以上,14-20k,,,,https://www.liepin.com/job/1974296555.shtml,20250507165148,,,,
7977,猎聘,能源/化工/环保,矿山,中级地质工程师（福利好   待遇高）,企业职位,某国内人力资源服务公司,50-99人,,南京,酒泉,大专,5-10年,15-16k,,,,https://www.liepin.com/a/74863407.shtml,20260421093752,,,,
7978,猎聘,能源/化工/环保,矿山,采矿工程师（春节假期 1 个月）,企业职位,某国内专业服务公司,50-99人,,南京,酒泉,大专,5-10年,15-16k,,,,https://www.liepin.com/a/75457717.shtml,20260608105400,,,,
7979,猎聘,能源/化工/环保,矿山,砂石料露天矿厂经理,企业职位,某国内工程施工公司,100-499人,,南京,酒泉,大专,10年以上,20-30k,,,,https://www.liepin.com/a/75908549.shtml,20260521134826,,,,
7980,猎聘,能源/化工/环保,矿山,机电工程师,企业职位,某知名公司,100-499人,,南京,临夏,学历不限,1-3年,9-12k,,,,https://www.liepin.com/a/76439771.shtml,20260609084858,,,,
7981,猎聘,能源/化工/环保,矿山,造价经理,企业职位,南京垠坤集团,1000-2000人,,南京,酒泉-金塔县,本科,5-10年,10-15k,,,,https://www.liepin.com/job/1982286337.shtml,20260506171928,,,,
7982,猎聘,能源/化工/环保,矿山,设备管理员/主管,企业职位,寰泰储能科技,100-499人,,南京,庆阳-西峰区,本科,10年以上,8-13k·14薪,,,,https://www.liepin.com/job/1980340859.shtml,20260512151858,,,,
7983,猎聘,能源/化工/环保,矿山,采矿工程师,企业职位,三联合创商业发展集团有限公司,100-499人,,南京,陇南-文县,大专,3-5年,10-15k,,,,https://www.liepin.com/job/1982854583.shtml,20260609111401,,,,
7984,猎聘,能源/化工/环保,矿山,矿长/矿区采剥经理/铜矿生产部长（非洲刚果金）,企业职位,深圳亿特控股(集团)有限公司,2000-5000人,,南京,兰州-城关区,大专,5-10年,25-40k,,,,https://www.liepin.com/job/1968529805.shtml,20260211112945,,,,
7985,猎聘,能源/化工/环保,矿山,市场经理,企业职位,金茂智慧交通科技有限公司北京分公司,100-499人,,南京,兰州-城关区,本科,5-10年,15-30k,,,,https://www.liepin.com/job/1978831105.shtml,20251201155558,,,,
7986,猎聘,能源/化工/环保,矿山,中级爆破工程师,企业职位,金诚信,10000人以上,,南京,酒泉-肃北县,大专,5年以上,15-18k,,,,https://www.liepin.com/job/1982595039.shtml,20260517103056,,,,
7987,猎聘,能源/化工/环保,矿山,电池银行负责人,企业职位,金茂智慧交通科技有限公司北京分公司,100-499人,,南京,兰州-城关区,本科,5-10年,20-40k,,,,https://www.liepin.com/job/1978770953.shtml,20251127155248,,,,
7988,猎聘,能源/化工/环保,矿山,选矿工程师,企业职位,盛达集团,2000-5000人,,南京,兰州,本科,5-10年,12-18k,,,,https://www.liepin.com/job/1981406895.shtml,20260402165237,,,,
7989,猎聘,能源/化工/环保,矿山,采矿工程师,企业职位,甘肃飞天阳光国际贸易有限公司,1-49人,,南京,兰州-城关区,统招本科,经验不限,8-9k,,,,https://www.liepin.com/job/1978784681.shtml,20251128102143,,,,
7990,猎聘,能源/化工/环保,矿山,测量技术员,企业职位,中国黄金集团西和矿业有限公司,1-49人,,南京,陇南-西和县,本科,3-5年,4-6k,,,,https://www.liepin.com/job/1977723841.shtml,20251013163920,,,,
7991,猎聘,能源/化工/环保,矿山,选矿工程师,企业职位,甘肃德良矿业有限公司,1-49人,,南京,陇南-文县,大专,5-10年,10-15k,,,,https://www.liepin.com/job/1977813417.shtml,20251016160057,,,,
7992,猎聘,能源/化工/环保,矿山,仪表工程师,企业职位,中建环能,1000-2000人,,南京,金昌-金川区,本科,5年以上,6-10k,,,,https://www.liepin.com/job/1977249351.shtml,20251106142701,,,,
7993,猎聘,能源/化工/环保,矿山,会计（嘉峪关）,企业职位,中恺投资,100-499人,,南京,嘉峪关,本科,3-5年,6-7k,,,,https://www.liepin.com/job/1977269779.shtml,20250916160719,,,,
7994,猎聘,能源/化工/环保,矿山,测量工程师（地下矿）,企业职位,四川耀隆仁建筑工程有限公司肃北分公司,1-49人,,南京,酒泉-玉门,大专,1-3年,12-14k,,,,https://www.liepin.com/job/1969932327.shtml,20240926150022,,,,
7995,猎聘,能源/化工/环保,矿山,区域客户经理,企业职位,深圳盈泰利华技术有限责任公司,100-499人,,南京,兰州-城关区,本科,3-5年,10-22k,,,,https://www.liepin.com/job/1962916017.shtml,20231114180658,,,,
7996,猎聘,能源/化工/环保,矿山,矿长,企业职位,内蒙古万众炜业工程有限责任公司,500-999人,,南京,武威-古浪县,大专,10年以上,20-25k,,,,https://www.liepin.com/job/1952451635.shtml,20220907161345,,,,
7997,猎聘,能源/化工/环保,矿山,骨料销售,企业职位,陕西正茂工程爆破有限公司,100-499人,,南京,兰州-榆中县,大专,经验不限,5-6k,,,,https://www.liepin.com/job/1973088227.shtml,20250313111437,,,,
7998,猎聘,能源/化工/环保,矿山,生产安全总监,企业职位,临夏州盛鑫建筑材料有限责任公司,50-99人,,南京,临夏,大专,5-10年,8-10k·13薪,,,,https://www.liepin.com/job/1959075631.shtml,20230605113117,,,,
7999,猎聘,能源/化工/环保,矿山,机电工程师,企业职位,甘肃永润煤基新材料集团有限公司,1-49人,,南京,平凉-灵台县,本科,5-10年,10-11k,,,,https://www.liepin.com/job/1954721669.shtml,20221130134726,,,,
8000,猎聘,能源/化工/环保,矿山,会计,企业职位,文县新关黄金开发有限责任公司,50-99人,,南京,陇南,本科,3-5年,7-10k,,,,https://www.liepin.com/job/1941934611.shtml,20230710193122,,,,
8001,猎聘,能源/化工/环保,矿山,业务专员,企业职位,嘉峪关中科千里信息科技有限公司,1-49人,,南京,嘉峪关,大专,1-3年,6-10k,,,,https://www.liepin.com/job/1961577955.shtml,20230913113257,,,,
8002,猎聘,能源/化工/环保,矿山,安全评价师,企业职位,甘肃恒邦安全管理咨询有限公司,100-499人,,南京,兰州-城关区,大专,1-3年,4-9k,,,,https://www.liepin.com/job/1942548391.shtml,20210825110947,,,,
8003,猎聘,能源/化工/环保,矿山,业务员,企业职位,兰州义发开山商贸有限公司,1-49人,,南京,兰州-城关区,中专/中技,经验不限,6-10k,,,,https://www.liepin.com/job/1947357631.shtml,20220222180408,,,,
8004,猎聘,能源/化工/环保,矿山,煤矿技术矿长,企业职位,某国内矿产开采公司,50-99人,,南京,白银,大专,10年以上,35-40k,,,,https://www.liepin.com/a/76542151.shtml,20260608172326,,,,
8005,猎聘,能源/化工/环保,矿山,煤矿机电矿长,企业职位,某国内矿产开采公司,50-99人,,南京,白银,大专,10年以上,35-40k,,,,https://www.liepin.com/a/76542073.shtml,20260608172233,,,,
8006,猎聘,能源/化工/环保,矿山,机电矿长/机电副总,企业职位,某国内矿产开采公司,50-99人,,南京,白银-景泰县,大专,5-10年,35-40k,,,,https://www.liepin.com/a/76540839.shtml,20260608170753,,,,
8007,猎聘,能源/化工/环保,矿山,注册安全工程师,企业职位,某国内其他商务服务业公司,,,南京,酒泉,学历不限,3-5年,15-16k,,,,https://www.liepin.com/a/76511595.shtml,20260608104621,,,,
8008,猎聘,能源/化工/环保,矿山,注册安全工程师甘肃酒泉年薪21万,企业职位,某国内其他商务服务业公司,,,南京,酒泉,学历不限,5-10年,16-18k,,,,https://www.liepin.com/a/76511045.shtml,20260608104136,,,,
8009,猎聘,能源/化工/环保,矿山,生产技术科科长-矿山,企业职位,天山铝业集团股份有限公司,5000-10000人,,苏州,百色-靖西,大专,8年以上,13-17k·15薪,,,,https://www.liepin.com/job/1983042331.shtml,20260609140251,,,,
8010,猎聘,能源/化工/环保,矿山,矿山测量工程师,企业职位,天山铝业集团股份有限公司,5000-10000人,,苏州,百色-靖西,大专,5-10年,10-15k,,,,https://www.liepin.com/job/1983191919.shtml,20260609101642,,,,
8011,猎聘,能源/化工/环保,矿山,矿山安全管理,企业职位,某国内人力资源服务公司,,,苏州,河池,大专,经验不限,20-30k,,,,https://www.liepin.com/a/75575483.shtml,20260609114249,,,,
8012,猎聘,能源/化工/环保,矿山,矿山操作工,企业职位,天山铝业集团股份有限公司,5000-10000人,,苏州,百色-靖西,学历不限,经验不限,5-6k,,,,https://www.liepin.com/job/1982832309.shtml,20260609101642,,,,
8013,猎聘,能源/化工/环保,矿山,矿山生产副经理,企业职位,某国内人力资源服务公司,,,苏州,河池,大专,5-10年,15-25k,,,,https://www.liepin.com/a/75573425.shtml,20260609114249,,,,
8014,猎聘,能源/化工/环保,矿山,矿山环保工程师,企业职位,天山铝业集团股份有限公司,5000-10000人,,苏州,百色-靖西,大专,8年以上,10-14k,,,,https://www.liepin.com/job/1982765681.shtml,20260609101642,,,,
8015,猎聘,能源/化工/环保,矿山,矿山机电副经理,企业职位,某国内人力资源服务公司,,,苏州,梧州,大专,经验不限,15-25k,,,,https://www.liepin.com/a/75570309.shtml,20260609114249,,,,
8016,猎聘,能源/化工/环保,矿山,矿山施工技术负责人,企业职位,某国内人力资源服务公司,,,苏州,梧州-岑溪,大专,5-10年,20-25k,,,,https://www.liepin.com/a/75573015.shtml,20260609114249,,,,
8017,猎聘,能源/化工/环保,矿山,有色金属矿山矿长,企业职位,某杭州大型环保公司,500-999人,,苏州,桂林,大专,10年以上,50-70k,,,,https://www.liepin.com/a/74182619.shtml,20260605123350,,,,
8018,猎聘,能源/化工/环保,矿山,矿山测量工程师,企业职位,兴安县银剑矿业有限责任公司,100-499人,,苏州,桂林,大专,5-10年,11-15k,,,,https://www.liepin.com/job/1966379163.shtml,20260507161254,,,,
8019,猎聘,能源/化工/环保,矿山,矿山财务科长,企业职位,广西途昊集团,100-499人,,苏州,南宁-青秀区,统招本科,2年以上,11-16k,,,,https://www.liepin.com/job/1972513147.shtml,20251127092718,,,,
8020,猎聘,能源/化工/环保,矿山,矿山机电工程师,企业职位,南方锰业集团有限责任公司,2000-5000人,,苏州,崇左-大新县,本科,5年以上,9-12k,,,,https://www.liepin.com/job/1981663147.shtml,20260609092408,,,,
8021,猎聘,能源/化工/环保,矿山,矿山机电管理,企业职位,某国内工程施工公司,100-499人,,苏州,南宁,大专,4年以上,20-23k,,,,https://www.liepin.com/a/75102889.shtml,20260427155451,,,,
8022,猎聘,能源/化工/环保,矿山,矿山注册安全工程师,企业职位,某知名公司,50-99人,,苏州,南宁,大专,1-3年,11-20k,,,,https://www.liepin.com/a/73890209.shtml,20260325171554,,,,
8023,猎聘,能源/化工/环保,矿山,露天矿山地质工程师,企业职位,东方雨虹涂料砂粉科技集团,1000-2000人,,苏州,南宁-上林县,大专,5年以上,10-15k·14薪,,,,https://www.liepin.com/job/1981381831.shtml,20260331134818,,,,
8024,猎聘,能源/化工/环保,矿山,矿山安全员,企业职位,天山铝业集团股份有限公司,5000-10000人,,苏州,百色-靖西,学历不限,1-3年,5-7k,,,,https://www.liepin.com/job/1983200347.shtml,20260609101642,,,,
8025,猎聘,能源/化工/环保,矿山,井下矿山产品销售经理15565,企业职位,柳工机械,10000人以上,,苏州,柳州-柳南区,本科,3-5年,10-15k,,,,https://www.liepin.com/job/1979647369.shtml,20260108184212,,,,
8026,猎聘,能源/化工/环保,矿山,矿山注册安全员工程师,企业职位,聚沃赢建筑,1-49人,,苏州,玉林-博白县,大专,经验不限,12-15k,,,,https://www.liepin.com/job/1970355823.shtml,20260609092702,,,,
8027,猎聘,能源/化工/环保,矿山,矿山安全员,企业职位,厦门钨业,10000人以上,,苏州,玉林-博白县,大专,5年以上,5-8k,,,,https://www.liepin.com/job/1975984229.shtml,20250723154528,,,,
8028,猎聘,能源/化工/环保,矿山,露天非金属矿山矿长,企业职位,广西长鸿生物材料有限公司,100-499人,,苏州,贺州-平桂区,大专,5-10年,10-15k,,,,https://www.liepin.com/job/1963527655.shtml,20240111213140,,,,
8029,猎聘,能源/化工/环保,矿山,矿山项目技术员,企业职位,浙江秦核环境建设有限公司,100-499人,,苏州,来宾-忻城县,大专,1-3年,5-6k,,,,https://www.liepin.com/job/1956018503.shtml,20230211101153,,,,
8030,猎聘,能源/化工/环保,矿山,矿山安全经理,企业职位,广西大地矿业有限公司,1-49人,,苏州,玉林-兴业县,大专,3年以上,7-12k,,,,https://www.liepin.com/job/1970615121.shtml,20250507104507,,,,
8031,猎聘,能源/化工/环保,矿山,矿山项目经理,企业职位,深圳市百合控股集团有限公司,2000-5000人,,苏州,贵港-港北区,大专,10年以上,15-25k,,,,https://www.liepin.com/job/1967190209.shtml,20240612155200,,,,
8032,猎聘,能源/化工/环保,矿山,矿山项目负责人,企业职位,深圳市百合控股集团有限公司,2000-5000人,,苏州,贵港-港北区,大专,10年以上,15-25k,,,,https://www.liepin.com/job/1967191479.shtml,20240612155200,,,,
8033,猎聘,能源/化工/环保,矿山,矿山设备管理负责人,企业职位,山美工程技术(广西)有限公司,100-499人,,苏州,南宁-江南区,大专,5-10年,8-18k·13薪,,,,https://www.liepin.com/job/1976252545.shtml,20250805095215,,,,
8034,猎聘,能源/化工/环保,矿山,矿山保管员（矿石管理方向）,企业职位,东方雨虹涂料砂粉科技集团,1000-2000人,,苏州,南宁-上林县,大专,3-5年,6-9k,,,,https://www.liepin.com/job/1981833273.shtml,20260416165951,,,,
8035,猎聘,能源/化工/环保,矿山,矿山副总（副总经理）,企业职位,广西宝环投资集团有限公司,50-99人,,苏州,河池-都安县,大专,1-3年,7-10k,,,,https://www.liepin.com/job/1962198345.shtml,20231013151938,,,,
8036,猎聘,能源/化工/环保,矿山,矿山运营总监（南非或加蓬办公）,企业职位,某国内石化公司,100-499人,,苏州,柳州,统招本科,10年以上,1-2k,,,,https://www.liepin.com/a/73419211.shtml,20260316130306,,,,
8037,猎聘,能源/化工/环保,矿山,矿山供销（副）科长,企业职位,广西途昊集团,100-499人,,苏州,河池-环江县,大专,8年以上,9-15k,,,,https://www.liepin.com/job/1976884265.shtml,20250901151809,,,,
8038,猎聘,能源/化工/环保,矿山,安全负责人（露天矿山）-贵港,企业职位,某长沙房地产开发经营公司,1-49人,,苏州,贵港,本科,5-10年,10-15k,,,,https://www.liepin.com/a/76562929.shtml,20260609102637,,,,
8039,猎聘,能源/化工/环保,矿山,项目经理（露天矿山）-贵港,企业职位,某长沙房地产开发经营公司,1-49人,,苏州,贵港,本科,5-10年,8-12k,,,,https://www.liepin.com/a/76562561.shtml,20260609102357,,,,
8040,猎聘,能源/化工/环保,矿山,矿山储备干部,企业职位,广西盛天水泥制品有限公司,5000-10000人,,苏州,南宁,本科,经验不限,7-8k,,,,https://www.liepin.com/job/1973313577.shtml,20250324122250,,,,
8041,猎聘,能源/化工/环保,矿山,矿山安全工程师,企业职位,广西锦象水泥有限公司,100-499人,,苏州,来宾-象州县,大专,3-5年,7-12k,,,,https://www.liepin.com/job/1972313703.shtml,20250801155227,,,,
8042,猎聘,能源/化工/环保,矿山,矿山测量员,企业职位,广西嘉盛宏建筑工程有限公司,100-499人,,苏州,百色-田东县,本科,1-3年,6-8k,,,,https://www.liepin.com/job/1961802711.shtml,20230920200512,,,,
8043,猎聘,能源/化工/环保,矿山,矿山安全员,企业职位,广西宝环投资集团有限公司,50-99人,,苏州,崇左-江州区,大专,1-3年,5-8k,,,,https://www.liepin.com/job/1962188887.shtml,20231013111009,,,,
8044,猎聘,能源/化工/环保,矿山,矿山生产计划工程师,企业职位,天山铝业集团股份有限公司,5000-10000人,,苏州,百色-靖西,大专,5-10年,12-15k,,,,https://www.liepin.com/job/1982764731.shtml,20260609101642,,,,
8045,猎聘,能源/化工/环保,矿山,矿山调度员,企业职位,天山铝业集团股份有限公司,5000-10000人,,苏州,百色-靖西,大专,5年以上,12-15k,,,,https://www.liepin.com/job/1982765041.shtml,20260609101642,,,,
8046,猎聘,能源/化工/环保,矿山,客户经理（矿山/装载机）,企业职位,上海启源芯动力科技有限公司,1000-2000人,,苏州,南宁-西乡塘区,统招本科,5年以上,15-25k,,,,https://www.liepin.com/job/1972452355.shtml,20250623134218,,,,
8047,猎聘,能源/化工/环保,矿山,矿山机电工程师,企业职位,天山铝业集团股份有限公司,5000-10000人,,苏州,百色-靖西,大专,8年以上,12-15k,,,,https://www.liepin.com/job/1982765229.shtml,20260609101642,,,,
8048,猎聘,能源/化工/环保,矿山,矿山机械销售,企业职位,源海矿业集团,100-499人,,苏州,柳州-柳南区,本科,3-5年,10-15k,,,,https://www.liepin.com/job/1977192619.shtml,20250912164018,,,,
8049,猎聘,能源/化工/环保,矿山,矿山勘测员,企业职位,广西嘉盛宏建筑工程有限公司,100-499人,,苏州,百色-田东县,本科,1-3年,6-10k,,,,https://www.liepin.com/job/1961802841.shtml,20230920201827,,,,
8050,猎聘,能源/化工/环保,矿山,矿长（露天开采铝土矿）,企业职位,吉利科技集团有限公司,2000-5000人,,苏州,百色-靖西,本科,10年以上,20-35k,,,,https://www.liepin.com/job/1981821871.shtml,20260603095606,,,,
8051,猎聘,能源/化工/环保,矿山,调度员,企业职位,某国内机械/设备上市公司,5000-10000人,,苏州,百色,学历不限,5-10年,10-12k,,,,https://www.liepin.com/a/76182801.shtml,20260528192845,,,,
8052,猎聘,能源/化工/环保,矿山,机电矿长,企业职位,某西安人力资源服务公司,100-499人,,苏州,河池,大专,5-10年,20-30k,,,,https://www.liepin.com/a/75546017.shtml,20260521100535,,,,
8053,猎聘,能源/化工/环保,矿山,设备工程师（竖井提升）,企业职位,广西途昊集团,100-499人,,苏州,南宁-青秀区,本科,3年以上,12-25k,,,,https://www.liepin.com/job/1983059269.shtml,20260602112749,,,,
8054,猎聘,能源/化工/环保,矿山,电气工程师（供配电）,企业职位,广西途昊集团,100-499人,,苏州,南宁-青秀区,大专,5年以上,12-20k,,,,https://www.liepin.com/job/1983059957.shtml,20260602105214,,,,
8055,猎聘,能源/化工/环保,矿山,井建副总工,企业职位,某国内人力资源服务公司,,,苏州,南宁,本科,5-10年,20-30k,,,,https://www.liepin.com/a/75584257.shtml,20260609114249,,,,
8056,猎聘,能源/化工/环保,矿山,维修技师（卡车铲运机类）,企业职位,广西途昊集团,100-499人,,苏州,南宁-青秀区,中专/中技,3年以上,12-20k,,,,https://www.liepin.com/job/1983059571.shtml,20260602104714,,,,
8057,猎聘,能源/化工/环保,矿山,电气工程师,企业职位,广西途昊集团,100-499人,,苏州,南宁-青秀区,统招本科,5年以上,11-14k,,,,https://www.liepin.com/job/1982994251.shtml,20260529173638,,,,
8058,猎聘,能源/化工/环保,矿山,维修技师（台车类）,企业职位,广西途昊集团,100-499人,,苏州,南宁-青秀区,中专/中技,3年以上,12-20k,,,,https://www.liepin.com/job/1983059749.shtml,20260602104916,,,,
8059,猎聘,能源/化工/环保,矿山,机电工程师（设备）,企业职位,广西途昊集团,100-499人,,苏州,南宁-青秀区,本科,5年以上,12-25k,,,,https://www.liepin.com/job/1983059875.shtml,20260602105104,,,,
8060,猎聘,能源/化工/环保,矿山,矿长,企业职位,某国内矿产开采公司,100-499人,,苏州,崇左-大新县,大专,10年以上,25-40k·13薪,,,,https://www.liepin.com/a/75319377.shtml,20260513122035,,,,
8061,猎聘,能源/化工/环保,矿山,生技科科长,企业职位,某国内机械/设备上市公司,5000-10000人,,苏州,百色,大专,10年以上,15-21k,,,,https://www.liepin.com/a/76182751.shtml,20260528192611,,,,
8062,猎聘,能源/化工/环保,矿山,矿业技术岗,企业职位,某国内人力资源服务公司,,,苏州,南宁,大专,经验不限,15-30k,,,,https://www.liepin.com/a/75580111.shtml,20260609114249,,,,
8063,猎聘,能源/化工/环保,矿山,地质工程师,企业职位,某知名公司,10000人以上,,苏州,南宁,大专,5-10年,25-35k,,,,https://www.liepin.com/a/76272107.shtml,20260601163747,,,,
8064,猎聘,能源/化工/环保,矿山,生产副总（井工金属）,企业职位,某西安人力资源服务公司,100-499人,,苏州,河池,大专,5-10年,30-40k,,,,https://www.liepin.com/a/75546257.shtml,20260521100535,,,,
8065,猎聘,能源/化工/环保,矿山,总体设计项目工程师（凿岩台车）16826,企业职位,柳工机械,10000人以上,,苏州,柳州-柳南区,本科,5年以上,15-25k,,,,https://www.liepin.com/job/1982947255.shtml,20260528134157,,,,
8066,猎聘,能源/化工/环保,矿山,生产计划工程师,企业职位,某国内机械/设备上市公司,5000-10000人,,苏州,百色,大专,5-10年,10-12k,,,,https://www.liepin.com/a/76182777.shtml,20260528192729,,,,
8067,猎聘,能源/化工/环保,矿山,地质工程师,企业职位,广西途昊集团,100-499人,,苏州,南宁-青秀区,统招本科,3-10年,10-18k,,,,https://www.liepin.com/job/1982138411.shtml,20260519095937,,,,
8068,猎聘,能源/化工/环保,矿山,安全副矿（井工金属）,企业职位,某西安人力资源服务公司,100-499人,,苏州,河池,大专,5-10年,20-30k,,,,https://www.liepin.com/a/75546189.shtml,20260521100535,,,,
8069,猎聘,能源/化工/环保,矿山,项目经理/主管,企业职位,某国内人力资源服务公司,50-99人,,苏州,崇左,大专,3-5年,18-20k,,,,https://www.liepin.com/a/75700181.shtml,20260515100143,,,,
8070,猎聘,能源/化工/环保,矿山,注册安全工程师,企业职位,张工,50-99人,,苏州,南宁,学历不限,经验不限,11-18k,,,,https://www.liepin.com/a/73812537.shtml,20260324142812,,,,
8071,猎聘,能源/化工/环保,矿山,生产总工程师/副总工程师,企业职位,某西安人力资源服务公司,100-499人,,苏州,河池,本科,10年以上,40-50k,,,,https://www.liepin.com/a/75775359.shtml,20260518150552,,,,
8072,猎聘,能源/化工/环保,矿山,矿长,企业职位,某国内矿产开采公司,100-499人,,苏州,崇左-大新县,大专,5-10年,25-40k,,,,https://www.liepin.com/a/75344733.shtml,20260609105643,,,,
8073,猎聘,能源/化工/环保,矿山,安全矿长,企业职位,某西安人力资源服务公司,100-499人,,苏州,梧州,本科,10年以上,25-27k,,,,https://www.liepin.com/a/73500635.shtml,20260527120931,,,,
8074,猎聘,能源/化工/环保,矿山,机械工程师,企业职位,厦门钨业,10000人以上,,苏州,玉林-博白县,本科,10年以上,10-18k,,,,https://www.liepin.com/job/1971476639.shtml,20260529150359,,,,
8075,猎聘,能源/化工/环保,矿山,总体设计高级项目工程师（铲运机）17255,企业职位,柳工机械,10000人以上,,苏州,柳州-柳南区,本科,5年以上,15-25k,,,,https://www.liepin.com/job/1982949057.shtml,20260528141150,,,,
8076,猎聘,能源/化工/环保,矿山,测量工程师,企业职位,广西途昊集团,100-499人,,苏州,南宁-青秀区,本科,5-10年,12-17k,,,,https://www.liepin.com/job/1982142957.shtml,20260521141021,,,,
8077,猎聘,能源/化工/环保,矿山,电动产品营销经理(油改电),企业职位,柳工机械,10000人以上,,苏州,柳州-柳南区,统招本科,5年以上,薪资面议,,,,https://www.liepin.com/job/1982703697.shtml,20260526144435,,,,
8078,猎聘,能源/化工/环保,矿山,生产计划工程师,企业职位,广西途昊集团,100-499人,,苏州,南宁-青秀区,大专,5年以上,12-20k,,,,https://www.liepin.com/job/1981287037.shtml,20260327094253,,,,
8079,猎聘,能源/化工/环保,矿山,化验员,企业职位,某国内人力资源服务公司,50-99人,,苏州,贺州,学历不限,3-5年,8-9k,,,,https://www.liepin.com/a/73905329.shtml,20260605092009,,,,
8080,猎聘,能源/化工/环保,矿山,移动设备设计经理,企业职位,苏州嘉诺创新科技股份有限公司,100-499人,,苏州,南宁-江南区,本科,3-5年,15-20k,,,,https://www.liepin.com/job/1982915309.shtml,20260527151647,,,,
8081,猎聘,能源/化工/环保,矿山,安全技术员,企业职位,某国内人力资源服务公司,50-99人,,苏州,桂林,大专,3-5年,10-12k,,,,https://www.liepin.com/a/73133175.shtml,20260605112915,,,,
8082,猎聘,能源/化工/环保,矿山,子公司总经理（水泥龙头+未来可培养成集团总经理+全球排名18位）,企业职位,某杭州环保公司,100-499人,,苏州,来宾,大专,10年以上,40-70k,,,,https://www.liepin.com/a/75405325.shtml,20260602114623,,,,
8083,猎聘,能源/化工/环保,矿山,机电副矿,企业职位,某西安人力资源服务公司,100-499人,,苏州,南宁,学历不限,10年以上,25-30k,,,,https://www.liepin.com/a/75540967.shtml,20260609102925,,,,
8084,猎聘,能源/化工/环保,矿山,注册安全工程师,企业职位,某广州人力资源服务公司,50-99人,,苏州,南宁,统招本科,3-5年,11-18k,,,,https://www.liepin.com/a/72206339.shtml,20260609091421,,,,
8085,猎聘,能源/化工/环保,矿山,经营协同岗 (MJ098173),企业职位,吉利科技集团有限公司,2000-5000人,,苏州,百色-右江区,大专,5-10年,15-25k,,,,https://www.liepin.com/job/1982487965.shtml,20260609152311,,,,
8086,猎聘,能源/化工/环保,矿山,井建副总程师,企业职位,广西途昊集团,100-499人,,苏州,河池-环江县,本科,10年以上,15-30k,,,,https://www.liepin.com/job/1982922041.shtml,20260527165531,,,,
8087,猎聘,能源/化工/环保,矿山,经营协同岗,企业职位,吉利科技集团有限公司,2000-5000人,,苏州,百色,大专,5年以上,15-20k·14薪,,,,https://www.liepin.com/job/1982690689.shtml,20260520101402,,,,
8088,猎聘,能源/化工/环保,矿山,选矿药剂研发专业工程师,企业职位,华友钴业,10000人以上,,苏州,玉林-博白县,硕士,3年以上,20-35k,,,,https://www.liepin.com/job/1981639129.shtml,20260528135449,,,,
8089,猎聘,能源/化工/环保,矿山,矿长（井下金矿）,企业职位,某西安人力资源服务公司,100-499人,,苏州,梧州,大专,10年以上,35-40k,,,,https://www.liepin.com/a/74899377.shtml,20260429155815,,,,
8090,猎聘,能源/化工/环保,矿山,采矿工程师,企业职位,广西途昊集团,100-499人,,苏州,南宁-青秀区,大专,3年以上,12-20k,,,,https://www.liepin.com/job/1981052927.shtml,20260318162059,,,,
8091,猎聘,能源/化工/环保,矿山,平台企划负责人,企业职位,山美工程技术(广西)有限公司,100-499人,,苏州,南宁-江南区,本科,5年以上,8-13k,,,,https://www.liepin.com/job/1981608381.shtml,20260526111306,,,,
8092,猎聘,能源/化工/环保,矿山,经营协调同岗,企业职位,吉利科技集团有限公司,2000-5000人,,苏州,百色-右江区,本科,3-5年,10-20k,,,,https://www.liepin.com/job/1981415479.shtml,20260602083557,,,,
8093,猎聘,能源/化工/环保,矿山,地质勘查,企业职位,某西安人力资源服务公司,100-499人,,苏州,南宁,大专,10年以上,35-40k,,,,https://www.liepin.com/a/75386353.shtml,20260603095059,,,,
8094,猎聘,能源/化工/环保,矿山,安全副矿,企业职位,某西安人力资源服务公司,100-499人,,苏州,南宁,学历不限,10年以上,29-30k,,,,https://www.liepin.com/a/75540987.shtml,20260609102925,,,,
8095,猎聘,能源/化工/环保,矿山,电气工程师,企业职位,某国内矿产开采公司,1-49人,,苏州,南宁,统招本科,5-10年,12-16k·15薪,,,,https://www.liepin.com/a/73286043.shtml,20260609100834,,,,
8096,猎聘,能源/化工/环保,矿山,技术经理,企业职位,某西安人力资源服务公司,100-499人,,苏州,河池,学历不限,经验不限,15-20k,,,,https://www.liepin.com/a/73650739.shtml,20260609094358,,,,
8097,猎聘,能源/化工/环保,矿山,安全副科长,企业职位,某国内矿产开采公司,1-49人,,苏州,南宁,学历不限,5-10年,20-30k·15薪,,,,https://www.liepin.com/a/76096663.shtml,20260527101440,,,,
8098,猎聘,能源/化工/环保,矿山,生产副总,企业职位,某西安人力资源服务公司,100-499人,,苏州,南宁,学历不限,10年以上,45-50k,,,,https://www.liepin.com/a/75541041.shtml,20260609102925,,,,
8099,猎聘,能源/化工/环保,矿山,采矿主管,企业职位,东融新材料,100-499人,,苏州,北海-合浦县,大专,8年以上,8-12k,,,,https://www.liepin.com/job/1983197499.shtml,20260605162651,,,,
8100,猎聘,能源/化工/环保,矿山,化验员【五险】,企业职位,某国内人力资源服务公司,50-99人,,苏州,贺州,大专,3-5年,8-9k,,,,https://www.liepin.com/a/73461725.shtml,20260525093359,,,,
8101,猎聘,能源/化工/环保,矿山,机电副总工程师,企业职位,广西途昊集团,100-499人,,苏州,南宁-青秀区,本科,10年以上,15-25k·16薪,,,,https://www.liepin.com/job/1976471269.shtml,20250813175625,,,,
8102,猎聘,能源/化工/环保,矿山,选矿厂厂长,企业职位,某西安人力资源服务公司,100-499人,,苏州,梧州,大专,10年以上,30-45k,,,,https://www.liepin.com/a/74898487.shtml,20260429155815,,,,
8103,猎聘,能源/化工/环保,矿山,地质工程师,企业职位,厦门钨业,10000人以上,,苏州,玉林-博白县,本科,5-10年,10-18k,,,,https://www.liepin.com/job/1964180573.shtml,20250912093315,,,,
8104,猎聘,能源/化工/环保,矿山,地质勘查/地质工程师,企业职位,某国内矿产开采公司,,,苏州,玉林,大专,5-10年,30-40k,,,,https://www.liepin.com/a/75495437.shtml,20260609173803,,,,
8105,猎聘,能源/化工/环保,矿山,维修工程师,企业职位,某国内矿产开采公司,1-49人,,苏州,南宁,学历不限,3-5年,10-15k,,,,https://www.liepin.com/a/76100487.shtml,20260527104900,,,,
8106,猎聘,能源/化工/环保,矿山,移动设备寻源采购工程师,企业职位,苏州嘉诺创新科技股份有限公司,100-499人,,苏州,南宁-江南区,大专,2年以上,7-16k,,,,https://www.liepin.com/job/1982916671.shtml,20260527154513,,,,
8107,猎聘,能源/化工/环保,矿山,矿机工程师,企业职位,广西途昊集团,100-499人,,苏州,南宁-青秀区,大专,7年以上,11-14k,,,,https://www.liepin.com/job/1980766003.shtml,20260318151714,,,,
8108,猎聘,能源/化工/环保,矿山,水文工程师,企业职位,厦门钨业,10000人以上,,苏州,玉林-博白县,本科,5-10年,10-18k,,,,https://www.liepin.com/job/1964180043.shtml,20250710163820,,,,
8109,猎聘,能源/化工/环保,矿山,采矿工程师,企业职位,河北福满园房地产开发有限公司,1-49人,,苏州,贺州-昭平县,大专,3-5年,8-15k,,,,https://www.liepin.com/job/1979148891.shtml,20260316144505,,,,
8110,猎聘,能源/化工/环保,矿山,安全副矿长,企业职位,广西河池都成矿业有限公司,100-499人,,苏州,河池-金城江区,大专,10年以上,15-20k,,,,https://www.liepin.com/job/1976922599.shtml,20250922090708,,,,
8111,猎聘,能源/化工/环保,矿山,矿长,企业职位,湖北京兰水泥集团有限公司,2000-5000人,,苏州,来宾-象州县,大专,5-10年,15-20k,,,,https://www.liepin.com/job/1959684085.shtml,20230630151246,,,,
8112,猎聘,能源/化工/环保,矿山,矿长,企业职位,科元控股集团,1000-2000人,,苏州,贺州-平桂区,大专,10年以上,12-13k,,,,https://www.liepin.com/job/1979312389.shtml,20251223100536,,,,
8113,猎聘,能源/化工/环保,矿山,采矿工程师,企业职位,广西瑞宸投资开发有限公司,1-49人,,苏州,贵港-平南县,大专,5-10年,10-30k,,,,https://www.liepin.com/job/1947633657.shtml,20220302143923,,,,
8114,猎聘,能源/化工/环保,矿山,安全科科长,企业职位,锡山投资,1-49人,,苏州,崇左-大新县,大专,5-10年,薪资面议,,,,https://www.liepin.com/job/1967076039.shtml,20240520174000,,,,
8115,猎聘,能源/化工/环保,矿山,中级爆破工程师【甲方】,企业职位,某国内专业服务公司,50-99人,,苏州,梧州,大专,3-5年,16-17k,,,,https://www.liepin.com/a/74650453.shtml,20260415093709,,,,
8116,猎聘,能源/化工/环保,矿山,露天矿山安全员,企业职位,广西长鸿生物材料有限公司,100-499人,,苏州,贺州-平桂区,大专,1-3年,6-8k,,,,https://www.liepin.com/job/1963523293.shtml,20240111213140,,,,
8117,猎聘,能源/化工/环保,矿山,机电（副）经理,企业职位,广西途昊集团,100-499人,,苏州,梧州-岑溪,本科,5-10年,15-20k,,,,https://www.liepin.com/job/1964791709.shtml,20240603161652,,,,
8118,猎聘,能源/化工/环保,矿山,项目经理,企业职位,某国内矿产开采公司,1-49人,,苏州,南宁,学历不限,8年以上,30-45k,,,,https://www.liepin.com/a/76548245.shtml,20260608193747,,,,
8119,猎聘,能源/化工/环保,矿山,地质工程师（外派非洲、阿富汗）,企业职位,某国内新材料公司,1-49人,,苏州,玉林-博白县,大专,10年以上,30-40k,,,,https://www.liepin.com/a/74491351.shtml,20260410134738,,,,
8120,猎聘,能源/化工/环保,矿山,安环部部长,企业职位,巴马和泰,100-499人,,苏州,百色-田东县,大专,3年以上,15-20k,,,,https://www.liepin.com/job/1983217141.shtml,20260608144154,,,,
8121,猎聘,能源/化工/环保,矿山,采矿工程师,企业职位,嘉韬实业集团,100-499人,,苏州,桂林-全州县,本科,3-5年,8-16k·14薪,,,,https://www.liepin.com/job/1953271085.shtml,20260328102745,,,,
8122,猎聘,能源/化工/环保,矿山,副矿长,企业职位,广西盛天水泥制品有限公司,5000-10000人,,苏州,南宁,大专,3年以上,11-15k,,,,https://www.liepin.com/job/1974247467.shtml,20250506100632,,,,
8123,猎聘,能源/化工/环保,矿山,矿长,企业职位,广西大地矿业有限公司,1-49人,,苏州,玉林-兴业县,大专,3年以上,12-20k,,,,https://www.liepin.com/job/1970424281.shtml,20250321161719,,,,
8124,猎聘,能源/化工/环保,矿山,解决方案专家,企业职位,某国内机械制造上市公司,10000人以上,,苏州,柳州,统招本科,5-10年,35-40k,,,,https://www.liepin.com/a/75166777.shtml,20260607220823,,,,
8125,猎聘,能源/化工/环保,矿山,总工程师,企业职位,广西途昊集团,100-499人,,苏州,南宁-青秀区,大专,10年以上,20-40k·15薪,,,,https://www.liepin.com/job/1981291753.shtml,20260330093849,,,,
8126,猎聘,能源/化工/环保,矿山,场景智能化运营总监,企业职位,南宁产投汽车工业集团有限责任公司,500-999人,,苏州,南宁-邕宁区,本科,5年以上,30-40k·15薪,,,,https://www.liepin.com/job/1982382789.shtml,20260509141141,,,,
8127,猎聘,能源/化工/环保,矿山,销售经理（新能源重卡）,企业职位,深向科技,1000-2000人,,苏州,玉林-玉州区,大专,经验不限,9-15k,,,,https://www.liepin.com/job/1982758733.shtml,20260522080215,,,,
8128,猎聘,能源/化工/环保,矿山,项目技术总工程师,企业职位,广西名就建设工程有限公司,1-49人,,苏州,桂林-兴安县,大专,5-10年,9-10k,,,,https://www.liepin.com/job/1960235071.shtml,20230924195946,,,,
8129,猎聘,能源/化工/环保,矿山,总调度,企业职位,某知名公司,50-99人,,苏州,南宁,本科,5-10年,10-15k,,,,https://www.liepin.com/a/76530717.shtml,20260608151744,,,,
8130,猎聘,能源/化工/环保,矿山,汽运总调度经理,企业职位,某上海新能源公司,1-49人,,苏州,南宁-青秀区,本科,3-5年,10-12k,,,,https://www.liepin.com/a/76514905.shtml,20260608113834,,,,
8131,猎聘,能源/化工/环保,矿山,销售经理（重卡/南宁）,企业职位,科华数据股份有限公司,5000-10000人,,苏州,南宁-青秀区,统招本科,1-3年,15-25k·13薪,,,,https://www.liepin.com/job/1974953837.shtml,20260609083013,,,,
8132,猎聘,能源/化工/环保,矿山,采矿技术员,企业职位,广西途昊集团,100-499人,,苏州,南宁-青秀区,本科,3-5年,7-12k,,,,https://www.liepin.com/job/1975882985.shtml,20250718162840,,,,
8133,猎聘,能源/化工/环保,矿山,移动设备制造组装技术员,企业职位,苏州嘉诺创新科技股份有限公司,100-499人,,苏州,南宁-江南区,中专/中技,3-5年,5-10k,,,,https://www.liepin.com/job/1982915639.shtml,20260527152208,,,,
8134,猎聘,能源/化工/环保,矿山,销售经理（新能源重卡）,企业职位,深向科技,1000-2000人,,苏州,北海-海城区,大专,经验不限,9-15k,,,,https://www.liepin.com/job/1982758745.shtml,20260608155637,,,,
8135,猎聘,能源/化工/环保,矿山,销售经理/主管（工业方向）,企业职位,科华数据股份有限公司,5000-10000人,,苏州,南宁-青秀区,本科,5年以上,10-18k·14薪,,,,https://www.liepin.com/job/1981716511.shtml,20260413163413,,,,
8136,猎聘,能源/化工/环保,矿山,销售经理（新能源重卡）,企业职位,深向科技,1000-2000人,,苏州,柳州-柳南区,大专,经验不限,9-15k,,,,https://www.liepin.com/job/1982758721.shtml,20260522080040,,,,
8137,猎聘,能源/化工/环保,矿山,井建副总工程师,企业职位,某国内矿产开采公司,1-49人,,苏州,南宁,学历不限,5-10年,30-50k·15薪,,,,https://www.liepin.com/a/76170299.shtml,20260528154909,,,,
8138,猎聘,能源/化工/环保,矿山,销售经理（新能源重卡）,企业职位,深向科技,1000-2000人,,苏州,桂林-象山区,大专,经验不限,9-15k,,,,https://www.liepin.com/job/1982758719.shtml,20260522080040,,,,
8139,猎聘,能源/化工/环保,矿山,销售经理（新能源重卡）,企业职位,深向科技,1000-2000人,,苏州,贵港-港北区,大专,经验不限,9-15k,,,,https://www.liepin.com/job/1982758731.shtml,20260522080215,,,,
8140,猎聘,能源/化工/环保,矿山,计划/结算专员,企业职位,广西途昊集团,100-499人,,苏州,南宁-青秀区,本科,2年以上,7-9k,,,,https://www.liepin.com/job/1978420697.shtml,20251112170752,,,,
8141,猎聘,能源/化工/环保,矿山,销售经理（新能源重卡）,企业职位,深向科技,1000-2000人,,苏州,钦州-钦北区,大专,经验不限,9-15k,,,,https://www.liepin.com/job/1982758747.shtml,20260608155637,,,,
8142,猎聘,能源/化工/环保,矿山,销售经理（新能源重卡）,企业职位,深向科技,1000-2000人,,苏州,南宁-西乡塘区,大专,经验不限,9-15k,,,,https://www.liepin.com/job/1982368877.shtml,20260516080528,,,,
8143,猎聘,能源/化工/环保,矿山,采矿技术员,企业职位,广西途昊集团,100-499人,,苏州,梧州-岑溪,大专,1-3年,7-10k,,,,https://www.liepin.com/job/1972561015.shtml,20250220152233,,,,
8144,猎聘,能源/化工/环保,矿山,销售经理（新能源重卡）,企业职位,深向科技,1000-2000人,,苏州,百色-右江区,大专,经验不限,9-15k,,,,https://www.liepin.com/job/1982758723.shtml,20260522080040,,,,
8145,猎聘,能源/化工/环保,矿山,采矿技术员,企业职位,广西途昊集团,100-499人,,苏州,河池-环江县,大专,1-3年,7-10k,,,,https://www.liepin.com/job/1972561013.shtml,20250220152233,,,,
8146,猎聘,能源/化工/环保,矿山,机电工程师,企业职位,河北福满园房地产开发有限公司,1-49人,,苏州,贺州-昭平县,大专,3年以上,6-12k,,,,https://www.liepin.com/job/1979149841.shtml,20260316144505,,,,
8147,猎聘,能源/化工/环保,矿山,安全工程师,企业职位,厦门钨业,10000人以上,,苏州,玉林-博白县,本科,5-10年,8-15k,,,,https://www.liepin.com/job/1964179937.shtml,20251125103933,,,,
8148,猎聘,能源/化工/环保,矿山,海外销售经理,企业职位,源海矿业集团,100-499人,,苏州,柳州-柳江区,大专,1年以上,4-8k,,,,https://www.liepin.com/job/1981578051.shtml,20260408144511,,,,
8149,猎聘,能源/化工/环保,矿山,采矿工程师,企业职位,广西途昊集团,100-499人,,苏州,梧州-岑溪,本科,3-5年,10-15k,,,,https://www.liepin.com/job/1980843867.shtml,20260311155336,,,,
8150,猎聘,能源/化工/环保,矿山,矿长,企业职位,衢州市雨凡工程机械有限公司,1-49人,,苏州,来宾-武宣县,大专,10年以上,14-16k,,,,https://www.liepin.com/job/1978427923.shtml,20251113085633,,,,
8151,猎聘,能源/化工/环保,矿山,测量技术员,企业职位,广西途昊集团,100-499人,,苏州,河池-环江县,学历不限,经验不限,7-10k,,,,https://www.liepin.com/job/1967084059.shtml,20240521095044,,,,
8152,猎聘,能源/化工/环保,矿山,机电副矿长,企业职位,衢州市雨凡工程机械有限公司,1-49人,,苏州,来宾-武宣县,大专,3年以上,10-12k,,,,https://www.liepin.com/job/1978435425.shtml,20251113110212,,,,
8153,猎聘,能源/化工/环保,矿山,采购专员,企业职位,广西途昊集团,100-499人,,苏州,南宁-青秀区,大专,3-5年,8-11k,,,,https://www.liepin.com/job/1967208233.shtml,20240524201001,,,,
8154,猎聘,能源/化工/环保,矿山,大客户经理,企业职位,广西三邦润滑科技有限公司,,,苏州,柳州,学历不限,经验不限,7-12k,,,,https://www.liepin.com/job/1931372191.shtml,20200929103735,,,,
8155,猎聘,能源/化工/环保,矿山,客户经理,企业职位,广西三邦润滑科技有限公司,,,苏州,柳州,学历不限,1-3年,4-8k,,,,https://www.liepin.com/job/1931370169.shtml,20200929103642,,,,
8156,猎聘,能源/化工/环保,矿山,行政人力专员-项目部驻场,企业职位,广西途昊集团,100-499人,,苏州,河池-环江县,大专,3-10年,5-8k,,,,https://www.liepin.com/job/1983268629.shtml,20260609100114,,,,
8157,猎聘,能源/化工/环保,矿山,建筑工程安全质量管理,企业职位,中伟新材料股份有限公司,5000-10000人,,苏州,钦州-钦南区,统招本科,3-10年,10-14k·14薪,,,,https://www.liepin.com/job/1982712785.shtml,20260520164753,,,,
8158,猎聘,能源/化工/环保,矿山,计划/结算主管,企业职位,广西途昊集团,100-499人,,苏州,南宁-青秀区,统招本科,3年以上,10-18k,,,,https://www.liepin.com/job/1976885193.shtml,20250908172856,,,,
8159,猎聘,能源/化工/环保,矿山,销售经理（新能源重卡）,企业职位,深向科技,1000-2000人,,苏州,梧州-龙圩区,大专,经验不限,9-15k,,,,https://www.liepin.com/job/1982758739.shtml,20260608155637,,,,
8160,猎聘,能源/化工/环保,矿山,矿产资源开发项目经理/副总/总经理,企业职位,某知名上市公司,10000人以上,,苏州,河池,学历不限,5-10年,80-110k,,,,https://www.liepin.com/a/76379233.shtml,20260609083651,,,,
8161,猎聘,能源/化工/环保,矿山,矿产资源开发项目经理,企业职位,某厦门人力资源服务公司,1-49人,,苏州,南宁,统招本科,10年以上,40-60k,,,,https://www.liepin.com/a/76496841.shtml,20260607205808,,,,
8162,猎聘,能源/化工/环保,矿山,销售经理（新能源重卡）,企业职位,深向科技,1000-2000人,,苏州,崇左-江州区,大专,经验不限,9-15k,,,,https://www.liepin.com/job/1982758737.shtml,20260608155637,,,,
8163,猎聘,能源/化工/环保,矿山,地质工程师,企业职位,某西安人力资源服务公司,100-499人,,苏州,北海,大专,10年以上,35-40k,,,,https://www.liepin.com/a/75364093.shtml,20260507160533,,,,
8164,猎聘,能源/化工/环保,矿山,销售经理（新能源重卡）,企业职位,深向科技,1000-2000人,,苏州,河池-金城江区,大专,经验不限,9-15k,,,,https://www.liepin.com/job/1982758727.shtml,20260522080040,,,,
8165,猎聘,能源/化工/环保,矿山,"区域销售经理(不坐班,可全国驻地)",企业职位,深圳盈泰利华技术有限责任公司,100-499人,,苏州,南宁-江南区,统招本科,2-10年,7-21k,,,,https://www.liepin.com/job/1981163819.shtml,20260323161436,,,,
8166,猎聘,能源/化工/环保,矿山,铸造技术总监,企业职位,某国内机械/设备公司,50-99人,,苏州,柳州,本科,10年以上,15-30k,,,,https://www.liepin.com/a/75906239.shtml,20260605155816,,,,
8167,猎聘,能源/化工/环保,矿山,销售经理（新能源重卡）,企业职位,深向科技,1000-2000人,,苏州,来宾-兴宾区,大专,经验不限,9-15k,,,,https://www.liepin.com/job/1982758735.shtml,20260522080215,,,,
8168,猎聘,能源/化工/环保,矿山,采购综合管理副部长,企业职位,广西途昊集团,100-499人,,苏州,南宁-青秀区,统招本科,3年以上,12-18k,,,,https://www.liepin.com/job/1976883305.shtml,20250908171849,,,,
8169,猎聘,能源/化工/环保,矿山,技术副科长,企业职位,广西途昊集团,100-499人,,苏州,河池-环江县,统招本科,3年以上,9-14k,,,,https://www.liepin.com/job/1977798219.shtml,20251016102328,,,,
8170,猎聘,能源/化工/环保,矿山,矿产资源开发项目经理,企业职位,某国内化工上市公司,10000人以上,,苏州,河池,大专,5-10年,40-70k·14薪,,,,https://www.liepin.com/a/76483731.shtml,20260606145225,,,,
8171,猎聘,能源/化工/环保,矿山,铲车司机,企业职位,建滔(北海)实业有限公司,100-499人,,苏州,北海-铁山港区,学历不限,3-5年,4-6k,,,,https://www.liepin.com/job/1981607461.shtml,20260409112111,,,,
8172,猎聘,能源/化工/环保,矿山,地质工程师,企业职位,某国内人力资源服务公司,50-99人,,苏州,梧州,本科,1-3年,12-15k,,,,https://www.liepin.com/a/73851813.shtml,20260327090756,,,,
8173,猎聘,能源/化工/环保,矿山,机电工程师 报销路费 甲方,企业职位,某国内人力资源服务公司,50-99人,,苏州,梧州,学历不限,10年以上,13-18k,,,,https://www.liepin.com/a/75317535.shtml,20260609104821,,,,
8174,猎聘,能源/化工/环保,矿山,销售经理（新能源重卡）,企业职位,深向科技,1000-2000人,,苏州,贺州-平桂区,大专,经验不限,9-15k,,,,https://www.liepin.com/job/1982758725.shtml,20260522080040,,,,
8175,猎聘,能源/化工/环保,矿山,安全工程师,企业职位,广西和泰投资集团有限公司,1000-2000人,,苏州,南宁-隆安县,大专,1-3年,9-10k,,,,https://www.liepin.com/job/1981145523.shtml,20260323102811,,,,
8176,猎聘,能源/化工/环保,矿山,机电工程师（五险，报销差旅）,企业职位,某国内人力资源服务公司,50-99人,,苏州,梧州,学历不限,10年以上,15-20k,,,,https://www.liepin.com/a/75406465.shtml,20260511171321,,,,
8177,猎聘,能源/化工/环保,矿山,有色金属 技术员,企业职位,某国内机械/设备公司,50-99人,,苏州,柳州,大专,5-10年,9-14k,,,,https://www.liepin.com/a/73591267.shtml,20260605155816,,,,
8178,猎聘,能源/化工/环保,矿山,副总经理,企业职位,某国内机械/设备公司,50-99人,,苏州,柳州,大专,5-10年,18-25k,,,,https://www.liepin.com/a/75906159.shtml,20260605155816,,,,
8179,猎聘,能源/化工/环保,矿山,施工安全员,企业职位,聚沃赢建筑,1-49人,,苏州,玉林-玉州区,大专,5年以上,10-11k,,,,https://www.liepin.com/job/1975464031.shtml,20250701104021,,,,
8180,猎聘,能源/化工/环保,矿山,安全工程师（矿业）,企业职位,东方雨虹涂料砂粉科技集团,1000-2000人,,苏州,南宁-上林县,本科,5年以上,13-17k·14薪,,,,https://www.liepin.com/job/1982015295.shtml,20260423095710,,,,
8181,猎聘,能源/化工/环保,矿山,生产设备副理,企业职位,聚沃赢建筑,1-49人,,苏州,玉林-博白县,大专,5年以上,10-15k,,,,https://www.liepin.com/job/1973536637.shtml,20250401112415,,,,
8182,猎聘,能源/化工/环保,矿山,测绘/测量,企业职位,聚沃赢建筑,1-49人,,苏州,玉林-博白县,大专,1-3年,10-11k,,,,https://www.liepin.com/job/1968761665.shtml,20241122162000,,,,
8183,猎聘,能源/化工/环保,矿山,生产总监/经理,企业职位,聚沃赢建筑,1-49人,,苏州,玉林-博白县,大专,5年以上,10-25k,,,,https://www.liepin.com/job/1973536073.shtml,20250401111351,,,,
8184,猎聘,能源/化工/环保,矿山,矿上安全员,企业职位,聚沃赢建筑,1-49人,,苏州,玉林-博白县,大专,5年以上,8-10k,,,,https://www.liepin.com/job/1973535791.shtml,20250401110910,,,,
8185,猎聘,能源/化工/环保,矿山,安全管理岗,企业职位,华润建材科技,10000人以上,,苏州,南宁-横州市,大专,1-3年,6-8k,,,,https://www.liepin.com/job/1968612207.shtml,20240725150733,,,,
8186,猎聘,能源/化工/环保,矿山,川恒股份新创业务中心驻广西办事处业务经理,企业职位,四川川恒控股集团股份有限公司,5000-10000人,,苏州,崇左-扶绥县,大专,1-3年,6-12k,,,,https://www.liepin.com/job/1969222045.shtml,20250114124008,,,,
8187,猎聘,能源/化工/环保,矿山,法务专员/助理,企业职位,西江环保生态城投资有限公司,1-49人,,苏州,防城港-港口区,本科,经验不限,8-20k,,,,https://www.liepin.com/job/1962698941.shtml,20231106094348,,,,
8188,猎聘,能源/化工/环保,矿山,行政经理/主管/办公室主任,企业职位,双文新材料,50-99人,,苏州,贺州-钟山县,大专,1-3年,4-6k,,,,https://www.liepin.com/job/1950000513.shtml,20220811150840,,,,
8189,猎聘,能源/化工/环保,矿山,英语翻译专员,企业职位,广西江林旭堃矿业有限公司,50-99人,,苏州,南宁,学历不限,经验不限,9-14k,,,,https://www.liepin.com/job/1938592023.shtml,20210426102604,,,,
8190,猎聘,能源/化工/环保,矿山,区域销售经理,企业职位,美利林科技有限公司,100-499人,,苏州,南宁,学历不限,经验不限,10-15k,,,,https://www.liepin.com/job/1949690803.shtml,20220518162634,,,,
8191,猎聘,能源/化工/环保,矿山,机械维修岗,企业职位,华润建材科技,10000人以上,,苏州,玉林,中专/中技,1-3年,4-5k,,,,https://www.liepin.com/job/1940453007.shtml,20210625090929,,,,
8192,猎聘,能源/化工/环保,矿山,机电工程师,企业职位,融安县友泰建材有限公司,,,苏州,柳州,大专,3-5年,6-10k,,,,https://www.liepin.com/job/1927067761.shtml,20200330132847,,,,
8193,猎聘,能源/化工/环保,矿山,安全总监,企业职位,吉利科技集团有限公司,2000-5000人,,苏州,百色-右江区,本科,10年以上,50-80k·15薪,,,,https://www.liepin.com/job/1983247573.shtml,20260608151843,,,,
8194,猎聘,能源/化工/环保,矿山,财务主管,企业职位,某国内矿产开采公司,100-499人,,苏州,贺州-平桂区,大专,3-5年,6-10k,,,,https://www.liepin.com/a/76566919.shtml,20260609110041,,,,
8195,猎聘,能源/化工/环保,矿山,电气工程师,企业职位,某国内机械/设备上市公司,10000人以上,,苏州,柳州,本科,1-3年,10-11k,,,,https://www.liepin.com/a/76517997.shtml,20260608115527,,,,
8196,猎聘,能源/化工/环保,矿山,热管理系统开发工程师,企业职位,某国内机械/设备上市公司,10000人以上,,苏州,柳州,本科,3-5年,10-11k,,,,https://www.liepin.com/a/76517579.shtml,20260608114938,,,,
8197,猎聘,能源/化工/环保,矿山,地质勘查工程师,企业职位,某西安人力资源服务公司,100-499人,,苏州,南宁,统招本科,5-10年,35-40k,,,,https://www.liepin.com/a/74433337.shtml,20260608100546,,,,
8198,猎聘,能源/化工/环保,矿山,化验员,企业职位,某国内人力资源服务公司,50-99人,,苏州,梧州,学历不限,1-3年,7-8k,,,,https://www.liepin.com/a/74062407.shtml,20260331094731,,,,
8199,猎聘,能源/化工/环保,矿山,采矿工程师,企业职位,某国内人力资源服务公司,50-99人,,苏州,梧州,学历不限,1-3年,12-13k,,,,https://www.liepin.com/a/73833271.shtml,20260401114315,,,,
8200,猎聘,能源/化工/环保,矿山,培训经理/主管,企业职位,广西途昊集团,100-499人,,苏州,南宁-青秀区,统招本科,3-5年,10-15k·16薪,,,,https://www.liepin.com/job/1981435881.shtml,20260401184557,,,,
8201,猎聘,能源/化工/环保,矿山,环保工程师,企业职位,某国内机械/设备上市公司,5000-10000人,,苏州,百色,大专,3-5年,10-12k,,,,https://www.liepin.com/a/76024481.shtml,20260609085523,,,,
8202,猎聘,能源/化工/环保,矿山,总体,企业职位,某国内机械/设备公司,50-99人,,苏州,柳州,本科,3年以上,13-21k,,,,https://www.liepin.com/a/76469789.shtml,20260608093145,,,,
8203,猎聘,能源/化工/环保,矿山,销售经理/主管（充电桩-重卡方向）,企业职位,科华数据股份有限公司,5000-10000人,,苏州,南宁-青秀区,大专,3年以上,10-18k·14薪,,,,https://www.liepin.com/job/1981716413.shtml,20260413163236,,,,
8204,猎聘,能源/化工/环保,矿山,储能产品经理,企业职位,柳工机械,10000人以上,,苏州,柳州-柳南区,统招本科,7年以上,薪资面议,,,,https://www.liepin.com/job/1978394139.shtml,20260423142822,,,,
8205,猎聘,能源/化工/环保,矿山,"区域销售经理(不坐班,可全国驻地)",企业职位,深圳盈泰利华技术有限责任公司,100-499人,,苏州,柳州-柳江区,统招本科,2-10年,7-21k,,,,https://www.liepin.com/job/1981164599.shtml,20260323162534,,,,
8206,猎聘,能源/化工/环保,矿山,高级采矿工程师,企业职位,广西途昊集团,100-499人,,苏州,南宁-青秀区,本科,10年以上,30-40k,,,,https://www.liepin.com/job/1981053035.shtml,20260318162245,,,,
8207,猎聘,能源/化工/环保,矿山,生产经理,企业职位,某国内机械/设备公司,50-99人,,苏州,柳州,中专/中技,5-10年,9-14k,,,,https://www.liepin.com/a/74241573.shtml,20260605155816,,,,
8208,猎聘,能源/化工/环保,矿山,选矿装备开发主管工程师,企业职位,华友钴业,10000人以上,,苏州,玉林-博白县,本科,3年以上,25-50k,,,,https://www.liepin.com/job/1981638733.shtml,20260410083517,,,,
8209,猎聘,能源/化工/环保,矿山,矿石采购资深经理,企业职位,东方雨虹涂料砂粉科技集团,1000-2000人,,苏州,贺州-平桂区,大专,2年以上,20-30k·18薪,,,,https://www.liepin.com/job/1981767251.shtml,20260415134919,,,,
8210,猎聘,能源/化工/环保,矿山,5G售前专家,企业职位,亚信科技,10000人以上,,苏州,南宁-良庆区,本科,3年以上,20-30k,,,,https://www.liepin.com/job/1982747783.shtml,20260521163849,,,,
8211,猎聘,能源/化工/环保,矿山,生产副经理,企业职位,某国内矿产开采公司,1-49人,,苏州,南宁,学历不限,5-10年,20-25k·15薪,,,,https://www.liepin.com/a/76096965.shtml,20260527101732,,,,
8212,猎聘,能源/化工/环保,矿山,配件需求规划经理17243,企业职位,柳工机械,10000人以上,,苏州,柳州-柳南区,本科,5-10年,12-20k,,,,https://www.liepin.com/job/1982894387.shtml,20260529151123,,,,
8213,猎聘,能源/化工/环保,矿山,化验室主任,企业职位,广西万仕智稀贵金属科技有限公司,50-99人,,苏州,百色-田阳区,大专,5-10年,8-11k,,,,https://www.liepin.com/job/1982988203.shtml,20260529154147,,,,
8214,猎聘,能源/化工/环保,矿山,地质工程师,企业职位,某知名公司,50-99人,,苏州,梧州,大专,经验不限,12-15k,,,,https://www.liepin.com/a/73608075.shtml,20260330163523,,,,
8215,猎聘,能源/化工/环保,矿山,能源项目管理,企业职位,**集团股份公司,10000人以上,,苏州,河池,大专,10年以上,45-50k,,,,https://www.liepin.com/a/76486835.shtml,20260606184005,,,,
8216,猎聘,能源/化工/环保,矿山,轮胎工,企业职位,北海市浩诚汽车维修服务有限公司,1-49人,,苏州,柳州-柳南区,学历不限,10年以上,8-9k,,,,https://www.liepin.com/job/1983011561.shtml,20260531152444,,,,
8217,猎聘,能源/化工/环保,矿山,钳工,企业职位,厦门钨业,10000人以上,,苏州,玉林-博白县,中专/中技,3年以上,4-8k,,,,https://www.liepin.com/job/1980069647.shtml,20260410101708,,,,
8218,猎聘,能源/化工/环保,矿山,化验员（会原子吸收法）,企业职位,某知名公司,50-99人,,苏州,贺州,学历不限,3-5年,7-8k,,,,https://www.liepin.com/a/74725861.shtml,20260416145951,,,,
8219,猎聘,能源/化工/环保,矿山,安全工程师,企业职位,兴安县银剑矿业有限责任公司,100-499人,,苏州,桂林,大专,5年以上,9-14k,,,,https://www.liepin.com/job/1980190011.shtml,20260210203321,,,,
8220,猎聘,能源/化工/环保,矿山,项目部机电副经理,企业职位,广西途昊集团,100-499人,,苏州,梧州-岑溪,大专,5-10年,15-20k,,,,https://www.liepin.com/job/1967179095.shtml,20251027154407,,,,
8221,猎聘,能源/化工/环保,矿山,中东中亚大区战略运营负责人,企业职位,某国内机械/设备上市公司,10000人以上,,苏州,柳州,统招本科,5-10年,30-55k·14薪,,,,https://www.liepin.com/a/75806451.shtml,20260527110438,,,,
8222,猎聘,能源/化工/环保,矿山,项目机电副经理,企业职位,广西途昊集团,100-499人,,苏州,梧州-岑溪,大专,5年以上,10-20k,,,,https://www.liepin.com/job/1976242291.shtml,20251103173344,,,,
8223,猎聘,能源/化工/环保,矿山,安全环保部经理,企业职位,山美工程技术(广西)有限公司,100-499人,,苏州,南宁-江南区,大专,3-5年,8-15k,,,,https://www.liepin.com/job/1976544529.shtml,20251212183644,,,,
8224,猎聘,能源/化工/环保,矿山,机电技术员,企业职位,广西途昊集团,100-499人,,苏州,河池-环江县,大专,1-3年,7-15k,,,,https://www.liepin.com/job/1976388003.shtml,20251103142344,,,,
8225,猎聘,能源/化工/环保,矿山,地质技术员,企业职位,广西途昊集团,100-499人,,苏州,南宁-青秀区,本科,2年以上,7-11k,,,,https://www.liepin.com/job/1979713309.shtml,20260113094638,,,,
8226,猎聘,能源/化工/环保,矿山,技术负责人,企业职位,广西途昊集团,100-499人,,苏州,梧州-岑溪,本科,5-10年,20-25k,,,,https://www.liepin.com/job/1977798865.shtml,20251016103358,,,,
8227,猎聘,能源/化工/环保,矿山,电工,企业职位,厦门钨业,10000人以上,,苏州,玉林-博白县,中专/中技,3年以上,4-8k,,,,https://www.liepin.com/job/1980069467.shtml,20260129101551,,,,
8228,猎聘,能源/化工/环保,矿山,项目部安全副经理,企业职位,广西途昊集团,100-499人,,苏州,梧州-岑溪,大专,5-10年,15-20k,,,,https://www.liepin.com/job/1967179259.shtml,20240603161644,,,,
8229,猎聘,能源/化工/环保,矿山,市场经理,企业职位,金茂智慧交通科技有限公司北京分公司,100-499人,,苏州,南宁-江南区,本科,5-10年,15-30k,,,,https://www.liepin.com/job/1978830547.shtml,20251201154605,,,,
8230,猎聘,能源/化工/环保,矿山,机电技术员,企业职位,广西途昊集团,100-499人,,苏州,梧州-岑溪,大专,1-3年,7-15k,,,,https://www.liepin.com/job/1972696575.shtml,20250226113151,,,,
8231,猎聘,能源/化工/环保,矿山,生产/安全副总工程师,企业职位,广西途昊集团,100-499人,,苏州,南宁-青秀区,本科,10年以上,20-25k,,,,https://www.liepin.com/job/1967178925.shtml,20240603161644,,,,
8232,猎聘,能源/化工/环保,矿山,行业客户经理,企业职位,柳工机械,10000人以上,,苏州,柳州,本科,5年以上,9-12k,,,,https://www.liepin.com/job/1977606753.shtml,20251008095827,,,,
8233,猎聘,能源/化工/环保,矿山,机械设计工程师,企业职位,源海矿业集团,100-499人,,苏州,柳州-柳江区,本科,3-5年,7-12k,,,,https://www.liepin.com/job/1978966945.shtml,20260327113340,,,,
8234,猎聘,能源/化工/环保,矿山,汽车修理工,企业职位,聚沃赢建筑,1-49人,,苏州,玉林-玉州区,学历不限,1-3年,11-12k,,,,https://www.liepin.com/job/1975463859.shtml,20250701103720,,,,
8235,猎聘,能源/化工/环保,矿山,地质工程师,企业职位,河北福满园房地产开发有限公司,1-49人,,苏州,贺州-昭平县,大专,5-10年,8-15k,,,,https://www.liepin.com/job/1979148681.shtml,20260316144505,,,,
8236,猎聘,能源/化工/环保,矿山,电工（高压）,企业职位,东方雨虹涂料砂粉科技集团,1000-2000人,,苏州,南宁-上林县,大专,5年以上,7-8k,,,,https://www.liepin.com/job/1981833403.shtml,20260416170144,,,,
8237,猎聘,能源/化工/环保,矿山,产品电气系统工程师,企业职位,柳工机械,10000人以上,,苏州,柳州,本科,经验不限,8-13k,,,,https://www.liepin.com/job/1969244169.shtml,20260310124809,,,,
8238,猎聘,能源/化工/环保,矿山,注册安全工程师,企业职位,聚沃赢建筑,1-49人,,苏州,玉林-博白县,大专,3-5年,10-17k,,,,https://www.liepin.com/job/1970348581.shtml,20241122162000,,,,
8239,猎聘,能源/化工/环保,矿山,中大型电动机和发电机销售经理,企业职位,中电电机股份有限公司,500-999人,,苏州,南宁-西乡塘区,统招本科,3-5年,6-14k,,,,https://www.liepin.com/job/1974735883.shtml,20250530085724,,,,
8240,猎聘,能源/化工/环保,矿山,井下采矿技术员,企业职位,聚沃赢建筑,1-49人,,苏州,玉林-博白县,大专,5年以上,8-10k,,,,https://www.liepin.com/job/1973534771.shtml,20250401105241,,,,
8241,猎聘,能源/化工/环保,矿山,测量工程师,企业职位,广西途昊集团,100-499人,,苏州,梧州-岑溪,大专,3-5年,10-15k,,,,https://www.liepin.com/job/1980844067.shtml,20260311155609,,,,
8242,猎聘,能源/化工/环保,矿山,外联部主管,企业职位,湖北京兰水泥集团有限公司,2000-5000人,,苏州,来宾-武宣县,本科,3-5年,6-8k,,,,https://www.liepin.com/job/1974030711.shtml,20250507152503,,,,
8243,猎聘,能源/化工/环保,矿山,采矿工程师,企业职位,广西寅达顺科技有限公司,50-99人,,苏州,南宁-西乡塘区,本科,3-5年,15-25k,,,,https://www.liepin.com/job/1969172075.shtml,20240821151139,,,,
8244,猎聘,能源/化工/环保,矿山,机电技术员,企业职位,广西途昊集团,100-499人,,苏州,梧州-岑溪,大专,1-3年,9-11k,,,,https://www.liepin.com/job/1965966455.shtml,20240402155718,,,,
8245,猎聘,能源/化工/环保,矿山,采矿工程师,企业职位,广西大地矿业有限公司,1-49人,,苏州,玉林-兴业县,本科,5年以上,12-24k,,,,https://www.liepin.com/job/1970872911.shtml,20241117183624,,,,
8246,猎聘,能源/化工/环保,矿山,安全管理员（内页）,企业职位,广西途昊集团,100-499人,,苏州,河池-环江县,大专,3-5年,6-10k,,,,https://www.liepin.com/job/1966968963.shtml,20240515154513,,,,
8247,猎聘,能源/化工/环保,矿山,财务科长,企业职位,广西途昊集团,100-499人,,苏州,河池-环江县,大专,5-10年,11-16k,,,,https://www.liepin.com/job/1967145615.shtml,20240522182132,,,,
8248,猎聘,能源/化工/环保,矿山,机械设计,企业职位,源海矿业集团,100-499人,,苏州,柳州-柳南区,大专,1-3年,6-7k,,,,https://www.liepin.com/job/1977130335.shtml,20250910165757,,,,
8249,猎聘,能源/化工/环保,矿山,机电技术员,企业职位,广西途昊集团,100-499人,,苏州,河池-环江县,大专,1-3年,8-10k,,,,https://www.liepin.com/job/1963889991.shtml,20231228102144,,,,
8250,猎聘,能源/化工/环保,矿山,风电运维工程师,企业职位,国能思达科技有限公司,5000-10000人,,苏州,桂林-叠彩区,大专,3年以上,6-13k,,,,https://www.liepin.com/job/1976109803.shtml,20250819144026,,,,
8251,猎聘,能源/化工/环保,矿山,机械技术员,企业职位,衢州市雨凡工程机械有限公司,1-49人,,苏州,来宾-武宣县,大专,3-5年,5-7k,,,,https://www.liepin.com/job/1978430809.shtml,20251113095216,,,,
8252,猎聘,能源/化工/环保,矿山,设备部长,企业职位,湖北京兰水泥集团有限公司,2000-5000人,,苏州,来宾-象州县,大专,3-5年,10-14k,,,,https://www.liepin.com/job/1959683925.shtml,20230630150901,,,,
8253,猎聘,能源/化工/环保,矿山,基地安环部长,企业职位,日昌升集团有限公司,1000-2000人,,苏州,来宾-兴宾区,本科,5-10年,12-17k·15薪,,,,https://www.liepin.com/job/1953089535.shtml,20241223145518,,,,
8254,猎聘,能源/化工/环保,矿山,安全工程师,企业职位,湖北京兰水泥集团有限公司,2000-5000人,,苏州,来宾-象州县,大专,3-5年,10-12k,,,,https://www.liepin.com/job/1951588541.shtml,20220802165630,,,,
8255,猎聘,能源/化工/环保,矿山,贸易部部长（采购/营销）,企业职位,广西途昊集团,100-499人,,苏州,南宁-青秀区,本科,5-10年,18-25k,,,,https://www.liepin.com/job/1962959883.shtml,20231116093641,,,,
8256,猎聘,能源/化工/环保,矿山,生产科科长,企业职位,锡山投资,1-49人,,苏州,崇左-大新县,大专,经验不限,12-14k,,,,https://www.liepin.com/job/1966983915.shtml,20240516100419,,,,
8257,猎聘,能源/化工/环保,矿山,铣工,企业职位,桂林鸿程矿山设备制造有限责任公司,500-999人,,苏州,桂林-临桂区,中专/中技,1-3年,4-8k,,,,https://www.liepin.com/job/1953423433.shtml,20230424162518,,,,
8258,猎聘,能源/化工/环保,矿山,测绘技术员,企业职位,南宁市广泰测绘科技有限公司,1-49人,,苏州,南宁-青秀区,学历不限,经验不限,5-8k,,,,https://www.liepin.com/job/1929017219.shtml,20200613171527,,,,
8259,猎聘,能源/化工/环保,矿山,环保技术工程师,企业职位,广西中地思科生态环境有限公司,1-49人,,苏州,南宁,本科,1-3年,5-10k,,,,https://www.liepin.com/job/1941156347.shtml,20210717162701,,,,
8260,猎聘,能源/化工/环保,矿山,地质勘查技术员,企业职位,河池市矿通地质勘查技术服务有限公司,1-49人,,苏州,河池-金城江区,本科,经验不限,3-5k·13薪,,,,https://www.liepin.com/job/1959338253.shtml,20230720111317,,,,
8261,猎聘,能源/化工/环保,矿山,安全员,企业职位,融安县友泰建材有限公司,,,苏州,柳州,大专,3-5年,8-13k,,,,https://www.liepin.com/job/1931493235.shtml,20201025221228,,,,
8262,猎聘,能源/化工/环保,矿山,事业部副总经理,企业职位,广西桂玛生物科技有限公司,100-499人,,苏州,河池,大专,5-10年,8-9k·13薪,,,,https://www.liepin.com/job/1936139295.shtml,20210223193110,,,,
8263,猎聘,能源/化工/环保,矿山,区域销售经理,企业职位,广西宏发重工机械有限公司,100-499人,,苏州,南宁,学历不限,1-3年,3-5k,,,,https://www.liepin.com/job/1934055781.shtml,20210525163103,,,,
8264,猎聘,能源/化工/环保,矿山,业务经理,企业职位,柳州鹏飞重工机械有限公司,1-49人,,苏州,柳州,大专,3-5年,10-15k,,,,https://www.liepin.com/job/1929075917.shtml,20200610120720,,,,
8265,猎聘,能源/化工/环保,矿山,环境评价工程师,企业职位,某国内房地产开发经营公司,100-499人,,苏州,南宁,学历不限,5-10年,30-35k,,,,https://www.liepin.com/a/76539657.shtml,20260608165454,,,,
8266,猎聘,能源/化工/环保,矿山,地质勘查,企业职位,某国内大型新能源公司,10000人以上,,苏州,南宁,大专,经验不限,20-30k·13薪,,,,https://www.liepin.com/a/76539197.shtml,20260609091123,,,,
8267,猎聘,能源/化工/环保,矿山,矿产资源开发项目经理,企业职位,某国内化工上市公司,10000人以上,,苏州,河池,大专,5-10年,50-80k·13薪,,,,https://www.liepin.com/a/76385207.shtml,20260609175420,,,,
8268,猎聘,能源/化工/环保,矿山,区域服务专员(留学生专场),企业职位,柳工机械,10000人以上,,苏州,柳州-柳南区,,,6-11k,,,,https://www.liepin.com/lptjob/83033683,20260601150531,,,,
8269,猎聘,能源/化工/环保,矿山,砂石骨料矿山安全总监,企业职位,中国电建集团华东院,5000-10000人,,长沙,三亚-崖州区,本科,5-10年,10-20k,,,,https://www.liepin.com/job/1982357101.shtml,20260508162128,,,,
8270,猎聘,能源/化工/环保,矿山,矿山通风工程师,企业职位,某国内人力资源服务公司,50-99人,,长沙,昌江县,学历不限,5-10年,10-11k,,,,https://www.liepin.com/a/75492391.shtml,20260511092953,,,,
8271,猎聘,能源/化工/环保,矿山,数字化部部长（智慧矿山）,企业职位,海南矿业股份有限公司,2000-5000人,,长沙,昌江县,本科,8年以上,25-35k,,,,https://www.liepin.com/job/1977858225.shtml,20251104125541,,,,
8272,猎聘,能源/化工/环保,矿山,矿山生产经理,企业职位,河北冀东建设工程有限公司,100-499人,,长沙,昌江县,本科,经验不限,10-12k,,,,https://www.liepin.com/job/1933677447.shtml,20201122233229,,,,
8273,猎聘,能源/化工/环保,矿山,矿山项目副总工,企业职位,中交天航南方交通建设有限公司,500-999人,,长沙,三亚-崖州区,本科,5-10年,13-17k,,,,https://www.liepin.com/job/1950609499.shtml,20221017184230,,,,
8274,猎聘,能源/化工/环保,矿山,矿山公园公司营销策划专员,企业职位,海钢集团,100-499人,,长沙,昌江县,本科,经验不限,4-6k,,,,https://www.liepin.com/job/1972687443.shtml,20250226091746,,,,
8275,猎聘,能源/化工/环保,矿山,矿山技术经理,企业职位,河北冀东建设工程有限公司,100-499人,,长沙,昌江县,大专,3-5年,10-12k,,,,https://www.liepin.com/job/1936962015.shtml,20210312125159,,,,
8276,猎聘,能源/化工/环保,矿山,矿山安全经理,企业职位,河北冀东建设工程有限公司,100-499人,,长沙,昌江县,大专,5-10年,10-14k,,,,https://www.liepin.com/job/1937812481.shtml,20210405110743,,,,
8277,猎聘,能源/化工/环保,矿山,注册安全工程师,企业职位,某西安其他商务服务业公司,,,长沙,海口,学历不限,经验不限,15-22k,,,,https://www.liepin.com/a/74954559.shtml,20260602095259,,,,
8278,猎聘,能源/化工/环保,矿山,选矿设备经理-海外选矿设备管理,企业职位,某国内矿产开采上市公司,10000人以上,,长沙,三亚,统招本科,10年以上,50-65k·16薪,,,,https://www.liepin.com/a/75872889.shtml,20260609091006,,,,
8279,猎聘,能源/化工/环保,矿山,执行总裁,企业职位,某国内矿产开采上市公司,5000-10000人,,长沙,海口,本科,10年以上,100-180k,,,,https://www.liepin.com/a/75899609.shtml,20260527171126,,,,
8280,猎聘,能源/化工/环保,矿山,采矿工程师 / 主管（驻外岗位，赛尔维亚专项）,企业职位,某知名矿产开采上市公司,10000人以上,,长沙,三亚,统招本科,2年以上,45-75k,,,,https://www.liepin.com/a/76148241.shtml,20260528112322,,,,
8281,猎聘,能源/化工/环保,矿山,驻外高级安全工程师/健康/安全/环境（塞尔维亚金属矿）,企业职位,某知名矿产开采上市公司,10000人以上,,长沙,三亚,统招本科,6年以上,60-80k,,,,https://www.liepin.com/a/76155879.shtml,20260528115018,,,,
8282,猎聘,能源/化工/环保,矿山,高能级人才储备,企业职位,某国内矿产开采上市公司,5000-10000人,,长沙,海口,统招本科,10年以上,80-100k,,,,https://www.liepin.com/a/75728833.shtml,20260527171126,,,,
8283,猎聘,能源/化工/环保,矿山,造价工程师,企业职位,某国内矿产开采上市公司,10000人以上,,长沙,三亚,本科,5-10年,25-40k,,,,https://www.liepin.com/a/76089621.shtml,20260608155240,,,,
8284,猎聘,能源/化工/环保,矿山,注册安全工程师（井下 多金属矿）,企业职位,某广州人力资源服务公司,50-99人,,长沙,东方,大专,10年以上,15-16k,,,,https://www.liepin.com/a/76285605.shtml,20260602083859,,,,
8285,猎聘,能源/化工/环保,矿山,地质技术员（海南）,企业职位,某西安人力资源服务公司,100-499人,,长沙,海口,大专,3-5年,10-12k,,,,https://www.liepin.com/a/73747447.shtml,20260518094728,,,,
8286,猎聘,能源/化工/环保,矿山,注册安全工程师,企业职位,某国内咨询服务公司,50-99人,,长沙,东方,大专,5-10年,15-16k,,,,https://www.liepin.com/a/76155317.shtml,20260609164707,,,,
8287,猎聘,能源/化工/环保,矿山,通风技术员（井工金矿）,企业职位,某西安人力资源服务公司,100-499人,,长沙,海口,学历不限,经验不限,9-11k,,,,https://www.liepin.com/a/75137617.shtml,20260609094358,,,,
8288,猎聘,能源/化工/环保,矿山,销售经理（新能源重卡）,企业职位,深向科技,1000-2000人,,长沙,三亚-吉阳区,大专,经验不限,9-15k,,,,https://www.liepin.com/job/1982737869.shtml,20260521141153,,,,
8289,猎聘,能源/化工/环保,矿山,海南甲方单位招聘生产副总,企业职位,某国内咨询服务公司,50-99人,,长沙,东方,学历不限,经验不限,25-26k,,,,https://www.liepin.com/a/73226625.shtml,20260604085549,,,,
8290,猎聘,能源/化工/环保,矿山,地质技术员（海南井工金矿+五险一金+月休4天）,企业职位,某西安人力资源服务公司,100-499人,,长沙,海口,大专,3-5年,10-12k,,,,https://www.liepin.com/a/75767747.shtml,20260521100535,,,,
8291,猎聘,能源/化工/环保,矿山,注册安全工程师,企业职位,某国内人力资源服务公司,50-99人,,长沙,东方,大专,5-10年,15-16k,,,,https://www.liepin.com/a/75840467.shtml,20260609185126,,,,
8292,猎聘,能源/化工/环保,矿山,选矿设备经理,企业职位,某国内知名公司,10000人以上,,长沙,三亚,统招本科,5-10年,35-60k·16薪,,,,https://www.liepin.com/a/75872305.shtml,20260520152056,,,,
8293,猎聘,能源/化工/环保,矿山,地质工程师,企业职位,某国内矿产开采上市公司,10000人以上,,长沙,三亚,统招本科,3-5年,25-35k,,,,https://www.liepin.com/a/74707133.shtml,20260420094552,,,,
8294,猎聘,能源/化工/环保,矿山,上市矿业集团公司选矿设备专家,企业职位,某大连专业技术服务公司,100-499人,,长沙,三亚,统招本科,10年以上,50-70k·13薪,,,,https://www.liepin.com/a/73344879.shtml,20260609090327,,,,
8295,猎聘,能源/化工/环保,矿山,砂石骨料生产线物资管理（部员）,企业职位,中国电建集团华东院,5000-10000人,,长沙,三亚-崖州区,本科,3-5年,8-16k,,,,https://www.liepin.com/job/1982357707.shtml,20260508163559,,,,
8296,猎聘,能源/化工/环保,矿山,选矿设备经理,企业职位,某国内矿产开采上市公司,10000人以上,,长沙,三亚,统招本科,8年以上,30-60k·16薪,,,,https://www.liepin.com/a/75868977.shtml,20260520144022,,,,
8297,猎聘,能源/化工/环保,矿山,销售经理（新能源重卡）,企业职位,深向科技,1000-2000人,,长沙,海口-龙华区,大专,经验不限,9-15k,,,,https://www.liepin.com/job/1982737871.shtml,20260521141153,,,,
8298,猎聘,能源/化工/环保,矿山,砂石骨料生产线生产运行管理岗（部员）,企业职位,中国电建集团华东院,5000-10000人,,长沙,三亚-崖州区,本科,3-5年,8-18k,,,,https://www.liepin.com/job/1982357239.shtml,20260508163147,,,,
8299,猎聘,能源/化工/环保,矿山,地质技术员,企业职位,某西安人力资源服务公司,100-499人,,长沙,海口,大专,5-10年,10-12k,,,,https://www.liepin.com/a/76031211.shtml,20260525172901,,,,
8300,猎聘,能源/化工/环保,矿山,注册安全,企业职位,某国内人力资源服务公司,50-99人,,长沙,东方,学历不限,经验不限,15-16k,,,,https://www.liepin.com/a/75924221.shtml,20260609091846,,,,
8301,猎聘,能源/化工/环保,矿山,地质技术员,企业职位,某国内人力资源服务公司,50-99人,,长沙,东方,大专,3-5年,8-10k,,,,https://www.liepin.com/a/75935397.shtml,20260522092306,,,,
8302,猎聘,能源/化工/环保,矿山,机械/电气高级主管（海南工作+周末双休）,企业职位,海南矿业股份有限公司,2000-5000人,,长沙,昌江县,统招本科,5年以上,10-15k,,,,https://www.liepin.com/job/1981562297.shtml,20260408100545,,,,
8303,猎聘,能源/化工/环保,矿山,砂石骨料生产线设备管理岗位,企业职位,中国电建集团华东院,5000-10000人,,长沙,三亚-崖州区,本科,3-5年,7-16k,,,,https://www.liepin.com/job/1982357797.shtml,20260508171725,,,,
8304,猎聘,能源/化工/环保,矿山,安全环保部副部长（化工方向）,企业职位,海南矿业股份有限公司,2000-5000人,,长沙,昌江县,本科,5年以上,15-25k,,,,https://www.liepin.com/job/1977858227.shtml,20251020012959,,,,
8305,猎聘,能源/化工/环保,矿山,中级地质工程师,企业职位,某国内人力资源服务公司,50-99人,,长沙,海口,大专,1-3年,15-16k,,,,https://www.liepin.com/a/72949065.shtml,20260605112915,,,,
8306,猎聘,能源/化工/环保,矿山,采矿工程师,企业职位,金诚信矿业管理股份有限公司南方分公司,100-499人,,长沙,昌江县,大专,5-10年,10-15k,,,,https://www.liepin.com/job/1937975175.shtml,20210409124213,,,,
8307,猎聘,能源/化工/环保,矿山,环保安全员,企业职位,海南屯昌宏基矿业有限公司,50-99人,,长沙,屯昌县,大专,经验不限,5-8k,,,,https://www.liepin.com/job/1948987745.shtml,20220418122639,,,,
8308,猎聘,能源/化工/环保,矿山,业务经理,企业职位,紫金矿业集团股份有限公司,10000人以上,,长沙,三亚-天涯区,本科,3-5年,25-35k,,,,https://www.liepin.com/job/1982559595.shtml,20260604154538,,,,
8309,猎聘,能源/化工/环保,矿山,中级/初级地质工程师,企业职位,某国内人力资源服务公司,50-99人,,长沙,海口,大专,5-10年,12-13k,,,,https://www.liepin.com/a/75531085.shtml,20260511164541,,,,
8310,猎聘,能源/化工/环保,矿山,注册安全工程师,企业职位,某西安其他商务服务业公司,,,长沙,海口,学历不限,经验不限,15-18k,,,,https://www.liepin.com/a/76347109.shtml,20260603102549,,,,
8311,猎聘,能源/化工/环保,矿山,经营管理副部长,企业职位,海南矿业股份有限公司,2000-5000人,,长沙,澄迈县,统招本科,8年以上,25-35k,,,,https://www.liepin.com/job/1979150463.shtml,20260108152034,,,,
8312,猎聘,能源/化工/环保,矿山,砂石骨料生产线试验员,企业职位,中国电建集团华东院,5000-10000人,,长沙,三亚-崖州区,本科,3-5年,8-18k,,,,https://www.liepin.com/job/1982357393.shtml,20260508163533,,,,
8313,猎聘,能源/化工/环保,矿山,砂石骨料生产线电气管理（弱电）,企业职位,中国电建集团华东院,5000-10000人,,长沙,三亚-崖州区,本科,3-5年,8-18k,,,,https://www.liepin.com/job/1982357647.shtml,20260508163624,,,,
8314,猎聘,能源/化工/环保,矿山,采矿工程师,企业职位,中撰工程设计有限公司,1-49人,,长沙,海口-龙华区,本科,3年以上,8-13k·13薪,,,,https://www.liepin.com/job/1982148545.shtml,20260428114801,,,,
8315,猎聘,能源/化工/环保,矿山,执行总裁/副总裁,企业职位,某国内知名公司,5000-10000人,,长沙,海口,统招本科,10年以上,120-180k·20薪,,,,https://www.liepin.com/a/76471873.shtml,20260609134323,,,,
8316,猎聘,能源/化工/环保,矿山,砂石骨料生产线合同管理岗位,企业职位,中国电建集团华东院,5000-10000人,,长沙,三亚-崖州区,本科,2年以上,11-12k,,,,https://www.liepin.com/job/1982582037.shtml,20260515172003,,,,
8317,猎聘,能源/化工/环保,矿山,选矿设备经理,企业职位,某国内矿产开采上市公司,10000人以上,,长沙,三亚,统招本科,5-10年,80-90k·13薪,,,,https://www.liepin.com/a/76048197.shtml,20260526101828,,,,
8318,猎聘,能源/化工/环保,矿山,砂石骨料生产线电气管理（强电）,企业职位,中国电建集团华东院,5000-10000人,,长沙,三亚-崖州区,本科,3-5年,8-18k,,,,https://www.liepin.com/job/1982357527.shtml,20260508163107,,,,
8319,猎聘,能源/化工/环保,矿山,通风技术员（甲方，五险一金）,企业职位,某国内人力资源服务公司,50-99人,,长沙,昌江县,学历不限,5-10年,10-12k,,,,https://www.liepin.com/a/75344055.shtml,20260511171321,,,,
8320,猎聘,能源/化工/环保,矿山,机械工程师,企业职位,海南中钛新材料有限公司,,,长沙,万宁,统招本科,经验不限,12-15k,,,,https://www.liepin.com/job/1981140917.shtml,20260323090546,,,,
8321,猎聘,能源/化工/环保,矿山,通风技术员,企业职位,某国内人力资源服务公司,50-99人,,长沙,昌江县,学历不限,3-5年,12-13k,,,,https://www.liepin.com/a/72980245.shtml,20260605112915,,,,
8322,猎聘,能源/化工/环保,矿山,地质技术员,企业职位,某国内人力资源服务公司,50-99人,,长沙,东方,大专,3-5年,8-10k,,,,https://www.liepin.com/a/76449489.shtml,20260605113352,,,,
8323,猎聘,能源/化工/环保,矿山,5G售前专家,企业职位,亚信科技,10000人以上,,长沙,海口-秀英区,本科,3年以上,20-30k,,,,https://www.liepin.com/job/1982747785.shtml,20260521163849,,,,
8324,猎聘,能源/化工/环保,矿山,安全评价业务专员,企业职位,中检集团康泰安全科技有限公司海南分公司,1-49人,,长沙,海口,本科,3-5年,10-13k,,,,https://www.liepin.com/job/1982608225.shtml,20260519150430,,,,
8325,猎聘,能源/化工/环保,矿山,通风技术员,企业职位,某国内人力资源服务公司,50-99人,,长沙,昌江县,大专,5-10年,10-12k,,,,https://www.liepin.com/a/73734247.shtml,20260513114154,,,,
8326,猎聘,能源/化工/环保,矿山,副总经理（分管商品贸易板块）,企业职位,海南万联易达科技有限公司,500-999人,,长沙,海口-龙华区,本科,5-8年,25-35k,,,,https://www.liepin.com/job/1978200259.shtml,20260404095822,,,,
8327,猎聘,能源/化工/环保,矿山,业务经理（商品贸易板块）,企业职位,海南万联易达科技有限公司,500-999人,,长沙,海口-龙华区,本科,10年以上,9-15k,,,,https://www.liepin.com/job/1978354775.shtml,20260404095608,,,,
8328,猎聘,能源/化工/环保,矿山,副总经理/业务总监（商品贸易板块）,企业职位,海南万联易达物流科技有限公司,100-499人,,长沙,海口-秀英区,统招本科,5-8年,18-35k,,,,https://www.liepin.com/job/1976745545.shtml,20250905114228,,,,
8329,猎聘,能源/化工/环保,矿山,土地整治项目技术负责人,企业职位,村光(海南)农业生态有限公司,1-49人,,长沙,海口-美兰区,统招本科,5-10年,8-11k,,,,https://www.liepin.com/job/1964016663.shtml,20240104172356,,,,
8330,猎聘,能源/化工/环保,矿山,自然资源技术岗项目经理,企业职位,海南中骋工程咨询有限公司,1-49人,,长沙,海口-龙华区,本科,3-5年,10-15k,,,,https://www.liepin.com/job/1956476717.shtml,20230224203247,,,,
8331,猎聘,能源/化工/环保,矿山,水文水资源及水利设计岗项目经理,企业职位,海南中骋工程咨询有限公司,1-49人,,长沙,海口-龙华区,本科,3-5年,10-15k,,,,https://www.liepin.com/job/1956476763.shtml,20230224203320,,,,
8332,猎聘,能源/化工/环保,矿山,城乡规划技术岗项目经理,企业职位,海南中骋工程咨询有限公司,1-49人,,长沙,海口-龙华区,本科,3-5年,10-15k,,,,https://www.liepin.com/job/1956476795.shtml,20230224203301,,,,
8333,猎聘,能源/化工/环保,矿山,城市规划与设计,企业职位,海南中骋工程咨询有限公司,1-49人,,长沙,海口-龙华区,本科,经验不限,5-10k,,,,https://www.liepin.com/job/1956458363.shtml,20230224203035,,,,
8334,猎聘,能源/化工/环保,矿山,地质勘查/选矿/采矿,企业职位,河北冀东建设工程有限公司,100-499人,,长沙,海口,大专,经验不限,5-6k,,,,https://www.liepin.com/job/1929434447.shtml,20200830233920,,,,
8335,猎聘,能源/化工/环保,矿山,财务分析,企业职位,某国内矿产开采上市公司,10000人以上,,长沙,三亚,统招本科,3-5年,20-30k·16薪,,,,https://www.liepin.com/a/76555337.shtml,20260609092221,,,,
8336,猎聘,能源/化工/环保,矿山,测量相关,企业职位,某西安其他商务服务业公司,,,长沙,琼海,学历不限,经验不限,9-13k,,,,https://www.liepin.com/a/76543917.shtml,20260608174633,,,,
8337,猎聘,能源/化工/环保,矿山,财务经理,企业职位,某西安其他商务服务业公司,,,长沙,琼海,统招本科,8年以上,40-45k,,,,https://www.liepin.com/a/76543343.shtml,20260608173727,,,,
8338,猎聘,能源/化工/环保,矿山,采矿技术员（校招）,企业职位,海南矿业股份有限公司,2000-5000人,,长沙,昌江县,,,7-8k,,,,https://www.liepin.com/lptjob/77383183,20250921140723,,,,
8339,猎聘,能源/化工/环保,矿山,矿山机械设备销售经理,企业职位,河北冠能石油机械制造有限公司,100-499人,,郑州,唐山-路北区,大专,1-3年,8-12k,,,,https://www.liepin.com/job/1981185459.shtml,20260603111529,,,,
8340,猎聘,能源/化工/环保,矿山,矿山技术工程师（有色金属矿+选矿）,企业职位,某国内大型金属制品公司,500-999人,,郑州,邯郸,本科,1-3年,11-18k,,,,https://www.liepin.com/a/75964723.shtml,20260601170149,,,,
8341,猎聘,能源/化工/环保,矿山,矿山项目开发经理（矿山证照/许可）,企业职位,快乐极客,1-49人,,郑州,承德-丰宁县,本科,5年以上,8-20k,,,,https://www.liepin.com/job/1982472397.shtml,20260603163442,,,,
8342,猎聘,能源/化工/环保,矿山,矿山总经理（矿长）,企业职位,快乐极客,1-49人,,郑州,承德-丰宁县,本科,10年以上,35-60k,,,,https://www.liepin.com/job/1982472537.shtml,20260603163442,,,,
8343,猎聘,能源/化工/环保,矿山,机械工程师（非标设备、石油石化机械、矿山开采设备）,企业职位,某国内机械/设备公司,100-499人,,郑州,唐山,学历不限,3年以上,10-15k,,,,https://www.liepin.com/a/76258211.shtml,20260601140419,,,,
8344,猎聘,能源/化工/环保,矿山,矿山技术经济、概算,企业职位,某国内专业技术服务公司,100-499人,,郑州,廊坊,本科,5-10年,15-25k,,,,https://www.liepin.com/a/76064563.shtml,20260608134311,,,,
8345,猎聘,能源/化工/环保,矿山,矿山总经理,企业职位,快乐极客,1-49人,,郑州,承德-丰宁县,本科,10年以上,35-60k,,,,https://www.liepin.com/job/1982231425.shtml,20260603163442,,,,
8346,猎聘,能源/化工/环保,矿山,矿山生产矿长,企业职位,某国内人力资源服务公司,50-99人,,郑州,承德,学历不限,3-5年,15-20k,,,,https://www.liepin.com/a/73241571.shtml,20260528133053,,,,
8347,猎聘,能源/化工/环保,矿山,矿山技术经济、概算,企业职位,某国内专业技术服务公司,100-499人,,郑州,廊坊,本科,经验不限,12-23k,,,,https://www.liepin.com/a/76070233.shtml,20260604152120,,,,
8348,猎聘,能源/化工/环保,矿山,矿山工程预算员,企业职位,某西安其他商务服务业公司,,,郑州,唐山,学历不限,经验不限,6-10k,,,,https://www.liepin.com/a/75956133.shtml,20260522150247,,,,
8349,猎聘,能源/化工/环保,矿山,矿山技术工程师（有色金属）,企业职位,某国内大型金属制品公司,500-999人,,郑州,邯郸,统招本科,1-3年,12-20k,,,,https://www.liepin.com/a/75965129.shtml,20260522171052,,,,
8350,猎聘,能源/化工/环保,矿山,河北甲方矿山单位招聘生产副矿长,企业职位,某国内咨询服务公司,50-99人,,郑州,保定,学历不限,经验不限,20-21k,,,,https://www.liepin.com/a/73225555.shtml,20260604085549,,,,
8351,猎聘,能源/化工/环保,矿山,矿山预算员,企业职位,某西安其他商务服务业公司,50-99人,,郑州,唐山,大专,3-5年,8-10k,,,,https://www.liepin.com/a/75699219.shtml,20260515094933,,,,
8352,猎聘,能源/化工/环保,矿山,矿山设备安装售后工程师,企业职位,北矿机电(沧州)有限公司,100-499人,,郑州,沧州-黄骅,大专,2年以上,薪资面议,,,,https://www.liepin.com/job/1980539927.shtml,20260515160316,,,,
8353,猎聘,能源/化工/环保,矿山,矿山技术经济、概算,企业职位,中铁资源集团勘察设计有限公司,100-499人,,郑州,廊坊-广阳区,统招本科,5-10年,10-20k,,,,https://www.liepin.com/job/1982815919.shtml,20260525101350,,,,
8354,猎聘,能源/化工/环保,矿山,外贸销售员（矿山机械）,企业职位,河北冠能石油机械制造有限公司,100-499人,,郑州,唐山-玉田县,大专,1年以上,6-12k,,,,https://www.liepin.com/job/1972551409.shtml,20260603111529,,,,
8355,猎聘,能源/化工/环保,矿山,外贸销售员（矿山机械）,企业职位,河北冠能石油机械制造有限公司,100-499人,,郑州,廊坊-大厂县,大专,1年以上,6-12k,,,,https://www.liepin.com/job/1972551407.shtml,20260603111537,,,,
8356,猎聘,能源/化工/环保,矿山,矿山设备业务经理,企业职位,某国内机械/设备公司,100-499人,,郑州,唐山,本科,经验不限,15-25k,,,,https://www.liepin.com/a/74837735.shtml,20260420153605,,,,
8357,猎聘,能源/化工/环保,矿山,矿山测量员,企业职位,某知名公司,,,郑州,唐山,大专,5-10年,12-15k,,,,https://www.liepin.com/a/74720983.shtml,20260604175235,,,,
8358,猎聘,能源/化工/环保,矿山,矿山测量工程师,企业职位,北京华夏建龙矿业科技有限公司,2000-5000人,,郑州,秦皇岛-昌黎县,本科,8年以上,11-18k·14薪,,,,https://www.liepin.com/job/1983174427.shtml,20260605081719,,,,
8359,猎聘,能源/化工/环保,矿山,电液智能控制副总经理（石油矿山水处理设备）,企业职位,某国内机械/设备公司,100-499人,,郑州,廊坊,本科,10年以上,25-40k,,,,https://www.liepin.com/a/75447801.shtml,20260605143503,,,,
8360,猎聘,能源/化工/环保,矿山,矿山地质工程师,企业职位,华澳矿业,500-999人,,郑州,张家口-张北县,本科,1-3年,7-9k,,,,https://www.liepin.com/job/1980933575.shtml,20260314112637,,,,
8361,猎聘,能源/化工/环保,矿山,矿山测量技术员 ,企业职位,某西安其他商务服务业公司,,,郑州,唐山,学历不限,经验不限,8-12k,,,,https://www.liepin.com/a/75261765.shtml,20260505174519,,,,
8362,猎聘,能源/化工/环保,矿山,质量总监（唐山，油气、矿山、机械设备制造行业）,企业职位,某国内机械/设备公司,100-499人,,郑州,唐山,统招本科,10年以上,18-25k,,,,https://www.liepin.com/a/75291823.shtml,20260506135950,,,,
8363,猎聘,能源/化工/环保,矿山,机械设计工程师（工程/矿山/石油石化机械）,企业职位,某国内机械/设备公司,100-499人,,郑州,唐山,本科,经验不限,15-25k,,,,https://www.liepin.com/a/74837561.shtml,20260420153438,,,,
8364,猎聘,能源/化工/环保,矿山,河北甲方矿山单位招聘生产技术经理,企业职位,某知名公司,50-99人,,郑州,保定,学历不限,5-10年,17-18k,,,,https://www.liepin.com/a/74870225.shtml,20260421103551,,,,
8365,猎聘,能源/化工/环保,矿山,选矿工艺工程师（矿山筛分设备）,企业职位,某国内机械/设备公司,100-499人,,郑州,唐山,本科,3-5年,18-25k,,,,https://www.liepin.com/a/73728885.shtml,20260605143503,,,,
8366,猎聘,能源/化工/环保,矿山,矿山生产副总师（偏生产）,企业职位,华澳矿业,500-999人,,郑州,张家口-张北县,大专,3-5年,20-23k,,,,https://www.liepin.com/job/1982401925.shtml,20260607094042,,,,
8367,猎聘,能源/化工/环保,矿山,矿山技术科科长,企业职位,丰宁顺达矿业集团有限公司,2000-5000人,,郑州,承德,大专,5-10年,8-20k,,,,https://www.liepin.com/job/1927090415.shtml,20230619100647,,,,
8368,猎聘,能源/化工/环保,矿山,矿山项目经理,企业职位,张家口崇礼兴安矿建工程有限公司蔡家营项目部,100-499人,,郑州,张家口-张北县,大专,5-10年,8-11k,,,,https://www.liepin.com/job/1974642255.shtml,20250522132606,,,,
8369,猎聘,能源/化工/环保,矿山,矿山地质师,企业职位,任丘源平美璟商业广场有限公司,100-499人,,郑州,沧州-任丘,大专,5年以上,20-30k,,,,https://www.liepin.com/job/1971535323.shtml,20250125110930,,,,
8370,猎聘,能源/化工/环保,矿山,机械技术总监（石油/矿山振动筛、离心机、泥浆分离设备等）,企业职位,某国内机械/设备公司,100-499人,,郑州,唐山,学历不限,5年以上,25-35k,,,,https://www.liepin.com/a/76210093.shtml,20260529153409,,,,
8371,猎聘,能源/化工/环保,矿山,机械技术总监（工程机械、矿山机械）,企业职位,某国内大型其他商务服务业公司,500-999人,,郑州,唐山-玉田县,统招本科,10年以上,30-35k·13薪,,,,https://www.liepin.com/a/76447175.shtml,20260608161544,,,,
8372,猎聘,能源/化工/环保,矿山,矿山工程预算员,企业职位,某西安其他商务服务业公司,,,郑州,唐山,学历不限,经验不限,6-10k,,,,https://www.liepin.com/a/75277639.shtml,20260506103953,,,,
8373,猎聘,能源/化工/环保,矿山,矿山大区经理,企业职位,河北冠能石油机械制造有限公司,100-499人,,郑州,唐山-玉田县,本科,3年以上,15-25k,,,,https://www.liepin.com/job/1979970519.shtml,20260124143955,,,,
8374,猎聘,能源/化工/环保,矿山,矿山机械海外销售,企业职位,河北冠能石油机械制造有限公司,100-499人,,郑州,唐山-玉田县,本科,3年以上,15-25k,,,,https://www.liepin.com/job/1979979187.shtml,20260124153248,,,,
8375,猎聘,能源/化工/环保,矿山,技术经理【矿山项目，不限职称，高薪资】,企业职位,某国内人力资源服务公司,50-99人,,郑州,唐山,大专,10年以上,18-25k,,,,https://www.liepin.com/a/74134225.shtml,20260401144405,,,,
8376,猎聘,能源/化工/环保,矿山,矿山技术工程师,企业职位,钢诺新材,500-999人,,郑州,邯郸-广平县,统招本科,经验不限,9-15k,,,,https://www.liepin.com/job/1980859031.shtml,20260324171355,,,,
8377,猎聘,能源/化工/环保,矿山,矿山工程设计人员,企业职位,张家口涂达工程设计有限公司,50-99人,,郑州,张家口-桥东区,本科,经验不限,7-12k,,,,https://www.liepin.com/job/1972357647.shtml,20250912152648,,,,
8378,猎聘,能源/化工/环保,矿山,java后端(矿山可视化方向）,企业职位,深圳市华安智联科技有限公司,1-49人,,郑州,邢台,本科,3-5年,7-10k,,,,https://www.liepin.com/job/1976248731.shtml,20260421151525,,,,
8379,猎聘,能源/化工/环保,矿山,矿山技术人员,企业职位,北京邦宇注册安全工程师事务所有限公司,50-99人,,郑州,承德-承德县,本科,经验不限,10-15k,,,,https://www.liepin.com/job/1967850831.shtml,20240620211758,,,,
8380,猎聘,能源/化工/环保,矿山,矿山安全员,企业职位,东华工程勘察设计(天津)有限公司,100-499人,,郑州,张家口-张北县,大专,1年以上,5-8k,,,,https://www.liepin.com/job/1971550679.shtml,20250220103856,,,,
8381,猎聘,能源/化工/环保,矿山,矿山泵外贸业务员,企业职位,石家庄米兹机械设备有限公司,1-49人,,郑州,石家庄,大专,经验不限,3-6k,,,,https://www.liepin.com/job/1928154397.shtml,20200510212520,,,,
8382,猎聘,能源/化工/环保,矿山,矿山设备销售,企业职位,石家庄米兹机械设备有限公司,1-49人,,郑州,石家庄,大专,3-5年,3-8k,,,,https://www.liepin.com/job/1928154387.shtml,20200510212638,,,,
8383,猎聘,能源/化工/环保,矿山,矿山生产副总师（偏生产）,企业职位,某知名公司,500-999人,,郑州,张家口,大专,5-10年,20-23k·15薪,,,,https://www.liepin.com/a/76557519.shtml,20260609094201,,,,
8384,猎聘,能源/化工/环保,矿山,矿山设备大客户营销经理（河北区域）,企业职位,河南省振源科技有限公司,100-499人,,郑州,唐山-路北区,学历不限,5-10年,20-30k,,,,https://www.liepin.com/job/1978446385.shtml,20251113150931,,,,
8385,猎聘,能源/化工/环保,矿山,矿山行业机械销售总监,企业职位,美斯达,500-999人,,郑州,石家庄-桥西区,大专,5-10年,20-30k,,,,https://www.liepin.com/job/1978499595.shtml,20260108085255,,,,
8386,猎聘,能源/化工/环保,矿山,矿山应急救援队副小队长,企业职位,华澳矿业,500-999人,,郑州,张家口-张北县,学历不限,经验不限,6-8k,,,,https://www.liepin.com/job/1980337857.shtml,20260215114302,,,,
8387,猎聘,能源/化工/环保,矿山,销售经理（矿山）,企业职位,重庆梅安森科技股份有限公司,100-499人,,郑州,石家庄-桥西区,大专,1-3年,8-15k,,,,https://www.liepin.com/job/1966526675.shtml,20240425103817,,,,
8388,猎聘,能源/化工/环保,矿山,矿山设备科科长,企业职位,丰宁顺达矿业集团有限公司,2000-5000人,,郑州,承德,大专,5-10年,8-12k,,,,https://www.liepin.com/job/1927090461.shtml,20230619100647,,,,
8389,猎聘,能源/化工/环保,矿山,河北甲方矿山单位招聘生产副矿长,企业职位,某国内咨询服务公司,50-99人,,郑州,保定,大专,5-10年,18-20k,,,,https://www.liepin.com/a/73810023.shtml,20260609084326,,,,
8390,猎聘,能源/化工/环保,矿山,矿山主体  电气工程师,企业职位,某西安人力资源服务公司,100-499人,,郑州,石家庄,学历不限,经验不限,15-20k,,,,https://www.liepin.com/a/73635745.shtml,20260324103956,,,,
8391,猎聘,能源/化工/环保,矿山,矿山通风工程师,企业职位,北票合兴,500-999人,,郑州,秦皇岛-青龙县,大专,5年以上,12-15k,,,,https://www.liepin.com/job/1978117363.shtml,20251030150652,,,,
8392,猎聘,能源/化工/环保,矿山,矿山通风工程师,企业职位,北票合兴,500-999人,,郑州,秦皇岛-青龙县,大专,10年以上,12-15k,,,,https://www.liepin.com/job/1978279779.shtml,20251125162710,,,,
8393,猎聘,能源/化工/环保,矿山,环保水务经理,企业职位,某知名公司,2000-5000人,,郑州,张家口,统招本科,8-10年,20-30k·15薪,,,,https://www.liepin.com/a/75100091.shtml,20260609160206,,,,
8394,猎聘,能源/化工/环保,矿山,机电经理,企业职位,某西安其他商务服务业公司,,,郑州,唐山,学历不限,经验不限,15-20k,,,,https://www.liepin.com/a/75809673.shtml,20260602095409,,,,
8395,猎聘,能源/化工/环保,矿山,中深孔爆破,企业职位,某国内人力资源服务公司,50-99人,,郑州,唐山,学历不限,经验不限,20-25k,,,,https://www.liepin.com/a/73436559.shtml,20260604110236,,,,
8396,猎聘,能源/化工/环保,矿山,生产副矿长,企业职位,某知名公司,5000-10000人,,郑州,张家口,大专,经验不限,40-50k,,,,https://www.liepin.com/a/76238137.shtml,20260609160206,,,,
8397,猎聘,能源/化工/环保,矿山,河北招聘中级采矿工程师,企业职位,某知名公司,50-99人,,郑州,唐山,学历不限,3-5年,20-25k,,,,https://www.liepin.com/a/76255789.shtml,20260601133534,,,,
8398,猎聘,能源/化工/环保,矿山,环保水务经理,企业职位,某西安其他商务服务业公司,,,郑州,张家口,学历不限,经验不限,20-30k,,,,https://www.liepin.com/a/75150391.shtml,20260602092059,,,,
8399,猎聘,能源/化工/环保,矿山,生产技术部经理,企业职位,某西安其他商务服务业公司,,,郑州,保定,学历不限,经验不限,17-18k,,,,https://www.liepin.com/a/74863073.shtml,20260608162437,,,,
8400,猎聘,能源/化工/环保,矿山,采矿工程师,企业职位,某知名公司,5000-10000人,,郑州,张家口,大专,3-5年,10-15k·14薪,,,,https://www.liepin.com/a/76237949.shtml,20260609160206,,,,
8401,猎聘,能源/化工/环保,矿山,中级测量工程师,企业职位,某国内人力资源服务公司,50-99人,,郑州,唐山,大专,5-10年,15-16k,,,,https://www.liepin.com/a/74164655.shtml,20260605092009,,,,
8402,猎聘,能源/化工/环保,矿山,矿业权管理岗,企业职位,快乐极客,1-49人,,郑州,承德-丰宁县,本科,5年以上,8-20k,,,,https://www.liepin.com/job/1982232767.shtml,20260603163442,,,,
8403,猎聘,能源/化工/环保,矿山,采矿工程师,企业职位,某国内咨询服务公司,50-99人,,郑州,承德,大专,3-5年,15-17k,,,,https://www.liepin.com/a/73536799.shtml,20260529155440,,,,
8404,猎聘,能源/化工/环保,矿山,销售高级经理/经理（重卡电池）,企业职位,欣旺达动力科技股份有限公司,10000人以上,,郑州,石家庄-长安区,本科,3年以上,20-30k·14薪,,,,https://www.liepin.com/job/1980732253.shtml,20260608191605,,,,
8405,猎聘,能源/化工/环保,矿山,高级测量工程师,企业职位,某知名公司,5000-10000人,,郑州,张家口,统招本科,8年以上,14-16k,,,,https://www.liepin.com/a/74397053.shtml,20260609160206,,,,
8406,猎聘,能源/化工/环保,矿山,生产技术部经理,企业职位,某西安其他商务服务业公司,,,郑州,石家庄,学历不限,经验不限,15-20k,,,,https://www.liepin.com/a/76004807.shtml,20260525113359,,,,
8407,猎聘,能源/化工/环保,矿山,设备监造,企业职位,大金重工,2000-5000人,,郑州,唐山-曹妃甸区,大专,3年以上,18-30k·14薪,,,,https://www.liepin.com/job/1982966997.shtml,20260528224304,,,,
8408,猎聘,能源/化工/环保,矿山,生产经理,企业职位,某西安人力资源服务公司,100-499人,,郑州,唐山,学历不限,经验不限,20-30k,,,,https://www.liepin.com/a/74831853.shtml,20260527110514,,,,
8409,猎聘,能源/化工/环保,矿山,长期稳定单位 预算员,企业职位,某国内人力资源服务公司,50-99人,,郑州,唐山,大专,1-3年,8-10k,,,,https://www.liepin.com/a/75536327.shtml,20260609140433,,,,
8410,猎聘,能源/化工/环保,矿山,中级测量工程师,企业职位,某西安人力资源服务公司,100-499人,,郑州,邢台,中专/中技,5-10年,12-15k,,,,https://www.liepin.com/a/73860315.shtml,20260513112936,,,,
8411,猎聘,能源/化工/环保,矿山,水利工程师,企业职位,某国内电力/热力/燃气/水务公司,1-49人,,郑州,承德,本科,5-10年,16-20k,,,,https://www.liepin.com/a/75642439.shtml,20260513181028,,,,
8412,猎聘,能源/化工/环保,矿山,采矿工程师,企业职位,某国内人力资源服务公司,50-99人,,郑州,唐山,学历不限,3-5年,19-20k,,,,https://www.liepin.com/a/76155679.shtml,20260528114727,,,,
8413,猎聘,能源/化工/环保,矿山,生产技术 副矿长,企业职位,某国内矿产开采公司,,,郑州,邢台-沙河,大专,10年以上,13-15k,,,,https://www.liepin.com/a/73815415.shtml,20260525173300,,,,
8414,猎聘,能源/化工/环保,矿山,安全经理,企业职位,某西安其他商务服务业公司,,,郑州,唐山,学历不限,经验不限,15-20k,,,,https://www.liepin.com/a/75956227.shtml,20260522150430,,,,
8415,猎聘,能源/化工/环保,矿山,地质勘查,企业职位,某国内人力资源服务公司,50-99人,,郑州,秦皇岛,大专,3-5年,15-18k,,,,https://www.liepin.com/a/75665653.shtml,20260514115448,,,,
8416,猎聘,能源/化工/环保,矿山,地质勘探专家(J11536),企业职位,旭阳集团,10000人以上,,郑州,邢台-襄都区,大专,10年以上,薪资面议,,,,https://www.liepin.com/job/1981733027.shtml,20260414102429,,,,
8417,猎聘,能源/化工/环保,矿山,爆破工程师,企业职位,河北某集团公司,1000-2000人,,郑州,保定,中专/中技,3-5年,18-20k,,,,https://www.liepin.com/a/76193569.shtml,20260601093807,,,,
8418,猎聘,能源/化工/环保,矿山,中级爆破工程师,企业职位,某西安人力资源服务公司,100-499人,,郑州,张家口,大专,3-5年,17-18k,,,,https://www.liepin.com/a/73461393.shtml,20260609141617,,,,
8419,猎聘,能源/化工/环保,矿山,环保水务经理,企业职位,某国内大型矿产开采公司,500-999人,,郑州,张家口-张北县,统招本科,5-10年,15-25k,,,,https://www.liepin.com/a/75241409.shtml,20260608140607,,,,
8420,猎聘,能源/化工/环保,矿山,安全工程师,企业职位,北京华夏建龙矿业科技有限公司,2000-5000人,,郑州,秦皇岛-昌黎县,本科,5年以上,10-15k,,,,https://www.liepin.com/job/1982518709.shtml,20260514081028,,,,
8421,猎聘,能源/化工/环保,矿山,生产技术部经理,企业职位,某西安人力资源服务公司,100-499人,,郑州,唐山,大专,10年以上,18-25k,,,,https://www.liepin.com/a/75773945.shtml,20260518145236,,,,
8422,猎聘,能源/化工/环保,矿山,北方区销售经理,企业职位,韶瑞重工(广东)有限公司,100-499人,,郑州,石家庄-长安区,本科,5-10年,10-20k,,,,https://www.liepin.com/job/1981980187.shtml,20260525082420,,,,
8423,猎聘,能源/化工/环保,矿山,质量总监,企业职位,某国内机械/设备公司,100-499人,,郑州,唐山,统招本科,5-10年,20-25k·13薪,,,,https://www.liepin.com/a/76351449.shtml,20260603110727,,,,
8424,猎聘,能源/化工/环保,矿山,爆破工程师,企业职位,某西安人力资源服务公司,100-499人,,郑州,石家庄,学历不限,5-10年,14-19k,,,,https://www.liepin.com/a/73501181.shtml,20260527120931,,,,
8425,猎聘,能源/化工/环保,矿山,电气工程师,企业职位,某国内矿产开采上市公司,10000人以上,,郑州,石家庄,学历不限,经验不限,25-40k,,,,https://www.liepin.com/a/75653585.shtml,20260514094646,,,,
8426,猎聘,能源/化工/环保,矿山,电液智能控制副总经理,企业职位,某国内大型其他商务服务业公司,500-999人,,郑州,唐山,统招本科,10年以上,30-40k·13薪,,,,https://www.liepin.com/a/75497145.shtml,20260608161544,,,,
8427,猎聘,能源/化工/环保,矿山,技术经理,企业职位,某西安人力资源服务公司,100-499人,,郑州,唐山,大专,5-10年,15-20k,,,,https://www.liepin.com/a/74113193.shtml,20260513112936,,,,
8428,猎聘,能源/化工/环保,矿山,注册安全工程师,企业职位,某国内人力资源服务公司,50-99人,,郑州,唐山,大专,5-10年,14-15k,,,,https://www.liepin.com/a/74008549.shtml,20260605092009,,,,
8429,猎聘,能源/化工/环保,矿山,生产矿长,企业职位,某国内大型矿产开采公司,500-999人,,郑州,张家口-张北县,大专,10年以上,40-50k,,,,https://www.liepin.com/a/74298657.shtml,20260407091631,,,,
8430,猎聘,能源/化工/环保,矿山,矿业常务副总,企业职位,某知名公司,,,郑州,张家口,统招本科,10年以上,60-85k,,,,https://www.liepin.com/a/74159417.shtml,20260604175235,,,,
8431,猎聘,能源/化工/环保,矿山,销售经理（新能源重卡）,企业职位,深向科技,1000-2000人,,郑州,石家庄-桥西区,大专,经验不限,9-15k,,,,https://www.liepin.com/job/1982368833.shtml,20260516080528,,,,
8432,猎聘,能源/化工/环保,矿山,采矿/选矿专家（有色）,企业职位,某国内矿产开采上市公司,10000人以上,,郑州,石家庄,本科,5-10年,50-80k·15薪,,,,https://www.liepin.com/a/73807175.shtml,20260609101146,,,,
8433,猎聘,能源/化工/环保,矿山,机电科长,企业职位,某知名公司,,,郑州,石家庄,大专,5-10年,15-20k,,,,https://www.liepin.com/a/76190113.shtml,20260604175235,,,,
8434,猎聘,能源/化工/环保,矿山,甲方单位 管理岗位 中级采矿,企业职位,某国内人力资源服务公司,50-99人,,郑州,承德,大专,5-10年,15-20k,,,,https://www.liepin.com/a/75445877.shtml,20260609140433,,,,
8435,猎聘,能源/化工/环保,矿山,销售经理（新能源重卡）,企业职位,深向科技,1000-2000人,,郑州,张家口-桥东区,大专,经验不限,9-15k,,,,https://www.liepin.com/job/1982734551.shtml,20260521131458,,,,
8436,猎聘,能源/化工/环保,矿山,机电工程师,企业职位,某国内人力资源服务公司,50-99人,,郑州,唐山,学历不限,10年以上,15-20k,,,,https://www.liepin.com/a/73435377.shtml,20260604110236,,,,
8437,猎聘,能源/化工/环保,矿山,技术总工,企业职位,某知名公司,,,郑州,张家口,大专,10年以上,30-35k,,,,https://www.liepin.com/a/75972103.shtml,20260604175235,,,,
8438,猎聘,能源/化工/环保,矿山,机电副矿长,企业职位,某国内矿产开采公司,,,郑州,邢台-沙河,大专,10年以上,13-15k,,,,https://www.liepin.com/a/75081231.shtml,20260518090844,,,,
8439,猎聘,能源/化工/环保,矿山,生产副经理,企业职位,某国内人力资源服务公司,50-99人,,郑州,唐山,大专,5-10年,12-15k,,,,https://www.liepin.com/a/73982685.shtml,20260401114315,,,,
8440,猎聘,能源/化工/环保,矿山,电气工程师,企业职位,某国内知名公司,100-499人,,郑州,沧州,本科,3-5年,8-12k,,,,https://www.liepin.com/a/75900329.shtml,20260609135636,,,,
8441,猎聘,能源/化工/环保,矿山,海外财务总监,企业职位,某国内大型金属制品公司,500-999人,,郑州,邯郸,本科,3-5年,35-50k,,,,https://www.liepin.com/a/76118601.shtml,20260601114104,,,,
8442,猎聘,能源/化工/环保,矿山,生产副矿长,企业职位,某西安其他商务服务业公司,,,郑州,张家口,学历不限,经验不限,40-50k,,,,https://www.liepin.com/a/74992837.shtml,20260423151412,,,,
8443,猎聘,能源/化工/环保,矿山,中级采矿工程师,企业职位,某国内矿产开采公司,1-49人,,郑州,唐山,大专,5-10年,15-20k,,,,https://www.liepin.com/a/74663941.shtml,20260511101824,,,,
8444,猎聘,能源/化工/环保,矿山,露天岗位 管理岗 采矿工程师,企业职位,某国内人力资源服务公司,50-99人,,郑州,承德,大专,10年以上,15-20k,,,,https://www.liepin.com/a/75315223.shtml,20260609140433,,,,
8445,猎聘,能源/化工/环保,矿山,环保水务经理,企业职位,某国内大型矿产开采公司,500-999人,,郑州,张家口-张北县,学历不限,5-10年,25-30k,,,,https://www.liepin.com/a/75211881.shtml,20260430093140,,,,
8446,猎聘,能源/化工/环保,矿山,生产矿长,企业职位,某大型矿产开采公司,500-999人,,郑州,石家庄,大专,10年以上,40-50k·13薪,,,,https://www.liepin.com/a/74519107.shtml,20260411112940,,,,
8447,猎聘,能源/化工/环保,矿山,五险！测量工程师 月休8天~,企业职位,某国内人力资源服务公司,50-99人,,郑州,承德,学历不限,3-5年,10-15k,,,,https://www.liepin.com/a/72975021.shtml,20260526112734,,,,
8448,猎聘,能源/化工/环保,矿山,安全副矿长,企业职位,某国内大型矿产开采公司,500-999人,,郑州,张家口,大专,10年以上,30-35k,,,,https://www.liepin.com/a/74238475.shtml,20260403114603,,,,
8449,猎聘,能源/化工/环保,矿山,电液智能控制副总,企业职位,某国内知名机械/设备公司,100-499人,,郑州,廊坊,本科,10年以上,25-40k,,,,https://www.liepin.com/a/75501067.shtml,20260511105107,,,,
8450,猎聘,能源/化工/环保,矿山,质量总监,企业职位,某国内知名机械/设备公司,100-499人,,郑州,廊坊,本科,10年以上,20-25k,,,,https://www.liepin.com/a/76116465.shtml,20260527145536,,,,
8451,猎聘,能源/化工/环保,矿山,生产技术部经理,企业职位,某西安其他商务服务业公司,,,郑州,保定,学历不限,经验不限,17-18k,,,,https://www.liepin.com/a/74992313.shtml,20260423150729,,,,
8452,猎聘,能源/化工/环保,矿山,销售主管,企业职位,某国内机械/设备公司,100-499人,,郑州,唐山-开平区,大专,2年以上,5-10k,,,,https://www.liepin.com/a/76285839.shtml,20260602084612,,,,
8453,猎聘,能源/化工/环保,矿山,采矿工程师,企业职位,某西安人力资源服务公司,100-499人,,郑州,张家口,大专,经验不限,12-15k,,,,https://www.liepin.com/a/73415507.shtml,20260609094358,,,,
8454,猎聘,能源/化工/环保,矿山,生产矿长,企业职位,某国内人力资源服务公司,50-99人,,郑州,承德,学历不限,经验不限,12-15k,,,,https://www.liepin.com/a/74648201.shtml,20260609091846,,,,
8455,猎聘,能源/化工/环保,矿山,安全员,企业职位,某西安人力资源服务公司,100-499人,,郑州,张家口,大专,1-3年,10-12k,,,,https://www.liepin.com/a/75774469.shtml,20260518145715,,,,
8456,猎聘,能源/化工/环保,矿山,生产副矿长,企业职位,某西安其他商务服务业公司,,,郑州,张家口,学历不限,经验不限,40-50k,,,,https://www.liepin.com/a/74377055.shtml,20260408133710,,,,
8457,猎聘,能源/化工/环保,矿山,生产技术部经理,企业职位,某西安其他商务服务业公司,,,郑州,保定,大专,5-10年,16-17k,,,,https://www.liepin.com/a/75311381.shtml,20260506165305,,,,
8458,猎聘,能源/化工/环保,矿山,注册安全工程师  金属非金属  河北迁安,企业职位,某深圳计算机软件公司,1-49人,,郑州,唐山-迁安,学历不限,5-10年,14-15k,,,,https://www.liepin.com/a/75801011.shtml,20260519093723,,,,
8459,猎聘,能源/化工/环保,矿山,售后服务工程师,企业职位,北矿机电(沧州)有限公司,100-499人,,郑州,沧州-黄骅,大专,2年以上,薪资面议,,,,https://www.liepin.com/job/1978743671.shtml,20260515160316,,,,
8460,猎聘,能源/化工/环保,矿山,铁矿石业务团队负责人/团队长,企业职位,某国内批发/零售公司,,,郑州,石家庄,本科,10年以上,60-90k,,,,https://www.liepin.com/a/75585293.shtml,20260608161943,,,,
8461,猎聘,能源/化工/环保,矿山,生产副矿长,企业职位,某国内大型矿产开采公司,500-999人,,郑州,张家口-张北县,大专,10年以上,40-45k,,,,https://www.liepin.com/a/74270137.shtml,20260608140607,,,,
8462,猎聘,能源/化工/环保,矿山,爆破工程师,企业职位,某西安其他商务服务业公司,,,郑州,张家口,学历不限,经验不限,19-20k,,,,https://www.liepin.com/a/74993455.shtml,20260423152156,,,,
8463,猎聘,能源/化工/环保,矿山,地质工程师,企业职位,某国内人力资源服务公司,50-99人,,郑州,秦皇岛,大专,5-10年,15-18k,,,,https://www.liepin.com/a/74719217.shtml,20260508155358,,,,
8464,猎聘,能源/化工/环保,矿山,机电工程师,企业职位,某深圳计算机软件公司,1-49人,,郑州,唐山-迁安,大专,10年以上,15-16k,,,,https://www.liepin.com/a/74231005.shtml,20260403102110,,,,
8465,猎聘,能源/化工/环保,矿山,技术经理,企业职位,某西安人力资源服务公司,100-499人,,郑州,唐山,大专,5-10年,15-20k,,,,https://www.liepin.com/a/74688493.shtml,20260415171839,,,,
8466,猎聘,能源/化工/环保,矿山,助理生产工程师,企业职位,某知名公司,5000-10000人,,郑州,张家口,统招本科,3-5年,10-14k,,,,https://www.liepin.com/a/74685667.shtml,20260609160206,,,,
8467,猎聘,能源/化工/环保,矿山,无人机测绘与GIS编程工程师,企业职位,博雷顿,100-499人,,郑州,承德-宽城县,大专,1-3年,10-15k·13薪,,,,https://www.liepin.com/job/1981149543.shtml,20260323112747,,,,
8468,猎聘,能源/化工/环保,矿山,机电工程师,企业职位,某西安其他商务服务业公司,,,郑州,唐山,学历不限,5-10年,22-25k,,,,https://www.liepin.com/a/73835523.shtml,20260521162838,,,,
8469,猎聘,能源/化工/环保,矿山,采矿设计师,企业职位,中铁资源集团勘察设计有限公司,100-499人,,郑州,廊坊-广阳区,统招本科,5年以上,8-12k·20薪,,,,https://www.liepin.com/job/1982644143.shtml,20260528082939,,,,
8470,猎聘,能源/化工/环保,矿山,安全副矿长,企业职位,某国内大型矿产开采公司,500-999人,,郑州,张家口-张北县,大专,10年以上,30-35k,,,,https://www.liepin.com/a/73954143.shtml,20260608140607,,,,
8471,猎聘,能源/化工/环保,矿山,区域销售经理（重卡充电）,企业职位,华体科技,500-999人,,郑州,石家庄-长安区,大专,5年以上,10-20k,,,,https://www.liepin.com/job/1980545225.shtml,20260519141539,,,,
8472,猎聘,能源/化工/环保,矿山,生产技术部经理,企业职位,某西安其他商务服务业公司,,,郑州,保定,学历不限,经验不限,17-18k,,,,https://www.liepin.com/a/74815005.shtml,20260420104429,,,,
8473,猎聘,能源/化工/环保,矿山,高级爆破工程师,企业职位,某国内大型矿产开采公司,500-999人,,郑州,张家口,大专,5-10年,15-20k,,,,https://www.liepin.com/a/74238657.shtml,20260403114830,,,,
8474,猎聘,能源/化工/环保,矿山,质量总监（机械制造/智能装备）,企业职位,某国内机械/设备公司,100-499人,,郑州,唐山,本科,经验不限,20-25k,,,,https://www.liepin.com/a/75300065.shtml,20260506150738,,,,
8475,猎聘,能源/化工/环保,矿山,生产技术经理,企业职位,某西安人力资源服务公司,100-499人,,郑州,唐山,大专,10年以上,17-20k,,,,https://www.liepin.com/a/74383525.shtml,20260429155815,,,,
8476,猎聘,能源/化工/环保,矿山,技术总监（机械装备行业，石油设备优先）,企业职位,某国内大型其他商务服务业公司,500-999人,,郑州,唐山,统招本科,10年以上,25-35k,,,,https://www.liepin.com/a/76420917.shtml,20260604161316,,,,
8477,猎聘,能源/化工/环保,矿山,财务总监-制造业-国内海外统筹一号位,企业职位,某国内知名金属制品公司,500-999人,,郑州,邯郸,本科,5-10年,55-85k,,,,https://www.liepin.com/a/76403767.shtml,20260609100339,,,,
8478,猎聘,能源/化工/环保,矿山,采矿工程师,企业职位,某国内大型工程施工公司,5000-10000人,,郑州,张家口,学历不限,3-5年,20-25k,,,,https://www.liepin.com/a/75747837.shtml,20260609084858,,,,
8479,猎聘,能源/化工/环保,矿山,机械工程师,企业职位,某国内知名机械/设备公司,100-499人,,郑州,唐山,学历不限,3-5年,15-20k,,,,https://www.liepin.com/a/76296175.shtml,20260603132224,,,,
8480,猎聘,能源/化工/环保,矿山,注册安全工程师,企业职位,某知名公司,,,郑州,唐山,大专,5-10年,15-20k,,,,https://www.liepin.com/a/74698229.shtml,20260604175235,,,,
8481,猎聘,能源/化工/环保,矿山,生产经理,企业职位,某国内人力资源服务公司,50-99人,,郑州,唐山,学历不限,经验不限,15-16k,,,,https://www.liepin.com/a/74559343.shtml,20260609091846,,,,
8482,猎聘,能源/化工/环保,矿山,销售经理（新能源重卡）,企业职位,深向科技,1000-2000人,,郑州,邯郸-邯山区,大专,经验不限,9-15k,,,,https://www.liepin.com/job/1982734611.shtml,20260521131652,,,,
8483,猎聘,能源/化工/环保,矿山,安全经理,企业职位,某西安人力资源服务公司,100-499人,,郑州,石家庄,学历不限,经验不限,13-15k,,,,https://www.liepin.com/a/75279075.shtml,20260609102925,,,,
8484,猎聘,能源/化工/环保,矿山,技术经理(技术经理),企业职位,某西安人力资源服务公司,100-499人,,郑州,石家庄,学历不限,经验不限,15-20k,,,,https://www.liepin.com/a/75136131.shtml,20260609100358,,,,
8485,猎聘,能源/化工/环保,矿山,机械工程师,企业职位,某国内机械/设备公司,100-499人,,郑州,唐山-玉田县,学历不限,3-5年,12-18k·13薪,,,,https://www.liepin.com/a/74547177.shtml,20260602104853,,,,
8486,猎聘,能源/化工/环保,矿山,生产副总,企业职位,某知名公司,,,郑州,石家庄,统招本科,10年以上,45-65k,,,,https://www.liepin.com/a/73276261.shtml,20260604175235,,,,
8487,猎聘,能源/化工/环保,矿山,安全经理（井工铁矿）,企业职位,某西安人力资源服务公司,100-499人,,郑州,石家庄,学历不限,经验不限,14-16k,,,,https://www.liepin.com/a/75138495.shtml,20260609094358,,,,
8488,猎聘,能源/化工/环保,矿山,采矿工程师,企业职位,某国内大型矿产开采公司,500-999人,,郑州,张家口-张北县,统招本科,3-5年,10-15k,,,,https://www.liepin.com/a/73565709.shtml,20260608140607,,,,
8489,猎聘,能源/化工/环保,矿山,注册安全工程师,企业职位,某国内人力资源服务公司,50-99人,,郑州,承德,大专,3-5年,10-15k,,,,https://www.liepin.com/a/75170699.shtml,20260429093509,,,,
8490,猎聘,能源/化工/环保,矿山,地质工程师,企业职位,某国内人力资源服务公司,50-99人,,郑州,秦皇岛,大专,5-10年,15-16k,,,,https://www.liepin.com/a/73789609.shtml,20260401114315,,,,
8491,猎聘,能源/化工/环保,矿山,环保/水务经理,企业职位,华澳矿业,500-999人,,郑州,张家口-张北县,本科,5年以上,20-30k,,,,https://www.liepin.com/job/1982019799.shtml,20260428191416,,,,
8492,猎聘,能源/化工/环保,矿山,机械设计师（带团队）,企业职位,某国内交通物流运输公司,50-99人,,郑州,唐山,学历不限,经验不限,12-20k,,,,https://www.liepin.com/a/75952505.shtml,20260608083821,,,,
8493,猎聘,能源/化工/环保,矿山,销售经理,企业职位,某知名公司,1-49人,,郑州,唐山,大专,经验不限,10-15k,,,,https://www.liepin.com/a/74417267.shtml,20260512150829,,,,
8494,猎聘,能源/化工/环保,矿山,安全矿长,企业职位,某西安其他商务服务业公司,,,郑州,石家庄,学历不限,经验不限,15-16k,,,,https://www.liepin.com/a/75162415.shtml,20260428182148,,,,
8495,猎聘,能源/化工/环保,矿山,机电副总,企业职位,某知名公司,,,郑州,石家庄,统招本科,10年以上,45-65k,,,,https://www.liepin.com/a/73276287.shtml,20260604175235,,,,
8496,猎聘,能源/化工/环保,矿山,技术经理,企业职位,某西安人力资源服务公司,100-499人,,郑州,石家庄,学历不限,经验不限,15-20k,,,,https://www.liepin.com/a/75279269.shtml,20260609102925,,,,
8497,猎聘,能源/化工/环保,矿山,初级爆破工程师,企业职位,某西安人力资源服务公司,100-499人,,郑州,张家口,学历不限,3-5年,12-17k,,,,https://www.liepin.com/a/73243901.shtml,20260609141617,,,,
8498,猎聘,能源/化工/环保,矿山,注册安全工程师,企业职位,某国内人力资源服务公司,50-99人,,郑州,唐山-迁安,大专,10年以上,15-16k,,,,https://www.liepin.com/a/75225705.shtml,20260430142432,,,,
8499,猎聘,能源/化工/环保,矿山,高级地质师（岩心方向）,企业职位,某西安其他商务服务业公司,,,郑州,张家口,统招本科,3-5年,10-11k,,,,https://www.liepin.com/a/75310285.shtml,20260506164238,,,,
8500,猎聘,能源/化工/环保,矿山,造价工程师,企业职位,北京华夏建龙矿业科技有限公司,2000-5000人,,郑州,秦皇岛-昌黎县,本科,8年以上,11-18k·14薪,,,,https://www.liepin.com/job/1983174457.shtml,20260605082205,,,,
8501,猎聘,能源/化工/环保,矿山,选矿工程师,企业职位,某西安其他商务服务业公司,,,郑州,张家口,学历不限,经验不限,10-14k,,,,https://www.liepin.com/a/74864651.shtml,20260602092059,,,,
8502,猎聘,能源/化工/环保,矿山,生产副矿长,企业职位,某西安其他商务服务业公司,,,郑州,张家口,学历不限,10年以上,40-50k,,,,https://www.liepin.com/a/74282461.shtml,20260405170756,,,,
8503,猎聘,能源/化工/环保,矿山,生产技术部经理,企业职位,某西安其他商务服务业公司,,,郑州,保定,学历不限,经验不限,17-20k,,,,https://www.liepin.com/a/74769725.shtml,20260514094237,,,,
8504,猎聘,能源/化工/环保,矿山,铁矿总工/矿长（海外）,企业职位,广东中爆企业管理服务有限公司,50-99人,,郑州,石家庄,本科,经验不限,40-60k,,,,https://www.liepin.com/job/1982232213.shtml,20260603165547,,,,
8505,猎聘,能源/化工/环保,矿山,非标机械设计工程师,企业职位,某国内大型其他商务服务业公司,500-999人,,郑州,唐山,大专,5-10年,10-15k·13薪,,,,https://www.liepin.com/a/74546341.shtml,20260608161544,,,,
8506,猎聘,能源/化工/环保,矿山,井下安全工程师,企业职位,某国内大型矿产开采公司,500-999人,,郑州,张家口,大专,5-10年,13-15k,,,,https://www.liepin.com/a/75959091.shtml,20260608140607,,,,
8507,猎聘,能源/化工/环保,矿山,选厂维修计划工程师,企业职位,华澳矿业,500-999人,,郑州,张家口-张北县,大专,3年以上,10-14k,,,,https://www.liepin.com/job/1981441913.shtml,20260402093903,,,,
8508,猎聘,能源/化工/环保,矿山,生产副矿长,企业职位,华澳矿业,500-999人,,郑州,张家口-张北县,大专,10年以上,40-45k,,,,https://www.liepin.com/job/1981506623.shtml,20260410105812,,,,
8509,猎聘,能源/化工/环保,矿山,测量员秦皇岛,企业职位,某国内其他商务服务业公司,,,郑州,秦皇岛,学历不限,经验不限,10-11k,,,,https://www.liepin.com/a/76090917.shtml,20260527091154,,,,
8510,猎聘,能源/化工/环保,矿山,技术经理（井工铁矿）,企业职位,某西安人力资源服务公司,100-499人,,郑州,石家庄,学历不限,经验不限,15-20k,,,,https://www.liepin.com/a/75138383.shtml,20260609094358,,,,
8511,猎聘,能源/化工/环保,矿山,安全经理（井工铁矿）,企业职位,某西安人力资源服务公司,100-499人,,郑州,石家庄,学历不限,经验不限,15-18k,,,,https://www.liepin.com/a/75136389.shtml,20260609100358,,,,
8512,猎聘,能源/化工/环保,矿山,高级爆破工程师,企业职位,华澳矿业,500-999人,,郑州,张家口-张北县,本科,5-10年,16-20k,,,,https://www.liepin.com/job/1981629439.shtml,20260410105825,,,,
8513,猎聘,能源/化工/环保,矿山,矿业公司经理,企业职位,圣航粉末冶金河北有限公司,100-499人,,郑州,邯郸-涉县,大专,5-10年,10-20k,,,,https://www.liepin.com/job/1979681777.shtml,20260111180913,,,,
8514,猎聘,能源/化工/环保,矿山,会计,企业职位,北京华夏建龙矿业科技有限公司,2000-5000人,,郑州,承德-承德县,本科,5-10年,6-7k,,,,https://www.liepin.com/job/1982486169.shtml,20260513100952,,,,
8515,猎聘,能源/化工/环保,矿山,高级地质师（岩心方向）,企业职位,某国内大型矿产开采公司,500-999人,,郑州,张家口-张北县,统招本科,3-5年,10-12k,,,,https://www.liepin.com/a/74965299.shtml,20260608140607,,,,
8516,猎聘,能源/化工/环保,矿山,机电工程师,企业职位,某国内人力资源服务公司,50-99人,,郑州,唐山,学历不限,10年以上,15-18k,,,,https://www.liepin.com/a/73906243.shtml,20260605092009,,,,
8517,猎聘,能源/化工/环保,矿山,人事主管,企业职位,某西安人力资源服务公司,100-499人,,郑州,张家口,本科,3-5年,15-20k,,,,https://www.liepin.com/a/72975893.shtml,20260521100535,,,,
8518,猎聘,能源/化工/环保,矿山,安全工程师,企业职位,北京华夏建龙矿业科技有限公司,2000-5000人,,郑州,承德-承德县,大专,3年以上,8-13k,,,,https://www.liepin.com/job/1979777881.shtml,20260115102655,,,,
8519,猎聘,能源/化工/环保,矿山,选矿工程师,企业职位,某西安其他商务服务业公司,,,郑州,石家庄,学历不限,经验不限,14-18k,,,,https://www.liepin.com/a/74225141.shtml,20260403091905,,,,
8520,猎聘,能源/化工/环保,矿山,采矿工程师,企业职位,北京华夏建龙矿业科技有限公司,2000-5000人,,郑州,承德-宽城县,大专,3-5年,15-18k·18薪,,,,https://www.liepin.com/job/1980251477.shtml,20260209142234,,,,
8521,猎聘,能源/化工/环保,矿山,维修计划工程师,企业职位,华澳矿业,500-999人,,郑州,张家口-张北县,本科,3-5年,10-14k,,,,https://www.liepin.com/job/1981367383.shtml,20260331090224,,,,
8522,猎聘,能源/化工/环保,矿山,环境/健康/安全管理,企业职位,某西安其他商务服务业公司,,,郑州,唐山,学历不限,经验不限,15-18k,,,,https://www.liepin.com/a/74249903.shtml,20260403150420,,,,
8523,猎聘,能源/化工/环保,矿山,采矿工程师,企业职位,某国内人力资源服务公司,50-99人,,郑州,承德,大专,10年以上,15-20k,,,,https://www.liepin.com/a/74576335.shtml,20260508155358,,,,
8524,猎聘,能源/化工/环保,矿山,地质工程师,企业职位,北京华夏建龙矿业科技有限公司,2000-5000人,,郑州,承德-宽城县,大专,3-5年,15-18k·18薪,,,,https://www.liepin.com/job/1980372651.shtml,20260224171631,,,,
8525,猎聘,能源/化工/环保,矿山,选矿工艺工程师（售前）,企业职位,某国内机械/设备公司,100-499人,,郑州,唐山,统招本科,5-10年,20-30k,,,,https://www.liepin.com/a/73744909.shtml,20260323162727,,,,
8526,猎聘,能源/化工/环保,矿山,安全工程师,企业职位,北京华夏建龙矿业科技有限公司,2000-5000人,,郑州,秦皇岛-昌黎县,本科,8年以上,11-18k·14薪,,,,https://www.liepin.com/job/1983174471.shtml,20260605082308,,,,
8527,猎聘,能源/化工/环保,矿山,安全矿长,企业职位,某西安其他商务服务业公司,,,郑州,唐山,学历不限,经验不限,14-15k,,,,https://www.liepin.com/a/75157143.shtml,20260529135615,,,,
8528,猎聘,能源/化工/环保,矿山,实验室研发助理（偏文职）,企业职位,大东(北京)科技有限公司,50-99人,,郑州,廊坊-三河,本科,经验不限,8-15k,,,,https://www.liepin.com/job/1977370631.shtml,20260319113842,,,,
8529,猎聘,能源/化工/环保,矿山,项目专员/助理,企业职位,大东(北京)科技有限公司,50-99人,,郑州,廊坊-三河,本科,经验不限,5-8k,,,,https://www.liepin.com/job/1977269941.shtml,20260319113929,,,,
8530,猎聘,能源/化工/环保,矿山,采矿工程师,企业职位,河北奥威实业集团有限公司,1000-2000人,,郑州,保定-涞源县,大专,5年以上,20-35k,,,,https://www.liepin.com/job/1981192257.shtml,20260515111940,,,,
8531,猎聘,能源/化工/环保,矿山,地质工程师,企业职位,河北奥威实业集团有限公司,1000-2000人,,郑州,保定-涞源县,本科,5-10年,20-35k,,,,https://www.liepin.com/job/1981199779.shtml,20260515111940,,,,
8532,猎聘,能源/化工/环保,矿山,技术经理,企业职位,某国内人力资源服务公司,50-99人,,郑州,唐山,大专,10年以上,18-25k,,,,https://www.liepin.com/a/75171143.shtml,20260429093932,,,,
8533,猎聘,能源/化工/环保,矿山,质量总监（非标智能设备生产企业）30万,企业职位,某知名机械/设备公司,100-499人,,郑州,唐山-玉田县,学历不限,5年以上,20-25k·13薪,,,,https://www.liepin.com/a/75499633.shtml,20260511103805,,,,
8534,猎聘,能源/化工/环保,矿山,质量总监,企业职位,某国内机械/设备公司,100-499人,,郑州,唐山,大专,10年以上,20-25k·13薪,,,,https://www.liepin.com/a/75499475.shtml,20260511103656,,,,
8535,猎聘,能源/化工/环保,矿山,技术 经理,企业职位,某国内人力资源服务公司,50-99人,,郑州,唐山-滦州,大专,10年以上,18-25k,,,,https://www.liepin.com/a/75144547.shtml,20260428142630,,,,
8536,猎聘,能源/化工/环保,矿山,项目经理,企业职位,大东(北京)科技有限公司,50-99人,,郑州,廊坊-三河,本科,3年以上,10-15k,,,,https://www.liepin.com/job/1973476131.shtml,20260319113951,,,,
8537,猎聘,能源/化工/环保,矿山,中级采矿工程师,企业职位,某国内人力资源服务公司,50-99人,,郑州,承德,大专,10年以上,15-20k,,,,https://www.liepin.com/a/75313243.shtml,20260506171410,,,,
8538,猎聘,能源/化工/环保,矿山,生产技术经理,企业职位,某西安其他商务服务业公司,,,郑州,保定,学历不限,经验不限,17-22k,,,,https://www.liepin.com/a/74800985.shtml,20260419182954,,,,
8539,猎聘,能源/化工/环保,矿山,采矿工程师,企业职位,某国内人力资源服务公司,50-99人,,郑州,唐山,学历不限,经验不限,20-25k,,,,https://www.liepin.com/a/76258045.shtml,20260609091846,,,,
8540,猎聘,能源/化工/环保,矿山,安全工程师,企业职位,承德瀚得石业有限公司,5000-10000人,,郑州,承德-承德县,大专,1-3年,8-10k,,,,https://www.liepin.com/job/1948224115.shtml,20220321115300,,,,
8541,猎聘,能源/化工/环保,矿山,地质工程师,企业职位,河北中瑞地质环境工程有限公司,1-49人,,郑州,石家庄-新华区,大专,1-3年,5-12k,,,,https://www.liepin.com/job/1938224659.shtml,20230919160332,,,,
8542,猎聘,能源/化工/环保,矿山,机电技术员（管培生）,企业职位,华澳矿业,500-999人,,郑州,张家口-张北县,大专,1年以下,6-8k,,,,https://www.liepin.com/job/1979857677.shtml,20260201105152,,,,
8543,猎聘,能源/化工/环保,矿山,采矿总工程师,企业职位,迁安市长城金矿,1-49人,,郑州,唐山-迁安,大专,10年以上,15-30k,,,,https://www.liepin.com/job/1976441069.shtml,20250812194120,,,,
8544,猎聘,能源/化工/环保,矿山,生产总工程师/副总工程师,企业职位,迁安市长城金矿,1-49人,,郑州,唐山-迁安,大专,10年以上,15-30k,,,,https://www.liepin.com/job/1976217615.shtml,20250812195115,,,,
8545,猎聘,能源/化工/环保,矿山,质量总监30w,企业职位,某国内知名机械/设备公司,100-499人,,郑州,唐山,大专,5-10年,20-25k,,,,https://www.liepin.com/a/75503347.shtml,20260609084109,,,,
8546,猎聘,能源/化工/环保,矿山,实验室项目研发助理（偏项目现场）,企业职位,大东(北京)科技有限公司,50-99人,,郑州,廊坊-三河,本科,3-5年,8-15k,,,,https://www.liepin.com/job/1977269581.shtml,20260319113805,,,,
8547,猎聘,能源/化工/环保,矿山,WEB前端工程师,企业职位,深圳市华安智联科技有限公司,1-49人,,郑州,邢台-信都区,大专,1-3年,6-9k,,,,https://www.liepin.com/job/1979534417.shtml,20260421151525,,,,
8548,猎聘,能源/化工/环保,矿山,充填/岩石力学工程师,企业职位,华澳矿业,500-999人,,郑州,张家口-张北县,大专,3-5年,10-13k,,,,https://www.liepin.com/job/1980349483.shtml,20260224085008,,,,
8549,猎聘,能源/化工/环保,矿山,迁安市长城金矿,企业职位,迁安市长城金矿,1-49人,,郑州,唐山-迁安,大专,10年以上,10-20k,,,,https://www.liepin.com/job/1975995591.shtml,20250724084628,,,,
8550,猎聘,能源/化工/环保,矿山,质量总监,企业职位,某国内知名机械/设备公司,100-499人,,郑州,唐山,本科,5年以上,20-30k,,,,https://www.liepin.com/a/75350359.shtml,20260507135036,,,,
8551,猎聘,能源/化工/环保,矿山,尾矿充填工长,企业职位,华澳矿业,500-999人,,郑州,张家口-张北县,学历不限,经验不限,8-10k,,,,https://www.liepin.com/job/1981441779.shtml,20260402093643,,,,
8552,猎聘,能源/化工/环保,矿山,采矿工程设计人员,企业职位,张家口涂达工程设计有限公司,50-99人,,郑州,张家口-桥东区,本科,1-3年,7-12k,,,,https://www.liepin.com/job/1981935495.shtml,20260421104729,,,,
8553,猎聘,能源/化工/环保,矿山,生产技术部经理,企业职位,某国内咨询服务公司,50-99人,,郑州,保定,大专,3-5年,17-18k,,,,https://www.liepin.com/a/75188579.shtml,20260609164707,,,,
8554,猎聘,能源/化工/环保,矿山,采矿工程师,企业职位,某西安人力资源服务公司,100-499人,,郑州,石家庄,学历不限,经验不限,15-25k,,,,https://www.liepin.com/a/73611201.shtml,20260324103956,,,,
8555,猎聘,能源/化工/环保,矿山,安全矿长,企业职位,河北金山矿业有限公司西郝庄铁矿,1-49人,,郑州,邢台-沙河,大专,5-10年,10-20k,,,,https://www.liepin.com/job/1956492527.shtml,20230914152018,,,,
8556,猎聘,能源/化工/环保,矿山,土地规划,企业职位,河北中瑞地质环境工程有限公司,1-49人,,郑州,石家庄,本科,3-5年,10-15k,,,,https://www.liepin.com/job/1926172643.shtml,20220323170741,,,,
8557,猎聘,能源/化工/环保,矿山,选矿工程师,企业职位,北京华夏建龙矿业科技有限公司,2000-5000人,,郑州,承德-承德县,本科,3年以上,14-15k,,,,https://www.liepin.com/job/1982210089.shtml,20260430082432,,,,
8558,猎聘,能源/化工/环保,矿山,矿井建设工程师,企业职位,北京华夏建龙矿业科技有限公司,2000-5000人,,郑州,秦皇岛-昌黎县,本科,5年以上,10-18k,,,,https://www.liepin.com/job/1983015575.shtml,20260601091546,,,,
8559,猎聘,能源/化工/环保,矿山,安全矿长,企业职位,某西安其他商务服务业公司,,,郑州,唐山,学历不限,经验不限,15-20k,,,,https://www.liepin.com/a/75162669.shtml,20260428182940,,,,
8560,猎聘,能源/化工/环保,矿山,采矿工程师,企业职位,北京华夏建龙矿业科技有限公司,2000-5000人,,郑州,秦皇岛-昌黎县,本科,8年以上,11-18k·14薪,,,,https://www.liepin.com/job/1983174409.shtml,20260605081557,,,,
8561,猎聘,能源/化工/环保,矿山,机械动力处长,企业职位,某西安人力资源服务公司,100-499人,,郑州,张家口,统招本科,10年以上,20-40k,,,,https://www.liepin.com/a/73237217.shtml,20260429155815,,,,
8562,猎聘,能源/化工/环保,矿山,井下生产主管,企业职位,某国内大型矿产开采公司,500-999人,,郑州,张家口,大专,10年以上,20-25k,,,,https://www.liepin.com/a/75959483.shtml,20260608140607,,,,
8563,猎聘,能源/化工/环保,矿山,高级测量工程师,企业职位,某国内大型矿产开采公司,500-999人,,郑州,张家口-张北县,大专,3-5年,14-17k,,,,https://www.liepin.com/a/73763169.shtml,20260608140607,,,,
8564,猎聘,能源/化工/环保,矿山,技术矿长,企业职位,青龙满族自治县天兴矿业有限公司,100-499人,,郑州,唐山-迁安,本科,10年以上,15-30k·18薪,,,,https://www.liepin.com/job/1974613039.shtml,20250603104150,,,,
8565,猎聘,能源/化工/环保,矿山,采矿工程师,企业职位,涞水金隅冀东环保科技有限公司,100-499人,,郑州,保定-易县,本科,经验不限,6-7k,,,,https://www.liepin.com/job/1957258941.shtml,20230324103139,,,,
8566,猎聘,能源/化工/环保,矿山,技术总监,企业职位,河北卫通星网科技有限公司,1-49人,,郑州,石家庄,本科,经验不限,30-60k,,,,https://www.liepin.com/job/1951179715.shtml,20220718082135,,,,
8567,猎聘,能源/化工/环保,矿山,总矿长,企业职位,河北金山矿业有限公司西郝庄铁矿,1-49人,,郑州,邢台-沙河,大专,5-10年,15-25k,,,,https://www.liepin.com/job/1960864261.shtml,20231018152231,,,,
8568,猎聘,能源/化工/环保,矿山,地质勘查/选矿/采矿,企业职位,河北中瑞地质环境工程有限公司,1-49人,,郑州,石家庄,大专,经验不限,7-12k,,,,https://www.liepin.com/job/1925893905.shtml,20220323170741,,,,
8569,猎聘,能源/化工/环保,矿山,高级地质师（岩心方向）,企业职位,某西安其他商务服务业公司,,,郑州,张家口,学历不限,经验不限,10-11k,,,,https://www.liepin.com/a/74994005.shtml,20260423152831,,,,
8570,猎聘,能源/化工/环保,矿山,液压工程师,企业职位,某国内知名公司,100-499人,,郑州,沧州,学历不限,3-5年,10-15k,,,,https://www.liepin.com/a/75900767.shtml,20260609135636,,,,
8571,猎聘,能源/化工/环保,矿山,销售经理（新能源重卡）,企业职位,深向科技,1000-2000人,,郑州,沧州-沧县,大专,经验不限,9-15k,,,,https://www.liepin.com/job/1982734559.shtml,20260521131458,,,,
8572,猎聘,能源/化工/环保,矿山,高级测量工程师,企业职位,华澳矿业,500-999人,,郑州,张家口-张北县,本科,5年以上,15-17k,,,,https://www.liepin.com/job/1982219887.shtml,20260430114358,,,,
8573,猎聘,能源/化工/环保,矿山,机械工程师,企业职位,某国内知名机械/设备公司,100-499人,,郑州,唐山,本科,5-10年,12-20k,,,,https://www.liepin.com/a/75607897.shtml,20260513102610,,,,
8574,猎聘,能源/化工/环保,矿山,中级测量工程师,企业职位,某国内咨询服务公司,50-99人,,郑州,唐山,学历不限,5-10年,14-15k,,,,https://www.liepin.com/a/74892281.shtml,20260609090211,,,,
8575,猎聘,能源/化工/环保,矿山,选矿设计师,企业职位,中铁资源集团勘察设计有限公司,100-499人,,郑州,廊坊,本科,10年以上,8-12k·20薪,,,,https://www.liepin.com/job/1982598953.shtml,20260517215731,,,,
8576,猎聘,能源/化工/环保,矿山,采矿工程师,企业职位,华澳矿业,500-999人,,郑州,张家口-张北县,大专,3-5年,10-15k,,,,https://www.liepin.com/job/1980577469.shtml,20260303093125,,,,
8577,猎聘,能源/化工/环保,矿山,销售经理（新能源重卡）,企业职位,深向科技,1000-2000人,,郑州,邢台-襄都区,大专,经验不限,9-15k,,,,https://www.liepin.com/job/1982734609.shtml,20260521131652,,,,
8578,猎聘,能源/化工/环保,矿山,爆破工程师,企业职位,华澳矿业,500-999人,,郑州,张家口-张北县,大专,5-10年,12-15k·14薪,,,,https://www.liepin.com/job/1962823857.shtml,20260311085558,,,,
8579,猎聘,能源/化工/环保,矿山,采矿设计师,企业职位,承德龙兴矿业工程设计有限责任公司,50-99人,,郑州,承德,本科,经验不限,7-10k·13薪,,,,https://www.liepin.com/job/1930065975.shtml,20260119095730,,,,
8580,猎聘,能源/化工/环保,矿山,地质工程师(J11534),企业职位,旭阳集团,10000人以上,,郑州,邢台-襄都区,本科,10年以上,薪资面议,,,,https://www.liepin.com/job/1981729987.shtml,20260414102451,,,,
8581,猎聘,能源/化工/环保,矿山,高级测量工程师,企业职位,华澳矿业,500-999人,,郑州,张家口-张北县,本科,5-10年,12-16k,,,,https://www.liepin.com/job/1981629575.shtml,20260409170732,,,,
8582,猎聘,能源/化工/环保,矿山,高级地质师（岩心）,企业职位,华澳矿业,500-999人,,郑州,张家口-张北县,本科,3年以上,10-15k,,,,https://www.liepin.com/job/1982171459.shtml,20260428193113,,,,
8583,猎聘,能源/化工/环保,矿山,生产副矿长,企业职位,某知名公司,50-99人,,郑州,石家庄,大专,10年以上,40-45k,,,,https://www.liepin.com/a/74321511.shtml,20260407134804,,,,
8584,猎聘,能源/化工/环保,矿山,销售经理/主管,企业职位,上海盘毂动力科技股份有限公司,500-999人,,郑州,石家庄-长安区,统招本科,5年以上,10-15k,,,,https://www.liepin.com/job/1979935517.shtml,20260327100910,,,,
8585,猎聘,能源/化工/环保,矿山,技术副总（机械制造或重工装备行业背景）,企业职位,某国内仪器仪表公司,50-99人,,郑州,唐山-路南区,本科,10年以上,10-15k,,,,https://www.liepin.com/a/76029853.shtml,20260525171147,,,,
8586,猎聘,能源/化工/环保,矿山,测量工程师,企业职位,某西安其他商务服务业公司,,,郑州,张家口,统招本科,经验不限,14-16k,,,,https://www.liepin.com/a/74376905.shtml,20260408133448,,,,
8587,猎聘,能源/化工/环保,矿山,调度员（长期驻矿）,企业职位,博雷顿,100-499人,,郑州,承德-宽城县,大专,2年以上,9-14k·13薪,,,,https://www.liepin.com/job/1978048639.shtml,20251106184535,,,,
8588,猎聘,能源/化工/环保,矿山,采矿工程师,企业职位,华澳矿业,500-999人,,郑州,张家口-张北县,大专,3-5年,10-15k,,,,https://www.liepin.com/job/1980582285.shtml,20260303103520,,,,
8589,猎聘,能源/化工/环保,矿山,销售工程师,企业职位,北京晟景伟业科技有限公司,1-49人,,郑州,廊坊-固安县,本科,1-3年,8-12k,,,,https://www.liepin.com/job/1977931423.shtml,20251110145134,,,,
8590,猎聘,能源/化工/环保,矿山,ROS算法工程师,企业职位,河北伊联智能科技有限公司,50-99人,,郑州,石家庄-栾城区,本科,3年以上,10-20k,,,,https://www.liepin.com/job/1978402445.shtml,20251112111350,,,,
8591,猎聘,能源/化工/环保,矿山,土地复垦,企业职位,河北中瑞地质环境工程有限公司,1-49人,,郑州,石家庄-新华区,大专,1-3年,5-12k,,,,https://www.liepin.com/job/1938224727.shtml,20230919160332,,,,
8592,猎聘,能源/化工/环保,矿山,测量工程师,企业职位,北京华夏建龙矿业科技有限公司,2000-5000人,,郑州,秦皇岛-昌黎县,本科,5-10年,10-16k,,,,https://www.liepin.com/job/1983259883.shtml,20260608191909,,,,
8593,猎聘,能源/化工/环保,矿山,注册安全工程师（煤矿、金属非金属专业）,企业职位,河北正信达安技术服务有限公司,50-99人,,郑州,石家庄-裕华区,大专,1-5年,4-7k,,,,https://www.liepin.com/job/1983005245.shtml,20260530144326,,,,
8594,猎聘,能源/化工/环保,矿山,地质工程师,企业职位,某西安其他商务服务业公司,,,郑州,张家口,学历不限,经验不限,10-11k,,,,https://www.liepin.com/a/74917993.shtml,20260422094354,,,,
8595,猎聘,能源/化工/环保,矿山,机电工程师  五险包食宿,企业职位,某国内人力资源服务公司,50-99人,,郑州,承德-平泉,大专,5-10年,10-12k,,,,https://www.liepin.com/a/75421017.shtml,20260508160417,,,,
8596,猎聘,能源/化工/环保,矿山,安全经理,企业职位,某国内人力资源服务公司,50-99人,,郑州,唐山,大专,5-10年,15-16k,,,,https://www.liepin.com/a/75144319.shtml,20260428142349,,,,
8597,猎聘,能源/化工/环保,矿山,销售经理（新能源重卡）,企业职位,深向科技,1000-2000人,,郑州,衡水-桃城区,大专,经验不限,9-15k,,,,https://www.liepin.com/job/1982734607.shtml,20260521131652,,,,
8598,猎聘,能源/化工/环保,矿山,选矿工程师,企业职位,某国内矿产开采公司,100-499人,,郑州,石家庄,大专,经验不限,12-15k,,,,https://www.liepin.com/a/73889031.shtml,20260325170208,,,,
8599,猎聘,能源/化工/环保,矿山,金属材料工程师,企业职位,某国内机械/设备公司,100-499人,,郑州,石家庄,本科,5-10年,25-40k,,,,https://www.liepin.com/a/75707737.shtml,20260515113423,,,,
8600,猎聘,能源/化工/环保,矿山,销售经理（新能源重卡）,企业职位,深向科技,1000-2000人,,郑州,秦皇岛-海港区,大专,经验不限,9-15k,,,,https://www.liepin.com/job/1982734557.shtml,20260521131458,,,,
8601,猎聘,能源/化工/环保,矿山,销售技术工程师（机械方向）,企业职位,河北澳金机械设备有限公司,100-499人,,郑州,石家庄,本科,1-3年,6-15k,,,,https://www.liepin.com/job/1970359877.shtml,20250729084031,,,,
8602,猎聘,能源/化工/环保,矿山,天井钻机操作工,企业职位,华澳矿业,500-999人,,郑州,张家口-张北县,学历不限,经验不限,5-7k,,,,https://www.liepin.com/job/1980337815.shtml,20260215112209,,,,
8603,猎聘,能源/化工/环保,矿山,售前工程师,企业职位,河北伊联智能科技有限公司,50-99人,,郑州,石家庄,统招本科,3-5年,8-16k·14薪,,,,https://www.liepin.com/job/1982299643.shtml,20260507103009,,,,
8604,猎聘,能源/化工/环保,矿山,天井钻机助手,企业职位,华澳矿业,500-999人,,郑州,张家口-张北县,学历不限,经验不限,5-7k,,,,https://www.liepin.com/job/1980337843.shtml,20260215113033,,,,
8605,猎聘,能源/化工/环保,矿山,销售经理（新能源重卡）,企业职位,深向科技,1000-2000人,,郑州,唐山-路北区,大专,经验不限,9-15k,,,,https://www.liepin.com/job/1982368835.shtml,20260516080528,,,,
8606,猎聘,能源/化工/环保,矿山,安环处处长,企业职位,北京华夏建龙矿业科技有限公司,2000-5000人,,郑州,秦皇岛-昌黎县,统招本科,5年以上,10-12k,,,,https://www.liepin.com/job/1972464559.shtml,20250218084418,,,,
8607,猎聘,能源/化工/环保,矿山,采矿工程师,企业职位,寒锐钴业,1000-2000人,,郑州,石家庄-桥西区,大专,5-8年,25-35k,,,,https://www.liepin.com/job/1974797531.shtml,20250529134826,,,,
8608,猎聘,能源/化工/环保,矿山,采矿工程师,企业职位,河北金山矿业有限公司西郝庄铁矿,1-49人,,郑州,邢台-沙河,大专,10年以上,10-20k,,,,https://www.liepin.com/job/1956492421.shtml,20230914152018,,,,
8609,猎聘,能源/化工/环保,矿山,河北子公司负责人,企业职位,东南生态,50-99人,,郑州,石家庄,本科,5-10年,30-50k,,,,https://www.liepin.com/job/1948882405.shtml,20220413154706,,,,
8610,猎聘,能源/化工/环保,矿山,生产矿长,企业职位,河北金山矿业有限公司西郝庄铁矿,1-49人,,郑州,邢台-沙河,大专,5-10年,10-15k,,,,https://www.liepin.com/job/1956492355.shtml,20230914152018,,,,
8611,猎聘,能源/化工/环保,矿山,安全环保部经理,企业职位,易县益阳花岗岩开采有限公司,1-49人,,郑州,保定,本科,5-10年,12-16k,,,,https://www.liepin.com/job/1931034073.shtml,20200821111452,,,,
8612,猎聘,能源/化工/环保,矿山,水文地质工程师,企业职位,北京华夏建龙矿业科技有限公司,2000-5000人,,郑州,秦皇岛-昌黎县,本科,3年以上,12-20k,,,,https://www.liepin.com/job/1983259939.shtml,20260608192123,,,,
8613,猎聘,能源/化工/环保,矿山,采矿工程师,企业职位,北京华夏建龙矿业科技有限公司,2000-5000人,,郑州,秦皇岛-昌黎县,本科,5年以上,12-20k,,,,https://www.liepin.com/job/1983254939.shtml,20260608190543,,,,
8614,猎聘,能源/化工/环保,矿山,注册安全工程师,企业职位,某国内人力资源服务公司,50-99人,,郑州,邢台,大专,经验不限,12-15k,,,,https://www.liepin.com/a/73980591.shtml,20260401114315,,,,
8615,猎聘,能源/化工/环保,矿山,财务部长,企业职位,某知名公司,,,郑州,唐山,统招本科,5-10年,15-20k,,,,https://www.liepin.com/a/75324401.shtml,20260604175235,,,,
8616,猎聘,能源/化工/环保,矿山,电气工程师,企业职位,北京华夏建龙矿业科技有限公司,2000-5000人,,郑州,秦皇岛-昌黎县,本科,5年以上,11-18k·14薪,,,,https://www.liepin.com/job/1983174483.shtml,20260605082356,,,,
8617,猎聘,能源/化工/环保,矿山,安全员,企业职位,某知名公司,,,郑州,张家口,大专,5-10年,8-12k,,,,https://www.liepin.com/a/76037553.shtml,20260604175235,,,,
8618,猎聘,能源/化工/环保,矿山,销售经理（新能源重卡）,企业职位,深向科技,1000-2000人,,郑州,廊坊-安次区,大专,经验不限,9-15k,,,,https://www.liepin.com/job/1982735403.shtml,20260521133514,,,,
8619,猎聘,能源/化工/环保,矿山,销售经理（新能源重卡）,企业职位,深向科技,1000-2000人,,郑州,保定-竞秀区,大专,经验不限,9-15k,,,,https://www.liepin.com/job/1982734555.shtml,20260521131458,,,,
8620,猎聘,能源/化工/环保,矿山,地质工程师,企业职位,某西安其他商务服务业公司,,,郑州,张家口,学历不限,经验不限,10-13k,,,,https://www.liepin.com/a/74939771.shtml,20260422144018,,,,
8621,猎聘,能源/化工/环保,矿山,销售经理（新能源重卡）,企业职位,深向科技,1000-2000人,,郑州,承德-双桥区,大专,经验不限,9-15k,,,,https://www.liepin.com/job/1982734553.shtml,20260521131458,,,,
8622,猎聘,能源/化工/环保,矿山,选矿工程师,企业职位,某西安其他商务服务业公司,,,郑州,保定,学历不限,经验不限,15-20k,,,,https://www.liepin.com/a/74224563.shtml,20260403091127,,,,
8623,猎聘,能源/化工/环保,矿山,销售工程师（工业设备）,企业职位,上海瑞晨环保科技股份有限公司,100-499人,,郑州,唐山-丰南区,本科,3年以上,10-15k,,,,https://www.liepin.com/job/1978678461.shtml,20251209114019,,,,
8624,猎聘,能源/化工/环保,矿山,工程预算员,企业职位,某西安其他商务服务业公司,,,郑州,唐山,学历不限,经验不限,7-12k,,,,https://www.liepin.com/a/75261791.shtml,20260505174836,,,,
8625,猎聘,能源/化工/环保,矿山,大客户销售,企业职位,某厦门新能源公司,100-499人,,郑州,石家庄,统招本科,3-5年,14-28k·18薪,,,,https://www.liepin.com/a/73419895.shtml,20260316132250,,,,
8626,猎聘,能源/化工/环保,矿山,选矿厂项目经理,企业职位,某知名公司,,,郑州,张家口,大专,10年以上,30-45k,,,,https://www.liepin.com/a/75053487.shtml,20260604175235,,,,
8627,猎聘,能源/化工/环保,矿山,岩心地质工程师,企业职位,华澳矿业,500-999人,,郑州,张家口-张北县,本科,1年以上,7-9k,,,,https://www.liepin.com/job/1980933617.shtml,20260314112923,,,,
8628,猎聘,能源/化工/环保,矿山,安全经理,企业职位,某国内人力资源服务公司,50-99人,,郑州,唐山,大专,5-10年,15-16k,,,,https://www.liepin.com/a/75170893.shtml,20260429093658,,,,
8629,猎聘,能源/化工/环保,矿山,仓库管理员,企业职位,华澳矿业,500-999人,,郑州,张家口-张北县,大专,经验不限,5-6k,,,,https://www.liepin.com/job/1980820587.shtml,20260311093605,,,,
8630,猎聘,能源/化工/环保,矿山,技术总监/经理,企业职位,某国内机械/设备公司,100-499人,,郑州,唐山-玉田县,统招本科,5年以上,25-35k·13薪,,,,https://www.liepin.com/a/76462023.shtml,20260605152521,,,,
8631,猎聘,能源/化工/环保,矿山,采矿工程师,企业职位,某知名公司,50-99人,,郑州,唐山,大专,5-10年,15-16k,,,,https://www.liepin.com/a/74151397.shtml,20260401175743,,,,
8632,猎聘,能源/化工/环保,矿山,测量技术员,企业职位,某知名公司,,,郑州,张家口,大专,5-10年,10-15k,,,,https://www.liepin.com/a/75053613.shtml,20260604175235,,,,
8633,猎聘,能源/化工/环保,矿山,测量技术员,企业职位,北京首钢矿山建设工程有限责任公司,100-499人,,郑州,唐山-路北区,大专,3-5年,10-15k,,,,https://www.liepin.com/job/1977953375.shtml,20260413151030,,,,
8634,猎聘,能源/化工/环保,矿山,外贸业务员,企业职位,北方中星(北京)机械钻具有限公司,1-49人,,郑州,张家口-宣化区,本科,3年以上,7-8k,,,,https://www.liepin.com/job/1982852343.shtml,20260526083752,,,,
8635,猎聘,能源/化工/环保,矿山,地质勘查项目经理,企业职位,华夏国源,1000-2000人,,郑州,石家庄-长安区,本科,10年以上,25-30k,,,,https://www.liepin.com/job/1978559801.shtml,20251119082512,,,,
8636,猎聘,能源/化工/环保,矿山,质量总监,企业职位,某国内机械/设备公司,100-499人,,郑州,唐山,本科,经验不限,15-30k,,,,https://www.liepin.com/a/75373019.shtml,20260507173919,,,,
8637,猎聘,能源/化工/环保,矿山,石料矿生产线技术员/接受海外工作,企业职位,某知名公司,100-499人,,郑州,石家庄,学历不限,3-5年,13-16k·13薪,,,,https://www.liepin.com/a/75796601.shtml,20260609135003,,,,
8638,猎聘,能源/化工/环保,矿山,采矿工程师,企业职位,某矿产开采公司,,,郑州,秦皇岛-青龙县,大专,5-10年,15-20k,,,,https://www.liepin.com/a/74864749.shtml,20260421094940,,,,
8639,猎聘,能源/化工/环保,矿山,选厂化验员,企业职位,华澳矿业,500-999人,,郑州,张家口-张北县,中专/中技,1-3年,3-5k,,,,https://www.liepin.com/job/1980896309.shtml,20260313084732,,,,
8640,猎聘,能源/化工/环保,矿山,选厂安全主管,企业职位,某西安其他商务服务业公司,,,郑州,张家口,学历不限,经验不限,15-16k,,,,https://www.liepin.com/a/74993847.shtml,20260423152642,,,,
8641,猎聘,能源/化工/环保,矿山,助理生产工程师（选矿）,企业职位,某西安其他商务服务业公司,,,郑州,张家口,统招本科,3-5年,10-14k,,,,https://www.liepin.com/a/75309287.shtml,20260506163202,,,,
8642,猎聘,能源/化工/环保,矿山,井下高压电工,企业职位,华澳矿业,500-999人,,郑州,张家口-张北县,中专/中技,3-5年,5-6k,,,,https://www.liepin.com/job/1980896175.shtml,20260313084150,,,,
8643,猎聘,能源/化工/环保,矿山,生产副矿长,企业职位,某国内人力资源服务公司,50-99人,,郑州,保定,大专,5-10年,19-20k,,,,https://www.liepin.com/a/74083367.shtml,20260331144721,,,,
8644,猎聘,能源/化工/环保,矿山,选厂安全主管,企业职位,华澳矿业,500-999人,,郑州,张家口-张北县,统招本科,5-10年,14-16k,,,,https://www.liepin.com/job/1979863999.shtml,20260201105152,,,,
8645,猎聘,能源/化工/环保,矿山,机械工程师,企业职位,华澳矿业,500-999人,,郑州,张家口-张北县,大专,5年以上,12-15k,,,,https://www.liepin.com/job/1978781923.shtml,20260128143459,,,,
8646,猎聘,能源/化工/环保,矿山,无人驾驶工程师,企业职位,某知名公司,500-999人,,郑州,石家庄,大专,1-3年,10-11k,,,,https://www.liepin.com/a/73882531.shtml,20260402163559,,,,
8647,猎聘,能源/化工/环保,矿山,选矿工程师,企业职位,河北奥威实业集团有限公司,1000-2000人,,郑州,保定-涞源县,本科,8年以上,20-35k,,,,https://www.liepin.com/job/1978625063.shtml,20260515111940,,,,
8648,猎聘,能源/化工/环保,矿山,地表安全官,企业职位,华澳矿业,500-999人,,郑州,张家口-张北县,大专,3-5年,8-10k,,,,https://www.liepin.com/job/1980591849.shtml,20260303135006,,,,
8649,猎聘,能源/化工/环保,矿山,技术资料员,企业职位,某西安其他商务服务业公司,,,郑州,唐山,学历不限,经验不限,8-10k,,,,https://www.liepin.com/a/75176855.shtml,20260429103936,,,,
8650,猎聘,能源/化工/环保,矿山,机械设计工程师,企业职位,某国内大型其他商务服务业公司,500-999人,,郑州,唐山,大专,3-5年,13-15k,,,,https://www.liepin.com/a/74828519.shtml,20260420141000,,,,
8651,猎聘,能源/化工/环保,矿山,机械设备工程师,企业职位,承德硕航重型机械制造有限公司,1-49人,,郑州,承德-双滦区,本科,3-5年,6-10k,,,,https://www.liepin.com/job/1979468053.shtml,20260114151904,,,,
8652,猎聘,能源/化工/环保,矿山,安全副矿长 ,企业职位,某知名公司,,,郑州,张家口,大专,10年以上,30-35k,,,,https://www.liepin.com/a/74098561.shtml,20260331174449,,,,
8653,猎聘,能源/化工/环保,矿山,大客户经理KA,企业职位,河北伊联智能科技有限公司,50-99人,,郑州,石家庄,统招本科,3-5年,6-16k·14薪,,,,https://www.liepin.com/job/1982300269.shtml,20260507103755,,,,
8654,猎聘,能源/化工/环保,矿山,选厂安全主管,企业职位,华澳矿业,500-999人,,郑州,张家口-张北县,本科,5-10年,14-16k,,,,https://www.liepin.com/job/1980582235.shtml,20260303103442,,,,
8655,猎聘,能源/化工/环保,矿山,产品经理,企业职位,华铸科技集团数字技术有限公司,50-99人,,郑州,雄安新区-容城县,本科,5年以上,13-17k·13薪,,,,https://www.liepin.com/job/1980368589.shtml,20260224161050,,,,
8656,猎聘,能源/化工/环保,矿山,测量工程师,企业职位,北京华夏建龙矿业科技有限公司,2000-5000人,,郑州,秦皇岛-昌黎县,统招本科,5年以上,8-10k,,,,https://www.liepin.com/job/1972464647.shtml,20250218084637,,,,
8657,猎聘,能源/化工/环保,矿山,造价工程师,企业职位,北京华夏建龙矿业科技有限公司,2000-5000人,,郑州,秦皇岛-昌黎县,统招本科,3年以上,8-9k,,,,https://www.liepin.com/job/1972464337.shtml,20250218083821,,,,
8658,猎聘,能源/化工/环保,矿山,机械结构工程师,企业职位,河北运得机械制造有限公司,1-49人,,郑州,石家庄-藁城区,大专,1-3年,6-12k,,,,https://www.liepin.com/job/1979669269.shtml,20260109165458,,,,
8659,猎聘,能源/化工/环保,矿山,大客户销售经理,企业职位,河北伊联智能科技有限公司,50-99人,,郑州,石家庄,本科,经验不限,10-15k,,,,https://www.liepin.com/job/1978041733.shtml,20251028095131,,,,
8660,猎聘,能源/化工/环保,矿山,智能设备处处长,企业职位,北京华夏建龙矿业科技有限公司,2000-5000人,,郑州,秦皇岛-昌黎县,统招本科,5年以上,10-12k,,,,https://www.liepin.com/job/1972464395.shtml,20250218084055,,,,
8661,猎聘,能源/化工/环保,矿山,安全培训讲师,企业职位,河北湛源安全技术服务有限公司,1-49人,,郑州,承德,本科,10年以上,8-12k,,,,https://www.liepin.com/job/1967096217.shtml,20240521135051,,,,
8662,猎聘,能源/化工/环保,矿山,地质工程师,企业职位,河北鑫达矿业集团有限公司,50-99人,,郑州,唐山-迁安,大专,3-5年,10-15k,,,,https://www.liepin.com/job/1976437777.shtml,20250812173029,,,,
8663,猎聘,能源/化工/环保,矿山,销售工程师,企业职位,河北伊联智能科技有限公司,50-99人,,郑州,石家庄,大专,经验不限,7-12k,,,,https://www.liepin.com/job/1977909557.shtml,20251021161755,,,,
8664,猎聘,能源/化工/环保,矿山,采矿工程师,企业职位,青龙满族自治县天兴矿业有限公司,100-499人,,郑州,唐山-迁安,本科,5-10年,15-30k·18薪,,,,https://www.liepin.com/job/1974128075.shtml,20250603104242,,,,
8665,猎聘,能源/化工/环保,矿山,采矿工程师,企业职位,承德市展超矿业有限公司,1-49人,,郑州,承德-兴隆县,大专,10年以上,15-20k,,,,https://www.liepin.com/job/1967041047.shtml,20240518105238,,,,
8666,猎聘,能源/化工/环保,矿山,测量工程师,企业职位,承德市展超矿业有限公司,1-49人,,郑州,承德-兴隆县,大专,10年以上,12-15k,,,,https://www.liepin.com/job/1967041155.shtml,20240518105919,,,,
8667,猎聘,能源/化工/环保,矿山,河北保定项目部技术管理人员,企业职位,中国葛洲坝集团生态环境工程有限公司,500-999人,,郑州,保定,大专,5-10年,5-10k,,,,https://www.liepin.com/job/1939773323.shtml,20220329180450,,,,
8668,猎聘,能源/化工/环保,矿山,嵌入式软硬件工程师,企业职位,中信重工开诚智能装备有限公司,100-499人,,郑州,唐山-路北区,本科,1-3年,6-8k,,,,https://www.liepin.com/job/1935469751.shtml,20210127141620,,,,
8669,猎聘,能源/化工/环保,矿山,市场总监/市场经理,企业职位,亿利生态修复股份有限公司,5000-10000人,,郑州,张家口,本科,10年以上,10-20k,,,,https://www.liepin.com/job/1925902597.shtml,20200422135804,,,,
8670,猎聘,能源/化工/环保,矿山,总工程师,企业职位,易县益阳花岗岩开采有限公司,1-49人,,郑州,保定,本科,10年以上,10-15k,,,,https://www.liepin.com/job/1931013653.shtml,20200821111452,,,,
8671,猎聘,能源/化工/环保,矿山,岩土工程师,企业职位,中勘公司,100-499人,,郑州,保定-竞秀区,本科,3年以上,8-15k,,,,https://www.liepin.com/job/1983263943.shtml,20260609082341,,,,
8672,猎聘,能源/化工/环保,矿山,边坡研究设计岗,企业职位,中勘公司,100-499人,,郑州,保定-竞秀区,本科,3年以上,8-15k,,,,https://www.liepin.com/job/1983263857.shtml,20260609081739,,,,
8673,猎聘,能源/化工/环保,矿山,电气工程师,企业职位,北京华夏建龙矿业科技有限公司,2000-5000人,,郑州,秦皇岛-昌黎县,本科,5-10年,15-20k,,,,https://www.liepin.com/job/1983254827.shtml,20260608190537,,,,
8674,猎聘,能源/化工/环保,矿山,井建造价工程师,企业职位,北京华夏建龙矿业科技有限公司,2000-5000人,,郑州,秦皇岛-昌黎县,本科,10年以上,15-22k,,,,https://www.liepin.com/job/1983254731.shtml,20260608190530,,,,
8675,猎聘,能源/化工/环保,矿山,选厂技术工程师,企业职位,神美科技有限公司,100-499人,,郑州,承德-平泉,大专,1-3年,7-10k,,,,https://www.liepin.com/job/1983248695.shtml,20260608153505,,,,
8676,猎聘,能源/化工/环保,矿山,生产副总工程师,企业职位,某国内大型矿产开采公司,500-999人,,郑州,张家口-张北县,大专,5-10年,18-23k,,,,https://www.liepin.com/a/76537509.shtml,20260608162836,,,,
8677,猎聘,能源/化工/环保,矿山,生产副总师,企业职位,某知名公司,5000-10000人,,郑州,张家口,大专,经验不限,18-25k·14薪,,,,https://www.liepin.com/a/76532293.shtml,20260609160206,,,,
8678,猎聘,能源/化工/环保,矿山,助理生产工程师（选矿）,企业职位,某西安其他商务服务业公司,,,郑州,张家口,学历不限,经验不限,10-14k,,,,https://www.liepin.com/a/74993649.shtml,20260423152413,,,,
8679,猎聘,能源/化工/环保,矿山,重卡/充电桩大客户销售经理,企业职位,科华数据股份有限公司,5000-10000人,,郑州,石家庄-桥西区,大专,1-3年,15-20k,,,,https://www.liepin.com/job/1982351185.shtml,20260508145202,,,,
8680,猎聘,能源/化工/环保,矿山,矿业设备质量总监,企业职位,某国内机械/设备公司,100-499人,,郑州,唐山,本科,经验不限,20-25k,,,,https://www.liepin.com/a/75304123.shtml,20260609090311,,,,
8681,猎聘,能源/化工/环保,矿山,销售经理（重卡）,企业职位,科华数据股份有限公司,5000-10000人,,郑州,石家庄-桥西区,本科,3-5年,15-30k·13薪,,,,https://www.liepin.com/job/1972238279.shtml,20260609083013,,,,
8682,猎聘,能源/化工/环保,矿山,粮食及快消品业务团队负责人/团队长,企业职位,某国内批发/零售公司,,,郑州,石家庄,本科,10年以上,60-90k,,,,https://www.liepin.com/a/75586567.shtml,20260608162016,,,,
8683,猎聘,能源/化工/环保,矿山,采矿工程师,企业职位,某国内人力资源服务公司,50-99人,,郑州,承德,学历不限,1-3年,12-20k,,,,https://www.liepin.com/a/73656469.shtml,20260327090756,,,,
8684,猎聘,能源/化工/环保,矿山,生产经理/总工（井下 铁矿）,企业职位,某广州人力资源服务公司,50-99人,,郑州,唐山,大专,10年以上,15-20k,,,,https://www.liepin.com/a/74487131.shtml,20260410114705,,,,
8685,猎聘,能源/化工/环保,矿山,助理生产工程师（选矿）,企业职位,某西安其他商务服务业公司,,,郑州,张家口,学历不限,经验不限,10-14k,,,,https://www.liepin.com/a/74754727.shtml,20260417102340,,,,
8686,猎聘,能源/化工/环保,矿山,爆破工程师,企业职位,某西安人力资源服务公司,100-499人,,郑州,石家庄,大专,5-10年,18-19k,,,,https://www.liepin.com/a/73269745.shtml,20260608100546,,,,
8687,猎聘,能源/化工/环保,矿山,安全副矿长,企业职位,某西安其他商务服务业公司,,,郑州,张家口,学历不限,经验不限,30-35k,,,,https://www.liepin.com/a/74377183.shtml,20260408133859,,,,
8688,猎聘,能源/化工/环保,矿山,选厂安全主管,企业职位,某西安其他商务服务业公司,,,郑州,张家口,统招本科,3-5年,14-15k,,,,https://www.liepin.com/a/75309807.shtml,20260506163730,,,,
8689,猎聘,能源/化工/环保,矿山,技术经理,企业职位,某西安其他商务服务业公司,,,郑州,唐山,学历不限,经验不限,19-20k,,,,https://www.liepin.com/a/75177829.shtml,20260429105208,,,,
8690,猎聘,能源/化工/环保,矿山,中级测量工程师,企业职位,某国内人力资源服务公司,50-99人,,郑州,张家口,大专,3-5年,14-16k,,,,https://www.liepin.com/a/73170143.shtml,20260605112915,,,,
8691,猎聘,能源/化工/环保,矿山,选矿工艺工程师,企业职位,某国内机械/设备公司,100-499人,,郑州,唐山,大专,3-5年,15-25k,,,,https://www.liepin.com/a/73725457.shtml,20260323133902,,,,
8692,猎聘,能源/化工/环保,矿山,财务总监（年薪50-80万）,企业职位,某国内大型金属制品公司,500-999人,,郑州,邯郸,统招本科,10年以上,50-70k,,,,https://www.liepin.com/a/76121361.shtml,20260527154808,,,,
8693,猎聘,能源/化工/环保,矿山,生产副矿长,企业职位,某国内咨询服务公司,50-99人,,郑州,保定,大专,5-10年,20-21k,,,,https://www.liepin.com/a/73786807.shtml,20260609090211,,,,
8694,猎聘,能源/化工/环保,矿山,爆破工程师,企业职位,某国内大型矿产开采公司,500-999人,,郑州,张家口-张北县,大专,3-5年,12-17k,,,,https://www.liepin.com/a/73565871.shtml,20260608140607,,,,
8695,猎聘,能源/化工/环保,矿山,测量工程师,企业职位,华澳矿业,500-999人,,郑州,张家口-张北县,大专,3年以上,9-13k,,,,https://www.liepin.com/job/1980935933.shtml,20260607094023,,,,
8696,猎聘,能源/化工/环保,矿山,注册安全工程师,企业职位,某广州人力资源服务公司,50-99人,,郑州,秦皇岛,学历不限,3-5年,15-16k,,,,https://www.liepin.com/a/76191381.shtml,20260529100131,,,,
8697,猎聘,能源/化工/环保,矿山,财务总监,企业职位,某国内大型金属制品公司,500-999人,,郑州,邯郸,本科,5-10年,40-70k,,,,https://www.liepin.com/a/76488283.shtml,20260606215500,,,,
8698,猎聘,能源/化工/环保,矿山, 中级采矿工程师（单间）,企业职位,某国内专业服务公司,50-99人,,郑州,唐山,大专,10年以上,20-21k,,,,https://www.liepin.com/a/75474249.shtml,20260608105400,,,,
8699,猎聘,能源/化工/环保,矿山,选矿工程师,企业职位,某北京化工公司,,,郑州,承德,大专,1-3年,9-14k,,,,https://www.liepin.com/a/76430103.shtml,20260605093023,,,,
8700,猎聘,能源/化工/环保,矿山,机械工程师,企业职位,某国内机械/设备公司,100-499人,,郑州,唐山-玉田县,本科,3年以上,10-15k·13薪,,,,https://www.liepin.com/a/76463215.shtml,20260605154050,,,,
8701,猎聘,能源/化工/环保,矿山,电气自动化设备技术总工（电液智能系统）,企业职位,某国内机械/设备公司,100-499人,,郑州,唐山-玉田县,本科,10年以上,25-40k,,,,https://www.liepin.com/a/73023833.shtml,20260605143503,,,,
8702,猎聘,能源/化工/环保,矿山,机械工程师,企业职位,河北冠能石油机械制造有限公司,100-499人,,郑州,唐山-玉田县,本科,3年以上,10-18k,,,,https://www.liepin.com/job/1979984323.shtml,20260411085353,,,,
8703,猎聘,能源/化工/环保,矿山,结构工程师,企业职位,莱奥斯科技,50-99人,,郑州,石家庄-裕华区,统招本科,经验不限,6-8k,,,,https://www.liepin.com/job/1979002871.shtml,20260604165642,,,,
8704,猎聘,能源/化工/环保,矿山,中级采矿工程师,企业职位,某国内人力资源服务公司,50-99人,,郑州,唐山,大专,5-10年,17-20k,,,,https://www.liepin.com/a/75331455.shtml,20260609185126,,,,
8705,猎聘,能源/化工/环保,矿山,东北换电解决方案销售 (MJ040890),企业职位,时代骐骥新能源科技(深圳)有限公司,100-499人,,郑州,石家庄-长安区,大专,3年以上,15-25k·15薪,,,,https://www.liepin.com/job/1979022881.shtml,20251209154826,,,,
8706,猎聘,能源/化工/环保,矿山,招投标专员,企业职位,丰临建设(河北)有限公司,50-99人,,郑州,邢台,大专,3-5年,4-7k,,,,https://www.liepin.com/job/1981074833.shtml,20260319112341,,,,
8707,猎聘,能源/化工/环保,矿山,选矿工程师,企业职位,某北京化工公司,,,郑州,承德,统招本科,5-10年,8-10k,,,,https://www.liepin.com/a/76422351.shtml,20260605081809,,,,
8708,猎聘,能源/化工/环保,矿山,海外营销总监,企业职位,石泵泵业,100-499人,,郑州,石家庄-元氏县,本科,10年以上,60-90k,,,,https://www.liepin.com/job/1978825729.shtml,20260608084500,,,,
8709,猎聘,能源/化工/环保,矿山,地质技术员,企业职位,某国内人力资源服务公司,50-99人,,郑州,承德,学历不限,5-10年,11-12k,,,,https://www.liepin.com/a/74894895.shtml,20260605155548,,,,
8710,猎聘,能源/化工/环保,矿山,二建矿业,企业职位,某国内专业服务公司,50-99人,,郑州,承德,学历不限,1-3年,18-20k,,,,https://www.liepin.com/a/76019673.shtml,20260605165733,,,,
8711,猎聘,能源/化工/环保,矿山,技术副总,企业职位,某国内仪器仪表公司,50-99人,,郑州,唐山,大专,5-10年,15-25k,,,,https://www.liepin.com/a/75950261.shtml,20260522133810,,,,
8712,猎聘,能源/化工/环保,矿山,总经理助理,企业职位,湖北京兰水泥集团有限公司,2000-5000人,,郑州,保定-易县,本科,3年以上,8-11k,,,,https://www.liepin.com/job/1982105669.shtml,20260427101322,,,,
8713,猎聘,能源/化工/环保,矿山,测量工程师 五险 月休8天！！！,企业职位,某国内人力资源服务公司,50-99人,,郑州,承德,大专,3-5年,10-15k,,,,https://www.liepin.com/a/76443227.shtml,20260608103121,,,,
8714,猎聘,能源/化工/环保,矿山,实验室化验员,企业职位,中铁资源集团勘察设计有限公司,100-499人,,郑州,廊坊-广阳区,本科,5-10年,8-12k,,,,https://www.liepin.com/job/1982874879.shtml,20260526150241,,,,
8715,猎聘,能源/化工/环保,矿山,人事部主管-需要英语口语,企业职位,华澳矿业,500-999人,,郑州,张家口-张北县,本科,8年以上,10-15k,,,,https://www.liepin.com/job/1980818523.shtml,20260331094038,,,,
8716,猎聘,能源/化工/环保,矿山,注册安全工程师,企业职位,某西安其他商务服务业公司,,,郑州,唐山,学历不限,经验不限,15-18k,,,,https://www.liepin.com/a/74939415.shtml,20260422143633,,,,
8717,猎聘,能源/化工/环保,矿山,消防工程师,企业职位,安赛乐米塔尔津西新材料(唐山)有限公司,100-499人,,郑州,唐山-迁西县,本科,5年以上,6-9k,,,,https://www.liepin.com/job/1979556443.shtml,20260312152614,,,,
8718,猎聘,能源/化工/环保,矿山,采购员,企业职位,华澳矿业,500-999人,,郑州,张家口-张北县,本科,3年以上,6-8k,,,,https://www.liepin.com/job/1982220545.shtml,20260430115743,,,,
8719,猎聘,能源/化工/环保,矿山,助理生产工程师,企业职位,华澳矿业,500-999人,,郑州,张家口-张北县,统招本科,3-5年,9-14k,,,,https://www.liepin.com/job/1981704063.shtml,20260430133146,,,,
8720,猎聘,能源/化工/环保,矿山,销售工程师（钢铁客户，base唐山）,企业职位,深圳盈泰利华技术有限责任公司,100-499人,,郑州,唐山-路南区,统招本科,经验不限,5-9k,,,,https://www.liepin.com/job/1982451921.shtml,20260515115729,,,,
8721,猎聘,能源/化工/环保,矿山,选厂助理生产工程师（充填）,企业职位,华澳矿业,500-999人,,郑州,张家口-张北县,本科,3-5年,10-15k,,,,https://www.liepin.com/job/1982147353.shtml,20260428112926,,,,
8722,猎聘,能源/化工/环保,矿山,助理生产工程师,企业职位,某西安其他商务服务业公司,,,郑州,张家口,本科,经验不限,10-14k,,,,https://www.liepin.com/a/74663925.shtml,20260415113351,,,,
8723,猎聘,能源/化工/环保,矿山,勘探地质师,企业职位,华澳矿业,500-999人,,郑州,张家口-张北县,本科,3-5年,8-10k,,,,https://www.liepin.com/job/1981444297.shtml,20260402101638,,,,
8724,猎聘,能源/化工/环保,矿山,岩心采样工,企业职位,华澳矿业,500-999人,,郑州,张家口-张北县,学历不限,经验不限,4-6k,,,,https://www.liepin.com/job/1982220359.shtml,20260430115333,,,,
8725,猎聘,能源/化工/环保,矿山,外联部经理,企业职位,湖北京兰水泥集团有限公司,2000-5000人,,郑州,保定-易县,本科,5-10年,6-8k,,,,https://www.liepin.com/job/1979162659.shtml,20251216092922,,,,
8726,猎聘,能源/化工/环保,矿山,采矿工程师,企业职位,中铁资源集团勘察设计有限公司,100-499人,,郑州,廊坊-广阳区,统招本科,5-10年,20-22k,,,,https://www.liepin.com/job/1982865041.shtml,20260526114728,,,,
8727,猎聘,能源/化工/环保,矿山,现场检测员统招专科及以上住宿五险出差,企业职位,河北正信达安技术服务有限公司,50-99人,,郑州,石家庄-裕华区,大专,经验不限,4-9k,,,,https://www.liepin.com/job/1982647997.shtml,20260519105033,,,,
8728,猎聘,能源/化工/环保,矿山,注册安全工程师（五险，管吃住）,企业职位,某国内人力资源服务公司,50-99人,,郑州,邢台,学历不限,10年以上,14-15k,,,,https://www.liepin.com/a/74058917.shtml,20260511171321,,,,
8729,猎聘,能源/化工/环保,矿山,安全经理（五险，管吃住）,企业职位,某国内人力资源服务公司,50-99人,,郑州,唐山,学历不限,5-10年,14-15k,,,,https://www.liepin.com/a/73985585.shtml,20260511171321,,,,
8730,猎聘,能源/化工/环保,矿山,井下生产安全官,企业职位,华澳矿业,500-999人,,郑州,张家口-张北县,大专,5-10年,12-14k,,,,https://www.liepin.com/job/1980576039.shtml,20260303090523,,,,
8731,猎聘,能源/化工/环保,矿山,外贸业务员,企业职位,某国内大型贸易进出口公司,500-999人,,郑州,石家庄-裕华区,大专,3-5年,10-15k,,,,https://www.liepin.com/a/74133819.shtml,20260415093433,,,,
8732,猎聘,能源/化工/环保,矿山,销售经理,企业职位,河北核品工程设计有限公司,,,郑州,石家庄-裕华区,本科,经验不限,7-12k,,,,https://www.liepin.com/job/1957956701.shtml,20250422210506,,,,
8733,猎聘,能源/化工/环保,矿山,外贸业务员,企业职位,河北铸泓科技有限公司,1-49人,,郑州,唐山-路北区,统招本科,经验不限,6-8k,,,,https://www.liepin.com/job/1955588769.shtml,20240202144739,,,,
8734,猎聘,能源/化工/环保,矿山,俄语业务员,企业职位,河北铸泓科技有限公司,1-49人,,郑州,唐山-路北区,统招本科,经验不限,8-10k,,,,https://www.liepin.com/job/1955462151.shtml,20240202144739,,,,
8735,猎聘,能源/化工/环保,矿山,矿业公司首席执行官CEO/总经理,企业职位,河北奥威实业集团有限公司,1000-2000人,,郑州,保定-涞源县,本科,5-10年,30-50k,,,,https://www.liepin.com/job/1978627807.shtml,20260515111940,,,,
