序号,招聘平台,岗位类型一级,岗位类型二级,岗位名称,岗位类型企业/公务员/事业单位/军队文职,公司名称,公司规模,所在省份,城市,详细地址,薪资,学历,工作经验,发布日期,福利标签,工作内容,任职要求,技能标签,公司行业,岗位链接
1,猎聘,能源/化工/环保,矿物加工,运营主管,企业,某北京知名上市公司,1000-2000人,北京市,北京,北京,10-15k·18薪,本科,5-10年,20260523171819,18薪,"：
作为集团生产运营调度的核心骨干，您将负责集团总部与子公司之间的生产协同与指挥，确保全链条的高效运转：
​生产计划统筹：​​ 根据集团年度经营目标，组织编制并审核子公司（矿山、选厂、冶炼厂）的月度、周度生产作业计划，确保计划的可行性与科学性。
​运营调度指挥：​​ 负责集团日常生产的统一调度指挥，监控各子公司的生产进度、设备运行及物料平衡，及时协调解决生产过程中的“卡脖子”问题。
​现场管理与督导：​​ 定期深入一线（采选冶现场），检查生产规范执行情况，排查安全隐患，推动精益生产（Lean Production），确保生产合规与安全。
​数据统计分析：​​ 收集、汇总并分析生产数据（产量、能耗、回收率、成本等），编制运营分析报告，为集团管理层提供决策支持。
​跨部门协同：​​ 协调集团内部技术、设备、安环等部门资源，保障原辅料供应与生产物流畅通，优化资源配置效率。
​应急事件处理：​​ 建立并完善生产突发事件应急预案，在生产出现异常（如设备故障、工艺波动）时，第一时间介入并指导现场处理。","​教育背景：​​ ​统招本科及以上学历，矿物加工工程、采矿工程、冶金工程、化学工程等相关专业。
​工作经验：​​
具有5年以上采选冶一线生产管理经验​（必须），熟悉矿山开采、选矿或火法/湿法冶炼的完整工艺流程。
有大型矿业集团总部运营管理经验，或熟悉铯、铷等稀有金属生产特性者优先考虑。
​专业技能：​​
精通生产调度管理流程，能够熟练运用ERP、MES等生产管理系统。
具备极强的现场问题解决能力，对生产数据敏感，逻辑分析能力强。
​综合素质：​​ 具备优秀的沟通协调能力、抗压能力及领导力，能够适应偶尔的出差及不定时工作制。
 查看全部",JavaScript / 沟通协调 / CSS / Java / React / PMP / Go / HTML / jQuery / UG / AI,专业技术服务,https://www.liepin.com/a/75863339.shtml
2,猎聘,能源/化工/环保,矿物加工,氟化工全产业链技术主管,企业,三通控股有限公司,100-499人,北京-海淀区,北京-海淀区,北京-海淀区,18-30k,大专,2年以上,20260608093622,技能培训,"：
1. 负责萤石选矿、浮选、提纯全流程管控，优化生产工艺与药剂配比，保障萤石精粉产品品质与产能达标，及时解决现场生产技术难题。
2. 统筹萤石精粉深加工衔接工作，对接下游氟化工生产线，把控原料转运、预处理等环节工艺标准。
3. 负责制冷剂、无水氟化氢生产线的工艺巡检、参数调试、流程优化，落实安全生产与环保规范。
4. 主导电子级氟化液、六氟磷酸锂等高端含氟产品的工艺管理、质量管控、试验改进，跟踪产品量产及技术迭代。
5. 编制生产操作规程、技术报表、工艺方案，梳理产业链技术资料，配合完成设备调试、技改项目、成本管控及降本增效工作。
6. 落实行业安全、环保、质量相关法规要求，开展一线技术指导、人员技能培训，配合完成产品检测、异常问题追溯处理。","1. 学历专业：大专及以上学历，矿物加工、化学工程、应用化学、精细化工、材料工程等相关专业优先。
2. 从业经验：熟悉萤石选矿、萤石精粉加工工艺，精通下游氟化工产业链，掌握制冷剂、无水氟化氢、电子级氟化液、六氟磷酸锂任一或多类产品生产工艺、技术原理及质量标准；具备 2 年及以上相关行业一线技术、工艺或生产管理经验，资深从业者、有全产业链从业经历者优先。
3. 专业能力：熟练掌握萤石浮选、选矿提纯核心技术，了解氟化工反应原理、设备运行逻辑；能独立排查生产故障、优化工艺流程，看懂工艺图纸，熟练使用办公软件。
4. 素养要求：严格遵守化工行业安全操作规程，具备较强的责任心、执行力与团队协作能力；能适应生产一线工作，抗压能力强，认同行业发展理念。
5. 优先条件：持有化工安全、选矿、化验等相关职业证书；有高端电子氟材料、锂电级六氟磷酸锂、电子级氟化液项目实操经验者优先
 查看全部",CSS / React / PMP / Go / HTML / jQuery / UG / AI,其他金融,https://www.liepin.com/job/1983230151.shtml
3,猎聘,能源/化工/环保,矿物加工,选矿专业技术工程师(机械方向·大型选矿设备选型),企业,某知名公司,5000-10000人,北京市,北京,北京,40-50k,统招本科,3-5年,20260610090301,18薪 / 13薪 / 14薪 / 15薪,"1.对标设计院工艺专业，负责矿山选矿厂大型机械设备设计选型、设备布置、配套机械设计。
2.完成破碎、磨矿、浮选、浓密机、压滤机、皮带输送、给料机等大型选矿设备选型、参数核算、性能比选。
3.对接选矿工艺专业，落实设备安装条件、荷载、基础、预埋件、检修空间，输出设备表、安装图、机械配套图纸。
4.参与设备招标、技术规格书编制、设备厂家技术对接，把控设备技术参数、供货范围。
5.配合施工、调试阶段设备安装、试运行技术支持，解决设备选型、安装、调试机械类问题。","1.本科及以上，机械设计制造、矿山机械、矿物加工工程相关专业;设计院设备/工艺专业背景优先。
2.3年及以上大型选矿设备选型、机械配套设计经验，熟悉主流选矿设备厂家及型号参数。
3.懂选矿工艺流程，可根据工艺要求匹配设备，熟悉设备安装、荷载、振动特性。
4.熟练使用CAD，能独立完成设备选型、布置、技术核算，可对接设备厂家。
5.可接受项目驻场、出差，适配EPC项目全周期技术服务。
 查看全部",JavaScript / CSS / Java / 英语 / React / CAD / PMP / Go / HTML / jQuery / UG / AI,批发/零售,https://www.liepin.com/a/75909635.shtml
4,猎聘,能源/化工/环保,矿物加工,选矿工程师,企业,某北京矿产开采上市公司,1000-2000人,北京市,北京,北京,20-30k·18薪,硕士,5年以上,20260529100515,16薪 / 18薪 / 五险一金 / 15薪 / 五险 / 14薪,"从事选矿技术管理及工艺流程优化，提高回收率。
1.对集团所属选厂进行技术、方案、指标分析，管理和控制生产指标；
2.编制选矿技术方案；
3.解决选矿中出现的技术问题","1.学历要求：本科及以上学历； 
2.专业要求 矿物加工工程专业；
3.技能要求：熟悉选矿工艺流程；熟练使用CAD软件； 4.取得
 查看全部",JavaScript / CSS / Java / 熟悉选矿工艺流程；熟练使用CAD软件； / React / CAD / PMP / Go / HTML / jQuery / UG / AI / 4.取得,专业技术服务,https://www.liepin.com/a/76191755.shtml
5,猎聘,能源/化工/环保,矿物加工,选矿工程师（技术工程师）,企业,某知名公司,100-499人,北京-西城区,北京-西城区,北京-西城区,30-60k,硕士,5-10年,20260610092940,16薪 / 13薪 / 18薪 / 15薪,"矿物加工相关专业，硕士学历（985高校优先），6-8年研究院所工作经验，中级或副高级职称，具有国内外多个有色金属矿选矿研究项目经验，熟悉铜铅锌硫金等有色金属矿选矿，担任过项目负责人，有多项论文、专利、科技奖等研究成果，具有自主研发能力，能够独立撰写项目立项报告、研究报告、评价报告等，能够阅研英文技术报告。
 查看全部","2. 如您应聘的岗位属于涉外劳务合作/海外岗位的，请务必核实招聘方对外劳务合作资质取得情况，同时注意自身资金安全，防范招聘欺诈。
 3. 本平台招聘方不向求职者提供任何收费服务。
 查看全部
 相关推荐
 展开
 北京选矿工程师招聘
 北京选矿助剂工程师招聘
 北京探矿工程高级工程师招聘
 北京海外选矿工艺工程师招聘
 北京选矿厂工程师招聘
 北京选矿工程师助理招聘
 北京锂矿选矿工程师招聘
 北京选矿药剂工程师招聘
 北京矿山开发工程师招聘
 北京选矿厂生产经理招聘
 北京选矿工程师岗位招聘
 北京金属矿选矿工程师招聘
 北京洗选矿班长招聘
 北京锰矿工程师招聘
 北京选冶工程师招聘
 北京选矿车间主管招聘
 北京水力工程师招聘
 北京砂石工艺工程师招聘
 北京选煤设计工程师招聘
 北京矿山技术工程师招聘
 北京化工实验室工程师招聘
 北京选矿设计招聘
 北京洗选矿矿长招聘
 北京选矿专家招聘
 北京选矿设计师招聘
 北京选矿主管招聘
 北京通防工程师招聘
 北京选矿厂经理招聘
 北京技术科招聘
 北京矿物选矿实验员招聘
 相关公司
 北京隆融天达科技有限公司
 北京亿安可迅科技有限公司
 成都欧盛腾企业管理有限公司
 北京市朝阳区江达爱心养老院
 北京久威科技有限公司
 北京金达海利国际贸易有限公司
 北京进化私募基金管理有限公司
 北京臻果优悦商贸有限公司
 北京京世博管理顾问有限公司
 递蓝科
 北京华宇万维科技发展有限公司
 北京华诚奥博钢结构有限公司
 中投中财基金管理有限公司
 北京万合世融建筑工程有限公司
 北京一诺至诚营销咨询有限公司
 热门城市
 北京招聘网
 上海招聘网
 广州招聘网
 厦门招聘网
 杭州招聘网
 郑州招聘网
 南京招聘网
 天津招聘网
 重庆招聘网
 成都招聘网
 苏州招聘网
 商丘招聘网
 大连招聘网
 济南招聘网
 宁波招聘网
 无锡招聘网
 青岛招聘网
 沈阳招聘网
 台州招聘网
 西安招聘网
 武汉招聘网
 周边城市
 石家庄找工作
 保定找工作
 张家口找工作
 承德找工作
 沧州找工作
 唐山找工作
 廊坊找工作
 衡水找工作
 秦皇岛找工作
 邯郸找工作
 雄安新区找工作
 邢台找工作
 北京招聘网
 >
 北京选矿工程师招聘
 >
 选矿工程师（技术工程师）招聘
 收藏职位
 立即沟通
 更新时间：2026-06-10",JavaScript / CSS / Java / 英语 / React / PMP / Go / HTML / jQuery / UG / AI,批发/零售,https://www.liepin.com/a/74486063.shtml
6,猎聘,能源/化工/环保,矿物加工,【金属矿】选矿工程师,企业,某国内矿产开采上市公司,10000人以上,北京市,北京,北京,20-40k,本科,3-5年,20260610092844,16薪 / 18薪 / 13薪 / 15薪 / 14薪,"：
1、负责选矿工艺参数跟踪确定，指导现场调整工艺技术指标；
2、定期培训现场操作工，不断提高员工操作技能； 
3、监督现场工艺参数执行情况，做好工艺参数统计及分析；
4、做好金属平衡及流程考察等工作；
5、组织选矿工艺技术改造和工艺流程小改小革； 
6、负责收集、整理和归档选矿、质计等方面的图纸、资料等。","1、矿物加工等相关专业本科及以上学历；
2、熟悉浮选重选磁选等选矿工作原理；
3、专业知识扎实，动手能力强，具备问题解决能力；
4、熟悉日常办公软件，能准确出具数据报表；
5、具备一定的承压能力，能适应偏远矿区的工作生活，吃苦耐劳，责任心强，团队合作能力强；
6、有复杂难选矿攻关和生产经历的选矿技术人员优先考虑。
 查看全部",JavaScript / CSS / Java / React / CAD / PMP / Go / HTML / jQuery / UG / AI,矿产开采,https://www.liepin.com/a/73711355.shtml
7,猎聘,能源/化工/环保,矿物加工,电解工程师（外海）,企业,福建中爆企业管理服务有限公司,/,北京-丰台区,北京-丰台区,北京-丰台区,15-20k·13薪,大专,5-10年,20260601144734,管理规范 / 发展空间大 / 年终奖金 / 带薪年假 / 18薪 / 领导好 / 年终奖 / 五险一金 / 交通补助 / 海外保险 / 13薪 / 15薪 / 公司规模大 / 五险 / 生日礼物 / 14薪 / 提供住宿,"招聘岗位：电解工程师（高温）
地点：（金矿）
薪资：1.5～2.0万 税后 13薪
福利待遇：管吃住+1个月假期+每年报销2次机票+晋升并调整薪资待遇+生日礼物+劳保用品
学历：大专全日制及以上优先
专业：冶金工程/电化学/化学工程/矿物加工等相关专业
职称: 中级职称
年龄：50岁以内","1.有5年以上金矿冶炼解析电解一线+技术管理经验，精通高温高压解析+氰化/氯化电解工艺
2.具备独立解决99.99%+高纯金精炼技术难题的成功案例；熟悉高温电解槽设计、热管理与腐蚀防护，能处理高温工况异常
3. 熟练操作ICP、高精度整流器、解析柱、电解槽等设备； 掌握CAD绘图，能编制工艺流程图、设备维护手册；具备工艺建模、参数优化、数据分析能力
4. 能适应矿山高温、密闭、含氰化物作业环境，责任心强、抗压、团队协作，具备安全与环保意识
 查看全部",CSS / React / CAD / PMP / 数据分析 / Go / HTML / jQuery / UG / AI,咨询服务,https://www.liepin.com/job/1981996755.shtml
8,猎聘,能源/化工/环保,矿物加工,矿山竖井建设项目总,企业,某北京矿产开采上市公司,5000-10000人,北京市,北京,北京,50-80k,统招本科,10年以上,20260413161342,18薪 / 13薪 / 15薪 / 团队建设 / 14薪,"一、项目总体管理
负责矿山建设项目整体规划与实施管理，包括地下矿竖井工程、新建选矿厂以及现有选厂扩建工程。
制定项目总体实施计划、关键里程碑及执行策略，并监督各阶段工作按计划推进。
统筹工程建设全过程管理，包括可行性研究、初步设计、详细设计、施工建设、设备安装、试车及竣工验收。
二、工程建设管理
负责地下矿竖井工程建设的技术与施工管理，包括井筒施工、提升系统及相关配套设施建设。
负责新建选矿厂建设及尾矿库项目的全过程管理，包括 EPC/EPCM 模式下的工程管理与协调。
负责现有选矿厂扩建项目的规划、施工组织及与生产系统的衔接协调。
确保工程建设符合国际矿山工程标准和公司技术规范。
三、进度、成本与质量控制
建立完善的项目管理体系，对项目进度、预算、质量及风险进行全面管控。
组织制定并审核项目预算和投资计划，确保项目在批准的投资范围内实施。
监控工程施工进度，协调资源，解决施工过程中出现的技术及管理问题。
建立质量控制体系，确保工程建设符合设计标准及行业规范。
四、安全与风险管理
建立并落实矿山建设项目的安全管理体系。
确保施工现场严格执行安全生产标准及当地法规。
对工程建设中的技术风险、施工风险及运营风险进行识别与控制。
五、招投标与合同管理
组织或参与 EPC/EPCM 总承包单位及主要施工单位的招标与评标工作。
负责工程合同管理，包括合同谈判、执行监督及变更管理。
协调设计单位、施工单位、设备供应商及监理单位之间的合作关系。
六、团队建设与管理
建立并领导项目工程管理团队，包括工程、施工、设备、成本及安全等专业人员。
明确团队职责分工，建立高效的项目管理机制。
指导和培养本地及国际团队成员，提升团队整体执行力。
七、试车与投产
组织选矿厂设备安装、调试及试车工作。
协调生产、技术及工程团队，确保项目顺利实现投产目标。
参与制定选厂达产方案并推动实施。
八、集团协调与汇报
定期向矿山总经理及集团管理层汇报项目进展。
参与集团重大项目决策及资源协调。
代表项目公司与政府机构、合作伙伴及相关利益方进行沟通协调。","采矿工程、矿物加工工程、土木工程或相关专业 本科及以上学历。
10年以上矿山建设项目经验，其中至少 5年以上大型矿山工程管理经验。
具有 地下矿建设经验（竖井优先） 以及 选矿厂建设经验，黄金选厂优先。
熟悉矿山建设项目管理流程，包括 可研、设计、EPC/EPCM、施工管理及试车投产。
具备较强的 项目规划能力、组织协调能力及团队领导能力。
熟悉矿山工程相关国际标准及项目管理体系。
英语为工作语言。
有 非洲矿山项目经验（如加纳、科特迪瓦、几内亚等）者优先。
 查看全部",JavaScript / 沟通协调 / CSS / Java / 项目管理 / 英语 / React / PMP / Go / HTML / jQuery / UG / AI,矿产开采,https://www.liepin.com/a/74573151.shtml
9,猎聘,能源/化工/环保,矿物加工,选矿工程师（英文良好）,企业,某化工公司,50-99人,北京市,北京,北京,20-40k·16薪,硕士,5年以上,20260610090540,16薪 / 18薪 / 13薪 / 15薪 / 14薪,"职责：从事选矿技术管理及工艺流程优化，提高回收率。
要求：
1、学历要求：硕士及以上学历， 矿物加工工程相关专业；
2、熟悉选矿工艺流程；熟练使用CAD软件； 
3、优先锂矿和铜矿
 查看全部","2. 如您应聘的岗位属于涉外劳务合作/海外岗位的，请务必核实招聘方对外劳务合作资质取得情况，同时注意自身资金安全，防范招聘欺诈。
 3. 本平台招聘方不向求职者提供任何收费服务。
 查看全部
 相关推荐
 展开
 北京选矿工程师招聘
 北京选矿助剂工程师招聘
 北京探矿工程高级工程师招聘
 北京海外选矿工艺工程师招聘
 北京选矿厂工程师招聘
 北京选矿工程师助理招聘
 北京锂矿选矿工程师招聘
 北京选矿药剂工程师招聘
 北京矿山开发工程师招聘
 北京选矿厂生产经理招聘
 北京选矿工程师岗位招聘
 北京金属矿选矿工程师招聘
 北京洗选矿班长招聘
 北京锰矿工程师招聘
 北京选冶工程师招聘
 北京选矿车间主管招聘
 北京水力工程师招聘
 北京砂石工艺工程师招聘
 北京选煤设计工程师招聘
 北京矿山技术工程师招聘
 北京化工实验室工程师招聘
 北京选矿设计招聘
 北京洗选矿矿长招聘
 北京选矿专家招聘
 北京选矿设计师招聘
 北京选矿主管招聘
 北京通防工程师招聘
 北京选矿厂经理招聘
 北京技术科招聘
 北京矿物选矿实验员招聘
 相关公司
 北京隆融天达科技有限公司
 北京亿安可迅科技有限公司
 成都欧盛腾企业管理有限公司
 北京市朝阳区江达爱心养老院
 北京久威科技有限公司
 北京金达海利国际贸易有限公司
 北京进化私募基金管理有限公司
 北京臻果优悦商贸有限公司
 北京京世博管理顾问有限公司
 递蓝科
 北京华宇万维科技发展有限公司
 北京华诚奥博钢结构有限公司
 中投中财基金管理有限公司
 北京万合世融建筑工程有限公司
 北京一诺至诚营销咨询有限公司
 热门城市
 北京招聘网
 上海招聘网
 广州招聘网
 厦门招聘网
 杭州招聘网
 郑州招聘网
 南京招聘网
 天津招聘网
 重庆招聘网
 成都招聘网
 苏州招聘网
 商丘招聘网
 大连招聘网
 济南招聘网
 宁波招聘网
 无锡招聘网
 青岛招聘网
 沈阳招聘网
 台州招聘网
 西安招聘网
 武汉招聘网
 周边城市
 石家庄找工作
 保定找工作
 张家口找工作
 承德找工作
 沧州找工作
 唐山找工作
 廊坊找工作
 衡水找工作
 秦皇岛找工作
 邯郸找工作
 雄安新区找工作
 邢台找工作
 北京招聘网
 >
 北京选矿工程师招聘
 >
 选矿工程师（英文良好）招聘
 收藏职位
 立即沟通
 更新时间：2026-06-10",JavaScript / CSS / Java / React / CAD / PMP / Go / HTML / jQuery / UG / AI,新能源,https://www.liepin.com/a/75849373.shtml
10,猎聘,能源/化工/环保,矿物加工,选矿经理-国际技术服务部,企业,某知名公司,/,北京市,北京,北京,50-80k,统招本科,10年以上,20260610090506,绩效奖金 / 年度绩效 / 团队建设 / 期权 / 股权激励,"1. 选矿建厂全流程管控
对接设计院完成选矿方案评审、图纸审核；统筹选矿设备选型、技术评标、采购监造；跟进现场施工，管控项目质量、进度与安全。
 2. 投产生产与工艺成本管控
统筹选矿日常生产，跟踪处理量、回收率、精矿品位等核心指标；持续优化工艺流程、药剂制度，管控水电、药剂、备品单耗，压降选矿生产成本。
 3. 技术攻关与新工艺落地
针对回收率异常、精矿杂质超标等生产难题专项攻关；调研行业新技术、新药剂，择优落地应用。
 4. 属地团队建设
搭建中外混合选矿班组，落地SOP、安全及实操培训，推进现场属地化管理。
 5. 跨部门协同汇报
联动采矿、地质、销售协同对接；按月向国际事业部VP提交生产与技术报表。
 三、","1. 学历&经验：选矿/矿物加工本科及以上，8年+选矿从业经历，3年以上选矿厂技术/生产负责人履历，完整经历选矿厂从设计、采购到投产落地全周期；
2. 专业能力：精通金银铜铅锌浮选/重选/氰化/CIL等工艺，熟悉磨浮、浓缩、过滤等主力设备选型调试；
3. 语言&其他：英语流利可工作交流，熟练CAD；有海外矿山经历、选矿模拟软件使用经验优先，适配海外出差。
 四、工作&汇报
常驻北京总部，按需赴海外矿区驻场；汇报：国际事业部VP
 五、薪酬
基本年薪+年度绩效奖金+长期股权激励（期权/RSU）
 查看全部",JavaScript / CSS / Java / 英语 / React / CAD / PMP / Go / HTML / 熟练CAD；有海外矿山经历 / 适配海外出差。 / jQuery / UG / AI,/,https://www.liepin.com/a/76512487.shtml
11,猎聘,能源/化工/环保,矿物加工,销售经理,企业,某深圳知名公司,500-999人,北京市,北京,北京,17-25k,统招本科,3-5年,20260608204038,/,"一、销售拓展与客户维护
1.聚焦金属矿山领域采矿、选矿机电设备产品需求，对接矿山企业、工程总包方、主机厂等目标客户，完成新客户开发、老客户维系工作（产品以电机、变频器+电机的传动系统、人工智能+传动系统的智能化系统为主）
2.跟进销售全流程，包括客户询盘、现场踏勘、商务洽谈、报价议价、合同签订，推动订单落地，按时完成部门下达的销售业绩、回款指标
3.定期走访金属矿山客户现场，了解客户使用反馈、设备运维痛点，收集行业竞品信息、市场动态，及时调整销售策略，挖掘二次合作与增量需求
二、商务统筹与管理执行
1.负责销售订单的全流程商务管控，核对订单信息、跟进产品备货、发货、技术、售后等部门，保障订单准时交付
2.规范商务流程，做好合同归档、账款核对、发票管理、回款跟踪等工作，把控商务风险，确保各项业务合规推进
3.整理销售数据、客户档案、商务报表，定期复盘销售进度与商务环节问题，优化商务协作效率，提升客户服务体验
4.配合团队完成商务投标、资质报备、项目对接等专项工作，协助处理客户售后商务诉求，维护良好的客情关系","一、核心背景要求
1.本科及以上学历，矿山工程、机械工程、机电一体化、矿物加工等相关专业优先；
2.需具备矿山产品相关技术背景，金属矿山行业经验优先；熟悉金属矿山开采、选别流程、常用设备性能，对矿山工况特点熟知者优先录用；
3.3年及以上销售、商务相关工作经验，有矿山设备、矿山备件、矿山耗材销售/商务经验者加分。
二、能力素质要求
1.具备良好的商务谈判、沟通表达能力，逻辑清晰，执行力强，能独立对接客户、处理商务事宜
2.熟悉销售全流程与商务管理规范，能熟练使用Office办公软件、CRM系统、ERP系统，擅长数据整理与报表制作
3.具备较强的客户服务意识、抗压能力和团队协作精神，责任心强，做事严谨细致
4.能适应矿山行业出差需求，持有C1及以上驾照。
 查看全部",JavaScript / CSS / Java / React / PMP / Go / HTML / jQuery / UG / AI,智能硬件/消费电子,https://www.liepin.com/a/76549547.shtml
12,猎聘,能源/化工/环保,矿物加工,选矿技术运营总监,企业,某国内石化公司,100-499人,北京市,北京,北京,25-35k·15薪,统招本科,10年以上,20260609091017,16薪 / 18薪 / 13薪 / 15薪 / 团队建设 / 14薪,"岗位核心要求：有色金属选矿技术出身+选厂整体运营管理经验
1、建立、健全各选厂运营管理体系、制度和流程，并宣贯、执行、监督、检查；
2、按公司中、长期发展规划，规划实施年、季、月度目标任务，完成各项经营指标；
3、主持召开工作沟通协调会议，分析、解决生产经营中存在的问题，制定有效方案，并组织实施；
4、配合公司内外有关部门工作，维护客情关系，认真履行我方与甲方签订的协议，保障公司利益；
5、组织开展团队建设，搭建人才梯队，提升员工能力素质、业务水平及作风纪律；
6、合理规划部门费用预算，严格管控部门费用支出；
7、公司及领导交办的其他工作。","1、年龄：40岁至50岁。
2、学历与专业：选矿、矿物加工等专业，本科及以上学历。
3、基本要求：具有现代化工厂经营管理理念和实操经验，熟悉计划管理、人机料法环生产要素。
4、工作经验：10年以上选矿厂中高层管理经验。
5、核心能力：优秀的团队管理能力、判断决策能力、计划管控能力、沟通协调能力。
6、其他：熟悉合同管理，擅长公文写作，能进行高效的对外关系联络与维护。
 查看全部",JavaScript / 沟通协调 / CSS / Java / 项目管理 / 能进行高效的对外关系联络与维护。 / 团队管理 / React / CAD / PMP / jQuery / Go / HTML / 熟悉合同管理 / 擅长公文写作,石化,https://www.liepin.com/a/76202547.shtml
13,猎聘,能源/化工/环保,矿物加工,选矿工程师,企业,北京华隆控股集团有限公司,2000-5000人,北京-丰台区,北京-丰台区,北京-丰台区,15-20k,大专,5年以上,20260515105312,年终奖金 / 节日礼物 / 18薪 / 年终奖 / 五险一金 / 13薪 / 五险 / 定期体检 / 法定节假日 / 提供住宿,"：
1.设计、优化选矿工艺流程，解决生产技术问题；
2.监控生产指标，调整操作参数，确保稳定运行；
3.进行矿石可选性试验，为新工艺，新药剂应用提供依据；
4.参与技改、扩能等项目方案制定与实施，跟踪行业先进技术；
5.流程优化，控制生产成本，保证精矿质量和回收率；
6.落实安全与环保措施，管理尾矿和废水；
7.推动持续改进的文化，鼓励团队不断寻求生产流程和工艺的优化机会；
8.完成上级交办的其他各项工作。","1.大专及以上学历；
2.矿物加工、选矿相关领域的专业背景；
3.5年及以上选矿相关工作经验；
4.熟练掌握 Excel、Word等办公软件；
5.持有中级工程师。
 查看全部",CSS / React / PMP / Go / HTML / jQuery / UG / AI / Excel,矿产开采,https://www.liepin.com/job/1982563001.shtml
14,猎聘,能源/化工/环保,矿物加工,选矿专业技术工程师（选矿工艺&机械设备方向）,企业,某知名公司,5000-10000人,北京市,北京,北京,30-40k·15薪,本科,5-10年,20260609182703,13薪 / 15薪,"负责矿山选矿厂 EPC 项目选矿工艺设计，完成选矿厂总体布置、工艺流程方案、破碎 — 磨矿 — 浮选 / 磁选 / 重选 — 脱水全流程工艺设计。
确定选矿生产规模、工艺流程、药剂制度、设备选型、车间布置、矿浆管道、尾矿输送等工艺方案。
输出工艺流程图、车间布置图、设备表、工艺说明，对接结构、建筑、机械专业，落实设备荷载、布置条件。
参与项目可研、初设、施工图、招投标技术文件编制，配合现场调试、投产技术支持。
优化选矿工艺，提升回收率、处理量，解决选矿生产工艺技术问题。","本科及以上，矿物加工工程、选矿工程专业；设计院 / 矿山设计单位背景优先。
3 年及以上矿山选矿厂工艺设计经验，熟悉金属矿 / 非金属矿选矿全流程工艺，有 EPC 项目经验优先。
熟练使用 CAD 绘制工艺图纸，懂选矿设备选型、车间布置、工艺计算。
熟悉选矿行业规范，具备独立完成选矿厂工艺设计能力。
可接受项目驻场、出差，配合现场调试及技术服务。
 查看全部",JavaScript / CSS / Java / 英语 / React / CAD / PMP / Go / HTML / jQuery / UG / AI,批发/零售,https://www.liepin.com/a/75943957.shtml
15,猎聘,能源/化工/环保,矿物加工,销售经理-选矿,企业,某国内石化公司,100-499人,北京市,北京,北京,15-25k·20薪,学历不限,5-10年,20260609091017,18薪 / 13薪 / 14薪 / 15薪,"：
1、进行区域市场客户调研、市场开发、推进项目及回款跟踪工作；
2、熟悉国内有色金属矿山选厂，负责大型矿山的信息收集及市场信息分析以及拓展工作；
3、完成上级领导交办的其他工作。","1、30-50，大专及以上学历，矿物加工、化工等相关专业背景；
2、5年以上相关岗位技术或销售经验；
3、选矿工程师愿意转技术型销售的也可；
4、熟悉相关矿山的浮选工艺，了解矿山化学品应用；
5、具备较好的职业素养及敬业精神，较强的商务沟通能力；
6、能接受出差任务。
 查看全部",JavaScript / CSS / Java / React / CAD / PMP / Go / HTML / jQuery / UG / AI,石化,https://www.liepin.com/a/73053945.shtml
16,猎聘,能源/化工/环保,矿物加工,选矿工程师,企业,某北京专业技术服务上市公司,1000-2000人,北京市,北京,北京,30-50k,统招本科,10年以上,20260610165400,16薪 / 18薪 / 15薪,"""从事选矿技术管理及工艺流程优化，提高回收率。

1.对集团所属选厂进行技术、方案、指标分析，管理和控制生产指标；
2.编制选矿技术方案；
3.解决选矿中出现的技术问题""
 查看全部",/,JavaScript / CSS / Java / 熟悉选矿工艺流程；熟练使用CAD软件； / 英语 / React / CAD / PMP / Go / HTML / jQuery / UG / AI,专业技术服务,https://www.liepin.com/a/74945011.shtml
17,猎聘,能源/化工/环保,矿物加工,选矿工程师（加拿大）,企业,某北京矿产开采上市公司,1000-2000人,北京市,北京,北京,25-50k,本科,10年以上,20260607120234,18薪 / 16薪 / 13薪 / 14薪,"：
1、对集团所属选厂进行技术、方案、指标分析，管理和控制生产指标；
2、编制选矿技术方案；
3、解决选矿中出现的技术问题。","1、学历：硕士及以上学历优先，本硕专业一致；
2、专业：矿物加工工程专业；
3、技能：熟悉选矿工艺流程，熟练使用 CAD 软件；
4、职称与经验：取得高级工程师及以上相关专业职称，10 年以上工作经验；
5、年龄：优先35-50岁；
6、优先方向：锂矿、铜矿相关经验优先。
7、语言：英语四级及以上，能日常交流；
 查看全部",JavaScript / CSS / Java / 英语 / React / CAD / PMP / Go / HTML / jQuery / UG / AI / 英语四级,专业技术服务,https://www.liepin.com/a/75867897.shtml
18,猎聘,能源/化工/环保,矿物加工,选矿技术员,企业,某知名公司,100-499人,北京市,北京,北京,20-40k,大专,3-5年,20260325150959,18薪 / 13薪 / 14薪 / 15薪,"1、负责选矿工艺参数跟踪确定，指导现场调整工艺技术指标；
2、定期培训现场操作工，不断提高员工操作技能； 
3、监督现场工艺参数执行情况，做好工艺参数统计及分析；
4、做好金属平衡及流程考察等工作；
5、组织选矿工艺技术改造和工艺流程小改小革； 
6、负责收集、整理和归档选矿、质计等方面的图纸、资料等。","1、30岁以下，矿物加工等相关专业大专及以上学历；
2、熟悉浮选重选磁选等选矿工作原理；
3、专业知识扎实，动手能力强，具备问题解决能力；
4、熟悉日常办公软件，能准确出具数据报表；
5、具备一定的承压能力，能适应偏远矿区的工作生活，吃苦耐劳，责任心强，团队合作能力强；
6、有复杂难选矿攻关和生产经历的选矿技术人员优先考虑。
 查看全部",JavaScript / CSS / Java / React / PMP / Go / HTML / jQuery / UG / AI,贸易/进出口,https://www.liepin.com/a/73877391.shtml
19,猎聘,能源/化工/环保,矿物加工,【英语】选矿工程师/专家,企业,某国内矿产开采上市公司,10000人以上,北京市,北京,北京,30-60k,统招本科,5-10年,20260610092844,16薪 / 13薪 / 18薪 / 15薪,"1. 负责选矿工艺流程设计、优化及技术方案制定，解决现场工艺难题。
2. 参与选矿厂建设项目，完成工艺参数确定、设备选型及布置图设计。","3. 编制工艺操作规范、调试方案及生产报表，指导现场生产操作。
4. 与海外技术团队对接，参与英文技术会议，编写中英文技术文档。
5. 跟踪生产数据，分析回收率及成本，提出工艺改进措施。
6. 协助完成项目技术评审、科技立项及现场人员技术培训。
 查看全部",JavaScript / CSS / Java / 英语 / 能接受全球轮换或长期驻外（津巴布韦 / React / CAD / PMP / Go / HTML / 加拿大等）；具备较强的问题分析与解决能力。 / jQuery / UG / AI,矿产开采,https://www.liepin.com/a/74521161.shtml
20,猎聘,能源/化工/环保,矿物加工,生产运营管理（矿）,企业,某知名公司,50-99人,北京市,北京,北京,30-40k,统招本科,3-5年,20260507125101,16薪 / 13薪 / 14薪 / 15薪,"与责任：（最少5项，最多10项）
1. 标准制定
制定运营计划、数据管理和报告的标准、工作流程和模板。
负责建立和维护集中式运营数据库和资料库，确保数据的可用性、准确性、完整性和标准化。
与各利益相关方协调，推进数据管理标准化和可靠的数据流转。
2. 运营计划
牵头制定年度、季度和月度计划，确保符合组织目标和计划标准，同时考虑预算、预测和历史数据。
与各部门协作，收集意见和反馈，以完善和优化运营计划及报告工作。
3. 数据管理、数据分析与报告
收集、整理和整合运营数据及项目进展情况。
开展运营数据分析，跟踪计划执行进度，突出偏差、趋势和规律，并识别改进机会。解读数据，向利益相关方展示研究发现和洞察。
按照公司要求编制运营绩效报告和仪表板。
运用数据分析评估运营绩效，识别差距并提出改进建议。
4. 直线经理交办的其他任务。","、经验与能力:
 学历要求： 采矿、冶金、矿物加工或相关专业学士学位
- 持有其他证书和资质者优先
经验要求：3年以上国际矿业公司工作经验
- 扎实的运营数据管理和分析经验
- 具备现场规模的运营计划和报告经验
- 具有数据库管理系统经验者优先
知识要求（深入掌握）：矿物加工知识及露天采矿基础知识
- 精通数据汇编、整理、分析、报告编制和演示
- 熟悉矿业行业运营关键绩效指标（KPI）
- 熟悉现场级运营计划和报告架构 
技能要求“”熟练使用微软Office办公软件，精通Excel和PowerPoint
- 强大的数据分析能力，能够解读复杂数据集并得出有意义的洞察
- 出色的沟通和演示能力，优秀的可视化技能 
 查看全部",JavaScript / CSS / Java / 英语 / React / PMP / 数据分析 / Go / HTML / jQuery / UG / AI / Excel,房地产开发经营,https://www.liepin.com/a/75347695.shtml
21,猎聘,能源/化工/环保,矿物加工,固废处理工程师,企业,中洋时瑞(北京)国际贸易有限公司,1-49人,北京-通州区,北京-通州区,北京-通州区,15-25k,统招本科,5年以上,20260129092822,16薪 / 13薪 / 14薪,"- 负责固废（包括非煤矿山尾矿、矿渣、尾泥等）的资源化利用技术研发与应用推广； 
- 参与尾矿、尾泥等废弃物的分选、提纯及再生利用工艺设计与优化； 
- 开展废弃物综合利用项目的可行性研究与技术评估，推动环保技术落地；
- 协助制定环保技术方案，确保符合国家及地方环保政策与标准。","- 环境工程、矿物加工、材料科学、选矿专业或相关专业本科及以上学历； 
 - 具备固废处理、尾矿资源化等相关经验者优先；
 - 熟悉废弃物资源化利用流程及环保政策法规，具备一定的科研能力；
 - 具备良好的数据分析能力和沟通协调能力，有团队合作精神。
 查看全部",沟通协调 / CSS / React / PMP / 数据分析 / Go / HTML / jQuery / UG / AI,批发/零售,https://www.liepin.com/job/1980030861.shtml
22,猎聘,能源/化工/环保,矿物加工,选矿工程师,企业,某北京矿产开采上市公司,5000-10000人,北京市,北京,北京,20-30k·16薪,学历不限,5-10年,20260508155413,发展空间大 / 16薪 / 年终奖金 / 18薪 / 年终奖 / 五险一金 / 13薪 / 公司规模大 / 五险 / 14薪,"：
• 负责黄金冶炼全流程管控，确保冶炼产品质量达标、销售工作有序推进。
• 牵头负责重选（尼尔森重选）及强化浸出工序的生产组织、流程把控，规范作业标准，保障工序高效、安全运行。
• 熟悉各类核心设备，包括振动筛、尼尔森重选设备、强化浸出设备、摇床、电积槽、熔炼炉等，负责跟踪所有相关设备的运行状态，排查运行隐患，协调推进设备的日常维护、定期检修工作。
• 负责设备配件、冶炼耗材的全面管理，包括采购计划提报、库存管控、领用登记等，确保配件及耗材供应充足，满足生产及设备维护需求。
• 重点保障重选、强化浸出工序设备的正常运转，提升设备运转率，杜绝因设备问题影响生产进度，及时处理设备运行及工序生产中的突发问题。
• 严格遵守安全生产规章制度，规范操作流程，防范冶炼、设备操作过程中的安全风险，落实安全生产责任。","• 学历要求：大专及以上学历，冶金工程、矿物加工工程、黄金冶炼等相关专业优先，具备扎实的专业理论基础。
• 经验要求：具备氰化浸出金选厂相关炼金工作经验，熟悉解析-电积、尼尔森重选、强化浸出、摇床分选等工艺者优先录用。
• 技能要求：熟练掌握振动筛、尼尔森重选设备、强化浸出设备、摇床、电积槽、熔炼炉等核心设备的工作原理、操作规范及维护技巧，能独立处理设备及生产过程中的常见问题。
• 职业素养：责任心强、严谨细致，具备良好的沟通协调能力和团队协作精神，能吃苦耐劳，服从厂内管理安排，坚守安全生产底线。
• 外语要求：具备较熟练的读写能力及基本的口语交流能力。
• 其他：身体健康，无职业禁忌证，能适应选厂生产岗位工作节奏。
 查看全部",JavaScript / 沟通协调 / 身体健康 / Java / CSS / 操作规范及维护技巧 / 电积槽 / 熟练掌握振动筛 / React / UG / PMP / jQuery / Go / HTML / 无职业禁忌证,矿产开采,https://www.liepin.com/a/75420003.shtml
23,猎聘,能源/化工/环保,矿物加工,选矿业务运营负责人,企业,庆云科宏,1-49人,北京-朝阳区,北京-朝阳区,北京-朝阳区,25-50k,大专,8年以上,20260405185619,16薪 / 年终奖金 / 带薪年假 / 餐费补贴 / 18薪 / 年终奖 / 住房补贴 / 五险一金 / 13薪 / 通讯津贴 / 五险,"1. 全面负责选矿 / 浮选厂运营管理
统筹选矿厂生产组织、工艺落地、设备管理、人员配置、成本管控，保障浮选等选矿工艺稳定运行、产能达标、指标优。
2. 合规与政策把控
熟悉并落地选矿厂相关安全生产、环保、土地、能耗、行业准入、矿山及选矿相关法规政策，建立全流程合规管理体系，规避政策与行政风险。
3. 财务与成本管控
负责选矿厂预算制定、成本核算、费用管控、营收与利润管理，熟悉工业制造 / 选矿行业财务逻辑，提升项目盈利能力。
4. 安全与环境管理
主导安全管理体系建设、隐患排查、应急预案、环保设施运维、危废 / 固废 / 废水合规处置，确保安全零事故、环保达标排放。
5. 项目尽调与投资风控
独立或牵头开展选矿厂 / 浮选厂项目尽职调查，覆盖工艺可行性、合规性、资产状况、财务数据、法律风险、运营成本等；对投资项目进行研判、测算、风险评估与投资把关，出具专业尽调及风控意见。
6. 业务体系搭建与标准化
搭建公司选矿运营业务标准流程（SOP）、管理制度、风控体系，为外部运营、新项目拓展提供管理与技术支撑。
7. 跨部门与外部协同
对接政府监管部门（应急、生态环境、自然资源、工信等）、合作方、业主方，维护良好外部关系。
二、","1. 大专及以上学历，矿物加工工程、采矿工程、冶金、化工等相关专业优先。
2. 8 年以上选矿厂 / 浮选厂一线运营 + 管理经验，担任过选矿厂厂长、运营总监、生产总经理等核心管理岗位优先。
3. 精通浮选工艺及选矿厂全流程运营，熟悉设备、生产、工艺优化、成本管控。
4. 深度熟悉选矿行业安全、环保、法规政策、行业监管要求，具备成熟的合规管理经验。
5. 具备独立项目尽调、投资研判、风险控制能力，有选矿厂收并购、运营、项目投资尽调实操经验优先。
6. 懂工厂财务逻辑：成本核算、预算管理、投入产出测算、投资回报分析。
7. 极强的统筹、决策、风险意识与抗压能力，能适应项目现场工作。
8. 无重大安全、环保、责任事故记录。
 查看全部",CSS / 项目管理 / React / PMP / Go / HTML / jQuery / UG / AI,科技推广服务,https://www.liepin.com/job/1981512545.shtml
24,猎聘,能源/化工/环保,矿物加工,锡矿顾问,企业,北京美德其所文化传媒有限公司,100-499人,北京-朝阳区,北京-朝阳区,北京-朝阳区,20-50k,本科,10年以上,20260602123325,18薪 / 14薪,"1. 负责锡矿项目从勘探、可行性研究到建设落地的全周期规划与技术支持，编制矿山开发利用方案、采选设计等核心文件
2. 主导矿山生产建设规划，包括开采方案设计、选矿工艺路线确定、设备选型及产能爬坡计划制定
3. 统筹矿山建设期的技术管理、施工监督与进度把控，确保项目按期投产并达产达标
4. 负责锡矿资源评估与储量管理，建立地质数据库，指导探矿增储工作
5. 制定矿山安全生产标准化体系，统筹环保合规与绿色矿山建设方案
协调设计院、施工单位、设备供应商及政府监管部门，推动项目关键节点落地
6. 为矿山数字化/智能化转型提供技术顾问支持，推进智慧矿山建设
二、","1. 地质、采矿、矿物加工、冶金等相关专业本科及以上学历，硕士或高级工程师职称优先
2. 8年以上锡矿或有色金属矿山从业经验，其中至少3年担任矿山技术管理或项目负责人职务
3. 精通锡矿成矿规律、开采技术及选矿工艺，熟悉云锡、华锡等国内主要锡矿生产标准者优先
4. 具备完整的矿山规划建设落地经验：至少主导或深度参与过1个矿山从设计到投产的全过程
5. 熟练使用AutoCAD、Surpac/Minesight、MapGIS等矿山专业软件，具备数字化矿山建设视野
6. 熟悉国家矿山安全法规、环保政策及行业规范，持有注册采矿工程师等资格证书优先
7. 具备优秀的跨部门协调能力和项目推动力，能适应矿山现场工作及短期出差
 查看全部",CSS / 项目管理 / React / CAD / PMP / AutoCAD / Go / HTML / jQuery / UG / AI,医疗机构,https://www.liepin.com/job/1983064925.shtml
25,猎聘,能源/化工/环保,矿物加工,（选矿药剂）销售总监,企业,某北京化工公司,/,北京市,北京,北京,50-80k,统招本科,10年以上,20260610101256,/,"：
1.负责结合市场趋势与公司产品优势，制定公司中长期发展战略，制定年度销售目标与区域拓展计划，确保整体销售额、毛利率等核心指标达成；
2.负责动态跟踪市场竞争态势（如竞品价格、产品迭代、客户合作模式），及时调整销售策略，解决销售过程中的关键问题，保障销售业务稳定增长；
3.负责建立核心客户长效维护机制，定期走访客户，了解客户生产需求、产品使用反馈，协调公司研发、生产部门提供定制化解决方案，提升客户满意度与复购率；
4.负责拓展新市场与新客户群体，挖掘潜在需求，通过行业展会、技术研讨会、合作伙伴推荐等方式扩大市场覆盖范围； 
5.负责销售团队的组建与梯队培养，制定团队及个人销售考核指标，明确业绩激励机制，通过行业技能等培训，提升团队整体销售能力；
6.负责统筹团队日常业务管理，定期组织团队会议，分析业绩差距并制定改进方案，确保团队成员目标与公司整体销售目标一致；
7.负责与技术研发部门联动，反馈市场客户对药剂性能、功能的需求，为产品迭代与新品开发提供市场依据；与生产部门对接，根据销售订单需求协调生产计划，确保产品按时交付，避免因供货问题影响客户合作；
8.负责整合公司内外部资源（如供应链、技术支持资源），为销售业务提供保障，协调公司提供样品试用、现场技术调试等支持，推动项目顺利落地。","1.本科及以上学历，矿物加工工程、市场营销、化工等相关专业优先；具有8年以上选矿药剂行业销售经验，5年以上销售团队管理经验；
2.熟悉选矿药剂市场格局、客户群体（矿山企业、选矿厂）、销售渠道，过往有丰富的独立运作成熟销售项目的业绩证明（如个人或团队年度销售额达标、核心客户开发案例）
3.具备出色的销售开拓与商务谈判能力，能独立应对大客户复杂合作场景； 
4.有团队管理实战经验，能有效制定团队目标、拆分任务、考核激励；具备较强的数据分析能力，能通过销售数据优化销售策略；
5.适应选矿行业业务特性，能接受全国范围内出差，抗压能力强；具有良好的职业素养，诚信负责，维护公司与客户的长期利益。
 查看全部",JavaScript / CSS / Java / 团队管理 / React / PMP / 数据分析 / Go / HTML / jQuery / UG / AI,化工,https://www.liepin.com/a/76390407.shtml
26,猎聘,能源/化工/环保,矿物加工,选矿主任工程师,企业,某北京矿产开采上市公司,1000-2000人,北京市,北京,北京,30-45k·18薪,硕士,10年以上,20260428104525,16薪 / 年终奖金 / 18薪 / 年终奖 / 五险一金 / 13薪 / 15薪 / 公司规模大 / 五险 / 14薪,：从事选矿技术管理及工艺流程优化，提高回收率。1.对集团所属选厂进行技术、方案、指标分析，管理和控制生产指标；2，编制选矿技术方案；3，解决选矿中出现的技术问题,"""""1、学历要求：硕士及以上学历；本硕专业一致。 2.专业要求 矿物加工工程专业；
3.技能要求：熟悉选矿工艺流程；熟练使用CAD软件； 4.取得高级工程师及以上相关专业职称，15年以上工作经验；5.年龄要求:不限""
 查看全部",JavaScript / CSS / Java / 熟悉选矿工艺流程；熟练使用CAD软件； / 英语 / React / CAD / 4.取得高级工程师及以上相关专业职称 / PMP / Go / HTML / jQuery / UG / AI,专业技术服务,https://www.liepin.com/a/74418873.shtml
27,猎聘,能源/化工/环保,矿物加工,采购助理,企业,中建材国贸,100-499人,北京-海淀区,北京-海淀区,北京-海淀区,7-10k,本科,经验不限,20260605093831,带薪年假 / 补充医疗保险 / 补充医疗 / 五险一金 / 13薪 / 周末双休 / 15薪 / 五险 / 双休 / 定期体检 / 咖啡 / 14薪,"：
1、 负责处理事业部销售经理的产品询价处理，至少国内供应商三家比价，做到保质保供情况下，选择合适的供应商为销售经理提供合适报价价格；
2、不断开发新的供应商，走访新供应商，做好公司规定的商务条款的磋商和洽谈，做好新供应商不断储备的工作；
3、 负责维护老供应商，不断优化老供应商价格体系，做到能够对产品价格体系分析拆解，深入了解从原料到成品的价格形成环节，做好成本分析和成本控制；
4、 做好供应商质量控制，对于交付货物的质量，要定期组织公司内部质检人员抽检，必要时亲自去工厂考察，亲自对产品质量进行判断，做好品控工作；
5、 有效的监督采购订单执行，监督供应商交付时间，确保订单提前或者如期交货，配合订单执行经理，协调好交货发运相关事宜；
6、做好采购订单统计工作，完成公司需要的一些采购订单报表数据提供；","1、 本科及以上学历，金属材料工程、无机非金属材料工程、材料成型及控制工程、机械设计及自动化、车辆工程、采矿工程、矿物加工工程、农业机械化及其自动化、农业工程、植物保护等专业优先考虑；
2、 可使用英语为工作语言，六级优先；
3、 有较强的抗压能力，沟通能力强；
4、具备良好的职业道德，能吃苦耐劳，诚实守信。
 查看全部",CSS / 英语 / React / PMP / Go / HTML / jQuery / UG / AI,贸易/进出口,https://www.liepin.com/job/1983177027.shtml
28,猎聘,能源/化工/环保,矿物加工,足浴服务员,企业,合肥钮派网络科技有限公司,/,陕西省,西安,西安,5-8k,大专,3-5年,20240413135747,双休 / 13薪 / 14薪 / 15薪,"店长/卖场管理职位已暂停招聘_猎聘
 该职位已暂停招聘
 投递了该职位的人还查看了
 知识图谱产品经理 10-20k
 方舆科技 不需要融资
 广州-天河区
 1-3年
 本科
 丁先生
 ·
 HRBP
 AI应用工程师 12-20k·14薪
 华为云 不需要融资
 上海-浦东新区
 3-5年
 本科
 刘先生
 ·
 招聘经理/主管
 智能化运营经理 25-40k
 某重庆新能源汽车上市公司 已上市
 重庆
 3-5年
 本科
 张女士
 ·
 高级顾问
 AI应用开发工程师（React+Node js） 12-19k
 某北京大型计算机软件公司 D轮及以上
 北京
 3-5年
 本科
 高女士
 ·
 律师助理
 工业视觉（AI）算法工程师 10-20k
 美博瑞(香河)电子信息科技有限公司 融资未公开
 深圳-宝安区
 1-3年
 统招本科
 吴先生
 ·
 招聘经理
 运营主管（育婴专业） 9-13k
 北京贝京林科技发展有限公司 融资未公开
 北京-丰台区
 3年以上
 统招本科
 肖女士
 ·
 人力资源专员
 京东店长 8-13k
 广州星榕网络科技有限公司 
 广州-白云区
 2年以上
 大专
 郑女士
 ·
 行政人事主管
 AI应用工程师 12-16k
 深圳市贯时科技有限公司 
 深圳-福田区
 3-5年
 本科
 周先生
 ·
 HRBP
 AI应用工程师 10-15k·14薪
 上海盈未自动化科技有限公司 
 上海
 经验不限
 学历不限
 杨先生
 ·
 工程师
 研发项目经理(A105232) 12-18k
 HCK哈士奇冰吧 融资未公开
 佛山-顺德区
 3-5年
 本科
 梁女士
 生产测试工程师 12-18k·15薪
 魔法原子机器人科技(无锡)有限公司 天使轮
 苏州-吴中区
 3年以上
 本科
 张女士
 ·
 HRBP
 研发项目经理 10-15k·15薪
 海康威视 已上市
 杭州-滨江区
 3-5年
 本科
 莫女士
 ·
 招聘专员
 海外增值业务工程师（备件计划方向） 15-30k
 宁德时代 已上市
 宁德-蕉城区
 3-5年
 本科
 翟女士
 车型营销总监 35-50k·15薪
 某国内整车制造上市公司 已上市
 保定
 10年以上
 统招本科
 杨先生
 ·
 运营总监
 Robot learning-Generative AI 算法工程师 50-80k·15薪
 某具身智能与机器人公司 A轮
 深圳
 经验不限
 硕士
 沈女士
 ·
 合伙人
 AI应用工程师 16-20k·13薪
 北京芯体系科技有限公司 
 北京-平谷区
 3-5年
 本科
 杨先生
 ·
 研发经理
 大客户销售 6-11k
 特比昂科技 融资未公开
 西安-经开区
 3-5年
 本科
 党女士
 ·
 招聘主管
 销售经理 8-13k
 特比昂科技 融资未公开
 北京-朝阳区
 3-5年
 本科
 易女士
 ·
 其他
 包装平面设计师 15-25k·14薪
 北京银河通用机器人有限公司 B轮
 深圳-宝安区
 2-5年
 本科
 盛先生
 ·
 招聘负责人
 知识图谱工程师 11-18k·13薪
 广东龙泉科技有限公司 战略融资
 广州
 1-3年
 本科
 覃女士
 AGV研发项目经理(J10210) 10-15k·14薪
 华睿科技 已上市
 杭州-滨江区
 1-3年
 统招本科
 刘女士
 ·
 人事
 经理 8-10k
 北京宇帆嘉园人力资源服务有限公司 
 北京-昌平区
 1-3年
 大专
 金女士
 ·
 主管
 汽车用户运营（40w年薪、行业头部） 16-30k
 某国内整车制造上市公司 已上市
 芜湖
 8年以上
 统招本科
 张女士
 ·
 猎头合伙人
 具身智能（人形机器人）业务经理 35-50k·15薪
 Horizon Robotics 已上市
 北京-海淀区
 3-5年
 统招本科
 高先生
 ·
 HR
 商业数据分析专家 18-25k
 华鼎锦纶 已上市
 金华-义乌
 3-5年
 大专
 楼女士
 ·
 人事经理
 育婴运营主管 9-12k
 北京贝京林科技发展有限公司 融资未公开
 北京-丰台区
 5-10年
 统招本科
 肖女士
 ·
 人力资源专员
 数据分析师 20-30k
 某广州广告/公关/会展公司 
 深圳
 5-10年
 统招本科
 段先生
 ·
 猎头顾问/助理
 数据分析师/双休 17-20k·13薪
 某重庆大型通信设备公司 
 重庆
 经验不限
 学历不限
 杨女士
 ·
 猎头顾问
 AI大模型应用开发工程师 15-20k
 千方科技 已上市
 北京-海淀区
 3-5年
 统招本科
 郭女士
 ·
 HRM
 SEO销售总监/大客户销售总监 15-20k
 特比昂科技 融资未公开
 北京-朝阳区
 3-5年
 统招本科
 毛女士",/,CSS / React / PMP / 算法 / 数据分析 / HTML / jQuery / UG / AI,电子/半导体/集成电路,https://www.liepin.com/job/1966227257.shtml
29,猎聘,能源/化工/环保,矿物加工,选矿工艺研发工程师,企业,中科合肥煤气化技术有限公司,50-99人,北京-海淀区,北京-海淀区,北京-海淀区,10-20k·13薪,本科,1-3年,20260527094050,外派津贴 / 年终奖金 / 带薪年假 / 绩效奖金 / 餐费补贴 / 年终奖 / 18薪 / 五险一金 / 13薪 / 加班补贴 / 公司规模大 / 五险 / 提供住宿,"：
1.负责高纯石英原矿提质预处理技术研发，开展伴生矿物分离、云母/长石除杂试验；
2.开展浮选、磁选、色选、手选等分选工艺小试，摸索并优化核心工艺参数；
3.记录整理试验数据，输出标准化选矿流程文件，配合中试线调试与验证；
4.实现原矿铝、铁等基础杂质含量显著降低，原矿有效利用率提升至行业先进水平；
5.形成稳定可复制的预选工序方案，为后续深度提纯环节提供合格原料；","1.统招本科及以上学历，矿物加工工程相关专业，选矿工程师职称优先；
2.25-40岁，2-3年非金属矿选矿研发经验，有石英与白云母、长石共生矿分离实操经验；
3.具备独立开展矿样试验、数据分析及工艺优化能力，能从源头削减杂质含量；
上班地点
 查看全部",CSS / React / PMP / 数据分析 / Go / HTML / jQuery / UG / AI,新能源,https://www.liepin.com/job/1982896873.shtml
30,猎聘,能源/化工/环保,矿物加工,选矿工程师,企业,某北京矿产开采上市公司,5000-10000人,北京市,北京,北京,25-40k·15薪,统招本科,5-10年,20260414141422,发展空间大 / 16薪 / 年终奖金 / 18薪 / 绩效奖金 / 年终奖 / 五险一金 / 13薪 / 15薪 / 公司规模大 / 五险 / 14薪,"：
1、负责矿山选矿厂的工程设计工作，涵盖可行性研究、初步设计、安全设施设计、方案设计及施工图设计；
2、参与选矿工艺流程设计、设备选型、厂区布置及水、电、尾矿等相关配套设计；
3、负责编制可研报告、初步设计文件、资源开发利用方案、安全设施设计专篇等技术文件；
4、参与施工图设计、图纸校审及技术交底，配合现场施工并解决设计实施中的技术问题；
5、负责与业主、设备厂商及相关专业的技术对接，协调解决选矿厂建设过程中涉及的专业问题。","1、本科及以上学历，矿物加工工程、选矿工程等相关专业；
2、3年以上选矿设计经验，能够独立承担高阶段设计及施工图设计工作；
3、熟悉选矿工艺流程、设备选型、厂房及辅助设施设计；
4、具有较强的项目现场配合、技术指导能力和团队协作意识；
5、熟练使用AutoCAD、Office等办公软件，掌握常用工艺计算工具；
6、有大型矿山设计院、工程咨询单位或矿山企业工作经验。 
 查看全部",JavaScript / CSS / Java / 英语 / React / CAD / PMP / AutoCAD / Go / HTML / jQuery / UG / AI,矿产开采,https://www.liepin.com/a/74617641.shtml
31,猎聘,能源/化工/环保,矿物加工,选矿工程师,企业,河南发恩德矿业有限公司,1000-2000人,北京市,北京,北京,15-25k·13薪,本科,5-10年,20260524144622,年底双薪 / 18薪 / 绩效奖金 / 包住 / 包吃包住 / 五险一金 / 交通补助 / 13薪 / 包吃 / 15薪 / 五险 / 定期体检,"：
1、参与中国区各矿区选厂的生产和技术管理，编制选矿生产的工作计划和发展规划；
2、不断完善选矿工艺，推动选矿技术创新和改进，并负责新技术的推广应用；
3、参与选厂一线工艺技术管理和技术指导，检查监督生产任务完成情况；
4、负责选矿设备的遴选和选矿的技术经济分析，对产品的销售进行监控管理；
5、制订并完善选矿技术操作规程，负责选矿工人的技术培训；
6、汇总各矿区选厂的工作报告、技术资料和生产数据，进行工作分析。","1、本科以上学历，选矿工程、矿物加工工程专业，中级以上职称；
2、5年以上相关工作经验，具备选厂或者冶炼厂现场工作经验，对尾矿库有一定经验；
3、精通金、银、铅、锌等选矿工艺技术，熟悉选矿理论技术和选矿设备、生产工艺和流程；
4、熟悉国家采选冶行业的法律法规和标准，以及相关行业的有关政策和标准；
5、具有良好的职业操守和责任心，具有良好的沟通协调能力及团队协作精神；
6、身体健康，能够适应矿区出差。
 查看全部",沟通协调 / CSS / React / PMP / Go / HTML / jQuery / UG / AI,矿产开采,https://www.liepin.com/job/1930821577.shtml
32,猎聘,能源/化工/环保,矿物加工,选矿业务技术负责人,企业,庆云科宏,1-49人,北京-顺义区,北京-顺义区,北京-顺义区,20-40k,本科,10年以上,20260422130718,16薪 / 年终奖金 / 带薪年假 / 餐费补贴 / 18薪 / 年终奖 / 住房补贴 / 五险一金 / 13薪 / 15薪 / 通讯津贴 / 五险,"职位要求：
1、参与项目的售前技术支持工作，包括现场的调研交流，技术资料的收集等，并完成项目的初步可行性分析报告等；
2、负责选厂相关药剂的试验、评价等技术支持工作，包括室内评价试验、生产性验证试验、现场调试技术指导、产品售后技术支持、技术交流培训等；
3、负责选厂相关药剂试验研究的报告编写等工作，包括整个项目过程中的基本情况、基础数据的记录分析，试验优化过程以及最终的试验结论等，编写的报告要求既有专业性又简洁易懂；
4、负责其它相关技术资料的编写工作，包括技术报告、技术方案、论文/专利等；
5、参与选厂相关药剂的研发辅助工作，能够从试验角度提出优化改进建议等；
6、配合公司其它部门完成相关的技术支持工作等。","1、矿物加工工程等相关专业硕士及以上学历，有独立实验的能力；本科具有项目经验 ；
2、熟悉选矿厂的各类药剂以及生产工艺流程，且具有相关工作经验的优先考虑；
3、具有扎实的基础理论知识，具有选矿药剂研发、试验、评价等相关工作经验的优先考虑；
4、具有较好的语言表达能力，逻辑思路清晰，工作积极进取，具备良好的沟通和汇报能力；
5、具备一定的承压能力，适应能力强，服从项目安排，能适应偏远矿区的出差，吃苦耐劳，责任心强，学习能力强。
 查看全部",CSS / 英语 / React / PMP / Go / HTML / jQuery / UG / AI,科技推广服务,https://www.liepin.com/job/1981985565.shtml
33,猎聘,能源/化工/环保,矿物加工,高纯石英研发主管/负责人,企业,中科合肥煤气化技术有限公司,50-99人,北京-海淀区,北京-海淀区,北京-海淀区,20-30k·13薪,硕士,5-10年,20260527093910,外派津贴 / 年终奖金 / 带薪年假 / 绩效奖金 / 餐费补贴 / 年终奖 / 18薪 / 五险一金 / 13薪 / 15薪 / 加班补贴 / 公司规模大 / 五险 / 14薪 / 提供住宿,"：
1.统筹高纯石英提纯整体技术路线规划，对标国内外行业最新标准，编制项目可行性研究报告核心技术章节；
2.主导矿石属性系统研判与多工艺路线比选，牵头攻克研发过程中的关键技术瓶颈；
3.设计杂质极限脱除技术方案，开展工艺参数优化与技术风险预判，保障研发方向精准性；
4.负责4N5~5N2及以上半导体级高纯石英核心工艺方案敲定，输出完整的杂质极限脱除技术路线；
5.完成项目投资技术论证，明确提纯上限与全流程成本边界，为产业化落地提供可靠技术支撑；","1.研究生及以上学历，矿物加工、无机非金属材料、高纯石英材料相关专业，高级工程师职称优先；
2.30-45岁，5年以上高纯石英提纯技术研发经验，有脉石英4N5→5N级工艺研发成功案例；
3.熟悉哈密附近类伟晶岩矿石特性，精通行业品级标准，具备独立撰写技术论证方案与成本预判能力；
 查看全部",CSS / 英语 / React / PMP / Go / HTML / jQuery / UG / AI,新能源,https://www.liepin.com/job/1982896771.shtml
34,猎聘,能源/化工/环保,矿物加工,选矿工程师,企业,某知名公司,1-49人,北京市,北京,北京,20-40k·18薪,统招本科,3-5年,20260610092855,18薪 / 13薪 / 14薪 / 15薪,"从事选矿技术管理及工艺流程优化，提高回收率。
1.对集团所属选厂进行技术、方案、指标分析，管理和控制生产指标；
2，编制选矿技术方案；
3，解决选矿中出现的技术问题。","1、学历要求：本科及以上学历。 
2.专业要求 矿物加工工程专业；
3.技能要求：熟悉选矿工艺流程；熟练使用CAD软件。 
 查看全部",JavaScript / CSS / Java / 英语 / React / CAD / PMP / Go / HTML / jQuery / UG / AI / 熟悉选矿工艺流程；熟练使用CAD软件。,人力资源服务,https://www.liepin.com/a/74319853.shtml
35,猎聘,能源/化工/环保,矿物加工,工艺设计师,企业,中国环境科学研究院环境技术工程有限公司,100-499人,北京-朝阳区,北京-朝阳区,北京-朝阳区,12-15k,硕士,8年以上,20260527145834,年终奖金 / 带薪年假 / 绩效奖金 / 节日礼物 / 餐费补贴 / 优秀员工奖 / 年终奖 / 五险一金 / 13薪 / 15薪 / 五险 / 定期体检 / 14薪,"【岗位编号】ZPGW2026-009 
【岗位名称】工艺设计师
【入职部门】固废治理与资源化中心
【招聘周期】2026.5.27-2026.6.10
【投递须知】
1.请于招聘周期内完成简历投递，招聘周期结束后，我方将统一筛选并联系符合条件的候选人；周期内私信及在线咨询暂无法逐一回复，敬请谅解。
2.每位候选人仅限投递一个岗位，若您同时投递我司多个岗位，将仅保留您第一个投递的岗位信息，其余投递均按无效投递处理，请合理选择投递岗位。
具体招聘事宜：
一、【招聘人数】 1人
二、【专业要求】
具有高级工程师专业技术职称，环境工程、化学工程、矿物加工工程、热能工程等相关专业。
三、【岗位要求】
具备8年以上矿山治理相关工作经验，熟悉固废治理行业环保政策、技术标准及工艺流程；有尾矿资源化利用项目经验者优先；具备较强的技术方案编写能力、项目管理能力及团队协作精神。
四、【","】
负责固废治理与资源化项目（煤矸石、磷石膏、赤泥、废盐、飞灰、有色金属渣等方向）的工艺方案设计、技术路线比选及工艺计算；主导矿山行业环保及固废资源化项目的技术方案编制、可行性研究及初步设计；参与科技成果转化过程中的工艺放大与工程化应用；指导助理工艺设计师开展技术工作，承担团队技术把关与人才培养职责；完成中心交办的其他技术工作。
五、【到岗时间】6月至7月
招聘截止日期2026年6月10日
招聘人数1人
 查看全部",CSS / 项目管理 / React / PMP / Go / HTML / jQuery / UG / AI,环保,https://www.liepin.com/job/1982912751.shtml
36,猎聘,能源/化工/环保,矿物加工,技术运营部总监（金矿）,企业,新疆蒙科能源科技有限公司,500-999人,北京-朝阳区,北京-朝阳区,北京-朝阳区,薪资面议,本科,10年以上,20251110111344,管理规范 / 18薪 / 扁平管理 / 五险一金 / 13薪 / 15薪 / 公司规模大 / 五险 / 团队建设 / 14薪,"1. 一体化运营管理
 统筹公司的生产与技术运营体系，确保技术规划与生产执行的高度协同；
 对项目的安全、产量、质量、成本及最终技术经济指标负全责。
2. 生产计划与执行
 依据公司战略目标，决策并批准由总工程师编制的矿山中长期采剥计划与年度、季度生产计划；
 督导生产团队严格执行，对计划的落地结果和运营效益负责。","3. 技术决策与价值转化
 决策总工程师提交的重大技术方案（如采矿设计、堆浸工艺优化、生产勘探、地质勘查等）；
 负责将技术方案高效转化为可执行的生产指令和标准操作规程，确保技术优势在现场得到充分发挥，并直接贡献于经济效益提升。
4. 跨部门协同与效能提升
 主导采矿、选矿、设备、HSE等部门的资源整合与流程优化，打通生产与技术环节的壁垒；
 主导解决重大现场运营难题，追求运营效率的持续最大化。
5. 团队建设与人才培养
 打造并直接领导总工程师、生产经理等核心团队；
 构建技术与运营深度融合、高绩效、高执行力的管理团队；
 为公司可持续发展储备和输送高级管理人才。
6. 预算控制与成本优化
 负责组织编制并严格控制技术与生产运营的年度预算；
 通过技术创新和运营优化，系统性降低吨矿成本，直接提升项目盈利能力和投资回报。
工作地点：外派到蒙古国金矿项目现场，由公司办理劳务签证。
教育背景：必须拥有采矿工程、矿物加工、地质勘探或相关专业本科及以上学历。
工作经验
 至少10年以上在露天矿山的综合管理经验，其中不少于5年在中大型金属矿山担任矿长或同等及以上的现场管理技术运营负责人等核心决策职务；拥有同时管理生产和技术团队的成功经验。
 必须具备露天采矿和金矿堆浸-浮选生产的全流程领导经验；对两者均有深刻的实战理解和丰富的现场管理经验。
 拥有成功主导技术团队并将重大技改项目从方案论证转化为运营成果的经验。
 查看全部",CSS / 项目管理 / React / PMP / Go / HTML / jQuery / UG / AI,互联网,https://www.liepin.com/job/1978333205.shtml
37,猎聘,能源/化工/环保,矿物加工,选矿专业工程师,企业,中国恩菲工程技术有限公司,2000-5000人,北京-海淀区,北京-海淀区,北京-海淀区,10-20k,统招本科,5-10年,20260610095212,管理规范 / 发展空间大 / 带薪年假 / 500强 / 餐补 / 五险一金 / 交通补助 / 13薪 / 通讯津贴 / 五险 / 定期体检 / 上市公司 / 14薪 / 午餐补助,"：
1. 进行选矿厂高阶段和施工图设计工作； 
2. 海外项目的英语资料阅读及翻译工作；
3. 和本专业、外专业及设计经理进行沟通及协调；","1. 熟悉黑色、有色金属的选矿工艺与技术；
2.矿物加工专业本科及以上学历；
3.有5年以上的选矿厂设计经验，能独立完成选矿厂高阶段及施工图设计工作；
4.有较高的英语水平，能进行英语文件的阅读及翻译工作；
5. 有较强的沟通能力和团队协助意识；
6. 身体健康，性格开朗，吃苦耐劳；
7. 能适应项目前期经常出差及长期施工服务工作；
 查看全部",CSS / 英语 / React / PMP / Go / HTML / jQuery / UG / AI,建筑/工程设计,https://www.liepin.com/job/1923165949.shtml
38,猎聘,能源/化工/环保,矿物加工,选煤工程师,企业,北京广利隆能源科技有限公司,500-999人,北京-海淀区,北京-海淀区,北京-海淀区,10-20k,本科,3-10年,20260324095734,管理规范 / 发展空间大 / 带薪年假 / 餐补 / 绩效奖金 / 领导好 / 优秀员工奖 / 五险一金 / 13薪 / 通讯津贴 / 五险 / 岗位晋升 / 午餐补助,"1、负责选煤厂生产工艺日常管控，优化洗选参数，保障精煤产率、灰分、水分等指标达标。
2、分析生产数据与工艺异常，制定并落实调试、技改及降本增效方案。
3、编制、更新工艺操作规程、作业指导书，开展现场工艺培训与技术交底。
4、整理技术资料、生产记录，配合质量追溯、验收及上级技术检查。","1、矿物加工工程、煤炭深加工等相关专业，本科及以上学历。
2、熟悉重介、浮选、压滤等主流选煤工艺及生产流程。
3、能看懂工艺图纸，熟练使用办公软件，具备基础数据统计与问题分析能力。
能适应倒班与现场工作，有选煤厂实习或工作经验优先。
 查看全部",CSS / React / PMP / Go / HTML / jQuery / UG / AI,贸易/进出口,https://www.liepin.com/job/1981178715.shtml
39,猎聘,能源/化工/环保,矿物加工,矿业生产运营副总监,企业,国城控股集团有限公司,5000-10000人,北京-丰台区,北京-丰台区,北京-丰台区,20-50k·13薪,本科,10年以上,20260316090343,13薪 / 14薪 / 15薪,"1.从集团层面统筹矿山生产运营，规划采掘、选矿、运输等核心环节，保障生产任务按时、保质、保量完成，达成产能目标。
2.管控生产成本，优化生产工艺流程，合理配置人、财、物等资源，降低能耗、耗材与人力成本，提升生产效率与经济效益。
3.负责经营计划落地、经营分析、绩效考核、管理改善及管理体系搭建工作。
4.负责生产运营数据统计、分析与上报，定期编制生产运营报告，为公司决策提供数据支撑。
5.跟踪行业技术与管理发展趋势，引入先进技术、理念及模式，推动矿山生产运营标准化、规范化、智能化升级。","1.具备金属矿山相关从业经验。
2.有矿山矿长、运营经理、副总工程师及以上职务任职经历者优先。
3.本科及以上学历，采矿工程、矿物加工工程、地质工程等矿山相关专业优先。
 查看全部",CSS / React / PMP / Go / HTML / jQuery / UG / AI,矿产开采,https://www.liepin.com/job/1980945237.shtml
40,猎聘,能源/化工/环保,矿物加工,总帐会计双休,企业,广州茜龙商贸有限公司,50-99人,温州-鹿城区,温州-鹿城区,温州-鹿城区,9-12k,本科,1-3年,20240323131336,16薪 / 18薪 / 13薪 / 15薪 / 双休 / 14薪,"：
1.负责供应商的账单核查及调整；
2.业务系统的优化建议及推进；
3.供应商相关业务数据的整理及比较；
4.业务部门的工作沟通及事项推进；
5.应付凭证的入账、核查、审核；
6.其他事务。","1.财务相关专业；财务相关工作经验1年以上；
2.表达力、沟通力、理解力良好；
3.有责任心、有热情，工作细致、有条不紊；有主动性。
 查看全部",JavaScript / CSS / Java / 深度学习 / React / CAD / PMP / 算法 / Go / HTML / jQuery / UG / AI,服装/纺织/皮革,https://www.liepin.com/job/1965720165.shtml
41,猎聘,能源/化工/环保,矿物加工,选矿工程师,企业,金诚信,10000人以上,北京-丰台区,北京-丰台区,北京-丰台区,15-30k,本科,5年以上,20250422131221,管理规范 / 绩效奖金 / 交通补助 / 聚餐 / 饮料 / 发展空间大 / 16薪 / 节日礼物 / 五险一金 / 13薪 / 五险 / 定期体检 / 团队聚餐 / 住房补贴 / 公司规模大 / 带薪年假 / 18薪 / 技能培训 / 15薪 / 14薪,"招聘岗位：选矿设计工程师（参考薪酬:16-30k)
职责概述：
在室主任领导下进行项目前期设计准备，编制可行性研究报告，完成选矿初步设计和施工图设计中选矿专业部分，完成图纸会签内校、编制设计总结，处理现场问题，技术交底、图纸会审，标书专业文件编制工作。
1、在设计总师和专业负责人的指导下进行项目前期准备工作，研究地质报告，配合采样设计，提出选矿试验研究要求，收集基础资料，了解采矿供矿情况，编制可行性研究报告； 
2、负责初步设计中选矿设计工作，完成设计说明书、设计图纸、设备清单及概算表选矿部分的编绘工作；
3、负责施工图设计工作，绘制厂房设备配置图、设备单体或机组安装图、金属结构件安装和制作图、配管图、输送机平面布置图； 
4、制定专业作业计划，协调专业图纸，协助做好专业间配合，完成图纸会签工作；
5、完成给选矿专业内校审工作，编制《审图记录单》； 
6、编制设计总结，完成设计文件的归档工作，专业内其他业务建设工作； 
7、处理现场专业问题，记录并汇报处理结果，做好变更单和图纸升版、工程洽商，现场交底、图纸会审工作；
8、负责参加设计确认活动和工程回访活动； 
9、负责投标方案中,投标文件中选矿专业技术标书编制工作；
10、领导交办的其他工作。","1、本科及以上学历，选矿或矿物加工工程专业 掌握金属行业选矿专业相关技术知识，熟悉采矿、矿机、水暖电等相关专业知识。 
2、5年大型设计院选矿设计工作经验，熟练使用CAD等软件 具有独立承担较复杂选矿项目的设计工作能力，能解决选矿专业范围内比较复杂的技术问题。 较系统地掌握选矿专业的基础理论知识和技术知识，熟悉选矿专业国内外现状和发展趋势。 有一定从事选矿工程技术研究、设计实践经验，能吸收、采用国内外先进技术。在提高研究、设计水平和经济效益方面取得一定成绩。 能够指导选矿专业助理工程师的工作和学习。
行业要求：全部行业
福利方面：
五险一金 带薪年假 发展空间大 公司规模大 技能培训 节日礼物 住房补贴 交通补助 国际化管理 上市公司
 查看全部",CSS / React / CAD / PMP / Go / HTML / jQuery / UG / AI,咨询服务,https://www.liepin.com/job/1974010845.shtml
42,猎聘,能源/化工/环保,矿物加工,选矿工艺设计师,企业,天津正和工程技术有限公司,50-99人,北京-海淀区,北京-海淀区,北京-海淀区,13-25k,本科,5-10年,20260128172750,13薪 / 18薪 / 15薪,": 
1、负责选矿项目的全流程统筹与工艺方案设计。 
2、提供专业的选矿技术咨询服务，输出可行性分析报告、技术方案说明书等专业文件。
3、跟踪行业内选矿工艺及设计规范的更新动态，优化采矿工艺，提高生产效率。
4、参与选矿试验研究及数据分析。
5、协助完成相关技术方案的制定与实施。","1、5年及以上矿山选矿工艺设计、选矿技改项目设计经验者优先。
2、本科及以上学历，化学工程与工艺、矿物加工工程、选矿工程、冶金工程等相关专业。
 查看全部",CSS / React / PMP / 数据分析 / Go / HTML / jQuery / UG / AI,专业技术服务,https://www.liepin.com/job/1980062009.shtml
43,猎聘,能源/化工/环保,矿物加工,高级质检、化验（矿山行业）,企业,国城控股集团有限公司,5000-10000人,北京-丰台区,北京-丰台区,北京-丰台区,15-25k·13薪,本科,5年以上,20250818164629,管理规范 / 发展空间大 / 年终奖金 / 带薪年假 / 绩效奖金 / 团队聚餐 / 节日礼物 / 年终奖 / 五险一金 / 13薪 / 15薪 / 公司规模大 / 五险 / 聚餐 / 定期体检 / 14薪,"：
1、标准制定与监督：制定矿山生产质量标准和检验规范，监督各单位质量体系运行，确保符合标准。
2、分析质量问题，组织改进措施，提升产品质量；
3、定期开展集团质量抽检（月度 / 季度），复核子公司检测数据，排查 “数据造假”“检测漏项” 等风险；
4、对接外部机构（如行业质检认证、环保监管部门），确保集团质量体系符合监管要求；​
5、协同生产技术部、销售部等，平衡 “质量管控” 与 “生产效率。","1、本科及以上，矿物加工、冶金工程、材料科学等相关专业，5 年 + 矿业质检经验（3 年 + 集团 / 区域级管控经验）；​
2、精通矿业质量检测方法（如化学分析、物理性能测试），熟悉行业标准，能操作专业检测设备；​
3、了解矿业生产全流程，具备质量问题溯源与整改方案设计能力；​
4、具备统筹协调能力、数据复盘能力，能独立推动跨部门质量改进项目。
 查看全部",CSS / React / PMP / Go / HTML / jQuery / UG / AI,矿产开采,https://www.liepin.com/job/1976568777.shtml
44,猎聘,能源/化工/环保,矿物加工,选矿工艺工程师,企业,中国港湾工程有限责任公司,10000人以上,北京市,北京,北京,20-35k,本科,5年以上,20250917082128,发展空间大 / 外派津贴 / 带薪年假 / 16薪 / 国际知名优势 / 18薪 / 餐补 / 13薪 / 五险二金 / 五险 / 14薪 / 午餐补助 / 提供住宿,"：
 1.选矿工艺设计和技术方案编制：参与选矿厂及配套服务廊道（电气、供水、精矿管道等）的工艺专业设计管理和技术方案编制，包括投标设计方案、施工组织设计、施工技术方案等的编制与审核；
2.工艺设计优化：参与工艺设计与技术方案审核，独立完成工艺设计优化报告；
3.协助解决重难点项目中的工艺技术问题；
4.完成领导交办的其他工作。","1.大学本科及以上学历，矿物加工工程、选矿工程、采矿工程或相关专业；
2.熟悉选矿厂及配套服务廊道（电气、供水、精矿管等）至少两类工艺设计流程与标准规范；
3.5年及以上矿山或选矿厂工艺设计经验，具有独立解决工艺技术问题的能力；
4.中级工程师及以上职称，年龄原则上不超过35岁，条件优秀者可适当放宽；
5.熟练使用AutoCAD、Office、WPS等办公软件，掌握专业工艺设计软件（如Metso Outotec Process Designer、矿浆流计算等）优先考虑；
6.英语6级以上，能用英语进行专业技术交流或具有海外工作经验优先；
7.为人正直，勤恳踏实，积极向上，热爱生活；
8.具备良好的团队协作意识与沟通协调能力，能接受长期驻外工作；
9.持有注册工程师（采矿、选矿方向）优先考虑。
 查看全部",沟通协调 / CSS / 英语 / React / CAD / PMP / AutoCAD / Go / HTML / jQuery / UG / AI,互联网,https://www.liepin.com/job/1977281405.shtml
45,猎聘,能源/化工/环保,矿物加工,选矿工程师,企业,北京新华联资源开发有限公司,100-499人,北京-通州区,北京-通州区,北京-通州区,10-25k,本科,5-10年,20260313093946,年终奖金 / 带薪年假 / 节日礼物 / 绩效奖金 / 年终奖 / 18薪 / 交通补助 / 13薪 / 15薪 / 通讯津贴,"：
1.负责金矿选矿工艺的设计、优化与技术改造，制定合理的选矿流程与技术参数。
2.主导选矿设备的选型、安装调试及日常运维管理，确保生产系统稳定运行。
3.跟踪选矿生产指标，分析矿石性质变化，及时调整工艺方案以提升金回收率。
4.参与选矿实验室的试验研究，为工艺优化提供数据支撑与技术依据。
制定选矿岗位的操作规程与安全规范，指导现场操作人员的技术培训。","1.本科及以上学历，矿物加工工程相关专业。
2.具有5年以上金矿选矿现场工作经验，熟悉浮选、氰化、重选等主流选矿工艺。
3.掌握选矿设备的工作原理，具备设备选型、调试及故障排查能力。
4.具备良好的数据分析能力，能独立完成选矿试验报告与工艺优化方案。
5.适应矿山现场工作环境，具备较强的责任心与团队协作精神，能适应出差。
6.有过选厂改扩建工作经验优先
 查看全部",CSS / React / PMP / 数据分析 / Go / HTML / jQuery / UG / AI,专业技术服务,https://www.liepin.com/job/1980898655.shtml
46,猎聘,能源/化工/环保,矿物加工,选矿设计工程师,企业,金诚信,10000人以上,北京市,北京,北京,16-30k,本科,3-5年,20240218134327,发展空间大 / 16薪 / 带薪年假 / 节日礼物 / 国际化管理 / 18薪 / 技能培训 / 住房补贴 / 五险一金 / 交通补助 / 13薪 / 15薪 / 公司规模大 / 五险 / 上市公司 / 14薪,"职责概述：在室主任领导下进行项目前期设计准备，编制可行性研究报告，完成选矿初步设计和施工图设计中选矿专业部分，完成图纸会签内校、编制设计总结，处理现场问题，技术交底、图纸会审，标书专业文件编制工作。
1、在设计总师和专业负责人的指导下进行项目前期准备工作，研究地质报告，配合采样设计，提出选矿试验研究要求，收集基础资料，了解采矿供矿情况，编制可行性研究报告；
2、负责初步设计中选矿设计工作，完成设计说明书、设计图纸、设备清单及概算表选矿部分的编绘工作；
3、负责施工图设计工作，绘制厂房设备配置图、设备单体或机组安装图、金属结构件安装和制作图、配管图、输送机平面布置图；
4、制定专业作业计划，协调专业图纸，协助做好专业间配合，完成图纸会签工作；
5、完成给选矿专业内校审工作，编制《审图记录单》；
6、编制设计总结，完成设计文件的归档工作，专业内其他业务建设工作；
7、处理现场专业问题，记录并汇报处理结果，做好变更单和图纸升版、工程洽商，现场交底、图纸会审工作；
8、负责参加设计确认活动和工程回访活动；
9、负责投标方案中,投标文件中选矿专业技术标书编制工作；
10、领导交办的其他工作。","本科及以上学历，选矿或矿物加工工程专业
掌握金属行业选矿专业相关技术知识，熟悉采矿、矿机、水暖电等相关专业知识。
5年大型设计院选矿设计工作经验，熟练使用CAD等软件
具有独立承担较复杂选矿项目的设计工作能力，能解决选矿专业范围内比较复杂的技术问题。
较系统地掌握选矿专业的基础理论知识和技术知识，熟悉选矿专业国内外现状和发展趋势。
有一定从事选矿工程技术研究、设计实践经验，能吸收、采用国内外先进技术。在提高研究、设计水平和经济效益方面取得一定成绩。
能够指导选矿专业助理工程师的工作和学习。
 查看全部",CSS / React / CAD / PMP / Go / HTML / jQuery / UG / AI,咨询服务,https://www.liepin.com/job/1964676597.shtml
47,猎聘,能源/化工/环保,矿物加工,销售,企业,神美科技有限公司,100-499人,北京-顺义区,北京-顺义区,北京-顺义区,6-12k,本科,3-5年,20251217152124,发展空间大 / 带薪年假 / 五险一金 / 13薪 / 五险 / 岗位晋升 / 14薪,"：
负责区域内选矿药剂产品的市场推广与销售，达成个人及团队销售目标。
深入了解客户需求，提供专业的产品咨询和技术支持，制定个性化的销售方案。
维护与现有客户的良好关系，同时积极开拓新市场，挖掘潜在客户。
收集并分析市场信息，为公司产品改进和市场策略调整提供依据。
参与行业展会、技术交流会，提升公司及产品的品牌知名度。","本科及以上学历，矿物加工、化学、等相关专业背景优先。
有熟悉新疆区域或者项目涉及过新疆区域的优先考虑。
至少3年以上矿产、化工或相关行业销售经验，有选矿药剂销售经验者更佳。
熟悉矿山行业，了解选矿流程及药剂应用，具备良好的技术背景和客户服务意识。
优秀的沟通能力、谈判能力和团队协作能力，能够承受较大的工作压力。
能够适应频繁出差。
 查看全部",CSS / React / PMP / Go / HTML / jQuery / UG / AI,石化,https://www.liepin.com/job/1971215599.shtml
48,猎聘,能源/化工/环保,矿物加工,分公司/代表处负责人,企业,旭阳集团,10000人以上,北京-丰台区,北京-丰台区,北京-丰台区,12-18k,统招本科,3-5年,20220621164134,发展空间大 / 16薪 / 年终奖金 / 带薪年假 / 年终奖 / 五险一金 / 13薪 / 15薪 / 公司规模大 / 五险 / 定期体检 / 14薪,"：
（1）协助外蒙代表处经理，处理外蒙合同签订及执行工作；；
（2）负责下煤的质量，负责查干哈达的短盘运行。","（1）学历：本科及以上学历；
（2）专业要求：煤化工、矿物加工、国际贸易等相关专业；
（3）熟悉外蒙古的焦煤行业，在外蒙合同签订、选煤、通关等方面有资源、经验；
（4）常驻外蒙古； 
（5）工作认真、负责，有上进心；具备良好地团队合作精神和团队协作能力； 
（6）适合长期出差及同意集团外派到其他省份或国外工作。
 查看全部",CSS / 英语 / React / PMP / Go / HTML / jQuery / UG / AI,石化,https://www.liepin.com/job/1950556241.shtml
49,猎聘,能源/化工/环保,矿物加工,配煤研发工程师(J11129),企业,旭阳集团,10000人以上,北京-丰台区,北京-丰台区,北京-丰台区,7-12k,统招本科,1年以下,20230506151421,发展空间大 / 年终奖金 / 带薪年假 / 18薪 / 年终奖 / 五险一金 / 13薪 / 公司规模大 / 五险 / 定期体检 / 14薪,":
1）负责煤炭技术配煤研究及实验设备管理； 
2）负责煤炭及配比数据、信息的收集、分析和处理； 
3）负责国内外先进配煤科技成果信息，行业技术发展动态等收集、分析及处理； 
4）负责公司煤炭及配煤科研项目的开发调研、论证、实施、总结，进行集团各公司项目成果鉴定及验证； 
5）负责新技术和新煤种等的推广和应用；
6）负责配煤结构、库存结构、原料煤采购计划的研究和规划； 
7）监测生产工艺变化对焦炭质量的影响，检查配煤比执行情况。","1）本科及以上学历的应届毕业生，化工、采矿、矿物加工等相关专业，参与过焦化相关课题者及有煤质检验经验者优先； 
2）具有创新思维和一定的科研能力，较强的总结、分析和文字组织能力； 
3）具有一定的英语读写和交流能力，能熟练使用常用数据分析、作图软件； 
4）工作认真、负责，有上进心；具备良好地团队合作精神和团队协作能力； 
5）适合长期出差及同意集团外派到其他省份或国外工作；
6）工作地点：邢台、定州、郓城、呼和浩特、江西宏宇。 
 查看全部",CSS / 英语 / React / PMP / 数据分析 / Go / HTML / jQuery / UG / AI,石化,https://www.liepin.com/job/1949788619.shtml
50,猎聘,能源/化工/环保,矿物加工,研发总监（年薪40+）,企业,北京建工资源循环利用股份有限公司,100-499人,北京-朝阳区,北京-朝阳区,北京-朝阳区,35-40k,硕士,5年以上,20250908164016,管理规范 / 发展空间大 / 16薪 / 带薪年假 / 餐费补贴 / 绩效奖金 / 五险一金 / 交通补助 / 远程办公 / 15薪 / 通讯津贴 / 五险 / 定期体检 / 团队建设 / 岗位晋升 / 14薪,"年薪40+
1、全面主持研发中心的各项工作，负责公司工艺研究、设备开发、产品研发、智能建造、双碳工作、技术管理和技术支持工作，管理和协调各研发项目的实施，加强研发团队建设、管理和培养。
2、负责公司内外部课题从立项到验收的全过程管理，根据研发计划，加强过程管理，督促推进研发工作有序开展，注重研发成果转化创效；
3、主持公司月度科技例会、专题会等，汇报课题研究进展、科技成果及管理情况；
4、负责组织研究课题和依托项目的沟通协调，确保课题高质量完成；
5、负责对所有科研项目实施进展、质量以及项目负责人进行考核评价及应用；
6、负责外部课题的申报、实施及管理。
7、负责公司专利申报、主参编标准、科技平台建设与维护、公司技术资质维护以及新工艺、新设备和新产品等科技成果鉴定、奖项申报等相关工作。
8、贯彻国家、地方和集团有关政策法规，制定、修订并执行公司有关的科研规章制度；负责执行总经理办公会决策；负责组建研发中心和队伍建设，通过加大培训，提升公司研发研发的研发素养、创新意识和研发能力。
9、负责公司新工艺、新设备、新产品、智能建造等方面技术调研和储备；负责提升科技成果转化和研发服务一线生产能力；负责与协会、高校及科研院所等活动和会议交流工作；负责做好行业专家维护工作。
要求：
1、研究生以上学历，环境工程、矿物加工、机械设计、产品开发等相关专业。
2、具备技术、产品开发以及管理工作5年以上工作经验。
3、高级工程师以上。
4、具备较深的理论知识、专业技术知识、管理技能和沟通协调能力。
5、创新意识强，服务生产意识强，逻辑性强，严谨有条理。
 查看全部","2. 如您应聘的岗位属于涉外劳务合作/海外岗位的，请务必核实招聘方对外劳务合作资质取得情况，同时注意自身资金安全，防范招聘欺诈。
 3. 本平台招聘方不向求职者提供任何收费服务。
 查看全部
 相关推荐
 展开
 北京仪器研发总监招聘
 北京系统研发总监招聘
 北京技术总监助理招聘
 北京组件研发总监招聘
 北京净水研发专家招聘
 北京技术交付总监招聘
 北京技术应用总监招聘
 北京美丽健康招聘
 北京工程技术部副总监招聘
 北京智能技术研究部负责人招聘
 北京机电产品研发总监招聘
 北京行业线研发总监招聘
 北京信创技术负责人招聘
 北京研发管理部总监招聘
 北京索道研发专家招聘
 北京技术发展部部长招聘
 北京技术运营高级经理招聘
 北京电机研发总工程师招聘
 北京大数据平台开发总监招聘
 北京移动端研发总监招聘
 北京科创版精密设备制造业招聘
 北京通信技术总监招聘
 北京软体研发总监招聘
 北京载板技术总监招聘
 北京网校技术总监招聘
 北京安防研发总监招聘
 北京硬件副总工程师招聘
 北京技术研究院院长招聘
 北京国际化信息总监招聘
 北京机载电源开发岗招聘
 相关公司
 天朗致达
 智谱特环境科技(北京)有限公司
 郑州富铭科技股份有限公司
 江苏中车云汇科技有限公司
 北京天河嘉业环境工程有限公司
 北京环六环环保科技有限公司
 大赫(北京)节能科技有限公司
 北京中能环科技有限公司
 包钢集团环境工程研究院
 上海世浦泰环保科技集团有限公司
 北京华清富锐环保设备有限公司
 华能国电(北京)科技有限公司
 启迪环境科技发展股份有限公司北京技术研发分公司
 上海安昆水处理设备有限公司
 上海中道源能源集团有限公司
 北京中天环能工程技术有限公司
 北京道成维优环境科技有限公司
 北京佳康尔水处理技术有限公司
 碧水源
 热门城市
 北京招聘网
 上海招聘网
 广州招聘网
 厦门招聘网
 杭州招聘网
 郑州招聘网
 南京招聘网
 天津招聘网
 重庆招聘网
 成都招聘网
 苏州招聘网
 商丘招聘网
 大连招聘网
 济南招聘网
 宁波招聘网
 无锡招聘网
 青岛招聘网
 沈阳招聘网
 台州招聘网
 西安招聘网
 武汉招聘网
 热门招聘
 北京招聘信息
 上海招聘信息
 广州招聘信息
 厦门招聘信息
 杭州招聘信息
 郑州招聘信息
 南京招聘信息
 天津招聘信息
 重庆招聘信息
 成都招聘信息
 苏州招聘信息
 商丘招聘信息
 大连招聘信息
 济南招聘信息
 宁波招聘信息
 无锡招聘信息
 青岛招聘信息
 沈阳招聘信息
 台州招聘信息
 西安招聘信息
 武汉招聘信息
 北京招聘网
 >
 北京技术/研发总监招聘
 >
 研发总监（年薪40+）招聘
 收藏职位
 立即沟通
 更新时间：2026-06-01",沟通协调 / CSS / React / PMP / Go / HTML / jQuery / UG / AI,环保,https://www.liepin.com/job/1973820657.shtml
51,猎聘,能源/化工/环保,矿物加工,焦煤技术经理(J11137),企业,旭阳集团,10000人以上,北京-丰台区,北京-丰台区,北京-丰台区,10-15k,本科,1-3年,20220621151815,发展空间大 / 年终奖金 / 带薪年假 / 年终奖 / 五险一金 / 13薪 / 15薪 / 公司规模大 / 五险 / 定期体检,"：
（1）在煤质、配煤方面，完善公司的制度和标准；
（2）在煤质、配煤方面，完善公司的计划成本体系，分析差距及改进点；
（3）协助销售采购部门，与客户或合作伙伴交流，推动质量、技术的协同；
（4）在运营、销售、采购、生产方面的储备人员。","（1）学历：本科及以上学历；
（2）专业要求：煤化学、煤化工、能源化工、矿物加工、冶金等相关专业，中国矿业大学优先；
（3）在焦煤、焦炭行业的技术、质量管理、洗煤、生产等部门，2年或以上工作经验，知名企业或研究院优先，在生产一线工作2年以上优先；
（4）在行业内对焦煤、焦炭的行业技术动态，有一定人脉； 
（5）有洗煤厂经验、成本管理经验； 
（6）工作认真、负责，有上进心；具备良好地团队合作精神和团队协作能力；
（7）适合长期出差及同意集团外派到其他省份或国外工作。
 查看全部",CSS / 项目管理 / React / PMP / Go / HTML / jQuery / UG / AI,石化,https://www.liepin.com/job/1950550275.shtml
52,猎聘,能源/化工/环保,矿物加工,选矿工程师（海外售前技术支持）,企业,霍里思特,100-499人,北京市,北京,北京,15-18k·13薪,统招本科,3-5年,20250924111841,发展空间大 / 年终奖金 / 餐费补贴 / 绩效奖金 / 领导好 / 年终奖 / 18薪 / 五险一金 / 13薪 / 15薪 / 五险 / 弹性工作,"：
1、智能光电选矿设备在老选厂的技改方案设计，在新选厂的工艺设计；
2、矿山客户的售前技术交流，项目建议书编写；
3、根据现场问题，反馈设备存在问题，协助研发生产组装团队改进产品；","1、矿物加工及相关专业本科以上学历；
2、熟悉选矿厂工艺流程，熟悉破碎，筛分，皮带运输，给料等工艺流程；可独立完成工艺流程的设计更改，工艺流程图，设备布置图；
3、有选厂/设计院之一工作经历，双重工作经历更佳；
4、不坐班，需频繁出差；
5、实践经验丰富，爱学习钻研
 查看全部",CSS / React / PMP / Go / HTML / jQuery / UG / AI,仪器仪表,https://www.liepin.com/job/1968600093.shtml
53,猎聘,能源/化工/环保,矿物加工,焦煤技术主管(J11138),企业,旭阳集团,10000人以上,北京-丰台区,北京-丰台区,北京-丰台区,10-18k,统招本科,1-3年,20230506151537,发展空间大 / 年终奖金 / 带薪年假 / 年终奖 / 五险一金 / 13薪 / 公司规模大 / 五险 / 定期体检 / 14薪,"：
（1）协助焦煤技术经理，在煤质、配煤方面，完善公司的制度和标准；
（2）结合煤质，负责市场信息体系的跟踪与偏差分析（价格、采购、配煤采购、运费等）；
（3）公司在运营、销售、采购、生产方面的储备人员。","（1）学历：本科及以上学历的应往届毕业生；
（2）专业要求：煤化学、煤化工、能源化工、矿物加工、冶金等相关专业，中国矿业大学优先；
（3）如果有工作经验，在焦煤、焦炭行业的技术、质量管理、洗煤、生产等部门，知名企业或研究院优先，在生产一线工作2年以上优先；
（4）有上进心与工作激情； 
（5）工作认真、负责，有上进心；具备良好地团队合作精神和团队协作能力； 
（6）适应长期出差。
 查看全部",CSS / React / PMP / Go / HTML / jQuery / UG / AI,石化,https://www.liepin.com/job/1950553203.shtml
54,猎聘,能源/化工/环保,矿物加工,高级工艺设计工程师,企业,北京建工资源循环利用股份有限公司,100-499人,北京-朝阳区,北京-朝阳区,北京-朝阳区,14-16k,硕士,5年以上,20260224143231,管理规范 / 发展空间大 / 带薪年假 / 餐费补贴 / 绩效奖金 / 18薪 / 五险一金 / 交通补助 / 13薪 / 15薪 / 通讯津贴 / 五险 / 定期体检 / 岗位晋升 / 14薪,"1、负责组织项目前期踏勘、设计条件确定、技术交流、技术方案汇报、外部评审等工作；
2、项目工程设计、选定、技术方案、施工图纸，配合工程管理部或项目部对施工单位进行设计交底
3、负责工艺技术迭代、技改方案、工程设计持续改进；
4、负责新工艺开发、组建开发团队，提交最终方案、落实及外部联络；
5、负责行业展会、行业论坛等行业技术交流会，及时了解、跟进行业的最新技术信息；
6、负责设计手册、标准图集、设计标准等的更新和维护；
7、负责制定设计图纸、文件的归档制度；
8、负责与外协专家/外协设计院的合作交流、技术谈判等
9、负责组织相关人员参与重点设备厂家考察、设备招采中的技术谈判工作等；","1、硕士及以上学历，机械设计、机械制造专业、矿物加工专业（设备方向）
2、8年以上项目工艺设计工作经验，5年以上独立负责项目工艺设计经验，有设计院或矿山工艺设计背景的y
3、中级及以上职称
4、熟练使用CAD\PRO-E\SW\AIP等三维设计软件
5、 有较强的责任心、沟通协调能力、抗压能力强、有一定的文案功底
 查看全部",沟通协调 / CSS / React / CAD / PMP / Go / HTML / jQuery / UG / AI,环保,https://www.liepin.com/job/1976223845.shtml
55,猎聘,能源/化工/环保,矿物加工,金属平衡岗（矿山行业）,企业,国城控股集团有限公司,5000-10000人,北京-丰台区,北京-丰台区,北京-丰台区,15-30k,本科,10年以上,20250207103844,管理规范 / 发展空间大 / 16薪 / 年终奖金 / 带薪年假 / 绩效奖金 / 团队聚餐 / 节日礼物 / 年终奖 / 18薪 / 五险一金 / 13薪 / 公司规模大 / 五险 / 聚餐 / 定期体检 / 14薪,"1、负责收集选矿生产过程中各环节的原矿、精矿、尾矿等样品的重量、品位数据，确保数据的准确性和完整性。
2、记录选矿设备的运行参数，如处理量、回收率等，为金属平衡计算提供数据支持。
3、分析金属平衡结果，找出生产过程中金属流失的环节和原因，提出改进建议。4、定期编制金属平衡报表，如日报、月报、季报等，清晰展示选矿生产的金属平衡情况。
5、参与选矿产品质量的控制与监督，对精矿、尾矿的质量进行跟踪分析，确保产品质量符合标准。
6、协助质量检验部门进行样品的采集和分析，保证检验数据的可靠性。
二、","、
1、矿物加工工程、冶金工程等相关专业，本科及以上学历。
2、工作经验：具有10 年以上选矿金属平衡工作经验，熟悉选矿工艺流程和金属平衡计算方法。
3、专业技能：掌握金属平衡计算的相关软件和工具，具备良好的数据分析能力和问题解决能力。
4、认真负责，严谨细致，具有较强的团队合作精神和沟通能力。
 查看全部",CSS / React / PMP / 数据分析 / Go / HTML / jQuery / UG / AI,矿产开采,https://www.liepin.com/job/1972169461.shtml
56,猎聘,能源/化工/环保,矿物加工,商务经理,企业,北京橙烽智能技术有限公司,50-99人,北京-海淀区,北京-海淀区,北京-海淀区,20-40k,本科,5年以上,20251121101647,16薪 / 13薪 / 14薪,"：
1、负责建立项目的日常收集渠道和项目信息库，筛选、评估、考察和评审，锁定意向投资的矿产项目； 
2、主持项目各类经济合同的谈判、评审；对重大的经济合同、分包合同、采购合同、租赁合同进行审核把关并会签，完成项目签约和交割等工作；对已中标项目进行全程跟踪及协调工作，确保项目顺利推进落地实施；
3、与媒体、合作伙伴等建立和维护良好的工作关系，做好舆情把控； 
4、负责商务活动中对外联络和涉外接待工作；
5、负责矿前期手续批复、办理相关证照以及协调各方资源，保证项目顺利落地；
6、负责海外物流管理，国内外供应商筛选、评估；
7、协助推动国外矿业项目筛选论证工作和商务洽谈工作； 
8、负责国外矿业项目前期资料的初步翻译工作； 
9、协助开展国外地质勘查项目现场管理工作。","1、本科及以上学历，工科背景，机械、材料、矿物加工、矿业工程、机械制造等相关专业； 英语/俄语/法语可做工作语言（商务沟通水平）；
2、具有5年以上矿业、能源类商务管理工作经验； 
3、非洲、中亚矿业项目商务管理经验优先；有维护非洲、中亚国家政府及相关机构关系经验优先；
4、有较强的执行力、沟通协调能力、抗压能力、谈判能力、现场组织能力、签约和跟进项目的能力。
 查看全部",沟通协调 / CSS / 法语 / 英语 / React / PMP / Go / HTML / jQuery / UG / AI,人工智能,https://www.liepin.com/job/1978627693.shtml
57,猎聘,能源/化工/环保,矿物加工,西班牙语海外销售,企业,霍里思特,100-499人,北京-大兴区,北京-大兴区,北京-大兴区,10-16k,学历不限,经验不限,20250924113402,年终奖金 / 带薪年假 / 团队聚餐 / 18薪 / 年终奖 / 餐补 / 五险一金 / 13薪 / 15薪 / 六险一金 / 五险 / 聚餐 / 弹性工作 / 14薪 / 六险,"1、负责矿山等行业的市场开拓与项目销售工作；
2、执行公司销售政策，承担销售任务，确保所负责行业达成年度销售目标、市场目标；
3、负责收集分析目标行业的市场和项目信息，发现市场和销售机会，制定并执行市场开拓和项目销售计划；
4、负责项目信息的获取、项目跟进、项目投标、商务谈判、合同签订、项目回款，协调项目实施与验收等工作；
5、负责目标行业客户关系管理，与目标客户保持良好的沟通，建立合作关系；
6、负责收集目标行业动态、行业管理要求和主要业务流程，能够清晰阐述相应的行业发展，为客户提供技术解决方案
二：","1.选矿/矿物加工/仪器/仪表/工业自动化/电气/机械等相关专业，选矿专业优先
2.有大型矿山设备销售经验，包括破碎机，筛分机，球磨机，浮选机等
3.熟悉矿山领域，有相关产业背景优先；
4.沟通能力强，良好的客户服务意识，良好的团队合作者，较强的换位思考能力
5.能接受常期出差
6.入职六险一金，餐补，带薪年假，高额提成，领导nice,欢迎您的加入
 查看全部",法语 / CSS / 英语 / React / PMP / Go / HTML / jQuery / UG / AI,仪器仪表,https://www.liepin.com/job/1976262283.shtml
58,猎聘,能源/化工/环保,矿物加工,财务出纳,企业,上海玮含沛科技有限公司,/,苏州-吴中区,苏州-吴中区,苏州-吴中区,7-10k,大专,1-3年,20240405150417,16薪 / 18薪 / 13薪 / 15薪 / 14薪,"出纳员职位已暂停招聘_猎聘
 该职位已暂停招聘
 投递了该职位的人还查看了
 AI Agent 研发工程师 30-40k
 上海趣申请科技有限公司 
 上海-黄浦区
 5-10年
 统招本科
 李先生
 ·
 技术负责人
 大语言模型算法工程师 50-80k·16薪
 某科技金融上市公司 已上市
 北京
 4年以上
 硕士
 任先生
 ·
 合伙人
 大语言模型算法工程师 50-80k·18薪
 某武汉大型IT服务公司 
 北京
 5-10年
 本科
 陈女士
 ·
 合伙人
 LLM算法工程师 40-70k·16薪
 某杭州大型计算机软件公司 D轮及以上
 北京
 3-6年
 硕士
 梁女士
 ·
 猎头顾问
 LLM算法工程师 30-35k
 某北京大型互联网公司 战略融资
 北京
 3-5年
 学历不限
 斯女士
 ·
 HRBP
 大语言模型算法工程师 30-50k·13薪
 某北京人工智能上市公司 已上市
 北京-朝阳区
 2-7年
 硕士
 宋女士
 ·
 招聘
 审计部长 28-40k
 某国内新材料上市公司 已上市
 无锡
 3-5年
 统招本科
 江女士
 ·
 销售代表
 大模型LLM算法工程师 60-90k·15薪
 某北京大型云计算/大数据公司 D轮及以上
 北京
 经验不限
 统招本科
 王女士
 ·
 SC
 大语言模型算法(NLP) 30-50k
 某苏州IT服务公司 A轮
 上海-徐汇区
 3-5年
 硕士
 赵女士
 ·
 猎头
 大模型数据工程师（LLM） 60-90k
 某知名公司 融资未公开
 北京
 3年以上
 统招本科
 单女士
 ·
 资深顾问(SC)
 算法工程师（多模态强化学习/LLM) 50-75k·16薪
 某上海计算机软件公司 天使轮
 北京
 2-4年
 硕士
 何女士
 ·
 人事经理
 金融科技工程师 薪资面议
 中联前源不动产基金管理有限公司 融资未公开
 北京-朝阳区
 5年以上
 统招本科
 赵先生
 ·
 人力资源经理
 大语言模型研究员（5年经验，要懂算法懂agent） 90-120k
 某上海知名公司 已上市
 上海
 5-10年
 统招本科
 林女士
 ·
 招聘顾问
 VLA算法工程师--VLA/VLM/LLM 60-80k
 某深圳大型互联网公司 融资未公开
 深圳-南山区
 5-10年
 硕士
 郭女士
 ·
 猎头顾问/助理
 人工智能架构师 20-40k·15薪
 某厦门大型机械/设备公司 战略融资
 上海
 经验不限
 学历不限
 高女士
 ·
 猎头顾问
 大语言模型基础研发工程师 40-70k
 某深圳大型通信设备公司 战略融资
 深圳
 1-3年
 硕士
 许女士
 ·
 实习顾问
 算法工程师（大语言模型（LLM）base深圳 40-50k
 某深圳大型计算机软件公司 战略融资
 深圳
 1-3年
 硕士
 刘女士
 ·
 猎头顾问
 LLM算法工程师 45-65k·15薪
 某北京在线社交/媒体公司 B轮
 北京
 2-7年
 硕士
 张先生
 ·
 资深顾问
 算法工程师-大语言模型 30-60k·13薪
 某上海互联网公司 战略融资
 北京
 3年以上
 硕士
 陈女士
 ·
 猎头顾问
 基础模型算法工程师 - LLM Post-training 100-130k·15薪
 某大型知名电子商务公司 D轮及以上
 上海-徐汇区
 3-5年
 硕士
 张女士
 ·
 猎头顾问
 数字化架构师 13-27k·14薪
 维信诺 已上市
 合肥-新站区
 5年以上
 本科
 黄女士
 ·
 HRBP
 大语言模型算法专家 30-60k·16薪
 某杭州互联网上市公司 已上市
 北京
 3年以上
 本科
 郑先生
 ·
 猎头
 语音LLM算法工程师 30-50k·13薪
 某北京人工智能上市公司 已上市
 北京-朝阳区
 2-7年
 硕士
 宋女士
 ·
 招聘
 NLP/大语言模型/多模态算法工程师 30-50k
 某苏州IT服务公司 A轮
 苏州
 3-5年
 本科
 何女士
 ·
 猎头顾问/助理
 人工智能架构 25-30k
 某大型知名机械/设备公司 战略融资
 北京
 5-10年
 统招本科
 孙女士
 ·
 猎头顾问/助理
 算法开发岗（大语言模型强化学习）--25/25届博士 50-70k·15薪
 某知名通信设备上市公司 已上市
 深圳
 经验不限
 博士
 靳女士
 ·
 新媒体运营专员
 产品经理（数据平台类产品） 20-30k
 杭州职御科技有限公司 
 杭州
 3-5年
 本科
 邓先生
 ·
 设计员
 人工智能架构师 20-25k·15薪
 某大型知名机械/设备公司 战略融资
 厦门-思明区
 5年以上
 统招本科
 杨先生
 ·
 猎头顾问
 【座舱系统SE】智能网联设计工程师 30-50k·14薪
 某合肥整车制造上市公司 已上市
 合肥
 8年以上
 本科
 李先生
 ·
 猎头顾问
 大模型数据工程师（LLM） 50-80k·16薪
 某北京人工智能公司 融资未公开
 北京
 经验不限
 学历不限
 董先生
 ·
 助理总经理/总助(高管级)",/,CSS / React / CAD / PMP / 算法 / HTML / jQuery / UG / AI,IT服务,https://www.liepin.com/job/1966011641.shtml
59,猎聘,能源/化工/环保,矿物加工,科研秘书,企业,迈德斯(北京)矿冶科技有限公司,1-49人,北京-朝阳区,北京-朝阳区,北京-朝阳区,薪资面议,统招本科,1-3年,20251124181625,13薪 / 15薪 / 六险一金 / 14薪 / 六险,"：
1.协助营运完成各种报告、运营管理的日常工作，包括运营管理及数据汇总分析、数据报告等；
2.协助总经理开展各项项目支持工作","1.本科及以上学历，专业不限。
2.一年以上助理相关工作经验，条件优秀者放宽至应届毕业生。
3.具有数据汇总，表格设计，和一定的数据处理能力；能熟练操作办公室软件尤其是EXCEL、PPT。
4.具有良好的沟通协调能力、细致、敬业、乐于思考。
5.有极强的自驱能力和逻辑思维能力，对新领域的探索有极大的兴趣，快速的学习和适应能力，能承受高强度的工作
 查看全部",沟通协调 / CSS / 日语 / React / PMP / Go / HTML / jQuery / UG / AI / Excel,专业技术服务,https://www.liepin.com/job/1978683271.shtml
60,猎聘,能源/化工/环保,矿物加工,节能环保工程师,企业,中国煤炭加工利用协会,1-49人,北京-朝阳区,北京-朝阳区,北京-朝阳区,10-20k,博士,经验不限,20240227094549,13薪 / 14薪 / 15薪,"职位信息
1、针对煤炭行业环境保护、资源节约及资源综合利用领域有研究，能够系统分析煤炭行业双碳发展、节能环保有关政策、市场变化，能撰写研究报告；
2、熟悉国家碳中和政策研究、重点行业企业碳达峰碳中和路径研究；
3、能够参与节能环保相关标准的申报执行、编制、标准政策宣贯等；
4、能够策划组织煤炭领域会议、培训和展览；
5、对协会职能有一定的认识，日常跟进煤炭企业动向。","1.985、211院校硕士及以上学历，毕业于环境工程、矿物加工、煤化工等相关专业。从事循环经济、节能环保、产业发展、气候变化等相关领域的研究工作；
2.掌握基本的行研方法，了解一定的咨询工具，有煤炭行业研究或咨询类工作经验；
3.具有较强的快速学习、数据分析、逻辑思维，有较好的文字功底；
4.既能独立开展工作也能进行团队协作，有较强的责任心和沟通协调能力，性格开朗活泼，工作积极主动，敢于迎接挑战。
 查看全部",沟通协调 / CSS / React / PMP / 数据分析 / Go / HTML / jQuery / UG / AI,矿产开采,https://www.liepin.com/job/1964561255.shtml
61,猎聘,能源/化工/环保,矿物加工,矿业类 英文学术期刊助理编辑,企业,曼迪匹艾(北京)科技服务有限公司,2000-5000人,北京-通州区,北京-通州区,北京-通州区,15-20k,硕士,经验不限,20230425161505,绩效奖金 / 岗位津贴；4. / 进阶福利：子女福利 / 优秀员工提供出国交流和工作机会；5. / 节日福利 / 六险 / 节日礼物 / 五险一金 / 全勤奖 / 13薪 / 步行600米 / 六险一金 / 五险 / 定期体检 / 年终奖金 / 年终奖 / 培训津贴 / 团队奖励 / 职业发展：导师培养 / 丰富茶歇,"1. 负责联系专家学者，组织稿件的同行评审，确保稿件的同行评审及时完成；
2. 编排和处理稿件，确保稿件格式正确，及时发表；
3. 与期刊主编，编委成员，作者及审稿人建立良好沟通，确保期刊正常运作，稿件顺利及时发表；
4. 关注期刊学科领域内的研究进展，协助期刊责任编辑完成期刊发展目标。
二、","1. 采矿工程，石油工程，矿物加工工程，油气储运工程，矿物资源工程，海洋油气工程 等专业背景；
2. 硕士及以上学历；
3. 英语六级；
4. 熟练office办公软件；
5. 学习能力强，能适应公司高强度职业培训，例如：参加职业培训讲座和一对一导师培训管理。
三、工资待遇
1. 薪酬待遇：月基本工资15000-20000，丰厚的绩效奖金；
2. 基础福利：六险一金，带薪年假，年度体检，节日福利，活动经费，丰富茶歇，营养晚餐等；
3. 进阶福利：子女福利，团队奖励，培训津贴，岗位津贴；
4. 职业发展：导师培养，技能培训，管理培训，优秀员工提供出国交流和工作机会；
5. 城市副中心额外福利：公司可协助员工申请通州区政府提供的“高级人才公寓”（博士）。
四、办公地点
北京市通州区观音庵北街4号院保利大都汇T2写字楼10层
乘车路线：地铁6号线-通州北关站C口，步行600米
 查看全部",CSS / 英语六级 / 英语 / React / PMP / 算法 / Go / HTML / jQuery / UG / AI,新闻和出版业,https://www.liepin.com/job/1953222927.shtml
62,猎聘,能源/化工/环保,矿物加工,机械设计工程师,企业,北矿机电科技有限责任公司,100-499人,北京市,北京,北京,10-15k,本科,经验不限,20221207162919,16薪 / 13薪 / 14薪 / 15薪,：搅拌设备的设计工作。具体工作为方案制定、设备设计与计算、产品交付服务等。,"1.大学本科及以上学历，具备机械设计及制造/过程装备/矿物加工等相关专业背景。
2.具有大中型装备企业的工作经历，对国内外机械加工标准比较熟悉，具有一定的产品交付技术资料编制能力。
3.能够根据项目需求制定技术方案，开展机械设计等工作；
4.熟练掌握AutoCAD、solidworks三维等机械设计软件；
5.实践经验丰富，业务熟练，有一定交付英文书面能力；
6.身体健康、诚实守信、严谨踏实、敬业负责、勇于担当，具有良好的沟通协调能力和文字表达能力。
 查看全部",SolidWorks / CSS / 沟通协调 / React / CAD / PMP / AutoCAD / Go / HTML / jQuery / UG / AI,矿产开采,https://www.liepin.com/job/1954945605.shtml
63,猎聘,能源/化工/环保,矿物加工,矿山经营部经理(煤矿）,企业,北京泓安通达市政工程有限公司,1-49人,北京-朝阳区,北京-朝阳区,北京-朝阳区,15-20k,本科,10年以上,20230601161330,团队建设 / 13薪 / 团建,"：
1、制定落实公司矿业资源项目的开发与管理规划；
2、负责流程管理、团队建设管理与综合成本控制管理；
3、深入生产现场，观察和解决生产中出现的各种影响产品质量的和影响生产安全的潜在隐患；
4、领导矿业公司开展生产经营，及时完成集团领导下达的各项经营目标。","1、大学本科及以上学历，工程师以上职称，矿业相关专业；
2、10年以上矿产项目的开发建设、生产管理等经历，有矿物加工及矿山水处理经验者优先；
3、熟悉国家矿业相关法律法规、政策；
4、为人正直，公正，有较强的组织、沟通和计划能力；
5、熟悉矿山的探、采、选、冶各环节的一些重大关键技术问题，可与相关的科研机构及专家进行有效的沟通；
6、具备较强的敬业精神、团队作战精神、沟通能力、对外交往能力。
7、能接受长期出差。
 查看全部",CSS / 项目管理 / React / PMP / Go / HTML / jQuery / UG / AI,工程施工,https://www.liepin.com/job/1959019261.shtml
64,猎聘,能源/化工/环保,矿物加工,市场推广专员,企业,逢石科技,100-499人,北京-海淀区,北京-海淀区,北京-海淀区,8-12k,本科,3-5年,20240130163340,16薪 / 18薪 / 13薪 / 15薪 / 14薪,"：
1、负责公司的悬浮焙烧技术、大型设备、核心技术的市场推广工作，传播和传递我司核心技术产品价值。
2、维护和多渠道拓展客户关系，保持良好的沟通与客户建立良好合作关系。
3、协助领导主管完成部门年度经营计划与销售计划，协助宣传部门输出相关信息，完成市场活动与宣传计划。
4、收集国内外铁矿、有色金属、镍铁等产品、数据等相关信息，整理汇总。
5、负责市场调研工作的组织，收集客户群信息，分析潜在客户，针对不同客户情况制定适合的销售策略。
6、负责协助领导同事 对接客户进行商务洽谈，客户接待、翻译等工作。推进项目落地进度，及时汇报项目，促成签订技术销售和项目开发合同。
衔接各部门，辅助其项目初期、中期、落地工作；","1、从事铁矿、有色金属、镍铁相关行业优先，矿物加工、冶金、地质等相关专业优先；
2、应届毕业生或具有3-5年及以上矿山企业、设计院所或大型集团化企业经营管理经验，具备选矿工艺、选矿设备研发生产经验或销售管理经验者优先考虑；
3、组织协调能力、沟通能力，思维敏捷，抗压能力；具有良好的职业道德素质，敬业勤奋，正直诚信。
 查看全部",CSS / React / PMP / Go / HTML / jQuery / UG / AI,专业技术服务,https://www.liepin.com/job/1964519555.shtml
65,猎聘,能源/化工/环保,矿物加工,矿山设备销售经理，煤矿设备销售经理,企业,霍里思特,100-499人,北京市,北京,北京,15-30k,大专,3-5年,20200319112532,13薪 / 18薪 / 15薪,"1、负责智能矿石分选机销售工作；
2、负责收集分析目标行业的市场和项目信息，发现市场和销售机会，制定并执行市场开拓和项目销售计划；
3、负责项目信息的获取、项目跟进、商务谈判、合同签订、项目回款，协调项目实施与验收等工作； 
4、负责目标行业客户关系管理，与目标客户保持良好的沟通； 
5、负责收集目标行业发展动态、行业管理要求和主要业务流程，能够清晰阐述相应的行业解决方案","1.选矿/矿物加工及相关专业优先
2.有大型矿山设备销售经验优先或其他工业设备销售经验
3.熟悉有色金属矿，黑色金属矿，非金属矿其中之一
4.可经常出差
薪资结构：底薪+奖金+提成
关于北京霍里思特科技：
北京霍里思特科技有限公司初创团队成员来自清华大学精仪系，公司成立之初，致力于研究基于X射线的工业无损检测技术和方案；2015年基于多年技术积累，立项研发智能矿石分选机，2017年研发成功产品机，该机型于2018年初成功应用于中国五矿某矿山，为该矿山创造效益数千万元/年，为国产首例。
 公司现有多款分选设备应用于各种矿石分选，包括五矿，紫金矿业等龙头矿企；可实现预先抛废，废石提精等功能；致力于帮助矿山提升回采率，提高回收率，减少尾矿排放；为矿山节能降耗，减员增效，环保，安全等助力。
 查看全部",CSS / React / PMP / Go / HTML / jQuery / UG / AI,仪器仪表,https://www.liepin.com/job/1926684361.shtml
66,猎聘,能源/化工/环保,矿物加工,车间主管,企业,北京中科纯金科技有限公司,1-49人,北京-房山区,北京-房山区,北京-房山区,7-12k,大专,3-5年,20240801143856,13薪 / 14薪 / 15薪,"：
1.根据生产计划进行组织生产，圆满完成各项生产任务，并对生产数据进行详细的记录；
2.做好仪表自动化设备和电气设备的运行和维护，并做好记录汇总；
3.做好当班产量的统计，并做好交接班工作；
4.完成上级领导下达的其它各项任务；","1.年龄：不限
2.性别：不限
3.专业及学历：化学、冶金、材料、分析等相关专业专科及以上；
4.工作经验：有工作经验者优先；具备化学、冶金、材料等相关专业知识，能够懂得仪表维护和电气维护的冶金或化工操作工优先；
5.知识要求：具备有色金属冶金、矿物加工、无机非金属材料、高级合金材料、环境工程等方向工艺技术开发相关实验技术，做事专心、细致、有条理，能够吃苦耐劳，对企业忠诚，有良好的与人沟通、交流能力和团队合作精神；
6.语言能力：对生产情况能够准确的描述，撰写材料条理清晰；
7.协作能力：能够协调相关部门和人员完成生产任务；
8.懂仪表电器，有自动化管理维护经验和电气维护经验的优先考虑．
 查看全部",CSS / React / PMP / Go / HTML / jQuery / UG / AI,培训服务,https://www.liepin.com/job/1951891997.shtml
67,猎聘,能源/化工/环保,矿物加工,仓库管理员不加班,企业,温州市讯和电脑科技有限公司,1-49人,青岛-崂山区,青岛-崂山区,青岛-崂山区,6-7k,学历不限,1-3年,20240316143335,年底双薪 / 16薪 / 带薪年假 / 18薪 / 期权 / 全勤奖 / 13薪 / 包吃 / 15薪 / 包吃住 / 14薪 / 不加班,"： 　　
1、负责货物的分拣、打包工作；　
2、负责保持仓内货品和环境的清洁、整齐和卫生工作；　
3、负责相关单证的保管与存档； 　
4、负责进货出货管理；
5、完成部门主管交办的其它事宜；","1、26-46岁，高中以上学历，男女不限；
 查看全部",JavaScript / CSS / Java / React / PMP / Go / HTML / jQuery / UG / AI,批发/零售,https://www.liepin.com/job/1965528047.shtml
68,猎聘,能源/化工/环保,矿物加工,普工/操作工,企业,北京中科纯金科技有限公司,1-49人,北京-房山区,北京-房山区,北京-房山区,4-7k,学历不限,3-5年,20240801143856,年底双薪 / 发展空间大 / 年终奖金 / 带薪年假 / 绩效奖金 / 餐费补贴 / 年终奖 / 五险一金 / 交通补助 / 13薪 / 五险 / 定期体检 / 岗位晋升 / 团建,"：
1.严格执行公司的各项规章制度，同时根据车间主任的安排，圆满完成当班各项生产任务；
2.做好当班生产装置的设备巡检和维护，能处理日常简单的问题，并做好当班生产记录；
3.做好当班产量和质量的统计记录工作；
4.做好交接班工作；
5.完成领导安排的其它工作；","1.年龄：不限
2.性别：不限
3.专业及学历：化学、冶金类优先
4.工作经验：有冶金或化工生产操作三年以上的经验者优先
5.要求：要求做事专心、细致、有条理，能够吃苦耐劳，对企业忠诚，有良好的与人沟通、交流能力和团队合作精神；具备有色金属冶金、矿物加工、无机非金属材料、高级合金材料、环境工程、化工工艺等技能优先考虑；
6.语言能力：对生产情况能够准确的描述，撰写材料条理清晰；
7.协作能力：能够协调相关部门和人员完成相关的工作任务
 查看全部",CSS / React / PMP / Go / HTML / jQuery / UG / AI,培训服务,https://www.liepin.com/job/1953255109.shtml
69,猎聘,能源/化工/环保,矿物加工,选矿副厂长—上市矿业（海外发达国家项目）,企业,某知名公司,1-49人,北京市,北京,北京,40-55k·15薪,统招本科,7年以上,20260610172257,15薪,"：
1. 参与编制项目中长期生产计划和规划，编制并执行完成公司下达的生产任务。
2. 配合厂长开展工作，负责选厂的生产和技术管理，协调各部门关系，确保生产顺利进行。不断优化选矿工艺和设备，降低选矿成本，提高选矿回收率。
4. 制订并完善选矿技术操作规程及各项规章制度，开展培训，并监督执行。
5. 组织开展生产、技术经济分析会议，及时发现问题，提供改进措施和方法，并推进解决。
6. 落实、监督选矿生产中的安全、职业健康、环保规章制度，确保安全健康环保生产。
7. 通过工作指导、培训、绩效考核等，培养、带领团队高效开展工作。","1．本科以上学历，选矿工程、矿物加工工程专业。
2．7年以上有色金属行业选矿厂工作经验（金、银、铅、锌、铜等），其中3年以上管理岗位经验。
3．精通选矿厂生产管理、工艺流程、设备管理、操作规程、人员管理。
4．具有良好的职业操守和责任心，具有良好的沟通协调能力及团队协作精神。
 查看全部",JavaScript / 沟通协调 / CSS / Java / React / PMP / Go / HTML / jQuery / UG / AI,咨询服务,https://www.liepin.com/a/76648115.shtml
70,猎聘,能源/化工/环保,矿物加工,选矿工程师,企业,某国内矿产开采上市公司,10000人以上,北京市,北京,北京,20-40k,学历不限,3-5年,20260610101656,/,"：
1、负责选矿工艺参数跟踪确定，指导现场调整工艺技术指标；
2、定期培训现场操作工，不断提高员工操作技能； 
3、监督现场工艺参数执行情况，做好工艺参数统计及分析；
4、做好金属平衡及流程考察等工作；
5、组织选矿工艺技术改造和工艺流程小改小革； 
6、负责收集、整理和归档选矿、质计等方面的图纸、资料等。","1、45岁以下，矿物加工等相关专业大专及以上学历；
2、熟悉浮选重选磁选等选矿工作原理；
3、专业知识扎实，动手能力强，具备问题解决能力；
4、熟悉日常办公软件，能准确出具数据报表；
5、具备一定的承压能力，能适应偏远矿区的工作生活，吃苦耐劳，责任心强，团队合作能力强；
6、有复杂难选矿攻关和生产经历的选矿技术人员优先考虑。
 查看全部",JavaScript / CSS / Java / React / PMP / Go / HTML / jQuery / UG / AI,矿产开采,https://www.liepin.com/a/76616069.shtml
71,猎聘,能源/化工/环保,矿物加工,非洲南部金属矿 矿长/总工,企业,某国内大型金属制品公司,10000人以上,北京-西城区,北京-西城区,北京-西城区,50-80k·15薪,统招本科,5-10年,20260610170910,15薪,":
1.作为项目技术负责人，统筹海滨砂矿项目采矿、选矿全流程技术工作，审核采矿、选矿工程设计，工艺流程及核心技术参数，把控技术路线的科学性、可行性与经济性。
2.主导采矿、选矿技术工作，协调选矿与采矿环节的衔接，监督采矿现场技术执行情况，组织开展选矿试验，解决生产过程中的重大工艺难题。
3.负责组建、管理项目技术团队，制定团队岗位职责、工作标准及培训计划;统筹协调技术团队日常工作，合理分配工作任务，解决团队工作中的技术问题。
4.作为业主方技术负责人，对接施工、设备、检测等单位及当地政府部门，统筹办调项目技术相关事宜，推动项目按节点顺利推进。
5.牵头建立项目技术质量、安全生产管控体系，监督落实采矿、选矿环节的安全技术措施、环保要求及质量标准;统筹成本管控，优化工艺参数，把控产品质量。
6.配合业主方完成项目前期论证、专题研讨及各类技术评审，提供采矿、选矿专业技术支撑。","1.本科及以上学历，矿物加工工程、采矿工程等相关专业，50岁以内。
2.具有8年及以上露天金属矿工作经验，其中3年及以上技术管理岗位经验;有海;宾砂矿经验者优先。
3.熟练掌握海滨砂矿常见矿物的选矿原理与工艺;熟悉螺旋溜槽、摇床、磁选机、电选机等选矿设备的工作原理与操作维护;能够独立完成选矿试验、工艺设计及图件编制，具备较强的生产数据分析与问题解决能力。掌握海滨砂矿露天采矿工艺、边坡治理、排土场规划等技术;
4.能适应非洲沿海偏远地区的工作环境，具备较强的抗压能力和独立解决问题的能力;工作严谨细致，责任心强，具备较强的技术决策能力及技术创新能力。
5.加分项:持有高级及以上职称(选矿或采矿专业);有海外大型海滨砂矿项目从0-1的成功经验者优先;熟悉国际精矿产品质量标准者优先。
 查看全部",JavaScript / CSS / Java / React / PMP / 数据分析 / Go / HTML / jQuery / UG / AI,金属制品,https://www.liepin.com/a/76405475.shtml
72,猎聘,能源/化工/环保,矿物加工,2026届校园招聘-地质/矿物加工/冶金/化工助理研究员,企业,瑞木镍钴管理(中冶)有限公司,5000-10000人,北京-朝阳区,北京-朝阳区,北京-朝阳区,30-40k,/,/,20260317110531,/,"在北京总部-瑞木研究院，站在全球资源战略的高度，利用先进技术与数据模型，开展全球新生代红土镍矿成矿规律研究、前瞻性选冶技术开发，为公司的长远发展提供智力支持。短期海外出差，理论与实践相结合。
2.","博士研究生，地质资源与地质工程、矿物加工工程、流体力学、冶金工程、化学或高分子材料等相关专业；
英语六级及以上，具备优秀的科研与创新能力。
截止日期：2026年08月22日
招聘人数：1人
 查看全部",CSS / 项目管理 / 英语六级 / 英语 / React / PMP / Go / HTML / jQuery / UG / AI,矿产开采,https://www.liepin.com/lptjob/76677155
73,猎聘,能源/化工/环保,矿物加工,选矿工程师（驻外，16-26k）,企业,中矿资源集团股份有限公司,2000-5000人,北京-丰台区,北京-丰台区,北京-丰台区,16-26k·18薪,/,/,20260423100046,18薪,"：
1.参与选矿工艺流程设计与优化（破碎、磨矿、分选、脱水等环节）；
2.协助开展矿石可选性试验、实验室小试及工业试验数据分析；
3.跟踪选矿生产指标（如回收率、精矿品位），配合解决工艺问题；
4.编制选矿技术规程、操作手册及生产日报/月报；
5.学习新技术应用（如浮选药剂研发、智能控制、尾矿综合利用等）。","1.教育背景： 
-统招本科及以上学历，矿物加工工程、冶金工程、资源循环科学与工程等相关专业；
2.技能要求：
-掌握矿物加工基础理论，熟悉重选、磁选、浮选等分选原理及工艺；
-了解选矿设备（球磨机、浮选机、旋流器等）工作原理及操作要点；
-能使用专业软件（如JKSimMet、USIM PAC、CAD）进行流程模拟或绘图者优先；
-熟悉选矿环保要求（如尾矿库管理、废水回用）或数据分析工具（Excel、Minitab）者优先。
3.综合素质：
-适应选矿厂现场环境，接受必要的车间巡检或倒班安排；
-逻辑严谨，具备实验设计与数据分析能力；
-安全意识强，遵守生产规范，具备团队协作精神；
-英语CET-4以上，能阅读英文技术文献。
截止日期：2027年04月23日
招聘人数：1人
 查看全部",CSS / 英语 / React / CAD / PMP / 数据分析 / Go / HTML / jQuery / UG / AI / Excel,矿产开采,https://www.liepin.com/lptjob/82015531
74,猎聘,能源/化工/环保,矿物加工,选矿管培生,企业,北京华隆控股集团有限公司,2000-5000人,北京-丰台区,北京-丰台区,北京-丰台区,7-12k,/,/,20260422101828,阿巴嘎旗 / 年终奖 / 五险一金 / 五险 / 锡林郭勒盟 / 免费宿舍(提供被褥)。4 / 免费食堂 / 工作地点：内蒙古,"】 
1、协助参与选矿生产方案的设计、生产计划的编制及现场技术管控工作，跟进选矿全作业流程。
2、在导师指导下，系统学习选矿工艺原理、设备操作规范及维护技巧，主动参与选矿领域安全、环保及质量管理体系的落地执行。
3、协助推进矿山数字化、智能化技术的应用落地（如选矿自动化系统）。
4、按照公司培养计划，在生产、技术、安全、设备等核心部门进行轮岗学习，全面熟悉矿山运营各环节的工作。
5、快速掌握矿山全流程运营，主动积累岗位相关知识与实践经验，为未来晋升管理岗位或技术专家奠定基础。
【","】 
1、本科及以上学历，选矿工程、矿物加工工程等相关专业，优秀应届生或1年以内相关工作经验均可。 
2、熟悉选矿理论基础，熟悉选矿方法技术。 
3、具备较强的学习能力、逻辑分析能力及问题解决能力。适应矿山工作环境，能接受在矿山工作生活。 
4、良好的团队协作精神，责任心强，能承受一定工作压力。英语CET-4及以上，具备技术文档读写能力。
5、认同集团企业文化，具备强烈的责任心，抗压能力强，严谨细致。
【面试方法】
1、面试流程：初试视频，终面现场，税前月薪7-12K具体面议。
2、工作时间：每天8小时工作，午休2小时，每季度12-15天调休假(报销机票)。
3、公司福利：年终奖，五险一金，免费食堂，免费宿舍(提供被褥)。
4、工作地点：内蒙古,锡林郭勒盟,阿巴嘎旗,隆兴矿业有限责任公司。
截止日期：2027年04月21日
招聘人数：1人
 查看全部",CSS / 英语 / React / PMP / Go / HTML / jQuery / UG / AI,矿产开采,https://www.liepin.com/lptjob/81954973
75,猎聘,能源/化工/环保,矿物加工,采矿工程师,企业,北方爆破科技有限公司,500-999人,北京-海淀区,北京-海淀区,北京-海淀区,薪资面议,/,/,20260415105426,/,"：
1、完善采矿作业标准化文件、技术资料
2、按照采剥技术计划进行生产作业组织
3、负责现场生产、技术管理协调
4、负责施工安全、质量控制工作
5、负责生产作业总结与分析的撰写
6、协助完成相关科研任务
7、负责领导交办的其他工作。","1、硕士及以上学历，采矿工程、矿物加工工程、地质工程、安全技术及工程、机械设计制造及其自动化、机械工程及自动化、车辆工程、机械设计及理论、防灾减灾工程及防护工程、环境与安全类、弹药工程与爆炸技术、特种能源工程与烟火技术、军事化学与烟火技术、测量、机械、等相关专业，2026年应届毕业；
2、有良好的团队协作能力，英语六级优先，外语表达能力良好；
3、能接受国内外项目常驻工作者优先；
4、有矿山现场生产实习经验者优先。
截止日期：2026年08月21日
招聘人数：1人
 查看全部",CSS / 英语六级 / 英语 / React / PMP / Go / HTML / jQuery / UG / AI,化工,https://www.liepin.com/lptjob/76647411
76,猎聘,能源/化工/环保,矿物加工,测试工程师,猎头,广州芩款科技有限公司,/,广州-增城区,广州-增城区,广州-增城区,6-7k,大专,1-3年,20240413161837,16薪 / 13薪 / 15薪 / 双休 / 14薪,"：
1.负责iOS、Android端APP及后台管理的功能测试;
2.撰写测试计划、测试用例和测试报告;
3.准确、详实描述bug产生过程、bug现象，提交测试报告，总结软件bug状况，提高测试效率;
4.对产品测试结果进行分析，提供专业测试报告，与其他项目人员紧密协作，跟踪缺陷并推动缺陷及时修复;
5.负责推动项目的正常进行，跟进测试进度;
6.不断学习和积累项目测试经验，测试技能、优化测试方法、提高产品质量。","1.大专及以上学历，计算机相关专业;
2.1-2年移动APP/web端软件测试经验;
3.熟悉iOS和Android平台的各类主要机型和性能,能协助制定测试规范和方案;
4.熟悉Mysq|等数据库管理系统，能够熟练编写SQL语句;
5.熟悉软件测试流程和各种测试方法，有很强的分析能力和定位问题的能力;
6.熟练使用常用测试工具以及相关的Bug管理跟踪工具;
7.优先考虑条件：熟练运用jemeter进行接口性能测试，掌握系统性能测试方法，并熟悉常用的脚本
 查看全部",JavaScript / CSS / C++ / Java / 深度学习 / React / Python / PMP / 算法 / 数据分析 / Go / HTML / SQL / SPC / jQuery,IT服务,https://www.liepin.com/job/1966229119.shtml
77,猎聘,能源/化工/环保,矿物加工,会计助理,猎头,北京南冥科技有限公司,1-49人,北京市,北京,北京,6-7k,学历不限,经验不限,20240412185602,13薪 / 14薪 / 15薪,：,"1.协助主办会计开展工作，做好会计业务，搞好会计核算和分析。
2.依据法律、法规进行会计核算，实行会计监督，拒绝办理违反财经制度的业务，拒绝不合理支出。
3.按时记账，结账、报账，定期核对现金、银行存款、盘点物资，做到账务、账账、账证、账表、账款“五相符
 查看全部",JavaScript / CSS / Java / React / PMP / 算法 / HTML / jQuery / UG / AI,云计算/大数据,https://www.liepin.com/job/1966221635.shtml
78,猎聘,能源/化工/环保,矿物加工,业务经理,企业,某贸易进出口公司,100-499人,上海市,上海,上海,25-50k,统招本科,3-5年,20260604073433,管理规范 / 发展空间大 / 领导好 / 扁平管理 / 公司规模大,"""1.完成公司下达的业务收入和利润指标任务；
2.了解钢贸领域的业务模式、业务风险、上下游客户和仓储物流企业，能独立开展采销市场开拓、客户开发以及客户关系管理工作；","3.及时掌握国家相关政策、市场行情，把握上下游动态、供求动向，做出交易预判；
4.跟进、掌握上下游需求，关注合作方经营、盈利情况，如遇突发、异常情况及时采取应对措施；
5.汇总负责业务的执行情况，搜集及分析市场信息及同业交流获取的讯息，定期向上级领导汇报或形成报告上报。"" ""1.年龄40岁及以下，大学本科及以上学历且取得相应学位，国际贸易、矿物加工工程、冶金、材料、工商管理、物流管理、市场营销、经济类、管理类等相关专业优先；
2.熟悉大宗商品贸易行业及市场走势，具备3年以上钢贸业务从业经验，能够较准确分析市场，熟悉各个环节及流程，并能处理各种风险及突发状况；
3.具备独立开展业务的能力，精通对应业务模式、市场分析、商务谈判、合同管理及风险防控，拥有稳定上下游客户资源或渠道者；
4.工作态度认真，具有较强的执行力、人际交往能力、服务意识和团队协作精神，能适应出差或外派需求。""
 查看全部",JavaScript / CSS / Java / React / PMP / Go / HTML / jQuery / UG / AI,贸易/进出口,https://www.liepin.com/a/76387769.shtml
79,猎聘,能源/化工/环保,矿物加工,金铜矿投资VP/总监,企业,金友汇(杭州)信息咨询服务有限公司,1-49人,上海-浦东新区,上海-浦东新区,上海-浦东新区,10-25k,统招本科,3-5年,20260604155627,绩效奖金 / 节日福利 / 核心高管岗位 / 发展空间大 / 16薪 / 五险一金 / 13薪 / 年度体检职业发展：核心高管岗位 / 五险 / 弹性工作 / 年终奖金 / 年终奖 / 行业资源对接 / 项目决策权 / 带薪年假 / 15薪 / 长期激励 / 年度体检 / 14薪,"项目投资全流程管理
负责金、铜等金属矿项目的市场拓展、项目搜寻、筛选与储备，建立优质项目池。
组织开展矿山现场尽调：地质资源、采矿 / 选矿工艺、生产运营、证照合规、环保安评、财务法务等全面研判。
完成项目估值、盈利模型、投资回报测算，撰写投资可行性报告与尽调报告。
投资交易与方案设计
设计投资结构：股权收购、增资扩股、矿权合作、债权 + 股权、并购重组等。
主导商务谈判、交易条款、投资协议、合作模式，推动项目交割落地。
投后管理与风险控制
负责投后管控：生产经营跟踪、财务监管、技改督导、证照延期、安全生产与环保合规管理。
制定退出方案：股权转让、并购退出、大股东回购、IPO / 借壳、资产证券化等。
行业与资源拓展
跟踪矿业政策、金价 / 铜价走势、资源储量趋势，建立行业数据库与研判体系。
维护地质队、矿业公司、矿权持有人、评估机构、律所、券商等合作资源。
团队与协同管理
带领投资团队开展项目执行，负责人才培养、项目复盘、效率提升。
协同募资、风控、法务、财务等部门完成投资全流程落地。
四、","本科及以上学历，地质工程、采矿工程、矿物加工、资源勘查、金融、投资等相关专业。
5 年以上金铜矿实际投资 / 并购 / 矿山管理经验，具备完整项目投资案例。
能独立看懂地质报告、储量报告、采矿证、环评、安评、土地等合规文件，具备矿山现场判断能力。
熟悉矿业投资逻辑、矿权交易、并购流程、投资估值模型、风控要点。
具备优秀的项目研判、商务谈判、交易设计、报告撰写与项目推动能力。
能接受高频出差（矿山现场尽调），抗压能力强，结果导向。
有矿业公司、地质院、矿业基金、大宗资源投资机构背景优先；有基金从业资格优先。
五、薪酬福利
高薪体系：底薪 + 绩效 + 项目提成 + 年终奖金
基础保障：五险一金、带薪年假、节日福利、年度体检
职业发展：核心高管岗位、项目决策权、长期激励、行业资源对接
 查看全部",CSS / React / PMP / Go / HTML / jQuery / UG / AI,其他商务服务业,https://www.liepin.com/job/1983004615.shtml
80,猎聘,能源/化工/环保,矿物加工,选矿工程师【30-40k to马里】,企业,某上海大型新能源公司,10000人以上,上海市,上海,上海,30-40k·14薪,统招本科,10年以上,20260602172945,16薪 / 18薪 / 13薪 / 15薪 / 14薪,"】
一、技术管理与工艺优化
1、选厂流程优化与改进，确保产量、回收率和精矿品位达标；
2、解决生产中的技术难题（如磨矿细度波动，锂辉石与脉石矿物分离效率低、药剂制度不合理等）；
3、数据分析与报告：
a、监控选矿生产数据（如原矿处理量、精矿产量、尾矿品位、药剂消耗），分析关键指标波动原因并提出改进措施；
b、编制技术报告、工艺规程及操作指南。
二、生产运营管理
1、生产指导与问题解决
a、监督选厂日常生产，确保工艺参数稳定，及时处理异常情况（如设备故障、流程堵塞、产品质量波动）；
b、优化药剂配比、磨矿细度、浮选时间等关键参数，降低生产成本。
三、团队协作与培训
a、指导选矿技术团队（技术员、操作员）提升专业技能，定期组织技术培训；
b、培养后备技术人才，搭建高效协作的技术梯队。
【","】
一、教育背景：矿物加工工程专业，本科及以上学历；
二、经验要求：10年以上选矿经验，5年以上锂矿选矿工作经验，熟悉锂矿资源特性及分选难点；
三、技能要求：精通选矿工艺设计、药剂应用、设备选型。
 查看全部",JavaScript / CSS / Java / React / PMP / jQuery / Go / HTML / 数据分析 / 药剂应用 / 精通选矿工艺设计 / UG / AI,新能源,https://www.liepin.com/a/76329413.shtml
81,猎聘,能源/化工/环保,矿物加工,原料研究负责人（化妆品）,企业,某知名公司,2000-5000人,上海市,上海,上海,35-55k·14薪,博士,5-10年,20260610101622,16薪 / 13薪 / 14薪 / 15薪,"：
1、负责原料研究部的战略规划、OKR目标制定与分解、团队管理
2、制定和执行原料研究及开发战略,确保与公司的长期目标和和市场趋势保持一致;
3、搜集国内外品牌方的原料研究方向与内容,规划内部研究方向;
4、追踪市场上的新技术,进行资料收集与梳理,实现内部开发规划及落地公司确认的开发项目
5、负责原料开发过程,确保原料的科学性、安全性和创新性;
6、评估新技术的应用和新原料开发,深入功效机理研究,推动产品创新和改进;
7、与跨部门团队合作,包括品牌、市场、配方、质量等部门的的协作,确保原料开发的商业化;
8、管理和指导原料开发团队的日常工作,招聘、培训和发展团队成员,建立高效能的科研团队","1、具有发酵工程、分子生物学、生物合成、微生物学相关专业硕士以上学历，5年工作经验，3年原料开发团队管理经验
2、具备基础生物学、化学、皮肤生理学等相关理化专业基础知识;
3、了解化妆品原料、配方、工艺、测试、皮肤机理等基础知识。
4、掌握植物提取、发酵、合成、矿物加工等研究领域的相关方法,自主实验设计及开展;
 查看全部",JavaScript / CSS / Java / 团队管理 / React / PMP / Go / HTML / 韩语 / jQuery / UG / AI,电子商务,https://www.liepin.com/a/75469991.shtml
82,猎聘,能源/化工/环保,矿物加工,环保工程师/专家（Base福建）,企业,某国内知名公司,10000人以上,上海市,上海,上海,40-70k·16薪,硕士,5-10年,20260610112025,16薪 / 18薪 / 五险一金 / 13薪 / 15薪 / 五险 / 双休 / 14薪,"：
1.负责环保领域项目(课题)的具体实施，对科研工作过程管理、完成质量负责；
2.研究开发固废资源利用领域新技术、新方法、新工艺；
3.进行成果总结，推进研究成果转化与产业化。","1.环境工程、材料科学与工程、冶金工程、矿物加工工程专业，硕士及以上学历；
2.掌握尾矿及冶炼渣等固废资源利用工艺、设备以及应用现状和发展趋势；精通固废矿物学分析、材料制备工艺优化，具备产品性能检测与改良能力，5 年以上在固废资源化研究经验。
3.具有良好的沟通、协调能力。
 查看全部",JavaScript / CSS / Java / React / PMP / Go / HTML / jQuery / UG / AI,矿产开采,https://www.liepin.com/a/73466241.shtml
83,猎聘,能源/化工/环保,矿物加工,客服专员,企业,舟山飞旭科技有限公司,/,安徽省,芜湖,芜湖,4-6k,学历不限,1年以下,20240408181148,16薪 / 带薪年假 / 年终奖金 / 绩效奖金 / 18薪 / 年终奖 / 五险一金 / 全勤奖 / 13薪 / 15薪 / 五险 / 14薪,：,"1.负责公司线上客户订单处理工作
2.通过在线沟通的方式及时回复客户咨询问题,解决客户的顾虑和疑虑,做好售前售后服务
3.定期对已出单的客户进行跟踪服务及售后回访,提升客户满意度,增加销售机会
4.收集市场信息,为业务开发提供支持,维护客户关系,建立良好的客情关系
5.完成上级领导安排的其他任务
 查看全部",JavaScript / CSS / Java / React / CAD / PMP / 算法 / HTML / Maya / jQuery / UG / AI,游戏,https://www.liepin.com/job/1966082327.shtml
84,猎聘,能源/化工/环保,矿物加工,选矿厂厂长/经理（外派）,企业,某知名上市公司,10000人以上,上海市,上海,上海,80-100k,本科,5-10年,20260525153427,团队建设 / 16薪 / 13薪 / 18薪,"：
1、负责选矿厂的整体运营和管理工作，确保生产目标的实现；
2、负责选矿设备的维护和管理，确保设备正常运行；
3、制定并优化选矿工艺流程，提高生产效率和产品质量；
4、组织技术改造项目，提升生产技术和管理水平；
5、负责团队建设与人才培养，推动员工职业发展。","1、本科及以上学历，机电或矿物加工工程相关专业；
2、具有5年以上选矿厂管理工作经验，熟悉选矿工艺和技术改造；
3、具备良好的英语沟通能力，能够用英语进行日常交流和文件处理；
4、具备较强的组织协调能力和团队管理能力；
5、具有较强的技术创新意识和解决问题的能力；
6、能适应一定的出差工作安排。
 查看全部",JavaScript / CSS / Java / 团队管理 / React / 英语 / PMP / Go / HTML / jQuery / UG / AI,矿产开采,https://www.liepin.com/a/76020695.shtml
85,猎聘,能源/化工/环保,矿物加工,机械/选矿 管培生,企业,河北澳金机械设备有限公司,100-499人,上海-闵行区,上海-闵行区,上海-闵行区,8-14k,本科,经验不限,20260402111051,16薪 / 五险一金 / 13薪 / 周末双休 / 员工食堂 / 五险 / 双休 / 饭补 / 交通便利,"1、公司介绍：主营矿山机械，主要市场是非洲、俄罗斯、美洲、东南亚、澳大利亚。主要产品涉及渣浆泵、工业泵、破碎筛分设备、旋流器、磨机、浮选设备。
2、培养方向：技术型销售或技术支持，和语言类的同事组成项目团队去海外客户一线，进行技术和产品交流，市场开拓。
3、","（1）（1）23-26届，本科及以上学历，矿物加工工程、矿业工程优先，机械类口语好的优先，985/211学校优先；；
（2）性格开朗，具有较好的沟通协调能力，学习力强；
（3）能接受海外出差8/9个月，国外食宿行公司报销，综合年薪20万+；
 （4）英语、俄语、西语、法语好为加分项。
4、福利待遇：双休、五险一金、一年4次奖金、海外补贴、饭补
 查看全部",沟通协调 / CSS / 法语 / 英语 / React / PMP / Go / HTML / jQuery / UG / AI,机械/设备,https://www.liepin.com/job/1981448051.shtml
86,猎聘,能源/化工/环保,矿物加工,生产总监/经理,企业,CMOC洛阳钼业,10000人以上,上海-虹口区,上海-虹口区,上海-虹口区,45-75k·17薪,硕士,10年以上,20260130195858,外派津贴 / 发展空间大 / 年终奖金 / 带薪年假 / 绩效奖金 / 16薪 / 年终奖 / 扁平管理 / 五险一金 / 13薪 / 15薪 / 公司规模大 / 五险 / 定期体检 / 团队建设 / 14薪,"一、 岗位概述
作为公司全球矿山生产运营体系的核心负责人，本岗位旨在领导、优化并统一所有海外矿山项目的日常生产运营活动。通过整合先进生产技术、实施运营体系、并建立严格的安全与成本控制标准，确保各矿山安全、高效、可持续地达成产量、质量、成本及资源利用率等核心商业目标，最终实现公司全球矿产资产的全生命周期价值最大化。
二、 核心职责
1、全球生产运营战略与执行：
制定并实施公司全球矿山生产运营的年度及中长期战略规划，确保与集团整体业务战略对齐。
建立并推行全球统一的标准化生产运营管理体系、关键绩效指标体系（KPIs）及实践。
全面监控并分析所有海外矿山的月度、季度、年度生产绩效（如矿石产量、品位、回收率、设备利用率、吨矿成本），识别偏差并驱动持续改进。
2、生产技术管理与优化：
领导采矿、选矿、冶金等各生产环节的技术规程审核与优化，确保技术方案的安全、高效与经济性。
推动新技术、新工艺、数字化与自动化解决方案在全球矿山的评估、试点与应用，以提升生产效率与资源综合回收率。
主导重大生产瓶颈问题的技术攻关与跨区域专家支持，组织处理重大生产中断事件。
3、安全、健康、环保与社区关系（HSE & Community）：
树立并维护“零伤害”的安全文化，确保所有运营活动严格遵守公司全球HSE标准及所在国法规。
监督重大环境与社会风险的管理，确保运营符合国际可持续发展标准（如ICMM原则）。
指导各矿山管理层维护良好的社区与政府关系，确保运营的社会许可（Social License to Operate）。
4、团队领导与能力建设：
领导全球生产运营团队（包括直接下属及虚线管理的各矿山运营负责人），负责团队建设、绩效管理与人才发展。
建立全球生产人员的技能矩阵与培训体系，组织实施关键岗位的能力认证与继任计划。
促进跨国家、跨文化的知识共享与协作，打造高绩效、一体化的全球运营团队。
5、预算、成本与资本效率：
负责审核并监控各矿山年度运营预算与资本支出（Opex & Capex）的执行情况。
驱动全价值链的成本优化倡议，系统性地降低单位生产成本。
参与评估新项目收购或现有资产扩产的生产运营尽职调查及可行性研究。
三、","1、采矿工程、矿物加工、冶金工程或相关专业硕士及以上学历。
2、至少15年以上大型现代化矿山（露天/地下）生产运营经验，其中8年以上担任大型矿山总经理或跨国矿业公司区域生产运营总监等高级管理职务。
3、具备管理多个国家、多种矿种（如铜、金、铁矿石、锂等）生产运营的复合型经验。
4、拥有从矿山绿地项目投产、爬坡到达产，或现有矿山重大技改扩产的成功领导经验。
5、深谙矿山全价值链（从地质、采矿、选矿到物流）的技术与运营管理，具备突出的商业和财务敏锐度。
6、精通矿业行业安全、环保及社区关系国际标准与实践。
7、出色的数据分析与决策能力，熟练掌握矿山生产调度软件（如MineSight、Datamine、Surpac）及ERP/SAP系统。
8、优秀的战略思维、变革领导力与复杂利益相关者管理能力。
素质要求：
-强大的领导魅力与跨文化团队激励能力。
-在高压和不确定环境下保持冷静，具备危机管理能力。
-以结果为导向，同时坚定不移地秉持安全与可持续发展的核心价值观。
-出色的沟通、影响和谈判技巧，能够与董事会、投资者、政府及社区有效沟通。
 查看全部",Git / CSS / React / PMP / 数据分析 / Go / HTML / jQuery / UG / AI,资产管理,https://www.liepin.com/job/1980111295.shtml
87,猎聘,能源/化工/环保,矿物加工,钢贸业务经理--上海,企业,某上海贸易进出口公司,100-499人,上海市,上海,上海,15-30k,统招本科,5-10年,20260603133819,/,"：
1.完成公司下达的业务收入和利润指标任务；
2.了解钢贸领域的业务模式、业务风险、上下游客户和仓储物流企业，能独立开展采销市场开拓、客户开发以及客户关系管理工作；
3.及时掌握国家相关政策、市场行情，把握上下游动态、供求动向，做出交易预判；
4.跟进、掌握上下游需求，关注合作方经营、盈利情况，如遇突发、异常情况及时采取应对措施；
5.汇总负责业务的执行情况，搜集及分析市场信息及同业交流获取的讯息，定期向上级领导汇报或形成报告上报。","1.年龄40岁及以下，大学本科及以上学历且取得相应学位，国际贸易、矿物加工工程、冶金、材料、工商管理、物流管理、市场营销、经济类、管理类等相关专业优先；
2.熟悉大宗商品贸易行业及市场走势，具备3年以上钢贸业务从业经验，能够较准确分析市场，熟悉各个环节及流程，并能处理各种风险及突发状况；
3.具备独立开展业务的能力，精通对应业务模式、市场分析、商务谈判、合同管理及风险防控，拥有稳定上下游客户资源或渠道者；
4.工作态度认真，具有较强的执行力、人际交往能力、服务意识和团队协作精神，能适应出差或外派需求。
 查看全部",JavaScript / CSS / Java / React / PMP / Go / HTML / jQuery / UG / AI,贸易/进出口,https://www.liepin.com/a/76358627.shtml
88,猎聘,能源/化工/环保,矿物加工,高级选矿工程师（非洲）,企业,某国内新能源上市公司,5000-10000人,上海市,上海,上海,30-40k·14薪,学历不限,10年以上,20260603171159,14薪,"】
一、技术管理与工艺优化
1、选厂流程优化与改进，确保产量、回收率和精矿品位达标；
2、解决生产中的技术难题（如磨矿细度波动，锂辉石与脉石矿物分离效率低、药剂制度不合理等）；
3、数据分析与报告：
a、监控选矿生产数据（如原矿处理量、精矿产量、尾矿品位、药剂消耗），分析关键指标波动原因并提出改进措施；
b、编制技术报告、工艺规程及操作指南。
二、生产运营管理
1、生产指导与问题解决
a、监督选厂日常生产，确保工艺参数稳定，及时处理异常情况（如设备故障、流程堵塞、产品质量波动）；
b、优化药剂配比、磨矿细度、浮选时间等关键参数，降低生产成本。
三、团队协作与培训
a、指导选矿技术团队（技术员、操作员）提升专业技能，定期组织技术培训；
b、培养后备技术人才，搭建高效协作的技术梯队。
【","】
一、教育背景：矿物加工工程专业，本科及以上学历；
二、经验要求：10年以上选矿经验，5年以上锂矿选矿工作经验，熟悉锂矿资源特性及分选难点；
三、技能要求：精通选矿工艺设计、药剂应用、设备选型。
 查看全部",JavaScript / CSS / Java / React / PMP / jQuery / Go / HTML / 数据分析 / 药剂应用 / 精通选矿工艺设计 / UG / AI,批发/零售,https://www.liepin.com/a/76377239.shtml
89,猎聘,能源/化工/环保,矿物加工,青岛业务部经理,企业,某上海贸易进出口公司,100-499人,上海市,上海,上海,15-25k,统招本科,3-5年,20260602191304,发展空间大 / 绩效奖金 / 五险一金 / 公司规模大 / 五险,"：
1.完成公司下达的业务收入和利润指标任务；
2.了解钢贸领域的业务模式、业务风险、上下游客户和仓储物流企业，能独立开展采销市场开拓、客户开发以及客户关系管理工作；
3.及时掌握国家相关政策、市场行情，把握上下游动态、供求动向，做出交易预判；
4.跟进、掌握上下游需求，关注合作方经营、盈利情况，如遇突发、异常情况及时采取应对措施；
5.汇总负责业务的执行情况，搜集及分析市场信息及同业交流获取的讯息，定期向上级领导汇报或形成报告上报。","1.年龄40岁及以下，大学本科及以上学历且取得相应学位，国际贸易、矿物加工工程、冶金、材料、工商管理、物流管理、市场营销、经济类、管理类等相关专业优先；
2.熟悉大宗商品贸易行业及市场走势，具备3年以上钢贸业务从业经验，能够较准确分析市场，熟悉各个环节及流程，并能处理各种风险及突发状况；
3.具备独立开展业务的能力，精通对应业务模式、市场分析、商务谈判、合同管理及风险防控，拥有稳定上下游客户资源或渠道者；
4.工作态度认真，具有较强的执行力、人际交往能力、服务意识和团队协作精神，能适应出差或外派需求。
 查看全部",JavaScript / CSS / Java / React / PMP / Go / HTML / jQuery / UG / AI,贸易/进出口,https://www.liepin.com/a/76333675.shtml
90,猎聘,能源/化工/环保,矿物加工,Sales Engineer 销售工程师,企业,山特维克,2000-5000人,上海-长宁区,上海-长宁区,上海-长宁区,15-20k,本科,5-10年,20260408144152,16薪 / 18薪 / 13薪 / 15薪 / 14薪,"：
1. Be responsible for sales of the Screen Media business to customers in SA China.
负责 中国区筛分（Screen Media）业务的产品及服务销售工作。
2. Retain and grow business with existing customers, while developing new customers and business opportunities.
维护并拓展现有客户业务，同时开发新客户和新的业务机会，实现销售增长。
3. Anticipate and understand customer needs, and match them with appropriate product and service solutions to maximize customer value, revenue, and profitability.
主动预判并深入理解客户需求，结合公司产品及服务组合进行匹配，最大化实现客户价值和销售利润。 
4. Pursue sales leads and visit existing and potential customers of strategic importance; assess customer needs, respond to complex inquiries, negotiate prices and delivery times within authorized limits, and conclude sales orders to meet revenue targets.
跟进销售线索，拜访对公司具有战略意义的现有及潜在客户；评估客户需求，解答较复杂的客户咨询；在授权范围内协商价格与交付周期，签订销售订单并完成营收目标。 
5. Collect and communicate relevant market and business intelligence to product and sales management using applicable systems.
通过适用系统收集行业、市场及客户信息，并及时与产品部门及销售管理层沟通。
6. Establish and execute annual, quarterly, monthly, and weekly sales plans; prioritize and schedule activities to ensure targets are achieved.
制定并执行年度、季度、月度及周度销售计划，合理安排工作优先级与日程，确保完成各项销售目标。 
7. Execute sales activities in compliance with company rules, regulations, and processes.
严格按照公司规章制度和流程开展销售工作。
Key Competencies & Qualifications","1. Positive, proactive, and optimistic mindset; willing to take on challenges.
积极乐观，勇于接受挑战，具备较强的自我驱动力。
2. Good at English reading and writing, able to use English as a working language.
具有一定的英语听、说、读、写能力，能够将英语作为日常工作语言。
3. Broad professional knowledge in own discipline with the ability to continuously learn and expand capabilities.
具备本专业领域的多元知识与经验，并持续学习、拓展能力边界。
4. Team-oriented mindset with willingness to share knowledge and collaborate.
具备良好的团队合作意识，愿意分享经验与知识。
5. Minimum 5 years of sales experience in the mining industry, with experience in large-scale mining projects or aftermarket/key account management preferred.
具备 5 年以上矿山或大型设备销售经验，有大型矿山项目或重点客户/售后市场维护经验者优先。
6. Bachelor’s degree in mineral processing, mining, or related disciplines.
本科及以上学历，矿物加工、采矿工程或相关专业背景。
7. Experience in selling screen media or other mining consumable products is a strong advantage.
具有筛分或其他矿山机械产品销售经验者优先。
Working Location： Flexible
 查看全部",CSS / 项目管理 / 英语 / React / PMP / Go / HTML / jQuery / UG / AI,机械/设备,https://www.liepin.com/job/1981577721.shtml
91,猎聘,能源/化工/环保,矿物加工,总经理（矿业）,企业,璞泰来,5000-10000人,上海-浦东新区,上海-浦东新区,上海-浦东新区,薪资面议,本科,10年以上,20260309094745,管理规范 / 16薪 / 年终奖金 / 节日礼物 / 餐费补贴 / 带薪年假 / 年终奖 / 扁平管理 / 18薪 / 五险一金 / 13薪 / 15薪 / 公司规模大 / 五险 / 定期体检 / 14薪,"：
1、制定并实施公司的中长期发展战略、年度经营计划和预算方案。
2、全面负责公司的生产经营管理，对公司的产量、成本、利润、质量等核心指标负责。
3、全面负责矿山（采）、选矿厂（选）、冶炼厂（冶）三大核心板块的生产协调与管理。
4、领导和管理公司高层管理团队，建设高素质、专业化的员工队伍。
5、维护与政府机构、行业组织、当地社区及合作伙伴的良好关系，为公司发展创造有利的外部环境。
6、推动技术创新和工艺改造，提升自动化、智能化水平，降低生产成本。","1、大学本科及以上学历，采矿工程、矿物加工、冶金工程等相关专业。
2、15年以上矿业行业工作经验，其中至少8年以上在大型铜、镍矿企业担任副总经理或以上高级管理职务。
3、必须具备完整的、大型铜、镍矿项目“采、选、冶”一体化全流程管理经验。 
4、精通铜、镍矿开采、选矿、冶炼的核心技术、工艺流程和设备管理。
5、具有海外大型铜、镍矿项目管理工作经验者优先。
 查看全部",CSS / 项目管理 / React / PMP / Go / HTML / jQuery / UG / AI,新能源,https://www.liepin.com/job/1977892863.shtml
92,猎聘,能源/化工/环保,矿物加工,矿业总经理,企业,某上海矿产开采上市公司,1000-2000人,上海市,上海,上海,120-180k,统招本科,10年以上,20260319150906,16薪 / 14薪 / 15薪,"：
1、生产流程优化：
-生产管理模式的优化，建立完整的生产系统数据库。
2、生产成本管控：
-将实际完成的月、季度生产成本情况与年度预算进行对比，跟踪关注实际总成本的完成比
例和各分项成本控制情况，及时查找直接生产成本敏感指标的变动情况，并采取有效措施加
以矫正，确保直接生产成本有效可控。
3、生产安全管理：
-负责公司的生产运营管理工作，包括且不限于公司的生产、质量、安全等；
4、生产运营管理：
-确保外购生产原料的稳定供应与品质达标;
-硫酸销售业务渠道拓展、定价策略制定、客户关系维护及订单履约管理，实现产品价值最大化。","1、大学本科及以上学历，冶金工程、矿物加工工程等专业优先；
2、有色行业 15 年及以上工作经验，其中不少于 3 年及以上有色冶炼公司总经理工作经验；
 查看全部",JavaScript / CSS / Java / 英语 / React / PMP / Go / HTML / jQuery / UG / AI,矿产开采,https://www.liepin.com/a/73600279.shtml
93,猎聘,能源/化工/环保,矿物加工,选冶工程师（国企）,企业,某国内担保/拍卖/典当上市公司,1000-2000人,上海市,上海,上海,25-35k,统招本科,5-10年,20260610090023,16薪 / 18薪 / 13薪 / 15薪 / 14薪,"：
1.﻿技术管控与指导：具体负责选矿工艺技术管理和技术指导工作，指导制定选矿生产计划和保证措施，深度钻研选矿工艺，依据矿石特性与生产目标，为选矿流程设计精准方案，为生产计划提供技术蓝图，确保选矿作业高效有序开展；
2.﻿设备选型及优化：负责选矿设备的优选和选矿的技术经济分析工作，以及机械设备的正常运行和管理，综合考量设备性能、成本与适配性，筛选出最适宜的选矿设备；
3.﻿计划指标制定：负责制定选矿加工计划，并予以实施，确保入选矿石品位、选矿回收率等技术指标达标；
4.﻿试验研究与流程优化：组织选矿试验研究，负责选矿设备工艺和生产流程、机械、新技术的优化及改造调整，持续探索选矿新工艺、新药剂与新设备，通过试验获取可靠数据，以此为依据对现有选矿设备工艺、生产流程与机械进行深度优化与创新改造，增强选矿工艺的先进性与适应性，提高资源利用率与生产效率；
5.﻿报告编写及进度把控：负责选矿技术可行性报告编写，能够编写项目的可行性报告，并对选矿生产过程的质量及进度进行检查；
6.﻿技术论证与难题攻克：参与矿山企业的选矿技术论证工作，对选矿技术难题提供技术支持，在技术研讨与论证会议中，凭借丰富经验与深厚专业知识，贡献独到见解与建设性意见；
7. ﻿协助做好对外投资开发管理工作。","1.年龄45周岁及以下，5年及以上矿山企业选治工作岗位经历，具有较丰富行业资源者优先；
2.﻿矿物加工工程、选矿工程等相关专业，取得中级及以上职称；
3.﻿具有选矿及相关专业理论知识，具备较高的选矿机械设备专业知识，选矿生产设施设备管理能力，熟知安全规范和操作规范，具备矿山企业安全管理者经验优先，能接受短期出差。
 查看全部",JavaScript / CSS / Java / React / PMP / Go / HTML / jQuery / UG / AI,担保/拍卖/典当,https://www.liepin.com/a/74840179.shtml
94,猎聘,能源/化工/环保,矿物加工,大项目组高级专员,企业,耐普矿机,1000-2000人,上海-青浦区,上海-青浦区,上海-青浦区,12-15k,本科,3年以上,20260514101207,外派津贴 / 带薪年假 / 餐费补贴 / 住房补贴 / 五险一金 / 交通补助 / 13薪 / 岗位晋升 / 五险 / 定期体检 / 弹性工作 / 14薪 / 提供住宿,"】
项目支持与执行：
1、协助大项目组组长，跟进和执行国际大型项目（如EPC总包项目、千万级以上设备供货项目）的日常商务计划。
2、负责项目相关信息的收集、整理、翻译与传递，确保项目组内部及与客户之间的信息同步。
3、协助跟踪项目关键节点的进度，并协调内部资源推动解决遇到的问题。
客户关系与沟通维系：
 1、作为项目组与客户日常沟通的重要接口之一，维护与项目客户对口部门（市场部、技术、项目办）的良好关系。
2、协助组织并参与客户技术交流会、商务谈判及高层拜访，负责会议准备、记录、翻译及后续跟进。
3、及时响应客户在日常沟通中的商务与技术咨询，提供专业、准确的初步解答或协调内部技术专家回复。
商务谈判与文件管理：
1、在组长指导下，准备商务谈判所需的技术澄清文件、报价对比分析、合同条款摘要等支持材料。
2、负责大项目相关的所有商务与技术文件的整理、归档与版本管理，包括但不限于招标文件、投标书、技术协议、商务合同、会议纪要及往来信函。
3、确保所有项目文档的准确性、完整性和保密性。
内部协同与资源协调：
1、作为项目组与公司内部（销售、技术、生产、物流、法务、财务）的协调枢纽，高效传递客户需求，跟踪内部任务落实情况。
2、协助组长协调内部资源，以支持项目投标、合同执行及问题解决。
【","】
 1、本科及以上学历，矿冶工程（采矿、选矿、冶金）、矿物加工、机械工程等相关专业毕业，有留学经历优先。
2、英语水平优秀，要求听说读写流利，可作为工作语言进行技术交流、商务谈判及合同文书撰写（需提供相关证明，如CET-6、TEM-8、雅思6.5或托福90以上）。
3、3年以上工作经验，具有大型矿山项目现场经验、设备厂商技术支持、国际贸易或项目助理经验者优先。有参与国际矿业项目经历者极佳。
 查看全部",雅思 / CSS / 项目管理 / 托福 / 英语 / React / CAD / PMP / Go / HTML / jQuery / UG / AI / Excel,机械/设备,https://www.liepin.com/job/1980257557.shtml
95,猎聘,能源/化工/环保,矿物加工,选矿工程师,企业,西藏珠峰,2000-5000人,上海-静安区,上海-静安区,上海-静安区,18-25k,统招本科,5年以上,20260610165655,16薪 / 带薪年假 / 餐费补贴 / 18薪 / 五险一金 / 13薪 / 15薪 / 五险 / 通讯津贴 / 14薪,"：
1、负责总部对子公司现场选矿工艺技术管理和指导工作，不断提高选矿回收率和处理量，要达到合同要求的技术指标；
2、负责取样、试验、化验等方面的技术指导工作，同时能够指导根据生产中出现的问题做好试验工作；
3、熟悉铅锌品种选矿技术，熟悉各种药剂制度；
4、负责制订并完善选矿技术操作规程，并协助现场选矿工人的技术提升等培训工作； 
5、负责根据总部要求，指导制订选矿技术创新和技术改进工作计划，并组织实施；
6、服从领导安排，能够保质保量地完成领导交给的各项工作任务。","1、本科及以上学历，矿物加工工程或矿物资源工程等对口专业，具有中级（含）以上对口专业职称优先；
2、具有5年以上有色金属行业选矿技术经验，其中至少2年铅锌矿种同等工作经历，有境外实体项目工作经验优先；
3、具有良好的沟通协调组织能力，较强的现场管理能力、处理解决专业技术难题的能力，责任心强，有团队意识；
4、能接受中、长期境外矿山项目工作。
 查看全部",沟通协调 / CSS / 英语 / React / PMP / Go / HTML / jQuery / UG / AI,矿产开采,https://www.liepin.com/job/1974910115.shtml
96,猎聘,能源/化工/环保,矿物加工,会计助理包住,企业,温州市讯和电脑科技有限公司,1-49人,南京-建邺区,南京-建邺区,南京-建邺区,6-7k,大专,1-3年,20240318173424,年底双薪 / 16薪 / 带薪年假 / 包住 / 全勤奖 / 13薪 / 包吃 / 15薪 / 远程办公 / 双休 / 包吃住 / 14薪,"：
1、协助办理纳税申报事宜；
2、制作记帐凭证，单据审核，开具与保管发票；
3、协助财会文件的准备、归档和保管；
4、协助主管完成其他日常事务性工作。","1、财务，会计，经济等相关专业中专以上学历；
2、具有扎实的会计基础知识；
3、具有较强的独立学习和工作的能力，工作踏实，认真细心，积极主动；
4、具有良好的职业操守及团队合作精神，较强的沟通、理解和分析能力。
要求；
1、年龄；26-50岁。
 查看全部",JavaScript / CSS / C++ / Java / PHP / React / CAD / Python / PMP / 算法 / HTML / jQuery / UG / AI,批发/零售,https://www.liepin.com/job/1965566579.shtml
97,猎聘,能源/化工/环保,矿物加工,生产成本高级经理（生产技术部）,企业,CMOC洛阳钼业,10000人以上,上海-虹口区,上海-虹口区,上海-虹口区,35-40k·16薪,本科,8年以上,20260408095014,外派津贴 / 发展空间大 / 年终奖金 / 带薪年假 / 绩效奖金 / 16薪 / 年终奖 / 扁平管理 / 五险一金 / 13薪 / 15薪 / 公司规模大 / 五险 / 定期体检 / 14薪,"一、 岗位定位
作为总部生产技术部的成本管控核心，负责建立全球化矿山的全生命周期成本管控体系。通过技术经济一体化手段，统筹各海外项目（如铜、钴、金、锂等）的生产成本核算、分析、优化及考核工作，确保公司生产运营成本具备国际竞争力，支撑公司战略目标的实现。
二、 核心职责
1. 成本管控体系与标准化建设
建立并完善适用于多国别、多矿种的总部级生产成本管控体系与标准作业流程（SOP）。
制定年度生产运营成本预算标准（如采矿单耗、选矿处理成本、冶炼加工费），并监督各海外项目的执行情况。
统一跨国成本核算口径，解决因不同国家会计准则、财税政策导致的成本数据差异问题，确保总部数据可比性。
2. 预算管理与核算分析
牵头组织年度及滚动生产成本的预算编制、审核与汇总工作。
负责月度/季度生产运营成本数据的穿透式分析（量本利分析、差异分析），出具高阶分析报告，识别成本异常波动，提出预警及改进建议。
深入分析采选冶全链条的关键技术经济指标（如矿石贫化率、回收率、设备运转率、能耗、药剂消耗等）对单位成本的影响，推动“技术降本”。
3. 成本优化与精益生产
统筹各海外项目的降本增效专项行动，对标国际一流矿企（如BHP, Freeport等），识别成本差距并推动落实改进措施。
参与重大技术改造、工艺优化项目的经济技术论证，评估项目投资回报率（ROI）及对生产成本的长远影响。
推动数字化成本管理工具（如MES系统、ERP成本模块）在各矿山的落地，实现成本数据的实时监控与精细化核算。
4. 投资与合同支持
参与重大采掘外包合同、能源采购合同、药剂供应合同的商务谈判，从成本专业角度提供数据支撑与风险控制建议。
参与海外并购项目的尽职调查（运营尽调），评估目标矿山的现有成本结构真实性与优化潜力。
5. 团队管理与跨文化协同
领导总部成本分析团队，提升团队在矿业技术经济、数据分析及外语沟通方面的专业能力。
协调与总部财务部（合并报表）、采购部、以及海外项目现场财务/生产团队的关系，打破数据壁垒，确保成本信息流的畅通与准确。
三、","1. 教育背景
全日制本科及以上学历，采矿工程、矿物加工工程、冶金工程等工科专业背景，或财务管理、会计学（具有矿业背景）。
双背景优先（即懂技术又懂财务，如拥有MBA学位或注册会计师资格）。
2. 工作经验
8-12年以上大型矿业企业工作经验，其中至少3年以上矿业总部或大型矿山（年产百万吨级以上）的成本管控/计划运营经验。
熟悉露天/地下开采、铜/钴/金/锂等选冶工艺流程者优先。
具有国际化矿业公司（如五矿、紫金、洛钼、中铝、或外企如力拓、必和必拓等）总部或海外项目工作经历者优先。
3. 专业技能
技术经济能力：熟练掌握矿业技术经济评价方法，能精准解读选矿回收率、设备台效等指标与成本的关联。
财务分析能力：精通标准成本法、作业成本法；熟悉国际财务报告准则（IFRS）在矿业资产（如剥采比资本化）方面的处理。
工具应用：精通SAP、Oracle等ERP系统成本模块；精通Excel高级建模；熟悉矿业专业软件（如Surpac, Datamine）者优先。
4. 语言与素质
语言能力：英语可作为工作语言（CET-6或同等水平），需具备流畅的商务谈判与专业报告撰写能力；掌握法语/西班牙语/葡萄牙语（针对非洲、南美项目）者优先。
软素质：
抗压能力：能适应高强度工作节奏，处理多项目并行的复杂局面。
沟通能力：具备极强的跨文化沟通能力，能够向外籍员工及外方管理层清晰传达总部成本管控要求。
原则性与灵活性：在坚持总部管控原则的前提下，能因地制宜解决海外现场的复杂问题。
适应能力：能够适应每年多次前往非洲、中亚、南美等高海拔或条件艰苦地区出差。
 查看全部",法语 / CSS / Git / 团队管理 / React / 英语 / PMP / 数据分析 / Go / HTML / Oracle / jQuery / UG / AI / Excel,资产管理,https://www.liepin.com/job/1981326681.shtml
98,猎聘,能源/化工/环保,矿物加工,销售经理-矿山方向,企业,卧龙集团,10000人以上,上海-松江区,上海-松江区,上海-松江区,15-20k·13薪,本科,1-3年,20260601125603,16薪 / 节日礼物 / 餐费补贴 / 18薪 / 五险一金 / 13薪 / 15薪 / 五险 / 双休 / 14薪 / 提供住宿,"一、销售拓展与客户维护
1.聚焦金属矿山领域采矿、选矿设备运维等环节的产品需求，精准对接矿山企业、工程总包方、主机厂等目标客户，完成新客户开发、老客户维系工作
2.跟进销售全流程，包括客户询盘、现场踏勘、商务洽谈、报价议价、合同签订，推动订单落地，按时完成部门下达的销售业绩、回款指标
3.定期走访金属矿山客户现场，了解客户使用反馈、设备运维痛点，收集行业竞品信息、市场动态，及时调整销售策略，挖掘二次合作与增量需求
二、商务统筹与管理执行
1.负责销售订单的全流程商务管控，核对订单信息、跟进产品备货、发货、技术、售后等部门，保障订单准时交付
2.规范商务流程，做好合同归档、账款核对、发票管理、回款跟踪等工作，把控商务风险，确保各项业务合规推进
3.整理销售数据、客户档案、商务报表，定期复盘销售进度与商务环节问题，优化商务协作效率，提升客户服务体验
4.配合团队完成商务投标、资质报备、项目对接等专项工作，协助处理客户售后商务诉求，维护良好的客情关系","一、核心背景要求
1、本科及以上学历，矿山工程、机械工程、机电一体化、矿物加工等相关专业优先
2、需具备矿山产品相关技术背景，金属矿山行业经验优先；熟悉金属矿山开采、选别流程、常用设备性能，对矿山工况特点熟知者优先录用
3、1-3年及以上销售、商务相关工作经验，有矿山设备、矿山备件、矿山耗材销售/商务经验者加分
 查看全部",CSS / React / PMP / Go / HTML / jQuery / UG / AI,电气机械/器材,https://www.liepin.com/job/1981289797.shtml
99,猎聘,能源/化工/环保,矿物加工,选冶高级总监,企业,CMOC洛阳钼业,10000人以上,上海-虹口区,上海-虹口区,上海-虹口区,45-70k·15薪,本科,10年以上,20260316143725,发展空间大 / 外派津贴 / 年终奖金 / 餐费补贴 / 带薪年假 / 公积金 / 年终奖 / 16薪 / 18薪 / 五险一金 / 13薪 / 15薪 / 公司规模大 / 通讯津贴 / 五险 / 定期体检 / 补充公积金 / 14薪,":
一、集团选冶技术战略与体系建设
负责制定并实施集团选矿与冶金技术发展战略及中长期技术规划；
统一集团选冶技术标准、设计原则、技术规范和评价体系；
建立覆盖选矿—冶炼—资源综合利用的集团级技术管理体系；
为新项目可研、扩建、技改项目提供选冶技术路线的顶层决策支持。
二、在产矿山与冶炼系统技术管控
指导并监督各矿区选矿厂、冶炼厂的技术运行和工艺稳定性；
推动关键指标持续优化；
组织解决生产中的重大、疑难选冶技术问题；
推动精益选冶、流程优化与数字化技术在生产中的应用。
三、新建及扩建项目选冶管理
主导新建矿山及选冶项目的工艺方案选择与技术论证；
审核选冶工艺流程、核心设备选型及设计指标；
全程参与项目从可研、设计、建设到投产的技术管控；
确保项目投产达产、达标、达效。
四、技术创新与科研管理
组织集团选冶技术攻关与科研项目立项和管理；
推动新工艺、新设备、新药剂、新材料的引入与应用；
加强与科研院所、设计院、设备及药剂供应商的技术合作；
推动低品位矿、复杂难选矿、伴生资源综合回收技术突破。
五、技术团队与国际化协同
建设集团级选冶专家队伍和技术梯队；
对海外矿山选冶技术团队进行业务指导与能力提升；
搭建跨区域、跨矿山的技术协同与经验共享机制；
参与关键技术人才引进与培养规划。
六、安全、环保与ESG支持
确保选冶技术方案符合国际及当地EHS与环保要求；
Support tailings management、三废处理和资源综合利用技术优化；
支持集团ESG与可持续发展目标在选冶端的技术落地。","一、教育背景
矿物加工工程、冶金工程、冶金物理化学、材料工程等相关专业，本科及以上学历。
二、工作经验
10年以上矿业选矿/冶金相关工作经验；
至少6年以上大型矿业公司或冶炼企业核心技术管理经验；
有海外矿山或国际项目选冶管理经验者优先；
深度参与或主导过大型选冶项目（新建/扩建/技改）。
三、专业能力
精通主流有色金属（铜、钴、镍、钼等）选矿与冶炼工艺；
熟悉复杂矿、难选矿、多金属共伴生资源的处理技术；
具备从地质特征 → 选矿试验 → 工艺流程 → 工业化实施的系统能力；
能从技术角度推动成本控制、效率提升和价值最大化。
四、管理与综合能力
具备集团级技术统筹与跨文化管理能力；
能与生产、项目、资本、设计单位及外部合作方高效沟通；
英语可作为工作语言（会议、技术文件、跨国协同）。
 查看全部",Git / CSS / 英语 / React / PMP / Go / HTML / jQuery / UG / AI,资产管理,https://www.liepin.com/job/1980961913.shtml
100,猎聘,能源/化工/环保,矿物加工,采矿经理,企业,某知名上市公司,5000-10000人,上海市,上海,上海,30-60k,本科,5-10年,20260402125847,16薪 / 13薪 / 15薪 / 双休 / 14薪,"1. 全流程运营管理：在集团规划指导下，制定并执行年度生产计划，全面负责从勘探、采选到冶炼的全流程运营，确保预期效益，以及资源利用优化。
2. 团队领导与组织建设：领导跨文化团队（包括中外籍及属地员工），构建高绩效组织，提升全员凝聚力。负责核心骨干培养及中层团队的选拔、考核与发展，强化班子战斗力。","3.安环与合规风控：完善安环体系，确保运营符合国际标准、所在国法规及公司规范。健全风险预警与应急管理机制，杜绝重大环境及安全事故。
4. 外联与战略协同：作为主要代表与政府、社区、及合作方沟通，化解冲突，营造有利的运营环境。
5. 经营与成本管控：对矿山全面预算及成本负责，确保运营在预算内执行。
 查看全部",JavaScript / 法语 / CSS / Java / 英语 / React / PMP / Go / HTML / jQuery / UG / AI,机械/设备,https://www.liepin.com/a/74148025.shtml
101,猎聘,能源/化工/环保,矿物加工,选矿专家/选矿工程师（有色）,企业,某国内矿产开采上市公司,10000人以上,上海市,上海,上海,50-80k·15薪,硕士,10年以上,20260610152457,16薪 / 18薪 / 13薪 / 15薪 / 14薪,"1. 负责集团选矿中长期技术规划、选矿厂整体工艺布局优化。
2. 审核下属各选矿车间、选矿厂技改方案、扩建方案、工艺改造立项。
3. 统筹全集团磨矿、浮选、重选、脱水等全流程工艺指标管控，提升精矿品位与回收率。
4. 制定集团统一选矿技术标准、操作规程、能耗药耗管控标准。
5. 参与新项目并购选矿技术尽调、选矿可研报告评审、投资技术研判。
6. 分析各选矿厂生产数据，出具月度、季度选矿技术对标分析报告。
7. 解决各下属矿企选矿瓶颈难题，推进智能化、绿色选矿落地应用。","1. 选矿工程、矿物加工相关专业，本科及以上学历，中级及以上职称优先。
2. 5年以上大中型选矿厂技术管理或集团选矿统筹经验。
3. 熟悉全套选矿工艺流程、设备选型、药剂配比、尾矿合规管理。
4. 会写技术方案、会对标分析、能对接总部汇报工作。
5. 熟悉选矿环保、尾矿库安全相关行业政策规范。
 查看全部",JavaScript / CSS / Java / React / PMP / Go / HTML / jQuery / UG / AI,矿产开采,https://www.liepin.com/a/74840515.shtml
102,猎聘,能源/化工/环保,矿物加工,球磨机技术专家,企业,某国内机械/设备公司,100-499人,上海市,上海,上海,25-35k,大专,5年以上,20260416155733,16薪 / 13薪 / 14薪 / 15薪,"：
​1、定制化方案设计与技术支持​：根据客户物料特性（硬度、进料粒度、产能需求），独立完成球磨机选型方案（含单 / 多段磨矿流程设计），提供设备技术参数、功率配置及工艺流程图纸；
2、材料选型与供应链管理​：负责球磨机衬板（高锰钢 ZGMn13、聚氨酯、氧化铝陶瓷）、研磨介质（锻造钢球、高铬合金球）的材料选型，熟悉国内主要供应商分布（如安徽鑫钢、山东华民钢球等），建立耐磨材料性能数据库；
3、竞品分析与行业调研​：定期分析国内外球磨机品牌（美卓 Nordberg、山特维克、中信重工、矿机集团等）的技术优势（如半自磨 + 球磨联合工艺、节能电机应用），对比能耗、耐磨寿命、智能化水平等核心指标，形成《球磨机行业技术趋势报告》，为产品战略提供依据。​
4、项目全流程参与​：参与投标技术文件编制，为销售团队提供球磨机技术答疑（如磨矿浓度控制、衬板更换周期等）；配合完成设备安装调试、操作培训及长期运维指导，确保项目交付达标。接受短期出差，适应矿山、砂石厂等高粉尘现场环境。","1、机械工程、矿物加工工程等相关专业本科及以上学历，5-10 年矿山 / 砂石设备研发或应用经验；
2、熟悉球磨机在金属矿选矿（粗磨 / 细磨工序）、砂石骨料制砂中的工艺要求；
3、精通球磨机工作原理（研磨介质运动轨迹、临界转速计算）、结构设计（筒体强度校核、传动系统匹配）及选型公式；
4、具有良好的客户需求转化能力，具备跨部门协作意识，适应短期出差及户外作业，抗压能力强。
 查看全部",JavaScript / CSS / Java / 英语 / React / PMP / Go / HTML / jQuery / UG / AI,机械/设备,https://www.liepin.com/a/74730847.shtml
103,猎聘,能源/化工/环保,矿物加工,集团选矿专业统筹人,企业,某知名公司,50-99人,上海-静安区,上海-静安区,上海-静安区,30-45k,硕士,5-10年,20260607120234,16薪 / 18薪 / 绩效奖金 / 13薪 / 15薪 / 14薪,"1.统筹集团所有矿山（银、铜、金等多金属矿）选矿全流程管理，制定生产计划与技术方案，保障处理量、精矿品位、回收率等核心指标达成；
2.主导选矿工艺优化、技改攻关、药剂选型与设备升级，降低选矿成本，提升资源综合利用率；
3.建立选矿技术标准与管控体系，解决生产技术难题，指导各项目选矿厂运营；
4.协同采矿、地质、安全等部门，实现采选高效衔接，兼顾生产、安全与环保合规。","1.本科及以上，矿物加工工程等相关专业，中级及以上工程师职称；
2.8 年以上大型多金属矿山选矿管理经验，5 年以上统筹 / 同岗经验，精通浮选、重选、焙烧等主流工艺；
3.熟悉选矿厂生产、设备、成本、安全全维度管理，有技改提效、伴生资源回收项目经验优先；
4.能适应国内外项目出差，具备强技术把控与团队管理能力。
 查看全部",JavaScript / CSS / Java / 团队管理 / React / PMP / Go / HTML / jQuery / UG / AI,其他生活服务,https://www.liepin.com/a/75483877.shtml
104,猎聘,能源/化工/环保,矿物加工,BD GM,企业,某知名公司,10000人以上,上海市,上海,上海,70-100k·15薪,统招本科,10年以上,20260514140853,18薪 / 13薪 / 14薪 / 15薪,"出海方案的total solution provider，target audience主要是传统和基础行业，如食品 加工 工业 纺织 矿物 矿业 金属 木材 汽车 消费品 制造业 能源 电力等。
人选需战略咨询/投资背景。在MBB，四大并购组或者其他类型的咨询机构，或私募基金出身，并且有在企业内部发展的经验。
 查看全部","2. 如您应聘的岗位属于涉外劳务合作/海外岗位的，请务必核实招聘方对外劳务合作资质取得情况，同时注意自身资金安全，防范招聘欺诈。
 3. 本平台招聘方不向求职者提供任何收费服务。
 查看全部
 相关推荐
 展开
 上海财务咨询总监招聘
 上海方案咨询总监招聘
 上海集团管控咨询总监招聘
 上海规划发展中心副总监招聘
 上海风险咨询总监招聘
 上海总部战略咨询总监招聘
 上海财资业务咨询专家招聘
 上海全过程工程咨询总经理招聘
 上海股权咨询专家招聘
 上海咨询方案总监招聘
 上海客户咨询总监招聘
 上海精益咨询主管招聘
 上海体育咨询总监招聘
 上海绿建咨询总监招聘
 上海企培咨询总监招聘
 上海财税咨询总监招聘
 上海数字化咨询总监招聘
 上海战略咨询副总监招聘
 上海中日市场咨询经理招聘
 上海金融行业咨询总监招聘
 上海金融管理咨询总监招聘
 上海美国留学咨询总监招聘
 上海跨境业务咨询总监招聘
 上海流程咨询事业部总监招聘
 上海商业分析咨询总监招聘
 上海工程咨询中心总经理招聘
 上海项目执行总招聘
 上海咨询服务部招聘
 上海组织及人才变革管理咨询总监招聘
 上海项目咨询副总招聘
 相关公司
 上海博程电子科技有限公司
 上海集欧实业有限公司
 上海瑞珂包装技术有限公司
 东道品牌创意集团有限公司上海分公司
 上海蓝梦领航电子商务有限公司
 上海驾轻自控设备工程有限公司
 上海依纯环保科技有限公司
 探步科技(上海)有限公司
 上海幸云信息科技有限公司
 麦金地集团
 上海彦舶文化传媒有限公司
 上海瀚企实业有限公司
 上海亨钧科技有限公司
 IS语音
 FRANGI
 上海星杰宜居住宅科技有限公司
 上海奉拓房地产经纪有限公司
 上海达鸿物流有限公司
 上海扬意装饰工程有限公司
 辰品机械
 上海静安协和房地产有限公司
 上海今禾电子科技有限公司
 上海摩梵供应链管理有限公司
 热门城市
 北京招聘网
 上海招聘网
 广州招聘网
 厦门招聘网
 杭州招聘网
 郑州招聘网
 南京招聘网
 天津招聘网
 重庆招聘网
 成都招聘网
 苏州招聘网
 商丘招聘网
 大连招聘网
 济南招聘网
 宁波招聘网
 无锡招聘网
 青岛招聘网
 沈阳招聘网
 台州招聘网
 西安招聘网
 武汉招聘网
 周边城市
 苏州找工作
 南京找工作
 淮安找工作
 盐城找工作
 扬州找工作
 镇江找工作
 泰州找工作
 宿迁找工作
 无锡找工作
 徐州找工作
 常州找工作
 南通找工作
 连云港找工作
 上海招聘网
 >
 上海咨询总监招聘
 >
 BD GM招聘
 收藏职位
 立即沟通
 更新时间：2026-06-10",JavaScript / CSS / Java / React / PMP / Go / HTML / jQuery / UG / AI,制药,https://www.liepin.com/a/75670675.shtml
105,猎聘,能源/化工/环保,矿物加工,生产技术副总经理,企业,CMOC洛阳钼业,10000人以上,上海-虹口区,上海-虹口区,上海-虹口区,薪资面议,硕士,10年以上,20251027175953,发展空间大 / 外派津贴 / 年终奖金 / 餐费补贴 / 带薪年假 / 公积金 / 年终奖 / 16薪 / 五险一金 / 13薪 / 15薪 / 公司规模大 / 通讯津贴 / 五险 / 定期体检 / 补充公积金 / 团队建设 / 14薪,"核心职责
1. 生产技术与运营管理
统筹协调： 统筹地质、采矿、选矿、冶炼等整个生产链条的技术协调与衔接，解决跨环节的技术难题，保障生产流程畅通。
技术规划： 组织制定和审核公司中长期生产技术发展规划、年度/季度/月度生产计划和技术改造方案。
指标优化： 监督并持续优化关键生产技术指标（如：贫化率、损失率、选矿回收率、精矿品位、冶炼回收率、能耗等），组织技术攻关，降低生产成本。
技术标准： 建立、健全并监督执行公司各项生产技术规程、作业标准和管理制度。
科研创新： 推动新技术、新工艺、新材料的引进、研发和应用，提升公司核心技术竞争力。
2. 机械设备与自动化管理
设备全生命周期管理： 负责公司所有生产设备（采矿、选矿、冶炼、动力等）从选型、采购、安装、调试、使用、维护、检修到报废的全过程管理。
保障体系： 建立和完善设备预防性维护和保养体系，提高设备完好率、运转率，减少非计划停机时间。
备件与成本： 审核关键设备备品备件的采购计划，控制设备维修成本，提高备件使用效率。
自动化与智能化： 推动生产设备的自动化、智能化升级改造，提升生产效率和本质安全水平。
3. 健康、安全与环境（HSE）管理
责任体系： 建立健全并全面落实公司HSE管理体系和安全环保责任制，是分管领域安全环保工作的第一责任人。
风险防控： 组织进行全面的安全、环保风险辨识与评估，制定并监督落实重大风险管控措施和应急预案。
监督检查： 领导公司日常的安全环保检查、隐患排查与治理工作，坚决杜绝“三违”（违章指挥、违章作业、违反劳动纪律）现象。
合规与许可： 确保所有生产活动符合国家及地方的安全、环保法律法规要求，负责相关许可证的申领和维护。
事故管理： 组织或参与安全事故、环保事件的调查、分析和处理，制定并落实纠正与预防措施。
文化建设： 推动公司安全文化建设，组织安全环保教育培训，提升全员安全意识和技能。
4. 团队建设与综合管理
团队领导： 领导和管理一支多专业的技术团队，负责下属的绩效考核、能力培养和职业发展。
预算与成本： 参与编制和执行生产技术、设备维修、HSE等相关的年度预算，并严格控制费用支出。
内外协调： 代表公司与政府安监、环保部门、行业专家、设备供应商等进行技术交流和协调。","要求
1. 学历与专业
硕士及以上学历，采矿工程、矿物加工工程、冶金工程、机械工程、安全工程等相关专业。
必备条件： 具备高级工程师或同等专业技术职称。
2. 工作经验
10年以上大型矿业企业技术管理工作经验，其中至少5年以上在类似岗位（如生产/技术/设备/HSE总监或高级经理）的全面管理经验。
必须精通 地质、采矿、选矿、冶炼中至少两个以上专业领域，并对全流程有深刻理解。
具有丰富的机械设备管理和大型项目技改经验。
拥有成熟的HSE管理实践经验，熟悉矿山安全、尾矿库管理、职业病防治、环境保护等相关法规和标准。
3. 知识与技能
专业知识： 精通矿业开发全流程技术，熟悉国内外先进的采矿、选矿、冶炼工艺与设备。
管理能力： 出色的领导力、决策能力、沟通协调能力和团队建设能力。
问题解决： 强大的分析问题和解决复杂技术难题的能力。
合规意识： 深刻理解并严格遵守国家在矿业领域的安全生产、环境保护等法律法规。
计算机技能： 熟练使用办公软件及相关的矿业专业软件（如Surpac、MineSight、CAD等者优先）。
4. 职业素养
具有极强的责任心、原则性和风险意识。
工作作风严谨，注重细节，执行力强。
能够在压力下工作，并适应矿山现场的工作环境。
具备出色的职业道德和敬业精神。
 查看全部",沟通协调 / CSS / Git / 英语 / React / CAD / PMP / Go / HTML / jQuery / UG / AI,资产管理,https://www.liepin.com/job/1978034945.shtml
106,猎聘,能源/化工/环保,矿物加工,选矿总监,企业,CMOC洛阳钼业,10000人以上,上海-虹口区,上海-虹口区,上海-虹口区,45-70k·15薪,本科,5-10年,20260316144443,发展空间大 / 外派津贴 / 年终奖金 / 餐费补贴 / 带薪年假 / 公积金 / 年终奖 / 16薪 / 18薪 / 五险一金 / 13薪 / 15薪 / 公司规模大 / 通讯津贴 / 五险 / 定期体检 / 补充公积金,":
一、选矿技术管理与工艺优化
负责在产矿山选矿厂的技术管理与工艺管控；
指导并持续优化选矿流程，提高金属回收率、精矿质量和系统稳定性；
统筹选矿关键技术指标管理（回收率、处理量、药耗、电耗等）；
参与解决生产中的重大、复杂选矿技术问题。
二、选矿技术标准与制度建设
负责贯彻和落实集团选矿技术标准、工艺参数及操作规范；
根据矿石性质变化，组织调整工艺参数或流程设计；
组织建立选矿技术评价、诊断和优化机制；
推动不同矿山之间的技术对标和经验复制。
三、新建及技改项目选矿支持
参与新建矿山、扩建和技改项目的选矿工艺论证与方案评审；
审核选矿工艺流程、主要设备选型及设计指标；
参与选矿调试、试生产和达产达标工作；
确保选矿系统投产后的运行稳定性和技术指标达成。
四、试验研究与技术改进
组织开展矿石选矿试验、流程优化试验和工业应用验证；
推动新设备、新药剂、新流程在生产中的应用；
针对复杂、难选或低品位矿石，推动技术攻关；
对接设计院、科研院所及技术供应商开展合作。
五、团队管理与技术赋能
指导和提升矿山选矿技术团队的专业能力；
建立选矿技术专家库和技术梯队；
组织选矿技术培训、技术交流与经验总结；
协助开展核心选矿技术人员的培养与引进。
六、安全、环保与合规支持
确保选矿技术方案符合安全生产与环保要求；
支持尾矿管理、药剂使用、节能降耗相关技术优化；
配合ESG及可持续发展目标在选矿端的落实。","一、教育背景
矿物加工工程、选矿工程、冶金工程等相关专业，本科及以上学历。
二、工作经验
12年以上选矿相关工作经验；
具备大型矿山选矿厂技术或生产管理经验；
有海外项目或外籍团队协作经验者优先；
参与过新建选矿厂或重大技改项目者优先。
三、专业能力
精通选矿基本理论与主流工艺（破碎、磨矿、浮选、浓缩、过滤等）；
熟悉常见有色金属矿（铜、钴、钼、镍等）的选矿特点；
能独立组织选矿试验并推动工业化应用；
对选矿指标、成本和稳定性具有强敏感度。
四、管理与沟通能力
具备跨矿山、多团队技术管理能力；
良好的沟通协调和问题推动能力；
英语可作为工作语言者优先。
 查看全部",沟通协调 / CSS / 团队管理 / React / 英语 / PMP / Go / HTML / jQuery / UG / AI,资产管理,https://www.liepin.com/job/1980962481.shtml
107,猎聘,能源/化工/环保,矿物加工,销售经理,企业,卧龙集团,10000人以上,上海-松江区,上海-松江区,上海-松江区,15-30k,本科,1-3年,20260323085644,年终奖金 / 带薪年假 / 绩效奖金 / 餐费补贴 / 政府补贴 / 年终奖 / 五险一金 / 13薪 / 周末双休 / 15薪 / 五险 / 双休 / 14薪 / 提供住宿,"一、销售拓展与客户维护
1.聚焦金属矿山领域采矿、选矿设备运维等环节的产品需求，精准对接矿山企业、工程总包方、主机厂等目标客户，完成新客户开发、老客户维系工作
2.跟进销售全流程，包括客户询盘、现场踏勘、商务洽谈、报价议价、合同签订，推动订单落地，按时完成部门下达的销售业绩、回款指标
3.定期走访金属矿山客户现场，了解客户使用反馈、设备运维痛点，收集行业竞品信息、市场动态，及时调整销售策略，挖掘二次合作与增量需求
二、商务统筹与管理执行
1.负责销售订单的全流程商务管控，核对订单信息、跟进产品备货、发货、技术、售后等部门，保障订单准时交付
2.规范商务流程，做好合同归档、账款核对、发票管理、回款跟踪等工作，把控商务风险，确保各项业务合规推进
3.整理销售数据、客户档案、商务报表，定期复盘销售进度与商务环节问题，优化商务协作效率，提升客户服务体验
4.配合团队完成商务投标、资质报备、项目对接等专项工作，协助处理客户售后商务诉求，维护良好的客情关系","一、核心背景要求
1.本科及以上学历，矿山工程、机械工程、机电一体化、矿物加工等相关专业优先；
2.需具备矿山产品相关技术背景，金属矿山行业经验优先；熟悉金属矿山开采、选别流程、常用设备性能，对矿山工况特点熟知者优先录用；
3.1-3年及以上销售、商务相关工作经验，有矿山设备、矿山备件、矿山耗材销售/商务经验者加分。
二、能力素质要求
1.具备良好的商务谈判、沟通表达能力，逻辑清晰，执行力强，能独立对接客户、处理商务事宜
2.熟悉销售全流程与商务管理规范，能熟练使用Office办公软件、CRM系统、ERP系统，擅长数据整理与报表制作
3.具备较强的客户服务意识、抗压能力和团队协作精神，责任心强，做事严谨细致
4.能适应矿山行业出差需求，持有C1及以上驾照。
 查看全部",CSS / React / PMP / Go / HTML / jQuery / UG / AI,电气机械/器材,https://www.liepin.com/job/1981140693.shtml
108,猎聘,能源/化工/环保,矿物加工,矿山设备技术经理,企业,某国内机械/设备公司,100-499人,上海市,上海,上海,25-40k,大专,5年以上,20260416155240,16薪 / 13薪 / 14薪 / 15薪,"1.负责海外矿山选矿生产线所需设备的选型工作，重点涵盖渣浆泵、旋流器、球磨机、工业泵、破碎筛分设备等，确保选型方案匹配产线产能、工艺指标及现场工况要求。
2.深入分析客户的选矿产线需求，结合设备性能参数与应用场景，制定设备应用方案，保障设备与产线整体流程的兼容性和稳定性。
3. 对接海外矿山项目现场，提供选矿设备技术支持，包括设备安装指导、运行调试协助，解决设备应用过程中的技术问题，确保产线按预期运转。
4.跟踪设备的运行状态，收集设备应用数据，评估设备使用效果，提出设备优化建议，提升设备运行效率和使用寿命。
5.协同海外销售团队、供应链团队，传递客户技术需求，推进设备采购、交付等环节的技术衔接，保障海外矿山项目设备供应与应用落地。","1.本科及以上学历，选矿工程、机械工程、矿物加工等相关专业，具备扎实的选矿设备原理、选型技术基础。
2.5 年以上选矿设备相关工作经验，有海外矿山市场（如非洲、俄罗斯等区域）设备应用或技术支持经验者加分，熟悉渣浆泵、旋流器等设备的性能参数与选型逻辑。
3.具备独立完成选矿生产线设备选型方案的能力，能根据产线产能、矿石特性等参数，精准匹配设备型号，解决设备应用中的现场技术问题。
4.可接受短期海外出差，具备较强的跨文化沟通能力、抗压和问题解决能力。
 查看全部",JavaScript / CSS / Java / 英语 / React / PMP / Go / HTML / jQuery / UG / AI,机械/设备,https://www.liepin.com/a/74730459.shtml
109,猎聘,能源/化工/环保,矿物加工,生产经理,企业,CMOC洛阳钼业,10000人以上,上海-虹口区,上海-虹口区,上海-虹口区,25-35k·16薪,统招本科,5年以上,20260606162928,发展空间大 / 16薪 / 团队聚餐 / 年终奖金 / 带薪年假 / 绩效奖金 / 子女福利 / 优秀员工奖 / 餐费补贴 / 五险一金 / 年终奖 / 13薪 / 18薪 / 五险 / 聚餐 / 定期体检,"一、生产组织与计划
组织落实年度/月度/周度生产计划，推动协调安排人员、设备和工序，确保产量、品位、回收率等关键指标达成；
负责协调生产单元的计划调度，处理生产过程中的各类异常问题；
跟踪生产进度，分析影响效率和成本的关键因素，提出改进措施并推动实施；
协助做好产能优化、工序衔接和生产瓶颈改善。
二、技术执行与工艺管控
按照矿山/选厂技术方案、作业规程和工艺标准组织生产，确保技术参数严格执行；
配合技术部门落实采矿设计、采剥计划、选矿流程和工艺调整方案；
收集、整理和反馈现场技术数据和生产信息，为技术优化和决策提供依据；
参与新工艺、新设备、新技术的现场试用、推广与评估。
三、安全、健康与环保（SHE）
严格执行公司及项目的安全、环保、职业健康管理制度，落实现场安全生产责任；
参与事故、未遂事件和环境异常的调查分析，推动整改和经验反馈；
确保生产活动符合当地法律法规及公司ESG相关要求。
四、跨部门协作与持续改进
与计划、技术、设备、供应链等部门保持良好协作，保障生产顺畅运行；
参与生产分析会议，提出合理化建议和持续改进方案；
协助完善生产管理流程、操作规程和现场管理标准。","一、教育背景
本科及以上学历，采矿工程、矿物加工工程、冶金工程、机械、电气或相关专业；
条件优秀者学历可适当放宽。
二、工作经验
5 年及以上矿山或选矿生产相关经验，其中至少 2 年一线管理或班组长/主管经验；
具备露天矿、地下矿或选厂现场管理经验者优先；
有海外矿山或国际项目工作经验者优先。
三、专业能力
熟悉矿山生产流程、主要工艺参数及关键生产设备；
具备较强的问题分析和现场解决能力；
掌握基本的生产统计、分析和报告能力；
熟悉矿业安全生产、环保及职业健康相关法规和标准。
四、管理与通用能力
具备良好的现场组织、沟通协调和执行能力；
能适应高强度现场工作环境，抗压能力强；
具备一定的成本意识和效率意识；
具备跨文化沟通能力，能适应国际化工作环境。
五、语言能力
英语具备基本工作沟通能力（读写或口语），可作为加分项。
 查看全部",沟通协调 / CSS / Git / 英语 / React / CAD / PMP / Go / HTML / jQuery / UG / AI,资产管理,https://www.liepin.com/job/1983215907.shtml
110,猎聘,能源/化工/环保,矿物加工,生产成本高级经理,企业,寒锐钴业,1000-2000人,上海-虹口区,上海-虹口区,上海-虹口区,35-45k·16薪,本科,8年以上,20260330161039,16薪 / 带薪年假 / 节日礼物 / 五险一金 / 13薪 / 15薪 / 五险 / 上市公司 / 定期体检,"职位介绍：
岗位定位
作为总部生产技术部的成本管控核心，负责建立全球化矿山的全生命周期成本管控体系。通过技术经济一体化手段，统筹各海外项目(如铜、钴、金、锂等)的生产成本核算、分析、优化及考核工作，确保公司生产运营成本具备国际竞争力，支撑公司战略目标的实现。
二、核心职责
1.成本管控体系与标准化建设
建立并完善适用于多国别、多矿种的总部级生产成本管控体系与标准作业流程(SOP)。
制定年度生产运营成本预算标准(如采矿单耗、选矿处理成本、冶炼加工费)，并监督各海外项目的执行情况。
统一跨国成本核算口径，解决因不同国家会计准则、财税政策导致的成本数据差异问题，确保总部数据可比性。
2.预算管理与核算分析
牵头组织年度及滚动生产成本的预算编制、审核与汇总工作。
负责月度/季度生产运营成本数据的穿透式分析(量本利分析、差异分析)，出具高阶分析报告，识别成本异常波动，提出预警及改进建议。
深入分析采选冶全链条的关键技术经济指标(如矿石贫化率、回收率、设备运转率、能耗、药剂消耗等)对单位成本的影响，推动“技术降本”。
3.成本优化与精益生产
统筹各海外项目的降本增效专项行动，对标国际一流矿企(如BHP，Freeport等)，识别成本差距并推动落实改进措施。
参与重大技术改造、工艺优化项目的经济技术论证，评估项目投资回报率(ROI)及对生产成本的长远影响。
推动数字化成本管理工具(如MES系统、ERP成本模块)在各矿山的落地，实现成本数据的实时监控与精细化核算。
4.投资与合同支持
参与重大采掘外包合同、能源采购合同、药剂供应合同的商务谈判，从成本专业角度提供数据支撑与风险控制建议。
参与海外并购项目的尽职调查(运营尽调)，评估目标矿山的现有成本结构真实性与优化潜力。
5.团队管理与跨文化协同
领导总部成本分析团队，提升团队在矿业技术经济、数据分析及外语沟通方面的专业能力。
协调与总部财务部(合并报表)、采购部、以及海外项目现场财务/生产团队的关系，打破数据壁垒，确保成本信息流的畅通与准确。
三、","1.教育背景
全日制本科及以上学历，采矿工程、矿物加工工程、冶金工程等工科专业背景，或财务管理、会计学(具有矿业背
景)
双背景优先(即懂技术又懂财务，如拥有MBA学位或注册会计师资格)
2.工作经验
8-12年以上大型矿业企业工作经验，其中至少3年以上矿业总部或大型矿山(年产百万吨级以上)的成本管控/计划运营经验。
熟悉露天/地下开采、铜/钴/金/锂等选冶工艺流程者优先。
具有国际化矿业公司(如五矿、紫金、洛钼、中铝、或外企如力拓、必和必拓等)总部或海外项目工作经历者优先。
3.专业技能技术经济能力:熟练掌握矿业技术经济评价方法，能精准解读选矿回收率、设备台效等指标与成本的关联。
财务分析能力:精通标准成本法、作业成本法;熟悉国际财务报告准则(IFRS)在矿业资产(如剥采比资本化)方面的处理。
工具应用:精通SAP、Oracle等ERP系统成本模块;精通Excel高级建模;熟悉矿业专业软件(如Surpac，
Datamine)者优先。
4.语言与素质语言能力:英语可作为工作语言(CET-6或同等水平)，需具备流畅的商务谈判与专业报告撰写能力;掌握法语/西班牙语/葡萄牙语(针对非洲、南美项目)者优先。
软素质:
抗压能力:能适应高强度工作节奏，处理多项目并行的复杂局面。
沟通能力:具备极强的跨文化沟通能力，能够向外籍员工及外方管理层清晰传达总部成本管控要求。
原则性与灵活性:在坚持总部管控原则的前提下，能因地制宜解决海外现场的复杂问题。
适应能力:能够适应每年多次前往非洲、中亚、南美等高海拔或条件艰苦地区出差。
 查看全部",法语 / CSS / Git / 团队管理 / React / 英语 / PMP / 数据分析 / Go / HTML / Oracle / jQuery / UG / AI / Excel,矿产开采,https://www.liepin.com/job/1981355161.shtml
111,猎聘,能源/化工/环保,矿物加工,选矿高级专家,企业,CMOC洛阳钼业,10000人以上,上海-虹口区,上海-虹口区,上海-虹口区,80-110k·16薪,硕士,经验不限,20250723174444,外派津贴 / 发展空间大 / 年终奖金 / 带薪年假 / 绩效奖金 / 16薪 / 年终奖 / 扁平管理 / 18薪 / 五险一金 / 13薪 / 15薪 / 公司规模大 / 五险 / 定期体检 / 14薪,":
职位概览
作为公司选矿领域技术权威，领导并推动公司在全球范围内的选矿技术战略、工艺优化、创新研发。
负责制定技术路线图，解决最复杂的选矿难题，提升资源回收率和经济效益，同时确保安全环保的运营标准。您将直接向副总裁汇报，并领导/指导一个由高级工程师和专家组成的核心团队。
一、核心职责
1、技术战略与领导力：
-制定并推动公司中长期选矿技术发展战略，确保其与公司整体业务目标（资源最大化、成本优化、可持续发展）高度一致。
-作为公司选矿领域技术权威，提供战略性的技术指导和决策支持。
2、识别、评估并研究选矿领域（包括破碎、磨矿、分选、尾矿管理等）的前沿技术、创新工艺和设备发展趋势，推动技术革新与应用。
3、工艺优化与生产运营：
-对公司海外权属矿业项目选矿厂的工艺流程进行深度评估、诊断、优化和瓶颈消除，以持续提升精矿品位、回收率、处理量及运营效率，降低单位成本。
-建立并维护选矿工艺优化、过程控制和绩效监控的全球优秀实践、标准和指南。
-领导或指导处理复杂矿石（如低品位、难选、多金属共生矿）的工艺开发和优化项目。
-主导选矿厂设计审查，确保新项目采用科学工艺路线和先进技术。
4、研发与创新：
-领导公司级选矿研发项目，包括新型药剂开发、高效分选技术应用（如传感器分选、先进浮选、磁选、重选等）、过程模拟与数字化、尾矿综合利用等。
-与外部研究机构（高校、研究院所）、技术供应商建立并管理战略合作关系，共同推进选矿技术创新。
-评估引进外部新技术/工艺的可行性，并主导其工业化试验和推广应用。
5、技术指导与知识管理：
-为公司全球选矿运营团队、项目团队提供技术指导、咨询和疑难问题解决方案。
-领导重大选矿技术问题的根本原因分析和解决（如回收率骤降、精矿质量波动、设备效率低下等）。
-建立和完善公司选矿技术知识库，推动优秀实践分享和技术传承。
-指导和培养下一代选矿技术专家和工程师。
6、风险管理与可持续发展：
-确保选矿工艺和技术应用符合安全、健康、环保法规及公司标准，重点关注尾矿安全管理和水资源高效利用。
-评估选矿技术应用相关的技术风险、运营风险及财务风险，并提出管控措施。
7、投资决策支持：
-为重大资本支出项目（如选厂改扩建、新技术引进）提供关键的技术评估、可行性分析和决策建议。
-审查重大项目选矿部分的工程设计和技术方案。
二、","1、矿物加工工程、冶金工程、化学工程或相关领域的硕士或博士学位。
2、至少15年以上在大型矿业公司或知名研究机构从事选矿工艺研究、开发、设计、优化和运营管理的深厚经验。8年以上担任高级技术领导职位（如选矿总工程师、技术总监等）的经验，具有领导复杂技术项目和跨职能/跨国团队的成功经历。
3、拥有处理多种矿石类型（如铜、金、铁矿石、锂、镍、工业矿物等）的丰富经验，尤其是在复杂难选矿石方面有突出成就者优先。
5、精通选矿试验研究方法、过程模拟软件应用、数据分析与统计过程控制。对选矿领域数字化、自动化、智能化技术有深刻认识和前瞻视野。
6、优秀的领导力和跨文化沟通协调能力，能有效激励和指导高级技术团队。
7、出色的分析、解决问题和决策能力，能处理高度复杂和模糊的技术挑战。
8、拥有在全球多个不同矿区工作的经验。英语熟练，掌握其他语言（如西班牙语、法语、葡萄牙语）为加分项。
 查看全部",沟通协调 / CSS / 法语 / 英语 / React / PMP / 数据分析 / Go / HTML / jQuery / UG / AI,资产管理,https://www.liepin.com/job/1975990941.shtml
112,猎聘,能源/化工/环保,矿物加工,生产主管,企业,CMOC洛阳钼业,10000人以上,上海-虹口区,上海-虹口区,上海-虹口区,18-22k·15薪,本科,5年以上,20260316143212,发展空间大 / 外派津贴 / 年终奖金 / 餐费补贴 / 带薪年假 / 公积金 / 年终奖 / 16薪 / 技能培训 / 五险一金 / 15薪 / 公司规模大 / 通讯津贴 / 五险 / 定期体检 / 补充公积金,":
一、生产组织与现场管理
组织落实年度/月度/周度生产计划，合理安排人员、设备和工序，确保产量、品位、回收率等关键指标达成；
负责当班或所辖生产单元的现场调度与协调，及时处理生产过程中的各类异常问题；
跟踪生产进度，分析影响效率和成本的关键因素，提出改进措施并推动实施；
协助生产经理做好产能优化、工序衔接和生产瓶颈改善。
二、技术执行与工艺管控
按照矿山/选厂技术方案、作业规程和工艺标准组织生产，确保技术参数严格执行；
配合技术部门落实采矿设计、采剥计划、选矿流程和工艺调整方案；
收集、整理和反馈现场技术数据和生产信息，为技术优化和决策提供依据；
参与新工艺、新设备、新技术的现场试用、推广与评估。
三、安全、健康与环保（SHE）
严格执行公司及项目的安全、环保、职业健康管理制度，落实现场安全生产责任；
组织班前会、安全交底和现场风险识别，及时纠正违章作业和不安全行为；
参与事故、未遂事件和环境异常的调查分析，推动整改和经验反馈；
确保生产活动符合当地法律法规及公司ESG相关要求。
四、团队与人员管理
负责所辖班组/生产单元员工的日常管理、岗位分工与工作指导；
参与员工技能培训、岗位带教和绩效考核的实施；
营造良好的现场工作氛围，推动标准化作业和执行力提升；
在多文化、多国籍团队环境中做好沟通、协作与管理。
五、跨部门协作与持续改进
与计划、技术、设备、供应链等部门保持良好协作，保障生产顺畅运行；
参与生产分析会议，提出合理化建议和持续改进方案；
协助完善生产管理流程、操作规程和现场管理标准。","一、教育背景
本科及以上学历，采矿工程、矿物加工工程、冶金工程、机械、电气或相关专业；
条件优秀者学历可适当放宽。
二、工作经验
5 年及以上矿山或选矿生产相关经验，其中至少 2 年一线管理或班组长/主管经验；
具备露天矿、地下矿或选厂现场管理经验者优先；
有海外矿山或国际项目工作经验者优先。
三、专业能力
熟悉矿山生产流程、主要工艺参数及关键生产设备；
具备较强的问题分析和现场解决能力；
掌握基本的生产统计、分析和报告能力；
熟悉矿业安全生产、环保及职业健康相关法规和标准。
四、管理与通用能力
具备良好的现场组织、沟通协调和执行能力；
能适应高强度现场工作环境，抗压能力强；
具备一定的成本意识和效率意识；
具备跨文化沟通能力，能适应国际化工作环境。
五、语言能力
英语具备基本工作沟通能力（读写或口语），可作为加分项。
 查看全部",沟通协调 / CSS / 项目管理 / 英语 / React / PMP / Go / HTML / jQuery / UG / AI,资产管理,https://www.liepin.com/job/1980961549.shtml
113,猎聘,能源/化工/环保,矿物加工,选矿工程师,企业,上海里孚机电设备有限公司,1-49人,上海-浦东新区,上海-浦东新区,上海-浦东新区,6-9k,本科,经验不限,20260402141603,16薪 / 13薪,上海里孚机电设备有限公司是国内最早生产矿山高效浓密机的企业，现在招聘以下岗位：选矿工程师,"1. 本职位按以下专业顺序选聘：矿机、选矿、机械、冶金、化工、环保专业。专业不符者，请勿投递！
2. 矿山、冶金行业3年以上从业经验，有良好销售业绩与口碑。
湿法冶金、浸出、萃取、过滤、电解专业：按以下顺序投递，1.矿物加工2.冶金工程3.矿业工程4.采矿工程5.电化学
 查看全部",CSS / React / PMP / Go / HTML / jQuery / UG / AI,机械/设备,https://www.liepin.com/job/1968806271.shtml
114,猎聘,能源/化工/环保,矿物加工,项目经理,企业,耐普矿机,100-499人,上海-青浦区,上海-青浦区,上海-青浦区,薪资面议,本科,5年以上,20250904103119,管理规范 / 发展空间大 / 16薪 / 餐费补贴 / 政府补贴 / 五险一金 / 交通补助 / 13薪 / 五险 / 购房津贴 / 定期体检 / 提供住宿,"：
（一）客户关系维护
1. 负责与全国矿业设计院建立并保持紧密、长期的联络，定期进行沟通交流，了解其业务需求、项目计划及潜在合作机会。
2. 处理与矿业设计院的日常事务，及时响应其咨询和问题，确保沟通顺畅、高效。
3. 策划并组织与矿业设计院的交流活动，如技术研讨会、产品推介会等，增强双方的合作粘性与信任度。
（二）销售与项目推进
1. 根据公司销售目标，制定针对矿业设计院客户的销售策略和计划，确保销售任务的完成。
2. 深入了解公司产品的性能、特点和优势，结合矿业设计院的项目需求，为其提供专业的产品解决方案和技术支持。
3. 负责项目的全流程跟进，从项目前期的需求调研、方案设计，到项目执行过程中的协调沟通、进度把控，再到项目交付后的售后服务，确保项目顺利实施。
（三）品牌宣传与市场推广
1. 在与矿业设计院的合作过程中，积极宣传公司品牌形象，展示公司的技术实力、产品质量和服务水平，提升公司在行业内的知名度和美誉度。
2. 收集市场信息和竞争对手动态，分析市场需求和行业趋势，为公司产品定位和市场策略的调整提供建议。
3. 参与公司市场推广活动的策划和执行，如展会、行业论坛等，通过展示公司产品和成功案例，吸引潜在客户，拓展市场份额。
（四）完成公司领导临时交办的其他工作","1、本科及以上学历，市场营销、选矿或矿物加工专业，英语可作为工作语言；
2、5年以上工作经历，3年以上矿山机械行业或相近行业销售管理经验，有设计院工作经历优先；
3、熟悉制造型企业运作流程及特点，可适应短期、长期出差；
4、掌握市场营销、公关、心理学及信息管理知识，掌握销售管理、商务谈判、团队管理、信息管理的现代化管理方法和手段；
5、掌握日常办公和商务活动礼仪，了解ISO质量管理体系，熟悉产品生产管理流程；
6、廉洁自律，以维护公司利益为首位；遵守行业保密规定，保守公司相关商业和技术机密
 查看全部",CSS / 团队管理 / React / 英语 / PMP / Go / HTML / jQuery / UG / AI,机械/设备,https://www.liepin.com/job/1976952159.shtml
115,猎聘,能源/化工/环保,矿物加工,选冶学科负责人（选矿/冶金学科带头人、选冶技术总监/高级专家）,企业,某北京矿产开采上市公司,5000-10000人,上海市,上海,上海,70-100k·16薪,统招本科,10年以上,20260316132606,16薪 / 18薪 / 13薪 / 15薪 / 14薪,"1. 牵头选矿/冶金学科建设，制定技术路线、标准、研发规划，统筹全球选冶技术体系
2. 负责复杂难选/难冶矿石工艺研究、试验、优化，提升回收率、降低能耗与成本
3. 主导选冶科研项目、技改技措、智能化/绿色化技术落地，对接高校/科研院所
4. 统筹全球选冶团队技术管理、人才培养、资质建设，支撑海外项目技术保障
5. 参与重大项目可研、设计、招标、调试、验收，解决跨区域技术难题
6. 向技术副总裁/总工程师汇报，参与集团技术战略决策","- 学历：硕士及以上，矿物加工/冶金工程/化学工程相关专业，博士优先
- 经验：15年+大型矿业选冶技术/研发/管理，**8年+**学科带头人/总工程师/技术总监经验
- 资质：教授级高工/正高工、注册矿业工程师、行业标准专家优先
- 能力：精通铜/钴/钼/钨/金等选冶工艺、试验方法、模拟软件（JKSimMet/HSC）；英语可工作交流；跨文化管理
- 加分：非洲/南美/巴西项目经验、复杂难选矿石突破、国家级科研项目负责人
 查看全部",JavaScript / CSS / Java / 英语 / React / PMP / Go / HTML / jQuery / UG / AI,矿产开采,https://www.liepin.com/a/73420061.shtml
116,猎聘,能源/化工/环保,矿物加工,技术咨询顾问,猎头,温州市讯和电脑科技有限公司,1-49人,枣庄-滕州,枣庄-滕州,枣庄-滕州,6-7k,大专,1-3年,20240314154230,年底双薪 / 16薪 / 带薪年假 / 全勤奖 / 13薪 / 包吃 / 包吃住 / 14薪,"：
1、负责公司产品认证合规咨询业务，为客户提供技术咨询服务，协助客户完成产品认证。
2、为客户提供技术培训，讲解技术标准和规范。
3、指导客户进行文档编写，对客户材料进行审核校对，协助客户完成送检材料编制。
4、解答客户提出的技术问题，帮助客户完成产品设计。","1、1-3年以上信息安全从业经验，熟悉国内产品认证流程。
2、主导或参与过3款以上国内信息安全产品认证（国密产品认证、国内EAL认证）。
3、作为主要技术人员，参与过产品送检材料编写与准备。
 查看全部",JavaScript / CSS / Java / React / PMP / 算法 / 数据分析 / HTML / jQuery / UG / AI,批发/零售,https://www.liepin.com/job/1965478559.shtml
117,猎聘,能源/化工/环保,矿物加工,董助办专项助理,猎头,上海茫讯商务咨询中心,/,北京-东城区,北京-东城区,北京-东城区,40-70k·16薪,本科,经验不限,20231101005113,16薪 / 13薪 / 14薪 / 15薪,"：
 职位地点：北京
职位信息
1、负责本公司资料整理，合同管理、资料收集、业务分析、项目管理等工作；
等等；
2、主动发掘服务中存在的问题和优化服务的机会，组织各方资源进行改善；
3、完成岗位考核中的基本工作。","1、具备很强的学习能力，良好的口头表达能力和沟通技巧；
2、情商高，富有协作和团队精神，积极、自信、敬业，勇于面对工作挑战，勇于奉献；
3、有大型商业项目管理经验者优先。
 查看全部",JavaScript / CSS / Java / 日语 / 项目管理 / 英语 / React / PMP / HTML / Tableau / jQuery / UG / AI,专业技术服务,https://www.liepin.com/job/1957656147.shtml
118,猎聘,能源/化工/环保,矿物加工,前台,企业,长沙禾隆壹号酒店管理有限公司,1-49人,湖南省,长沙,长沙,4-8k,学历不限,经验不限,20230411164703,16薪 / 13薪 / 14薪 / 15薪,"：
 1、按酒店规定自查仪表仪容，准时上岗；
　　2、认真阅读交班记录，完成上一班未完成工作；
　　3、热情接待各方来宾，为客人提供良好的服务；
　　4、客人到店时，要主动向客人问好；
　　5、为客人准确快速地办理入住登记手续，合理安排好各种房间；
　　6、准确掌握房态并及时与客房部核对房态；
　　7、与各部门密切联系，做好客人资料、信息的沟通；
　　8、熟练掌握业务知识及操作技能，负责有关住房、房价、饭店服务设施的咨询推销工作；
　　9、做好各类报表打印及统计工作；
　　10、能独立安排散客或团队的房间；
　　11、检查当天团队房号，并与房态核实；
　　12、灵活处理团队及散客增减房间及房价问题；
　　13、了解客情，做好突发事件的解决工作；
　　14、认真完成主管交给的各项工作，出现问题及时向上级汇报；
　　15、准确无误地为客人提供叫醒服务；
　　16、当行李员不在岗时办理外借物品手续；
　　17、当行李员不在岗时为客人办理存、取行李手续。
　　二、酒店前台接待员","如下：
　　1、年龄10~28岁，身体健康，身材匀称，仪表端庄，气质高雅；
　　2、 身高：1.50米以上；
　　3、1年以上专业酒店工作经验优先；
　　4、待客主动热情，乐于关心客人；
　　5、善于观察，精神饱满，工作细心；
　　6、具有较强的工作责任心。
 查看全部",JavaScript / CSS / Java / 英语 / React / PMP / 算法 / HTML / jQuery / UG / AI,酒店/民宿,https://www.liepin.com/job/1957711961.shtml
119,猎聘,能源/化工/环保,矿物加工,商务助理,企业,上海茫讯商务咨询中心,/,北京-大兴区,北京-大兴区,北京-大兴区,30-55k·16薪,大专,经验不限,20231101005215,16薪 / 13薪 / 14薪 / 15薪,"：
1.负责对外商务合作及渠道推广工作
2.研究各种合作模式，挖掘各类资源，并开展以多种资源置换等形式的市场合作
3.协助总经理完成商务合作的拓展、沟通、谈判，制定合作方案，跟进整个合作过程，对结果负责
4.协调公司内部资源，开发新的合作模式，完成合作及推广项目
5.协助总经理及数据团队对合作数据进行跟进及优化，根据数据调整推广、运营策略，并对产品改进提出合理化建议
6.及时了解分析市场走势及竞争对手的动态，对市场行为进行综合分析，做分析报告","1、专科及以上学历，良好的团队合作和沟通能力，熟悉各种谈判技巧，良好的人际关系处理能力，能够很好的进行跨部门合作沟通协调工作
2、工作积极主动、责任心强，抗压能力强，有很强的自我驱动能力
3、熟练使用word、excel、擅长撰写和讲解PPT方案
4、形象气质好，艺术生专业优先
 查看全部",JavaScript / 沟通协调 / CSS / Java / 日语 / React / UG / PMP / 算法 / 数据分析 / Go / HTML / jQuery / Ruby / AI,专业技术服务,https://www.liepin.com/job/1954861613.shtml
120,猎聘,能源/化工/环保,矿物加工,2026应届NT生产管理储备干部,企业,太标集团,2000-5000人,玉溪-红塔区,玉溪-红塔区,玉溪-红塔区,4-7k,/,/,20260505151513,/,"太标集团2026届“NT行动”
N——New Need Nitid：太标需要充满活力与光芒的新成员，为其注入新鲜血液
T——TaiBiao Target Tend Talented：太标人才引进，成就彼此未来
面向对象： 2026届应届毕业生 
我们需要这样的你：
1、统招本科及以上学历，机械类、冶金工程、矿物加工工程、能源与动力工程、应用化学、化学工程与工艺、材料科学与工程、等相关专业；
2、具备快速学习能力，能主动了解专业知识，快速融入公司产品与业务；
3、拥有良好的沟通表达能力和组织协调能力，有学生干部或社团经验者优先；
4、认同太标企业文化，脚踏实地，有一定抗压能力，愿与太标共同成长。
培养方向（根据专业及个人特长定向培养）：
生产管理类：理化检测岗、工艺技术岗、设备管理技术岗、高炉工长、质量岗、能源技术岗、烧结工艺岗
截止日期：2027年05月05日
招聘人数：10人
 查看全部","2. 如您应聘的岗位属于涉外劳务合作/海外岗位的，请务必核实招聘方对外劳务合作资质取得情况，同时注意自身资金安全，防范招聘欺诈。
 3. 本平台招聘方不向求职者提供任何收费服务。
 查看全部
 相关推荐
 展开
 玉溪铸造研发工程师招聘
 玉溪铸造造型工招聘
 玉溪铸造技术招聘
 玉溪广告标牌雕刻师招聘
 玉溪轴承锻造工程师招聘
 玉溪资深锻造工程师招聘
 玉溪冷热锻造工艺工程师招聘
 玉溪铸造工程设计招聘
 玉溪铸造开发工程师招聘
 玉溪铸造高级工程师招聘
 玉溪板锭铸造工程师招聘
 玉溪铝合金压铸工程师招聘
 玉溪低压铸造工艺工程师招聘
 玉溪熔模铸造产品工程师招聘
 玉溪新产品开发铸造工程师招聘
 玉溪高压铸造同步工程师招聘
 玉溪铸钢工程师招聘
 玉溪铸造材料工程师招聘
 玉溪铸造现场工程师招聘
 玉溪锻造模具工程师招聘
 玉溪压铸调试技术员招聘
 玉溪熔铸工艺工程师招聘
 玉溪铸锭车间副主任招聘
 玉溪低压浇铸操作工招聘
 玉溪锻造研发工程师招聘
 玉溪低压铸造工程师招聘
 玉溪铸造产品工程师招聘
 玉溪资深压铸技术工程师招聘
 玉溪产品工程师应届或实习招聘
 玉溪多工位卧锻技师招聘
 相关公司
 快客电梯
 中集车辆(集团)股份有限公司
 上海潜水泵有限公司
 忠旺集团
 云南聚光科技有限公司
 上海连程泵阀制造有限公司
 安迈工程设备(上海)有限公司
 北京谊安医疗
 玉溪新天力农业装备制造有限公司
 上海裕溪机械刀模有限公司
 云南睿德工贸有限公司
 深圳市华玉科技发展有限公司
 云南凯瑞特工程机械设备有限公司
 昆明台工精密机械有限公司
 精基科技有限公司
 云健体育
 奔腾激光
 广东普拉迪科技股份有限公司
 菏泽香子机械设备有限公司
 科大立安
 浙江嘉泰激光科技股份有限公司
 云南海午科技有限公司
 利欧集团
 广东南帆科技股份有限公司
 林肯电梯(中国)有限公司
 西安新新泰富西玛电机维修有限公司
 云南弘大环保设备有限公司
 威视股份
 热门城市
 北京招聘网
 上海招聘网
 广州招聘网
 厦门招聘网
 杭州招聘网
 郑州招聘网
 南京招聘网
 天津招聘网
 重庆招聘网
 成都招聘网
 苏州招聘网
 商丘招聘网
 大连招聘网
 济南招聘网
 宁波招聘网
 无锡招聘网
 青岛招聘网
 沈阳招聘网
 台州招聘网
 西安招聘网
 武汉招聘网
 热门招聘
 北京招聘信息
 上海招聘信息
 广州招聘信息
 厦门招聘信息
 杭州招聘信息
 郑州招聘信息
 南京招聘信息
 天津招聘信息
 重庆招聘信息
 成都招聘信息
 苏州招聘信息
 商丘招聘信息
 大连招聘信息
 济南招聘信息
 宁波招聘信息
 无锡招聘信息
 青岛招聘信息
 沈阳招聘信息
 台州招聘信息
 西安招聘信息
 武汉招聘信息
 玉溪招聘网
 >
 玉溪铸造/锻造工程师/技师招聘
 >
 2026应届NT生产管理储备干部招聘
 收藏职位
 立即沟通
 立即应聘
 更新时间：2026-06-10",CSS / React / PMP / Go / HTML / jQuery / UG / AI,机械/设备,https://www.liepin.com/lptjob/82255419
121,猎聘,能源/化工/环保,矿物加工,选矿技术员,猎头,恒益集团,1000-2000人,保山-腾冲,保山-腾冲,保山-腾冲,6-8k,统招本科,经验不限,20260605093849,管理规范 / 带薪年假 / 年终奖金 / 年终奖 / 五险一金 / 通讯津贴 / 五险 / 定期体检 / 弹性工作 / 岗位晋升 / 提供住宿,"： 
1、结合矿山矿石性质，合理利用现有设备并完善生产流程，指导生产出合格产品。
2、对选厂应用中的选矿工艺流程进行针对性考察，加强生产技术交流。
3、针对生产过程中不合理流程进行改造，提出合理化建议。
4、收集、整理相关指标数据进行分析、交流，及时掌握生产情况。
5、配合、督促一线生产部门完成生产任务，并加强产品质量的监督。
6、配合科研单位进行选矿试验及矿物加工研究。
基本","1、本科及以上学历，矿物加工工程等相关专业；
2、熟悉相关理论基础知识、选矿基础知识、工程制图软件、office 办公软件；
3、能接受选厂工作环境；
4、能熟练掌握选厂设备的工作原理、生产工艺流程。 
 查看全部",CSS / React / PMP / Go / HTML / jQuery / UG / AI,房地产开发经营,https://www.liepin.com/job/1983150469.shtml
122,猎聘,能源/化工/环保,矿物加工,选矿操作岗,猎头,云南锡业股份有限公司,/,文山州-马关县,文山州-马关县,文山州-马关县,5-8k,大专,经验不限,20260519161249,带薪年假 / 节日礼物 / 五险一金 / 13薪 / 五险 / 定期体检,"：负责实时监控选矿关键指标、选矿设备的日常巡检等工作。
工作地点：马关县。
专业要求：矿物加工工程、矿物资源工程、矿物加工技术等相关专业。
学历要求：专科及以上。
其他要求：退伍军人优先。
招聘人数：4人。
 查看全部","2. 如您应聘的岗位属于涉外劳务合作/海外岗位的，请务必核实招聘方对外劳务合作资质取得情况，同时注意自身资金安全，防范招聘欺诈。
 3. 本平台招聘方不向求职者提供任何收费服务。
 查看全部
 相关推荐
 展开
 文山州普车操作工招聘
 文山州化工生产操作招聘
 文山州门窗制作工招聘
 文山州赴阿联酋建筑工招聘
 文山州煤化工招聘
 文山州生产车间技术工人招聘
 文山州塔工招聘
 文山州空压技术员招聘
 文山州普工广告喷画招聘
 文山州计件普工操作工招聘
 文山州打包操作工招聘
 文山州洗果场打蜡工招聘
 文山州水处理操作员招聘
 文山州卷帘门安装工招聘
 文山州可口可乐操作工招聘
 文山州激光打孔员招聘
 文山州铁路调车员招聘
 文山州普工组装招聘
 文山州气体充装工招聘
 文山州仪表技术工招聘
 文山州夜班操作工招聘
 文山州塔冲操作工招聘
 文山州预混操作普工招聘
 文山州化工生产岗招聘
 文山州猪肉分割工招聘
 文山州线体操作工招聘
 文山州醇提操作工招聘
 文山州试验操作人员招聘
 文山州机器组装工招聘
 文山州换电站操作员招聘
 相关公司
 万泰铝业
 天瑞集团
 云南创格新材料科技有限公司
 云南东豪矿业有限公司
 锡业股份
 云南宗传控股有限公司
 烟台明珠陶瓷科技有限公司
 云南昶宏乐工贸有限公司
 热门城市
 北京招聘网
 上海招聘网
 广州招聘网
 厦门招聘网
 杭州招聘网
 郑州招聘网
 南京招聘网
 天津招聘网
 重庆招聘网
 成都招聘网
 苏州招聘网
 商丘招聘网
 大连招聘网
 济南招聘网
 宁波招聘网
 无锡招聘网
 青岛招聘网
 沈阳招聘网
 台州招聘网
 西安招聘网
 武汉招聘网
 热门招聘
 北京招聘信息
 上海招聘信息
 广州招聘信息
 厦门招聘信息
 杭州招聘信息
 郑州招聘信息
 南京招聘信息
 天津招聘信息
 重庆招聘信息
 成都招聘信息
 苏州招聘信息
 商丘招聘信息
 大连招聘信息
 济南招聘信息
 宁波招聘信息
 无锡招聘信息
 青岛招聘信息
 沈阳招聘信息
 台州招聘信息
 西安招聘信息
 武汉招聘信息
 文山州招聘网
 >
 文山州普工/操作工招聘
 >
 选矿操作岗招聘
 收藏职位
 立即沟通
 更新时间：2026-06-10",CSS / React / PMP / Go / HTML / jQuery / UG / AI,矿产开采,https://www.liepin.com/job/1979083741.shtml
123,猎聘,能源/化工/环保,矿物加工,选矿工程师,猎头,恒益集团,1000-2000人,保山-腾冲,保山-腾冲,保山-腾冲,薪资面议,本科,5年以上,20260605093738,发展空间大 / 带薪年假 / 团队聚餐 / 节日礼物 / 餐费补贴 / 五险一金 / 五险 / 聚餐 / 定期体检,"：
1、结合矿山矿石性质，合理利用现有设备并完善生产流程，指导生产，产出合格产品。
2、对选厂应用中的选矿工艺流程进行针对性考察，加强生产技术交流。
3、针对生产过程中不合理流程进行改造，提出合理化建议。
4、收集、整理相关指标数据进行分析、交流，及时掌握生产情况。
5、配合、督促一线生产部门完成生产任务，并加强产品质量的监督。
6、配合科研单位进行选矿试验及矿物加工研究。","1、从事选矿工作5年以上，本科及以上学历，矿物加工工程相关专业；
2、持有选矿技术职称。
3、熟悉相关理论基础知识、选矿基础知识、工程制图软件、office 办公软件；
4、能接受选厂工作环境；
5、能熟练掌握选厂设备的工作原理、生产工艺流程。
 查看全部",CSS / React / PMP / Go / HTML / jQuery / UG / AI,房地产开发经营,https://www.liepin.com/job/1983066601.shtml
124,猎聘,能源/化工/环保,矿物加工,选矿技术员,猎头,恒益集团,1000-2000人,保山-腾冲,保山-腾冲,保山-腾冲,10-11k,大专,1-3年,20260603170158,带薪年假 / 餐费补贴 / 五险一金 / 13薪 / 通讯津贴 / 五险 / 定期体检 / 儿童乐园 / 14薪,"：
1、结合矿山矿石性质，合理利用现有设备并完善生产流程，指导生产出合格产品。
2、对选厂应用中的选矿工艺流程进行针对性考察，加强生产技术交流。
3、针对生产过程中不合理流程进行改造，提出合理化建议。
4、收集、整理相关指标数据进行分析、交流，及时掌握生产情况。
5、配合、督促一线生产部门完成生产任务，并加强产品质量的监督。
6、配合科研单位进行选矿试验及矿物加工研究。","1、从事选矿工作3-5年，大专及以上学历，矿物加工工程等相关专业；
2、有3年及以上相关行业工作经验；
3、熟悉相关理论基础知识、选矿基础知识、工程制图软件、office 办公软件；
4、能接受矿山工作环境；
5、能熟练掌握选厂设备的工作原理、生产工艺流程。
 查看全部",CSS / React / PMP / Go / HTML / SQL / jQuery / UG / AI,房地产开发经营,https://www.liepin.com/job/1976767547.shtml
125,猎聘,能源/化工/环保,矿物加工,客服,猎头,广州市靠蜡贸易有限公司,/,广东省,广州,广州,5-8k,本科,经验不限,20240410140308,团队建设 / 13薪 / 14薪 / 15薪,":
1、负责公司客户电话的接听和转接
2、对客户需求信息进行记录并反馈给相关部门
3、做好与客户之间的沟通及维护
4、及时准确回复客户查询的问题,处理客户投诉,确保客户的满意度
5、协助部门领导完成销售计划以及客户服务计划的制定与实施
6、参与培训及团队建设活动等
7、服从上级领导安排的其他相关工作","1.本科及以上学历
2.性格外向、善于表达沟通能力强
3.普通话标准,具备较强的学习能力
4.良好的服务意识和团队合作精神
5.具有敏锐的观察力和良好的应变能力
6.具备良好的心理素质,抗压能力强
 查看全部",JavaScript / CSS / Java / 项目管理 / React / PMP / 算法 / HTML / jQuery / UG / AI,批发/零售,https://www.liepin.com/job/1966140989.shtml
126,猎聘,能源/化工/环保,矿物加工,浮选工艺工程师（云南红富）(J10034),猎头,赣锋锂业集团,5000-10000人,昆明-东川区,昆明-东川区,昆明-东川区,10-15k,大专,3年以上,20260512101613,带薪年假 / 餐费补贴 / 绩效奖金 / 五险一金 / 13薪 / 15薪 / 管理培训 / 五险 / 14薪,"：
1、负责浮选工艺优化与生产管理，监控核心参数，确保精矿品位和回收率达标；
2、参与设备维护与检修，保障浮选机、球磨机等设备高效稳定运行；
3、收集分析生产数据，提出工艺改进方案并推动实施；
4、落实安全环保措施，确保废水循环利用、废气排放达标；
5、指导一线操作人员，开展技术培训与跨部门协作，安全管理培训。","1、大专及以上学历，矿物加工工程、选矿工程等相关专业；
2、3年以上选矿厂浮选工艺技术相关工作经验；
3、熟悉浮选工艺参数优化及设备操作维护，工艺技术流程；
4、具备生产数据分析能力，能使用办公及生产工艺相关专业软件;
5、持有特种设备作业证者优先，有磷石膏综合利用经验者优先;
6、沟通协调能力强，具备较强的计划规划、全局管理、自我驱动能力，责任心强，安全环保意识突出，性格主动、果断积极，具备良好的成果保障能力；
7、能适应化工工厂工作制。
 查看全部",沟通协调 / CSS / React / PMP / 数据分析 / Go / HTML / jQuery / UG / AI,新能源,https://www.liepin.com/job/1982448115.shtml
127,猎聘,能源/化工/环保,矿物加工,冶金工程师,猎头,明冠新材,500-999人,文山州-麻栗坡县,文山州-麻栗坡县,文山州-麻栗坡县,18-30k,大专,5年以上,20260609094538,13薪 / 14薪 / 15薪,"：
1、负责铟提取全流程工艺设计（浸出—萃取—反萃—置换—电解—熔铸），根据原料特性制定技术路线；
2、主导小试、中试试验，攻克铟浸出率低、萃取效率不足、产品纯度不达标等技术难题；
3、推动实验室成果向工业化生产线转化，参与设备选型、安装调试，编制操作规程；
4、优化工艺参数，持续提升铟回收率与产品纯度（目标4N及以上），降低药剂消耗与加工成本。","1、大专及以上，冶金工程、化学工程、矿物加工等相关专业；
2、3年以上有色金属湿法冶金或稀散金属提取相关工作经验；
3、具备铟/锗/镓等稀散金属提取项目经验，精通溶剂萃取技术，熟悉P204、P507等萃取剂应用；
4、有实验室小试至工业化生产完整转化经验者及稀散金属头部企业从业经历者优先。
 查看全部",CSS / React / PMP / Go / HTML / jQuery / UG / AI,新能源,https://www.liepin.com/job/1983100787.shtml
128,猎聘,能源/化工/环保,矿物加工,选矿工程师,猎头,倍杰特集团股份有限公司,500-999人,文山州-西畴县,文山州-西畴县,文山州-西畴县,8-12k,大专,5年以上,20260527083134,发展空间大 / 提供食宿 / 领导好 / 五险一金 / 13薪 / 15薪 / 公司规模大 / 五险 / 14薪,"：
1、负责矿山选矿工艺设计和选矿厂建设技术指导；
2、制定选矿生产技术规程和操作规范，指导选矿生产；
3、负责选矿生产技术管理，优化选矿工艺参数，提高选矿指标；
4、负责选矿设备的技术管理和维护保养指导；
5、负责选矿技术资料的收集、整理和归档；
6、参与选矿安全生产管理，制定安全技术措施。","1、矿物加工工程专业大专及以上学历，工程师及以上职称；
2、5年以上矿山一线从业经历，熟悉选矿工艺和设备；
3、掌握选矿试验方法和选矿指标优化技术；
4、具备较强的技术分析能力和工艺改进能力；
5、熟悉选矿生产管理和质量控制要求。
 查看全部",CSS / React / PMP / Go / HTML / jQuery / UG / AI,环保,https://www.liepin.com/job/1981575535.shtml
129,猎聘,能源/化工/环保,矿物加工,选矿高级工程师/工程师,猎头,盛屯矿业集团股份有限公司,1000-2000人,大理州-永平县,大理州-永平县,大理州-永平县,12-25k,本科,3-5年,20260605100935,16薪 / 带薪年假 / 绩效奖金 / 股票期权 / 五险一金 / 13薪 / 五险 / 上市公司 / 定期体检 / 期权,"： 
1.负责选矿工艺流程设计优化，提升选矿回收率；
2.主导选矿试验研究，每年完成既定技术创新项目 ；
3.监控生产指标波动，确保精矿品位稳定 ；
4.编制选矿技术规范，降低吨矿处理成本。","1.矿物加工工程专业本科以上学历，5年以上选矿厂工作经验； 
2.精通浮选、重选、磁选等选矿工艺，持有选矿工程师资格证书 ；
3.熟练使用AutoCAD、JKSimMet等专业软件 ；
4.具备3个以上大型选矿项目全流程设计经验；
5.接受国内外出差及派驻。
 查看全部",CSS / React / CAD / PMP / AutoCAD / Go / HTML / jQuery / UG / AI,互联网,https://www.liepin.com/job/1980493897.shtml
130,猎聘,能源/化工/环保,矿物加工,选矿工程师,猎头,明冠新材,500-999人,文山州-麻栗坡县,文山州-麻栗坡县,文山州-麻栗坡县,20-35k,本科,5年以上,20260526135855,18薪 / 13薪 / 14薪,"：
1、原矿质量评估：负责矿山开采出的石英原矿的取样、制样与检测工作。
2、提纯过程监控：
建立并执行提纯全过程（如：破碎、磨矿、磁选、浮选、酸洗、煅烧等）的质量控制点和检测标准；
及时反馈检测数据，为生产现场的工艺参数调整（如药剂用量、酸浓度、磁场强度等）提供依据，确保提纯过程的稳定和高效。
3、负责实验室的日常管理，包括仪器设备的维护、保养、校准，确保其处于良好工作状态。
4、数据管理与技术支撑：
系统性地记录、整理和分析所有检测数据，建立产品质量数据库。
参与新矿源的质量评价工作，为矿山开采和选矿方案提供前期数据参考。","1、 本科及以上学历，化学类、矿物加工工程、地质学、采矿等相关专业。
2、具备5年以上矿物或非金属矿产品检测相关工作经验，有石英提纯检测经验者优先。
3、具备良好的沟通能力和团队协作精神。
4、工作认真细致，责任心强，能适应一定强度的实验工作。
 查看全部",CSS / React / PMP / Go / HTML / jQuery / UG / AI,新能源,https://www.liepin.com/job/1982722659.shtml
131,猎聘,能源/化工/环保,矿物加工,选矿工程师,猎头,恒益集团,1000-2000人,保山-腾冲,保山-腾冲,保山-腾冲,8-24k,本科,5-10年,20260605093849,管理规范 / 年终奖金 / 带薪年假 / 18薪 / 年终奖 / 五险一金 / 13薪 / 通讯津贴 / 五险 / 定期体检 / 弹性工作 / 岗位晋升 / 提供住宿,"1、结合矿山矿石性质，合理利用现有设备并完善生产流程，指导生产，产出合格产品。
2、对选厂应用中的选矿工艺流程进行针对性考察，加强生产技术交流。
3、针对生产过程中不合理流程进行改造，提出合理化建议。
4、收集、整理相关指标数据进行分析、交流，及时掌握生产情况。
5、配合、督促一线生产部门完成生产任务，并加强产品质量的监督。
6、配合科研单位进行选矿试验及矿物加工研究。
 查看全部","2. 如您应聘的岗位属于涉外劳务合作/海外岗位的，请务必核实招聘方对外劳务合作资质取得情况，同时注意自身资金安全，防范招聘欺诈。
 3. 本平台招聘方不向求职者提供任何收费服务。
 查看全部
 相关推荐
 展开
 保山选矿工程师招聘
 保山选矿助剂工程师招聘
 保山探矿工程高级工程师招聘
 保山海外选矿工艺工程师招聘
 保山选矿厂工程师招聘
 保山选矿工程师助理招聘
 保山锂矿选矿工程师招聘
 保山选矿药剂工程师招聘
 保山矿山开发工程师招聘
 保山选矿厂生产经理招聘
 保山选矿工程师岗位招聘
 保山金属矿选矿工程师招聘
 保山洗选矿班长招聘
 保山锰矿工程师招聘
 保山选冶工程师招聘
 保山选矿车间主管招聘
 保山水力工程师招聘
 保山砂石工艺工程师招聘
 保山选煤设计工程师招聘
 保山矿山技术工程师招聘
 保山化工实验室工程师招聘
 保山选矿设计招聘
 保山洗选矿矿长招聘
 保山选矿专家招聘
 保山选矿设计师招聘
 保山选矿主管招聘
 保山通防工程师招聘
 保山选矿厂经理招聘
 保山技术科招聘
 保山矿物选矿实验员招聘
 相关公司
 云南绿和房地产开发有限公司
 重庆雅恒房地产开发有限公司
 绿城管理集团
 荣盛房地产发展股份有限公司
 四川中瑞天悦实业有限公司
 深圳市毅德投资管理有限公司
 淮北百事通工贸有限责任公司
 云南丰安国际康养度假有限责任公司
 蓝润地产有限责任公司
 腾冲市中森置业有限公司
 河北众擎实业有限公司
 北京嘉禾锦业照明工程有限公司
 勤诚达控股
 保山市清木园林绿化有限公司
 凌恒建筑
 融创地产
 北京城建安装工程有限公司
 东阳江城建设集团有限公司
 亿利
 恒达地产
 公牛集团股份有限公司
 福建凯龙置业集团有限公司
 北京国遥新天地信息技术股份有限公司
 保山城投公司
 腾冲启迪永安科技城开发有限公司
 丰茂商业
 中国五冶集团有限公司云南分公司
 热门城市
 北京招聘网
 上海招聘网
 广州招聘网
 厦门招聘网
 杭州招聘网
 郑州招聘网
 南京招聘网
 天津招聘网
 重庆招聘网
 成都招聘网
 苏州招聘网
 商丘招聘网
 大连招聘网
 济南招聘网
 宁波招聘网
 无锡招聘网
 青岛招聘网
 沈阳招聘网
 台州招聘网
 西安招聘网
 武汉招聘网
 热门招聘
 北京招聘信息
 上海招聘信息
 广州招聘信息
 厦门招聘信息
 杭州招聘信息
 郑州招聘信息
 南京招聘信息
 天津招聘信息
 重庆招聘信息
 成都招聘信息
 苏州招聘信息
 商丘招聘信息
 大连招聘信息
 济南招聘信息
 宁波招聘信息
 无锡招聘信息
 青岛招聘信息
 沈阳招聘信息
 台州招聘信息
 西安招聘信息
 武汉招聘信息
 保山招聘网
 >
 保山选矿工程师招聘
 >
 选矿工程师招聘
 收藏职位
 立即沟通
 立即应聘
 更新时间：2026-06-10",CSS / React / PMP / Go / HTML / jQuery / UG / AI,房地产开发经营,https://www.liepin.com/job/1980857831.shtml
132,猎聘,能源/化工/环保,矿物加工,选矿工程师,猎头,恒益集团,1000-2000人,保山-腾冲,保山-腾冲,保山-腾冲,18-23k,大专,10年以上,20260603170158,带薪年假 / 餐费补贴 / 五险一金 / 13薪 / 15薪 / 通讯津贴 / 五险 / 定期体检,"：
1、负责选矿工艺的设计、优化及实施，制定合理的选矿流程和技术参数。
2、指导选矿生产过程，监控生产指标（如回收率、品位等），及时解决生产中出现的技术问题。
3、进行选矿试验研究，包括矿石性质分析、药剂筛选、设备选型等，为生产提供技术支持。
4、参与选矿设备的安装、调试及改造，确保设备高效运行。
5、制定选矿车间的操作规程和安全技术规程，监督执行并进行员工技术培训。
6、分析生产数据，总结生产经验，提出降本增效的技术措施。
7、跟踪行业内选矿技术的发展动态，引入新技术、新工艺以提升生产效率。","1、矿物加工工程、选矿工程等相关专业，全日制大专及以上学历；
2、具备10年以上选矿工作经验，熟悉选矿工艺（如浮选、重选、磁选等）及相关设备操作；擅长有色金属、稀有金属选矿，有大型矿山或选矿厂工作经验者优先；
3、掌握选矿试验方法和数据分析能力，能熟练使用选矿相关软件；具备解决现场技术问题的能力；
4、了解矿山安全生产法规及环保要求，熟悉选矿药剂的性能及使用规范；
5、具备良好的沟通协调能力、团队合作精神和责任心。
 查看全部",沟通协调 / CSS / React / PMP / 数据分析 / Go / HTML / jQuery / UG / AI,房地产开发经营,https://www.liepin.com/job/1976682507.shtml
133,猎聘,能源/化工/环保,矿物加工,办公室行政专员/助理,猎头,温州市讯和电脑科技有限公司,1-49人,青岛-市南区,青岛-市南区,青岛-市南区,6-7k,大专,1-3年,20240316143300,五险 / 五险一金 / 13薪,"行政专员/助理职位已暂停招聘_猎聘
 该职位已暂停招聘
 投递了该职位的人还查看了
 支付解决方案负责人 10-15k
 九世窖藏 不需要融资
 贵阳-观山湖区
 5年以上
 统招本科
 胡先生
 ·
 总经理
 安防线束工程师 8-10k
 深圳市联畅精密电子有限公司 
 惠州-惠城区
 3-5年
 大专
 赵先生
 ·
 总经理助理
 产品经理 6-12k
 贵州监信数据开发有限公司 融资未公开
 贵阳-观山湖区
 3-5年
 本科
 简先生
 ·
 HR
 咨询项目经理（战略方向） 25-40k
 中大咨询集团 融资未公开
 长沙
 5-10年
 硕士
 李女士
 ·
 集团高级经理
 售前支持工程师 10-15k
 北京道和智信科技发展有限公司 融资未公开
 北京
 5-10年
 本科
 骆女士
 ·
 人力负责人
 物流系统前端开发工程师 13-16k
 信实物流集团有限公司 融资未公开
 杭州
 5年以上
 本科
 丁女士
 客户成功经理(J13585) 18-30k
 慧策|旺店通(掌上先机) D轮及以上
 北京-海淀区
 经验不限
 本科
 李先生
 ·
 研发经理
 高级咨询顾问（人力资源方向） 25-35k
 中大咨询集团 融资未公开
 长沙
 5-10年
 硕士
 李女士
 ·
 集团高级经理
 城市经理-独角兽公司-电商ERP(J11474) 20-30k
 慧策|旺店通(掌上先机) D轮及以上
 西安-新城区
 1-3年
 本科
 李女士
 ·
 研发经理
 大模型评测工程师（LLM方向） 14-28k·13薪
 某北京大型云计算/大数据公司 D轮及以上
 北京
 3-5年
 硕士
 孙女士
 ·
 IT项目交付经理
 自媒体内容运营 6-10k
 游娱联盟(北京)科技文化发展有限责任公司 A轮
 北京
 1-3年
 大专
 毕女士
 ·
 HR
 电商运营 4-8k
 湖南尚扬装饰工程有限公司 
 长沙
 1-3年
 大专
 姜先生
 ·
 人事经理
 售前支持工程师 4-6k
 北京铭智佳华通信技术有限公司 融资未公开
 北京
 经验不限
 本科
 吴女士
 ·
 文员
 售前解决方案 16-25k
 浙江合玛体育大数据科技有限公司 
 北京-丰台区
 5年以上
 统招本科
 宋女士
 ·
 人事主管
 AI算法工程师（大模型全栈） 18-25k
 杭州科芯未来工程技术研究有限责任公司 
 杭州-滨江区
 经验不限
 本科
 奚先生
 ·
 技术合伙人
 促销员 4-9k
 贵州裕泰通讯科技有限公司 
 贵阳
 经验不限
 学历不限
 刘女士
 ·
 人事
 Global Business Development Manager（海外销售总监） 8-12k
 深圳蔻茜文化科技有限公司 
 深圳-龙华区
 5-10年
 本科
 王女士
 ·
 企业文化主管
 产品经理 3-6k
 贵阳浩瀚乾诚科技有限公司 
 贵阳
 1-3年
 大专
 张女士
 ·
 行政人事
 信用卡客户经理 6-10k
 兴业银行股份有限公司广州美林社区支行 
 广州-越秀区
 经验不限
 本科
 谭先生
 ·
 支行零售行长
 服装产前运营 15-25k·13薪
 全量全速 B轮
 广州-海珠区
 3-5年
 本科
 陈女士
 ·
 高级招聘经理
 售前支持工程师 5-10k
 北京融安智联科技有限公司 
 北京-西城区
 1-3年
 大专
 时女士
 ·
 HR
 多模态视觉理解效果评测 12-20k
 某北京大型云计算/大数据公司 D轮及以上
 北京-海淀区
 3-5年
 统招本科
 孙女士
 ·
 IT项目交付经理
 it项目经理 10-15k·13薪
 云档信息 融资未公开
 北京
 3-5年
 本科
 陈先生
 ·
 行业总监
 快消品产品经理 4-7k
 贵州省三同商贸有限公司 
 贵阳
 经验不限
 大专
 蒋先生
 ·
 总经理
 小红书运营 10-15k
 都学网络科技(北京)有限公司 融资未公开
 北京
 1-3年
 本科
 刘女士
 ·
 人事经理
 品牌运营专员 8-10k
 汉唐自远 已上市
 北京-海淀区
 1-3年
 统招本科
 郭女士
 ·
 人事行政总监
 楼宇经理一五险一金高提成 5-10k
 北京时代光环通信技术有限公司 融资未公开
 北京-朝阳区
 经验不限
 大专
 高女士
 ·
 人力资源部经理
 推荐算法工程师 15-20k
 深圳星睿数智技术有限公司北京分公司 
 广州-越秀区
 经验不限
 本科
 李先生
 ·
 技术总监
 售前支持工程师 8-12k
 北京申科景元科技有限公司 融资未公开
 北京
 5-10年
 本科
 刘先生
 ·
 经理
 售前支持工程师 10-15k
 北交联合云计算有限公司 战略融资
 北京
 3-5年
 大专
 崔女士
 ·
 人力专员",/,CSS / React / PMP / 算法 / HTML / jQuery / UG / AI,批发/零售,https://www.liepin.com/job/1965528037.shtml
134,猎聘,能源/化工/环保,矿物加工,成果管理岗,猎头,云南锡铟实验室有限公司,50-99人,昆明-五华区,昆明-五华区,昆明-五华区,薪资面议,硕士,经验不限,20260521091057,16薪 / 13薪 / 14薪 / 15薪,"：负责科技成果管理，以及云锡科技（期刊）管理、对外合作交流、科技成果奖励申报等工作，组织研发单元推进科技成果中试工艺验证，市场试验及小规模生产等工作。
专业要求：采矿、矿业工程、矿物加工、材料类、冶金类、化学类等相关专业。
 查看全部","2. 如您应聘的岗位属于涉外劳务合作/海外岗位的，请务必核实招聘方对外劳务合作资质取得情况，同时注意自身资金安全，防范招聘欺诈。
 3. 本平台招聘方不向求职者提供任何收费服务。
 查看全部
 相关推荐
 展开
 相关公司
 云南心明眼亮健康产业有限公司
 云南浩星九运新能源汽车科技有限公司
 云港国际协同创新研究院
 云南本孝生物科技有限公司
 上海联迈德医疗科技发展有限公司
 云南锡铟实验室有限公司
 成都星欧泰网络科技有限公司
 北京云尔新能源技术开发有限公司云南分公司
 昆明华医萃医药科技有限公司
 盐城益聪食品科技有限公司
 北京慧碳众和资源科技有限公司
 华辰检测
 昆明锋克数据运营管理有限公司
 云南农时光农业科技有限公司
 库销销科学平台
 云南格力恒信智远贸易有限公司
 云南种芯科技有限公司
 昆明派讯新能源有限公司
 逆糖科技(云南)有限公司
 东方广源(北京)科技有限公司
 水涵数(广州)生物科技有限公司
 广州瑞兰电子科技有限公司
 广州心语者科技有限公司
 思美人医疗科技云南有限公司
 云南福聪医疗科技有限公司
 云南博威智能科技有限公司
 昆明市五华区星通艺术培训学校有限公司
 纳微科技
 昆明双佳科技有限公司
 武汉瑞兴生物科技有限公司
 热门城市
 北京招聘网
 上海招聘网
 广州招聘网
 厦门招聘网
 杭州招聘网
 郑州招聘网
 南京招聘网
 天津招聘网
 重庆招聘网
 成都招聘网
 苏州招聘网
 商丘招聘网
 大连招聘网
 济南招聘网
 宁波招聘网
 无锡招聘网
 青岛招聘网
 沈阳招聘网
 台州招聘网
 西安招聘网
 武汉招聘网
 热门招聘
 北京招聘信息
 上海招聘信息
 广州招聘信息
 厦门招聘信息
 杭州招聘信息
 郑州招聘信息
 南京招聘信息
 天津招聘信息
 重庆招聘信息
 成都招聘信息
 苏州招聘信息
 商丘招聘信息
 大连招聘信息
 济南招聘信息
 宁波招聘信息
 无锡招聘信息
 青岛招聘信息
 沈阳招聘信息
 台州招聘信息
 西安招聘信息
 武汉招聘信息
 昆明招聘网
 >
 昆明项目申报招聘
 >
 成果管理岗招聘
 收藏职位
 立即沟通
 更新时间：2026-06-09",CSS / 项目管理 / React / PMP / Go / HTML / jQuery / UG / AI,学术/科研,https://www.liepin.com/job/1982723297.shtml
135,猎聘,能源/化工/环保,矿物加工,选矿技术员,猎头,倍杰特集团股份有限公司,500-999人,文山州-西畴县,文山州-西畴县,文山州-西畴县,6-9k,大专,1年以上,20260408142413,发展空间大 / 提供食宿 / 领导好 / 五险一金 / 13薪 / 公司规模大 / 五险,"：
1、协助选矿工程师进行选矿工艺管理和技术指导；
2、负责选矿生产过程中的技术参数监测和记录；
3、协助进行选矿试验和选矿指标分析；
4、负责选矿设备的日常技术检查和维护建议；
5、收集整理选矿技术资料，编制技术报表；
6、参与选矿安全生产管理和质量控制。","1、矿物加工工程专业大专及以上学历，助理工程师及以上职称；
2、1年以上矿山选矿技术工作经验，熟悉选矿工艺流程；
3、掌握选矿试验基本方法和选矿设备操作技能；
4、具备较强的学习能力和现场执行能力；
5、能适应选矿厂工作环境。
 查看全部",CSS / React / PMP / Go / HTML / jQuery / UG / AI,环保,https://www.liepin.com/job/1981576201.shtml
136,猎聘,能源/化工/环保,矿物加工,浮选工艺工程师（急）,猎头,昆明市中航磷化工有限公司,10000人以上,昆明-东川区,昆明-东川区,昆明-东川区,10-15k,大专,3年以上,20260518101540,发展空间大 / 16薪 / 年终奖金 / 节日礼物 / 餐费补贴 / 年终奖 / 五险一金 / 13薪 / 15薪 / 加班补贴 / 管理培训 / 五险 / 定期体检 / 14薪,"1.负责浮选工艺优化与生产管理，监控核心参数，确保精矿品位和回收率达标。
2.参与设备维护与检修，保障浮选机、球磨机等设备高效稳定运行。
3.收集分析生产数据，提出工艺改进方案并推动实施。
4.落实安全环保措施，确保废水循环利用、废气排放达标。
5.指导一线操作人员，开展技术培训与跨部门协作，安全管理培训。","1.大专及以上学历，矿物加工工程、选矿工程等相关专业。
2.3年以上选矿厂浮选工艺技术相关工作经验。
3.熟悉浮选工艺参数优化及设备操作维护，工艺技术流程。
4.具备生产数据分析能力，能使用办公及生产工艺相关专业软件。
5.持有特种设备作业证者优先，有磷石膏综合利用经验者优先。
6.沟通协调能力强，具备较强的计划规划、全局管理、自我驱动能力，责任心强，安全环保意识突出，性格主动、果断积极，具备良好的成果保障能力。
7.能适应化工工厂工作环境，身体健康。
 查看全部",沟通协调 / CSS / React / PMP / 数据分析 / Go / HTML / jQuery / UG / AI,化工,https://www.liepin.com/job/1982588369.shtml
137,猎聘,能源/化工/环保,矿物加工,磷矿山矿长,猎头,耀宁科技集团,2000-5000人,昆明-宜良县,昆明-宜良县,昆明-宜良县,25-30k,本科,10年以上,20260323150744,发展空间大 / 带薪年假 / 节日礼物 / 扁平管理 / 五险一金 / 五险 / 定期体检 / 团队建设 / 岗位晋升 / 14薪,"核心职责：
1、全面负责与战略领导： 全面主持矿山的生产、经营、行政管理工作，执行集团战略，对矿山的产量、利润、安全等所有核心指标负最终责任。
2、安全生产第一责任人： 建立并维护标准的健康、安全与环境（HSE）管理体系，确保矿山运营零重大事故，打造行业安全标杆。
3、运营与效益最大化： 领导采、选、冶等全链条生产体系，优化资源配置，严格控制预算与成本，不断提升资源回收率和整体运营效率。
4、团队建设与人才发展： 塑造并传承企业文化，领导和管理中层管理团队，选拔、培养和激励核心人才，打造一支高绩效、高凝聚力的专业化队伍。
5、对外关系与合规保障： 代表矿山处理与政府监管部门、合作伙伴及当地社区的关键关系，确保所有运营活动完全合规，维护公司的良好声誉与社会形象。
6、技术革新与可持续发展： 推动矿山的技术改造与智能化升级，贯彻绿色矿山理念，实现矿山的长期、稳定与可持续发展。","1、本科及以上学历，采矿工程、矿物加工、矿山安全等相关专业。
2、持有有效的《企业主要负责人安全生产知识和管理能力考核合格证》（矿长资格证）。
3、具备10年以上磷矿矿山行业工作经验，其中至少5年以上担任大型矿山生产副矿长或矿长的4、全面管理经验。
5、拥有出色的损益管理经验，对矿山的利润和成本有极强的控制能力。
6、有成功领导过中大型露天矿山从建设到稳定生产或完成重大技改项目者。
 查看全部",CSS / 项目管理 / React / PMP / Go / HTML / jQuery / UG / AI,汽车零部件及配件,https://www.liepin.com/job/1978327047.shtml
138,猎聘,能源/化工/环保,矿物加工,矿山安全员,猎头,新希望化工投资有限公司,1000-2000人,昆明-禄劝县,昆明-禄劝县,昆明-禄劝县,6-9k,大专,3年以上,20260430154956,年终奖金 / 18薪 / 年终奖 / 优秀员工奖 / 五险一金 / 13薪 / 五险 / 14薪,"：
1、监督安全制度执行：确保矿山作业遵守安全法规及企业规章制度，纠正违规操作。
2、日常安全检查与隐患排查：巡查运输、矿场等区域，识别设备、环境及操作中的安全隐患，督促整改并跟踪闭环。
3、组织安全培训与演练：定期开展全员安全教育，组织应急演练，提升员工应急能力。
4、应急响应与事故处理：事故发生时启动预案，组织救援并保护现场，配合调查分析原因，提出改进措施。
5、安全记录与报告：记录检查、整改、培训数据，定期向上级汇报安全状况，上报重大风险或事故。
6、跨部门协作与沟通：协调生产、技术部门解决安全与生产矛盾，配合政府监管部门检查。","1、学历要求：具备大专及以上学历。专业背景：安全工程、采矿工程、矿物加工工程、地质工程等相关专业背景优先。
2、工作经验要求：具有3年以上矿山现场工作经验，熟悉矿山生产工艺与作业环境。
 查看全部",CSS / React / PMP / Go / HTML / jQuery / UG / AI,新能源,https://www.liepin.com/job/1982229149.shtml
139,猎聘,能源/化工/环保,矿物加工,销售经理（选煤）,猎头,美腾科技,100-499人,昆明-官渡区,昆明-官渡区,昆明-官渡区,8-10k,统招本科,3-5年,20251202103448,带薪年假 / 节日礼物 / 扁平管理 / 五险一金 / 交通补助 / 13薪 / 通讯津贴 / 五险 / 定期体检 / 年度旅游 / 车辆津贴,"1、了解、掌握负责销售区域的市场状况，进行市场分析和推广，对市场信息进行收集、整理和分析。
2、根据市场营销计划，对项目进行跟踪，完成公司要求的销售指标。
3、负责新客户的开发、老客户的维护工作。
4、按规定及时回收应收账款，并能准确的提供销售预测。
5、完成公司安排的其它工作。","1、有选煤厂、煤矿相关工作经验者优先。
2、具有矿物加工工程、采矿、选煤等相关专业背景学历者优先。
3、有丰富的销售经验，能够识别、确定潜在的合作伙伴，熟悉当地煤炭行业市场发展状况。
4、良好的口头及书面表达能力，积极进取、良好的沟通、协调、组织能力。
5、高度的工作热情，良好的团队合作精神。
6、以上资格，特别优秀者可放宽。
 查看全部",CSS / React / PMP / Go / HTML / jQuery / UG / AI,机械/设备,https://www.liepin.com/job/1973892425.shtml
140,猎聘,能源/化工/环保,矿物加工,销售经理,猎头,美腾科技,100-499人,昆明-官渡区,昆明-官渡区,昆明-官渡区,7-12k,统招本科,3-5年,20260209181314,13薪 / 带薪年假 / 14薪,"1、了解、掌握负责销售区域的市场状况，进行市场分析和推广，对市场信息进行收集、整理和分析。
2、根据市场营销计划，对项目进行跟踪，完成公司要求的销售指标。
3、负责新客户的开发、老客户的维护工作。
4、按规定及时回收应收账款，并能准确的提供销售预测。
5、完成公司安排的其它工作。","1、对煤炭设备销售有一定的了解，熟悉行业工程和设备销售的业务环节。
2、统招本科以上学历，具有矿物加工工程、采矿、选煤等相关专业背景学历者优先。
3、矿加等相关技术背景的优先，有选煤厂、煤矿相关工作经验者优先。
4、能够识别、确定潜在的合作伙伴，熟悉当地行业市场发展状况，具备一定客户资源。
5、具有优秀的营销技巧，较强的市场策划能力和运作能力。
6、良好的口头及书面表达能力，积极进取，良好的沟通、组织协调能力。
7、高度的工作热情，良好的团队合作精神。
8、有驾驶经验。
 查看全部",CSS / React / PMP / Go / HTML / jQuery / UG / AI,机械/设备,https://www.liepin.com/job/1980151413.shtml
141,猎聘,能源/化工/环保,矿物加工,实验室负责人,猎头,贵州税安全信息技术有限公司,50-99人,大理州-大理,大理州-大理,大理州-大理,15-26k,本科,5年以上,20251206043600,五险 / 团队建设 / 五险一金 / 13薪,"及工作内容
1. 全面负责铜矿银矿山实验室的日常运营管理，制定实验室工作计划、管理制度及操作规范，确保实验室高效、有序运转。
2. 主导铜矿、银矿地质样品、矿石样品、选矿产品等的检测分析工作（含铜、银品位检测、伴生元素分析、选矿指标检测等），包括样品接收、制备、检测、数据审核及报告出具，保障检测结果的准确性、及时性和可靠性。
3. 负责实验室检测技术的优化与创新，引入铜矿银矿行业先进检测方法和技术，解决检测过程中出现的技术难题，提升实验室检测能力。
4. 统筹实验室扩建项目推进，包括扩建方案设计、场地规划、检测设备选型（适配铜矿银矿检测需求）、安装调试及验收，确保扩建后实验室满足产能提升和检测范围拓展需求。
5. 负责实验室行业资质认证与维护，主导CNAS认可、矿山行业检测资质（如矿产资源检测机构备案）等申报工作，制定资质维护计划，确保资质持续有效。
6. 统筹实验室设备的采购、安装、调试、维护及校准工作，建立设备台账，重点保障铜矿银矿检测专用设备（如原子吸收分光光度计、ICP-MS、X射线荧光光谱仪等）正常运行。
7. 负责实验室团队建设与管理，包括人员招聘、培训、考核、激励等，针对性开展铜矿银矿检测技术、资质认证相关培训，提升团队专业技能和工作效率。
8. 严格遵守国家及行业关于铜矿银矿检测、安全生产、环境保护的相关法律法规和标准规范，落实实验室安全防护措施（含化学试剂、危废处理），防范安全事故和环保风险。
9. 对接矿山生产、地质勘探、选矿工艺等相关部门，根据铜矿银矿生产需求提供检测数据支持和技术咨询服务，协助解决生产过程中的质量控制问题。
10. 负责实验室检测数据的档案管理，建立完善的数据存储、查询和追溯体系，确保铜矿银矿检测数据的完整性和安全性。
11. 参与铜矿银矿项目的可行性研究、工艺优化、质量评审等工作，为项目决策提供科学的检测依据。
二、","1. 学历背景：本科及以上学历，地质工程、矿物加工工程、分析化学、冶金工程等相关专业，有铜矿银矿检测相关专业背景者优先。
2. 工作经验：5年以上矿山实验室工作经验，其中3年以上实验室管理岗位经验，具备铜矿银矿实验室工作经验或实验室扩建项目主导经验者优先，有大型矿山、冶金企业实验室管理经验者加分。
3. 专业技能：熟练掌握铜矿银矿地质样品、矿石样品的检测分析方法（如化学分析、仪器分析、物理检测等），精通铜、银元素及伴生元素检测技术，熟练操作原子吸收分光光度计、ICP-MS、X射线荧光光谱仪等常用检测设备。
4. 资质认证经验：熟悉实验室行业资质认证流程，有CNAS认可、矿山行业检测资质申报或维护经验，能独立主导资质认证全流程工作者优先。
5. 管理能力：具备较强的团队管理、组织协调和沟通能力，能够有效统筹实验室日常运营、扩建项目及资质认证工作，带领团队完成检测任务。
6. 资质要求：持有中级及以上相关专业技术职称（如地质工程师、分析工程师等），持有实验室认可（CNAS）相关资质或职业资格证书（如检验检测机构资质认定评审员证书）者优先。
7. 行业认知：熟悉国家及行业关于铜矿银矿检测、安全生产、环境保护的相关法律法规和标准规范（如《铜矿石、铅矿石和锌矿石化学分析方法》《银矿石化学分析方法》），了解行业最新技术发展趋势。
8. 素质要求：具备严谨的科学态度、较强的责任心和抗压能力，能够适应矿山现场工作环境，执行力强，有良好的职业素养和团队合作精神。
9. 其他要求：熟练使用办公软件及实验室管理系统，具备一定的公文写作能力，能够独立撰写检测报告、技术方案及资质认证申报材料。
 查看全部",CSS / 具备一定的公文写作能力 / 项目管理 / 团队管理 / React / 能够独立撰写检测报告 / PMP / Go / HTML / 技术方案及资质认证申报材料。 / 熟练使用办公软件及实验室管理系统 / jQuery / UG / AI,其他生活服务,https://www.liepin.com/job/1978962031.shtml
142,猎聘,能源/化工/环保,矿物加工,选矿工程师,猎头,西南黄金矿业有限公司,100-499人,昆明-西山区,昆明-西山区,昆明-西山区,12-25k,大专,3年以上,20251030100706,16薪 / 带薪年假 / 年终奖金 / 年终奖 / 五险一金 / 交通补助 / 13薪 / 15薪 / 五险 / 14薪,"】 
1、负责选矿工艺的设计、调试与优化，确保矿石回收率和产品质量达标；
2、监控生产过程，分析生产数据，及时解决设备故障、工艺异常等问题；
3、制定选矿生产的安全、环保操作规程，监督执行以规避风险；
4、参与新设备、新技术的引进与试验，推动生产效率提升；
5、整理生产报告，记录工艺参数，为后续技术改进提供依据。
【","】
1、学历与专业：大专及以上学历，矿物加工工程、选矿工程等相关专业；
2、技能要求：掌握选矿核心原理与工艺，能使用相关工艺设计软件；具备数据分析和问题解决能力；
3、经验要求：有 3年及以上选矿现场生产或工艺设计相关经验，熟悉矿山选矿设备者优先；
4、其他要求：能适应矿山现场工作环境，具备安全意识和团队协作能力。
 查看全部",CSS / React / PMP / 能使用相关工艺设计软件；具备数据分析和问题解决能力； / 数据分析 / Go / HTML / 掌握选矿核心原理与工艺 / jQuery / UG / AI / 具备安全意识和团队协作能力。,矿产开采,https://www.liepin.com/job/1978104361.shtml
143,猎聘,能源/化工/环保,矿物加工,安全培训教师,猎头,红河哈尼族彝族自治州安全生产技术中心,1-49人,红河-蒙自,红河-蒙自,红河-蒙自,10-11k,大专,5年以上,20250904173719,内部培训 / 13薪 / 14薪 / 15薪,一、危险化学品行业主要负责人和安全生产管理人员安全培训教师,"1.从业经历:具有化工类专业背景和从业5年及以上的实践经验;
2.学历:本科及以上学历;
3.资格条件:取得中级及以上注册安全工程师职业资格或高级职称。
二、非煤矿山行业主要负责人和安全生产管理人员安全培训教师
1.从业经历:具有采矿工程、矿物加工工程、矿山机电工程、安全相关专业背景和从业5年及以上的实践经验;
2.学历:本科及以上学历;
3.资格条件:取得中级及以上注册安全工程师职业资格或高级职称。
三、特种作业电工作业(高、低压电工)培训教师
1.从业经历:具有电力工程类专业背景和从业5年及以上的实践经验;
2.学历:大专及以上学历; 
3.资格条件:理论授课教师符合上述1.2两条要求，实操培训教师应取得与所授工种对应的特种作业操作证或中级工及以上职业技能等级证书。
四、特种作业焊接与热切割作业培训教师 1.从业经历：具有相应专业背景和从业5年及以上的实践经验；
2.学历：大专及以上学历；
3.资格条件：理论授课教师至少有工程技术类中级及以上职称；实操培训应取相应作业工种特种作业操作证或中级工及以上职业技能等级证书。 
五、特种作业高处作业培训教师 1.从业经历：具有相应专业背景和从业5年及以上的实践经验；
2.学历：大专及以上学历；
3.资格条件：理论授课教师至少有工程技术类中级及以上职称；实操培训应取相应作业工种特种作业操作证或中级工及以上职业技能等级证书。
 查看全部",CSS / React / PMP / Go / HTML / jQuery / UG / AI,专业技术服务,https://www.liepin.com/job/1976992017.shtml
144,猎聘,能源/化工/环保,矿物加工,选矿工程师,猎头,恒益集团,1000-2000人,保山-腾冲,保山-腾冲,保山-腾冲,18-30k,大专,10年以上,20260205165643,管理规范 / 带薪年假 / 五险一金 / 通讯津贴 / 五险 / 定期体检 / 岗位晋升 / 14薪 / 提供住宿,"：
1、负责选矿工艺的设计、优化及实施，制定合理的选矿流程和技术参数。
2、指导选矿生产过程，监控生产指标（如回收率、品位等），及时解决生产中出现的技术问题。
3、进行选矿试验研究，包括矿石性质分析、药剂筛选、设备选型等，为生产提供技术支持。
4、参与选矿设备的安装、调试及改造，确保设备高效运行。
5、制定选矿车间的操作规程和安全技术规程，监督执行并进行员工技术培训。
6、分析生产数据，总结生产经验，提出降本增效的技术措施。
7、跟踪行业内选矿技术的发展动态，引入新技术、新工艺以提升生产效率。","1、矿物加工工程、选矿工程等相关专业，全日制大专及以上学历；
2、具备10年以上选矿工作经验，熟悉选矿工艺（如浮选、重选、磁选等）及相关设备操作；擅长有色金属、稀有金属选矿，有大型矿山或选矿厂工作经验者优先；
3、掌握选矿试验方法和数据分析能力，能熟练使用选矿相关软件；具备解决现场技术问题的能力；
4、了解矿山安全生产法规及环保要求，熟悉选矿药剂的性能及使用规范；
5、具备良好的沟通协调能力、团队合作精神和责任心。
 查看全部",沟通协调 / CSS / React / CAD / PMP / 数据分析 / Go / HTML / jQuery / UG / AI,房地产开发经营,https://www.liepin.com/job/1976148991.shtml
145,猎聘,能源/化工/环保,矿物加工,采矿设计、采矿安全评价,猎头,云南诺久工程设计有限公司,1-49人,昆明-五华区,昆明-五华区,昆明-五华区,3-8k,大专,经验不限,20241206111742,餐补 / 全勤奖 / 13薪 / 双休 / 法定节假日 / 14薪,"1.负责项目的前期技术准备；
2.负责采矿等相关的技术咨询服务及文件编制；","3.其他相关技术支持工作，指导企业进行整改；
4.编写评审汇报材料并参与汇报。
三、工资福利待遇
1.每月薪资=底薪（3000元起）+提成（项目合同价20%-25%）+职称补贴+餐补+全勤奖
2.双休；法定节假日休息；有年假；
3.工作时间：9:00--17:30；
4.节假日有员工福利。
 查看全部",沟通协调 / CSS / 项目管理 / React / CAD / PMP / Go / HTML / jQuery / UG / AI,工程管理/勘察/监理,https://www.liepin.com/job/1971259911.shtml
146,猎聘,能源/化工/环保,矿物加工,检测工程师,猎头,明冠新材,500-999人,文山州-麻栗坡县,文山州-麻栗坡县,文山州-麻栗坡县,8-11k,大专,2年以上,20260609115810,/,"：
1、原矿质量评估：负责矿山开采出的石英原矿的取样、制样与检测工作。
2、提纯过程监控：
建立并执行提纯全过程（如：破碎、磨矿、磁选、浮选、酸洗、煅烧等）的质量控制点和检测标准；
及时反馈检测数据，为生产现场的工艺参数调整（如药剂用量、酸浓度、磁场强度等）提供依据，确保提纯过程的稳定和高效。
3、负责实验室的日常管理，包括仪器设备的维护、保养、校准，确保其处于良好工作状态。
4、数据管理与技术支撑：
系统性地记录、整理和分析所有检测数据，建立产品质量数据库。
参与新矿源的质量评价工作，为矿山开采和选矿方案提供前期数据参考。","1、 大专及以上学历，化学类、矿物加工工程、地质学、采矿等相关专业。
2、具备2年以上矿物或非金属矿产品检测相关工作经验，有石英提纯检测经验者优先。
3、具备良好的沟通能力和团队协作精神。
4、工作认真细致，责任心强，能适应一定强度的实验工作。
 查看全部",CSS / React / PMP / Go / HTML / jQuery / UG / AI,新能源,https://www.liepin.com/job/1983276813.shtml
147,猎聘,能源/化工/环保,矿物加工,选矿工程师（钛/钾/钨/铅/锌/锑）,猎头,明冠新材,500-999人,文山州-麻栗坡县,文山州-麻栗坡县,文山州-麻栗坡县,20-30k,大专,5年以上,20260609115400,/,"】
1、 选矿工艺设计与研发
（1）负责指定矿种（钛/钾/钨/铅锌/锑矿）的选矿工艺流程设计，包括破碎、磨矿、选别、脱水全流程方案制定；
（2）针对不同矿种资源特性，开展工艺矿物学研究，制定差异化的选矿工艺路线；
（3）熟练掌握矿种选矿主流方法，能根据矿石性质选用手选、重选、浮选或联合流程，掌握单一浮选法或重选-浮选联合法；
（4）负责浮选药剂的选择与评价，优化药剂制度，提高精矿品位与回收率。
2.、生产线建设与投产
（1）参与选矿厂规划建设，负责设备选型与工艺配置方案评审；
（2）牵头生产工艺调试与试生产工作，确保生产线顺利投产达标；
（3）负责选矿设备的调试、运行及维护技术指导。
3.、生产管理与指标优化
（1）监控生产运行数据与工艺指标，及时发现问题并解决；
（2）持续优化选矿指标，降低生产成本，提升资源综合利用率。
4、针对选矿中的技术难题（如微细粒级回收、复杂伴生矿分离、锑金共生矿综合回收等）开展专项研究。
【","】
1、专科及以上，矿物加工工程、选矿工程、矿业工程等相关专业。
2、具备5年以上选矿行业工作经验，其中至少3年以上选矿厂工艺技术管理或项目主责经验；
3、具备以下矿种之一的实际项目经验：钛矿、钾盐、钨矿、铅锌矿、锑矿；
4、熟悉破碎、磨矿、分级、浮选、浓缩、过滤等选矿单元操作；
5、能适应矿山/选厂现场工作环境，具备良好的技术攻关能力和团队协作精神。
【薪资待遇】
月薪20000-30000元（根据经验及所负责矿种确定薪酬）
综合年薪25-38万元，具体可面议
 查看全部",CSS / React / PMP / Go / HTML / jQuery / UG / AI,新能源,https://www.liepin.com/job/1983267217.shtml
148,猎聘,能源/化工/环保,矿物加工,信息技术专员,企业,空天引擎,50-99人,陕西省,西安,西安,10-15k,本科,经验不限,20240411113950,13薪 / 14薪 / 15薪,"：
 负责公司内部信息化建设及维护
 查看全部","2. 如您应聘的岗位属于涉外劳务合作/海外岗位的，请务必核实招聘方对外劳务合作资质取得情况，同时注意自身资金安全，防范招聘欺诈。
 3. 本平台招聘方不向求职者提供任何收费服务。
 查看全部
 相关推荐
 展开
 西安ServiceTechnician技术支持工程师招聘
 西安技术支持工程师TechnicalSupportEngineer招聘
 西安数字化运营工程师招聘
 西安机技术支持招聘
 西安软件应用支持工程师招聘
 西安IT支持工程师实习工程师招聘
 西安需求高级工程师招聘
 西安IT基础设施岗招聘
 西安IT高管管培生招聘
 西安综合服务管理岗招聘
 西安IT自动化工程师招聘
 西安WMS支持工程师招聘
 西安分支管理工程师招聘
 西安IT应用工程师招聘
 西安初级IT运维工程师招聘
 西安日语IT支持工程师招聘
 西安信息专利管理专员招聘
 西安ACI技术支持工程师招聘
 西安技术支持IT招聘
 西安基础架构支持岗招聘
 西安办公平台工程师招聘
 西安头部实业子公司招聘
 西安打印机维护招聘
 西安信息化应用工程师招聘
 西安RHEL售后技术支持招聘
 西安驻点桌面运维工程师招聘
 西安信息系统规划工程师招聘
 西安酷家乐工程师招聘
 西安门店IT支持招聘
 西安DTC小程序招聘
 相关公司
 北京航天创智科技有限公司
 瑞达宇航
 因诺航空
 北京神州四达科技有限公司
 陕西昱琛航空设备股份有限公司
 中一太客
 西安富沃德光电科技有限公司
 西安中飞航空测试技术发展有限公司
 星鼎时代(上海)智能科技有限公司
 内蒙古西部航科重工有限公司
 科佳光电
 Azspace
 西安冰果智能航空科技有限公司
 陕西环通电子科技有限公司
 中天引控科技股份有限公司重庆分公司
 西安新鹏航空器材有限公司
 西安君航航空科技发展有限公司
 北京爱太空科技发展有限公司
 赛峰(北京)企业管理有限公司
 北京航天爱锐科技有限责任公司
 西安天拓航空科技有限公司
 北京天兵科技有限公司
 陕西航天意德高科技产业有限公司
 中航电测
 杭州牧星科技有限公司
 西安拓邦航空科技有限公司
 西安德天航宇防务科技有限公司
 四川新航钛科技有限公司
 易飞智造
 陕西大前航空科技有限公司
 热门城市
 北京招聘网
 上海招聘网
 广州招聘网
 厦门招聘网
 杭州招聘网
 郑州招聘网
 南京招聘网
 天津招聘网
 重庆招聘网
 成都招聘网
 苏州招聘网
 商丘招聘网
 大连招聘网
 济南招聘网
 宁波招聘网
 无锡招聘网
 青岛招聘网
 沈阳招聘网
 台州招聘网
 西安招聘网
 武汉招聘网
 热门招聘
 北京招聘信息
 上海招聘信息
 广州招聘信息
 厦门招聘信息
 杭州招聘信息
 郑州招聘信息
 南京招聘信息
 天津招聘信息
 重庆招聘信息
 成都招聘信息
 苏州招聘信息
 商丘招聘信息
 大连招聘信息
 济南招聘信息
 宁波招聘信息
 无锡招聘信息
 青岛招聘信息
 沈阳招聘信息
 台州招聘信息
 西安招聘信息
 武汉招聘信息
 西安招聘网
 >
 西安IT支持工程师招聘
 >
 信息技术专员招聘",JavaScript / CSS / Java / 日语 / React / Python / PMP / Go / HTML / jQuery / UG / AI,航空/航天设备,https://www.liepin.com/job/1966170609.shtml
149,猎聘,能源/化工/环保,矿物加工,行政后勤/总务,企业,上海点奕福科技有限公司,50-99人,上海-浦东新区,上海-浦东新区,上海-浦东新区,9-12k,大专,经验不限,20240326132736,13薪 / 14薪 / 15薪,"行政后勤/总务职位已暂停招聘_猎聘
 该职位已暂停招聘
 投递了该职位的人还查看了
 销售专员 6-11k
 北京爱心同行科技有限公司 融资未公开
 北京-东城区
 经验不限
 大专
 李先生
 ·
 人事助理
 售前支持工程师 8-12k
 北京申科景元科技有限公司 融资未公开
 北京
 5-10年
 本科
 刘先生
 ·
 经理
 数据分析师 15-19k
 某知名公司 
 上海
 1-3年
 本科
 刘先生
 ·
 猎头
 计算机视觉高级算法工程师 20-21k
 上海一思维教育技术有限公司 
 上海-浦东新区
 经验不限
 博士
 周女士
 产品总监（人事） 30-40k
 能良电商 融资未公开
 上海-宝山区
 5-10年
 本科
 雷女士
 ·
 Hrbp
 销售代表 5-12k
 爱换科技服务 其他
 北京-东城区
 1-3年
 学历不限
 王先生
 ·
 营销总监
 智驾端到端大模型 40-70k
 某西安大型整车制造公司 融资未公开
 重庆
 3-5年
 硕士
 杨先生
 ·
 猎头顾问
 客户成功经理(J13585) 18-30k
 慧策|旺店通(掌上先机) D轮及以上
 北京-海淀区
 经验不限
 本科
 李先生
 ·
 研发经理
 线上电台语音聊天主播 5-10k
 音诺传媒 其他
 北京-朝阳区
 经验不限
 学历不限
 李女士
 ·
 Hr
 销售工程师 7-8k
 北京清能互联科技有限公司 C轮
 北京-东城区
 1-3年
 学历不限
 赖女士
 ·
 猎头助理顾问
 招聘实习生-全流程 3-5k
 慧策|旺店通(掌上先机) D轮及以上
 北京-西城区
 经验不限
 本科
 徐女士
 销售管理 6-11k·13薪
 松果出行 C轮
 北京-东城区
 3-5年
 大专
 朱先生
 ·
 分公司/代表处负责人
 售前支持工程师 10-15k
 北京道和智信科技发展有限公司 融资未公开
 北京
 5-10年
 本科
 骆女士
 ·
 人力负责人
 注塑开发工程师 10-17k
 通达创智(厦门)股份有限公司 已上市
 厦门-海沧区
 5-10年
 中专/中技
 邱女士
 ·
 人力资源
 销售总经理助理 5-8k
 北京宜居康和养老服务有限公司 融资未公开
 北京-东城区
 经验不限
 本科
 申女士
 ·
 首席执行官CEO/总裁/总经理
 销售经理 6-11k
 北京搜了科技有限公司 
 北京-东城区
 经验不限
 学历不限
 范女士
 ·
 总助
 大模型算法工程师 30-50k
 某知名公司 
 重庆
 3-5年
 博士
 王先生
 ·
 资深顾问(SC)
 Ruby 12-20k·13薪
 广州永鑫通电子科技有限公司 
 上海
 经验不限
 本科
 易女士
 ·
 人事
 课程顾问 4-8k
 弈海润世围棋学堂 融资未公开
 北京-东城区
 1-3年
 大专
 赵女士
 ·
 HR
 售前支持工程师 4-6k
 北京铭智佳华通信技术有限公司 融资未公开
 北京
 经验不限
 本科
 吴女士
 ·
 文员
 其他信托/担保/拍卖/典当 4-8k
 中邦信业金融服务外包(北京)有限公司 
 北京-东城区
 经验不限
 学历不限
 朱女士
 ·
 行政总监
 女装运营专家 25-50k·14薪
 拼多多(上海)网络科技有限公司 融资未公开
 上海
 5-10年
 本科
 吴女士
 ·
 女装
 机器人系统工程师 20-30k
 常州微亿智造科技有限公司 B轮
 上海-闵行区
 1-3年
 本科
 刘先生
 算法主任工程师 40-60k
 某重庆新能源汽车上市公司 已上市
 重庆
 5-10年
 本科
 董女士
 ·
 高级猎头
 App平台运营 4-9k
 北京致远泓管理咨询有限公司 
 北京-东城区
 经验不限
 学历不限
 李先生
 ·
 经理
 售前支持工程师 10-15k
 北交联合云计算有限公司 战略融资
 北京
 3-5年
 大专
 崔女士
 ·
 人力专员
 汽车线束工程师 12-30k
 适途汽车 融资未公开
 上海-浦东新区
 4年以上
 大专
 张先生
 ·
 猎头顾问
 市场经理 6-11k
 北京搜了科技有限公司 
 北京-东城区
 经验不限
 大专
 范女士
 ·
 总助
 软件项目经理 20-35k·15薪
 某知名电气机械/器材公司 D轮及以上
 上海
 5-10年
 统招本科
 张女士
 ·
 招聘专员
 CRM售前技术支持 8-15k
 夏致云计算(上海)有限公司 
 上海-浦东新区
 3年以上
 本科
 余女士
 ·
 人事",/,CSS / React / UG / PMP / 算法 / 数据分析 / HTML / jQuery / Ruby / AI,专业技术服务,https://www.liepin.com/job/1965777337.shtml
150,猎聘,能源/化工/环保,矿物加工,综合人事行政,猎头,四川快享天下科技有限公司,50-99人,自贡-富顺县,自贡-富顺县,自贡-富顺县,10-15k,大专,1-3年,20240408100800,16薪 / 带薪年假 / 免费体检 / 年终奖 / 社保 / 13薪 / 15薪 / 岗前培训 / 生日礼物 / 法定节假日 / 14薪,"：
1，负责来访人员的接待、登记以及引导；确保办公环境的整洁；
2、1-2年人事行政工作经验，熟练操作BOSS直聘，擅长招聘销售人员。
3、负责面试邀约接待以及新人简单的岗前培训,
4、负责团队的建设与活动组织.
5、公司产品简单的售后及安装问题。
6、领导交办的其他事务。
.
薪资待遇：
试用无责底薪2800，转正无责底薪+奖金.提成
上班时间:
8.30:00-18:00， 中午午休2小时，周末单休，法定节假日正常休息。
福利利+年终奖+工龄工资+免费体检+生日礼物+法定节假日福利+超长带薪年假..
 查看全部",1. 如您发现平台内招聘方存在以下违规行为的，请立即,JavaScript / CSS / C++ / Java / 项目管理 / React / 机器学习 / Python / PMP / 算法 / Go / HTML / jQuery / UG / AI,互联网,https://www.liepin.com/job/1966054551.shtml
151,猎聘,能源/化工/环保,矿物加工,财务分析经理/主管,猎头,嘉兴新模文化传媒有限公司,1-49人,温州-瓯海区,温州-瓯海区,温州-瓯海区,5-6k,大专,1-3年,20240315175454,16薪 / 13薪 / 15薪,"财务分析经理/主管职位已暂停招聘_猎聘
 该职位已暂停招聘
 投递了该职位的人还查看了
 AI算法工程师 20-40k
 广东具身风暴机器人有限公司 A轮
 深圳-龙华区
 3-5年
 统招本科
 杨女士
 ·
 HRBP
 售前支持工程师 10-15k
 北交联合云计算有限公司 战略融资
 北京
 3-5年
 大专
 崔女士
 ·
 人力专员
 售前支持工程师 15-22k
 熵行 融资未公开
 北京-朝阳区
 3-5年
 大专
 唐先生
 ·
 CTO
 AI Agent 研发工程师 30-40k
 上海趣申请科技有限公司 
 上海-黄浦区
 5-10年
 统招本科
 李先生
 ·
 技术负责人
 网络安全售前支持工程师 18-30k
 四维创智(北京)科技发展有限公司 B轮
 北京-海淀区
 3-5年
 本科
 杨先生
 ·
 搬砖工
 企业培训讲师 25-55k
 北京语博信息科技有限公司深圳分公司 
 上海-闵行区
 10年以上
 硕士
 董女士
 ·
 人事招聘
 医疗 AI大模型算法科学家(NLP&Agent 架构方向) 35-55k
 某上海专业技术服务公司 其他
 上海-长宁区
 3-5年
 本科
 邓先生
 ·
 软件开发
 售前支持工程师 4-6k
 北京铭智佳华通信技术有限公司 融资未公开
 北京
 经验不限
 本科
 吴女士
 ·
 文员
 售前支持工程师（卫星应用领域） 8-15k
 北京航天长城卫星应用科技有限公司 融资未公开
 北京-西城区
 1-3年
 统招本科
 郭先生
 ·
 副总经理
 数据挖掘算法工程师 25-35k
 蜂启智能科技(北京)有限公司 
 武汉-洪山区
 3-5年
 统招本科
 刘女士
 税务经理 20-25k
 某国内电子商务公司 
 广州
 5-10年
 大专
 朱女士
 ·
 猎头顾问/助理
 课程研发经理 18-20k
 某成都其他商务服务业公司 
 成都
 3-5年
 本科
 吴女士
 ·
 人力资源经理/主管
 售前支持工程师 7-12k
 河北创卓电子科技有限公司北京分公司 
 北京-昌平区
 1-3年
 本科
 黄先生
 ·
 副总经理
 杂工 1-5k
 佛山市声浪电子科技有限公司 
 佛山-顺德区
 5-10年
 中专/中技
 胡先生
 ·
 行政经理
 AI算法工程师 26-40k
 某上海知名计算机软件公司 B轮
 上海-浦东新区
 经验不限
 统招本科
 屠女士
 ·
 招聘顾问
 售前支持工程师 7-11k
 北京中科纳晨科技有限公司 
 北京
 经验不限
 大专
 马女士
 ·
 人事部经理
 Prompt Engineer 15-20k·13薪
 北京句子科技有限公司 
 北京-海淀区
 3-5年
 本科
 李女士
 ·
 行政主管
 售前支持工程师 8-12k
 北京申科景元科技有限公司 融资未公开
 北京
 5-10年
 本科
 刘先生
 ·
 经理
 小红书内容运营（心理类目） 5-8k
 广州心美星心理咨询有限公司 
 广州-海珠区
 1年以上
 大专
 何先生
 ·
 运营经理
 抖音推广（家电产品） 10-30k·15薪
 转芯净界智能科技(南京)有限公司 
 苏州-吴中区
 2年以上
 大专
 侯女士
 ·
 高级招聘专员
 Prompt工程师 15-30k
 上海蓝维他科技有限公司 
 上海-黄浦区
 3-5年
 硕士
 蔡女士
 ·
 HRD
 售前支持工程师 8-15k
 北京经纬中天信息技术有限公司 融资未公开
 北京
 3-5年
 统招本科
 黄女士
 售前支持工程师 10-18k
 Testin D轮及以上
 北京
 经验不限
 本科
 黎女士
 ·
 HR
 CFO 65-85k
 某深圳计算机硬件公司 B轮
 深圳
 经验不限
 统招本科
 肖先生
 ·
 项目经理、猎头高级顾问
 C/C++/Java/JS/Python软开（接受应届） 17-30k·16薪
 某深圳大型通信设备公司 战略融资
 上海
 经验不限
 本科
 郑女士
 ·
 招聘顾问
 财务领域高级咨询师 20-40k
 某北京咨询服务上市公司 已上市
 广州
 10年以上
 本科
 蒋先生
 ·
 猎头顾问
 税务经理 20-25k
 某国内电子商务公司 
 佛山
 5-10年
 大专
 朱女士
 ·
 猎头顾问/助理
 AI架构师 20-40k
 海豚传媒股份有限公司 战略融资
 深圳-南山区
 2年以上
 统招本科
 张女士
 ·
 招聘经理
 售前支持工程师 5-10k
 北京融安智联科技有限公司 
 北京-西城区
 1-3年
 大专
 时女士
 ·
 HR
 售前支持工程师 10-15k
 北京道和智信科技发展有限公司 融资未公开
 北京
 5-10年
 本科
 骆女士
 ·
 人力负责人",/,CSS / C++ / Java / React / Python / PMP / 算法 / HTML / 数据挖掘 / jQuery / UG / AI,培训服务,https://www.liepin.com/job/1965519789.shtml
152,猎聘,能源/化工/环保,矿物加工,战略分析经理,企业,上海茫讯商务咨询中心,/,北京-东城区,北京-东城区,北京-东城区,35-65k·16薪,硕士,3-5年,20230405204132,16薪 / 18薪 / 13薪 / 15薪 / 14薪,"：
1.开展公司战略研究，参与制定控股集团中长期战略和专项战略；
2.开展市场及宏观经济研究，研判市场周期，撰写研究报告；
3.针对公司具体业务发展思路或重大商情事进行研究与评估，给出及时性分析论证与数据支持；
4.开展城市基本面、城市布局、投资策略研究;
5.对接公司内部研究线相关工作；
6.对接外部研究资源，与外部机构进行长期友好合作，整合研究资源。","1.教育背景：硕士学历，房地产、城市规划、统计、经济、金融、投资、财会、企业管理等相关专业优先；
2.工作经验：具有国际五大行咨询公司研究经验、房地产企业投资或战略规划、研究经验或券商行业研究经验等，3-5年工作经验，有过总部工作经验或房地产项目经验优先；
3.胜任能力：拥有较强的学习能力与创新思维，逻辑性强，客观公正，有独立思考与见解，同等条件下，具有相关外部研究资源协调整合能力优先。
4.岗位技能：熟练掌握数据分析软件操作(stata，Python，spss等)、研究报告撰写和展示汇报，熟练使用PPT等办公软件。
 查看全部",JavaScript / CSS / Java / 项目管理 / React / CAD / Python / PMP / 算法 / 数据分析 / HTML / SPSS / jQuery / UG / AI,专业技术服务,https://www.liepin.com/job/1954861307.shtml
153,猎聘,能源/化工/环保,矿物加工,矿物加工/选煤工程师,企业,金易通科技(北京)股份有限公司,100-499人,天津-宝坻区,天津-宝坻区,天津-宝坻区,5-8k,本科,经验不限,20250606094904,发展空间大 / 16薪 / 年终奖金 / 年终奖 / 五险一金 / 13薪 / 五险 / 免费食堂 / 岗位晋升 / 提供住宿,"：
1、 负责选煤厂工艺流程设计、制图和相应机械设备选型；
2、 招投标文件制作及参加相关招投标活动；
3、 协调处理项目现场出现的问题；
4、 配合申请专利、参与项目申报；
5、 协同机械设计人员完成相关研发项目；
6、 完成领导交办的其它工作。","1、矿物加工工程专业本科学历，应届/往届毕业生均可，有设计院及相关工作经验者优先； 
2、熟悉选煤工艺方案及设备；
3、熟练使用办公自动化和相关软件，如AutoCAD、OFFICE系列等；
4、具备一定的机械专业技能，能自主读懂机械三视图；
5、能够适应项目短期出差；
6、具有良好的沟通能力，工作认真负责。
 查看全部",CSS / React / CAD / PMP / AutoCAD / Go / HTML / jQuery / UG / AI,专业技术服务,https://www.liepin.com/job/1960378439.shtml
154,猎聘,能源/化工/环保,矿物加工,选矿工艺工程师,企业,天津建材工程设计院有限公司,1-49人,天津-红桥区,天津-红桥区,天津-红桥区,10-15k·13薪,本科,5年以上,20260511144503,18薪 / 13薪 / 14薪,"1. 负责选矿厂新建/技改项目工艺设计、流程方案、试验研究 。
2. 碎磨、选别（浮选/磁选/重选）流程设计、设备选型、参数匹配。
3. 编制可研、初步设计、施工图、设备技术规格书。
4. 现场施工、安装、调试、达产达标、工艺优化 。
5. 控制精矿品位、回收率、药耗、能耗，解决生产技术难题 。
6. 遵守矿山安全与环保法规，制定操作规程 。","1. 统招本科及以上，**矿物加工工程（选矿）**专业 。
2. 5年以上选矿厂技术/设计/技改经验；有大型矿山或设计院经验优先。
3. 精通选矿工艺流程、设备（破碎、磨矿、浮选机、磁选机等）。
4. 熟练使用AutoCAD，懂选矿模拟（JKSimMet、Mintek）优先。
5. 能独立完成试验、设计、报告，现场问题解决能力强 。
6. 能接受矿山出差。
 查看全部",CSS / React / CAD / PMP / AutoCAD / Go / HTML / jQuery / UG / AI,专业技术服务,https://www.liepin.com/job/1982423757.shtml
155,猎聘,能源/化工/环保,矿物加工,矿山设备产品应用工程师,企业,莫图泰克,50-99人,天津-北辰区,天津-北辰区,天津-北辰区,10-15k,本科,3年以上,20260610082905,发展空间大 / 16薪 / 年终奖金 / 餐费补贴 / 绩效奖金 / 领导好 / 年终奖 / 五险一金 / 交通补助 / 13薪 / 15薪 / 通讯津贴 / 五险 / 定期体检 / 年度旅游 / 14薪,"1. 产品线整体规划
全权负责公司螺旋溜槽、水力旋流器、矿用取样器等筛分分选类设备的全生命周期产品管理，制定产品路线图、迭代规划及市场定位，统筹新品立项、老品升级改造、标准化选型优化工作。
2. 客户现场应用落地
主导设备客户现场踏勘、工况勘查、参数选型、方案交底；跟进新品及改造设备现场安装、调试、试运行全过程，记录现场运行数据、处理量、分级分选效果，形成现场应用报告，反哺产品结构与性能优化。
3. 全流程跨部门协同
联动研发、工艺、生产、销售、售后团队，推进产品设计、样机试制、性能测试、量产落地；解决设备在设计、生产、现场应用中的技术适配、结构适配、工况适配问题，保障产品符合矿山行业标准及现场安全使用要求。
4. 客户服务与技术支撑
深度服务核心矿山客户，负责设备应用技术答疑、故障根因分析、技改方案输出；配合销售开展售前技术交流、方案宣讲、客户考察接待，输出产品样本、选型手册、应用案例等市场推广物料。
5. 竞品与市场迭代管理
跟踪行业同类螺旋溜槽、旋流器、取样器竞品技术参数、结构设计、现场应用优势，对标制定产品差异化优化策略；持续收集客户使用反馈、售后问题，推进产品迭代升级，提升设备稳定性、分选效率与使用寿命。","1. 专业背景
本科及以上学历，机械设计、选矿工程、矿物加工、矿山机械等相关专业优先。
2. 从业经验（硬性要求）
具备3 年及以上矿山筛分分选设备产品经理 / 技术研发 / 现场应用经验；有螺旋溜槽、水力旋流器、矿用取样器任意一类或多类设备独立产品操盘经验者优先，熟悉设备结构原理、工艺参数、选型逻辑及行业应用场景。
3. 现场与客户能力
具备丰富矿山选厂客户现场驻场、调试、应用服务经验，能独立完成现场工况评估、设备问题排查、应用方案优化；擅长客户沟通需求挖掘，具备大客户维护、售前技术支持及现场问题闭环处理能力。
4. 专业技能
熟悉矿山选矿工艺流程、设备分级分选原理，懂设备机械结构、材质选型、工况适配要求；能独立编写产品方案、需求文档、现场应用报告、选型手册；可适应不定期矿山现场出差。
5. 综合素质
具备较强跨部门协调能力、逻辑思维与问题解决能力，抗压性强，懂行业市场规则，有矿山设备 B 端产品思维，能平衡产品技术、现场应用与客户市场需求。
加分项
1. 有矿业设计院、矿山设备厂家、选厂技术管理从业背景；
2. 有矿山项目现场应用、客户服务经验；
3. 熟悉行业相关设备国标 / 行标、矿用产品认证流程。
 查看全部",CSS / 项目管理 / React / PMP / Go / HTML / jQuery / UG / AI,机械/设备,https://www.liepin.com/job/1982560033.shtml
156,猎聘,能源/化工/环保,矿物加工,海外销售经理,企业,美腾科技,100-499人,天津-南开区,天津-南开区,天津-南开区,10-18k,本科,3年以上,20251216102110,发展空间大 / 16薪 / 年终奖金 / 年终奖 / 技能培训 / 五险一金 / 13薪 / 15薪 / 通讯津贴 / 五险 / 团队建设 / 岗位晋升 / 14薪,"1、了解、跟踪非洲区域煤炭/矿物加工项目建设、装备市场状况，对指定海外区域的潜在市场和客户信息进行收集、整理和分析，挖掘和推动潜在市场项目发展。
2、常驻海外，推进本区域的客户开发、销售、项目协调、售后支持工作。
3、负责非洲区域客户关系的维护，包括新客户的对接开发、老客户关系的巩固工作。
4、 公司公司规划，完成责任区域本地组织的建立、团队建设和日常运维。
5、 调动和组织相关部门，完成本区域目标市场项目的推动，包括但不限于：基础信息收集、现场调研、销售策略制定和执行、售前技术方案制定、协助项目立项、组织项目投标、合同谈判、配合项目交付、验收和售后服务等。
6、负责非洲区域的经销渠道、顾问/中介、当地代理的寻找、开发、日常协调沟通和管理。
7、根据区域市场营销计划，对责任范围内的市场项目进行跟踪，完成公司要求的销售指标。
8、牵头其它部门，负责本区域市场营销宣传、会展、广告投放、专题市场活动的准备和组织工作。
9、按规定及时回收应收账款，并能准确的提供销售预测。
10、按照公司分工完成责任范围内区域销售体系的完善和不断提升。
11、完成公司安排的其它相关工作。
12、工作地点: 海外：现居住地为南非、莫桑比克、赞比亚、刚果等非洲国家。","1、矿山类/矿物加工类/机电类/资源类专业背景，统招本科及以上学历。
2、三年以上海外矿山工程/装备/服务市场销售、市场营销、工程项目开发运营、设计研发、工程咨询等工作经验，具备先进技术的学习、推广和应用能力，能够识别、确定潜在的合作伙伴，了解客户相关业务流程。
3、熟悉国内、国际矿山工程/装备/服务市场，有初步的市场人脉、客户关系积累。
4、对煤炭或矿物的开采、分选或销售行业有一定的了解，熟悉煤炭或矿物分选行业工程和设备销售的业务者优先。
5、英语、法语或葡萄牙语流利，能流畅的用外语交流、阅读相关文件；有非洲常驻、学习生活经历者优先。
6、有亲和力和执行力，良好的口头及书面表达能力，积极进取、良好的沟通、协调和组织能力。
7、高度的工作热情，奋斗拼搏精神，良好的团队合作精神。
8、有机动车驾驶资质和经验，有国际驾照者优先。
 查看全部",法语 / CSS / 英语 / React / PMP / Go / HTML / jQuery / UG / AI,机械/设备,https://www.liepin.com/job/1979165059.shtml
157,猎聘,能源/化工/环保,矿物加工,海外销售经理（非洲）,企业,美腾科技,100-499人,天津-南开区,天津-南开区,天津-南开区,10-15k,本科,3年以上,20260304100215,休闲餐点 / 团队聚餐 / 16薪 / 子女福利 / 五险一金 / 交通补助 / 13薪 / 通讯津贴 / 五险 / 定期体检 / 聚餐 / 团队建设 / 14薪,"1.了解、跟踪非洲区域煤炭/矿物加工项目建设、装备市场状况，对指定海外区域的潜在市场和客户信息进行收集、整理和分析，挖掘和推动潜在市场项目发展； 
2.常驻海外，推进本区域的客户开发、销售、项目协调、售后支持工作；
3.负责非洲区域客户关系的维护，包括新客户的对接开发、老客户关系的巩固工作；
4. 公司公司规划，完成责任区域本地组织的建立、团队建设和日常运维；
5. 调动和组织相关部门，完成本区域目标市场项目的推动，包括但不限于：基础信息收集、现场调研、销售策略制定和执行、售前技术方案制定、协助项目立项、组织项目投标、合同谈判、配合项目交付、验收和售后服务等；
5.负责非洲区域的经销渠道、顾问/中介、当地代理的寻找、开发、日常协调沟通和管理；
6.根据区域市场营销计划，对责任范围内的市场项目进行跟踪，完成公司要求的销售指标； 
7.牵头其它部门，负责本区域市场营销宣传、会展、广告投放、专题市场活动的准备和组织工作；
8.按规定及时回收应收账款，并能准确的提供销售预测；
9.按照公司分工完成责任范围内区域销售体系的完善和不断提升；
10.完成公司安排的其它相关工作。 
11.工作地点: 国内：北京/朝阳/大屯北路，或者是天津/南开/时代奥城 海外：国家和区域根据应聘人的经验协商确定。","1.矿山类/矿物加工类/机电类/资源类专业背景，本科及以上学历；
2.三年以上海外矿山工程/装备/服务市场销售、市场营销、工程项目开发运营、设计研发、工程咨询等工作经验，具备先进技术的学习、推广和应用能力，能够识别、确定潜在的合作伙伴，了解客户相关业务流程；
3.熟悉国内、国际矿山工程/装备/服务市场，有初步的市场人脉、客户关系积累；
4.对煤炭或矿物的开采、分选或销售行业有一定的了解，熟悉煤炭或矿物分选行业工程和设备销售的业务者优先； 
5.英语或者法语流利，能流畅的用外语交流、阅读相关文件；有非洲常驻、学习生活经历者优先；
6. 有亲和力和执行力，良好的口头及书面表达能力，积极进取、良好的沟通、协调、组织能力； 
7.高度的工作热情，奋斗拼搏精神，良好的团队合作精神； 
8.有机动车驾驶资质和经验，有国际驾照者优先；
9.能接受长期非洲出差。
 查看全部",法语 / CSS / 英语 / React / PMP / Go / HTML / jQuery / UG / AI,机械/设备,https://www.liepin.com/job/1970321785.shtml
158,猎聘,能源/化工/环保,矿物加工,国际销售经理,企业,美腾科技,100-499人,天津-南开区,天津-南开区,天津-南开区,14-28k·13薪,本科,3年以上,20250725164020,团队建设 / 16薪 / 13薪 / 15薪,"1、了解、跟踪海外区域煤炭/矿物加工项目建设、装备市场状况，对指定海外区域的潜在市场和客户信息进行收集、整理和分析，挖掘和推动潜在市场项目发展；
2、常驻海外，推进本区域的客户开发、销售、项目协调、售后支持工作。
3、负责海外区域客户关系的维护，包括新客户的对接开发、老客户关系的巩固工作。
4、执行公司销售决策，完成责任区域本地组织的建立、团队建设和日常运维。
5、调动和组织相关部门，完成本区域目标市场项目的推动，包括但不限于：基础信息收集、现场调研、销售策略制定和执行、售前技术方案制定、协助项目立项、组织项目投标、合同谈判、配合项目交付、验收和售后服务等。
6、负责海外区域的经销渠道、顾问/中介、当地代理的寻找、开发、日常协调沟通和管理。
7、根据区域市场营销计划，对责任范围内的市场项目进行跟踪，完成公司要求的销售指标。
8、牵头其它部门，负责本区域市场营销宣传、会展、广告投放、专题市场活动的准备和组织工作。
9、按规定及时回收应收账款，并能准确的提供销售预测。
10、按照公司分工完成责任范围内区域销售体系的完善和不断提升。
11、完成公司安排的其它相关工作。
12、工作地点: 国内-北京/天津；海外-【非洲区域】/【澳洲区域】/【南美洲区域】/【中东区域】（国家和区域根据应聘人的经验协商确定）。","1、矿山类/矿物加工类/机电类/资源类专业背景，本科及以上学历。
2、三年以上海外矿山工程/装备/服务市场销售、市场营销、工程项目开发运营、设计研发、工程咨询等工作经验，具备先进技术的学习、推广和应用能力，能够识别、确定潜在的合作伙伴，了解客户相关业务流程。
3、熟悉国内、国际矿山工程/装备/服务市场，有初步的市场人脉、客户关系积累。
4、对煤炭或矿物的开采、分选或销售行业有一定的了解，熟悉煤炭或矿物分选行业工程和设备销售的业务者优先。
5、能流畅的用英语/当地外语语种交流、阅读相关文件；有国外常驻、学习生活经历者优先。
6、有亲和力和执行力，良好的口头及书面表达能力，积极进取、良好的沟通、协调、组织能力。
7、高度的工作热情，奋斗拼搏精神，良好的团队合作精神。
8、有机动车驾驶资质和经验，有国际驾照者优先。
9、能接受长期海外出差。
 查看全部",法语 / CSS / 英语 / React / PMP / Go / HTML / jQuery / UG / AI,机械/设备,https://www.liepin.com/job/1976046773.shtml
159,猎聘,能源/化工/环保,矿物加工,销售助理工程师,企业,美腾科技,100-499人,天津-南开区,天津-南开区,天津-南开区,6-7k,统招本科,1-3年,20260324102211,休闲餐点 / 绩效奖金 / 五险一金 / 交通补助 / 13薪 / 15薪 / 生育补贴 / 六险一金 / 五险 / 定期体检 / 年度旅游 / 双休 / 14薪 / 六险,"1、协助销售团队跟踪项目进展，做好项目方案和项目台账登记、节点跟进、资料归档等工作；实时同步项目动态，协助梳理销售目标拆解方案，辅助销售团队高效推进任务，保障公司整体销售指标有序落地。
2、协助销售团队开展新客户开发前期调研、资料准备、意向对接等基础工作；负责老客户日常回访、需求记录、问题反馈等维护工作，搭建客户与销售团队的高效沟通桥梁，提升客户粘性与满意度。
3、协助销售团队及时跟进、催收应收账款，做好回款台账登记、进度跟踪与异常上报；精准梳理销售数据，辅助完成销售预测分析、数据报表编制，为销售决策提供可靠的数据依据。
4、高效完成公司交办的各类销售支撑、跨部门协同、资料整理、会议筹备等临时性工作，全力保障销售团队日常业务顺畅开展。","1、矿物加工工程或采矿工程等相关专业，统招本科及以上学历，对选煤选矿行业了解，能够协助销售团队梳理技术优势、整理技术资料，配合完成技术类推广工作；
2、认可销售支持工作，热爱营销辅助类岗位，具备较强的数据感知，能够高效配合销售团队完成市场拓展与客户对接等辅助工作。
3、具备良好的口头沟通与书面表达能力，积极进取、责任心强，拥有出色的跨部门沟通、问题协调、事务组织能力，能高效对接内外部资源；工作热情饱满、执行力强，具备良好的团队协作精神与服务意识，做事严谨细致。
4、其他附加条件：持有驾驶证且具备实际驾驶经验，可配合完成外勤调研、资料递送、客户陪同走访等辅助性外勤工作。
 查看全部",CSS / 英语 / React / PMP / Go / HTML / jQuery / UG / AI,机械/设备,https://www.liepin.com/job/1981180601.shtml
160,猎聘,能源/化工/环保,矿物加工,选煤（选矿）生产运营项目经理,企业,美腾科技,100-499人,天津-南开区,天津-南开区,天津-南开区,10-15k,统招本科,5-10年,20251226102537,休闲餐点 / 团队聚餐 / 子女福利 / 五险一金 / 交通补助 / 13薪 / 15薪 / 通讯津贴 / 五险 / 定期体检 / 聚餐,"1、负责公司生产运营项目的项目部全面管理工作，是项目运营中效益、质量、安全、环保的第一责任人，对项目部实行统一领导和指挥。
2、负责与生产经营有关的一切活动。包括生产、维修、协调等，确保生产量、结算等按计划完成。 
3、了解、掌握煤炭分选生产、管理工作，掌握煤炭分选指标、设备性能、工艺系统、对分选数据收集、整理、分析。 
4、积极组织完成和超额完成年、季、月生产计划，梳理生产运营台账，保持运营项目低成本高效运行。 
5、负责项目部生产运营业务和技术培训，提高团队能力，满足公司发展需要。
6、负责项目部结算、回款，完成结算、回款目标。
7、完成公司安排的其它工作。","1、本科及以上学历：矿物加工、选煤、选矿、电气、自动化、机电一体化等相关专业；有选矿厂生产管理经验者优先，了解智能分选设备者优先。 
2、熟悉相关计算机辅助设计软件和各种办公软件。
3、熟悉选矿工艺和选矿厂生产运营管理体系。
4、具有较强的学习能力，良好的沟通表达，分析及解决问题的能力。
5、做事认真，踏实，为人正直，积极主动。
6、能适应长期出差或随项目驻场。
 查看全部",CSS / React / PMP / Go / HTML / jQuery / UG / AI,机械/设备,https://www.liepin.com/job/1969996905.shtml
161,猎聘,能源/化工/环保,矿物加工,采矿生产部总监,企业,中丝路建设投资集团有限公司,2000-5000人,天津-武清区,天津-武清区,天津-武清区,薪资面议,本科,10年以上,20250813124122,五险一金 / 13薪 / 15薪 / 五险 / 双休 / 团队建设 / 饮料 / 14薪,"岗位定位：全面负责公司国内外矿山采剥生产运营管理，统筹多矿种生产计划、技术应用与资源配置，对产量、效率及生产安全负直接责任，向分管副总经理汇报。
一、核心职责
1. 生产战略与计划管理
制定矿种差异化生产规划（煤矿/铝土矿/金矿），确保与公司矿业转型战略协同。
组织编制年度采剥计划，分解落实各矿区产量目标与进度节点。
动态调整生产资源配置，应对地质条件变化及海外政策波动。
2. 生产流程与技术优化
建立标准化采剥作业流程（钻爆-采装-运输-排土），推动工艺持续改进。
主导智能开采技术落地：部署无人驾驶矿卡、智能调度系统等新技术应用。
优化海外项目属地化生产模式（如几内亚雨季作业、塔吉克高寒作业规范）。
3. 安全质量与成本控制
监督生产现场安全规程执行，协同安环部管控重大作业风险。
建立全流程质量跟踪机制，保障矿石品位与资源回收率达标。
推动精益生产管理，降低采剥综合运营成本。
4. 团队建设与跨部门协同
培养专业化生产管理团队，提升调度、计划岗位技术能力。
协同地勘技术部优化采矿方案（如矿体边界精准控制）。
联动物资保障部保障设备高效运行，预防供应链中断风险。
二、","1. 硬性条件
学历：采矿工程、矿物加工或相关领域本科及以上学历。
经验：
大型露天矿山生产全面管理经验，覆盖多矿种作业场景；
主导智能化采矿系统建设或改造项目；
跨国矿山生产标准制定与落地实践。
证书：一级建造师（矿业）、高级工程师职称。
2. 核心能力
多矿种统筹力：平衡煤矿高效量产与海外矿山复杂工况的差异化管控能力。
技术整合力：将智能开采技术转化为生产力提升的实践能力。
风险预判力：识别地质条件、设备故障、政策变动对生产计划的连锁影响。
跨文化执行力：适应海外属地化管理要求。
 查看全部",Git / CSS / React / PMP / Go / HTML / jQuery / UG / AI,装饰装修,https://www.liepin.com/job/1976455309.shtml
162,猎聘,能源/化工/环保,矿物加工,工艺工程师,企业,美腾科技,100-499人,天津-静海区,天津-静海区,天津-静海区,8-12k,本科,3-5年,20251225100534,带薪年假 / 13薪 / 15薪 / 双休 / 14薪 / 六险,"1. 负责锂电回收产线的工艺流程设计、开发与持续优化，重点围绕电池破碎、分选等关键环节，提升产品回收率、产品纯度及整体经济效益。
2. 通过实验研究、中试放大及数据分析，攻克工艺难点，推动技术创新与知识产权布局。
3. 将工艺方案转化为可规模化实施的产品解决方案，协同工程团队完成产线设计、设备选型、调试与验收，确保技术指标与成本目标的实现。
4. 制定工艺标准、操作规程及质量控制体系，支持产线稳定投产与高效运行。
5. 与研发、生产、市场及供应链团队紧密合作，推动工艺技术从实验室到产业化的高效转化，并针对市场需求迭代产品方案。
6. 跟踪锂电回收技术趋势、政策标准及竞争动态，开展竞品分析与市场调研，为产品规划与工艺路线选择提供决策依据。
7. 探索新兴技术在锂电回收领域的应用潜力，推动产线工艺的持续升级与降本增效，确保工艺设计符合环保、安全及行业规范要求，推动绿色、低碳的循环经济解决方案落地。","1、统招本科及以上学历；矿物加工工程（选煤）专业。
2、熟悉各类选煤或选矿工艺流程，具有一定的现场学习经历。
3、有较强的逻辑分析和文档编写能力。
4、大学英语四级以上水平。
5、具有选煤/选矿设备开发经验者优先。
6、具备一定的计算机基础或对计算机感兴趣者优先。
7、具有选煤/选矿行业相关工业应用研究成果及经历者优先。
8、具备良好的沟通能力和团队合作精神。
 查看全部",CSS / 英语 / React / PMP / 数据分析 / Go / HTML / jQuery / UG / AI / 英语四级,机械/设备,https://www.liepin.com/job/1979366667.shtml
163,猎聘,能源/化工/环保,矿物加工,国际销售经理（俄罗斯/中亚地区）,企业,美腾科技,100-499人,天津-南开区,天津-南开区,天津-南开区,14-28k,本科,3年以上,20250725164143,团队建设 / 13薪 / 14薪 / 15薪,"1.了解、掌握俄罗斯和其它中亚国家矿物分选市场状况，进行国际市场分析和推2、常驻海外，推进本区域的客户开发、销售、项目协调、售后支持工作。
3、负责海外区域客户关系的维护，包括新客户的对接开发、老客户关系的巩固工作。
4、执行公司销售决策，完成责任区域本地组织的建立、团队建设和日常运维。
5、调动和组织相关部门，完成本区域目标市场项目的推动，包括但不限于：基础信息收集、现场调研、销售策略制定和执行、售前技术方案制定、协助项目立项、组织项目投标、合同谈判、配合项目交付、验收和售后服务等。
6、负责海外区域的经销渠道、顾问/中介、当地代理的寻找、开发、日常协调沟通和管理。
7、根据区域市场营销计划，对责任范围内的市场项目进行跟踪，完成公司要求的销售指标。
8、牵头其它部门，负责本区域市场营销宣传、会展、广告投放、专题市场活动的准备和组织工作。
9、按规定及时回收应收账款，并能准确的提供销售预测。
10、按照公司分工完成责任范围内区域销售体系的完善和不断提升。
11、完成公司安排的其它相关工作。
工作地点：国内-北京/天津；海外-俄罗斯/其他中亚国家（国家和区域根据应聘人的经验协商确定）。
1、矿山类/矿物加工类/机电类/资源类专业背景，本科及以上学历。
2、三年以上海外矿山工程/装备/服务市场销售、市场营销、工程项目开发运营、设计研发、工程咨询等工作经验，具备先进技术的学习、推广和应用能力，能够识别、确定潜在的合作伙伴，了解客户相关业务流程。
3、熟悉国内、国际矿山工程/装备/服务市场，有初步的市场人脉、客户关系积累。
4、对煤炭或矿物的开采、分选或销售行业有一定的了解，熟悉煤炭或矿物分选行业工程和设备销售的业务者优先。
5、能流畅的用英语/俄语/当地外语语种交流、阅读相关文件；有国外常驻、学习生活经历者优先。
6、有亲和力和执行力，良好的口头及书面表达能力，积极进取、良好的沟通、协调、组织能力。
7、高度的工作热情，奋斗拼搏精神，良好的团队合作精神。
8、有机动车驾驶资质和经验，有国际驾照者优先。
9、能接受长期海外出差。
 查看全部","2. 如您应聘的岗位属于涉外劳务合作/海外岗位的，请务必核实招聘方对外劳务合作资质取得情况，同时注意自身资金安全，防范招聘欺诈。
 3. 本平台招聘方不向求职者提供任何收费服务。
 查看全部
 相关推荐
 展开
 天津海外销售业务员招聘
 天津海外销售业务岗招聘
 天津海外销售专员招聘
 天津海外医疗器械销售招聘
 天津海外公寓租房销售招聘
 天津海外中心招聘
 天津医美海外销售招聘
 天津耳机海外销售招聘
 天津海外进出口销售招聘
 天津北美区外贸销售招聘
 天津海外销售新能源招聘
 天津驻海外销售代表招聘
 天津海外建材销售岗招聘
 天津智能卫浴海外销售招聘
 天津拉美海外销售经理招聘
 天津拉美地区海外销售招聘
 天津海外销售副总经理招聘
 天津海外电芯销售经理招聘
 天津海外销售初级工程师招聘
 天津海外电视产品线经理招聘
 天津充电桩海外渠道销售招聘
 天津法语海外销售副经理招聘
 天津海外光伏销售工程师招聘
 天津电子烟海外销售经理招聘
 天津海外矿用设备销售经理招聘
 天津国际物流出口销售经理招聘
 天津英语区销售招聘
 天津芯片外贸销售招聘
 天津西语区销售经理招聘
 天津银行对私客户经理招聘
 相关公司
 上海同泰火安科技有限公司
 南皮县鑫玖鑫基五金制造有限公司
 大能科创
 天津英利模具制造有限公司
 克莱门特捷联制冷设备(上海)有限公司
 天津莫德曼机器人有限公司
 天津德川金属制品有限公司
 苏州黑盾环境股份有限公司
 天津金玛光电有限公司
 北京哈德曼自动化设备有限公司
 高迈特精密刀具(太仓)有限公司
 天津微纳制造技术有限公司
 酷捷干冰设备(上海)有限公司
 爱孚迪(上海)制造系统工程有限公司
 霸州市木森鑫钢桁架科技有限公司
 天津思言科技有限公司
 上海磐沛自动化技术有限公司
 天津东华电力设备股份有限公司
 派达(天津)机械设备技术有限公司
 南京华威医药科技集团有限公司
 徐工环境
 天津市平津精密机械厂(普通合伙)
 天津诺银机电科技有限公司
 天津奥利达能源科技发展有限公司
 天津纵西牵引电机有限公司
 天津市精瑞亨机械设备有限公司
 智马(北京)油气设备有限公司
 天津亿诚集团有限公司
 热门城市
 北京招聘网
 上海招聘网
 广州招聘网
 厦门招聘网
 杭州招聘网
 郑州招聘网
 南京招聘网
 天津招聘网
 重庆招聘网
 成都招聘网
 苏州招聘网
 商丘招聘网
 大连招聘网
 济南招聘网
 宁波招聘网
 无锡招聘网
 青岛招聘网
 沈阳招聘网
 台州招聘网
 西安招聘网
 武汉招聘网
 热门招聘
 北京招聘信息
 上海招聘信息
 广州招聘信息
 厦门招聘信息
 杭州招聘信息
 郑州招聘信息
 南京招聘信息
 天津招聘信息
 重庆招聘信息
 成都招聘信息
 苏州招聘信息
 商丘招聘信息
 大连招聘信息
 济南招聘信息
 宁波招聘信息
 无锡招聘信息
 青岛招聘信息
 沈阳招聘信息
 台州招聘信息
 西安招聘信息
 武汉招聘信息
 天津招聘网
 >
 天津海外销售招聘
 >
 国际销售经理（俄罗斯/中亚地区）招聘
 收藏职位
 立即沟通
 立即应聘
 更新时间：2026-05-18",法语 / CSS / 英语 / React / PMP / Go / HTML / jQuery / UG / AI,机械/设备,https://www.liepin.com/job/1976046877.shtml
164,猎聘,能源/化工/环保,矿物加工,科研人员,企业,天津水泥工业设计研究院有限公司,1-49人,天津市,天津,天津,10-18k,硕士,1-3年,20250928143217,16薪 / 13薪 / 14薪,：负责原料技术研究、热工技术研究、数值仿真研究、粉磨技术研究、碳捕捉及利用技术研究、新能源技术研究、固废资源化技术研究等方面的科研开发工作。,"1. 学历要求：玖捌伍/贰壹壹/双壹流大学或建材特色专业学校硕士以上。
2. 大学专业：无机非金属材料、材料学、环境工程、热能工程、矿物加工工程、冶金工程、化学工程、流体/离散元/机械/机电一体化等
3. 有一定工作经验或应届生均可；
4. 具备较强的学习催化能力、追求卓越的进取精神和良好的团队协作意识；
5. 英语CET-6或听说流利；
6. 在校研究课题或论文对以上研究方向有强有力支持的优先； 
7. 在相关科研院所或研究机构有从事以上课题研究方向的优先； 
8. 有独立研发能力的国家承认的各类型人才或海外归国人才优先； 
 查看全部",CSS / 英语 / React / CAD / PMP / AutoCAD / 算法 / Go / HTML / jQuery / UG / AI,环保,https://www.liepin.com/job/1977540397.shtml
165,猎聘,能源/化工/环保,矿物加工,化验室主任 / 技术负责人,企业,中丝路建设投资集团有限公司,2000-5000人,天津-武清区,天津-武清区,天津-武清区,15-27k,硕士,10年以上,20250813193909,团队建设 / 13薪 / 15薪,"1.统筹管理：全面负责化验室日常运营，制定年度工作计划、预算方案，协调内部各岗位及外部合作单位（如地质队、客户）的工作衔接。
2.技术把关：主导矿石检测方法的选择、验证及优化（如针对金、铜、铁等矿石的特色检测方法），审核关键检测数据，解决技术疑难问题（如复杂矿石基体干扰排除）。
3.质量管理：建立并维护质量管理体系（如 ISO 17025），组织内部审核、管理评审及外部认证，确保检测过程符合《检测和校准实验室能力认可准则》及矿石检测相关国标（如《岩石矿物分析》系列标准）。
4.设备与团队：主导大型仪器（ICP-MS、XRF、XRD 等）的采购论证、验收及升级；负责团队建设，制定培训计划，考核员工绩效。
5.报告与合规：审核最终检测报告，确保数据准确性和结论严谨性；对接监管部门，确保化验室运营符合环保、安全等法规（如危险化学品管理条例）。","1.学历专业：地质工程、分析化学、矿物加工工程等相关专业硕士及以上学历。
2.工作经验：10 年以上矿石化验室工作经验，其中至少 5 年管理或技术负责人经验，熟悉矿石（金属矿、非金属矿）检测全流程。
3.职称 / 职业资格：高级工程师职称；持有 ISO 17025 实验室评审员、注册计量师等资格证书者优先。
专业能力：精通 ICP-MS、XRF 等仪器原理及操作，掌握矿石样品前处理技术（如酸溶、碱熔、微波消解），熟悉《矿产资源地质勘查规范》《土壤环境质量标准》等相关标准。
 查看全部",CSS / React / PMP / Go / HTML / jQuery / UG / AI,装饰装修,https://www.liepin.com/job/1976474473.shtml
166,猎聘,能源/化工/环保,矿物加工,采购专员/助理,企业,无锡市杰恩纳自动化设备有限公司,1-49人,无锡-新吴区,无锡-新吴区,无锡-新吴区,8-9k,学历不限,经验不限,20240417122435,16薪 / 13薪 / 14薪 / 15薪,"采购专员/助理职位已暂停招聘_猎聘
 该职位已暂停招聘
 投递了该职位的人还查看了
 AI 智能体平台产品经理 20-30k·15薪
 某北京IT服务公司 融资未公开
 上海
 5-10年
 统招本科
 赫先生
 ·
 合伙人/资深顾问(SC)
 销售经理 8-13k
 特比昂科技 融资未公开
 北京-朝阳区
 3-5年
 本科
 易女士
 ·
 其他
 大客户销售 6-11k
 特比昂科技 融资未公开
 西安-经开区
 3-5年
 本科
 党女士
 ·
 招聘主管
 汽车用户运营（40w年薪、行业头部） 16-30k
 某国内整车制造上市公司 已上市
 芜湖
 8年以上
 统招本科
 张女士
 ·
 猎头合伙人
 渠道总监 15-20k
 北京明易达科技股份有限公司 已上市
 成都-武侯区
 3-5年
 大专
 杜女士
 AI 平台开发 · 高级顾问 45-70k·14薪
 诺亚控股 融资未公开
 深圳-福田区
 10年以上
 统招本科
 李女士
 ·
 业务人力资源总监
 SEO销售总监/大客户销售总监 15-20k
 特比昂科技 融资未公开
 北京-朝阳区
 3-5年
 统招本科
 毛女士
 产品经理 25-35k·14薪
 某上海广告/公关/会展公司 B轮
 上海
 3-5年
 统招本科
 方先生
 ·
 高级猎头顾问
 SDK运营经理 12-18k
 上海优比客思科技有限公司 
 北京-东城区
 3-5年
 本科
 吴先生
 ·
 人事总监
 软件售前工程师 10-15k·13薪
 上海承维 融资未公开
 上海
 1-3年
 本科
 李女士
 ·
 部门经理
 CDN产品经理 20-40k·13薪
 某国内计算机软件公司 战略融资
 上海
 5-10年
 学历不限
 齐女士
 ·
 猎头顾问
 美体师 5-9k
 红河千美美容服务有限公司 
 红河-个旧
 经验不限
 本科
 李女士
 ·
 人力资源经理/主管
 企业级 Skill 集成开发高级工程师 40-60k
 诺亚控股 融资未公开
 上海-闵行区
 5年以上
 统招本科
 李女士
 ·
 业务人力资源总监
 嵌入式软件工程师 15-25k
 深圳市保航达物流有限公司 不需要融资
 深圳-福田区
 3-5年
 本科
 郑先生
 媒体领域博士后 30-60k·16薪
 华为云 不需要融资
 深圳-龙岗区
 经验不限
 博士
 李先生
 ·
 工程师
 摄影 4-8k
 康康珠宝 不需要融资
 深圳-罗湖区
 经验不限
 学历不限
 李女士
 ·
 行政
 客户经理 15-20k
 恒成智远 已上市
 上海-长宁区
 1-3年
 统招本科
 余女士
 ·
 人力资源部经理（部门负责人）
 Go开发工程师 10-13k
 燕梭金融信息科技(上海)有限公司 融资未公开
 常州-钟楼区
 3-5年
 统招本科
 魏先生
 ·
 招聘经理
 DDIC系统架构师 35-65k·14薪
 芯璨科技 B轮
 合肥-高新区
 8年以上
 本科
 邱女士
 ·
 人力资源经理
 AI 平台开发 · 专家 45-70k·14薪
 诺亚控股 融资未公开
 香港-湾仔区
 8年以上
 统招本科
 李女士
 ·
 业务人力资源总监
 云计算软件开发工程师 15-45k
 华为 战略融资
 上海-青浦区
 经验不限
 统招本科
 李先生
 ·
 软件开发工程师
 Linux C++/Go 开发工程师 15-20k
 杭州朋越网络科技有限公司 A轮
 杭州-余杭区
 经验不限
 本科
 王先生
 ·
 hr
 连锁商业地产集团招商专员 6-18k
 广州市增城区必达自考中心有限公司 
 云浮-云安区
 1-3年
 大专
 高女士
 ·
 人事经理
 售前技术支持 15-25k
 某上海大型化工公司 融资未公开
 上海
 3-5年
 学历不限
 朱女士
 ·
 猎头顾问助理
 Go开发工程师 20-40k
 西安华为 融资未公开
 西安-高新区
 经验不限
 本科
 杨先生
 ·
 开发工程师
 品管主管 7-8k
 上海仁微电子科技股份有限公司 战略融资
 上海-浦东新区
 3-5年
 大专
 宇先生
 ·
 供应链总监
 爬虫工程师(酒旅平台) 20-30k
 某广州旅游公司 融资未公开
 上海
 3-5年
 本科
 杨先生
 ·
 资深猎头
 Go/Java软件开发工程师 15-30k·15薪
 西安华为 融资未公开
 西安-高新区
 经验不限
 本科
 曹先生
 ·
 研发工程师
 反爬虫工程师 15-30k·15薪
 云盾智慧安全科技有限公司 融资未公开
 北京-西城区
 经验不限
 大专
 吴先生
 Go语言开发工程师 15-30k
 西安华为 融资未公开
 西安
 经验不限
 本科
 高先生
 ·
 招聘HR",/,CSS / C++ / Java / React / PMP / Go / HTML / Linux / jQuery / UG / AI,工业自动化,https://www.liepin.com/job/1966318907.shtml
167,猎聘,能源/化工/环保,矿物加工,销售经理,企业,金易通科技(北京)股份有限公司,100-499人,天津-宝坻区,天津-宝坻区,天津-宝坻区,10-25k,大专,3-5年,20250606093347,绩效奖金 / 五险一金 / 13薪 / 15薪 / 五险 / 提供住宿,"：
1.负责公司重点区域（山西、山东、内蒙、陕西等）的市场开拓工作，制定销售计划与销售策略，完成销售业绩；
3.销售团队日常培训与销售过程管理、监督、指导；
4. 与客户保持良好沟通，实时把握客户需求，为客户提供主动、热情、满意、周到的服务；
5. 根据公司产品、价格及市场策略，开展投标工作，处理报价、合同条款的协商及合同签订等事宜；
6. 动态把握市场价格，定期向公司提供市场分析及预测报告和个人工作周报。","1.热爱销售工作，至少带领过2人以上销售团队；
2.具有煤矿、冶金或骨料等行业机械设备销售经验，或具有渠道拓展/公关/商务谈判/组建销售团队成熟经验的人士；
3. 专业不限，具有选煤厂/选矿厂工作经验熟悉振动筛、浮选机、跳汰机等工作原理，或具有矿物加工/采矿/机械等学历背景优先；
4.适应出差。
 查看全部",CSS / React / PMP / Go / HTML / jQuery / UG / AI,专业技术服务,https://www.liepin.com/job/1967276593.shtml
168,猎聘,能源/化工/环保,矿物加工,产品应用及国际销售工程师,企业,莫图泰克,50-99人,天津-北辰区,天津-北辰区,天津-北辰区,8-10k,/,/,20260610082905,年终奖金 / 带薪年假 / 年终奖 / 五险一金 / 交通补助 / 五险 / 免费午餐,：,"1. 技术销售融合
• 负责MMT全线产品（筛分媒介、选矿设备、耐磨产品、配套辅件、备品备件等）的全周期国际区域销售，对接国内中资客户总部/设计院/总包方，完成季度/年度销售任务；
• 深深入理解客户业务场景，收集设备工艺技术参数，找出客户现有痛点，挖掘客户真实需求，提供产品选型，定制化产品应用解决方案，参与方案设计与演示；
• 为客户提供售前技术咨询，解答产品功能、性能、集成等专业问题，消除技术疑虑；
• 参与客户项目招投标工作，编写技术方案与报价，提供技术澄清与支持；
• 统筹制定年度费用预算，优化销售流程，合理控制销售费用，提升销售支出的回报率；
• 跨越全球时区时差工作，及时提供全球同事和内外部客户相应支持，提升工作响应速度；
• 完成公司领导交给的其他工作；
2. 产品应用赋能
• 精通公司产品技术原理、性能参数、应用场景与行业实践，成为内部产品专家；
• 制作产品应用案例、说明书、技术手册、演示视频等销售工具，赋能销售团队与渠道伙伴；
• 为客户提供产品安装调试、使用操作培训、技术维护等售中与售后服务；
• 跟踪收集客户试用报告和应用反馈，积极处理客户投诉，反馈研发技术，推动产品优化；
• 定期提交销售报表、客户拜访报告、产品市场占有率调研报告、客户满意度调查报告等；
3. 客户关系管理
• 开发新客户，维护存量客户，建立长期稳定合作关系，挖掘二次销售与交叉销售机会；
• 定期拜访客户并报告，了解产品使用情况，解决应用难题，提升客户粘性与满意度；
• 组织产品技术研讨交流会、行业展会及其论坛、新媒体推介等市场活动，提升品牌知名度；
4. 跨部门协作
• 与集团全球产品管理团队、集团全球销售团队、集团全球研发团队、集团全球采购团队、本地研发技术、生产、采购、财务等部门紧密协作，确保客户需求有效传递执行；
• 参与新产品市场推广策略制定，提供技术视角建议，并提供销售视角需求潜力；
• 跟踪行业动态与竞争对手价格项目产品等信息，熟悉行业竞争态势，为公司策略提供参考；
• 动态管理合同/订单的应收账款，避免客户拖欠货款；并协助财务部银行结汇和出口退税；
5. 工作流程与场景
• 需求挖掘：联系客户→了解业务→发现痛点→匹配产品应用场景；
• 方案设计：技术交流→需求分析→定制方案→成本核算→报价→跟踪反馈；
• 产品演示：在线或现场演示→技术答疑→案例分享→消除疑虑→建立信任；
• 合同签订：项目跟踪→技术方案→预算报价→商务谈判→合同审核→签约→订单执行；
• 交付支持：产品交付→安装调试→客户使用培训→技术维护→问题解决；
• 客户成功：售后服务→定期回访→需求升级→二次销售→口碑传播→介绍客户
二、任职资质：
1、大学本科学历 (不符合请勿投递)；
2、矿山机械专业优先，矿物加工、机械工程、机电一体化工程、材料科学与工程等相关专业次之；
3、年龄不超过25周岁 (不符合请勿投递)；
4、熟练使用Microsoft Office办公软件；
5、具有良好的商务谈判和内外部沟通技巧；
6、工作积极主动，有担当精神，抗压能力强；
7、常驻天津，接受国内和国际出差，持有汽车驾照；
8、能够接受全球不同时区时差工作 (不接受者请勿投递)；
9、通过大学英语六级，听说读写译流利，能独立开展国际销售工作 (不符合请勿投递)；
10、需要出差至亚非拉美等矿区。
三、福利待遇：
1. 每年享受国家规定的法定节假；
2. 每年享有国家规定的带薪年假；
3. 公司可提供补充商业医疗保险；
4. 享有工作五险一金和年终奖金；
5. 视资历情况协商年底业绩奖励；
6. 公司提供免费午餐与交通补助；
7. 国外专家定期来华产品技术培训；
8. 团体活动(拓展、旅游、年会等）；
9. 舒适的工作环境和外企文化氛围；
截止日期：2027年04月14日
招聘人数：2人
 查看全部",CSS / 英语六级 / 英语 / React / PMP / Go / HTML / jQuery / UG / AI,机械/设备,https://www.liepin.com/lptjob/81743319
169,猎聘,能源/化工/环保,矿物加工,客服专员/助理,猎头,温州市讯和电脑科技有限公司,1-49人,宁波-海曙区,宁波-海曙区,宁波-海曙区,6-7k,大专,1-3年,20240318172936,16薪 / 13薪 / 14薪 / 15薪,"客服专员职位已暂停招聘_猎聘
 该职位已暂停招聘
 投递了该职位的人还查看了
 新媒体运营 8-12k
 吉时控股(广东)有限公司 
 深圳-福田区
 经验不限
 本科
 杨女士
 ·
 技术
 程序开发 15-30k·25薪
 中信银行 已上市
 北京
 1-3年
 本科
 史先生
 ·
 项目经理
 美体师 5-9k
 红河千美美容服务有限公司 
 红河-个旧
 经验不限
 本科
 李女士
 ·
 人力资源经理/主管
 Java工程师（墨西哥/印尼/尼日业务） 25-40k·15薪
 杭州猎鹰数字科技有限公司 
 北京-朝阳区
 5年以上
 统招本科
 孙女士
 ·
 HRBP
 独立站运营专员/主管(J14305) 10-20k
 傲基 已上市
 深圳-龙岗区
 1-3年
 本科
 唐女士
 内容营销 10-20k·15薪
 苏州无界妙控科技有限公司 A轮
 苏州-吴中区
 5年以下
 统招本科
 黄先生
 ·
 高级招聘专家
 高级Java开发工程师 25-35k·16薪
 易鑫 已上市
 北京-朝阳区
 5年以上
 统招本科
 周先生
 ·
 Java工程师
 端到端算法架构工程师 25-55k
 BYD 已上市
 北京-通州区
 3-5年
 本科
 叶女士
 ·
 人力资源伙伴(HRBP)
 独立站运营经理 15-25k
 苏州睿新微系统技术有限公司 融资未公开
 深圳-南山区
 经验不限
 本科
 刘女士
 ·
 hrbp
 软件集成工程师 21-25k·15薪
 某北京世界500强整车制造公司 融资未公开
 北京-顺义区
 3年以上
 统招本科
 李先生
 ·
 合伙人
 线索运营与转化岗 6-12k·13薪
 捷顺科技 已上市
 深圳-龙华区
 2-8年
 统招本科
 黄女士
 ·
 HR
 石油化工销售工程师 7-10k
 凯泉泵业 融资未公开
 天津-河西区
 3-5年
 本科
 魏女士
 ·
 人事行政经理
 JAVA/JS/C/C++/Python/go/测试 15-30k·14薪
 某深圳大型通信设备公司 战略融资
 杭州
 经验不限
 本科
 夏先生
 ·
 HR
 系统集成工程师（电磁方向） 25-35k
 某北京大型汽车零部件及配件公司 战略融资
 北京
 5-10年
 本科
 刘女士
 ·
 猎头部部长
 Java开发工程师-应用研发组 25-40k
 Flow++ B轮
 北京-海淀区
 3年以上
 本科
 李先生
 ·
 hrbp
 内装系统集成工程师 19-35k
 某北京大型整车制造公司 B轮
 北京-顺义区
 3年以上
 本科
 欧女士
 ·
 猎头顾问
 C/C++/Java/JS/Python软开（接受应届） 17-30k·16薪
 某深圳大型通信设备公司 战略融资
 上海
 经验不限
 本科
 郑女士
 ·
 招聘顾问
 Java 开发经理 21-30k·14薪
 启迪公交(北京)科技股份有限公司 天使轮
 北京-海淀区
 5-10年
 统招本科
 殷先生
 ·
 首席技术专家
 水泵设计工程师（核电）(J10196) 12-20k·13薪
 凯泉泵业 融资未公开
 上海-嘉定区
 5-10年
 本科
 毛女士
 ·
 HRBP
 [高级运维工程师（超算/云基础/桌面/数据）] 45-60k·16薪
 某北京大型在线社交/媒体公司 D轮及以上
 北京
 经验不限
 学历不限
 柳女士
 ·
 猎头顾问
 机器人软件系统集成开发工程师 30-50k
 一汽模具制造有限公司 A轮
 北京-朝阳区
 3年以上
 本科
 郑先生
 ·
 招聘经理
 Agent 开发工程师/AI系统工程师 50-80k·15薪
 某IT服务公司 天使轮
 上海
 1-5年
 本科
 施先生
 ·
 猎头顾问
 软件集成开发 15-25k·15薪
 北京汽车研究总院 融资未公开
 北京-大兴区
 3年以上
 本科
 李女士
 海外新媒体运营 10-20k
 苏州中南 
 苏州-吴江区
 经验不限
 本科
 陈女士
 ·
 招聘顾问
 客户经理 8-10k
 亨瑞集团 融资未公开
 宁波-鄞州区
 1-3年
 统招本科
 李女士
 ·
 招聘
 系统集成设计工程师 15-30k
 某北京大型汽车零部件及配件公司 战略融资
 北京-大兴区
 5年以上
 统招本科
 李女士
 ·
 资深猎头顾问
 后端/集成开发工程师 薪资面议
 乐普 已上市
 北京-昌平区
 3年以上
 本科
 董女士
 ·
 人力资源部/HR经理
 JAVA/JS/C/C++/Python/go/测试 15-30k·14薪
 某深圳大型通信设备公司 战略融资
 东莞
 经验不限
 本科
 夏先生
 ·
 HR
 海外市场经理 薪资面议
 凯泉泵业 融资未公开
 上海-嘉定区
 5-10年
 本科
 张女士
 ·
 HRBP
 Python 10-16k
 上海冉透信息科技有限公司 融资未公开
 上海-黄浦区
 2年以上
 本科
 田女士
 ·
 招聘经理/主管",/,CSS / C++ / Java / React / Python / PMP / 算法 / Go / HTML / jQuery / UG / AI,批发/零售,https://www.liepin.com/job/1965566363.shtml
170,猎聘,能源/化工/环保,矿物加工,行政专员8K双休,猎头,稷山县为真商贸有限公司,/,商丘-睢阳区,商丘-睢阳区,商丘-睢阳区,8-9k,大专,1-3年,20240325121330,16薪 / 13薪 / 14薪 / 15薪,"行政专员/助理职位已暂停招聘_猎聘
 该职位已暂停招聘
 投递了该职位的人还查看了
 计算机视觉/深度学习算法研发工程师 30-60k·16薪
 Baidu 已上市
 北京
 经验不限
 硕士
 朱先生
 ·
 招聘
 财富经理岗 6-12k
 光大证券 已上市
 重庆-永川区
 经验不限
 本科
 杨女士
 ·
 HR
 信用卡客户经理 6-10k
 兴业银行股份有限公司广州美林社区支行 
 广州-越秀区
 经验不限
 本科
 谭先生
 ·
 支行零售行长
 公司业务部门经理/主管 8-12k
 重庆酷网云网络科技有限公司 
 重庆
 经验不限
 学历不限
 廖先生
 ·
 总经理
 智驾端到端大模型 40-70k
 某西安大型整车制造公司 融资未公开
 重庆
 3-5年
 硕士
 杨先生
 ·
 猎头顾问
 Python 15-16k
 某北京计算机软件公司 融资未公开
 北京
 3-5年
 统招本科
 于先生
 ·
 招聘专员
 算法主任工程师 40-60k
 某重庆新能源汽车上市公司 已上市
 重庆
 5-10年
 本科
 董女士
 ·
 高级猎头
 AI算法工程师（大模型全栈） 18-25k
 杭州科芯未来工程技术研究有限责任公司 
 杭州-滨江区
 经验不限
 本科
 奚先生
 ·
 技术合伙人
 语音识别专家 100-200k
 某重庆整车制造上市公司 已上市
 重庆
 5-7年
 硕士
 邓女士
 ·
 猎头顾问
 计算机视觉算法工程师 25-50k·15薪
 北京京东振世信息技术有限公司 
 北京
 经验不限
 硕士
 谷先生
 ·
 深度学习算法工程师
 资深算法工程师 30-60k·13薪
 华为 战略融资
 北京-海淀区
 经验不限
 硕士
 王先生
 ·
 算法工程师
 销售总监 10-13k
 可可香 融资未公开
 重庆-九龙坡区
 经验不限
 本科
 向女士
 ·
 销售经理
 大模型算法 35-55k
 某成都大型培训服务公司 
 重庆
 5-10年
 学历不限
 石先生
 ·
 猎头顾问
 高级研发经理 30-50k·13薪
 锦行科技 A轮
 广州-天河区
 5-10年
 本科
 张女士
 ·
 HRBP
 大模型算法工程师 30-50k
 某知名公司 
 重庆
 3-5年
 博士
 王先生
 ·
 资深顾问(SC)
 计算机视觉高级算法工程师 20-21k
 上海一思维教育技术有限公司 
 上海-浦东新区
 经验不限
 博士
 周女士
 研发设计工程师 薪资面议
 科都电气 融资未公开
 温州-乐清
 3-5年
 大专
 何先生
 ·
 HR
 计算机视觉算法专家 30-60k·16薪
 阿里巴巴(北京)软件服务有限公司 融资未公开
 北京
 经验不限
 硕士
 冯先生
 ·
 工程师
 应用技术经理Application Engineering-汽车零部件 15-25k·15薪
 某上海大型整车制造公司 战略融资
 杭州
 经验不限
 本科
 谢女士
 ·
 顾问
 销售代表 8-12k
 重庆酷网云网络科技有限公司 
 重庆
 经验不限
 学历不限
 廖先生
 ·
 总经理
 生产技术科科长 薪资面议
 富冶集团有限公司 融资未公开
 上饶-横峰县
 5-10年
 大专
 雷先生
 ·
 企管人资副副部长
 营销服AI大模型训练工程师-国企 20-40k
 某重庆整车制造上市公司 已上市
 重庆
 5-10年
 统招本科
 刘女士
 ·
 猎头顾问
 兼职/私活/在家办公/AI人工智能-Python 30-35k
 北京湾流畅游科技有限公司 A轮
 北京-昌平区
 3-5年
 大专
 王女士
 ·
 招聘专员/助理
 计算机视觉算法工程师 25-35k·14薪
 湖州深光科技有限公司 A轮
 北京-海淀区
 经验不限
 本科
 杨女士
 ·
 团队负责人
 产品经理(耳机/音响/散热器/风扇) 16-26k
 某大型知名电子/半导体/集成电路公司 A轮
 深圳
 3-5年
 统招本科
 姚先生
 ·
 猎头顾问
 女装运营专家 25-50k·14薪
 拼多多(上海)网络科技有限公司 融资未公开
 上海
 5-10年
 本科
 吴女士
 ·
 女装
 计算机视觉算法工程师 17-30k
 湖州深光科技有限公司 A轮
 北京
 经验不限
 本科
 王先生
 ·
 助理
 AI工程师 20-40k
 某重庆整车制造上市公司 已上市
 重庆
 3-5年
 统招本科
 于女士
 ·
 猎头顾问
 区域销售专员/助理 3-5k
 重庆梵润诚物联网科技有限公司 
 重庆
 经验不限
 大专
 李先生
 ·
 经理
 深度学习 9-12k
 星群(北京)科技发展有限公司 融资未公开
 北京-海淀区
 经验不限
 本科
 朱女士
 ·
 行政人事",/,CSS / 深度学习 / React / Python / PMP / 算法 / HTML / jQuery / UG / AI,批发/零售,https://www.liepin.com/job/1965739999.shtml
171,猎聘,能源/化工/环保,矿物加工,会计经理/主管,企业,温州市讯和电脑科技有限公司,1-49人,杭州-滨江区,杭州-滨江区,杭州-滨江区,7-8k,大专,1-3年,20240315132608,16薪 / 18薪 / 13薪 / 15薪 / 14薪,"会计经理/主管职位已暂停招聘_猎聘
 该职位已暂停招聘
 投递了该职位的人还查看了
 女装运营专家 25-50k·14薪
 拼多多(上海)网络科技有限公司 融资未公开
 上海
 5-10年
 本科
 吴女士
 ·
 女装
 区块链高级开发工程师 25-45k
 上海证章信息科技有限公司 融资未公开
 上海
 3-5年
 本科
 许先生
 ·
 合伙人
 人工智能产品经理（要航天军工经验） 30-40k·14薪
 某北京计算机软件上市公司 已上市
 北京-海淀区
 5-10年
 统招本科
 沈先生
 ·
 资深猎头顾问
 AI开发工程师 20-40k
 中大咨询集团 融资未公开
 广州-海珠区
 1-3年
 本科
 宋先生
 ·
 集团招聘经理
 人工智能解决方案专家 30-45k·14薪
 某知名公司 
 北京
 10年以上
 统招本科
 赵先生
 ·
 资深顾问(SC)
 人工智能投资岗 20-35k
 某知名基金/证券/期货公司 战略融资
 北京
 1-6年
 学历不限
 何先生
 ·
 猎头顾问
 招聘经理/leader（人工智能/软硬件方向）(A72842) 30-50k
 理想汽车 已上市
 北京-顺义区
 10年以上
 本科
 林女士
 ·
 招聘顾问
 信用卡客户经理 6-10k
 兴业银行股份有限公司广州美林社区支行 
 广州-越秀区
 经验不限
 本科
 谭先生
 ·
 支行零售行长
 Prompt Engineer 15-20k·13薪
 北京句子科技有限公司 
 北京-海淀区
 3-5年
 本科
 李女士
 ·
 行政主管
 高级TIK TOK运营专员 11-18k
 广州优岸美致时装有限公司 融资未公开
 广州-白云区
 3年以上
 本科
 胡先生
 ·
 HR
 人工智能专家（工艺优化） 30-40k
 某北京知名公司 融资未公开
 北京-昌平区
 5-10年
 本科
 李女士
 ·
 猎头顾问/助理
 财务BP（人工智能领域） 35-60k·16薪
 某知名生活服务O2O上市公司 已上市
 北京
 7年以上
 统招本科
 周女士
 ·
 Teamleader
 亚马逊广告投放（资深经理） 25-50k·15薪
 某深圳大型智能硬件公司 C轮
 深圳-南山区
 5-10年
 本科
 李女士
 ·
 猎头顾问
 AI工程师（人工智能辅助设计方向） 35-45k
 北京通航飞机有限责任公司 天使轮
 北京-顺义区
 3年以上
 统招本科
 苗女士
 AI算法工程师（大模型全栈） 18-25k
 杭州科芯未来工程技术研究有限责任公司 
 杭州-滨江区
 经验不限
 本科
 奚先生
 ·
 技术合伙人
 区块链开发工程师 14-18k
 上海闪银信息科技有限公司 
 上海
 1-3年
 本科
 熊女士
 ·
 其他生产/制造/研发职位
 亚马逊站外推广（服装品类） 15-25k·13薪
 某大型批发/零售公司 
 深圳
 5-10年
 本科
 陈女士
 ·
 资深专业顾问
 区块链 产品设计师 7-18k
 盏望(上海)网络科技有限公司 
 上海-浦东新区
 1-3年
 学历不限
 刘先生
 ·
 CEO
 海外红人营销 29-45k·18薪
 某知名公司 D轮及以上
 深圳
 3-5年
 统招本科
 徐女士
 ·
 资深猎头顾问/猎头合伙人
 人工智能专家（工艺优化）央企直签 50-65k
 某北京大型计算机软件公司 融资未公开
 北京-昌平区
 10年以上
 硕士
 杨女士
 ·
 高级猎头顾问
 人工智能安全岗 15-30k
 阳光数智科技有限责任公司 不需要融资
 北京-通州区
 3年以上
 统招本科
 白女士
 ·
 HRBP
 行业运营专家/类目运营专家/品类运营专家 25-50k·16薪
 拼多多集团-PDD 已上市
 上海-长宁区
 2-8年
 统招本科
 罗先生
 ·
 招商总监
 人工智能工程师 15-25k·13薪
 北京国科超导科技有限公司 天使轮
 北京-大兴区
 3-5年
 硕士
 李女士
 ·
 人力资源经理
 人工智能产品经理 30-35k
 某北京广播/影视/录音公司 融资未公开
 北京-海淀区
 5-10年
 硕士
 印先生
 ·
 猎头顾问
 CFO-人工智能硬科技平台 167-250k·15薪
 Michael Page 
 北京
 10年以上
 本科
 蒋女士
 ·
 大客户经理
 区块链工程师 20-30k·13薪
 隔镜科技 融资未公开
 上海-闵行区
 3-5年
 本科
 袁先生
 ·
 1
 区块链平台架构师 30-40k·16薪
 北京仕才小筑科技有限公司 融资未公开
 上海-虹口区
 3-5年
 本科
 赵先生
 ·
 HR经理
 国际技术转移经理人（机械制造、电气工程、计算机、人工智能、新材料、化工） 25-30k·13薪
 斯泰恩拜斯 不需要融资
 北京-大兴区
 5年以上
 本科
 郭先生
 ·
 人力资源总监
 人工智能方案的产品经理 20-40k
 联想教育 A轮
 北京-海淀区
 3年以上
 硕士
 季先生
 人工智能工程师 15-20k
 某北京通信设备公司 
 北京
 3-5年
 硕士
 吕女士
 ·
 资深猎头",/,CSS / React / PMP / 算法 / HTML / jQuery / UG / AI,批发/零售,https://www.liepin.com/job/1965505321.shtml
172,猎聘,能源/化工/环保,矿物加工,矿物加工技术,企业,重庆国际复合材料股份有限公司,5000-10000人,重庆-大渡口区,重庆-大渡口区,重庆-大渡口区,7-11k,硕士,经验不限,20260506225844,发展空间大 / 年终奖金 / 带薪年假 / 绩效奖金 / 餐费补贴 / 年终奖 / 餐补 / 六险 / 六险两金 / 13薪 / 免费班车 / 定期体检 / 14薪 / 班车 / 午餐补助 / 提供住宿,"】
负责矿物原料加工过程的工艺技术质量管理工作。
【

】
1.硕士研究生学历，矿物加工工程专业；
2.熟悉矿料加工生产工艺与流程、磨机设备、辅助设备（撕碎设备、输送设备、均化设备）等。
 查看全部",/,CSS / React / PMP / Go / HTML / jQuery / UG / AI,新材料,https://www.liepin.com/job/1978201049.shtml
173,猎聘,能源/化工/环保,矿物加工,内勤,企业,蓝亲(上海)科技有限公司,100-499人,上海-虹口区,上海-虹口区,上海-虹口区,8-11k,大专,经验不限,20240402122121,16薪 / 13薪 / 14薪 / 15薪,"行政后勤/总务职位已暂停招聘_猎聘
 该职位已暂停招聘
 投递了该职位的人还查看了
 客户经理（老客户续约方向） 12-20k·15薪
 飞鲸智云 
 上海-闵行区
 3-5年
 本科
 孙女士
 ·
 人事主管
 Ruby 12-20k·13薪
 广州永鑫通电子科技有限公司 
 上海
 经验不限
 本科
 易女士
 ·
 人事
 产品经理（绩效系统） 20-30k
 能良电商 融资未公开
 上海-宝山区
 5-10年
 本科
 李先生
 ·
 招聘负责人
 外部合作经理 30-35k
 锐捷网络 已上市
 上海-徐汇区
 5年以上
 硕士
 陈女士
 财务BP（人工智能领域） 35-60k·16薪
 某知名生活服务O2O上市公司 已上市
 北京
 7年以上
 统招本科
 周女士
 ·
 Teamleader
 人工智能方案的产品经理 20-40k
 联想教育 A轮
 北京-海淀区
 3年以上
 硕士
 季先生
 it技术工程师 18-22k
 某知名公司 
 上海
 1-3年
 本科
 刘先生
 ·
 猎头
 区块链 产品设计师 7-18k
 盏望(上海)网络科技有限公司 
 上海-浦东新区
 1-3年
 学历不限
 刘先生
 ·
 CEO
 区块链工程师 20-30k·13薪
 隔镜科技 融资未公开
 上海-闵行区
 3-5年
 本科
 袁先生
 ·
 1
 AI算法工程师（大模型全栈） 18-25k
 杭州科芯未来工程技术研究有限责任公司 
 杭州-滨江区
 经验不限
 本科
 奚先生
 ·
 技术合伙人
 软件项目经理 20-35k·15薪
 某知名电气机械/器材公司 D轮及以上
 上海
 5-10年
 统招本科
 张女士
 ·
 招聘专员
 检测项目经理 10-15k
 上海兵东测试技术有限公司 融资未公开
 上海-嘉定区
 3-5年
 本科
 易女士
 ·
 经理
 产品总监（人事） 30-40k
 能良电商 融资未公开
 上海-宝山区
 5-10年
 本科
 雷女士
 ·
 Hrbp
 人工智能解决方案专家 30-45k·14薪
 某知名公司 
 北京
 10年以上
 统招本科
 赵先生
 ·
 资深顾问(SC)
 项目经理（驻场） 30-35k
 某it服务企业 融资未公开
 上海
 5-10年
 本科
 毛先生
 ·
 顾问(C)
 区块链平台架构师 30-40k·16薪
 北京仕才小筑科技有限公司 融资未公开
 上海-虹口区
 3-5年
 本科
 赵先生
 ·
 HR经理
 产品总监（人事系统） 25-35k
 能良电商 融资未公开
 上海-宝山区
 5-10年
 本科
 候先生
 ·
 招聘专家
 区块链开发工程师 14-18k
 上海闪银信息科技有限公司 
 上海
 1-3年
 本科
 熊女士
 ·
 其他生产/制造/研发职位
 AI全栈工程师 18-35k·13薪
 上海讯联数据服务有限公司 C轮
 上海-浦东新区
 3-5年
 本科
 吕女士
 ·
 HRBP
 CRM售前技术支持 8-15k
 夏致云计算(上海)有限公司 
 上海-浦东新区
 3年以上
 本科
 余女士
 ·
 人事
 数据分析师 15-19k
 某知名公司 
 上海
 1-3年
 本科
 刘先生
 ·
 猎头
 AI资深咨询 25-50k
 某知名公司 融资未公开
 上海
 5-10年
 本科
 张女士
 ·
 资深猎头
 平台与交付管理工程师（行车/泊车/主动安全） 25-50k·15薪
 北京轻舟智航智能技术有限公司 C轮
 上海-闵行区
 经验不限
 本科
 昝女士
 ·
 HR
 女装运营专家 25-50k·14薪
 拼多多(上海)网络科技有限公司 融资未公开
 上海
 5-10年
 本科
 吴女士
 ·
 女装
 区块链高级开发工程师 25-45k
 上海证章信息科技有限公司 融资未公开
 上海
 3-5年
 本科
 许先生
 ·
 合伙人
 量化策略B端需求分析岗 20-40k
 重庆量云之境信息科技有限公司 天使轮
 上海-虹口区
 3-5年
 本科
 杨女士
 ·
 人力资源伙伴(HRBP)
 工业AI大客户全域营销经理 6-10k
 浙江自贸区洛禧信息咨询有限公司 
 重庆
 经验不限
 本科
 姚先生
 ·
 CEO
 KA经理 30-60k
 五五海淘(上海)科技股份有限公司 已上市
 上海-徐汇区
 5年以上
 本科
 唐女士
 电商风控产品经理-人机/验证码 30-50k·14薪
 SHEIN 
 上海-长宁区
 5-10年
 本科
 何女士
 ·
 HR
 机器人系统工程师 20-30k
 常州微亿智造科技有限公司 B轮
 上海-闵行区
 1-3年
 本科
 刘先生",/,CSS / React / UG / PMP / 算法 / 数据分析 / HTML / jQuery / Ruby / AI,IT服务,https://www.liepin.com/job/1965956091.shtml
174,猎聘,能源/化工/环保,矿物加工,实验员(J10008),企业,康普化学,100-499人,重庆-长寿区,重庆-长寿区,重庆-长寿区,4-6k,本科,经验不限,20260610085646,年终奖金 / 带薪年假 / 年终奖 / 五险一金 / 13薪 / 双休 / 五险 / 定期体检 / 长白班,"：
1.在项目负责人的领导下，认真完成矿物浮选实验及药剂配制等工作； 2.规范记录实验数据并协助分析； 3.维护实验室仪器设备； 4.协助编制实验报告。","1.矿物加工工程、材料学、应用化学、化学工程、冶金工程等相关专业，具备矿物加工背景优先； 2.熟练掌握常规实验设备操作； 3.具有实验室安全管理意识； 4.细致耐心，吃苦耐劳，具备团队协作精神； 
5.能够接受短期矿山项目出差。
 查看全部",CSS / React / Python / PMP / Go / HTML / jQuery / UG / AI,化工,https://www.liepin.com/job/1968176923.shtml
175,猎聘,能源/化工/环保,矿物加工,资深采购工程师（锂矿）,企业,海辰储能,5000-10000人,重庆-铜梁区,重庆-铜梁区,重庆-铜梁区,22-30k·14薪,统招本科,5年以上,20260610163626,发展空间大 / 年终奖金 / 带薪年假 / 绩效奖金 / 餐费补贴 / 年终奖 / 优秀员工奖 / 五险一金 / 13薪 / 15薪 / 公司规模大 / 五险 / 免费班车 / 班车 / 14薪 / 提供住宿,"1. 协助制定并落地锂矿采购战略及计划，确保原料稳定、品质达标、成本可控；
2. 协助开发优质锂矿供应商，建立供应商库，开展绩效评估，优化供应结构；
3. 协助主导采购商务谈判，签订合同并跟进履约，处理合同相关纠纷；
4. 跟踪锂矿市场动态，协助建立价格预警与成本监控机制，优化采购成本；识别供应链风险，制定缓解预案，运用期货套保等金融工具开展风险对冲操作；
5. 跟踪采购订单全流程，协调物流、报关等环节，配合质检处理异常，保障到货时效与品质；
6. 协同相关部门，建立采购台账、分析采购数据，提出流程优化建议。
二、","（一）学历与专业
矿物加工、冶金、供应链管理等相关专业；英语流利者优先。
（二）工作经验
5年以上大宗商品/锂矿采购经验，3年以上专注锂矿采购；熟悉锂矿资源分布，有供应商资源及战略采购案例，锂电池行业、国际采购经验者优先。
（三）专业技能
1. 精通锂矿产品知识及品质标准，匹配锂电池生产需求。
2. 具备出色的商务谈判、成本测算与控制能力。
3. 敏锐的市场洞察力与风险管控能力，熟练运用期货套保等供应链金融工具者优先。
4. 熟练使用ERP系统，具备基础数据统计分析能力。
5. 熟悉采购流程与相关法规，能独立完成采购全流程。
（四）综合素质
1. 结果导向，能承受工作压力，适应行业快速变化。
2. 诚信正直，无不良从业记录，具备良好职业道德。
3. 沟通协调、跨部门协作及问题解决能力强。
4. 严谨负责，有成本、风险意识及团队精神，能适应国内外出差。
 查看全部",沟通协调 / CSS / 英语 / React / PMP / Go / HTML / jQuery / UG / AI,新能源,https://www.liepin.com/job/1983039473.shtml
176,猎聘,能源/化工/环保,矿物加工,产品开发与质控（采矿）,企业,某重庆化工公司,100-499人,重庆市,重庆,重庆,15-25k,学历不限,3-5年,20260605105921,/,"】
1、负责监督采矿领域产品生产过程品质管理，协助生产进行现有产品生产与质量追踪，及时处理产品质量问题，确保生产质量稳定达标；
2、负责采矿领域产品浮选应用实验完善建设与实验室管理，及时针对客户与市场需求输出、量化应用测评结果，积极配合市场产品开发、技术支持与客户维护，推动产品导入与市场推广；
3、组织开展采矿与其他工业领域的市场深入洞察，定期提供并实时更新行业数据库、竞争对手数据库、客户数据库，及时了解领域产品在国内外使用及生产的分布、发展趋势，行业相关产品发展趋势、应用趋势，为产品研发、技术储备提供准确依据，同时发现新的机会并孵化新领域；
4、配合公司开展体系管理、客户审核相关工作，并有效实施；
5、依据培训及变更相关管理制度，根据需求发起并组织开展相关管理工作。
【","】
1、年龄≤35周岁，本科（双一流高校毕业）及以上学历；
2、矿物加工工程专业，英语CET4（研究方向为矿物浮选，或对浮选工艺或助剂熟悉人员优先）；
3、有较强分析、学习、主动沟通能力，思维敏捷、悟性高、善于沟通，不断进取，提升自我；
4、有敏锐的市场洞察意识，应变能力，独立开拓市场或产品开发能力；
5、有良好的团队合作意识和承压能力；能吃苦耐劳，保持良好的工作积极性。
 查看全部",JavaScript / CSS / Java / 英语 / React / CAD / PMP / Go / HTML / jQuery / UG / AI,化工,https://www.liepin.com/a/76446485.shtml
177,猎聘,能源/化工/环保,矿物加工,矿山项目经理,企业,重庆东赢恒康控股集团,2000-5000人,重庆-渝北区,重庆-渝北区,重庆-渝北区,25-30k·14薪,本科,8年以上,20260608164901,外派津贴 / 16薪 / 带薪年假 / 节日礼物 / 绩效奖金 / 扁平管理 / 技能培训 / 优秀员工奖 / 交通补助 / 13薪 / 15薪 / 团队建设 / 岗位晋升 / 14薪,"1. 全面统筹管理：负责矿山项目从前期筹备、基建施工到生产运营的全过程管理，制定项目总体战略规划、年度及阶段性目标，并确保达成。
2. 安全与环保（HSE）：作为项目安全生产第一责任人，严格执行国家矿山安全法律法规及环保政策，建立健全项目安全管理体系，杜绝重大安全及环保事故。
3. 生产与进度把控：科学组织采矿、选矿及基建工程进度，合理调配人员、设备及物资，确保项目按时间节点高质量交付或达产。
4. 成本与预算控制：负责项目全面预算管理，严格控制工程成本、运营成本及各项费用支出，通过优化工艺流程和管理手段实现降本增效。
5. 团队建设与外联：负责项目管理团队的组建、培训与考核；维护与当地政府、安监、环保、村委等相关部门的良好关系，为项目顺利推进创造良好的外部环境。","1. 学历与专业：本科及以上学历，采矿工程、地质工程、矿物加工、土木工程或相关专业。
2. 工作经验：
 - 8年以上矿山行业工作经验，其中3年以上同等规模矿山项目经理或生产矿长任职经历。
3. 专业技能：
 - 精通矿山开采工艺、基建流程及相关法律法规。
 - 熟悉矿山安全生产标准化建设及HSE管理体系。
 - 具备优秀的识图能力及现场技术指导能力。
4. 资格证书：持有中级及以上工程师职称；持有有效的《安全生产知识和管理能力考核合格证》（矿长证/项目经理证）者优先。
 查看全部",CSS / 项目管理 / React / PMP / Go / HTML / jQuery / UG / AI,云计算/大数据,https://www.liepin.com/job/1982727987.shtml
178,猎聘,能源/化工/环保,矿物加工,科研助理,企业,康普化学,100-499人,重庆-长寿区,重庆-长寿区,重庆-长寿区,15-35k,博士,1-3年,20260610085646,发展空间大 / 带薪年假 / 绩效奖金 / 喜丧礼金 / 五险一金 / 全勤奖 / 13薪 / 五险 / 定期体检 / 生日礼金 / 14薪 / 提供住宿,"：
1.协助团队负责人，带领团队进行矿物资源及二次资源的冶炼与提取技术研发。
2.能够独立承担研发任务，负责从实验设计、动手操作到数据分析的全过程。
3.参与或主导火法、湿法冶金相关的小试、中试等科研项目。
4.协助进行团队的技术指导、任务协调与项目进度管理。
5.撰写技术报告、专利和科研论文。","1.冶金工程、化学化工、矿物加工等相关专业博士学历。
2.精通湿法冶金专业理论，并熟悉火法冶金相关知识。
3.具备扎实的科研动手能力和丰富的实验经验，能解决研发中的实际问题。
4.逻辑思维清晰，具备优秀的数据分析和技术总结能力。
5.1年以上团队管理或项目协作经验，具备良好的沟通和领导潜力。
福利待遇：
1.有竞争力且基于能力的薪酬待遇。
2.广阔的职业发展平台，清晰的“技术专家”或“管理精英”双通道晋升路径。
3.参与行业前沿技术项目的机会，与行业专家共事，实现个人价值。
4.完善的福利保障体系（五险一金、带薪年假、定期体检等）。
 查看全部",CSS / 项目管理 / 团队管理 / React / PMP / 数据分析 / Go / HTML / jQuery / UG / AI,化工,https://www.liepin.com/job/1978838493.shtml
179,猎聘,能源/化工/环保,矿物加工,博士（浮选）,企业,康普化学,100-499人,重庆-长寿区,重庆-长寿区,重庆-长寿区,20-25k,博士,经验不限,20260524154554,16薪 / 带薪年假 / 五险一金 / 13薪 / 双休 / 五险 / 定期体检 / 长白班 / 14薪,"：
主要负责浮选药剂的开发及应用研究。

1.博士研究生学历，矿业工程、矿物加工工程等专业。
2.熟悉浮选药剂的复配以及新药剂合成，对氧化矿、硫化矿、煤矿、锂辉石等浮选工艺有深入研究。
 查看全部",/,CSS / React / PMP / Go / HTML / jQuery / UG / AI,化工,https://www.liepin.com/job/1981940189.shtml
180,猎聘,能源/化工/环保,矿物加工,矿物浮选工程师（研发）,企业,康普化学,100-499人,重庆-长寿区,重庆-长寿区,重庆-长寿区,8-10k,硕士,经验不限,20260428093702,带薪年假 / 五险一金 / 13薪 / 15薪 / 双休 / 五险 / 定期体检 / 长白班 / 14薪,"：
主要负责复选药剂的研发以及应用研究

1.硕士研究生学历，矿业工程，矿物加工工程等专业。
2.熟悉复选药剂的复配以及新药剂的合成，
3.能接受出差
 查看全部",/,CSS / React / PMP / Go / HTML / jQuery / UG / AI,化工,https://www.liepin.com/job/1982138755.shtml
181,猎聘,能源/化工/环保,矿物加工,生产计划部部长,企业,重庆弘脉天下工贸发展集团有限公司,100-499人,重庆-江北区,重庆-江北区,重庆-江北区,28-40k,本科,5-10年,20260305151325,管理规范 / 发展空间大 / 领导好 / 扁平管理 / 13薪 / 15薪 / 团队建设 / 14薪,"一、主要职责：
（一）生产计划与产能管理
1.承接中心战略，审核各矿业公司生产、设计规划及年度生产计划的合理性，与各矿业公司充分沟通后达成共识，并推动落地；
2.联合人力资源部，实施对各矿业公司生产经营、产能方面的考核等。
（二）生产安全与合规运营
1.严格落实安全生产责任制，执行矿山安全操作规程，监督生产现场安全管控（井下作业、设备运行、爆破作业等），防范生产安全事故；
2.配合安环监察部建立生产安全风险分级管控与隐患排查治理双重预防机制，定期开展生产安全隐患排查，跟踪整改落实；
3.保障生产运营符合环保、职业健康合规要求，规范生产废水、废渣、粉尘等污染物处理，确保达标排放等。
（三）生产流程优化与效率提升
1.牵头优化矿业生产全流程（开采工艺、选矿流程、物料转运等），推动技术成果转化（如智能化开采设备应用、选矿工艺改进），提升生产效率；
2.建立生产运营数据分析机制，监控生产效率、产品合格率、能耗等核心指标，识别流程瓶颈并制定优化方案；
3.聚焦生产成本管控，推行精细化生产管理，降低单位生产成本等。
（四）设备与物资协同管理
1.联动工程技术部、采购部，保障生产设备（开采设备、选矿设备、运输设备）选型、采购、安装、运维与生产需求匹配；
2.组织建立生产设备日常巡检、维护保养机制，及时处理设备故障，减少非计划停机时间，保障生产连续性；
3.协调各矿业公司的机电部门做好生产所需备品备件、原材料的库存保障与合理调配，避免因物资短缺影响生产。
（五）现场管理与应急处置
1.定期赴矿山井下、选矿厂等生产现场巡查，监督生产作业规范执行情况，及时协同现场部门解决现场技术与管理问题；
2.协同安环监察部组织制定生产安全事故应急救援预案（如坍塌、透水、设备故障等），定期开展应急演练，提升应急处置能力；
3.发生生产安全事故时，协同安环监察部第一时间启动应急响应，牵头组织抢险救援，配合相关部门开展事故调查与处理等。
（六）部门管理与团队建设
1.统筹生产计划部日常运营，建立健全生产管理制度、调度流程、安全操作规范及考核机制，规范部门工作标准；
2.负责部门团队建设，组织员工开展生产技能、安全操作、合规管理等培训，提升团队专业能力与安全意识；
3.制定部门员工绩效考核方案，开展日常工作指导与绩效评估，激发团队工作积极性与责任心等。
二、","1.本科及以上学历，采矿工程、冶金工程、矿物加工工程、矿山机电等矿业专业毕业；
2.10年及以上矿业生产运营工作经验，其中 5 年以上有色金属矿或冶金矿开采行业生产管理相关经验；
3.具备采矿、矿物加工等相关专业中级及以上技术职称；持有注册安全工程师（矿业类）、注册采矿工程师证书者优先；熟悉矿业行业安全生产相关政策法规；
4.精通《安全生产法》《矿山安全法》等法律法规及上市公司生产运营合规管理要求；
5.熟练掌握矿业生产运营管理（开采工艺、选矿流程、生产调度、产能规划）核心知识；
6.了解矿业行业生产技术发展趋势、设备运维管理、生产成本核算及安全环保管控标准等。
薪资具体可面议
 查看全部",CSS / React / PMP / 数据分析 / Go / HTML / jQuery / UG / AI,贸易/进出口,https://www.liepin.com/job/1980012055.shtml
182,猎聘,能源/化工/环保,矿物加工,矿物浮选工程师(J10002),企业,康普化学,100-499人,重庆-长寿区,重庆-长寿区,重庆-长寿区,10-15k,本科,3年以上,20260416112805,带薪年假 / 18薪 / 五险一金 / 15薪 / 双休 / 五险 / 定期体检 / 长白班,"：
1.负责公司浮选项目技术服务。
2.进行选矿厂流程考察、现场技术诊断，解决选矿厂现场技术问题。
3.负责浮选工艺工艺优化，提升选矿指标。","1.本科及以上学历，矿物加工工程、矿业工程、化学工程等相关专业。具备3年以上选矿厂现场工作经验。
2.精通浮选工艺流程设计，熟悉铜/铅/锌/锂辉石等矿物分选。
3.具备选矿设备调试能力，参与过2个以上选矿项目技改 。
4.能适应出差。
 查看全部",CSS / React / PMP / Go / HTML / jQuery / UG / AI,化工,https://www.liepin.com/job/1979749847.shtml
183,猎聘,能源/化工/环保,矿物加工,选矿项目经理,企业,重庆金达矿业有限责任公司,50-99人,重庆-石柱县,重庆-石柱县,重庆-石柱县,25-40k,统招本科,10年以上,20260408144458,13薪 / 14薪 / 15薪,"基建期
1. 深度参与选矿厂设计，对选矿工艺流程、设备选型、厂房布局等关键环节进行严格把控。
2. 全程管理选矿厂建设，制定详细的项目建设计划，按照既定的时间表推进项目建设。
3. 把控项目预算与成本，负责编制选矿厂建设项目的预算，降低项目建设成本，提高项目的经济效益。
生产运营期
1. 统筹选矿厂日常生产，制定合理的生产计划和排班制度，保证选矿产品的产量和质量达到预期目标。
2. 团队管理与人才培养，组建并管理一支高效的选矿厂运营团队。
3. 持续优化生产工艺，不断优化选矿工艺流程，降低生产成本。
4. 质量管理与安全环保，建立并完善选矿厂的质量管理体系。
二、","1. 专业背景：矿物加工工程、选矿工程等相关专业，本科及以上学历，具备扎实的专业知识和理论基础。
2. 工作经验：具有 [10] 年以上选矿项目管理工作经验，其中至少 [3] 年在选矿厂基建期负责设计及建设工作，且有不少于 [5] 年在选矿厂生产运营期担任管理职务的经历。有主持或参与大型选矿项目建设和运营的成功案例，熟悉选矿工艺流程和设备选型，具备丰富的项目管理实践经验。
3. 技能要求：熟练掌握选矿相关的法律法规、技术标准和规范；具备良好的项目管理能力，能够运用项目管理工具和方法进行项目的计划、组织、协调和控制；熟悉 CAD、FLUENT 等专业软件，能够进行选矿工艺流程设计和模拟分析；具备较强的数据分析能力，能够根据生产数据及时发现问题并提出改进措施。
4. 领导能力：具备卓越的领导能力和团队管理能力，能够有效激励和引导团队成员，充分发挥团队的整体优势。具备出色的沟通协调能力和问题解决能力，能够应对复杂的内外部环境和突发事件。
5. 职业素养：具有高度的责任心和敬业精神，对选矿事业充满热情；具备良好的职业道德和操守，严格遵守国家法律法规和企业规章制度。
 查看全部",能够进行选矿工艺流程设计和模拟分析；具备较强的数据分析能力 / CSS / 团队管理 / FLUENT / 能够根据生产数据及时发现问题并提出改进措施。 / 熟练掌握选矿相关的法律法规 / React / 技术标准和规范；具备良好的项目管理能力 / CAD / PMP / Go / HTML / 等专业软件 / UG / AI,矿产开采,https://www.liepin.com/job/1972421995.shtml
184,猎聘,能源/化工/环保,矿物加工,铝土矿工程师,企业,重庆物链通供应链管理集团有限公司,1-49人,重庆市,重庆,重庆,20-25k,大专,1-3年,20260605151312,缴纳社保 / 年终奖金 / 绩效奖金 / 包住 / 年终奖 / 包吃包住 / 社保 / 13薪 / 意外险 / 包吃 / 15薪 / 节日福利 / 工龄工资 / 带薪休假发展：技术岗位晋升通道清晰 / 晋升通道 / 岗位晋升 / 14薪,"一、矿山开采管理
负责铝土矿露天开采现场技术指导、开采方案优化，控制回采率、降低贫化率。
监督爆破、剥离、装运等工序规范作业，保障安全、高效、连续生产。
配合地质、测量工作，参与储量管理及现场技术问题处理。
破碎与分选工艺
负责铝土矿破碎、筛分、洗选、分选等工艺流程管控与参数优化。
监控设备运行状态，及时处理堵料、粒度不达标、分选效果差等生产问题。
降低能耗与耗材损耗，提高产能与矿石综合利用率。
配矿技术管理
根据不同矿区原矿品位及客户质量要求，制定合理配矿方案，稳定铝硅比、含水率、杂质含量等指标。
建立配矿台账，动态调整配矿比例，确保外销产品质量稳定合格。
协同销售、生产、化验部门，满足客户定制化品位需求。
质量分析、化验与检验
熟悉铝土矿主要检验指标：Al₂O₃、SiO₂、Fe₂O₃、烧失量、铝硅比（A/S）、粒度、水分等。
负责原矿、在制品、成品的取样、制样及送检跟踪，或独立完成常规化验。
审核化验数据，判断质量波动原因，提出工艺调整建议。
建立质量检验台账，出具质量检验单，配合客户验货、第三方抽检及合规检查。
综合管理
编制生产日报、技术报表、质量报表，整理存档各类技术资料。
落实矿山安全、环保、职业健康相关要求，参与隐患排查与整改。
统筹现场生产、技术、质量之间的衔接，提升整体运营效率。
二、","矿产资源开发、采矿工程、矿物加工工程、地质、冶金、分析检验等相关专业，专科及以上学历。
1-3 年以上铝土矿行业实际工作经验，熟悉铝土矿开采、破碎、分选、配矿全流程。
懂铝土矿质量标准，熟悉化验检验流程，能看懂化验报告、判断品位是否合格。
能独立处理现场生产技术问题，有较强的成本意识、质量意识和安全意识。
能适应矿山 / 厂区驻场工作，吃苦耐劳，责任心强，服从管理。
有矿山安全证书、化验员证、工程师职称者优先录用。
三、薪资待遇
薪资：20000 元 以上/ 月，能力优秀者可上浮
福利：缴纳社保 / 意外险、包吃包住、节日福利、工龄工资、带薪休假
发展：技术岗位晋升通道清晰，绩效奖金、年终奖金
 查看全部",CSS / React / PMP / Go / HTML / jQuery / UG / AI,批发/零售,https://www.liepin.com/job/1981508053.shtml
185,猎聘,能源/化工/环保,矿物加工,矿物浮选工程师,企业,康普化学,100-499人,重庆-长寿区,重庆-长寿区,重庆-长寿区,7-12k,硕士,经验不限,20231025085902,餐补 / 绩效奖金 / 五险一金 / 交通补助 / 13薪 / 通讯津贴 / 五险 / 定期体检 / 14薪 / 午餐补助,/,"1.硕士研究生及以上学历，矿业工程，矿物加工工程等相关专业
2.熟练掌握矿物浮选知识，懂得氧化矿物浮选技术者优先。
3.能接受出差工作、英语水平达到六级以上者优先。
4.善于沟通，有较强的语言表达能力，熟练使用office等办公软件。
 查看全部",CSS / 英语 / React / PMP / Go / HTML / jQuery / UG / AI,化工,https://www.liepin.com/job/1962446289.shtml
186,猎聘,能源/化工/环保,矿物加工,行政,猎头,合肥钮派网络科技有限公司,/,合肥-瑶海区,合肥-瑶海区,合肥-瑶海区,7-11k,本科,1年以下,20240413140137,16薪 / 13薪 / 15薪,"：
1、负责公司具体行政事务及办公事务处理，如会议安排、资料制作、文件传达、工作协调、印章管理等；
2、负责公司日常行政管理的运作；
3、负责公司的档案管理及各类文件、资料的鉴定及统计管理工作；
4、协助公司重大活动的策划和组织工作；
5、公司的企业文化建设工作；
6、领导交办的其他工作。","1、本科及以上学历；
2、有相关工作经验者优先；
3、具备良好的行政管理概念及丰富的行政工作经验；
4、具有高度的责任心和工作主动性；
5、具有良好的人际沟通能力及表达能力；
6、能熟练使用办公软件。
 查看全部",JavaScript / CSS / C++ / Java / 日语 / React / PMP / 算法 / Go / HTML / 数据挖掘 / jQuery / UG / AI,电子/半导体/集成电路,https://www.liepin.com/job/1966227321.shtml
187,猎聘,能源/化工/环保,矿物加工,投资顾问,猎头,上海茫讯商务咨询中心,/,北京-东城区,北京-东城区,北京-东城区,15-30k·16薪,本科,/,20230219225947,16薪,"：
1.筛选有发展潜力和投资价值的项目，进行项目的前期沟通，尽职调查工作；
2.候选投资项目投资决策前的基础性工作，包括：候选投资项目投资条款的洽商和拟订（参与）、立项报告的撰写，补充尽职调查，投资建议书的撰写，参加投资决策委员会并具体汇报立项报告和投资建议书等事宜；
3.拟投资项目投资决策后的实施性工作，包括：拟投资项目的投资协议等合同的谈判和签署，投资打款、工商变更的协调实施，相关凭证和证明的协调取得，其他共同投资方的协调联络等事宜；
4.已投资项目投资后的管理性工作，包括：协调和参加已投资项目公司的股东会、董事会、监事会，跟踪和获取已投资项目公司的月度、季度和年度财务报表或其他反映经营成果的书面信息材料，跟踪和获取已投资项目公司的经营管理等业务信息，跟踪和获取已投资项目公司的上市进程或其他退出方式进程信息，不定期赴被投资项目公司与管理层进行随访和沟通、评估公司生产经营和运营管理的实施情况；","1.理工科、经济管理、法律类等相关专业；
2.3年以上股权投资（含风险投资）基金工作经历，曾担任过投资经理及以上职位；有基金从业资格证，具有投资银行业务相关工作经历优先；
3.具备财务、税收、法律、估值等方面的知识与技能，熟悉PE业务的各个环节；
4.具备敏锐的市场意识、观察、应变、口头表达和文字组织能力。
 查看全部",JavaScript / CSS / Java / React / PMP / Go / HTML / jQuery / UG / AI,专业技术服务,https://www.liepin.com/job/1956241509.shtml
188,猎聘,能源/化工/环保,矿物加工,中电建（云浮）新材料有限公司工程技术岗、综合管理岗、经济管理岗,企业,中电建(云浮)新材料有限公司,100-499人,云浮-郁南县,云浮-郁南县,云浮-郁南县,20-40k,本科,3-5年,20230221131910,五险一金 / 13薪 / 社保 / 通讯补贴 / 15薪 / 交通补贴 / 节日福利 / 五险 / 健康体检,"所必需的专业知识，身心健康，抗压能力强，能够适应出差和加班；
（三）中高级以上职称或持有相关专业注册证书，有大中型矿山开发项目规划设计、施工、管理等相关工作经历优先。
二、岗位职责及任职条件
（一）工程技术岗
1.","矿业工程类（如采矿工程、矿物加工工程等）、港口与航道工程及其他工程类相关专业。
2.岗位职责
负责项目建设进度计划的编制、执行、监督与评估工作；负责 “三防”工作；负责实施技改相关工作；负责生产计划、生产调度、生产运营等工作。
（二）综合管理岗
1.任职要求
汉语言文学、新闻学、行政管理、企业管理、工商管理等相关专业；中共党员（含预备党员）；具有较强的公文写作能力。
2.岗位职责
负责党群建设、纪检监察工作；负责一般性公文、领导讲话等文字材料的起草、审核及公文收发等工作；负责会务组织、公务接待、后勤保障等行政事务管理工作；负责新闻宣传、媒体渠道拓展等工作；负责人力资源管理相关工作。
（三）经济管理岗
1.任职要求
经济学、金融学、资源与环境等相关专业。
2.岗位职责
负责公司投资风险管理与内部控制工作；负责项目投资业务发展规划、项目投资统计、投资建设（运营）的职能监督及后评价等工作；参与监督、检查投资项目的进度、造价、投资收益率、运营成本控制等专项工作。
三、薪酬待遇
（一）薪酬社保
1.年薪20万-50万，具体面议；
2.缴纳五险一金、企业补充保险。
（二）福利待遇
1.提供食宿；
2.交通补贴、通讯补贴、带薪休假、节日福利、健康体检等。
 查看全部",沟通协调 / CSS / React / PMP / Go / HTML / jQuery / UG / AI,矿产开采,https://www.liepin.com/job/1955447839.shtml
189,猎聘,能源/化工/环保,矿物加工,石英砂矿产项目经理,企业,广东绿溪科技控股有限公司,1-49人,湛江-赤坎区,湛江-赤坎区,湛江-赤坎区,10-15k,本科,1-3年,20231107173359,团队建设 / 13薪 / 14薪 / 15薪,：1.制定落实矿业公司资源项目的开发与管理规划。根据国家有关采矿工业的安全生产政策及法规，组织制定矿山项目经营方针、中长期发展规划和重大技术改造方案等；2.统筹安排矿山生产经营工作，负责探矿、采矿、选矿全过程的规划管理，主持制定各项管理制度，规范工艺流程；3.深入生产现场，协调处理生产过程中出现的各种影响产品质量和生产安全的潜在隐患；4.全面负责矿业公司团队建设、财务预算与成本管理，及时完成集团下达的各项经营目标；5.建立、维护矿区所在地区外围关系，获取良好的企业外围运营环境与更多的行业优惠政策；6.完成领导交代的其他工作。,"1.全日制本科及以上学历，工科背景，矿物加工、采矿工程、矿物资源工程、无机非金属材料等专业优先；2.熟悉当地矿产科室，了解当地石英砂矿产规划和招拍挂程序；3.优秀的协调组织能力、人际交往能力。
 查看全部",CSS / 项目管理 / React / PMP / Go / HTML / jQuery / UG / AI,新能源,https://www.liepin.com/job/1962753297.shtml
190,猎聘,能源/化工/环保,矿物加工,生产管理部副经理,企业,惠州交投神山绿色现代石场有限公司,1-49人,广东省,惠州,惠州,12-16k,统招本科,3-5年,20220523143908,年终奖金 / 带薪年假 / 年终奖 / 优秀员工奖 / 五险一金 / 13薪 / 15薪 / 五险 / 定期体检 / 提供住宿,"：1.根据销售计划，制定落实生产加工计划，确保计划按时完成；
2.对接销售部根据市场需求及时调整产品方案，满足市场需求；
3.建立健全生产加工质量体系建设，确保产品质量符合砂石骨料标准；
4.推进生产加工信息化、智能化建设，做好生产加工产品相关产量、成本等信息统计分析，为公司经营提供决策依据；
5.负责对外技术交流、科技创新等工作，推广应用新技术、新材料、新设备，推动公司新产品研发工作；
6.负责对接供电部门，做好项目节能监测管控工作；
7.监督、监管项目生产用水量、絮凝剂等药剂加入量控制，确保生产循环用水质量符合要求；
8.监督、检查施工单位防尘设备、封闭料仓、排污净化等设施，确保加工生产安全环保；
9.推进生产加工系统质量监控信息化、智能化，及时反馈加工产品质量，确保产品合格率；
10.落实领导安排的其他工作。","1.大学本科及以上学历，机电工程、采矿工程、矿物加工及相关专业，从事砂石骨料行业工作3年以上。
2.年龄35周岁以下，有工程师职称优先。
3.熟悉砂石骨料工艺、装备和机电技术优先。
4.具有良好的沟通能力和组织协调能力、工作认真负责，工作条理清晰。
 查看全部",CSS / React / PMP / Go / HTML / jQuery / UG / AI,矿产开采,https://www.liepin.com/job/1949853967.shtml
191,猎聘,能源/化工/环保,矿物加工,选矿工程,企业,ALICOCO 银鸥,1-49人,广州-白云区,广州-白云区,广州-白云区,5-15k,大专,3-5年,20220127141846,13薪 / 18薪 / 六险 / 15薪,"：
重磁电等物理选矿试验与工艺流程技术改造研究，探索降低浮选成本的可能性，适应环保要求。尾矿再利用解决方案。

矿物加工专业大专以上学历和选矿厂技术岗位多年工作经验。
 查看全部",/,CSS / React / PMP / Go / HTML / jQuery / UG / AI,机械/设备,https://www.liepin.com/job/1946678923.shtml
192,猎聘,能源/化工/环保,矿物加工,科研技术研发管理（博士研究生）,企业,湛江中冶环保运营管理有限公司,100-499人,湛江-麻章区,湛江-麻章区,湛江-麻章区,20-30k,博士,经验不限,20221128161019,13薪 / 14薪,"1、博士研究生及以上学历，冶金、工业环境、、机械装备与控制工程（冶金机械）、矿物加工、环境科学与工程等相关专业。
2、熟悉课题管理全流程，或具备一定的课题申请资源；
3、具备相应的科研团队工作经历；
4、能参与科研示范工程具体事项组织等；
5、有工业环保除尘项目、环保设备设计、冶金环保项目等相关工作经验优先；
6、应届毕业博士研究生优先；
 查看全部","2. 如您应聘的岗位属于涉外劳务合作/海外岗位的，请务必核实招聘方对外劳务合作资质取得情况，同时注意自身资金安全，防范招聘欺诈。
 3. 本平台招聘方不向求职者提供任何收费服务。
 查看全部
 相关推荐
 展开
 湛江环保服务工程师招聘
 湛江环保工程工程师招聘
 湛江环境监测师招聘
 湛江环保分析师主管招聘
 湛江环保运营管理岗招聘
 湛江除尘设计师招聘
 湛江环境环保招聘
 湛江环保管理岗招聘
 湛江环保工程岗招聘
 湛江环保管家工程师招聘
 湛江环保中级工程师招聘
 湛江环保主任工程师招聘
 湛江公用设计规划师招聘
 湛江环保售后运维工程师招聘
 湛江环保巡检招聘
 湛江高级场调工程师招聘
 湛江环保管理专员招聘
 湛江环境工程毕业生招聘
 湛江除尘工艺工程师招聘
 湛江氢能研发工程师招聘
 湛江环保生产技术主管招聘
 湛江环保报告编制技术员招聘
 湛江环保局大气巡查专员招聘
 湛江水务中心工艺工程师招聘
 湛江设备安装售后技术员招聘
 湛江除尘环保设计师招聘
 湛江环保车间主任招聘
 湛江运维工程人员招聘
 湛江环保研发总监招聘
 湛江环保设计人员招聘
 相关公司
 山东辰扬环境科技有限公司
 北京都润生态环境工程有限公司
 正和恒基
 中环信环境有限公司
 宝钢节能
 上海东方雨虹
 湛江市粤绿环保科技有限公司
 高能时代
 太古环保
 北京碧水源净水科技有限公司
 聚光科技
 新大禹环境
 深圳市朗坤科技股份有限公司
 海南三友海洋科技有限公司
 天健环保
 久吾高科
 启迪环境科技发展股份有限公司
 大湾区(广东)环境规划设计研究院有限公司
 东江环保
 广东恒生源环保科技有限公司
 广东省广业环保产业集团有限公司
 广东广志工程技术服务有限公司
 美欣达集团
 侨银股份
 广东昂宏化工有限公司
 珠海麦得发生物科技股份有限公司
 中农创达(北京)环保科技有限公司
 鼎研科技
 湛江市湛豚房屋租赁有限公司
 热门城市
 北京招聘网
 上海招聘网
 广州招聘网
 厦门招聘网
 杭州招聘网
 郑州招聘网
 南京招聘网
 天津招聘网
 重庆招聘网
 成都招聘网
 苏州招聘网
 商丘招聘网
 大连招聘网
 济南招聘网
 宁波招聘网
 无锡招聘网
 青岛招聘网
 沈阳招聘网
 台州招聘网
 西安招聘网
 武汉招聘网
 热门招聘
 北京招聘信息
 上海招聘信息
 广州招聘信息
 厦门招聘信息
 杭州招聘信息
 郑州招聘信息
 南京招聘信息
 天津招聘信息
 重庆招聘信息
 成都招聘信息
 苏州招聘信息
 商丘招聘信息
 大连招聘信息
 济南招聘信息
 宁波招聘信息
 无锡招聘信息
 青岛招聘信息
 沈阳招聘信息
 台州招聘信息
 西安招聘信息
 武汉招聘信息
 湛江招聘网
 >
 湛江环保工程师招聘
 >
 科研技术研发管理（博士研究生）招聘
 收藏职位
 立即沟通
 更新时间：2025-03-10",CSS / React / PMP / 数据分析 / Go / HTML / jQuery / UG / AI,环保,https://www.liepin.com/job/1950649187.shtml
193,猎聘,能源/化工/环保,矿物加工,选矿设备/工艺工程师,企业,佛山市赛镁恺新材料有限公司,100-499人,佛山-禅城区,佛山-禅城区,佛山-禅城区,10-20k,大专,3-5年,20240319111751,18薪 / 16薪 / 13薪 / 14薪,"1. 参与非金属矿物选矿加工项目的工艺流程设计、校核和优化工作；
2. 负责工艺设备的技术规格设定，与供应商对接工艺流程详细设计方案及设备选型；
3. 负责新项目生产线及厂区布局规划设计","1. 3年以上选矿、大型机械设备、非标生产线或化工行业技术工程工作经验；
2. 能熟练使用SolidWorks、AutoCAD等绘图软件；
3. 至少需要能看懂英文图纸，可英文邮件沟通。
4. 具有良好的沟通和团队协作能力。
 查看全部",SolidWorks / CSS / 英语 / React / CAD / PMP / AutoCAD / Go / HTML / jQuery / UG / AI,化工,https://www.liepin.com/job/1965583149.shtml
194,猎聘,能源/化工/环保,矿物加工,超级新生力-矿物加工方向,企业,旗滨集团,10000人以上,深圳-南山区,深圳-南山区,深圳-南山区,10-15k·13薪,/,/,20250912163856,13薪,"：
1、协助砂矿公司日常生产经营管理工作，推行全面质量管理体系，提高产品质量和管理水平； 
2、掌握砂矿生产工艺，熟悉物理和化学选矿流程，愿意学习和了解每个工艺点控制手段；
3、对异常质量情况进行分析，找出异常原因，并指导生产进行改进；
4、了解设备操作规程和安全操作规程，并能独立操作设备；撰写报告、记录和存储信息等。","1、本科及以上学历，矿物加工等相关专业；
2、具有矿物加工过程的设计、开发和改进经验；熟悉矿物加工过程的原理、技术和设备，掌握矿石处理、磨矿、选矿等相关工艺和技术；能够设计和优化矿物加工流程，提高生产效率，降低成本；
3、擅长数据分析，能够分析生产数据，并提出改进建议以提高生产效率和质量。
截止日期：2026年09月12日
招聘人数：1人
 查看全部",CSS / React / PMP / 数据分析 / Go / HTML / jQuery / UG / AI,建材,https://www.liepin.com/lptjob/77192523
195,猎聘,能源/化工/环保,矿物加工,应往届博士生校招（上市企业）,企业,旗滨集团,10000人以上,深圳-宝安区,深圳-宝安区,深圳-宝安区,25-40k,/,/,20260506140009,零食,"】
- 参与公司新材料、新工艺的研发与技术攻关，推动产品升级与创新；
- 协助完成实验设计、数据分析及成果总结，撰写技术报告和专利文档；
- 跟进行业前沿动态，参与科研项目申报与实施，提升企业核心技术竞争力；
- 与团队协作，支持生产流程优化和技术成果转化；
- 掌握材料性能测试与分析（SEM、XRD、TEM、DSC/TGA、力学性能测试等）；
【","】
- 应届或往届博士毕业生，材料科学与工程、化学、矿业工程、矿物加工、无机非金属材料、机电一体化、电气工程、环境科学与工程、无机硅酸盐、有机高分子、高分子材料与工程、自动化、机械工程、材料成型与控制工程等相关专业；
- 具有较强的逻辑思维能力；参与过材料开发、工艺优化或产业化项目经验、具有院校项目/课题开发、对标企业实习经验者优先考虑；
- 具备独立设计实验和团队协作能力，拥有强烈的创新意识。
- 对玻璃及相关新材料领域有浓厚兴趣，愿意长期发展。
截止日期：2027年04月29日
招聘人数：10人
 查看全部",CSS / React / PMP / 数据分析 / Go / HTML / jQuery / UG / AI,建材,https://www.liepin.com/lptjob/82203733
196,猎聘,能源/化工/环保,矿物加工,矿物加工工程师,猎头,旗滨集团,10000人以上,深圳-宝安区,深圳-宝安区,深圳-宝安区,20-35k,本科,5-10年,20260604160140,发展空间大 / 年终奖金 / 股票期权 / 年终奖 / 五险一金 / 13薪 / 五险 / 期权,"1、设计、改进和优化矿石的加工工艺流程，提高生产效率和产品质量；
2、分析矿石性质和加工要求，选择合适的加工设备和工艺；
3、监督和指导加工现场操作，保证加工过程符合规范和工艺要求；
4、分析加工过程中的问题，提出解决方案并进行改进；
5、测试新的加工工艺和设备，评估其性能和可行性；
6、编制加工工艺流程图、操作指南和相关技术报告。","1、本科及以上学历，矿物加工等相关专业；
2、具有矿物加工过程的设计、开发和改进经验；熟悉矿物加工过程的原理、技术和设备，掌握矿石处理、磨矿、选矿等相关工艺和技术；能够设计和优化矿物加工流程，提高生产效率，降低成本；
3、擅长数据分析，能够分析生产数据，并提出改进建议以提高生产效率和质量；
4、良好的表达沟通、团队协作及抗压能力。
 查看全部",CSS / React / PMP / 数据分析 / Go / HTML / jQuery / UG / AI,建材,https://www.liepin.com/job/1966134073.shtml
197,猎聘,能源/化工/环保,矿物加工,供应链专员,猎头,融捷股份有限公司,500-999人,广州-天河区,广州-天河区,广州-天河区,7-10k,统招本科,2-8年,20260610144605,管理规范 / 发展空间大 / 16薪 / 五险一金 / 13薪 / 15薪 / 管理培训 / 公司规模大 / 五险 / 双休 / 不加班 / 14薪 / 六险,"一、采购与寻源
1.物资采购执行：负责矿山生产所需的备品备件（破碎机、球磨机、筛网等）、大宗耗材（钢球、药剂、润滑油）、辅料（劳保用品、办公生活物资）的采购下单与合同执行。
2.供应商管理：针对矿山特殊设备（如矿山机械、选矿设备）建立供应商资源库；定期对供应商进行质量、交期、安全生产资质（如矿安认证）的评审。
3.成本控制：进行市场行情调研，特别是针对钢材、油价、大宗化工原料等价格波动敏感物资，制定合理的采购策略。
二、物流与仓储协同
1.物流调度：统筹安排物资从供应商到矿区的全流程运输。针对矿区地处偏远、路况复杂的特点，优化运输路线，协调车辆调度，确保物资在恶劣天气或节假日期间的稳定到货。（公路运输及铁路运输）
2.库存管理：防止因备件不足导致停产（缺货风险），也要防止因库存积压导致的资金占用和物资锈蚀（呆滞风险）。
3.仓储合规：监督矿区危险品（如炸药、化学药剂、油料）的仓储合规性，确保符合应急管理部门的存储要求。
三、计划与协同
1.供需计划：根据矿山年度开采计划、设备检修计划，预测月度及季度的物资需求，编制采购预算与物流发运计划。
2.跨部门协调：紧密对接生产部（了解设备磨损情况）、财务部（资金计划与付款）、安全部（危化品采购审批）。
（二）","一、基本要求
1.学历：统招全日制本科及以上学历，采矿工程、矿物加工、机械设计制造、物流管理或供应链管理相关专业优先。
2.经验：专员：1-3年供应链、采购或物流相关经验，有制造业背景即可。
主管：3年以上供应链管理经验，有矿山、重工、建材（水泥/砂石）或化工行业经验者优先。
二、专业技能
1.行业认知：了解矿山主要设备（如破碎机、输送带、振动筛）的常用备件型号及采购周期。
2.物流知识：熟悉大宗货物运输（汽运、铁运）的操作流程，具备处理长距离、复杂路况物流异常的能力。
3.工具使用：熟练使用ERP系统（如用友、金蝶、SAP），精通Excel数据处理（数据透视表、VLOOKUP等）。
三、综合素质
1.抗压能力：能适应“保供”压力，具备处理突发断供事件的应急响应能力。
2.廉洁自律：严格遵守职业道德，具备良好的风险防控意识。
3.沟通能力：能接受不定期出差前往矿区（如省内或省外矿山），适应与一线生产人员及高层管理者的双向沟通。
 查看全部",CSS / 英语 / React / PMP / 数据分析 / Go / HTML / jQuery / UG / AI / Excel,新能源,https://www.liepin.com/job/1981273327.shtml
198,猎聘,能源/化工/环保,矿物加工,金铜矿投资VP/总监,猎头,金友汇(杭州)信息咨询服务有限公司,1-49人,深圳-福田区,深圳-福田区,深圳-福田区,10-25k,统招本科,3-5年,20260604155457,项目决策权 / 发展空间大 / 年终奖金 / 带薪年假 / 绩效奖金 / 年终奖 / 五险一金 / 13薪 / 节日福利 / 长期激励 / 年度体检职业发展：核心高管岗位 / 15薪 / 五险 / 行业资源对接 / 年度体检 / 弹性工作 / 14薪 / 核心高管岗位,"项目投资全流程管理
负责金、铜等金属矿项目的市场拓展、项目搜寻、筛选与储备，建立优质项目池。
组织开展矿山现场尽调：地质资源、采矿 / 选矿工艺、生产运营、证照合规、环保安评、财务法务等全面研判。
完成项目估值、盈利模型、投资回报测算，撰写投资可行性报告与尽调报告。
投资交易与方案设计
设计投资结构：股权收购、增资扩股、矿权合作、债权 + 股权、并购重组等。
主导商务谈判、交易条款、投资协议、合作模式，推动项目交割落地。
投后管理与风险控制
负责投后管控：生产经营跟踪、财务监管、技改督导、证照延期、安全生产与环保合规管理。
制定退出方案：股权转让、并购退出、大股东回购、IPO / 借壳、资产证券化等。
行业与资源拓展
跟踪矿业政策、金价 / 铜价走势、资源储量趋势，建立行业数据库与研判体系。
维护地质队、矿业公司、矿权持有人、评估机构、律所、券商等合作资源。
团队与协同管理
带领投资团队开展项目执行，负责人才培养、项目复盘、效率提升。
协同募资、风控、法务、财务等部门完成投资全流程落地。
四、","本科及以上学历，地质工程、采矿工程、矿物加工、资源勘查、金融、投资等相关专业。
5 年以上金铜矿实际投资 / 并购 / 矿山管理经验，具备完整项目投资案例。
能独立看懂地质报告、储量报告、采矿证、环评、安评、土地等合规文件，具备矿山现场判断能力。
熟悉矿业投资逻辑、矿权交易、并购流程、投资估值模型、风控要点。
具备优秀的项目研判、商务谈判、交易设计、报告撰写与项目推动能力。
能接受高频出差（矿山现场尽调），抗压能力强，结果导向。
有矿业公司、地质院、矿业基金、大宗资源投资机构背景优先；有基金从业资格优先。
五、薪酬福利
高薪体系：底薪 + 绩效 + 项目提成 + 年终奖金
基础保障：五险一金、带薪年假、节日福利、年度体检
职业发展：核心高管岗位、项目决策权、长期激励、行业资源对接
 查看全部",CSS / React / PMP / Go / HTML / jQuery / UG / AI,其他商务服务业,https://www.liepin.com/job/1983004631.shtml
199,猎聘,能源/化工/环保,矿物加工,资深采购工程师（锂矿）,猎头,海辰储能,5000-10000人,广州-南沙区,广州-南沙区,广州-南沙区,22-30k·14薪,统招本科,5年以上,20260610163626,发展空间大 / 16薪 / 年终奖金 / 带薪年假 / 绩效奖金 / 餐费补贴 / 年终奖 / 优秀员工奖 / 五险一金 / 13薪 / 15薪 / 公司规模大 / 五险 / 免费班车 / 双休 / 班车 / 14薪 / 提供住宿,"1. 协助制定并落地锂矿采购战略及计划，确保原料稳定、品质达标、成本可控；
2. 协助开发优质锂矿供应商，建立供应商库，开展绩效评估，优化供应结构；
3. 协助主导采购商务谈判，签订合同并跟进履约，处理合同相关纠纷；
4. 跟踪锂矿市场动态，协助建立价格预警与成本监控机制，优化采购成本；识别供应链风险，制定缓解预案，运用期货套保等金融工具开展风险对冲操作；
5. 跟踪采购订单全流程，协调物流、报关等环节，配合质检处理异常，保障到货时效与品质；
6. 协同相关部门，建立采购台账、分析采购数据，提出流程优化建议。
二、","（一）学历与专业
矿物加工、冶金、供应链管理等相关专业；英语流利者优先。
（二）工作经验
5年以上大宗商品/锂矿采购经验，3年以上专注锂矿采购；熟悉锂矿资源分布，有供应商资源及战略采购案例，锂电池行业、国际采购经验者优先。
（三）专业技能
1. 精通锂矿产品知识及品质标准，匹配锂电池生产需求。
2. 具备出色的商务谈判、成本测算与控制能力。
3. 敏锐的市场洞察力与风险管控能力，熟练运用期货套保等供应链金融工具者优先。
4. 熟练使用ERP系统，具备基础数据统计分析能力。
5. 熟悉采购流程与相关法规，能独立完成采购全流程。
（四）综合素质
1. 结果导向，能承受工作压力，适应行业快速变化。
2. 诚信正直，无不良从业记录，具备良好职业道德。
3. 沟通协调、跨部门协作及问题解决能力强。
4. 严谨负责，有成本、风险意识及团队精神，能适应国内外出差。
 查看全部",沟通协调 / CSS / 法语 / 英语 / React / PMP / Go / HTML / jQuery / UG / AI,新能源,https://www.liepin.com/job/1983039471.shtml
200,猎聘,能源/化工/环保,矿物加工,化验工程师,猎头,中宬矿业,1-49人,深圳-南山区,深圳-南山区,深圳-南山区,15-25k,本科,5年以上,20260527095844,五险一金 / 13薪 / 五险 / 双休 / 14薪,"1、负责接收来自采矿场、选矿厂、地质勘探等部门的生产样、勘探样、销售样等，严格执行样品登记、编码、制备（破碎、缩分、研磨）和保存流程，确保样品代表性与可追溯性。
2.负责运用各种分析仪器（如原子吸收光谱、X射线荧光光谱、ICP等）和化学方法，准确测定样品中的目标元素（如金、银、铜、铁、硫等）含量、品位、有害杂质成分及其他物理化学指标。
3.负责对选矿流程中的原矿、精矿、尾矿、中间产品进行快速、定期分析，及时提供数据，为生产流程调整和工艺优化提供即时依据。
4、负责编制准确的化验报告，对异常数据及时反馈和复核，并建立完整的分析台账和数据库。
5、负责建立并维护实验室质量管理体系，确保化验工作符合项目所在国家/行业标准及内部质量控制要求。定期进行内部质量控制（如使用标准物质、重复样、空白样分析）。
6、负责化验仪器的日常操作、维护、校准和定期检定。联系外部供应商进行故障维修和高级别保养，确保设备处于良好状态。
7、负责化学试剂、标准物质、实验耗材的采购计划、验收、储存与管理，特别注意剧毒、易燃易爆等危险化学品的安全管控。
8、负责实验室危险废弃物（如废酸、废液、废样）的安全处置。确保实验室符合职业健康、安全与环保要求，预防事故发生。
9、负责为采矿、选矿生产部门提供及时的数据解读和技术咨询，参与生产指标分析、工艺故障诊断和矿石可选性研究。","1、学历与专业：本科及以上学历。化学、分析化学、应用化学、冶金工程、矿物加工工程、环境工程等相关专业；
2、工作经验：5年以上矿业实验室分析工作经验；
3、专业知识与技能：（1）熟练掌握仪器分析技术，如：原子光谱、 X射线技术、火试金法等，（2）精通实验室质量控制体系，能熟练运用质量控制图、加标回收、平行样、标准物质、方法比对等手段监控数据质量；（3）具备根据样品类型和检测需求，选择、建立和验证分析方法的能力。
 查看全部",CSS / React / PMP / Go / HTML / jQuery / UG / AI,矿产开采,https://www.liepin.com/job/1982898031.shtml
201,猎聘,能源/化工/环保,矿物加工,化验工程师,猎头,中宬矿业,1-49人,深圳-南山区,深圳-南山区,深圳-南山区,15-24k·13薪,本科,5-10年,20260520120020,13薪 / 周末双休 / 15薪 / 五险 / 六险一金 / 双休 / 14薪 / 六险,"1、负责接收来自采矿场、选矿厂、地质勘探等部门的生产样、勘探样、销售样等，严格执行样品登记、编码、制备（破碎、缩分、研磨）和保存流程，确保样品代表性与可追溯性。
2.负责运用各种分析仪器（如原子吸收光谱、X射线荧光光谱、ICP等）和化学方法，准确测定样品中的目标元素（如金、银、铜、铁、硫等）含量、品位、有害杂质成分及其他物理化学指标。
3.负责对选矿流程中的原矿、精矿、尾矿、中间产品进行快速、定期分析，及时提供数据，为生产流程调整和工艺优化提供即时依据。
4、负责编制准确的化验报告，对异常数据及时反馈和复核，并建立完整的分析台账和数据库。
5、负责建立并维护实验室质量管理体系，确保化验工作符合项目所在国家/行业标准及内部质量控制要求。定期进行内部质量控制（如使用标准物质、重复样、空白样分析）。
6、负责化验仪器的日常操作、维护、校准和定期检定。联系外部供应商进行故障维修和高级别保养，确保设备处于良好状态。
7、负责化学试剂、标准物质、实验耗材的采购计划、验收、储存与管理，特别注意剧毒、易燃易爆等危险化学品的安全管控。
8、负责实验室危险废弃物（如废酸、废液、废样）的安全处置。确保实验室符合职业健康、安全与环保要求，预防事故发生。
9、负责为采矿、选矿生产部门提供及时的数据解读和技术咨询，参与生产指标分析、工艺故障诊断和矿石可选性研究。","1、学历与专业：本科及以上学历。化学、分析化学、应用化学、冶金工程、矿物加工工程、环境工程等相关专业；
2、工作经验：5年以上矿业实验室分析工作经验；
3、专业知识与技能：（1）熟练掌握仪器分析技术，如：原子光谱、 X射线技术、火试金法等，（2）精通实验室质量控制体系，能熟练运用质量控制图、加标回收、平行样、标准物质、方法比对等手段监控数据质量；（3）具备根据样品类型和检测需求，选择、建立和验证分析方法的能力。
 查看全部",CSS / React / Python / PMP / Go / HTML / jQuery / UG / AI,矿产开采,https://www.liepin.com/job/1982293127.shtml
202,猎聘,能源/化工/环保,矿物加工,矿业开采项目负责人,猎头,广州鑫丰润能源,100-499人,广州-天河区,广州-天河区,广州-天河区,30-50k,本科,10年以上,20260609090338,提供食宿 / 年终奖金 / 选矿 / 年终奖 / 优秀员工奖 / 全勤奖 / 13薪 / 15薪 / 公司规模大 / 五险 / 采矿 / 定期体检 / 年度旅游 / 期权,"】
一、矿山全周期管理（勘探+开采+选冶）
1、资源勘探与评估：
--主导地质勘探方案制定，监督钻探、坑探、物化探工作，提交符合JORC或国内规范的资源量/储量报告。
--对拟收购或合作的矿权进行技术尽调，评估开采价值、风险及经济可采性。
2、矿山设计与建设：
--组织编制可行性研究（可研）、初步设计、安全设施设计。
--负责采矿方法选择（露天/地下）、开拓系统、通风排水、充填系统等设计审核。
--统筹选矿厂工艺设计（破碎、磨矿、浮选/重选/氰化等），针对金矿及有色金属矿制定回收率方案。
--管理矿山基建工程（井巷工程、尾矿库、排土场、环保设施），控制工期与预算。
3、开采运营管理：
--全面负责矿山日常生产调度，确保采矿、出矿、选矿处理量达标，矿石品位稳定。
--监控采矿损失率、贫化率、选矿回收率、设备利用率等核心KPI。
--管理爆破、支护、运输、提升等作业安全，落实顶板管理、通风、防突、防尘等措施。
--统筹设备选型、维护及备件管理（凿岩台车、铲运机、矿卡、破碎机、球磨机、浮选机等）。
二、安全管理与合规
1、严格履行安全生产第一责任人职责，建立双重预防机制，杜绝重大事故。
2、落实矿山“三同时”、安全生产许可证、排污许可证等法定要求。
3、应对应急管理、自然资源、生态环境等部门的检查，确保合规运营。
三、财务与成本控制
1、编制年度开采计划、成本预算（采矿成本、选矿成本、管理成本），实现吨矿成本控制在行业平均水平以下。
2、监控金属价格波动（金、铜、铅、锌等），配合销售团队制定精矿或金锭销售策略。
3、参与融资方案设计（如矿山开发贷、设备融资租赁），配合完成银行贷款及贷后管理。
四、团队与外部关系
1、组建并管理采矿、地质、测量、选矿、安全、机电等专业团队（50-200人）。
2、维护地方政府（自然资源、应急、环保、公安、税务）、村社关系，处理涉矿纠纷。
3、管理外协单位（爆破公司、运输车队、尾矿库运营方等）。
【","】
一、基本条件
1、本科及以上学历，采矿工程、矿物加工工程、地质工程、安全工程等相关专业，硕士/高级工程师优先。
2、年龄38-55岁，能常驻矿山（一般山区），适应井下或高海拔作业环境。
二、专业技术能力
1、采矿技术：
--精通地下开采（如留矿法、崩落法、充填法）或露天开采工艺。
--熟悉矿山开拓运输系统、通风网络、排水系统设计及优化。
--掌握三维矿业软件（如3Dmine、Surpac、Datamine）及爆破设计软件。
2、选矿技术：
--熟悉有色金属（铜、铅、锌、钨、锡等）及金矿的选矿工艺（浮选、重选、氰化、炭浆法等）。
--能根据矿石性质调整药剂制度，提高回收率及精矿品位。
--地质经验：具备地质建模、储量估算、品位控制（圈矿、取样）能力。
三、运营管理经验
1、10年以上矿业行业经验，其中至少5年以上担任矿山总经理/矿长/项目负责人。
2、成功主导过2个以上、年产矿石30万吨以上或金金属量1吨/年的矿山从建设到达产全流程。
3、有有色金属矿+金矿复合经验者优先（例如：金铜矿、铅锌银矿）。
4、熟悉尾矿库管理、充填系统、数字化矿山建设者加分。
四、综合能力
1、极强的安全意识和风险管控能力，无重大安全责任事故记录。
2、成本控制能力强，熟悉矿山经济评价（NPV、IRR、吨矿成本分析）。
3、善于处理复杂的地方关系（征地、搬迁、社区矛盾）。
4、适应民营企业管理风格，能长期驻矿，具备创业精神和执行力。
五、【加分项】
1、持有注册矿业工程师、注册安全工程师、矿长安全资格证。
2、有海外矿业项目经验（如非洲、中亚金矿）或熟悉国际矿业标准。
3、具备绿色矿山、智慧矿山建设成功案例。
4、熟悉矿产品套期保值、黄金交易或精矿销售渠道。
【公司提供】
高弹性薪酬：固定薪资+产量/利润分成+矿权期权。
工作地点：根据项目所在地（国内主要成矿带，如云南、贵州、湖南、江西、内蒙古、新疆等）
 查看全部",CSS / React / PMP / Go / HTML / jQuery / UG / AI,贸易/进出口,https://www.liepin.com/job/1981905661.shtml
203,猎聘,能源/化工/环保,矿物加工,资深采购工程师（锂矿）,猎头,海辰储能,5000-10000人,深圳-龙华区,深圳-龙华区,深圳-龙华区,22-30k·14薪,统招本科,5年以上,20260610163626,发展空间大 / 16薪 / 年终奖金 / 带薪年假 / 绩效奖金 / 餐费补贴 / 年终奖 / 优秀员工奖 / 五险一金 / 13薪 / 15薪 / 公司规模大 / 五险 / 免费班车 / 班车 / 14薪 / 提供住宿,"1. 协助制定并落地锂矿采购战略及计划，确保原料稳定、品质达标、成本可控；
2. 协助开发优质锂矿供应商，建立供应商库，开展绩效评估，优化供应结构；
3. 协助主导采购商务谈判，签订合同并跟进履约，处理合同相关纠纷；
4. 跟踪锂矿市场动态，协助建立价格预警与成本监控机制，优化采购成本；识别供应链风险，制定缓解预案，运用期货套保等金融工具开展风险对冲操作；
5. 跟踪采购订单全流程，协调物流、报关等环节，配合质检处理异常，保障到货时效与品质；
6. 协同相关部门，建立采购台账、分析采购数据，提出流程优化建议。
二、","（一）学历与专业
矿物加工、冶金、供应链管理等相关专业；英语流利者优先。
（二）工作经验
5年以上大宗商品/锂矿采购经验，3年以上专注锂矿采购；熟悉锂矿资源分布，有供应商资源及战略采购案例，锂电池行业、国际采购经验者优先。
（三）专业技能
1. 精通锂矿产品知识及品质标准，匹配锂电池生产需求。
2. 具备出色的商务谈判、成本测算与控制能力。
3. 敏锐的市场洞察力与风险管控能力，熟练运用期货套保等供应链金融工具者优先。
4. 熟练使用ERP系统，具备基础数据统计分析能力。
5. 熟悉采购流程与相关法规，能独立完成采购全流程。
（四）综合素质
1. 结果导向，能承受工作压力，适应行业快速变化。
2. 诚信正直，无不良从业记录，具备良好职业道德。
3. 沟通协调、跨部门协作及问题解决能力强。
4. 严谨负责，有成本、风险意识及团队精神，能适应国内外出差。
 查看全部",沟通协调 / CSS / 英语 / React / PMP / Go / HTML / jQuery / UG / AI,新能源,https://www.liepin.com/job/1983039469.shtml
204,猎聘,能源/化工/环保,矿物加工,矿产浮选药剂研发工程师,猎头,安美科技,500-999人,东莞-松山湖,东莞-松山湖,东莞-松山湖,15-20k,本科,5年以上,20260511161710,16薪 / 13薪 / 14薪,"：
1、负责新型浮选药剂（捕收剂、起泡剂或调整剂）的分子设计、有机合成、复配改性及配方优化，以满足特定矿石的选别需求。
2、开展药剂的结构表征、性能评价及实验室小试浮选试验（如使用挂槽浮选机），分析精矿品位、回收率等关键指标，并输出实验报告。
3、协同生产或中试部门，解决药剂从实验室放大到工业化生产过程中的工艺、收率及质量控制问题，确保产品稳定性。
4、跟踪国内外浮选药剂技术动态，针对难选矿种（如锂矿、复杂多金属矿、氧化矿）进行技术调研，提出研发立项建议并推动实施。
5、为销售团队和矿山客户提供技术支持，包括现场药剂制度调试、选矿流程诊断、故障排查及技术培训，解决客户端实际应用问题","1、本科及以上学历，有机化学、应用化学、精细化工、矿物加工工程或表面化学等相关专业。
2、5年及以上浮选药剂合成或选矿药剂研发经验，有独立的药剂产品开发成功案例（如新型硫化矿捕收剂、锂矿特效药剂等）。
3、熟悉浮选基本原理及各类药剂（捕收剂、起泡剂、调整剂）的作用机理；能熟练操作浮选机、接触角测量仪、Zeta电位仪等选矿或表面分析设备者优先。
4、具备较强的有机合成实验技能与路线设计能力，或具备扎实的矿物加工/表面化学理论基础，能将矿石性质与药剂分子结构进行关联设计。
5、具备良好的数据分析（Origin、Excel等）和报告撰写能力；能适应短期到矿山选厂出差（中试或现场调试）；有专利撰写经验者优先。
 查看全部",CSS / React / PMP / 数据分析 / Go / HTML / jQuery / UG / AI / Excel,化工,https://www.liepin.com/job/1982430273.shtml
205,猎聘,能源/化工/环保,矿物加工,选矿工程师(J10763),猎头,贝特瑞集团,10000人以上,深圳-坪山区,深圳-坪山区,深圳-坪山区,18-28k,硕士,3年以上,20260602161620,发展空间大 / 16薪 / 年终奖金 / 带薪年假 / 绩效奖金 / 股票期权 / 餐费补贴 / 年终奖 / 期权 / 五险一金 / 13薪 / 五险 / 定期体检 / 14薪 / 提供住宿,"：
1、选矿工艺设计与优化：负责微晶石墨选矿全流程工艺设计、试验与方案编制，包括破碎、磨矿、浮选、脱水、干燥、磨粉、分级等环节。根据微晶石墨的矿物学特性，设计并优化多段磨矿、多段浮选等流程，提升精矿品位与回收率。
2、浮选技术与药剂管理：负责浮选工艺的优化，针对微晶石墨与脉石矿物（石英、高岭土、云母等）的分离难点，设计并优化浮选药剂制度（捕收剂、起泡剂、抑制剂等的种类与用量），制定加药标准，确保药剂成本与回收率的平衡。对尾矿进行成分分析和综合利用研究。
3、生产管理与过程监控：指导选矿厂的日常生产操作，监督破碎、磨矿、浮选、脱水等全流程运行情况。监控关键工艺指标，分析生产数据，及时解决生产过程中的技术难题，保障生产线稳定达标运行。
4、技术攻关与提纯研究：组织或参与微晶石墨提纯技术攻关项目，探索化学提纯、高温提纯等深度提纯技术路线，为后续高纯石墨、高端负极材料等应用方向储备技术能力。
5、项目管理与项目建设：参与选矿相关项目的管理，包括工艺改造、技术升级、工程建设的方案论证、设计与审查。能够指导或支持选矿厂的筹建、扩建或技术改造工作，从技术角度提出优化建议，确保项目技术可行性。
6、知识产权与标准化：负责选矿工艺相关专利的申请撰写与布局，参与行业标准及企业标准的制定。对研发成果、工艺流程创新及时进行知识产权保护，并关注竞争对手的专利动态，规避侵权风险。
7、团队管理与跨部门协作：参与团队管理与培训，指导技术员和操作工人提升技能；与研发、生产、安环等部门密切沟通，协调解决技术问题；参与选矿厂技术改造项目的立项调研与方案审查。","1、学历专业：硕士及以上学历，矿物加工工程、选矿工程或相关专业。
工作经验：博士或者硕士3年以上选矿厂（尤其是石墨矿选矿）现场工作经验，熟悉浮选工艺流程及设备配置。具有微晶石墨选矿或有色金属矿选矿经验者优先。
2、核心知识与技能：
矿物学知识：熟悉微晶石墨（隐晶质石墨）的晶体结构特性、脉石矿物组成及矿石可选性评价方法，能根据矿石性质判断分选难易程度；
工艺理解：深入理解多段磨矿多段浮选、阶段磨矿阶段选别等典型石墨选矿工艺流程及原理，理解磨矿细度、浮选浓度、药剂制度等对选矿指标的影响；
设备知识：熟悉选矿核心设备（破碎机、球磨机、分级机、浮选机、脱水设备、干燥设备等）的工作原理及维护要点，能处理常见工艺异常；
3、数据分析能力：具备较强的数据分析与汇总能力，能熟练使用常用工艺绘图软件（如AutoCAD）及数据统计分析工具；
4、管理与协调能力：具备良好的沟通协调能力、团队合作精神和项目管理意识。
5、综合素质：具备良好的逻辑思维与分析能力，能对工艺问题提出建设性意见；能够深入一线，具备较强的动手能力和解决突发问题的能力；具备较强的工作责任心和严谨求实的工作态度。
 查看全部",沟通协调 / CSS / 项目管理 / 团队管理 / React / CAD / PMP / AutoCAD / 数据分析 / Go / HTML / jQuery / UG / AI,新能源,https://www.liepin.com/job/1983077397.shtml
206,猎聘,能源/化工/环保,矿物加工,生产管理员,猎头,中宬矿业,1-49人,深圳-南山区,深圳-南山区,深圳-南山区,15-20k,本科,5年以上,20260529161226,13薪 / 14薪 / 15薪 / 饮料,"1.负责贯彻落实公司生产运营管理体系，对海外各战区、矿山项目生产计划、作业标准、工艺纪律、安全环保、设备运行、成本控制进行全流程监督、核查与纠偏。
2.依据年度经营目标，跟踪核查各单位产量、原矿处理量、精矿品位、金属回收率、贫化率、损失率、设备运转率、综合能耗等核心技术经济指标，形成督查台账与预警机制。
3.深入采矿场、选矿厂、尾矿库、机电车间等现场开展督查工作，识别生产瓶颈、管理漏洞、违规作业、隐患风险，下达整改通知书并跟踪闭环验证。
4.参与重大生产异常、设备故障、工艺波动、质量事故的调查分析，督促责任单位制定纠正预防措施并监督落地。
5.监督各项目生产现场标准化作业、5S 管理、文明生产、班组建设、劳动纪律执行情况。
6.参与技改项目、降本增效项目、工艺优化项目实施过程的监督与效果评估。
7.定期编制生产督查周报、月报、专项报告，向总部管理层汇报，提出系统性改进建议。
8.配合内部审计、合规检查、外部审核，提供生产运营相关数据、记录、证明材料。
9.推动总部各项生产管理制度、操作规程、作业标准在海外项目有效落地执行。","1.本科及以上学历，采矿工程、矿物加工工程、安全工程、机械电子工程、矿业工程等相关专业。
2.5年及以上大型矿山企业生产管理、生产调度、生产督查或现场管理经验，有海外矿业项目工作经历优先。
3.精通露天 / 地下矿山开采工艺、选矿全流程、生产计划编制、现场管控要点、成本构成逻辑。
4.熟悉矿山安全标准化、环保合规、设备管理、能源管理、质量管理体系。
5.具备较强的现场判断能力、问题分析能力、整改推动能力、文字报告能力。
6.坚持原则、作风严谨、沟通协调能力强，能接受不定期海外出差与现场驻查。
7.具备一定英语或俄语基础者优先。
 查看全部",沟通协调 / CSS / 项目管理 / 英语 / React / PMP / Go / HTML / jQuery / UG / AI,矿产开采,https://www.liepin.com/job/1982989661.shtml
207,猎聘,能源/化工/环保,矿物加工,生产督查员,猎头,中宬矿业,1-49人,深圳-南山区,深圳-南山区,深圳-南山区,15-20k,本科,5年以上,20260527162404,13薪 / 14薪 / 15薪,"1.负责贯彻落实公司生产运营管理体系，对海外各战区、矿山项目生产计划、作业标准、工艺纪律、安全环保、设备运行、成本控制进行全流程监督、核查与纠偏。
2.依据年度经营目标，跟踪核查各单位产量、原矿处理量、精矿品位、金属回收率、贫化率、损失率、设备运转率、综合能耗等核心技术经济指标，形成督查台账与预警机制。
3.深入采矿场、选矿厂、尾矿库、机电车间等现场开展督查工作，识别生产瓶颈、管理漏洞、违规作业、隐患风险，下达整改通知书并跟踪闭环验证。
4.参与重大生产异常、设备故障、工艺波动、质量事故的调查分析，督促责任单位制定纠正预防措施并监督落地。
5.监督各项目生产现场标准化作业、5S 管理、文明生产、班组建设、劳动纪律执行情况。
6.参与技改项目、降本增效项目、工艺优化项目实施过程的监督与效果评估。
7.定期编制生产督查周报、月报、专项报告，向总部管理层汇报，提出系统性改进建议。
8.配合内部审计、合规检查、外部审核，提供生产运营相关数据、记录、证明材料。
9.推动总部各项生产管理制度、操作规程、作业标准在海外项目有效落地执行。","1.本科及以上学历，采矿工程、矿物加工工程、安全工程、机械电子工程、矿业工程等相关专业。
2.5年及以上大型矿山企业生产管理、生产调度、生产督查或现场管理经验，有海外矿业项目工作经历优先。
3.精通露天 / 地下矿山开采工艺、选矿全流程、生产计划编制、现场管控要点、成本构成逻辑。
4.熟悉矿山安全标准化、环保合规、设备管理、能源管理、质量管理体系。
5.具备较强的现场判断能力、问题分析能力、整改推动能力、文字报告能力。
6.坚持原则、作风严谨、沟通协调能力强，能接受不定期海外出差与现场驻查。
7.具备一定英语或俄语基础者优先。
 查看全部",沟通协调 / CSS / 项目管理 / 英语 / React / PMP / Go / HTML / jQuery / UG / AI,矿产开采,https://www.liepin.com/job/1982919743.shtml
208,猎聘,能源/化工/环保,矿物加工,生产部-生产督查岗（生产管理员）,猎头,中宬矿业,1-49人,深圳-南山区,深圳-南山区,深圳-南山区,15-20k,统招本科,5年以上,20260515104540,16薪 / 团队聚餐 / 领导好 / 优秀员工奖 / 五险一金 / 13薪 / 15薪 / 五险 / 聚餐 / 14薪,"1.负责贯彻落实公司生产运营管理体系，对海外各战区、矿山项目生产计划、作业标准、工艺纪律、安全环保、设备运行、成本控制进行全流程监督、核查与纠偏。
2.依据年度经营目标，跟踪核查各单位产量、原矿处理量、精矿品位、金属回收率、贫化率、损失率、设备运转率、综合能耗等核心技术经济指标，形成督查台账与预警机制。","3.深入采矿场、选矿厂、尾矿库、机电车间等现场开展督查工作，识别生产瓶颈、管理漏洞、违规作业、隐患风险，下达整改通知书并跟踪闭环验证。
4.参与重大生产异常、设备故障、工艺波动、质量事故的调查分析，督促责任单位制定纠正预防措施并监督落地。
5.监督各项目生产现场标准化作业、5S 管理、文明生产、班组建设、劳动纪律执行情况。
6.参与技改项目、降本增效项目、工艺优化项目实施过程的监督与效果评估。
7.定期编制生产督查周报、月报、专项报告，向总部管理层汇报，提出系统性改进建议。
8.配合内部审计、合规检查、外部审核，提供生产运营相关数据、记录、证明材料。
9.推动总部各项生产管理制度、操作规程、作业标准在海外项目有效落地执行。
1.本科及以上学历，年龄35岁内，采矿工程、矿物加工工程、安全工程、机械电子工程、矿业工程等相关专业。
2.5年及以上大型矿山企业生产管理、生产调度、生产督查或现场管理经验，有海外矿业项目工作经历优先。
3.精通露天 / 地下矿山开采工艺、选矿全流程、生产计划编制、现场管控要点、成本构成逻辑。
4.熟悉矿山安全标准化、环保合规、设备管理、能源管理、质量管理体系。
5.具备较强的现场判断能力、问题分析能力、整改推动能力、文字报告能力。
6.坚持原则、作风严谨、沟通协调能力强，能接受不定期海外出差与现场驻查。
7.具备一定英语或俄语基础者优先。
 查看全部",沟通协调 / CSS / 项目管理 / 英语 / React / PMP / Go / HTML / jQuery / UG / AI,矿产开采,https://www.liepin.com/job/1982539009.shtml
209,猎聘,能源/化工/环保,矿物加工,矿产/有色金属检测事业部负责人,猎头,微谱,1000-2000人,广州-黄埔区,广州-黄埔区,广州-黄埔区,30-50k·13薪,本科,5年以上,20260610092503,发展空间大 / 团队聚餐 / 节日礼物 / 绩效奖金 / 技能培训 / 五险一金 / 13薪 / 15薪 / 五险 / 免费班车 / 购房津贴 / 年度旅游 / 聚餐 / 班车 / 岗位晋升,"】
- 负责矿产检测事业部的全面运营管理，制定并实施部门发展战略和年度计划；
- 组织开展矿产采样、实验室分析及检测工作，确保检测数据的准确性与合规性；
- 建立并优化检测流程与质量管理体系，提升检测效率与客户满意度；
- 领导销售团队拓展矿产及有色金属检测业务，完成业绩目标。
【","】
- 本科及以上学历，矿物加工、地质、化学等相关专业背景；
- 5年以上矿产检测相关工作经验，具备第三方检测机构或实验室管理经验者/营销团队管理者优先；
- 熟悉矿产采样、检测流程及行业标准，有销售团队管理经验者优先考虑；
- 具备较强的统筹协调能力、沟通能力和抗压能力，能够带领团队达成目标。
 查看全部",CSS / 团队管理 / React / PMP / 算法 / Go / HTML / jQuery / UG / AI,检测/认证,https://www.liepin.com/job/1977019941.shtml
210,猎聘,能源/化工/环保,矿物加工,选矿技术工程师,猎头,天高集团,2000-5000人,河源-紫金县,河源-紫金县,河源-紫金县,薪资面议,本科,10年以上,20251014143744,16薪 / 年终奖金 / 带薪年假 / 绩效奖金 / 领导好 / 年终奖 / 18薪 / 13薪 / 通讯津贴 / 岗位晋升 / 14薪,"1、生产工艺管理：优化选矿工艺流程参数、监控生产过程关键指标、制定工艺改进方案
2、设备运行维护：巡检维护选矿设备状态、协调设备维修保养计划、处理设备突发故障
3、质量控制监督：分析矿石品位波动原因、制定质量控制标准、监督产品质量达标情况
4、技术改进创新：调研应用新技术工艺、参与选矿试验研究、撰写技术改进报告
5、安全环保管理：执行安全生产操作规程、监督环保设施运行、组织安全培训演练
二、","1、本科及以上学历，矿物加工工程、矿业工程或机械工程、机械设计制造及其自动化及机械电子工程等相关专业；
2、掌握矿物加工原理知识、熟悉选矿方法及设备特性、了解行业技术发展动态，具有10年左右相关工作经验；
3、熟练操作选矿设备及控制系统、调试设备运行参数及评估设备性能效率；
4、具备生产数据分析及分析报告编写和生产工艺技术问题解决能力；
5、熟练掌握本专业工作软件，具备独立完成工艺计算和三维绘图能力；
6、具备良好的吃苦耐劳和团队协作精神，爱学习钻研。
 查看全部",CSS / React / PMP / 数据分析 / Go / HTML / jQuery / UG / AI,其他行业,https://www.liepin.com/job/1977749389.shtml
211,猎聘,能源/化工/环保,矿物加工,研发工程师（矿产浮选药剂）,猎头,安美科技,500-999人,广东省,东莞,东莞,15-25k,统招本科,5年以上,20260521154239,年终奖金 / 带薪年假 / 绩效奖金 / 节日礼物 / 年终奖 / 优秀员工奖 / 技能培训 / 五险一金 / 五险 / 提供住宿,"：
一、负责新型浮选药剂（捕收剂、起泡剂或调整剂）的分子设计、有机合成、复配改性及配方优化，以满足特定矿石的选别需求。
二、开展药剂的结构表征、性能评价及实验室小试浮选试验（如使用挂槽浮选机），分析精矿品位、回收率等关键指标，并输出实验报告。
三、协同生产或中试部门，解决药剂从实验室放大到工业化生产过程中的工艺、收率及质量控制问题，确保产品稳定性。
四、跟踪国内外浮选药剂技术动态，针对难选矿种（如锂矿、复杂多金属矿、氧化矿）进行技术调研，提出研发立项建议并推动实施。
吴、为销售团队和矿山客户提供技术支持，包括现场药剂制度调试、选矿流程诊断、故障排查及技术培训，解决客户端实际应用问题","一、本科及以上学历，有机化学、应用化学、精细化工、矿物加工工程或表面化学等相关专业。
二、5年及以上浮选药剂合成或选矿药剂研发经验，有独立的药剂产品开发成功案例（如新型硫化矿捕收剂、锂矿特效药剂等）。
三、熟悉浮选基本原理及各类药剂（捕收剂、起泡剂、调整剂）的作用机理；能熟练操作浮选机、接触角测量仪、Zeta电位仪等选矿或表面分析设备者优先。
四、具备较强的有机合成实验技能与路线设计能力，或具备扎实的矿物加工/表面化学理论基础，能将矿石性质与药剂分子结构进行关联设计。
五、具备良好的数据分析（Origin、Excel等）和报告撰写能力；能适应短期到矿山选厂出差（中试或现场调试）；有专利撰写经验者优先。
 查看全部",CSS / React / PMP / 数据分析 / Go / HTML / jQuery / UG / AI / Excel,化工,https://www.liepin.com/job/1982744235.shtml
212,猎聘,能源/化工/环保,矿物加工,矿山设备采购经理（英语口语流利）,猎头,淘珀贸易(深圳)有限公司,5000-10000人,深圳-宝安区,深圳-宝安区,深圳-宝安区,12-14k,本科,1-3年,20260509084741,16薪 / 五险一金 / 13薪 / 15薪 / 五险 / 双休 / 咖啡 / 14薪 / 六险,"采购代表（中国）– 矿山、洗选及移动设备
地点： 中国
职位目标
负责从中国为乌克兰项目采购并供应矿山及加工设备、砂石洗选设备、移动采石场机械，以及备件和耗材，并进行供应链控制。
主要职责
• 寻找以下设备制造商：
破碎与筛分设备
砂石洗选设备（砂、筛分料）
移动采石场机械
备件与耗材
• 进行商务谈判，争取最佳商业条款
• 监督生产并进行工厂检查
• 发货前质量控制
• 合同及交付管理
• 处理索赔与争议
• 向乌克兰办公室汇报","• 必须具备矿山 / 矿物加工行业经验（强制要求）
• 熟悉以下领域：
破碎与筛分设备
砂石洗选工艺（洗选、脱水、分级）
移动设备（自卸车、装载机、挖掘机等）
备件与易损件（衬板、耐磨板、筛网、滚筒、轴承等）
• 有与中国制造商合作经验
• 中文和/或英文能力
• 愿意在中国各地出差
核心能力
• 谈判能力
• 设备及零部件技术评估能力
• 质量控制能力
• 快速决策能力
KPI（绩效指标）
• 成本节约
• 准时交付率
• 低索赔 / 低拒收率
重要指导原则
• 付款前必须完成供应商验证
• 必须进行生产与发货全程控制
• 每个订单需提供照片/视频报告
• 所有关键决策必须与乌克兰团队保持一致
Job Description
Procurement Representative (China) – Mining, Washing & Mobile Equipment
Location: China
Position Objective
Procurement and supply control of mining & processing equipment, sand washing equipment, mobile quarry machinery, as well as spare parts and consumables from China for projects in Ukraine.
Key Responsibilities
• Sourcing manufacturers of: 
o crushing & screening equipment 
o sand washing equipment (sand, screenings) 
o mobile quarry machinery 
o spare parts and consumables 
• Conducting negotiations and securing best commercial terms 
• Monitoring production and performing factory inspections 
• Quality control before shipment 
• Contract and delivery management 
• Handling claims and disputes 
• Reporting to the Ukraine office 
Key Requirements
• Proven experience in mining / mineral processing industry (mandatory) 
• Strong understanding of: 
o crushing & screening equipment 
o sand washing processes (washing, dewatering, classification) 
o mobile equipment (dump trucks, loaders, excavators, etc.) 
o spare parts & wear parts (liners, wear plates, screens, rollers, bearings, etc.) 
• Experience working with Chinese manufacturers 
• Chinese and/or English language 
• Willingness to travel across China 
Key Skills
• Negotiation 
• Technical evaluation of equipment and parts 
• Quality control 
• Fast decision-making 
KPI
• Cost savings 
• On-time delivery 
• Low claim/rejection rate 
Important (Guidelines)
• Supplier verification before any payment is mandatory 
• Production and shipment control is required 
• Photo/video reports for each order 
• All key decisions must be aligned with Ukraine
 查看全部",CSS / 英语 / React / PMP / Go / HTML / jQuery / UG / AI,贸易/进出口,https://www.liepin.com/job/1982367519.shtml
213,猎聘,能源/化工/环保,矿物加工,选厂副厂长,猎头,河南发恩德矿业有限公司,1000-2000人,广东省,云浮,云浮,12-15k·14薪,本科,10年以上,20260524144613,16薪 / 包住 / 绩效奖金 / 五险一金 / 13薪 / 包吃 / 六险一金 / 五险 / 定期体检 / 健身房 / 健康体检 / 14薪 / 六险,"：
1. 参与编制公司中长期生产计划和规划，编制并执行完成公司下达的生产任务。
2. 配合厂长开展工作，负责选厂的生产和技术管理，协调各部门关系，确保生产顺利进行。不断优化选矿工艺和设备，降低选矿成本，提高选矿回收率。
4. 制订并完善选矿技术操作规程及各项规章制度，开展培训，并监督执行。
5. 组织开展生产、技术经济分析会议，及时发现问题，提供改进措施和方法，并推进解决。
6. 落实、监督选矿生产中的安全、职业健康、环保规章制度，确保安全健康环保生产。
7. 通过工作指导、培训、绩效考核等，培养、带领团队高效开展工作。","1．本科以上学历，选矿工程、矿物加工工程专业，中级以上职称。
2．10年以上有色金属行业选矿厂工作经验（金、银、铅、锌、铜等），其中3年以上管理岗位经验。
3．精通选矿厂生产管理、工艺流程、设备管理、操作规程、人员管理。
4．熟悉国家采选冶行业的法律法规和标准。
5．具有良好的职业操守和责任心，具有良好的沟通协调能力及团队协作精神。
福利
1. 矿区实行集中休假制，可根据工作和生活需要灵活休假；公司每年报销4次左右来回路费。
2. 公司为员工购买六险一金，每年一次定期健康体检；公司配备篮球场、羽毛球场、乒乓球室、健身房等康乐场所可满足员工日常健身、娱乐需求。
3. 公司机关和各矿区都有员工食堂，专业的厨师为员工提供科学营养的一日三餐，公司会为员工提供宽敞明亮的员工宿舍，空调、暖气、洗衣机、WiFi等设施一应俱全。
 查看全部",沟通协调 / CSS / 项目管理 / React / PMP / Go / HTML / jQuery / UG / AI,矿产开采,https://www.liepin.com/job/1957469677.shtml
214,猎聘,能源/化工/环保,矿物加工,管培生-冶金方向,猎头,深圳亿特控股(集团)有限公司,2000-5000人,深圳-福田区,深圳-福田区,深圳-福田区,8-10k,本科,经验不限,20260608103529,管理规范 / 发展空间大 / 领导好 / 五险一金 / 13薪 / 管理培训 / 六险一金 / 五险 / 双休 / 咖啡 / 14薪 / 六险,"：
1. 根据公司发展战略和个人兴趣、特长，进行定向培养，轮岗涉及供应链、企业管理、行政管理、财务管理和人力资源管理等方向；
2. 深入学习各业务流程，分析业务运作，识别并推动流程优化；
3. 支持跨部门项目，参与重要业务会议及活动，并在实际工作中不断提升专业技能；
4. 作为未来管理团队的后备力量，通过系统培训、项目管理、跨部门合作等多方位培养，快速成长为公司的中坚力量。","1. 本科及以上学历，冶金、矿物加工工程等相关的应届毕业生（或毕业两年内毕业生）；
2. 优秀的沟通表达能力，较强的团队协作意识与学习能力；
3. 较强的分析和解决问题的能力，具备一定的商业敏锐度；
4. 积极主动，乐于接受挑战，适应快速变化的工作环境；
5. 对有色金属矿业企业相关业务有浓厚兴趣，有相关实习或项目经验者优先。
 查看全部",CSS / 项目管理 / React / CAD / PMP / Go / HTML / jQuery / UG / AI,新能源,https://www.liepin.com/job/1973176753.shtml
215,猎聘,能源/化工/环保,矿物加工,工程师（砂矿选矿/提纯）,猎头,旗滨集团,10000人以上,深圳-宝安区,深圳-宝安区,深圳-宝安区,15-18k,本科,5-10年,20260320111643,团队聚餐 / 年终奖金 / 带薪年假 / 绩效奖金 / 年终奖 / 五险一金 / 13薪 / 五险 / 聚餐 / 六险,"】
- 负责矿石选矿工艺的设计与优化，提升资源回收率和产品质量；
- 参与选矿流程的实验研究及数据分析，提出改进方案；
- 协助制定和执行提纯工艺标准，确保生产过程符合环保和安全要求；
- 与生产、技术团队协作，解决实际生产中的技术问题。
【","】
- 本科及以上学历，矿物加工、冶金工程、化学工程等相关专业；
- 对选矿、提纯工艺有一定了解，具备良好的分析能力和学习能力；
- 具备较强的责任心和团队合作精神，能适应现场工作环境；
 查看全部",CSS / React / PMP / 数据分析 / Go / HTML / jQuery / UG / AI,建材,https://www.liepin.com/job/1980917777.shtml
216,猎聘,能源/化工/环保,矿物加工,生产经理（砂矿）,猎头,旗滨集团,10000人以上,深圳-宝安区,深圳-宝安区,深圳-宝安区,20-35k,本科,5-10年,20260313165136,团队聚餐 / 年终奖金 / 带薪年假 / 绩效奖金 / 年终奖 / 五险一金 / 13薪 / 15薪 / 五险 / 聚餐 / 14薪,"：
1.全面负责砂矿公司的生产和运营，熟悉选矿生产工艺，掌握生产过程中质量指标各控制点及其控制方式；
2.根据生产安排，合理分配工作、组织各班组人员有序进行生产，生产过程中发生故障时正确指挥及时处理并向上报告；
3.负责监督指导各班组人员按照作业指导书进行操作，确保生产稳定、顺畅、力争做到产能和质量同步控制，严格控制物耗和能耗，认真做好各类设备运行技术参数的搜索、汇总；
4.严格遵守安全规定，监督各班组人员安全生产情况，及时排除生产过程中的安全隐患，避免人身、设备安全事故的发生等工作；
5.积极学习选矿生产技术和管理知识，及时对各班组人员进行理论培训。","1.本科及以上学历，矿物加工、采矿工程、矿物资源等相关专业；
2.良好的团队协作能力、计划执行能力；
3.认同公司管理理念，掌握矿产管理、生产理论知识。
 查看全部",Git / CSS / React / PMP / Go / HTML / jQuery / UG / AI,建材,https://www.liepin.com/job/1980917527.shtml
217,猎聘,能源/化工/环保,矿物加工,冶金工程师（储备干部）,猎头,深圳亿特控股(集团)有限公司,2000-5000人,深圳-福田区,深圳-福田区,深圳-福田区,14-20k,统招本科,经验不限,20260211113001,管理规范 / 发展空间大 / 13薪 / 领导好,"1、负责协助车间主任进行生产管理；
2、制订生产计划及协助组织召开会议；
3、参与研究新的工艺工法，提高生产效率。
4、上级领导安排的其它工作。
（公司为铜钴湿法冶炼工艺）
要求：统招本科及以上学历，矿物加工、冶金或相关专业，
 全日制院校毕业；
 身体健康，具有吃苦耐劳的品质。
 查看全部","2. 如您应聘的岗位属于涉外劳务合作/海外岗位的，请务必核实招聘方对外劳务合作资质取得情况，同时注意自身资金安全，防范招聘欺诈。
 3. 本平台招聘方不向求职者提供任何收费服务。
 查看全部
 相关推荐
 展开
 深圳冶金建材行业招聘
 深圳冶金工程设计师招聘
 深圳冶金环保规划工程师招聘
 深圳金属粉末冶金工程师招聘
 深圳湿法冶炼工程师招聘
 深圳冶金工程师助理招聘
 深圳镍铁工艺工程师招聘
 深圳有色冶金工程师招聘
 深圳驻非冶金工程师招聘
 深圳工艺模拟工程师招聘
 深圳烧结工艺工程师招聘
 深圳有色冶炼工程师招聘
 深圳冶金能源类管培生招聘
 深圳冶金设备工程师招聘
 深圳钢铁冶金工程设计师招聘
 深圳工艺设计主任工程师招聘
 深圳贵金属冶金工程师招聘
 深圳火法冶炼高级工程师招聘
 深圳火法冶金研发工程师招聘
 深圳金属硅冶炼工艺工程师招聘
 深圳冶金工程研究所副所长招聘
 深圳电池破碎拆解工程师招聘
 深圳高压浸出招聘
 深圳冶金专家招聘
 深圳钒资源工程师招聘
 深圳铜电解工程师招聘
 深圳炼焦工艺工程招聘
 深圳熔炼工艺工程师招聘
 深圳高炉炼铁工程师招聘
 深圳炼钢工艺工程师招聘
 相关公司
 中凝科技(湖北)有限公司
 深圳索日太阳能科技有限公司
 华为数字能源技术有限公司
 上海蔚建科技
 长虹三杰新能源有限公司
 深圳市诺祥电子有限公司
 合智数能
 九章云极
 北京爱社时代科技发展有限公司网站
 深圳市百熠科创有限公司
 深圳市氢蓝时代动力科技有限公司
 合壹新能(河源)技术有限公司
 优旦科技
 惠州市伟江实业有限公司
 瑞德丰精密
 国科动能新能源有限公司
 惠州TCL光伏科技有限公司
 车和运(深圳)供应链有限公司
 深圳市力莱电源科技有限公司
 深圳市格瑞普电池有限公司
 深圳清研电子科技有限公司
 远宽能源
 深圳新吾创材料有限公司
 超威正效销售
 京九电源
 深圳市特派科技有限公司
 深圳市朗泰通投资有限公司
 明冠新材
 热门城市
 北京招聘网
 上海招聘网
 广州招聘网
 厦门招聘网
 杭州招聘网
 郑州招聘网
 南京招聘网
 天津招聘网
 重庆招聘网
 成都招聘网
 苏州招聘网
 商丘招聘网
 大连招聘网
 济南招聘网
 宁波招聘网
 无锡招聘网
 青岛招聘网
 沈阳招聘网
 台州招聘网
 西安招聘网
 武汉招聘网
 热门招聘
 北京招聘信息
 上海招聘信息
 广州招聘信息
 厦门招聘信息
 杭州招聘信息
 郑州招聘信息
 南京招聘信息
 天津招聘信息
 重庆招聘信息
 成都招聘信息
 苏州招聘信息
 商丘招聘信息
 大连招聘信息
 济南招聘信息
 宁波招聘信息
 无锡招聘信息
 青岛招聘信息
 沈阳招聘信息
 台州招聘信息
 西安招聘信息
 武汉招聘信息
 深圳招聘网
 >
 深圳冶金工程师招聘
 >
 冶金工程师（储备干部）招聘
 收藏职位
 立即沟通
 立即应聘
 更新时间：2026-06-10",CSS / React / PMP / Go / HTML / jQuery / UG / AI,新能源,https://www.liepin.com/job/1957439887.shtml
218,猎聘,能源/化工/环保,矿物加工,销售经理（新能源或干法方向）,猎头,派勒科技集团有限公司,500-999人,广州-番禺区,广州-番禺区,广州-番禺区,8-15k,大专,3年以上,20260320143732,带薪年假 / 团队聚餐 / 绩效奖金 / 五险一金 / 13薪 / 15薪 / 五险 / 聚餐 / 岗位晋升 / 14薪,"：
1. 开拓新市场、挖掘新客户，做好老客户的跟踪维护工作；
2. 完成销售总监下达的各项销售任务指标；
3. 为客户提供相关的技术支持与服务；收集客户的信息反馈；
4. 负责向客户提供报价，拟定销售合同，跟踪项目的执行情况，及时收回货款；
5. 负责具体实施销售项目过程中的各项协调工作，及时向销售总监反馈项目的进程；
6. 定期汇报竞争对手信息以及行业市场动态；
7. 积极参与公司的市场宣传活动。","1、大专以上学历，机械、化工、材料、矿物加工、粉体工程等相关工科专业背景优先；
2、新能源方向：两年以上锂电行业前端生产设备销售经验，有研磨机销售经验或电池材料生产大客户销售经验优先；熟悉锂电行业现状及市场布局，有气流磨与粉体输送项目经验优先；
干法方向：5年以上工业设备B2B销售经验，其中至少3年以上干法粉体加工设备（气流磨、球磨、立磨、分级机等）、矿山机械或相关流程工业设备销售经验者优先；具备成功的大客户销售或系统项目销售案例，有从零开拓新行业市场经验者尤佳。
4、专注勤奋，积极进取，敢于挑战；
5、良好的职业素养和沟通能力，情商高，学习能力强；
6、精力充沛，适应不定期出差及应酬。
 查看全部",CSS / React / PMP / Go / HTML / jQuery / UG / AI,机械/设备,https://www.liepin.com/job/1979988443.shtml
219,猎聘,能源/化工/环保,矿物加工,选矿工程师（储备干部）,猎头,深圳亿特控股(集团)有限公司,2000-5000人,深圳-福田区,深圳-福田区,深圳-福田区,10-13k,统招本科,经验不限,20260211113006,管理规范 / 发展空间大 / 16薪 / 带薪年假 / 技能培训 / 13薪 / 公司规模大 / 岗位晋升 / 提供住宿,"1、负责协助车间主任进行生产管理；
2、制订生产计划及协助组织召开会议；
3、参与研究新的工艺工法，提高生产效率。
4、上级领导安排的其它工作。
要求：统招本科及以上学历，矿物加工及选矿相关专业，
 身体健康。能吃苦耐劳。
 查看全部","2. 如您应聘的岗位属于涉外劳务合作/海外岗位的，请务必核实招聘方对外劳务合作资质取得情况，同时注意自身资金安全，防范招聘欺诈。
 3. 本平台招聘方不向求职者提供任何收费服务。
 查看全部
 相关推荐
 展开
 深圳选矿工程师招聘
 深圳选矿助剂工程师招聘
 深圳探矿工程高级工程师招聘
 深圳海外选矿工艺工程师招聘
 深圳选矿厂工程师招聘
 深圳选矿工程师助理招聘
 深圳锂矿选矿工程师招聘
 深圳选矿药剂工程师招聘
 深圳矿山开发工程师招聘
 深圳选矿厂生产经理招聘
 深圳选矿工程师岗位招聘
 深圳金属矿选矿工程师招聘
 深圳洗选矿班长招聘
 深圳锰矿工程师招聘
 深圳选冶工程师招聘
 深圳选矿车间主管招聘
 深圳水力工程师招聘
 深圳砂石工艺工程师招聘
 深圳选煤设计工程师招聘
 深圳矿山技术工程师招聘
 深圳化工实验室工程师招聘
 深圳选矿设计招聘
 深圳洗选矿矿长招聘
 深圳选矿专家招聘
 深圳选矿设计师招聘
 深圳选矿主管招聘
 深圳通防工程师招聘
 深圳选矿厂经理招聘
 深圳技术科招聘
 深圳矿物选矿实验员招聘
 相关公司
 中凝科技(湖北)有限公司
 深圳索日太阳能科技有限公司
 华为数字能源技术有限公司
 上海蔚建科技
 长虹三杰新能源有限公司
 深圳市诺祥电子有限公司
 合智数能
 九章云极
 北京爱社时代科技发展有限公司网站
 深圳市百熠科创有限公司
 深圳市氢蓝时代动力科技有限公司
 合壹新能(河源)技术有限公司
 优旦科技
 惠州市伟江实业有限公司
 瑞德丰精密
 国科动能新能源有限公司
 惠州TCL光伏科技有限公司
 车和运(深圳)供应链有限公司
 深圳市力莱电源科技有限公司
 深圳市格瑞普电池有限公司
 深圳清研电子科技有限公司
 远宽能源
 深圳新吾创材料有限公司
 超威正效销售
 京九电源
 深圳市特派科技有限公司
 深圳市朗泰通投资有限公司
 明冠新材
 热门城市
 北京招聘网
 上海招聘网
 广州招聘网
 厦门招聘网
 杭州招聘网
 郑州招聘网
 南京招聘网
 天津招聘网
 重庆招聘网
 成都招聘网
 苏州招聘网
 商丘招聘网
 大连招聘网
 济南招聘网
 宁波招聘网
 无锡招聘网
 青岛招聘网
 沈阳招聘网
 台州招聘网
 西安招聘网
 武汉招聘网
 热门招聘
 北京招聘信息
 上海招聘信息
 广州招聘信息
 厦门招聘信息
 杭州招聘信息
 郑州招聘信息
 南京招聘信息
 天津招聘信息
 重庆招聘信息
 成都招聘信息
 苏州招聘信息
 商丘招聘信息
 大连招聘信息
 济南招聘信息
 宁波招聘信息
 无锡招聘信息
 青岛招聘信息
 沈阳招聘信息
 台州招聘信息
 西安招聘信息
 武汉招聘信息
 深圳招聘网
 >
 深圳选矿工程师招聘
 >
 选矿工程师（储备干部）招聘
 收藏职位
 立即沟通
 立即应聘
 更新时间：2026-06-10",CSS / React / PMP / Go / HTML / jQuery / UG / AI,新能源,https://www.liepin.com/job/1957439867.shtml
220,猎聘,能源/化工/环保,矿物加工,能源项目管理,猎头,中宬矿业,1-49人,深圳-南山区,深圳-南山区,深圳-南山区,15-20k,本科,3年以上,20260414165951,外派津贴 / 16薪 / 餐费补贴 / 18薪 / 五险一金 / 13薪 / 15薪 / 五险 / 14薪,"1.负责贯彻落实公司生产运营管理体系，对海外各战区、矿山项目生产计划、作业标准、工艺纪律、安全环保、设备运行、成本控制进行全流程监督、核查与纠偏。
2.依据年度经营目标，跟踪核查各单位产量、原矿处理量、精矿品位、金属回收率、贫化率、损失率、设备运转率、综合能耗等核心技术经济指标，形成督查台账与预警机制。
3.深入采矿场、选矿厂、尾矿库、机电车间等现场开展督查工作，识别生产瓶颈、管理漏洞、违规作业、隐患风险，下达整改通知书并跟踪闭环验证。
4.参与重大生产异常、设备故障、工艺波动、质量事故的调查分析，督促责任单位制定纠正预防措施并监督落地。
5.监督各项目生产现场标准化作业、5S 管理、文明生产、班组建设、劳动纪律执行情况。
6.参与技改项目、降本增效项目、工艺优化项目实施过程的监督与效果评估。
7.定期编制生产督查周报、月报、专项报告，向总部管理层汇报，提出系统性改进建议。
8.配合内部审计、合规检查、外部审核，提供生产运营相关数据、记录、证明材料。
9.推动总部各项生产管理制度、操作规程、作业标准在海外项目有效落地执行。","1.本科及以上学历，采矿工程、矿物加工工程、安全工程、机械电子工程、矿业工程等相关专业。
2.5年及以上大型矿山企业生产管理、生产调度、生产督查或现场管理经验，有海外矿业项目工作经历优先。
3.精通露天 / 地下矿山开采工艺、选矿全流程、生产计划编制、现场管控要点、成本构成逻辑。
4.熟悉矿山安全标准化、环保合规、设备管理、能源管理、质量管理体系。
5.具备较强的现场判断能力、问题分析能力、整改推动能力、文字报告能力。
6.坚持原则、作风严谨、沟通协调能力强，能接受不定期海外出差与现场驻查。
7.具备一定英语或俄语基础者优先。
8.能接受每月出差一周左右。
 查看全部",沟通协调 / CSS / 项目管理 / 英语 / React / PMP / Go / HTML / jQuery / UG / AI,矿产开采,https://www.liepin.com/job/1981597369.shtml
221,猎聘,能源/化工/环保,矿物加工,业务经理（有色金属）,猎头,珠江投资管理,1000-2000人,广州-天河区,广州-天河区,广州-天河区,16-20k,硕士,3年以上,20251118161405,带薪年假 / 餐费补贴 / 绩效奖金 / 五险一金 / 13薪 / 周末双休 / 15薪 / 通讯津贴 / 五险 / 双休 / 14薪,"基本职责：
开展有色金属投资项目的尽职调查工作，参与有色金属投资项目的商务对接与谈判，审核有色金属行业投资可研性报告。","1、有色金属冶金、矿物加工工程、有色金属材料、矿产资源经济等相关专业研究生及以上学历。
2、3 年及以上海外有色金属投资领域工作经验，完整参与过至少 1 个海外有色金属项目投资开发或建设运营，熟悉海外有色金属市场投资政策及相关要求。
3、具备深厚的有色金属行业认知、项目投资测算能力及资源整合能力，能参与制定海外有色金属投资项目的商务方案与融资建议，英语听说读写精通，具备跨文化合作的能力。
 查看全部",CSS / 英语 / React / PMP / Go / HTML / jQuery / UG / AI,其他行业,https://www.liepin.com/job/1978550491.shtml
222,猎聘,能源/化工/环保,矿物加工,项目总监（混凝土砂石骨料矿山项目负责人）,猎头,广物混凝土,100-499人,云浮-云城区,云浮-云城区,云浮-云城区,30-60k,统招本科,10年以上,20260513111315,团队建设 / 13薪 / 14薪 / 15薪,"1. 项目全面管理与战略规划：
负责执行矿山项目的整体发展战略、年度经营计划和预算方案；
全面负责矿山项目的日常生产、安全、环保、质量、设备及行政管理工作；
与当地政府相关部门对接、协调，确保矿山项目按预期时间节点有序推进；
定期向管理层汇报项目运营状况、财务数据及关键绩效指标（KPI）。
2. 生产运营管理（第二阶段工作）：
组织制定并优化矿山开采、骨料加工的生产计划，确保按时、按量、按质完成生产任务；
监督矿山穿孔、爆破、采装、运输、破碎、筛分、水洗等全流程作业，解决生产过程中的技术难题；
持续优化生产工艺，提高设备利用率和劳动生产率，降低生产成本。
3. 安全生产与环境保护（重中之重）：
作为矿山安全生产第一责任人，建立并完善安全管理体系，确保符合国家《矿山安全法》等法律法规；
组织实施安全教育培训、应急演练，定期开展安全隐患排查与整改，杜绝重大安全事故；
全面落实环境保护责任，确保矿区废水、粉尘、噪音及固废处理达标排放，推动绿色矿山建设。
4. 质量管理（第二阶段）：
建立从原料到成品的全过程质量控制体系，确保生产的砂石骨料符合国家及客户要求的质量标准；
处理重大质量异议，组织质量事故分析与改进。
5. 设备与成本管理
负责矿山大型设备（挖掘机、钻机、破碎机、筛分机等）的选型与安装调试，并维护保养，确保设备稳定运行；
严格控制项目各项成本支出（如炸药、油料、备品备件、人力等），进行成本分析与控制；
负责项目采购申请的审核与成本效益分析。
6. 团队建设与外部协调：
负责矿山项目团队的组建、培训、激励与考核，打造高效、专业的运营团队；
协调与当地政府、安监、环保、国土、林业、村民等外部关系，为项目运营创造良好的外部环境；
负责各类证照（采矿证、安全生产许可证、爆破作业单位许可证等）的办理、年检与维护。","要求
1. 基本要求：
年龄：35-50岁，身体健康，能适应矿山工作与生活环境；
学历：本科及以上学历，采矿工程、矿物加工、机械工程、土木工程等相关专业。
2. 工作经验：
十年以上矿山行业工作经验，其中至少5年以上中型及以上砂石骨料（或同类非金属矿）矿山全面管理经验；
精通露天矿山开采工艺、骨料生产线流程和设备管理；
具备独立负责矿山项目从建设到投产、再到稳定运营的全过程管理经验者优先。
3. 专业知识与技能：
精通法规：熟悉国家矿山安全、环保、土地、爆破等法律法规及政策；
精通业务：精通矿山开采技术、骨料生产工艺、设备管理、成本控制；
管理能力：具备出色的团队领导、组织协调、决策分析和沟通谈判能力；
证书要求：必须持有 《矿山安全生产知识和管理能力考核合格证》（矿长证） 。持有爆破工程技术人员安全作业证、安全工程师证者优先。
4. 核心素质：
具有极强的安全、环保意识和责任心；
具备出色的抗压能力、解决问题的能力和大局观；
作风正派，原则性强，具备良好的职业道德和团队合作精神，中共党员优先。
（代上级公司招聘岗位）
 查看全部",CSS / React / PMP / Go / HTML / jQuery / UG / AI,建材,https://www.liepin.com/job/1977557903.shtml
223,猎聘,能源/化工/环保,矿物加工,售后服务工程师,猎头,山东诺尔生物科技有限公司,1000-2000人,广州-增城区,广州-增城区,广州-增城区,6-11k,本科,3-5年,20260312155913,13薪 / 14薪 / 15薪,"：1、负责产品的售前售后工作；
2、负责公司相关技术资料的整理及分析工作；
3、协助业务人员进行水处理项目的技术交流与谈判。
4、了解客户现场的情况，根据水质指导客户确定型号。
5、客户反馈问题时，需到现场分析原因并进行上机调试。","1、环境工程、造纸工业污水处理、给排水、矿物加工相关专业，有工作经验者优先；
2、本科及以上学历（条件优异者，可适当放宽）；
3、熟悉聚丙烯酰胺的物化性质、选型逻辑及水处理工艺；
4、具备较强的现场问题分析能力，能快速定位药剂应用中的技术难点，
5、五官端正、性格开朗、良好的沟通能力、工作细致认真；
6、熟练掌握word、excel等办公软件；
7、适应出差。
 查看全部",CSS / React / PMP / Go / HTML / jQuery / UG / AI / Excel,化工,https://www.liepin.com/job/1975532387.shtml
224,猎聘,能源/化工/环保,矿物加工,业务主管（有色金属）,猎头,珠江投资管理,1000-2000人,广州-天河区,广州-天河区,广州-天河区,10-15k,硕士,1年以上,20251118161534,带薪年假 / 餐费补贴 / 绩效奖金 / 五险一金 / 周末双休 / 15薪 / 通讯津贴 / 五险 / 双休 / 14薪,"基本职责：
开展有色金属投资项目可行性分析与尽职调查，撰写建议书，协助推进有色金属投资项目的商务谈判与合作协议签订。","1、有色金属冶金、矿物加工工程、有色金属材料、矿产资源经济等相关专业研究生及以上学历。
2、1 年及以上有色金属投资或相关领域工作经验（优秀应届毕业生亦可），了解海外有色金属项目勘探、开采、冶炼及市场销售流程，了解海外有色金属投资相关法律法规及政策要求。
3、具备扎实的有色金属专业知识、项目初步评估能力及市场分析基础，能熟练使用英语开展工作，有海外有色金属项目实操经验者优先。
 查看全部",CSS / 英语 / React / PMP / Go / HTML / jQuery / UG / AI,其他行业,https://www.liepin.com/job/1978550573.shtml
225,猎聘,能源/化工/环保,矿物加工,人事经理,猎头,海南思沃家电商科技有限公司,100-499人,海南省,儋州,儋州,8-9k,学历不限,经验不限,20240417182359,16薪 / 18薪 / 13薪 / 15薪 / 14薪,"人力资源经理/主管职位已暂停招聘_猎聘
 该职位已暂停招聘
 投递了该职位的人还查看了
 研发工程讲师-AI创新业务 40-60k
 某北京大型电子商务公司 D轮及以上
 北京-朝阳区
 3-5年
 本科
 冯女士
 ·
 人力资源经理
 深度学习工程师 20-40k·13薪
 广州宸境科技有限公司 B轮
 广州
 经验不限
 本科
 颜先生
 ·
 广州Site Lead
 大模型算法工程师 30-50k
 某知名公司 
 重庆
 3-5年
 博士
 王先生
 ·
 资深顾问(SC)
 数据融合算法工程师 18-35k·14薪
 润光智能(深圳)有限公司 A轮
 深圳
 3-5年
 硕士
 郭先生
 ·
 CHO
 公司业务部门经理/主管 8-12k
 重庆酷网云网络科技有限公司 
 重庆
 经验不限
 学历不限
 廖先生
 ·
 总经理
 机器学习算法工程师 20-40k·15薪
 舜宇 已上市
 杭州-萧山区
 3年以上
 硕士
 周女士
 ·
 HRBP
 机器学习工程师 30-55k
 杭州创客矩阵信息技术咨询有限责任公司 融资未公开
 杭州-西湖区
 经验不限
 本科
 欧先生
 ·
 首席执行官CEO/总裁/总经理
 数据分析工程师 11-13k
 GPX 融资未公开
 北京-朝阳区
 1年以上
 统招本科
 赵女士
 ·
 HRBP专家
 计算机视觉/深度学习算法研发工程师 30-60k·16薪
 Baidu 已上市
 北京
 经验不限
 硕士
 朱先生
 ·
 招聘
 营销服AI大模型训练工程师-国企 20-40k
 某重庆整车制造上市公司 已上市
 重庆
 5-10年
 统招本科
 刘女士
 ·
 猎头顾问
 ai算法工程师 20-50k·15薪
 中急管 A轮
 北京-丰台区
 3-5年
 硕士
 张先生
 ·
 副总经理
 算法工程师 机器学习 10-20k·14薪
 沃瑞电力科技 融资未公开
 杭州-西湖区
 1年以上
 统招本科
 崔女士
 ·
 HR经理
 水利大数据分析师 8-13k
 广东华南水电高新技术开发有限公司 融资未公开
 广州
 经验不限
 本科
 张女士
 ·
 Java
 智能体工程 40-70k·18薪
 泰康科技有限公司 
 北京-昌平区
 经验不限
 本科
 李女士
 ·
 HRBP高级主管
 大数据算法工程师 20-35k·13薪
 赛美特信息集团股份有限公司 C轮
 北京
 经验不限
 本科
 金先生
 销售总监 10-13k
 可可香 融资未公开
 重庆-九龙坡区
 经验不限
 本科
 向女士
 ·
 销售经理
 深度学习算法工程师 10-20k·15薪
 新文溯科技 融资未公开
 广州
 经验不限
 硕士
 谭女士
 ·
 招聘专员
 海外市场主管 15-18k·13薪
 中贤供应链管理(深圳)有限公司 
 深圳-龙岗区
 3-5年
 统招本科
 李女士
 ·
 人事
 课程顾问 5-8k
 杭州快人一步教育科技有限公司 
 杭州
 经验不限
 大专
 杨先生
 ·
 技术员
 算法主任工程师 40-60k
 某重庆新能源汽车上市公司 已上市
 重庆
 5-10年
 本科
 董女士
 ·
 高级猎头
 深度学习算法优化工程师 10-30k
 北京飞澈科技有限公司 
 北京-海淀区
 经验不限
 本科
 王女士
 ·
 技术部经理
 数据融合算法工程师 30-60k
 宏银信息 已上市
 上海
 5-10年
 本科
 李女士
 ·
 HR
 AI产品经理 35-65k·13薪
 某宁波大型整车制造公司 融资未公开
 杭州
 3-5年
 统招本科
 申女士
 ·
 猎头顾问/助理
 AI产品经理/高级经理(J10032) 25-35k
 朴诚乳业(集团)有限公司 C轮
 北京-朝阳区
 经验不限
 本科
 徐女士
 ·
 Recruiter
 气候风险研发工程师 15-30k
 北京有机数信息科技有限公司 
 北京-海淀区
 3-5年
 统招本科
 石女士
 ·
 人力资源经理
 数据库售前工程师 15-18k
 优炫软件 已上市
 北京
 5-10年
 本科
 韩先生
 ·
 技术支撑中心副总经理
 物流金融事业部-运营助理岗 薪资面议
 众邦银行 天使轮
 武汉
 2年以上
 统招本科
 郑先生
 ·
 人力资源经理/主管
 感知算法工程师（深度学习&图像算法方向-广深/武汉可投 25-50k·15薪
 文远知行WeRide 已上市
 广州-海珠区
 经验不限
 统招本科
 余女士
 ·
 HR
 电话销售专员 3-6k
 湖南长卡智慧物流有限公司 
 长沙
 经验不限
 本科
 阳先生
 ·
 总经理
 销售代表 8-12k
 重庆酷网云网络科技有限公司 
 重庆
 经验不限
 学历不限
 廖先生
 ·
 总经理",/,CSS / Java / 深度学习 / React / 机器学习 / PMP / 算法 / 数据分析 / HTML / jQuery / UG / AI,互联网,https://www.liepin.com/job/1966338311.shtml
226,猎聘,能源/化工/环保,矿物加工,矿山储备干部-B类,猎头,中国南玻集团股份有限公司,10000人以上,广东省,深圳,深圳,20-30k,统招本科,5年以上,20251120112954,管理规范 / 发展空间大 / 带薪年假 / 领导好 / 技能培训 / 13薪 / 15薪 / 上市公司 / 岗位晋升 / 14薪,"职位职责:
（1）根据集团战略规划，协助总经理制定公司经营目标和经营计划，协调资源，统筹推进，监督、控制、考核各项工作计划的落实；
（2）根据采矿、选矿生产目标，健全生产体系及管理制度，组织制定、落实生产工作计划；
（3）组织健全质量管理体系，严把矿山开采、下矿质量及精砂生产质量，确保产品符合质量管理要求；
（4）协助总经理健全设备管理体系，监督设备部日常运营，为生产目标达成提供保障；
（5）协助总经理健全安全环保管理体系，维护公司内部生产安全、环保管理及外部关系。","（1）本科及以上或中高级专业技术职称； 
（2）机械、矿业、管理、财务等相关专业； 
（3）8年以上大型企业管理经验，其中担任高管级职位不少于2年，有采砂、清淤工作经验者优先； 
（4）通晓行政管理、采矿工程、矿物加工等相关知识；
（5）认同并践行南玻核心价值观；
（6）正直诚实，坚持原则，热爱本职工作，具备良好的个人品德和职业操守。
 查看全部",CSS / React / PMP / Go / HTML / jQuery / UG / AI,新能源,https://www.liepin.com/job/1978602395.shtml
227,猎聘,能源/化工/环保,矿物加工,矿山储备干部,猎头,中国南玻集团股份有限公司,10000人以上,广东省,深圳,深圳,30-40k·13薪,统招本科,10年以上,20260224141227,管理规范 / 发展空间大 / 带薪年假 / 领导好 / 技能培训 / 13薪 / 上市公司 / 岗位晋升 / 14薪,"职位职责:
（1）根据集团战略规划，制定公司经营目标和经营计划，协调资源，统筹推进，监督、控制、考核各项工作计划的落实；
（2）根据采矿、选矿生产目标，健全生产体系及管理制度，组织制定、落实生产工作计划；
（3）组织健全质量管理体系，严把矿山开采、下矿质量及精砂生产质量，确保产品符合质量管理要求；
（4）健全设备管理体系，监督设备部日常运营，为生产目标达成提供保障；
（5）健全安全环保管理体系，维护公司内部生产安全、环保管理及外部关系。","（1）本科及以上或中高级专业技术职称； 
（2）采矿相关专业； 
（3）15年以上大型企业管理经验，其中担任高管级职位不少于2年，有采砂、清淤工作经验者优先； 
（4）通晓行政管理、采矿工程、矿物加工等相关知识；
（5）认同并践行南玻核心价值观；
（6）正直诚实，坚持原则，热爱本职工作，具备良好的个人品德和职业操守。
 查看全部",CSS / React / PMP / Go / HTML / jQuery / UG / AI,新能源,https://www.liepin.com/job/1978602287.shtml
228,猎聘,能源/化工/环保,矿物加工,财务会计助理,猎头,北京南冥科技有限公司,1-49人,北京市,北京,北京,6-7k,学历不限,经验不限,20240411165329,16薪 / 13薪 / 14薪 / 15薪,：,"1.协助主办会计开展工作，做好会计业务，搞好会计核算和分析。
2.依据法律、法规进行会计核算，实行会计监督，拒绝办理违反财经制度的业务，拒绝不合理支出。
3.按时记账，结账、报账，定期核对现金、银行存款、盘点物资，做到账务、账账、账证、账表、账款“五相符
 查看全部",JavaScript / CSS / Java / React / 机器学习 / PMP / 算法 / HTML / jQuery / UG / AI,云计算/大数据,https://www.liepin.com/job/1966186277.shtml
229,猎聘,能源/化工/环保,矿物加工,出纳员8K双休,猎头,昆明钗艮自动化科技有限公司,100-499人,昆明-官渡区,昆明-官渡区,昆明-官渡区,8-9k,大专,1-3年,20240414123126,18薪 / 13薪 / 14薪 / 15薪,"出纳员职位已暂停招聘_猎聘
 该职位已暂停招聘
 投递了该职位的人还查看了
 人工智能专家 30-35k
 某知名公司 
 西安
 3-5年
 博士
 王先生
 ·
 猎头
 海外红人营销 29-45k·18薪
 某知名公司 D轮及以上
 深圳
 3-5年
 统招本科
 徐女士
 ·
 资深猎头顾问/猎头合伙人
 AI产品经理 35-65k·13薪
 某宁波大型整车制造公司 融资未公开
 杭州
 3-5年
 统招本科
 申女士
 ·
 猎头顾问/助理
 人工智能技术平台开发工程师（大型国企） 25-45k·14薪
 某北京大型电力/热力/燃气/水务公司 不需要融资
 北京
 5-10年
 本科
 周先生
 ·
 猎头顾问
 人力资源经理 25-35k
 某国内科技推广服务公司 
 杭州
 5-10年
 本科
 林女士
 ·
 项目经理
 亚马逊广告投放（资深经理） 25-50k·15薪
 某深圳大型智能硬件公司 C轮
 深圳-南山区
 5-10年
 本科
 李女士
 ·
 猎头顾问
 高级TIK TOK运营专员 11-18k
 广州优岸美致时装有限公司 融资未公开
 广州-白云区
 3年以上
 本科
 胡先生
 ·
 HR
 带货主播 4-8k
 石家庄跨娱文化传媒有限责任公司 
 石家庄
 经验不限
 本科
 尹先生
 ·
 法人
 AI产品经理 30-60k·15薪
 某北京通信设备上市公司 已上市
 合肥
 5-10年
 统招本科
 崔女士
 ·
 猎头顾问
 高级人工智能研究员 45-75k
 某国内大型制药公司 战略融资
 武汉
 8年以上
 博士
 戎先生
 ·
 合伙人
 亚马逊销售主管 17-30k·14薪
 深圳市亿泽鑫科技有限公司 融资未公开
 深圳-宝安区
 经验不限
 本科
 刘先生
 ·
 销售总监
 AI技术专家/人工智能技术专家 60-90k
 某上市集团公司 已上市
 北京
 10年以上
 本科
 颜女士
 ·
 资深顾问
 亚马逊站外推广（服装品类） 15-25k·13薪
 某大型批发/零售公司 
 深圳
 5-10年
 本科
 陈女士
 ·
 资深专业顾问
 研发工程讲师-AI创新业务 40-60k
 某北京大型电子商务公司 D轮及以上
 北京-朝阳区
 3-5年
 本科
 冯女士
 ·
 人力资源经理
 人工智能投资岗 30-40k
 某南京基金/证券/期货公司 融资未公开
 南京
 5年以上
 硕士
 康女士
 ·
 猎头顾问
 HRD 45-60k·13薪
 某国内新能源上市公司 已上市
 新余
 5-10年
 统招本科
 李女士
 ·
 猎头
 人力资源总监HRD 20-40k
 某国内其他生活服务公司 
 松原
 10年以上
 学历不限
 刘先生
 ·
 资深顾问
 人力资源经理 20-35k·13薪
 某杭州人工智能上市公司 已上市
 杭州
 5-10年
 统招本科
 夏先生
 ·
 招聘顾问
 资深产业研究（人工智能） 20-40k
 某上海基金/证券/期货公司 融资未公开
 上海
 5-10年
 学历不限
 刘先生
 ·
 顾问
 初中数学老师 8-13k
 深圳市耐思文化传播有限公司 
 深圳-宝安区
 1年以上
 本科
 余先生
 ·
 物理老师化学老师
 人工智能投资岗 25-50k
 某南京基金/证券/期货公司 融资未公开
 南京-建邺区
 3-5年
 硕士
 何女士
 ·
 人力资源总监
 亚马逊运营总监/经理 35-65k
 某国内大型印刷包装公司 C轮
 上海
 5-10年
 本科
 陈女士
 ·
 猎头顾问
 人工智能产品经理 30-35k
 某北京广播/影视/录音公司 融资未公开
 北京-海淀区
 5-10年
 硕士
 印先生
 ·
 猎头顾问
 人工智能投资岗 25-50k
 某南京基金/证券/期货公司 融资未公开
 南京
 3-5年
 硕士
 潘先生
 ·
 猎头顾问
 高级销售顾问 15-30k
 宁波丰颐汽车销售服务有限公司 融资未公开
 宁波-鄞州区
 经验不限
 学历不限
 许女士
 ·
 人事
 人工智能算法专家（企业风控方向） 40-70k·14薪
 某北京大型计算机软件公司 融资未公开
 北京-昌平区
 经验不限
 硕士
 李女士
 ·
 资深猎头总监
 HRBP（副）总监 30-50k
 某国内大型制药公司 战略融资
 锦州
 5-10年
 统招本科
 柳先生
 ·
 资深猎头
 【央企直管】人工智能实验室算法工程师 35-45k
 某北京大型计算机软件公司 融资未公开
 北京
 5-10年
 硕士
 翟先生
 ·
 猎头顾问
 研究员/博士后（人工智能） 40-70k
 某合肥大型通信设备公司 
 北京
 1年以下
 博士
 翁女士
 ·
 猎头顾问
 人工智能专家（工艺优化） 40-70k·14薪
 某北京大型计算机软件公司 融资未公开
 北京-昌平区
 经验不限
 本科
 迟先生
 ·
 猎聘公司总经理",/,CSS / React / PMP / 算法 / HTML / jQuery / UG / AI,智能硬件/消费电子,https://www.liepin.com/job/1966232945.shtml
230,猎聘,能源/化工/环保,矿物加工,审计助理,猎头,广州晖维商贸有限公司,1-49人,广东省,深圳,深圳,6-7k,学历不限,经验不限,20240413173500,13薪 / 14薪,"1、在项目经理、高级审计员的指导下，参与执行各类型审计及咨询业务；
2、独立承担小型项目的审计工作。
3、编制、整理和归档审计工作底稿，及时完成交办的各项工作。","1、大专以上学历，财务审计相关专业优先；
2、熟悉企业会计准则、税法等法律法规；
3、能熟练操作办公软件；
4、具有较强工作责任心，良好的沟通、分析、判断能力及团队合作意识；
5、好学上进，诚实守信，性格稳重，吃苦耐劳；
6、能够适应快节奏的工作要求，可适应出差。""
 查看全部",JavaScript / CSS / Java / 日语 / React / PMP / 算法 / HTML / Linux / jQuery / UG / AI,服装/纺织/皮革,https://www.liepin.com/job/1966230003.shtml
231,猎聘,能源/化工/环保,矿物加工,操作工人,猎头,台州市豪横车业有限公司,1-49人,台州-路桥区,台州-路桥区,台州-路桥区,6-7k,学历不限,1-3年,20240413132043,13薪 / 14薪 / 15薪,"普工/操作工职位已暂停招聘_猎聘
 该职位已暂停招聘
 投递了该职位的人还查看了
 后端开发工程师 12-20k·14薪
 震裕科技 已上市
 苏州
 3-5年
 大专
 张先生
 ·
 招聘经理
 公司业务部门经理/主管 8-12k
 重庆酷网云网络科技有限公司 
 重庆
 经验不限
 学历不限
 廖先生
 ·
 总经理
 售前解决方案 16-25k
 浙江合玛体育大数据科技有限公司 
 北京-丰台区
 5年以上
 统招本科
 宋女士
 ·
 人事主管
 后端开发工程师 - C# 20-25k·13薪
 珀金埃尔默 融资未公开
 上海-浦东新区
 5-10年
 统招本科
 于女士
 ·
 HR
 算法主任工程师 40-60k
 某重庆新能源汽车上市公司 已上市
 重庆
 5-10年
 本科
 董女士
 ·
 高级猎头
 销售总监 10-13k
 可可香 融资未公开
 重庆-九龙坡区
 经验不限
 本科
 向女士
 ·
 销售经理
 售前支持工程师 10-15k
 北京道和智信科技发展有限公司 融资未公开
 北京
 5-10年
 本科
 骆女士
 ·
 人力负责人
 销售代表 4-7k
 鸿蒙装饰 不需要融资
 杭州
 经验不限
 学历不限
 曹先生
 ·
 总经理
 女装运营专家 25-50k·14薪
 拼多多(上海)网络科技有限公司 融资未公开
 上海
 5-10年
 本科
 吴女士
 ·
 女装
 解决方案经理-北京 20-40k
 云和恩墨 C轮
 北京-朝阳区
 5-10年
 统招本科
 娄女士
 ·
 HRBP
 售前支持工程师 8-12k
 北京申科景元科技有限公司 融资未公开
 北京
 5-10年
 本科
 刘先生
 ·
 经理
 售前支持工程师 10-15k
 北交联合云计算有限公司 战略融资
 北京
 3-5年
 大专
 崔女士
 ·
 人力专员
 销售代表 8-12k
 重庆酷网云网络科技有限公司 
 重庆
 经验不限
 学历不限
 廖先生
 ·
 总经理
 高级制造规划顾问 8-15k
 江苏泛在智能科技研究院有限公司 
 徐州-泉山区
 1-3年
 本科
 卢女士
 ·
 人事
 售前支持工程师 4-6k
 北京铭智佳华通信技术有限公司 融资未公开
 北京
 经验不限
 本科
 吴女士
 ·
 文员
 AI infra优化工程师 40-70k·13薪
 昆仑天工科技有限公司 不需要融资
 北京-东城区
 1-3年
 本科
 尹女士
 ·
 招聘
 后端开发 15-25k
 南油服务 
 天津-滨海新区
 2年以上
 大专
 李先生
 Golang后端开发工程师 30-50k
 世纪二千网络科技有限公司 融资未公开
 北京-朝阳区
 5-10年
 统招本科
 黄女士
 ·
 人事经理
 Java后端开发/学信网可查统本 15-20k
 杭州三陆五智能网络科技有限公司 
 杭州-萧山区
 3-5年
 统招本科
 方女士
 ·
 高级猎头顾问
 客户代表 5-10k
 贵州鸿蒙酒业有限公司 
 贵阳-云岩区
 经验不限
 大专
 杨先生
 ·
 人事
 大模型算法工程师 30-50k
 某知名公司 
 重庆
 3-5年
 博士
 王先生
 ·
 资深顾问(SC)
 Java后端开发工程师 12-25k
 北京麦客先锋科技开发有限公司 融资未公开
 北京-朝阳区
 1-3年
 大专
 王先生
 ·
 总经理
 招聘专员/助理 5-8k
 重庆药康棠医药有限公司 融资未公开
 上海
 经验不限
 大专
 李女士
 ·
 人事
 人工智能架构师 20-25k·15薪
 某大型知名机械/设备公司 战略融资
 厦门-思明区
 5年以上
 统招本科
 杨先生
 ·
 猎头顾问
 人工智能架构 25-30k
 某大型知名机械/设备公司 战略融资
 北京
 5-10年
 统招本科
 孙女士
 ·
 猎头顾问/助理
 产品经理（数据平台类产品） 20-30k
 杭州职御科技有限公司 
 杭州
 3-5年
 本科
 邓先生
 ·
 设计员
 客户成功经理(J13585) 18-30k
 慧策|旺店通(掌上先机) D轮及以上
 北京-海淀区
 经验不限
 本科
 李先生
 ·
 研发经理
 计算机视觉算法工程师 25-50k·15薪
 北京京东振世信息技术有限公司 
 北京
 经验不限
 硕士
 谷先生
 ·
 深度学习算法工程师
 新媒体主播 7-12k
 张家界顺界汽车销售服务有限公司 
 张家界
 1年以下
 大专
 陈先生
 ·
 总经理
 计算机视觉高级算法工程师 20-21k
 上海一思维教育技术有限公司 
 上海-浦东新区
 经验不限
 博士
 周女士",/,CSS / Java / C# / 深度学习 / React / PMP / 算法 / Go / HTML / jQuery / UG / AI,机械/设备,https://www.liepin.com/job/1966226887.shtml
232,猎聘,能源/化工/环保,矿物加工,人事经理/主管,猎头,威海恒旺光伏发电服务有限公司,1-49人,临沂-沂南县,临沂-沂南县,临沂-沂南县,6-8k,大专,1年以下,20240312162848,16薪 / 13薪 / 14薪 / 15薪,"人力资源经理/主管职位已暂停招聘_猎聘
 该职位已暂停招聘
 投递了该职位的人还查看了
 销售总监 10-13k
 可可香 融资未公开
 重庆-九龙坡区
 经验不限
 本科
 向女士
 ·
 销售经理
 大模型算法工程师 30-50k
 某知名公司 
 重庆
 3-5年
 博士
 王先生
 ·
 资深顾问(SC)
 计算机视觉算法专家 30-60k·16薪
 阿里巴巴(北京)软件服务有限公司 融资未公开
 北京
 经验不限
 硕士
 冯先生
 ·
 工程师
 PHP工程师 11-20k
 福建省百宝箱跨境电商有限公司 融资未公开
 福州-闽侯县
 3-5年
 大专
 王女士
 ·
 人事
 深度学习 9-12k
 星群(北京)科技发展有限公司 融资未公开
 北京-海淀区
 经验不限
 本科
 朱女士
 ·
 行政人事
 计算机视觉算法工程师 25-50k·15薪
 北京京东振世信息技术有限公司 
 北京
 经验不限
 硕士
 谷先生
 ·
 深度学习算法工程师
 PHP软件开发工程师 10-12k
 格一集团 
 天津-东丽区
 3年以上
 大专
 刘女士
 ·
 而分为
 语音识别专家 100-200k
 某重庆整车制造上市公司 已上市
 重庆
 5-7年
 硕士
 邓女士
 ·
 猎头顾问
 计算机视觉/深度学习算法研发工程师 30-60k·16薪
 Baidu 已上市
 北京
 经验不限
 硕士
 朱先生
 ·
 招聘
 计算机视觉算法工程师 20-40k
 高帆机器人 
 北京-海淀区
 经验不限
 硕士
 夏先生
 ·
 机电系统研发主管
 营销服AI大模型训练工程师-国企 20-40k
 某重庆整车制造上市公司 已上市
 重庆
 5-10年
 统招本科
 刘女士
 ·
 猎头顾问
 SEM专员 6-8k
 北京冠领律师事务所 融资未公开
 北京
 1-3年
 大专
 王女士
 ·
 HRBP
 信用卡客户经理 6-10k
 兴业银行股份有限公司广州美林社区支行 
 广州-越秀区
 经验不限
 本科
 谭先生
 ·
 支行零售行长
 公司业务部门经理/主管 8-12k
 重庆酷网云网络科技有限公司 
 重庆
 经验不限
 学历不限
 廖先生
 ·
 总经理
 资深算法工程师 30-60k·13薪
 华为 战略融资
 北京-海淀区
 经验不限
 硕士
 王先生
 ·
 算法工程师
 算法主任工程师 40-60k
 某重庆新能源汽车上市公司 已上市
 重庆
 5-10年
 本科
 董女士
 ·
 高级猎头
 计算机视觉算法工程师 25-35k·14薪
 湖州深光科技有限公司 A轮
 北京-海淀区
 经验不限
 本科
 杨女士
 ·
 团队负责人
 计算机视觉高级算法工程师 20-21k
 上海一思维教育技术有限公司 
 上海-浦东新区
 经验不限
 博士
 周女士
 智驾端到端大模型 40-70k
 某西安大型整车制造公司 融资未公开
 重庆
 3-5年
 硕士
 杨先生
 ·
 猎头顾问
 女装运营专家 25-50k·14薪
 拼多多(上海)网络科技有限公司 融资未公开
 上海
 5-10年
 本科
 吴女士
 ·
 女装
 AI工程师 20-40k
 某重庆整车制造上市公司 已上市
 重庆
 3-5年
 统招本科
 于女士
 ·
 猎头顾问
 PHP工程师 18-23k
 某天津IT服务公司 融资未公开
 天津-东丽区
 1-3年
 学历不限
 李先生
 ·
 猎头顾问
 maya动画师 13-20k
 上海祥翊文化传媒有限公司 
 上海
 1-3年
 学历不限
 陆先生
 ·
 团队经理
 PHP工程师 8-12k·13薪
 某深圳大型电子商务公司 融资未公开
 长沙-岳麓区
 3-5年
 大专
 刘女士
 ·
 猎头顾问
 区域销售专员/助理 3-5k
 重庆梵润诚物联网科技有限公司 
 重庆
 经验不限
 大专
 李先生
 ·
 经理
 3D动作设计师 7-15k·13薪
 成都晴果网络科技有限公司 
 成都
 3-5年
 大专
 李女士
 ·
 HR
 销售代表 8-12k
 重庆酷网云网络科技有限公司 
 重庆
 经验不限
 学历不限
 廖先生
 ·
 总经理
 PHP软件开发工程师 6-10k
 甘肃骑帮闪送网络科技有限公司 
 兰州
 经验不限
 学历不限
 张先生
 ·
 骑帮闪送总经理
 建模分析岗 薪资面议
 广东顺德农村商业银行股份有限公司 D轮及以上
 佛山-顺德区
 3年以上
 统招本科
 黎先生
 ·
 招聘专员
 计算机视觉算法工程师 17-30k
 湖州深光科技有限公司 A轮
 北京
 经验不限
 本科
 王先生
 ·
 助理",/,CSS / PHP / 深度学习 / React / PMP / 算法 / HTML / Maya / jQuery / UG / AI,新能源,https://www.liepin.com/job/1965405095.shtml
233,猎聘,能源/化工/环保,矿物加工,办公室管理,猎头,嘉兴新模文化传媒有限公司,1-49人,嘉兴-南湖区,嘉兴-南湖区,嘉兴-南湖区,4-6k,学历不限,经验不限,20240315150233,18薪 / 13薪 / 14薪 / 15薪,"行政经理/主管/办公室主任职位已暂停招聘_猎聘
 该职位已暂停招聘
 投递了该职位的人还查看了
 大模型算法工程师 30-50k
 某知名公司 
 重庆
 3-5年
 博士
 王先生
 ·
 资深顾问(SC)
 PHP工程师 11-20k
 福建省百宝箱跨境电商有限公司 融资未公开
 福州-闽侯县
 3-5年
 大专
 王女士
 ·
 人事
 商务经理 4-9k
 河南瑞丰软件科技有限公司 融资未公开
 郑州-经开区
 3-5年
 大专
 薛女士
 ·
 经理
 机器学习工程师 30-55k
 杭州创客矩阵信息技术咨询有限责任公司 融资未公开
 杭州-西湖区
 经验不限
 本科
 欧先生
 ·
 首席执行官CEO/总裁/总经理
 营销服AI大模型训练工程师-国企 20-40k
 某重庆整车制造上市公司 已上市
 重庆
 5-10年
 统招本科
 刘女士
 ·
 猎头顾问
 云服务开发工程师 25-50k
 华为云 不需要融资
 北京-海淀区
 经验不限
 本科
 朱先生
 ·
 安全工程师
 AI算法工程师（大模型全栈） 18-25k
 杭州科芯未来工程技术研究有限责任公司 
 杭州-滨江区
 经验不限
 本科
 奚先生
 ·
 技术合伙人
 信用卡客户经理 6-10k
 兴业银行股份有限公司广州美林社区支行 
 广州-越秀区
 经验不限
 本科
 谭先生
 ·
 支行零售行长
 美团SaaS系统销售精英 15-25k·13薪
 广州三快网络科技有限公司 
 广州-越秀区
 1-3年
 大专
 柯先生
 ·
 美团城市主管
 亚马逊销售主管 17-30k·14薪
 深圳市亿泽鑫科技有限公司 融资未公开
 深圳-宝安区
 经验不限
 本科
 刘先生
 ·
 销售总监
 大模型算法 35-55k
 某成都大型培训服务公司 
 重庆
 5-10年
 学历不限
 石先生
 ·
 猎头顾问
 客户成功经理(J13585) 18-30k
 慧策|旺店通(掌上先机) D轮及以上
 北京-海淀区
 经验不限
 本科
 李先生
 ·
 研发经理
 高级TIK TOK运营专员 11-18k
 广州优岸美致时装有限公司 融资未公开
 广州-白云区
 3年以上
 本科
 胡先生
 ·
 HR
 市场总监（IMC） 70-100k·15薪
 某深圳电气机械/器材公司 
 深圳-南山区
 10年以上
 本科
 张女士
 ·
 Associate Director
 算法主任工程师 40-60k
 某重庆新能源汽车上市公司 已上市
 重庆
 5-10年
 本科
 董女士
 ·
 高级猎头
 营销总监 30-50k
 某深圳大型批发/零售公司 融资未公开
 深圳
 经验不限
 统招本科
 罗先生
 ·
 猎头顾问
 计算机视觉高级算法工程师 20-21k
 上海一思维教育技术有限公司 
 上海-浦东新区
 经验不限
 博士
 周女士
 亚马逊运营总监/经理 35-65k
 某国内大型印刷包装公司 C轮
 上海
 5-10年
 本科
 陈女士
 ·
 猎头顾问
 亚马逊运营 9-15k
 深圳市翼联网络通讯有限公司 融资未公开
 深圳-龙岗区
 1-3年
 大专
 杨女士
 智驾端到端大模型 40-70k
 某西安大型整车制造公司 融资未公开
 重庆
 3-5年
 硕士
 杨先生
 ·
 猎头顾问
 女装运营专家 25-50k·14薪
 拼多多(上海)网络科技有限公司 融资未公开
 上海
 5-10年
 本科
 吴女士
 ·
 女装
 AI工程师 20-40k
 某重庆整车制造上市公司 已上市
 重庆
 3-5年
 统招本科
 于女士
 ·
 猎头顾问
 跨境电商运营 7-10k
 深圳市尼萌果电子商务有限公司 
 深圳-龙岗区
 1-3年
 大专
 杨女士
 ·
 人事经理
 maya动画师 13-20k
 上海祥翊文化传媒有限公司 
 上海
 1-3年
 学历不限
 陆先生
 ·
 团队经理
 亚马逊站外推广（服装品类） 15-25k·13薪
 某大型批发/零售公司 
 深圳
 5-10年
 本科
 陈女士
 ·
 资深专业顾问
 3D动作设计师 7-15k·13薪
 成都晴果网络科技有限公司 
 成都
 3-5年
 大专
 李女士
 ·
 HR
 亚马逊广告投放（资深经理） 25-50k·15薪
 某深圳大型智能硬件公司 C轮
 深圳-南山区
 5-10年
 本科
 李女士
 ·
 猎头顾问
 推荐算法工程师 15-20k
 深圳星睿数智技术有限公司北京分公司 
 广州-越秀区
 经验不限
 本科
 李先生
 ·
 技术总监
 PHP软件开发工程师 6-10k
 甘肃骑帮闪送网络科技有限公司 
 兰州
 经验不限
 学历不限
 张先生
 ·
 骑帮闪送总经理
 海外红人营销 29-45k·18薪
 某知名公司 D轮及以上
 深圳
 3-5年
 统招本科
 徐女士
 ·
 资深猎头顾问/猎头合伙人",/,CSS / PHP / React / 机器学习 / PMP / 算法 / HTML / Maya / jQuery / UG / AI,培训服务,https://www.liepin.com/job/1965479719.shtml
234,猎聘,能源/化工/环保,矿物加工,跟单文员,猎头,深圳市和鑫晟食品科技有限公司,/,深圳-南山区,深圳-南山区,深圳-南山区,8-10k,大专,经验不限,20240417063912,14薪,"：
1、负责跟单中国大米网的订单管理；
2、负责货物信息的反馈；
3、仓库的出入库管理；
4、大米库存的管理。","1、大专以上学历；
2、熟练运用Word、Excel、PowerPoint等Office软件；
3、工作认真仔细；
4、吃苦耐劳，有良好的沟通能力；
5、具备良好的职业操守。
 查看全部",JavaScript / CSS / Java / React / PMP / HTML / jQuery / UG / AI / Excel,批发/零售,https://www.liepin.com/job/1966304997.shtml
235,猎聘,能源/化工/环保,矿物加工,酒店前台,猎头,长沙禾隆壹号酒店管理有限公司,1-49人,湖南省,长沙,长沙,5-6k,学历不限,经验不限,20230322143956,16薪 / 18薪 / 13薪 / 15薪 / 14薪,"酒店前台职位已暂停招聘_猎聘
 该职位已暂停招聘
 投递了该职位的人还查看了
 网络信息安全工程师/助理 10-15k
 力天世纪信息科技 不需要融资
 上海-闵行区
 3-5年
 本科
 张先生
 ·
 总经理
 HRBP 30-50k·16薪
 某大型知名互联网公司 融资未公开
 杭州
 5-10年
 本科
 张女士
 ·
 猎头顾问
 人力资源经理 20-30k·14薪
 某杭州人工智能上市公司 已上市
 杭州
 8-10年
 本科
 李先生
 ·
 猎头顾问
 TIKTOK达人营销 16-20k
 艾崖莳信息技术(上海)有限公司 
 杭州-西湖区
 1-3年
 本科
 谢女士
 ·
 Manager, People
 AI算法工程师（大模型全栈） 18-25k
 杭州科芯未来工程技术研究有限责任公司 
 杭州-滨江区
 经验不限
 本科
 奚先生
 ·
 技术合伙人
 信用卡客户经理 6-10k
 兴业银行股份有限公司广州美林社区支行 
 广州-越秀区
 经验不限
 本科
 谭先生
 ·
 支行零售行长
 亚马逊销售主管 17-30k·14薪
 深圳市亿泽鑫科技有限公司 融资未公开
 深圳-宝安区
 经验不限
 本科
 刘先生
 ·
 销售总监
 HRD 30-40k
 某杭州专业技术服务公司 融资未公开
 杭州-拱墅区
 10年以上
 统招本科
 范女士
 ·
 项目经理
 HRBP（副）总监 30-50k
 某国内大型制药公司 战略融资
 锦州
 5-10年
 统招本科
 柳先生
 ·
 资深猎头
 HRD 45-60k·13薪
 某国内新能源上市公司 已上市
 新余
 5-10年
 统招本科
 李女士
 ·
 猎头
 亚马逊客服 6-8k
 深圳奈斯迪尔科技有限公司 融资未公开
 深圳-南山区
 1年以下
 大专
 曾女士
 ·
 人事专员
 NLP高级算法工程师 20-21k
 上海一思维教育技术有限公司 
 广州-海珠区
 经验不限
 博士
 周女士
 高级TIK TOK运营专员 11-18k
 广州优岸美致时装有限公司 融资未公开
 广州-白云区
 3年以上
 本科
 胡先生
 ·
 HR
 HRBP副总监/总监 30-40k
 某国内大型制药公司 战略融资
 锦州
 5-10年
 学历不限
 周先生
 ·
 商务BD
 软件开发工程师 8-13k·14薪
 拉克(广东)科技有限公司 
 广州-天河区
 经验不限
 本科
 金先生
 ·
 首席执行官CEO/总裁/总经理
 人力资源总监HRD 20-40k
 某国内其他生活服务公司 
 松原
 10年以上
 学历不限
 刘先生
 ·
 资深顾问
 计算机视觉高级算法工程师 20-21k
 上海一思维教育技术有限公司 
 上海-浦东新区
 经验不限
 博士
 周女士
 亚马逊运营总监/经理 35-65k
 某国内大型印刷包装公司 C轮
 上海
 5-10年
 本科
 陈女士
 ·
 猎头顾问
 招生老师 4-12k·13薪
 媛来如此(广州)文化中心 
 广州-海珠区
 经验不限
 学历不限
 陈先生
 ·
 销售主管
 人力资源总监（HRD） 45-50k·15薪
 某国内大型整车制造公司 已上市
 芜湖
 10年以上
 统招本科
 龙女士
 ·
 项目经理
 人力资源经理 20-35k·13薪
 某杭州人工智能上市公司 已上市
 杭州
 5-10年
 统招本科
 夏先生
 ·
 招聘顾问
 信息安全测试主任工程师 20-40k
 某重庆新能源汽车上市公司 已上市
 重庆
 5-10年
 统招本科
 何女士
 ·
 猎头顾问
 亚马逊站外推广（服装品类） 15-25k·13薪
 某大型批发/零售公司 
 深圳
 5-10年
 本科
 陈女士
 ·
 资深专业顾问
 AI算法专家 50-80k·13薪
 广州九得信息技术咨询有限公司 
 广州-天河区
 经验不限
 博士
 王先生
 ·
 招聘主管
 亚马逊广告投放（资深经理） 25-50k·15薪
 某深圳大型智能硬件公司 C轮
 深圳-南山区
 5-10年
 本科
 李女士
 ·
 猎头顾问
 智慧物流解决方案业务操盘手 6-18k
 深圳市壹站智汇科技有限公司 
 深圳-龙岗区
 经验不限
 学历不限
 谢先生
 ·
 HR
 人力资源经理 25-35k
 某国内科技推广服务公司 
 杭州
 5-10年
 本科
 林女士
 ·
 项目经理
 推荐算法工程师 15-20k
 深圳星睿数智技术有限公司北京分公司 
 广州-越秀区
 经验不限
 本科
 李先生
 ·
 技术总监
 海外红人营销 29-45k·18薪
 某知名公司 D轮及以上
 深圳
 3-5年
 统招本科
 徐女士
 ·
 资深猎头顾问/猎头合伙人
 TikTok电商运营 13-20k
 深圳市蜜哒斯国际食品科技有限公司 
 深圳-南山区
 3年以上
 大专
 宋女士
 ·
 人力资源经理",/,CSS / React / PMP / 算法 / HTML / jQuery / UG / AI,酒店/民宿,https://www.liepin.com/job/1956574837.shtml
236,猎聘,能源/化工/环保,矿物加工,大同沃飞科技,猎头,墨擦(上海)实业有限公司,100-499人,大同-平城区,大同-平城区,大同-平城区,20-30k,本科,3-5年,20240402152550,16薪 / 13薪 / 14薪 / 15薪,"Java职位已暂停招聘_猎聘
 该职位已暂停招聘
 投递了该职位的人还查看了
 AI全栈工程师 18-35k·13薪
 上海讯联数据服务有限公司 C轮
 上海-浦东新区
 3-5年
 本科
 吕女士
 ·
 HRBP
 语音识别专家 100-200k
 某重庆整车制造上市公司 已上市
 重庆
 5-7年
 硕士
 邓女士
 ·
 猎头顾问
 大模型算法工程师 30-50k
 某知名公司 
 重庆
 3-5年
 博士
 王先生
 ·
 资深顾问(SC)
 AI开发工程师 20-40k
 中大咨询集团 融资未公开
 广州-海珠区
 1-3年
 本科
 宋先生
 ·
 集团招聘经理
 软件项目经理 20-35k·15薪
 某知名电气机械/器材公司 D轮及以上
 上海
 5-10年
 统招本科
 张女士
 ·
 招聘专员
 公司业务部门经理/主管 8-12k
 重庆酷网云网络科技有限公司 
 重庆
 经验不限
 学历不限
 廖先生
 ·
 总经理
 CRM售前技术支持 8-15k
 夏致云计算(上海)有限公司 
 上海-浦东新区
 3年以上
 本科
 余女士
 ·
 人事
 女装运营专家 25-50k·14薪
 拼多多(上海)网络科技有限公司 融资未公开
 上海
 5-10年
 本科
 吴女士
 ·
 女装
 营销服AI大模型训练工程师-国企 20-40k
 某重庆整车制造上市公司 已上市
 重庆
 5-10年
 统招本科
 刘女士
 ·
 猎头顾问
 it技术工程师 18-22k
 某知名公司 
 上海
 1-3年
 本科
 刘先生
 ·
 猎头
 计算机视觉高级算法工程师 20-21k
 上海一思维教育技术有限公司 
 上海-浦东新区
 经验不限
 博士
 周女士
 产品总监（人事） 30-40k
 能良电商 融资未公开
 上海-宝山区
 5-10年
 本科
 雷女士
 ·
 Hrbp
 运营VP/首席运营官COO 50-80k·16薪
 某上海新能源公司 融资未公开
 南京
 10年以上
 本科
 黄先生
 ·
 顾问
 项目经理（驻场） 30-35k
 某it服务企业 融资未公开
 上海
 5-10年
 本科
 毛先生
 ·
 顾问(C)
 汽车内外饰工程师 15-25k
 湖南拓维云创科技 其他
 上海-浦东新区
 3年以上
 本科
 唐女士
 ·
 招聘顾问
 Ruby 12-20k·13薪
 广州永鑫通电子科技有限公司 
 上海
 经验不限
 本科
 易女士
 ·
 人事
 区域销售专员/助理 3-5k
 重庆梵润诚物联网科技有限公司 
 重庆
 经验不限
 大专
 李先生
 ·
 经理
 销售总监 10-13k
 可可香 融资未公开
 重庆-九龙坡区
 经验不限
 本科
 向女士
 ·
 销售经理
 汽车线束工程师 12-30k
 适途汽车 融资未公开
 上海-浦东新区
 4年以上
 大专
 张先生
 ·
 猎头顾问
 产品经理（数据治理） 20-30k
 恒生聚源 B轮
 上海-浦东新区
 3年以上
 本科
 王女士
 ·
 HRBP
 嵌入式软件工程师 15-25k
 深圳市保航达物流有限公司 不需要融资
 深圳-福田区
 3-5年
 本科
 郑先生
 智驾端到端大模型 40-70k
 某西安大型整车制造公司 融资未公开
 重庆
 3-5年
 硕士
 杨先生
 ·
 猎头顾问
 Prompt Engineer 15-20k·13薪
 北京句子科技有限公司 
 北京-海淀区
 3-5年
 本科
 李女士
 ·
 行政主管
 算法主任工程师 40-60k
 某重庆新能源汽车上市公司 已上市
 重庆
 5-10年
 本科
 董女士
 ·
 高级猎头
 数据分析师 15-19k
 某知名公司 
 上海
 1-3年
 本科
 刘先生
 ·
 猎头
 产品经理（线上收单） 20-35k·13薪
 星驿支付 战略融资
 上海-浦东新区
 5-10年
 统招本科
 朱女士
 ·
 招聘HR
 促销员 4-9k
 贵州裕泰通讯科技有限公司 
 贵阳
 经验不限
 学历不限
 刘女士
 ·
 人事
 数据科学家-CQ 15-26k·13薪
 深演智能 D轮及以上
 重庆-渝北区
 1-3年
 本科
 吴女士
 ·
 hr
 机器人系统工程师 20-30k
 常州微亿智造科技有限公司 B轮
 上海-闵行区
 1-3年
 本科
 刘先生
 销售代表 8-12k
 重庆酷网云网络科技有限公司 
 重庆
 经验不限
 学历不限
 廖先生
 ·
 总经理",/,CSS / Java / React / UG / PMP / 算法 / 数据分析 / HTML / jQuery / Ruby / AI,医药流通,https://www.liepin.com/job/1965964421.shtml
237,猎聘,能源/化工/环保,矿物加工,税务专员/助理,猎头,嘉兴新模文化传媒有限公司,1-49人,温州-鹿城区,温州-鹿城区,温州-鹿城区,5-6k,大专,1-3年,20240315174524,13薪 / 14薪 / 15薪,"税务专员/助理职位已暂停招聘_猎聘
 该职位已暂停招聘
 投递了该职位的人还查看了
 需求测试工程师 7-11k·13薪
 中科软 已上市
 北京-东城区
 经验不限
 本科
 牟女士
 ·
 售前工程师
 亚马逊运营 8-11k
 湖北一川禾科技有限公司 
 武汉
 1-3年
 大专
 刘女士
 ·
 前台
 销售管理 6-11k·13薪
 松果出行 C轮
 北京-东城区
 3-5年
 大专
 朱先生
 ·
 分公司/代表处负责人
 跨境电商运营 10-15k
 东莞市粤顺机电设备有限公司 
 广州
 3-5年
 本科
 肖先生
 ·
 HR
 客户经理 6-11k·15薪
 北京睿雅捷诺数字科技有限公司 
 北京-东城区
 经验不限
 硕士
 李女士
 ·
 hrd
 销售专员 6-11k
 北京爱心同行科技有限公司 融资未公开
 北京-东城区
 经验不限
 大专
 李先生
 ·
 人事助理
 市场经理 6-11k
 北京搜了科技有限公司 
 北京-东城区
 经验不限
 大专
 范女士
 ·
 总助
 智驾端到端大模型 40-70k
 某西安大型整车制造公司 融资未公开
 重庆
 3-5年
 硕士
 杨先生
 ·
 猎头顾问
 AI infra优化工程师 40-70k·13薪
 昆仑天工科技有限公司 不需要融资
 北京-东城区
 1-3年
 本科
 尹女士
 ·
 招聘
 亚马逊电商运营 10-15k
 金华市沐月服装有限公司 
 杭州-滨江区
 1-3年
 本科
 韦先生
 ·
 人事部
 女装运营专家 25-50k·14薪
 拼多多(上海)网络科技有限公司 融资未公开
 上海
 5-10年
 本科
 吴女士
 ·
 女装
 速卖通运营 10-20k
 深圳市鸿浩电子商务有限公司 
 深圳-宝安区
 1-3年
 学历不限
 蔡女士
 ·
 老板的助理
 App平台运营 4-9k
 北京致远泓管理咨询有限公司 
 北京-东城区
 经验不限
 学历不限
 李先生
 ·
 经理
 合伙人 8-12k
 泽意朗服饰湖北有限公司 
 武汉
 经验不限
 本科
 黄先生
 ·
 亚马逊合伙人
 Prompt Engineer 15-20k·13薪
 北京句子科技有限公司 
 北京-海淀区
 3-5年
 本科
 李女士
 ·
 行政主管
 客户经理 5-10k
 建朗科技 融资未公开
 北京-西城区
 经验不限
 本科
 盛女士
 ·
 综合管理部总监
 AI开发工程师 20-40k
 中大咨询集团 融资未公开
 广州-海珠区
 1-3年
 本科
 宋先生
 ·
 集团招聘经理
 客户成功经理-J13585 25-30k
 慧策|旺店通(掌上先机) D轮及以上
 北京-海淀区
 经验不限
 学历不限
 冯女士
 课程顾问 4-8k
 弈海润世围棋学堂 融资未公开
 北京-东城区
 1-3年
 大专
 赵女士
 ·
 HR
 财富经理(梅州营业部) 4-6k
 光大证券 已上市
 梅州-梅江区
 经验不限
 本科
 张女士
 ·
 广东分公司
 其他信托/担保/拍卖/典当 4-8k
 中邦信业金融服务外包(北京)有限公司 
 北京-东城区
 经验不限
 学历不限
 朱女士
 ·
 行政总监
 销售经理 6-11k
 北京搜了科技有限公司 
 北京-东城区
 经验不限
 学历不限
 范女士
 ·
 总助
 销售总经理助理 5-8k
 北京宜居康和养老服务有限公司 融资未公开
 北京-东城区
 经验不限
 本科
 申女士
 ·
 首席执行官CEO/总裁/总经理
 销售代表 5-12k
 爱换科技服务 其他
 北京-东城区
 1-3年
 学历不限
 王先生
 ·
 营销总监
 销售顾问 5-8k
 汇石凯岩 
 北京-东城区
 经验不限
 大专
 李女士
 ·
 行政人事部经理
 销售工程师 7-8k
 北京清能互联科技有限公司 C轮
 北京-东城区
 1-3年
 学历不限
 赖女士
 ·
 猎头助理顾问
 大模型算法工程师 30-50k
 某知名公司 
 重庆
 3-5年
 博士
 王先生
 ·
 资深顾问(SC)
 算法主任工程师 40-60k
 某重庆新能源汽车上市公司 已上市
 重庆
 5-10年
 本科
 董女士
 ·
 高级猎头
 线上电台语音聊天主播 5-10k
 音诺传媒 其他
 北京-朝阳区
 经验不限
 学历不限
 李女士
 ·
 Hr
 招聘实习生-全流程 3-5k
 慧策|旺店通(掌上先机) D轮及以上
 北京-西城区
 经验不限
 本科
 徐女士",/,CSS / React / PMP / 算法 / HTML / jQuery / UG / AI,培训服务,https://www.liepin.com/job/1965519371.shtml
238,猎聘,能源/化工/环保,矿物加工,办公室内勤,猎头,南京尚儒商贸有限公司,50-99人,南京-六合区,南京-六合区,南京-六合区,6-7k,学历不限,经验不限,20240412154500,18薪 / 13薪 / 14薪 / 15薪,"行政专员/助理职位已暂停招聘_猎聘
 该职位已暂停招聘
 投递了该职位的人还查看了
 AI infra优化工程师 40-70k·13薪
 昆仑天工科技有限公司 不需要融资
 北京-东城区
 1-3年
 本科
 尹女士
 ·
 招聘
 人工智能专家 30-35k
 某知名公司 
 西安
 3-5年
 博士
 王先生
 ·
 猎头
 CDN产品经理 20-40k·13薪
 某国内计算机软件公司 战略融资
 上海
 5-10年
 学历不限
 齐女士
 ·
 猎头顾问
 AI安全技术工程师 20-30k
 中电信人工智能科技(北京)有限公司 天使轮
 北京-东城区
 3年以上
 统招本科
 王女士
 ·
 HR
 HMI(J30708) 60-80k
 奇瑞汽车 已上市
 芜湖
 5-10年
 统招本科
 冯女士
 ·
 HR招聘经理
 招生老师 4-12k·13薪
 媛来如此(广州)文化中心 
 广州-海珠区
 经验不限
 学历不限
 陈先生
 ·
 销售主管
 海外红人营销 29-45k·18薪
 某知名公司 D轮及以上
 深圳
 3-5年
 统招本科
 徐女士
 ·
 资深猎头顾问/猎头合伙人
 软件开发工程师 8-13k·14薪
 拉克(广东)科技有限公司 
 广州-天河区
 经验不限
 本科
 金先生
 ·
 首席执行官CEO/总裁/总经理
 AIGC内容经理/主管(J23022) 15-30k·15薪
 奇瑞集团 战略融资
 芜湖-弋江区
 5-10年
 统招本科
 乔先生
 ·
 招聘经理
 人工智能研发经理(建筑质量安全大模型) 40-70k
 某知名公司 融资未公开
 武汉
 经验不限
 博士
 刘女士
 ·
 猎头顾问
 客户成功经理(J13585) 18-30k
 慧策|旺店通(掌上先机) D轮及以上
 北京-海淀区
 经验不限
 本科
 李先生
 ·
 研发经理
 【央企直管】人工智能实验室算法工程师 35-45k
 某北京大型计算机软件公司 融资未公开
 北京
 5-10年
 硕士
 翟先生
 ·
 猎头顾问
 AI服务器架构师 40-50k
 亿阳信通 战略融资
 北京-石景山区
 5年以上
 本科
 李女士
 ·
 总经理
 研究实习员（生物信息、算法开发与人工智能方向） 6-10k
 广州实验室 
 广州-海珠区
 经验不限
 本科
 袁先生
 ·
 招聘专员
 产品经理 25-35k·14薪
 某上海广告/公关/会展公司 B轮
 上海
 3-5年
 统招本科
 方先生
 ·
 高级猎头顾问
 人工智能投资岗 25-50k
 某南京基金/证券/期货公司 融资未公开
 南京-建邺区
 3-5年
 硕士
 何女士
 ·
 人力资源总监
 售前解决方案 16-25k
 浙江合玛体育大数据科技有限公司 
 北京-丰台区
 5年以上
 统招本科
 宋女士
 ·
 人事主管
 AI算法工程师（大模型全栈） 18-25k
 杭州科芯未来工程技术研究有限责任公司 
 杭州-滨江区
 经验不限
 本科
 奚先生
 ·
 技术合伙人
 资深产业研究（人工智能） 20-40k
 某上海基金/证券/期货公司 融资未公开
 上海
 5-10年
 学历不限
 刘先生
 ·
 顾问
 高级TIK TOK运营专员 11-18k
 广州优岸美致时装有限公司 融资未公开
 广州-白云区
 3年以上
 本科
 胡先生
 ·
 HR
 信用卡客户经理 6-10k
 兴业银行股份有限公司广州美林社区支行 
 广州-越秀区
 经验不限
 本科
 谭先生
 ·
 支行零售行长
 亚马逊运营总监/经理 35-65k
 某国内大型印刷包装公司 C轮
 上海
 5-10年
 本科
 陈女士
 ·
 猎头顾问
 AI技术专家/人工智能技术专家 60-90k
 某上市集团公司 已上市
 北京
 10年以上
 本科
 颜女士
 ·
 资深顾问
 TIKTOK达人营销 16-20k
 艾崖莳信息技术(上海)有限公司 
 杭州-西湖区
 1-3年
 本科
 谢女士
 ·
 Manager, People
 多模态大模型Infra算法工程师 26-50k·15薪
 上海无垠跃迁科技有限公司 
 北京-海淀区
 3年以上
 本科
 周先生
 ·
 首席执行官CEO/总裁/总经理
 亚马逊广告投放（资深经理） 25-50k·15薪
 某深圳大型智能硬件公司 C轮
 深圳-南山区
 5-10年
 本科
 李女士
 ·
 猎头顾问
 AI 智能体平台产品经理 20-30k·15薪
 某北京IT服务公司 融资未公开
 上海
 5-10年
 统招本科
 赫先生
 ·
 合伙人/资深顾问(SC)
 高级产品经理 15-30k
 比亚迪汽车工业有限公司 战略融资
 深圳-坪山区
 3-5年
 本科
 黄女士
 ·
 产品经理（AI服务）
 推荐算法工程师 15-20k
 深圳星睿数智技术有限公司北京分公司 
 广州-越秀区
 经验不限
 本科
 李先生
 ·
 技术总监
 亚马逊站外推广（服装品类） 15-25k·13薪
 某大型批发/零售公司 
 深圳
 5-10年
 本科
 陈女士
 ·
 资深专业顾问",/,CSS / React / PMP / 算法 / HTML / jQuery / UG / AI,食品/饮料/酒水,https://www.liepin.com/job/1966213537.shtml
239,猎聘,能源/化工/环保,矿物加工,选煤工程师,企业,南京业恒达智能系统有限公司,100-499人,江苏省,南京,南京,12-16k,统招本科,1-3年,20220507144459,发展空间大 / 16薪 / 年终奖金 / 餐费补贴 / 领导好 / 年终奖 / 五险一金 / 15薪 / 五险 / 提供住宿,"1、以公司所研发产品及公司的选煤厂智能化整体解决方案为基础，与上下游专业配合，完成选煤厂相关智能化子系统或整体智能化设计；
2、项目前期时负责选煤相关技术支持工作，必要时进行现场踏勘及技术资料收集等工作，完成方案设计，并与客户进行沟通交流及方案汇报；
3、针对目前行业内存在的一些难点及痛点问题，配合公司研发部门进行科研攻关；
4、负责投标过程中技术文件的编制，并配合相关部门进行投标；
5、阶段性驻场，配合项目经理进行现场管理，解决现场技术问题；
6、负责与其他片区人员的信息沟通，实现资源共享，提高公司业绩；","1、矿物加工工程专业，本科及以上学历；
2、对选煤厂设备的工作原理、操作特性有足够的了解，可进行相关的流程计算，具备编制方案说明书、PPT演示文稿等文档的能力；
3、熟悉掌握CAD, Word, Excel、PPT等计算机办公软件及选煤厂设计软件，能够熟练运用三维绘图软件进行设计者优先；
4、具有良好的语言表达能力，思维逻辑清晰，善于观察和总结，能够与客户进行技术交流并明确客户需求，具有较强的问题分析与解决能力；
5、具备一定的市场分析及判断能力，良好的客户服务意识；
6、有责任心，能承受较大的工作压力；吃苦耐劳，适应阶段性出差；
7、具有较强的学习能力及团队协作能力，能够适应现场踏勘、资料收集等出差的需要；
8、具备较好的英语听说读写能力及驾驶证者优先；
9、责任心强、品质高尚，团队合作能力强，乐观向上，踏实勤劳；
10、具有创新思维和开拓精神，具备良好的抗压能力。
 查看全部",CSS / 英语 / React / CAD / PMP / Go / HTML / jQuery / UG / AI / Excel,互联网,https://www.liepin.com/job/1949453437.shtml
240,猎聘,能源/化工/环保,矿物加工,有色金属矿山设备工艺工程师   薪资（6000-1.5万）,企业,山东鑫金山智能装备有限公司,100-499人,徐州-贾汪区,徐州-贾汪区,徐州-贾汪区,6-15k,本科,3-5年,20250213142341,绩效奖金 / 领导好 / 节日福利 / 发展空间大 / 职位福利：五险一金 / 五险一金 / 周一到周五早9:00-18;00 / 13薪 / 五险 / 带薪年假职位亮点：周末双休 / 法定节假日 / 年终奖金 / 餐费补贴 / 年终奖 / 周末双休 / 法定节假日3 / 生育补贴 / 底薪+奖金 / 带薪年假 / 18薪,"1， 分析计算、工艺流程计算、设备选型和可研，初设工艺文件编制
2， 工艺专业施工图设计和文件编制
二，生产系统工艺布置及详细施工图设计
1， 工艺布置：矿厂工艺总平面布置、生产系统工艺布置、主要厂房布置
2， 详细施工图设计：包括与主工艺相关的胶带机等非标机械设备设计选型、非标设计、工艺管道设计、系统安装关系图，提交其它相关专业的设计资料","1、无机非金属材料、有色金属、矿物加工工程、水泥工程、机械工程等建材、水泥相关专业本科及以上学历
2、具有扎实的理论基础。
3、学习能力强，肯钻研，较强的行动力和执行力。
4、从事本专业5年及以上工作经验，具有一定的实践经验，熟练使用设计软件；
5、从事过金属，铜 铁 金 石墨一类的工艺设计优先考虑。
6、吃苦耐劳，积极主动，品行端正。
工作时间及薪资福利：
1、周一到周五早9:00-18;00,
2、周末双休，法定节假日
3、底薪+奖金",CSS / React / PMP / Go / HTML / jQuery / UG / AI,机械/设备,https://www.liepin.com/job/1972366865.shtml
241,猎聘,能源/化工/环保,矿物加工,市场支持工程师,企业,同方威视科技江苏有限公司,5000-10000人,常州-金坛区,常州-金坛区,常州-金坛区,6-12k·13薪,统招本科,经验不限,20231122163019,外派津贴 / 年终奖金 / 节日礼物 / 带薪年假 / 餐费补贴 / 子女福利 / 政府补贴 / 年终奖 / 五险一金 / 13薪 / 15薪 / 通讯津贴 / 五险 / 定期体检,"：
1. 配合市场经理为项目提供选煤/选矿工艺技术支持，进行现场勘察，收集技术资料并进行工艺设计
2. 支持市场经理与客户进行沟通交流及方案汇报
3. 搜集选煤/选矿相关行业信息、客户信息，并整理汇报
4. 参与矿石分选试验和半工业化测试
5. 参加行业展会、交流会等活动，搜集相关市场信息","1.本科及以上学历，矿物加工或选煤专业，3年以上选煤工艺设计相关工作经验
2.熟悉选煤/选矿设计规范和行业规范
3.能够熟练使用设计绘图软件及办公软件
4.具备良好的口头和书面表达能力，具备较强沟通能力和团队协作精神
5.具备良好的英文阅读、书写以及口语表达能力
6.具有较强的学习能力，能够适应一定的出差需求
 查看全部",CSS / React / PMP / 算法 / Go / HTML / jQuery / UG / AI,机械/设备,https://www.liepin.com/job/1957104231.shtml
242,猎聘,能源/化工/环保,矿物加工,人力资源专员/助理,企业,嘉兴新模文化传媒有限公司,1-49人,徐州-云龙区,徐州-云龙区,徐州-云龙区,6-7k,大专,1-3年,20240316160404,16薪 / 13薪 / 14薪 / 15薪,"人力资源专员/助理职位已暂停招聘_猎聘
 该职位已暂停招聘
 投递了该职位的人还查看了
 3D动作设计师 7-15k·13薪
 成都晴果网络科技有限公司 
 成都
 3-5年
 大专
 李女士
 ·
 HR
 深度学习算法工程师 20-40k
 江苏知科行信息技术有限公司 
 北京
 经验不限
 硕士
 汪先生
 ·
 深度学习算法工程师
 资深嵌入式开发（通用） 40-70k·15薪
 某深圳大型智能硬件公司 C轮
 上海-浦东新区
 5-10年
 本科
 见先生
 ·
 首席顾问
 运维工程师大数据方向 10-15k·13薪
 北京东方龙马软件发展有限公司 融资未公开
 深圳
 3-5年
 统招本科
 李先生
 ·
 深圳办事处总监
 短视频内容策划 10-15k
 武汉思践悟企业管理咨询有限公司 
 武汉
 1-3年
 大专
 胡女士
 ·
 HR
 机器学习算法工程师 15-25k·15薪
 中联重科 已上市
 长沙-望城区
 经验不限
 硕士
 刘先生
 CFO 65-85k
 某深圳计算机硬件公司 B轮
 深圳
 经验不限
 统招本科
 肖先生
 ·
 项目经理、猎头高级顾问
 大数据运维工程师 15-21k
 上海华钦信息科技股份有限公司 战略融资
 北京-朝阳区
 3-5年
 本科
 李女士
 ·
 人事经理
 新媒体经理 4-5k
 青岛新世旭言文化传播有限公司 
 青岛-市南区
 1-3年
 本科
 李先生
 ·
 总经理
 深度学习算法工程师 20-40k·16薪
 江苏知科行信息技术有限公司 
 上海
 经验不限
 硕士
 汪先生
 ·
 深度学习算法工程师
 文案/内容策划（短视频方向） 6-8k
 娜粒米文化艺术传媒 
 广州
 1-3年
 本科
 杨先生
 ·
 总经理
 AI推理芯片-资深项目经理 130-160k
 某电子/半导体/集成电路公司 
 杭州
 10年以上
 统招本科
 徐侠
 ·
 顾问
 三体计算星座天基分布式操作系统研发专家 60-90k
 某杭州大型人工智能公司 
 杭州
 10年以上
 硕士
 李先生
 ·
 高级人才顾问
 短视频运营 10-15k
 广州荟康颗粒健康管理科技有限公司 
 广州-黄埔区
 1-3年
 本科
 林先生
 ·
 负责人
 maya动画师 13-20k
 上海祥翊文化传媒有限公司 
 上海
 1-3年
 学历不限
 陆先生
 ·
 团队经理
 眼科医生博士 24-25k
 长沙爱尔眼科医院 融资未公开
 长沙-天心区
 经验不限
 博士
 罗先生
 ·
 招聘经理/主管
 短视频内容策划 10-15k
 长沙抱腹商贸有限公司 
 长沙
 经验不限
 本科
 黄女士
 ·
 招聘者
 客户服务专员/助理 4-5k
 唐吉珂得 
 杭州
 经验不限
 中专/中技
 赵女士
 ·
 首席执行官CEO/总裁/总经理
 数据融合算法工程师 30-60k
 宏银信息 已上市
 上海
 5-10年
 本科
 李女士
 ·
 HR
 眼科博士医师 24-25k
 长沙爱尔眼科医院 融资未公开
 长沙-天心区
 经验不限
 博士
 罗先生
 ·
 招聘经理/主管
 短视频编导&内容策划 7-15k
 北京秒帧科技发展有限公司 融资未公开
 北京-海淀区
 1-3年
 本科
 吴女士
 ·
 人事行政
 营销算法资深开发工程师/技术专家 45-70k·16薪
 得物 A轮
 杭州-西湖区
 2年以上
 统招本科
 朱女士
 ·
 招聘专员
 视频AIGC数据算法工程师 30-50k·15薪
 北京三代科技有限公司 天使轮
 北京
 1-3年
 硕士
 赵女士
 ·
 Hr
 深度学习算法工程师 30-50k
 北京脉智通明科技有限公司 
 北京-朝阳区
 经验不限
 硕士
 苏女士
 ·
 招聘经理
 项目运营 25-40k·16薪
 某宁波大型机械/设备公司 融资未公开
 杭州
 5-10年
 统招本科
 李女士
 ·
 猎头顾问
 大模型安全/技术性PM/P8/杭州/上海 40-70k·16薪
 某上海生活服务O2O上市公司 已上市
 杭州
 5-10年
 统招本科
 李国豪
 ·
 猎头
 爬虫工程师(酒旅平台) 20-30k
 某广州旅游公司 融资未公开
 上海
 3-5年
 本科
 杨先生
 ·
 资深猎头
 深度学习算法工程师 20-25k·13薪
 上海心能数智科技有限公司 A轮
 上海-徐汇区
 经验不限
 本科
 徐先生
 ·
 CEO
 数据融合算法工程师 18-35k·14薪
 润光智能(深圳)有限公司 A轮
 深圳
 3-5年
 硕士
 郭先生
 ·
 CHO
 深度学习框架研发工程师（训练）-北京 30-50k
 Baidu 已上市
 北京-海淀区
 经验不限
 本科
 董女士
 ·
 hr",/,CSS / 深度学习 / React / 机器学习 / PMP / 算法 / HTML / Maya / jQuery / UG / AI,培训服务,https://www.liepin.com/job/1965529271.shtml
243,猎聘,能源/化工/环保,矿物加工,矿山设备工艺工程师 薪资（6000-1.5万）,企业,山东鑫金山智能装备有限公司,100-499人,徐州-贾汪区,徐州-贾汪区,徐州-贾汪区,6-15k,本科,3-5年,20250213142751,绩效奖金 / 领导好 / 节日福利 / 发展空间大 / 职位福利：五险一金 / 五险一金 / 周一到周五早9:00-18;00 / 五险 / 带薪年假职位亮点：周末双休 / 法定节假日 / 年终奖金 / 餐费补贴 / 年终奖 / 周末双休 / 法定节假日3 / 生育补贴 / 底薪+奖金 / 带薪年假 / 18薪 / 扁平管理,"1， 分析计算、工艺流程计算、设备选型和可研，初设工艺文件编制
2， 工艺专业施工图设计和文件编制
二，生产系统工艺布置及详细施工图设计
1， 工艺布置：矿厂工艺总平面布置、生产系统工艺布置、主要厂房布置
2， 详细施工图设计：包括与主工艺相关的胶带机等非标机械设备设计选型、非标设计、工艺管道设计、系统安装关系图，提交其它相关专业的设计资料","1、无机非金属材料、有色金属、矿物加工工程、水泥工程、机械工程等建材、水泥相关专业本科及以上学历
2、具有扎实的理论基础。
3、学习能力强，肯钻研，较强的行动力和执行力。
4、从事本专业5年及以上工作经验，具有一定的实践经验，熟练使用设计软件；
5、从事过金属，铜 铁 金 石墨一类的工艺设计优先考虑。
6、吃苦耐劳，积极主动，品行端正。
工作时间及薪资福利：
1、周一到周五早9:00-18;00,
2、周末双休，法定节假日
3、底薪+奖金",CSS / React / PMP / Go / HTML / jQuery / UG / AI,机械/设备,https://www.liepin.com/job/1972367161.shtml
244,猎聘,能源/化工/环保,矿物加工,选矿技术员,企业,扬州和峰科技有限公司,1-49人,江苏省,扬州,扬州,8-24k,本科,1-3年,20230703141643,发展空间大 / 团队聚餐 / 餐费补贴 / 18薪 / 领导好 / 带薪年假 / 优秀员工奖 / 技能培训 / 五险一金 / 13薪 / 加班补贴 / 五险 / 聚餐,：,"1.负责选矿生产线的技术管理和优化，制定并实施选矿流程、试验计划和技术方案； 
2.负责选矿设备的维护保养和改造升级，提高设备的稳定性和效率； 
3.收集和分析选矿过程中的数据，对选矿生产进行监控和优化； 
4.协调生产现场和技术部门之间的工作，处理生产线上出现的技术问题；
5.培训和指导操作人员，提高选矿生产线的操作技能和安全意识。 
工作要求： 
1.具有采矿、选矿、矿物加工等相关专业等相关专业的本科及以上学历； 
2.熟悉常用选矿工艺、设备和仪器的原理和应用；
3.具备较强的数据分析和解决问题的能力；
4.具备较好的沟通协调和团队合作能力；
5.有较好的安全意识和质量意识；
6.具有良好的职业道德和素养，踏实稳重,工作细心责任心强；
7.完成领导交办的其他任务；
8.偏BD方向，看好再投递。
薪资福利待遇： 
1.根据个人经验和能力，公司提供具有竞争力的薪资
2.早九晚五、带薪年假、职业发展机会等福利待遇。
 查看全部",沟通协调 / CSS / React / PMP / 数据分析 / Go / HTML / jQuery / UG / AI,计算机软件,https://www.liepin.com/job/1958996123.shtml
245,猎聘,能源/化工/环保,矿物加工,矿物检测,企业,江苏旌凯中科超导高技术有限公司,50-99人,无锡-江阴,无锡-江阴,无锡-江阴,4-8k,大专,经验不限,20220917143635,发展空间大 / 绩效奖金 / 技能培训 / 五险一金 / 13薪 / 五险 / 岗位晋升,"：1、超导磁选-弱磁性矿物分离后的矿物检测工作；
 2、主要检测矿物有高岭土、石英砂、铁、钛、氧化锂含量等
 3、出具检测报告
 4、检测设备的维护、管理
 5、熟悉并参与选矿实验","1、大专或本科学历
 2、矿物加工专业或化学专业
 查看全部",CSS / React / PMP / Go / HTML / jQuery / UG / AI,专业技术服务,https://www.liepin.com/job/1952645157.shtml
246,猎聘,能源/化工/环保,矿物加工,选矿厂生产副总,企业,连云港鑫齐力新材料有限公司,100-499人,连云港-连云区,连云港-连云区,连云港-连云区,20-25k,本科,5年以上,20260609172622,管理规范 / 坐落于上合组织（连云港）国际物流园 / 占地300亩 / 绩效奖金 / 正以蓬勃之势崛起 / 免费食宿。🚀 / 成长机会：技术培训 / 晋升通道 / 团队建设 / 发展空间大 / 提供保税加工 / 增值潜力无限。鑫齐力 / 五险一金 / 13薪 / 工艺先进 / 广纳贤才 / 五险 / 弹性工作 / 交通便捷 / 矿石精选680万吨,"1、全流程管理：统筹选矿厂生产、技术、安全、成本控制及团队建设，确保高效稳定运行。
2、技术核心：主导铜、铁、铅、锌选矿工艺优化，推进试验创新与化验精准分析，提升回收率与效益。
3、团队领导力：组建并培养技术骨干团队，落实标准化管理与安全环保体系。
4、战略执行：参与企业战略规划，推动智能化、绿色化选矿技术升级。","🔹硬性条件：
1、本科及以上学历（矿物加工、选矿工程等相关专业），研究生优先；
2、5年及以上选矿厂管理经验，精通铜/铁/铅/锌矿产选矿工艺；
3、熟悉选矿试验设计、化验流程及设备操作，具备解决复杂技术问题的能力；
4、拒绝一年两跳、两年三跳等频繁跳槽。
🔹核心能力：
1、较强的生产调度、成本管控与风险预判能力；
2、卓越的团队管理、跨部门协作及决策能力。
🔹优先录用：
1、有大型选矿项目成功经验者；
2、熟悉智能选矿技术或绿色矿山建设者。
薪资福利
💰 薪酬：基础月薪20000元（含五险一金）+ 年终奖 + 绩效奖金（上不封顶）
🎁 福利：带薪年假、节日礼金、免费食宿。
🚀 成长机会：技术培训、行业峰会参与、管理晋升绿色通道。
工作地点
江苏省连云港市连云区（交通便利，配套完善）
公司简介
连云港鑫齐力新材料有限公司，坐落于上合组织（连云港）国际物流园，依托港口优势，交通便捷，物流成本低廉。公司核心项目——矿石精选及高标仓保税物流基地，占地300亩，矿石精选680万吨/年，主要做铁矿石精选和铜铅锌等有色金属浮选，配备5台φ3660球磨机，工艺先进，产能雄厚。
同时，鑫齐力拥有三个高标仓及两个混配矿仓库，提供保税加工、货物堆存等一站式服务，助力全球采购与转口贸易，增值潜力无限。
鑫齐力，正以蓬勃之势崛起，广纳贤才，共创矿石精选与保税物流新辉煌！
 查看全部",Git / CSS / 团队管理 / React / PMP / Go / HTML / jQuery / UG / AI,专业技术服务,https://www.liepin.com/job/1980552515.shtml
247,猎聘,能源/化工/环保,矿物加工,选矿工程师,企业,盛和资源控股股份有限公司,1000-2000人,连云港-连云区,连云港-连云区,连云港-连云区,6-15k,/,/,20250630153124,五险 / 五险一金 / 生日福利 / 节日福利,"招聘专业：
矿物加工工程、矿业工程（矿物加工方向）","1.硕士研究生、本科及专科应届毕业生或有1-3年工作经验的往届生；
2.具有较强的学习能力、沟通能力、成就导向、抗压能力
福利待遇：
我们为你提供快速成长的环境,各类补贴,节日福利,丰厚奖金,餐饮保障,带薪假期,五险一金,生日福利等。
工作地点：
海南文昌、江苏连云港
截止日期：2026年06月27日
招聘人数：1人
 查看全部",CSS / React / PMP / Go / HTML / jQuery / UG / AI,矿产开采,https://www.liepin.com/lptjob/75412333
248,猎聘,能源/化工/环保,矿物加工,资料管理员,企业,厦门台聚贸易有限公司,/,福建省,厦门,厦门,6-7k,学历不限,经验不限,20240411162400,16薪 / 13薪 / 18薪 / 15薪,"建筑资料员职位已暂停招聘_猎聘
 该职位已暂停招聘
 投递了该职位的人还查看了
 三体计算星座天基分布式操作系统研发专家 60-90k
 某杭州大型人工智能公司 
 杭州
 10年以上
 硕士
 李先生
 ·
 高级人才顾问
 市场营销总监 20-21k
 某南京广播/影视/录音公司 
 南京
 5-10年
 大专
 卢女士
 ·
 猎头顾问
 TIKTOK达人营销 16-20k
 艾崖莳信息技术(上海)有限公司 
 杭州-西湖区
 1-3年
 本科
 谢女士
 ·
 Manager, People
 【程序/美术】特效引擎开发 30-60k
 某北京知名上市公司 已上市
 北京-朝阳区
 5-10年
 学历不限
 陈先生
 ·
 互联网行业｜team leader
 研发设计工程师 薪资面议
 科都电气 融资未公开
 温州-乐清
 3-5年
 大专
 何先生
 ·
 HR
 原料药海外销售经理 20-30k
 某知名公司 
 南京
 8-10年
 本科
 周女士
 ·
 猎头顾问
 生产技术科科长 薪资面议
 富冶集团有限公司 融资未公开
 上饶-横峰县
 5-10年
 大专
 雷先生
 ·
 企管人资副副部长
 SAP售前经理 25-35k
 北京能科瑞元数字技术有限公司 战略融资
 广州
 5-10年
 本科
 刘女士
 ·
 招聘主管
 高级咨询顾问（人力资源方向） 25-35k
 中大咨询集团 融资未公开
 长沙
 5-10年
 硕士
 李女士
 ·
 集团高级经理
 亚马逊客服 6-8k
 深圳奈斯迪尔科技有限公司 融资未公开
 深圳-南山区
 1年以下
 大专
 曾女士
 ·
 人事专员
 高级研发经理 30-50k·13薪
 锦行科技 A轮
 广州-天河区
 5-10年
 本科
 张女士
 ·
 HRBP
 key account manager 薪资面议
 马瑞利汽车零部件(芜湖)有限公司上海分公司 融资未公开
 上海-浦东新区
 5-10年
 本科
 王女士
 ·
 HRBP
 高级TIK TOK运营专员 11-18k
 广州优岸美致时装有限公司 融资未公开
 广州-白云区
 3年以上
 本科
 胡先生
 ·
 HR
 Python 15-16k
 某北京计算机软件公司 融资未公开
 北京
 3-5年
 统招本科
 于先生
 ·
 招聘专员
 外贸总监 20-30k
 某国内新能源公司 融资未公开
 南京
 5-10年
 大专
 秦女士
 ·
 猎头顾问
 客户端程序(J10064) 21-27k
 卓越工坊 融资未公开
 北京-朝阳区
 3-5年
 本科
 郭先生
 ·
 HR
 【程序】动画引擎开发 30-60k
 某北京知名上市公司 已上市
 北京-朝阳区
 5-10年
 学历不限
 陈先生
 ·
 互联网行业｜team leader
 亚马逊运营总监/经理 35-65k
 某国内大型印刷包装公司 C轮
 上海
 5-10年
 本科
 陈女士
 ·
 猎头顾问
 销售经理（自动化产品类） 9-27k
 都盈电子科技 融资未公开
 南京-秦淮区
 2年以上
 大专
 江先生
 ·
 销售经理
 滴滴出行企业版--大客户销售 10-12k
 湖南云出行网络科技有限公司 融资未公开
 长沙-岳麓区
 1-3年
 大专
 刘女士
 ·
 人事专员
 天猫官旗推广专业经理 25-30k
 某南京大型电子商务公司 不需要融资
 南京
 3-5年
 本科
 王女士
 ·
 猎头顾问
 滴滴企业版-大客户销售主管 10-18k
 湖南云出行网络科技有限公司 融资未公开
 长沙-岳麓区
 3-5年
 大专
 刘女士
 ·
 人事专员
 D06M12 网络爬虫技术专家-【垂类大模型】-杭州 35-55k·15薪
 某杭州大型计算机软件公司 D轮及以上
 杭州
 3-5年
 统招本科
 毋先生
 ·
 猎头
 蚂蚁集团-游戏引擎工程师 30-50k
 某杭州大型计算机软件公司 D轮及以上
 北京
 1-3年
 本科
 郑女士
 ·
 猎头顾问
 亚马逊站外推广（服装品类） 15-25k·13薪
 某大型批发/零售公司 
 深圳
 5-10年
 本科
 陈女士
 ·
 资深专业顾问
 项目运营 25-40k·16薪
 某宁波大型机械/设备公司 融资未公开
 杭州
 5-10年
 统招本科
 李女士
 ·
 猎头顾问
 亚马逊广告投放（资深经理） 25-50k·15薪
 某深圳大型智能硬件公司 C轮
 深圳-南山区
 5-10年
 本科
 李女士
 ·
 猎头顾问
 Unreal 程序（中级） 20-25k
 北京璠华博幻科技有限公司 
 北京-朝阳区
 3-5年
 统招本科
 杨女士
 ·
 人事经理
 海外红人营销 29-45k·18薪
 某知名公司 D轮及以上
 深圳
 3-5年
 统招本科
 徐女士
 ·
 资深猎头顾问/猎头合伙人
 TikTok电商运营 13-20k
 深圳市蜜哒斯国际食品科技有限公司 
 深圳-南山区
 3年以上
 大专
 宋女士
 ·
 人力资源经理",/,CSS / React / Python / PMP / HTML / jQuery / UG / AI,贸易/进出口,https://www.liepin.com/job/1966184487.shtml
249,猎聘,能源/化工/环保,矿物加工,选矿培养生,企业,盛和资源控股股份有限公司,1000-2000人,连云港-连云区,连云港-连云区,连云港-连云区,6-15k,/,/,20250618153356,五险 / 五险一金 / 生日福利 / 节日福利,"招聘专业：
矿物加工工程、矿业工程（矿物加工方向）","1.硕士要就剩、本科及专科应届毕业生或有1-3年工作经验的往届生；
2.具有较强的学习能力、沟通能力、成就导向、抗压能力。
福利待遇：
我们为你提供快速成长的环境,各类补贴,节日福利,丰厚奖金,餐饮保障,带薪假期,五险一金,生日福利等。
工作地点：
海南文昌、江苏连云港
截止日期：2026年06月18日
招聘人数：1人
 查看全部",CSS / React / PMP / Go / HTML / jQuery / UG / AI,矿产开采,https://www.liepin.com/lptjob/75211277
250,猎聘,能源/化工/环保,矿物加工,选矿管培生（应届毕业生）,企业,连云港鑫齐力新材料有限公司,100-499人,连云港-连云区,连云港-连云区,连云港-连云区,6-8k,/,/,20260610125820,包住 / 咖啡 / 包吃,"1. 参与选矿车间的日常生产运营，学习磨矿、磁选、浮选等核心工艺的操作与参数优化。
2. 协助技术团队完成矿石性质分析、工艺流程改进及生产数据的统计与分析。
3. 参与设备巡检与维护工作，保障生产系统的稳定运行，学习处理常见设备故障。
4. 配合现场管理人员完成生产计划执行、安全规范落实及班组协调工作。","1. 本科及以上学历，矿物加工工程、矿物资源工程、采矿工程、冶金工程、材料科学、矿山管理、矿山机械等相关专业优先，应届毕业生或毕业1-2年毕业生。
2. 熟悉选矿基本原理与工艺流程，掌握常见选矿设备的工作原理。
3. 具备较强的学习能力与动手能力，能适应矿山企业的工作环境与倒班制度。
4. 拥有良好的团队协作意识与沟通能力，责任心强，能承受一定的工作压力。
福利条件：
1.包吃包住
2.系统化的管培生培养方案
截止日期：2027年06月10日
招聘人数：10人
 查看全部",CSS / React / PMP / Go / HTML / jQuery / UG / AI,专业技术服务,https://www.liepin.com/lptjob/83315387
251,猎聘,能源/化工/环保,矿物加工,选矿技术员,企业,南京金基控股集团,1000-2000人,南京-秦淮区,南京-秦淮区,南京-秦淮区,9-10k,/,/,20260311083651,/,"】 
1、协助指导矿山选矿技术管理及建立健全选矿管理制度等基础性工作，参与矿山选择合适的选矿方法；
2、协助所属生产任务完成情况及技术革新改造的监督、检查，参与采矿方面的生产、技术问题会诊，提出解决意见；
3、探索矿山企业不断进行选矿技术革新，以提高选矿回收率和精矿品位；
4、负责选矿技术资料的收集、整理、归档。
5、参与拟并购项目的技术考察，分析研判选矿技术风险并提出风控意见。
【","】 
1、选矿工程、矿物加工工程相关专业，统招本科及以上学历，欢迎2026年应届本科及硕士生投递； 
2、善于沟通并解决突发问题，具有良好人际交往能力；
3、该岗位隶属公司矿业部管理，工作地点为江苏省南京市，需能接受间断性外业工作。
截止日期：2027年03月06日
招聘人数：1人
 查看全部",CSS / React / PMP / Go / HTML / jQuery / UG / AI,其他商务服务业,https://www.liepin.com/lptjob/80693133
252,猎聘,能源/化工/环保,矿物加工,总经理秘书,猎头,深圳市和鑫晟食品科技有限公司,/,深圳-南山区,深圳-南山区,深圳-南山区,15-20k·13薪,本科,3-5年,20240411231913,16薪 / 18薪 / 绩效奖金 / 13薪 / 15薪 / 14薪,"：
1.根据总经理的要求，负责撰写品牌各阶段工作总结、起草各类通知、会议纪要等文案；
2.协助总经理维护客户关系、负责品牌各部门年度发展规划收集、汇总；
3.项目化管理月度考核表的收集、编辑并上报至战略项目落地；
4.协助品牌订货会或论坛的开展；
5.总经办资料、文件的分类管理和存档，检查与指导以及保密工作。
情商高，沟通表达能力强，形象好，基本薪酬10K-15K，依据工作能力有月度考核奖励绩效奖金，表现好的综合年薪能达到25W以上。","1.25-35岁，，身高160CM以上；
2.专科以上学历，工作经验3年以上；熟悉办公软件WORD、EXCEL、PPT等，能适应短期出差，C照优先。
3.性格外向，积极主动，善于沟通，中小型企业1年以上同岗位工作经验；
4.可熟练操作办公自动化软件，
6.后期根据工作情况优异，调入重要部门任要职；
 查看全部",JavaScript / CSS / Java / 日语 / React / CAD / Python / PMP / 算法 / Go / HTML / jQuery / UG / AI / Excel,批发/零售,https://www.liepin.com/job/1965306081.shtml
253,猎聘,能源/化工/环保,矿物加工,选冶副厂长 (MJ001488),企业,力勤资源,10000人以上,宁波-鄞州区,宁波-鄞州区,宁波-鄞州区,50-70k,本科,10年以上,20260515172326,16薪 / 年终奖金 / 餐费补贴 / 年终奖 / 住房补贴 / 五险一金 / 13薪 / 公司规模大 / 五险 / 14薪,"1、矿物加工工程/选矿专业，本科及以上学历。
2、具有10年以上(工程师5年及以上)金矿选冶厂一线实践、管理、运营经验，选冶规模在500万吨/年以上(产金锭5t/年以上)，。
3、能够全面负责组织、管理、运营整个选冶厂。
4、负责整个选冶厂生产、设备健康、安全和环保等方面的管理。
5、具有较强的团队组织与管理能力，突发情况的应急处理能力。
6、具有大型央、国企或大型民企金矿国内或海外实践经验者优先。
7、其他
 查看全部","2. 如您应聘的岗位属于涉外劳务合作/海外岗位的，请务必核实招聘方对外劳务合作资质取得情况，同时注意自身资金安全，防范招聘欺诈。
 3. 本平台招聘方不向求职者提供任何收费服务。
 查看全部
 相关推荐
 展开
 宁波热电分厂厂长招聘
 宁波水厂厂长招聘
 宁波电机制造厂长招聘
 宁波电子产品生产厂长招聘
 宁波卫浴厂长招聘
 宁波服装工厂管理招聘
 宁波牛仔生产工厂厂长招聘
 宁波塘沽加工厂正职招聘
 宁波钢结构工厂总经理招聘
 宁波分厂管理招聘
 宁波混凝土构件生产技术经理招聘
 宁波发酵工厂厂长招聘
 宁波冰箱工厂厂长招聘
 宁波高端门厂长招聘
 宁波储能工厂厂长招聘
 宁波智能料场厂长招聘
 宁波电机厂长招聘
 宁波精益化生产总监招聘
 宁波沂南纺织工厂厂长招聘
 宁波木材加工厂负责人招聘
 宁波生鲜牛蛙加工厂厂长招聘
 宁波树脂工厂长招聘
 宁波焙烧硫酸厂长招聘
 宁波蛋糕生产厂长招聘
 宁波工厂管理依米招聘
 宁波罐头厂厂长招聘
 宁波代工厂管理招聘
 宁波炼钢副厂长招聘
 宁波港闸生产厂长招聘
 宁波加工厂长招聘
 相关公司
 力勤资源
 天瑞集团
 宁波市海曙同山机械配件厂
 宁波思通矿业有限公司
 宁波搏盛阀门管件有限公司
 宁波欣泰磁器件有限公司
 寰宇东方国际集装箱(宁波)有限公司
 青岛鼎信通讯消防安全有限公司
 美特集团
 亿嘉宏(宁波)智能科技有限公司
 苏州晟涂宇科技有限公司
 宁波市北仑天新机械有限公司
 宁波领坤新材料科技有限公司
 富冶
 浙江膳祖厨具有限公司
 浙江弗兰克精密铸造有限公司
 扬州市景杨表面工程有限公司
 宁波元邑工贸有限公司
 宁波大华砂轮有限公司
 宁波昱隆磁业有限公司
 安徽弘昌新材料股份有限公司
 中冶赛迪集团有限公司
 寒锐钴业
 宁波海纳铸造有限公司
 宁波鑫丰磁业有限公司
 热门城市
 北京招聘网
 上海招聘网
 广州招聘网
 厦门招聘网
 杭州招聘网
 郑州招聘网
 南京招聘网
 天津招聘网
 重庆招聘网
 成都招聘网
 苏州招聘网
 商丘招聘网
 大连招聘网
 济南招聘网
 宁波招聘网
 无锡招聘网
 青岛招聘网
 沈阳招聘网
 台州招聘网
 西安招聘网
 武汉招聘网
 热门招聘
 北京招聘信息
 上海招聘信息
 广州招聘信息
 厦门招聘信息
 杭州招聘信息
 郑州招聘信息
 南京招聘信息
 天津招聘信息
 重庆招聘信息
 成都招聘信息
 苏州招聘信息
 商丘招聘信息
 大连招聘信息
 济南招聘信息
 宁波招聘信息
 无锡招聘信息
 青岛招聘信息
 沈阳招聘信息
 台州招聘信息
 西安招聘信息
 武汉招聘信息
 宁波招聘网
 >
 宁波工厂厂长招聘
 >
 选冶副厂长 (MJ001488)招聘
 收藏职位
 立即沟通
 立即应聘
 更新时间：2026-06-08",CSS / React / PMP / Go / HTML / jQuery / UG / AI,矿产开采,https://www.liepin.com/job/1982484023.shtml
254,猎聘,能源/化工/环保,矿物加工,浙江单位招聘选矿工程师,企业,某知名公司,50-99人,浙江省,金华,金华,10-15k,学历不限,1-3年,20260330093509,出差有补贴项目类型：生产研发设备 / 五险一金 / 13薪 / 高温补贴 / 周末双休 / 法定节假日福利 / 五险 / 双休 / 高温补贴等等要求：统招本科学历 / 矿物加工或选矿工程专业毕业 / 7年以上矿业工作经验 / 法定节假日 / 能接受出差 / 工作地点：浙江金华 / 14薪,"浙江单位招聘选矿工程师（2）人，
薪资：月薪1W-2W，一人一议；行政班早8晚5，加班有加班费
福利：五险一金，周末双休，法定节假日福利，高温补贴等等
要求：统招本科学历，矿物加工或选矿工程专业毕业，7年以上矿业工作经验，能接受出差，出差有补贴
项目类型：生产研发设备 
工作地点：浙江金华
 查看全部","2. 如您应聘的岗位属于涉外劳务合作/海外岗位的，请务必核实招聘方对外劳务合作资质取得情况，同时注意自身资金安全，防范招聘欺诈。
 3. 本平台招聘方不向求职者提供任何收费服务。
 查看全部
 相关推荐
 展开
 金华采矿工程师助理招聘
 金华采矿设计高级工程师招聘
 金华采矿工程高级工程师招聘
 金华采矿总工程师招聘
 金华采矿工艺工程师招聘
 金华交付采矿高级工程师招聘
 金华充填工程师招聘
 金华矿管工程师招聘
 金华采矿技术岗招聘
 金华采矿选矿工程师招聘
 金华采矿工程设计师招聘
 金华助理采矿工程师招聘
 金华充填采矿工程师招聘
 金华矿山开采高级工程师招聘
 金华采选工程岗招聘
 金华采矿副矿长招聘
 金华采矿工程总监招聘
 金华磷矿总工程师招聘
 金华地采项目矿长招聘
 金华采煤机技术工程师电气工程师招聘
 金华尾矿库工程师招聘
 金华采选工程师招聘
 金华矿山运营管理岗招聘
 金华矿山基建工程师招聘
 金华煤矿生产工程师招聘
 金华采掘副总工程师招聘
 金华矿山工程管理人员招聘
 金华矿山生产管理招聘
 金华矿区生产副总招聘
 金华矿业管理岗招聘
 相关公司
 浦江思凯置业有限公司
 永康市古山睿尔雅塑料制品厂
 鸿威化妆品(义乌市)有限公司
 义乌市欣乐食品有限公司
 东阳市博众影视传媒有限公司
 义乌硕能电子科技有限公司
 浙江筋斗云智能科技有限公司
 金华赛德食品有限公司
 金华融昌迅维科技有限公司
 浙江磐安绿光电子有限公司
 浙江博星工贸有限公司
 义乌市酷众服装厂
 义乌市宏安房地产营销策划有限公司
 浙江英禾太阳能科技有限公司
 热门城市
 北京招聘网
 上海招聘网
 广州招聘网
 厦门招聘网
 杭州招聘网
 郑州招聘网
 南京招聘网
 天津招聘网
 重庆招聘网
 成都招聘网
 苏州招聘网
 商丘招聘网
 大连招聘网
 济南招聘网
 宁波招聘网
 无锡招聘网
 青岛招聘网
 沈阳招聘网
 台州招聘网
 西安招聘网
 武汉招聘网
 周边城市
 杭州找工作
 台州找工作
 丽水找工作
 宁波找工作
 温州找工作
 嘉兴找工作
 湖州找工作
 绍兴找工作
 衢州找工作
 舟山找工作
 金华招聘网
 >
 金华采矿工程师招聘
 >
 浙江单位招聘选矿工程师招聘
 收藏职位
 立即沟通
 更新时间：2026-06-10",JavaScript / CSS / Java / React / PMP / Go / HTML / jQuery / UG / AI,人力资源服务,https://www.liepin.com/a/73117903.shtml
255,猎聘,能源/化工/环保,矿物加工,选矿专家,企业,浙江交通资源投资集团有限公司,500-999人,杭州-上城区,杭州-上城区,杭州-上城区,薪资面议,硕士,10年以上,20260316092028,16薪 / 年终奖金 / 带薪年假 / 节日礼物 / 餐费补贴 / 年终奖 / 18薪 / 五险一金 / 13薪 / 15薪 / 五险 / 定期体检 / 年度旅游 / 14薪,：,"1.开展选矿工艺技术可行性评估，分析矿石性质与选矿工艺的匹配性、选矿指标合理性及技术经济性，为投资决策提供关键技术依据；
2.主导选矿环节尽职调查，核查选矿试验报告、选矿厂设计方案、生产运营数据等资料，实地考察选矿厂生产现场，识别选矿工艺缺陷、设备配置问题、环保隐患及成本浪费风险；
3.负责解决选矿生产运营情况，监测选矿指标达标情况，针对选矿效率低、成本高、环保不达标等问题提供技术改进方案；推动选矿工艺升级、设备迭代及药剂优化，提升项目经济效益；
4.研究国内外金属矿及战略性矿产选矿技术前沿，搭建选矿技术资源网络，储备优质选矿技术服务商、设备供应商及科研机构资源。 
工作地点：全国
 查看全部",CSS / React / PMP / Go / HTML / jQuery / UG / AI,其他商务服务业,https://www.liepin.com/job/1979697265.shtml
256,猎聘,能源/化工/环保,矿物加工,base印尼：选矿技术员,企业,浙江青展控股集团有限公司,100-499人,温州-龙湾区,温州-龙湾区,温州-龙湾区,13-19k,大专,经验不限,20260429133912,共同开启职业新篇章！ / 职业发展： / 助力您的职业成长。我们期待您的加入 / 13薪 / 节日福利 / 免费食宿以及年度体检等。4. / 年度体检 / 生日福利 / 晋升通道 / 我们提供完善的人才培养计划和清晰的晋升通道 / 根据国家规定缴纳保险,"该岗位为驻外（印尼）岗位
招聘","1. 教育背景： 我们诚邀专科及以上学历的应届或往届毕业生加入我们的团队，专业要求为矿物加工、矿业工程等相关领域，有一年以上工作经验优先。
2. 技能与素质： 熟练运用各类办公软件，具备出色的沟通表达能力及扎实的文字功底。
公司福利待遇：
1. 薪酬待遇： 员工月薪12k-15k，班长级月薪15k-19k，工程师月薪19k-23k，经理级及以上薪酬面议（均为税前综合收入）。
2. 带薪休假： 每年享有两到三次带薪休假，每次15天，并承担往返机票及签证费用。
3. 全面福利： 根据国家规定缴纳保险、节日福利、生日福利、免费食宿以及年度体检等。
4. 职业发展： 我们提供完善的人才培养计划和清晰的晋升通道，助力您的职业成长。
我们期待您的加入，共同开启职业新篇章！
 查看全部",CSS / React / PMP / Go / HTML / jQuery / UG / AI,批发/零售,https://www.liepin.com/job/1982187387.shtml
257,猎聘,能源/化工/环保,矿物加工,矿业技术专家,企业,吉利科技集团有限公司,2000-5000人,杭州-滨江区,杭州-滨江区,杭州-滨江区,30-60k·15薪,本科,10年以上,20260420093042,发展空间大 / 年终奖金 / 带薪年假 / 绩效奖金 / 领导好 / 节日礼物 / 年终奖 / 住房补贴 / 五险一金 / 13薪 / 18薪 / 15薪 / 公司规模大 / 五险 / 免费班车 / 班车 / 14薪,"1. 资源勘探与储量管理：主导铜矿资源勘探项目的规划、设计与实施，涵盖地质勘查、钻探工程、岩芯编录、取样化验等全流程，结合JORC/CRIRSCO等国际标准及国内规范，完成铜矿资源储量核实、动态监测与评估，确保资源数据真实、准确、合规，为资源开发决策提供核心技术支撑。
2. 开采工艺优化与技术攻关：深耕铜矿开采技术（露天/地下开采，如房柱法、充填采矿法等），结合矿区地质条件（矿床类型、矿体厚度、品位等），优化开采方案，降低采矿贫化率、损失率；针对铜矿开采过程中的复杂技术难题（如地压灾害、水文地质风险等），组织技术攻关，引入先进开采技术与设备，推动开采效率与资源回收率双提升。
3. 技术标准与体系建设：制定并完善铜矿资源勘探、开采、储量管理、安全技术等相关标准与操作规程（SOP），搭建公司铜矿技术管理体系；跟踪国内外铜矿领域新技术、新工艺、新设备发展动态，开展技术调研与评估，推动技术引进、消化与创新，保持公司铜矿技术竞争力。
4. 技术指导与团队培养：负责对项目组、一线技术人员进行铜矿专业技术指导，解决现场技术难题；搭建技术人才培养体系，制定培养计划，开展技术培训与带教，提升团队整体技术水平，打造专业化铜矿技术团队。
5. 合规与风险管控：严格遵守国家及地方矿产资源、环保、安全生产相关法律法规，确保铜矿勘探、开采等各项技术工作合规开展；识别铜矿技术领域潜在风险（地质风险、技术风险、合规风险等），制定防控措施，规避技术层面安全与合规隐患，保障项目平稳推进。
6. 跨部门协同与项目统筹：协同地质、采矿、选矿、环保等相关部门，推进铜矿资源开发项目落地；参与公司铜矿资源战略规划、项目可行性研究、技术方案评审等工作，提供专业技术意见；对接外部科研机构、行业协会，开展技术交流与合作，提升公司行业影响力。
二、","1. 学历与专业：本科及以上学历，地质工程、采矿工程、矿物加工工程、资源勘查工程等相关专业，硕士及以上学历优先；持有注册地质工程师、注册采矿工程师等相关执业资格证书者优先。
2. 工作经验：10年以上铜矿矿产资源相关工作经验，其中5年以上技术管理或专家岗位经验；具备大型铜矿（露天/地下）勘探、开采、储量评估全流程技术经验，有海外铜矿项目经验（如非洲、南美、东南亚等）者优先；熟悉铜矿伴生资源（如金、银、钼等）综合利用技术者加分。
3. 专业能力：精通铜矿地质勘查、储量评估、开采工艺等核心技术，熟练掌握矿产资源相关法律法规、行业标准及国际规范（JORC等）；具备较强的技术攻关能力，能独立解决铜矿开采、勘探过程中的复杂技术难题；熟练使用CAD、GIS、储量评估软件及数据分析工具，具备良好的技术报告撰写能力，可独立编制勘探报告、储量核实报告等。
4. 综合素质：具备较强的战略思维、统筹协调能力及团队管理能力，能带领团队完成技术攻坚与项目推进；具备良好的沟通表达能力、跨部门协作能力，可高效对接内外部相关单位；具备高度的责任心、敬业精神及抗压能力，能适应长期出差（矿山现场）；英语听说读写流利，可作为工作语言开展海外项目沟通、技术报告撰写者优先。
5. 其他要求：认同公司企业文化，愿意投身矿产资源行业，具备创新意识和持续学习能力，能紧跟行业技术发展趋势；无违法违规记录，身体健康，能适应矿山现场工作环境。
 查看全部",具备创新意识和持续学习能力 / 身体健康 / CSS / 团队管理 / React / CAD / PMP / 英语 / 数据分析 / Go / HTML / jQuery / UG / AI,互联网,https://www.liepin.com/job/1980880219.shtml
258,猎聘,能源/化工/环保,矿物加工,冶金工程师,企业,贵州拓金镍业有限公司,100-499人,丽水-青田县,丽水-青田县,丽水-青田县,11-15k·14薪,大专,3-5年,20260417164546,发展空间大 / 休闲餐点 / 年终奖金 / 16薪 / 绩效奖金 / 年终奖 / 五险一金 / 13薪 / 15薪 / 五险 / 定期体检 / 年度旅游 / 14薪,"：
1、 负责镍钼矿冶金生产工艺的日常执行与现场管控，跟进青田中试试验全流程，保障试验数据准确、工艺稳定落地。
2、 参与镍钼矿冶炼、合金制备等环节的工艺优化，协助解决生产中出现的工艺技术问题。
3、负责工艺参数记录、生产数据整理与分析，按时提交工艺报表、试验总结等技术资料。
4、 配合完成生产设备调试、工艺验证及新工艺的中试与量产转化工作。
5、 严格遵守公司安全、环保及生产管理制度，监督现场工艺合规执行，防范工艺安全风险。","1 、大专及以上学历，冶金工程、矿物加工工程、有色金属冶金、矿业工程等相关专业。
2、 了解镍钼矿选矿、冶炼基本工艺，有冶金 、矿山行业中试试验或生产工艺相关经验者优先。
3、 能吃苦耐劳，适应倒班、现场作业及冶金生产环境，可接受先在青田中试试验 1 年、后调往贵州生产基地工作。
4、 具备良好的数据记录与分析能力，熟练使用办公软件，能独立完成工艺文档编写。
5、 工作严谨负责、执行力强，具备良好的团队协作意识与问题处理能力。
6、 认同公司安全为先、绿色发展的理念，无不良从业记录，持有相关职业资格证者优先。
 查看全部",CSS / React / PMP / Go / HTML / jQuery / UG / AI,矿产开采,https://www.liepin.com/job/1981866079.shtml
259,猎聘,能源/化工/环保,矿物加工,销售经理,企业,卧龙集团,10000人以上,绍兴-上虞区,绍兴-上虞区,绍兴-上虞区,15-30k,本科,1-3年,20260323085644,年终奖金 / 带薪年假 / 绩效奖金 / 餐费补贴 / 政府补贴 / 年终奖 / 五险一金 / 13薪 / 五险 / 双休 / 提供住宿,"一、销售拓展与客户维护
1.聚焦金属矿山领域采矿、选矿设备运维等环节的产品需求，精准对接矿山企业、工程总包方、主机厂等目标客户，完成新客户开发、老客户维系工作
2.跟进销售全流程，包括客户询盘、现场踏勘、商务洽谈、报价议价、合同签订，推动订单落地，按时完成部门下达的销售业绩、回款指标
3.定期走访金属矿山客户现场，了解客户使用反馈、设备运维痛点，收集行业竞品信息、市场动态，及时调整销售策略，挖掘二次合作与增量需求
二、商务统筹与管理执行
1.负责销售订单的全流程商务管控，核对订单信息、跟进产品备货、发货、技术、售后等部门，保障订单准时交付
2.规范商务流程，做好合同归档、账款核对、发票管理、回款跟踪等工作，把控商务风险，确保各项业务合规推进
3.整理销售数据、客户档案、商务报表，定期复盘销售进度与商务环节问题，优化商务协作效率，提升客户服务体验
4.配合团队完成商务投标、资质报备、项目对接等专项工作，协助处理客户售后商务诉求，维护良好的客情关系","一、核心背景要求
1.本科及以上学历，矿山工程、机械工程、机电一体化、矿物加工等相关专业优先；
2.需具备矿山产品相关技术背景，金属矿山行业经验优先；熟悉金属矿山开采、选别流程、常用设备性能，对矿山工况特点熟知者优先录用；
3.1-3年及以上销售、商务相关工作经验，有矿山设备、矿山备件、矿山耗材销售/商务经验者加分。
二、能力素质要求
1.具备良好的商务谈判、沟通表达能力，逻辑清晰，执行力强，能独立对接客户、处理商务事宜
2.熟悉销售全流程与商务管理规范，能熟练使用Office办公软件、CRM系统、ERP系统，擅长数据整理与报表制作
3.具备较强的客户服务意识、抗压能力和团队协作精神，责任心强，做事严谨细致
4.能适应矿山行业出差需求，持有C1及以上驾照。
 查看全部",CSS / React / PMP / Go / HTML / jQuery / UG / AI,电气机械/器材,https://www.liepin.com/job/1981140691.shtml
260,猎聘,能源/化工/环保,矿物加工,销售内勤,企业,安庆上达贸易有限公司,/,安庆-迎江区,安庆-迎江区,安庆-迎江区,7-8k,学历不限,经验不限,20240417133405,16薪 / 13薪,"销售行政/内勤职位已暂停招聘_猎聘
 该职位已暂停招聘
 投递了该职位的人还查看了
 大数据运维工程师 9-14k·13薪
 天源迪科 已上市
 武汉-江汉区
 1-3年
 本科
 曾女士
 ·
 猎头
 大数据运维工程师 11-16k
 南京生动智能科技有限公司 
 杭州-上城区
 经验不限
 本科
 周先生
 ·
 HR
 物流自动化售前规划 8-15k
 上海卫元机械有限公司 融资未公开
 上海
 2年以上
 大专
 纪女士
 大数据运维开发工程师 10-15k
 深圳数智慧科技有限公司 天使轮
 成都-高新区
 1-3年
 统招本科
 谭女士
 ·
 人事经理
 大数据运维工程师 18-25k
 杭州恒生聚源信息技术有限公司 融资未公开
 杭州-钱塘区
 5-10年
 本科
 孟先生
 ·
 人力资源专员/助理
 大数据运维工程师 13-20k·13薪
 数政科技 不需要融资
 杭州-西湖区
 3-5年
 本科
 薛女士
 ·
 HR
 大数据运维工程师 8-10k
 广州司南科技有限公司 
 广州-黄埔区
 1-3年
 本科
 赵鑫鸣
 ·
 人事主管
 自动化物流规划助理工程师 10-15k
 上海疆智科技有限公司 
 杭州-滨江区
 1年以上
 本科
 张先生
 ·
 其他高级管理
 物流规划工程师 10-30k
 珠海格力智能装备有限公司 融资未公开
 上海-奉贤区
 5年以上
 本科
 殷先生
 大数据运维工程师 6-9k
 新疆新立通工程技术有限公司 
 哈密-伊州区
 1-3年
 本科
 党女士
 ·
 人事
 大数据运维工程师 8-15k·13薪
 武汉市葫芦哇技术有限责任公司 
 武汉-汉阳区
 3年以上
 大专
 曾先生
 ·
 招聘者
 大数据运维工程师 8-13k
 中国科学院信息工程研究所 融资未公开
 北京-海淀区
 1-3年
 学历不限
 王女士
 ·
 hr
 深度学习算法优化工程师 10-30k
 北京飞澈科技有限公司 
 北京-海淀区
 经验不限
 本科
 王女士
 ·
 技术部经理
 物流系统工程师 12-24k
 比亚迪汽车工业有限公司 战略融资
 深圳
 3年以上
 本科
 樊先生
 ·
 高级物流工程师
 大数据运维工程师 10-20k
 上海华钦信息科技股份有限公司 战略融资
 广州-天河区
 3-5年
 本科
 葛女士
 ·
 HR经理
 物流自动化系统专员 12-20k·13薪
 比亚迪汽车工业有限公司 战略融资
 深圳-坪山区
 2年以上
 本科
 江女士
 ·
 高级物流专员
 大数据运维工程师 10-20k
 上海华钦信息科技股份有限公司 战略融资
 上海-浦东新区
 3-5年
 本科
 葛女士
 ·
 HR经理
 大数据运维工程师 11-18k·13薪
 东方国信科技北京 已上市
 北京-朝阳区
 1-3年
 统招本科
 张先生
 ·
 大数据实施工程师
 计算机视觉/深度学习算法研发工程师 30-60k·16薪
 Baidu 已上市
 北京
 经验不限
 硕士
 朱先生
 ·
 招聘
 物流自动化装备集成方案规划工程师 10-13k
 富晟集团 战略融资
 长春-绿园区
 3年以上
 大专
 陈先生
 ·
 人事行政负责人
 大数据运维工程师 15-21k
 上海华钦信息科技股份有限公司 战略融资
 北京-朝阳区
 3-5年
 本科
 李女士
 ·
 人事经理
 物流自动化工程师 12-22k
 比亚迪汽车工业有限公司 战略融资
 深圳
 3年以上
 本科
 樊先生
 ·
 高级物流工程师
 大数据运维工程师 15-20k
 每日互动 已上市
 杭州-西湖区
 3-5年
 本科
 刘女士
 大数据运维工程师 10-20k·13薪
 深圳市锐科信息技术有限公司 融资未公开
 深圳-南山区
 1-3年
 本科
 肖先生
 物流规划工程师 20-30k
 牧原食品股份有限公司 已上市
 郑州-郑东新区
 3-5年
 统招本科
 麻苏东
 ·
 HRBP
 大数据运维工程师 7-12k·13薪
 东方国信科技北京 已上市
 北京-朝阳区
 1-3年
 本科
 杨先生
 ·
 部门经理
 大数据运维工程师 10-15k
 北京中恒云科技有限公司 融资未公开
 杭州-滨江区
 3-5年
 大专
 张先生
 ·
 人事经理
 自动化物流工程师 10-15k
 比亚迪汽车工业有限公司 战略融资
 深圳-坪山区
 5年以上
 本科
 李女士
 ·
 高级物流专员
 大数据运维工程师 8-18k
 上海华钦信息科技股份有限公司 战略融资
 上海-浦东新区
 3-5年
 本科
 葛女士
 ·
 招聘专员
 物流自动化产品经理（传感器及CV方向） 12-22k
 闪电快车 D轮及以上
 北京-朝阳区
 1-3年
 本科
 狄先生
 ·
 首席运营官COO",/,CSS / 深度学习 / React / PMP / 算法 / HTML / jQuery / UG / AI,批发/零售,https://www.liepin.com/job/1966320367.shtml
261,猎聘,能源/化工/环保,矿物加工,矿石采购资深经理,企业,东方雨虹涂料砂粉科技集团,1000-2000人,嘉兴-海盐县,嘉兴-海盐县,嘉兴-海盐县,20-30k·18薪,大专,2年以上,20260415090331,18薪 / 13薪 / 14薪 / 15薪,"】
1、统筹现有工厂（贺州）及规划中工厂（嘉兴等）的白色矿石（大理石、方解石为主）采购计划与执行。
2、开发并维护优质矿源供应商，重点保障矿石白度≥90°、碳酸钙含量≥98%，支撑后期碳酸钙粉体生产。
3、负责矿石进厂前的品质预控，包括矿山取样、装车抽检、到厂复检，协同品质部处理异常批次。
4、协调贺州、嘉兴两地的矿石库存与运输调度，根据生产需求动态调配原料，避免断供或积压。
5、主导采购谈判与合同签订，设置品质奖惩条款，持续降低综合采购成本。
6、参与新工厂原料堆场、破碎线的规划建议，确保矿石接收能力与粉体产线匹配。
【","】
1、大专及以上学历，矿物加工、无机非金属材料、供应链等相关专业优先。
2、5年以上矿石、建材或粉体行业采购经验，其中至少2年涉及白色大理石/方解石采购。
3、熟悉广西贺州、四川、江西或海外白色矿石资源，能独立完成供应商开发、评估与淘汰。
4、能读懂矿石检测报告（白度、钙含量、杂质等指标），了解基本配矿逻辑。
 查看全部",CSS / React / PMP / Go / HTML / jQuery / UG / AI,房地产开发经营,https://www.liepin.com/job/1981767249.shtml
262,猎聘,能源/化工/环保,矿物加工,球磨机技术专家,企业,某国内机械/设备公司,100-499人,浙江省,杭州,杭州,25-35k,大专,5年以上,20260416161155,16薪 / 13薪 / 15薪 / 双休 / 饮料 / 14薪,"：
​1、定制化方案设计与技术支持​：根据客户物料特性（硬度、进料粒度、产能需求），独立完成球磨机选型方案（含单 / 多段磨矿流程设计），提供设备技术参数、功率配置及工艺流程图纸；
2、材料选型与供应链管理​：负责球磨机衬板（高锰钢 ZGMn13、聚氨酯、氧化铝陶瓷）、研磨介质（锻造钢球、高铬合金球）的材料选型，熟悉国内主要供应商分布（如安徽鑫钢、山东华民钢球等），建立耐磨材料性能数据库；
3、竞品分析与行业调研​：定期分析国内外球磨机品牌（美卓 Nordberg、山特维克、中信重工、矿机集团等）的技术优势（如半自磨 + 球磨联合工艺、节能电机应用），对比能耗、耐磨寿命、智能化水平等核心指标，形成《球磨机行业技术趋势报告》，为产品战略提供依据。​
4、项目全流程参与​：参与投标技术文件编制，为销售团队提供球磨机技术答疑（如磨矿浓度控制、衬板更换周期等）；配合完成设备安装调试、操作培训及长期运维指导，确保项目交付达标。接受短期出差，适应矿山、砂石厂等高粉尘现场环境。","1、机械工程、矿物加工工程等相关专业本科及以上学历，5-10 年矿山 / 砂石设备研发或应用经验；
2、熟悉球磨机在金属矿选矿（粗磨 / 细磨工序）、砂石骨料制砂中的工艺要求；
3、精通球磨机工作原理（研磨介质运动轨迹、临界转速计算）、结构设计（筒体强度校核、传动系统匹配）及选型公式；
4、具有良好的客户需求转化能力，具备跨部门协作意识，适应短期出差及户外作业，抗压能力强。
 查看全部",JavaScript / CSS / Java / React / PMP / Go / HTML / jQuery / UG / AI,机械/设备,https://www.liepin.com/a/74732055.shtml
263,猎聘,能源/化工/环保,矿物加工,海外矿山项目经理,企业,浙江省高能爆破工程有限公司,100-499人,杭州-西湖区,杭州-西湖区,杭州-西湖区,80-110k,本科,10年以上,20260107162758,18薪 / 13薪 / 15薪 / 14薪 / 团建,"：
全面负责海外矿山EPC工程总承包项目的执行，对项目的安全、质量、进度、成本和收款等各项目标的最终实现负总责。
组织项目启动工作，负责编制项目实施策划方案、项目预算及进度计划，并领导项目团队落实执行。
负责项目合同全过程管理，确保项目范围、变更、索赔、支付与关闭等环节受控，维护公司利益。
建立健全项目的健康、安全与环境（HSE）管理体系，落实安全生产责任制，确保项目现场HSE目标的实现。
全面负责项目设计、采购、施工、调试和试运行各阶段工作的组织、协调与监控，确保工程按计划顺利推进。
负责项目资源的整体统筹，包括项目团队组建与管理、关键设备材料采购计划审批、分包商选择与管理、项目资金使用计划审核等。
负责项目成本的全过程控制，审核项目费用支出，监督项目财务状况，确保项目利润目标。
作为项目对外联络的总负责人，维护与项目业主、监理、当地政府部门、社区及合作方的良好关系，处理重大涉外事务。
负责组织项目重大技术方案、施工方案的评审与决策，协调解决项目执行过程中的重大技术和管理问题。
负责项目风险识别、评估与应对措施的制定与落实，包括政治风险、商务风险、履约风险等。
组织项目验收、移交、竣工结算及项目总结等收尾工作，确保项目闭环。
定期向公司管理层汇报项目状态，提交项目月度报告、专题报告及其他要求的文件资料。","大学本科及以上学历，采矿工程、矿物加工、机械工程、项目管理等相关专业背景。
具备10年以上矿山行业工程项目管理经验，其中至少3年以上海外大型矿山EPC总承包项目经理或高级项目管理岗位工作经验，有海外项目交付业绩。
精通国际工程项目管理模式和流程，熟悉项目设计、采购、施工、调试各阶段管理要点，对矿山工艺有深刻理解。
熟悉国际工程标准（如英美标准）、FIDIC合同条件，具备出色的合同管理、商务谈判和风险管控能力。
具备卓越的领导力、决策能力和跨文化团队管理能力，能够在高压力、复杂环境下有效工作。
具备出色的沟通协调能力和解决复杂问题的能力，英语可作为工作语言，具备流畅的商务沟通和技术谈判能力。
能够适应长期海外出差或常驻项目现场的工作要求。
持有PMP、IPMP或同类国际认可的项目管理专业资质证书者优先。
 查看全部",沟通协调 / CSS / 项目管理 / 团队管理 / React / 英语 / PMP / Go / HTML / jQuery / UG / AI,房地产开发经营,https://www.liepin.com/job/1979611983.shtml
264,猎聘,能源/化工/环保,矿物加工,选矿工程师,企业,北京盛景能源有限公司,/,金华-武义县,金华-武义县,金华-武义县,15-20k,本科,5-10年,20250913171509,13薪 / 14薪 / 15薪,"：
1、为公司主营业务矿产的选矿投资或加工合作决策提供参考；
2、参与选矿工艺流程设计、选厂建设与设备选型；
3、负责选矿技术研究，推动选矿技术创新，改进选矿方法与工艺流程，提高选矿收率；
4、现场跟踪选矿流程，做好品质控制工作，及时发现问题并解决问题；
5、负责矿石的取样、试验、化验等相关工作；
6、负责选矿项目的可行性研究及其他技术经济分析工作；
7、完成上级领导交办的其他工作任务。","1、本科及以上学历，矿物加工相关专业；
2、熟悉选矿理论、选矿技术、选矿设备、生产工艺和生产流程等;
3、熟悉各个国家现行采选行业相关法律法规和标准,以及环保政策和标准；
 查看全部",CSS / React / PMP / Go / HTML / jQuery / UG / AI,电力/热力/燃气/水务,https://www.liepin.com/job/1962727265.shtml
265,猎聘,能源/化工/环保,矿物加工,选矿工程师,企业,某知名公司,100-499人,温州-龙湾区,温州-龙湾区,温州-龙湾区,15-20k,学历不限,经验不限,20260513161247,/,"：1、负责选矿工艺技术工作，制定并完善选矿技术操作规程及工艺参数，保障选矿生产高效、稳定运行；
2、参与选矿设备的选型、安装、调试及验收工作，确保设备符合选矿工艺需求；
3、收集、整理并分析选矿生产数据，依据分析结果制定技术优化和改进措施；
4、监督选矿生产过程中的质量控制环节，对原矿、中间产品及最终产品进行质量检测与分析，确保产品质量达标。","1、本科及以上学历，矿物加工、矿业工程、选矿工程等相关专业；
2、掌握球磨、磁选、重选等工艺的理论知识，具备旋流器、弱磁机、强磁机、球磨机等设备的操作能力；
3、能够独立开展重选、磁选试验，并撰写规范的试验报告；
4、熟练使用Office、CAD等办公软件，具备编制生产技术文件和数据报表的能力。
5.接受出国工作
 查看全部",JavaScript / CSS / Java / React / CAD / PMP / Go / HTML / jQuery / UG / AI,其他商务服务业,https://www.liepin.com/a/75633261.shtml
266,猎聘,能源/化工/环保,矿物加工,选矿车间主任,企业,北京盛景能源有限公司,/,金华-武义县,金华-武义县,金华-武义县,30-35k,硕士,5年以上,20250920144117,技能培训 / 16薪 / 13薪 / 18薪,"​
全面统筹选矿车间生产运营，依据公司生产计划制定车间执行方案，把控破碎、磨矿、浮选等全流程生产进度，确保矿石处理量、回收率等核心指标达成。​
主导车间团队管理，包括班组建设、人员调度及技能培训，搭建高效协作的生产团队，提升员工操作规范性与专业能力。​
负责生产技术优化与成本管控，组织排查解决生产工艺难题，监督设备日常维护保养，降低能耗、物耗及设备故障停机率。​
严格落实安全生产与环保法规，建立健全车间安全管理体系，定期开展安全检查与隐患整改，杜绝安全环保事故。​
协调与技术、设备、质检等部门的对接工作，同步生产数据与问题反馈，保障生产流程顺畅。​
二、","​
矿物加工工程等相关专业硕士及以上学历，5 年以上选矿车间生产管理经验。​
精通选矿工艺及设备操作原理，具备独立解决复杂生产技术问题的能力。​
拥有较强的团队管理、沟通协调及成本管控能力，能承受高强度生产压力。​
熟悉安全生产与环保相关法规，持有安全管理相关资格证书者优先。​
具备高度的责任心与执行力，作风严谨，注重细节。
 查看全部",沟通协调 / CSS / 团队管理 / React / PMP / Go / HTML / jQuery / UG / AI,电力/热力/燃气/水务,https://www.liepin.com/job/1977379131.shtml
267,猎聘,能源/化工/环保,矿物加工,萤石矿选厂负责人,企业,浙江交通资源投资集团有限公司,500-999人,湖州-吴兴区,湖州-吴兴区,湖州-吴兴区,25-30k,本科,8年以上,20251020103747,年终奖金 / 带薪年假 / 节日礼物 / 餐费补贴 / 年终奖 / 18薪 / 五险一金 / 13薪 / 15薪 / 五险 / 定期体检 / 年度旅游,"：

1.负责选矿厂建设管理工作；
2.负责选矿技术及选矿设备相关管理工作；
3.按照公司生产目标组织选矿厂生产，协调相关单位完成各项目标任务。
 查看全部",/,CSS / React / CAD / PMP / Go / HTML / jQuery / UG / AI,其他商务服务业,https://www.liepin.com/job/1973499619.shtml
268,猎聘,能源/化工/环保,矿物加工,选矿工程师,企业,某知名公司,100-499人,温州-龙湾区,温州-龙湾区,温州-龙湾区,15-20k,学历不限,经验不限,20260513161258,/,"：1、负责选矿工艺技术工作，制定并完善选矿技术操作规程及工艺参数，保障选矿生产高效、稳定运行；
2、参与选矿设备的选型、安装、调试及验收工作，确保设备符合选矿工艺需求；
3、收集、整理并分析选矿生产数据，依据分析结果制定技术优化和改进措施；
4、监督选矿生产过程中的质量控制环节，对原矿、中间产品及最终产品进行质量检测与分析，确保产品质量达标。","1、本科及以上学历，矿物加工、矿业工程、选矿工程等相关专业；
2、掌握球磨、磁选、重选等工艺的理论知识，具备旋流器、弱磁机、强磁机、球磨机等设备的操作能力；
3、能够独立开展重选、磁选试验，并撰写规范的试验报告；
4、熟练使用Office、CAD等办公软件，具备编制生产技术文件和数据报表的能力。
5.接受出国工作
 查看全部",JavaScript / CSS / Java / React / CAD / PMP / Go / HTML / jQuery / UG / AI,其他商务服务业,https://www.liepin.com/a/75633287.shtml
269,猎聘,能源/化工/环保,矿物加工,销售技术支持岗,企业,物产中大物流投资集团有限公司,500-999人,浙江省,杭州,杭州,8-15k,本科,3年以上,20251120090602,带薪年假 / 节日礼物 / 绩效奖金 / 500强 / 餐补 / 五险一金 / 13薪 / 15薪 / 通讯津贴 / 五险 / 定期体检 / 上市公司 / 14薪 / 岗位晋升 / 午餐补助,：,"1.为销售团队提供萤石产业链的专业技术支持，包括产品质量指标参数及参配优化方案；
2.开发上游矿企，中游选厂和下游氟化工企业；
3.理解萤石精粉的质量标准、浮选工艺及下游应用场景；
4.参与重点项目谈判，撰写投标文件并推动项目落地；
5.收集行业技术最新动态，及时了解市场需求。
四、资格条件：
1.全日制本科及以上学历，矿物加工工程、地质学等相关专业；
2.3年以上萤石地勘、采选行业从业经历，具有采购或生产岗经历者优先；
3.具备良好的沟通与报告撰写能力；
5.适应长期出差，具备团队协作精神与跨部门协调沟通能力。
工作地点在杭州，且要接受公司外派安排。
 查看全部",CSS / React / PMP / Go / HTML / jQuery / UG / AI,其他行业,https://www.liepin.com/job/1976142267.shtml
270,猎聘,能源/化工/环保,矿物加工,磨浮车间主任,企业,北京盛景能源有限公司,/,金华-武义县,金华-武义县,金华-武义县,25-30k,本科,5年以上,20250913172808,技能培训 / 16薪 / 13薪,"​
全面负责磨浮车间生产运营管理，制定月度 / 季度生产计划，确保石英矿磨矿、浮选工序高效运转，达成产量、品位等核心指标；​
主导生产工艺优化，监控磨矿细度、药剂添加量、浮选时间等关键参数，解决生产中出现的工艺难题，提升产品回收率与质量稳定性；​
管理车间团队（含操作工、技术员等），负责人员排班、技能培训及绩效考核，打造高效协作的生产团队；​
严格执行安全环保制度，定期开展安全检查与隐患排查，确保车间符合矿山安全规程及环保要求，杜绝安全事故；​
统筹车间设备管理，协调设备日常维护、检修计划，保障磨矿机、浮选机等核心设备完好率，降低停机率；​
对接采购、质检、仓储等部门，协调原材料供应与成品转运，确保生产流程顺畅，同步完成生产数据统计与汇报工作。​","​
本科及以上学历，矿物加工工程、冶金工程等相关专业，5 年以上石英矿磨浮车间生产管理经验；​
精通石英矿磨矿、浮选工艺原理及设备操作，能独立解决生产中的工艺、设备故障；​
具备较强的团队管理与沟通协调能力，能有效统筹生产资源，推动团队达成目标；​
熟悉矿山安全生产法规及环保要求，有较强的安全风险防控意识；​
抗压能力强，能适应矿山倒班或加班工作节奏，持有相关安全管理证书者优先。
 查看全部",沟通协调 / CSS / 团队管理 / React / PMP / Go / HTML / jQuery / UG / AI,电力/热力/燃气/水务,https://www.liepin.com/job/1977207097.shtml
271,猎聘,能源/化工/环保,矿物加工,金属/非金属地下矿项目经理,企业,浙江省高能爆破工程有限公司,100-499人,杭州-西湖区,杭州-西湖区,杭州-西湖区,30-40k,本科,8年以上,20260107165637,14薪 / 15薪 / 团建,"：
全面负责地下萤石矿EPC工程总承包项目的执行与管理，对项目的安全、质量、进度、成本和利润目标负直接责任。
组织编制并审核项目总体执行计划、开采方案、采掘进度计划、施工组织设计及重大专项技术方案，确保项目科学、高效推进。
负责建立并严格落实项目安全生产责任制，特别聚焦地下矿山安全管理，包括但不限于通风防尘、顶板管理、爆破安全、提升运输、防治水及井下防火等专项工作，杜绝重大安全事故。
全面管理项目范围内的工程设计工作，确保开拓系统、采矿方法、采切工程、提升运输、通风、排水、充填（若涉及）及地表选矿厂等设计符合资源条件、安全规范与合同要求。
主导项目关键设备（如提升机、通风机、凿岩台车、装运设备、浮选柱等）及大宗材料的采购策略制定、供应商评审与技术谈判，确保其满足地下开采高强度、高腐蚀性（针对萤石矿酸性水环境）等特殊工况要求。
负责施工现场的全面协调与监控，重点管理井巷掘进、支护工程、采矿作业、矿石运输等关键环节的进度、质量与安全。
严格控制项目成本，审核工程变更与签证，管理项目付款与结算流程，确保项目经济效益。
负责项目团队（包括自有团队、设计分包、施工分包、设备供应商等）的组织、建设与考核，协调解决各方在技术、接口、进度等方面的矛盾与问题。
作为项目对外的首要接口，负责与业主、监理单位、设计院、地方政府监管部门、安监部门及矿区周边社区进行有效沟通与关系维护。","大学本科及以上学历，采矿工程、矿物加工工程、矿井建设、安全工程等相关专业毕业。
具备8年以上矿山工程项目管理经验，其中至少3年以上作为项目经理/项目副经理/生产经理/技术总工，完整负责过地下金属/非金属矿山（萤石矿经验尤佳）的EPC或大型技改项目。
精通地下矿山开采工艺、井巷工程、矿山机械及矿山安全生产法律法规与标准规范。
具备出色的项目管理能力，熟悉工程设计、采购、施工全过程管理，能熟练运用项目管理工具和方法。
具备强烈的安全意识和丰富的现场HSE管理经验，持有有效的矿山安全管理人员资格证书者优先。
具备优秀的组织协调能力、决策判断能力和应急处理能力，能够承受较大的工作压力。
具备良好的沟通表达能力和团队领导能力，能胜任多团队、多层级的协调管理工作。
能够适应矿山现场工作环境，接受常驻项目工地。
工作地点在河南驻马店
 查看全部",CSS / 项目管理 / React / PMP / Go / HTML / jQuery / UG / AI,房地产开发经营,https://www.liepin.com/job/1979613699.shtml
272,猎聘,能源/化工/环保,矿物加工,您已突破每,企业,广州飘柏科技有限公司,/,重庆-城口县,重庆-城口县,重庆-城口县,20-30k,本科,经验不限,20240327144054,18薪 / 14薪 / 不加班 / 15薪,"：
1.负责公司产品的功能规划、需求分析设计、技术实现和用户体验；
2.负责所属模块的代码开发、调试与维护工作；
3.积极响应客户需求并进行开发/定制化开发和交付；
4.参与公司产品的架构优化，性能优化并辅助其他模块进行技术实现；
5.协助并完成其他各类技术开发任务。","1.1-2年java开发经验，具有struts、spring、hibernate、Xdoclet的实际项目开发经验，熟悉J2EE规范,熟悉各种常用设计模式；
2.精通web编程，两年以上使用Java语言进行web开发的经验，熟悉HTML、Javascript,Ajax,CSS,具有能基于webservice开发服务端和客户端的经验；
3.能独立完成Java开发框架的设计和搭建工作；
4.熟悉tomcat服务器和apacheweb服务器；
5.具有数据库设计能力，熟悉oracle和SQLServer的使用和开发，熟悉基于数据库应用开发；
6.具备较强的学历能力和解决问题能力，有较强的协调、沟通能力和团队精神。
 查看全部",JavaScript / CSS / Java / 日语 / React / 机器学习 / PMP / 算法 / Go / HTML / Oracle / SQL / jQuery / UG / AI,学术/科研,https://www.liepin.com/job/1965820159.shtml
273,猎聘,能源/化工/环保,矿物加工,品控专员,企业,北京盛景能源有限公司,/,金华-武义县,金华-武义县,金华-武义县,7-8k,大专,1年以上,20250917171840,五险 / 五险一金 / 13薪 / 咖啡,":
1、生产过程监控：
 * 定期对生产线各关键工序进行巡检；
 * 监控工艺参数的稳定性，发现异常及时反馈。
2、成品检验与分析：
 * 严格按照企业标准和客户技术协议，对成品进行全面的入库、出厂检验。
 * 准确、及时地填写检验记录和报告，确保数据真实、可追溯。
3、数据记录、整理：
 * 记录、整理、归档所有质量检验相关的记录、报告和台账。
4、不合格品控制与改进：
 * 对检验中发现的不合格品进行标识、记录和隔离，并立即上报。
* 参与质量异常的原因分析，协助制定纠正和预防措施。","1、教育背景：
大专及以上学历，质量管理工程、材料科学与工程、化学分析等相关专业优先；
2、工作经验：
1年以上品控岗位、质量管理相关工作经验；有石英材料、矿物加工、陶瓷、玻璃、光伏或半导体行业经验者优先考虑；
3、知识技能：
熟悉生产企业相关ISO9001等质量管理体系、熟悉化学检测与分析方法优先考虑；
4、能力素质：
认真负责，注重细节，追求精确，有极强的原则性。善于发现生产过程中的质量异常和潜在风险。诚实守信，具有高度责任心。
面试地点：浙江省武义县百花山工业区玫瑰路3号
薪资待遇：税前7000-8000，每周单休，提供宿舍，缴纳五险一金
 查看全部",CSS / 日语 / React / ISO9001 / PMP / Go / HTML / jQuery / UG / AI,电力/热力/燃气/水务,https://www.liepin.com/job/1977005251.shtml
274,猎聘,能源/化工/环保,矿物加工,选矿管培生（驻外）,企业,浙江蓝创谷工程技术有限公司,2000-5000人,浙江省,温州,温州,13-16k,本科,经验不限,20260506085704,16薪 / 13薪 / 咖啡,"1. 学习选矿流程，熟悉破碎、磨矿、选别、脱水等各环节操作和原理；
2. 协助技术人员进行选矿试验，记录数据并分析结果，辅助优化选矿工艺；
3. 参与日常生产巡检，监测设备运行状态，及时发现并报告异常情况；
4. 协助整理选矿生产的相关数据和报表，为生产决策提供基础资料。","1、本科及以上学历，矿物加工、矿业工程相关专业；
2、掌握球磨、磁选、重选等工艺理论知识；
3、熟练掌握旋流器、弱磁机、强磁机、球磨机等设备使用方法，可以独立进行重选、磁选试验并能撰写试验报告；
4、熟练使用office、CAD等办公软件，能准确出具各类生产技术文件和数据报表；
5、校级/院级学生会或者社团干部、班干部等优先。
 查看全部",JavaScript / CSS / Java / React / CAD / PMP / Go / HTML / jQuery / UG / AI,工程施工,https://www.liepin.com/a/75265339.shtml
275,猎聘,能源/化工/环保,矿物加工,采购工程师(J11627),企业,宁波容百新能源科技股份有限公司,2000-5000人,宁波-余姚,宁波-余姚,宁波-余姚,10-18k,本科,1-3年,20260416164012,双休 / 13薪 / 14薪 / 15薪,"：
1、负责供应商开发、准入、考核及档案管理，构建优质供应资源池。
2、负责所辖品类采购全流程执行，保障供应及时性与合规性。
3、主导所辖模块降本工作，通过多元化策略实现成本优化。
4、掌握市场行情，收集行业供需信息，进行价格分析与成本核算，参与采购谈判、合同签订及履约管理，制定所辖品类的采购策略与定价方案。
5、组织供应商绩效评估与分级管理，推动供应体系持续优化。
6、协同内部相关部门，保质保量完成部门重点任务与专项工作。","1、本科及以上学历，材料工程、化学工程、地质采矿、矿物加工、材料冶金等工科专业或贸易、供应链、市场营销等相关专业，工科背景优先；
2、具备锂电池/制造业背景及全流程管理经验，具有矿产资源投资并购、矿山项目运营管理等从业经验者优先；
3、熟悉ISO9001/IATF16949等体系，具备采购数据分析、成本测算及商务谈判能力；
4、具备良好的沟通协调与问题解决能力；
5、具备良好职业素养与操守，愿意投身新能源材料行业。
 查看全部",沟通协调 / CSS / IATF16949 / React / ISO9001 / PMP / 数据分析 / Go / HTML / jQuery / UG / AI,金属制品,https://www.liepin.com/job/1981831925.shtml
276,猎聘,能源/化工/环保,矿物加工,供应链经理(J11624),企业,宁波容百新能源科技股份有限公司,2000-5000人,宁波-余姚,宁波-余姚,宁波-余姚,20-35k,本科,3年以上,20260416143547,13薪 / 14薪 / 15薪,"：
1、负责设计并规划具有竞争力的供应链结构，设计提升竞争力的供应链模型，识别供应链新模式拓展机会，搭建供应路径、供应结构、供应渠道并推进新业务拓展、成熟落地，确保产品交付竞争力及成本优势。
3、负责供应商开发与合作关系管理，包括供应商调研、筛选、评估、考察、认证等，主导战略供应商开发、长协谈判、采购定价及成本管控工作，做好供应商管理。
4、统筹供应链风险管控，实时跟踪上游原料市场行情，矿产资源供需及价格波动，制定风险应对预案，规避供应短缺、价格暴涨灯行业风险。
5、积极对接并参与锂、磷、铁等矿产资源端的合作渠道搭建，协同投资、法务、财务等团队推进资源布局项目落地。
6、负责采购团队搭建、人才培养及日常管理，协调生产、研发、财务、商社等跨部门工作，保障供应链全流程高效运转。","1、3年以上采购、供应链开发、矿山投资、地采选、化工冶炼等业务经验（具备其一即可），大宗原材料及前驱体、锂、镍、磷、硫等相关工作经验优先；3年以上管理经验；
2、材料工程、化学工程、地质采矿、矿物加工、材料冶金等工科专业或贸易、供应链、市场营销等相关专业；具备物流、采购、供应链管理、市场营销等相关专业知识者优先；本科及以上学历，硕士优先；
3、精通采购、供应链开发，熟悉供应商开发流程，具备贸易、金融、投资等相关经验优先；
4、能够独立制定部门工作规划、预算和管理体系建设；
5、具备优秀的团队管理、业务统筹及跨部门沟通协作能力。
 查看全部",CSS / 团队管理 / React / PMP / Go / HTML / jQuery / UG / AI,金属制品,https://www.liepin.com/job/1981823337.shtml
277,猎聘,能源/化工/环保,矿物加工,采购经理/主管(J11626),企业,宁波容百新能源科技股份有限公司,2000-5000人,宁波-余姚,宁波-余姚,宁波-余姚,18-25k,本科,2-4年,20260416153029,13薪 / 14薪,"：
1、组织供应商寻源、考察、评估及准入，建立并维护供应商体系。
2、统筹事业部日常采购业务，保障供应与成本优化。
3、识别采购进度、质量、成本风险，建立预警机制并推动应对。
4、围绕磷酸铁锂产业链上游需求，积极参与锂矿、磷矿等关键矿产资源项目寻源筛选、市场调研及行业研究，挖掘优质并购、参股及战略合作资源项目。","1、本科及以上学历，材料工程、化学工程、地质采矿、矿物加工、材料冶金等工科专业或贸易、供应链、市场营销等相关专业，工科背景优先；
2、3年以上锂电池/废旧锂电池/大型制造业采购经验，2-3年以上同岗位管理经验，具有矿产资源投资并购、矿山项目运营管理等从业经验者优先；
3、熟悉ISO9001/IATF16949等管理体系；
4、熟悉国内外废旧锂电池市场，具备原料资源及客户开发能力，制造行业背景优先；
5、具备良好职业素养与操守，愿意投身新能源材料行业。
 查看全部",CSS / IATF16949 / React / ISO9001 / PMP / Go / HTML / jQuery / UG / AI,金属制品,https://www.liepin.com/job/1981827051.shtml
278,猎聘,能源/化工/环保,矿物加工,供应链主管(J11625),企业,宁波容百新能源科技股份有限公司,2000-5000人,宁波-余姚,宁波-余姚,宁波-余姚,15-25k,本科,2年以上,20260416164818,双休 / 13薪 / 14薪 / 15薪,"：
1、关注供应链市场行情，协助部门负责优化供应链结构，开展供应链创新与开发实施工作。
2、负责组织、参与供应链尽责管理评审，包括供应商寻源、调研、筛选、评估、考察、认证等，参与战略供应商开发、长协谈判、采购定价及成本管控工作。
3、负责供应商管理，建立供应商档案，维护核心供应商合作关系，开发优质新供应商，丰富供应渠道。","1、本科及以上学历，材料工程、化学工程、地质采矿、矿物加工、材料冶金等工科专业或贸易、供应链、市场营销等相关专业，工科背景优先；
2、2年以上供应链开发经验，熟悉采购及贸易流程，熟悉磷酸铁锂上游原料市场，了解主流供应商情况、产品质量标准及业务流程；
3、具备独立规划能力，有原料市场资源者优先；
 查看全部",CSS / 项目管理 / React / PMP / Go / HTML / jQuery / UG / AI,金属制品,https://www.liepin.com/job/1981832447.shtml
279,猎聘,能源/化工/环保,矿物加工,爆破工程技术人员（高级）,企业,浙江京安爆破工程有限公司,100-499人,杭州-拱墅区,杭州-拱墅区,杭州-拱墅区,21-25k,学历不限,经验不限,20260210172924,外派津贴 / 发展空间大 / 年终奖金 / 绩效奖金 / 年终奖 / 技能培训 / 五险一金 / 13薪 / 15薪 / 公司规模大 / 五险 / 定期体检 / 年度旅游 / 岗位晋升 / 14薪,"岗位内容：
1. 负责爆破方案和技术文件的编制，确保项目按时、高效、安全顺利完成；
2. 协调配合各部门和供应商，严格控制成本，优化资源配置；
3. 现场指导和督促作业人员，保障施工效率和质量；
4. 持续推进公司爆破技术创新和质量提升。","1. 爆破工程技术人员（高级B）以上，具有5年以上爆破经验。证书职称可叠加薪资。
2.具备采矿（采煤）、地质（水文地质、地质勘探、防治水）、测量（测绘、地理信息）、机电（机械、电气）、矿井建设、矿井通风（通风与安全）、选矿（矿物加工）、尾矿（水工）等相关专业背景的优先；
3.具有五年以上矿山相关工作经验，具备扎实的理论基础和实践经验，能够灵活应对复杂环境下的施工；
4.具备团队合作意识和服务意识，能够有效沟通和协调各个层面的关系；
5.具备较强的学习能力和适应能力，能够快速融入公司的文化和系统。
 查看全部",CSS / 项目管理 / React / PMP / Go / HTML / jQuery / UG / AI,工程施工,https://www.liepin.com/job/1977740829.shtml
280,猎聘,能源/化工/环保,矿物加工,中级爆破技术员,企业,浙江京安爆破工程有限公司,100-499人,杭州-拱墅区,杭州-拱墅区,杭州-拱墅区,15-16k,学历不限,经验不限,20260210173028,外派津贴 / 发展空间大 / 年终奖金 / 绩效奖金 / 年终奖 / 技能培训 / 五险一金 / 13薪 / 15薪 / 公司规模大 / 五险 / 定期体检 / 年度旅游 / 岗位晋升 / 14薪 / 团建,"岗位内容：
1. 参与爆破方案的设计和优化，保障施工的顺利进行；
2. 维护爆破设备和仪器，并进行日常检查保养；
3. 参与现场施工，协助工程师和作业人员完成各项任务；
4. 配合上级领导完成其他任务。","1.持有爆破工程技术人员（中级/C）证书，具备采矿（采煤）、地质（水文地质、地质勘探、防治水）、测量（测绘、地理信息）、机电（机械、电气）、矿井建设、矿井通风（通风与安全）、选矿（矿物加工）、尾矿（水工）等相关专业背景的优先；
2.具有五年以上矿山相关工作经验，具备扎实的理论基础和实践经验，能够灵活应对复杂环境下的施工；
3.具备团队合作意识和服务意识，能够有效沟通和协调各个层面的关系；
4.具备较强的学习能力和适应能力，能够快速融入公司的文化和系统。
 查看全部",CSS / 项目管理 / React / PMP / Go / HTML / jQuery / UG / AI,工程施工,https://www.liepin.com/job/1976528571.shtml
281,猎聘,能源/化工/环保,矿物加工,矿长,企业,曹娥江储能系统科技有限公司,100-499人,绍兴-上虞区,绍兴-上虞区,绍兴-上虞区,30-60k,本科,5年以上,20250609115844,发展空间大 / 16薪 / 带薪年假 / 餐费补贴 / 绩效奖金 / 领导好 / 五险一金 / 13薪 / 15薪 / 五险 / 团队建设,"1、负责铝土矿的安全生产、开采计划、技术管理及成本控制，确保完成年度产量、质量及环保目标。
2、监督采矿、运输、选矿等环节的合规性，优化生产流程，提升效率。
4、统筹矿区资源（设备、人力、资金），合理配置团队，培养技术骨干。
5、协调与政府、周边社区及合作单位的关系，维护矿山运营环境。
6、制定预算并监控执行，通过工艺优化降低开采成本，提升经济效益。
二、其他要求
1、采矿工程、矿物加工、地质工程等相关专业本科及以上学历。
2、10年以上矿山管理经验，5年以上铝土矿或同类矿山（如铁矿、铜矿）高层管理经历。
3、熟悉铝土矿特性、开采技术及选矿工艺；了解露天/地下开采技术、设备选型及数字化管理工具。
4、精通矿山开采法规、安全标准。
5、擅长团队建设、跨部门协作及危机处理。
6、持有矿长资格证、安全生产知识考核合格证加分。
7、有海外铝土矿项目经验者优先。
8、适应矿区工作环境，能接受不定期出差或驻矿（海外）。
 查看全部","2. 如您应聘的岗位属于涉外劳务合作/海外岗位的，请务必核实招聘方对外劳务合作资质取得情况，同时注意自身资金安全，防范招聘欺诈。
 3. 本平台招聘方不向求职者提供任何收费服务。
 查看全部
 相关推荐
 展开
 绍兴国内项目圆柱规划工程师招聘
 绍兴新能源施工项目管理招聘
 绍兴电站资产管理运营岗位招聘
 绍兴能源项目工程师招聘
 绍兴光伏运维管理岗招聘
 绍兴光资源评估工程师招聘
 绍兴新能源技术项目经理招聘
 绍兴质量体系和安全管理岗招聘
 绍兴综合能源岗招聘
 绍兴能源动力规划岗招聘
 绍兴综合能源高级经理招聘
 绍兴动力能源管理方向招聘
 绍兴充电站工程项目经理招聘
 绍兴大储能高级结构工程师招聘
 绍兴电力工程施工项目经理招聘
 绍兴新能源系统招聘
 绍兴碳资源管理招聘
 绍兴技术管理向招聘
 绍兴原煤驻港工程师招聘
 绍兴光伏电站值班长招聘
 绍兴光伏运营经理招聘
 绍兴资源分析岗招聘
 绍兴泛能工程师招聘
 绍兴动力能源室主任招聘
 绍兴无人机巡检工程师招聘
 绍兴双碳管理高级工程师招聘
 绍兴能源开发部总经理招聘
 绍兴陆上风电项目经理招聘
 绍兴资源循环业务负责人招聘
 绍兴光伏电站并购总监招聘
 相关公司
 东芝电梯(中国)有限公司浙江分公司
 常州市万绥工具厂
 绍兴金睿贸易有限公司
 雄克精密机械(上海)有限公司
 伊之密
 合加汽车
 浙江盾安热工科技有限公司
 浙江绍兴精越环保科技有限公司
 博世热力技术(北京)有限公司上海分公司
 圣翔航空
 诸暨市玉源机械有限公司
 浙江杭特容器有限公司
 绍兴泰禾自动化设备有限公司
 新昌县四通机电有限公司
 浙江三花商用制冷有限公司
 诸暨市草塔和风冷风机厂
 康硕电气集团有限公司
 浙江麦创姆精密机床有限责任公司
 绍兴上虞煜诚暖通设备有限公司
 精功集团有限公司
 盾安机电
 奥的斯电梯管理(上海)有限公司
 欧贝传动
 杭州之厦贸易有限公司
 浙江富士精工科技有限公司
 绍兴市希多电机有限公司
 绍兴上虞显明风机有限公司
 芜湖隆基光伏科技有限公司
 热门城市
 北京招聘网
 上海招聘网
 广州招聘网
 厦门招聘网
 杭州招聘网
 郑州招聘网
 南京招聘网
 天津招聘网
 重庆招聘网
 成都招聘网
 苏州招聘网
 商丘招聘网
 大连招聘网
 济南招聘网
 宁波招聘网
 无锡招聘网
 青岛招聘网
 沈阳招聘网
 台州招聘网
 西安招聘网
 武汉招聘网
 热门招聘
 北京招聘信息
 上海招聘信息
 广州招聘信息
 厦门招聘信息
 杭州招聘信息
 郑州招聘信息
 南京招聘信息
 天津招聘信息
 重庆招聘信息
 成都招聘信息
 苏州招聘信息
 商丘招聘信息
 大连招聘信息
 济南招聘信息
 宁波招聘信息
 无锡招聘信息
 青岛招聘信息
 沈阳招聘信息
 台州招聘信息
 西安招聘信息
 武汉招聘信息
 绍兴招聘网
 >
 绍兴能源项目管理招聘
 >
 矿长招聘
 收藏职位
 立即沟通
 更新时间：2026-02-27",CSS / 项目管理 / 英语 / React / PMP / Go / HTML / jQuery / UG / AI,机械/设备,https://www.liepin.com/job/1974896441.shtml
282,猎聘,能源/化工/环保,矿物加工,总图工程师,企业,杭州深岩科技有限公司,1-49人,杭州-滨江区,杭州-滨江区,杭州-滨江区,15-30k,学历不限,3-5年,20240704144345,项目分红 / 13薪 / 14薪 / 绩效奖金,"参与厂区全流程总图设计，协同建筑、景观、结构、设备、水处理等工程师，合理利用地形条件及规划条件（如地块特征、交通物流方向、上位规划政策等），进行总图规划设计。目标定位为对厂区整体布局进行合理规划，以提高土地利用效率，减少运输距离和时间，增加竖向设计及工艺流程搭配合理性，减少土建及施工等综合成本。
完成领导安排的总图相关技术工作。
二、","具备采矿工程、矿物加工、规划设计、建筑设计、结构设计等相关专业背景。
熟练掌握设计软件CAD等软件，有较好的制图及设计能力。
熟悉国家有关规范、标准及设备知识。有良好的沟通能力和团队合作精神。
有大型砂石骨料生产线及大型机械设备设计经验者优先。
学习相应时间后，能统筹规划设计、建筑设计、景观设计、结构设计、设备安装及土建成本控制等各专业板块，并综合落图形成厂区总图。
规划、建筑、景观、结构等相关方面中级及以上职称。
需3-5年及以上砂石骨料生产、厂区设计等总图设计经验。
三、薪资福利
薪资远超同行业薪资标准，具体薪资面谈。
薪资实行底薪+绩效考核+项目分红形式。
提供优厚的绩效奖金和发展空间，及同国家重点实验室等专项技术研发合作等机会。
 查看全部",CSS / 英语 / React / CAD / PMP / Go / HTML / jQuery / UG / AI,计算机软件,https://www.liepin.com/job/1967179533.shtml
283,猎聘,能源/化工/环保,矿物加工,采矿储备生,企业,力勤资源,10000人以上,宁波-鄞州区,宁波-鄞州区,宁波-鄞州区,15-16k,/,/,20260325110123,/,"：
1、跟踪国际、国内矿业投资项目，甄选投资标的，并提供基于本专业的投资建议；
2、对拟并购项目进行现场调研、收集资料、开采技术条件分析等技术考察，编写考察报告；
3、开展采矿尽职调查工作，包括案头研究和现场调查。审阅项目数据库中相关资料，进行采矿方案技术分析与优选；
4、审查第三方技术中介的采矿尽职调查工作的进度及质量，提出专业建议；
5、协助负责人完成并购项目的筛选、技术中介选聘、技术尽职调查、签约交割、资料归档等相关工作。","1、硕士及以上学历，专业：地质学、地质工程、资源勘查工程、采矿工程专业、金属矿采矿方向（非煤矿）、矿物加工工程专业，金属矿选矿方向；2026年应届毕业生或者工作3年以内毕业生；
2、良好的英文读写能力，大学英语六级考试合格；
3、身体健康，能够适应国外出差。
截止日期：2027年03月25日
招聘人数：5人
 查看全部",CSS / 英语六级 / 英语 / React / PMP / Go / HTML / jQuery / UG / AI,矿产开采,https://www.liepin.com/lptjob/81221341
284,猎聘,能源/化工/环保,矿物加工,采矿储备生 (MJ001427),企业,力勤资源,10000人以上,宁波-鄞州区,宁波-鄞州区,宁波-鄞州区,10-13k·13薪,/,/,20260317132230,中秋节1000元 / 五险一金 / 13薪 / 节日福利 / 春节2000元 / 五险 / 团建活动：每人每年1000元团建经费。5 / 人。4 / 健康体检 / 端午节500元 / 团建,【海外岗位】,"1、专业要求：采矿、矿物加工、选矿、矿产普查与勘探、资源勘查、地质学、岩石矿物矿床学等专业;
2、积极上进，具备良好的学习能力、沟通能力及团队合作精神；
3、能够接受海外出差，能够接受海外的环境和文化；
4、认同力勤企业文化，愿意和企业共同成长
福利待遇：
1、硕士及以上
2、五险一金：缴纳五险一金，海外出差额外参加商业意外保险。
3、节日福利：端午节500元/人，中秋节1000元/人、春节2000元/人。
4、团建活动：每人每年1000元团建经费。
5、医疗保健：每年组织高规格的员工健康体检。
截止日期：2027年03月17日
招聘人数：1人
 查看全部",CSS / React / PMP / Go / HTML / jQuery / UG / AI,矿产开采,https://www.liepin.com/lptjob/80999155
285,猎聘,能源/化工/环保,矿物加工,选矿管培生(base印尼),企业,浙江青展控股集团有限公司,100-499人,温州-龙湾区,温州-龙湾区,温州-龙湾区,13-19k,/,/,20260427112331,年终奖 / 五险一金 / 五险 / 生日福利 / 年度体检 / 晋升通道,"1. 学习选矿流程，熟悉破碎、磨矿、选别、脱水等各环节操作和原理；
2. 协助技术人员进行选矿试验，记录数据并分析结果，辅助优化选矿工艺；
3. 参与日常生产巡检，监测设备运行状态，及时发现并报告异常情况；
4. 协助整理选矿生产的相关数据和报表，为生产决策提供基础资料。","1、本科及以上学历，矿物加工、矿业工程相关专业；
2、掌握球磨、磁选、重选等工艺理论知识；
3、熟练掌握旋流器、弱磁机、强磁机、球磨机等设备使用方法，可以独立进行重选、磁选试验并能撰写试验报告；
4、熟练使用office、CAD等办公软件，能准确出具各类生产技术文件和数据报表；
5、校级/院级学生会或者社团干部、班干部等优先。
薪资待遇
1、薪资待遇（税前综合）：本科：13000-16000元/月 硕士:16000-19000元/月
2、缴纳五险一金，免费食宿、发放生活必需品，保障员工基本生活需要；
3、每半年带薪休假15天/次，公司承担往返机票费、签证费；
4、享有节假日福利、生日福利、年度体检等；工作优秀者，有丰厚年终奖；
5、园区免费开放各项娱乐设施、运动健身场所、开展各类文体活动等；
6、体系化人才培养计划及晋升通道；
7、应届生转正一次性补助金3000元/人，随转正当月工资一并发放。
截止日期：2027年02月28日
招聘人数：5人
 查看全部",CSS / React / CAD / PMP / Go / HTML / jQuery / UG / AI,批发/零售,https://www.liepin.com/lptjob/80522179
286,猎聘,能源/化工/环保,矿物加工,储备干部（base印尼）,企业,浙江青展控股集团有限公司,100-499人,温州-龙湾区,温州-龙湾区,温州-龙湾区,16-23k,/,/,20260228154853,年终奖 / 五险一金 / 五险 / 生日福利 / 年度体检 / 晋升通道 / 咖啡,"1. 由主任级以上领导专门进行培训，参与公司各部门的基础管理工作，协助制定并落实相关工作计划；
2. 为满足公司发展需求，深入理解部门的工作内容、业务流程及运作模式，迅速掌握岗位所需技能；
3. 定期进行工作总结与反馈，提出优化建议，以提升工作效率与管理水平；
4. 根据所学专业，匹配研发、技术、生产等相关岗位。
二、","1.本科及以上学历，冶金、材料、化工、矿物加工、安全、环境、物流、造价、英语、印尼语、管理类等相关专业；
2.具备较强的学习能力与执行力，能够快速适应新的工作环境与岗位要求；
3.有志于在企业管理方向长期发展，认同公司企业文化与发展目标；
4.英语水平需达到六级或专业八级，具备良好的英语口语能力，理工科专业背景者可适当放宽语言要求；
5.具备相关学生组织或社团经历者优先考虑。
三、公司福利待遇 
1.薪资待遇（税前综合）：本科20-28万/年，硕士26-32万/年，博士面议；
2.缴纳五险一金，免费食宿、发放生活必需品，保障员工基本生活需要；
3.每半年带薪休假15天/次，公司承担往返机票费、签证费；
4.享有节假日福利、生日福利、年度体检等；工作优秀者，有丰厚年终奖；
5.园区免费开放各项娱乐设施、运动健身场所、开展各类文体活动等；
6.体系化人才培养计划及晋升通道。
7.应届生转正一次性补助金3000元/人，随转正当月工资一并发放。
截止日期：2027年02月28日
招聘人数：1人
 查看全部",CSS / 英语 / React / PMP / Go / HTML / jQuery / UG / AI,批发/零售,https://www.liepin.com/lptjob/80521673
287,猎聘,能源/化工/环保,矿物加工,研发管培生（base印尼）,企业,浙江青展控股集团有限公司,100-499人,温州-龙湾区,温州-龙湾区,温州-龙湾区,16-23k,/,/,20260228154642,年终奖 / 五险一金 / 五险 / 生日福利 / 年度体检 / 晋升通道 / 咖啡,：,"1.负责研发子项目的实验执行与技术验证工作； 
2.参与新产品、新工艺的技术开发与优化改进； 
3.按计划推进实验任务，记录并分析实验数据，输出阶段性研究报告； 
4.配合团队完成技术成果的转化与应用，往研发工程师方向培养；
5.具备湿法冶金或火法冶金相关研究项目经验者优先考虑。 
薪资待遇：
1.薪资待遇（税前综合）：本科20-28万/年，硕士26-32万/年，博士面议；
2.缴纳五险一金，免费食宿、发放生活必需品，保障员工基本生活需要；
3.每半年带薪休假15天/次，公司承担往返机票费、签证费；
4.享有节假日福利、生日福利、年度体检等；工作优秀者，有丰厚年终奖；
5.园区免费开放各项娱乐设施、运动健身场所、开展各类文体活动等；
6.体系化人才培养计划及晋升通道。
7.应届生转正一次性补助金3000元/人，随转正当月工资一并发放。
截止日期：2027年02月28日
招聘人数：5人
 查看全部",CSS / React / PMP / Go / HTML / jQuery / UG / AI,批发/零售,https://www.liepin.com/lptjob/80521517
288,猎聘,能源/化工/环保,矿物加工,聘会计助理包住,猎头,温州市讯和电脑科技有限公司,1-49人,温州-鹿城区,温州-鹿城区,温州-鹿城区,5-7k,大专,1-3年,20240313165257,年底双薪 / 16薪 / 带薪年假 / 包住 / 全勤奖 / 13薪 / 包吃 / 包吃住,"：
1、协助办理纳税申报事宜；
2、制作记帐凭证，单据审核，开具与保管发票；
3、协助财会文件的准备、归档和保管；
4、协助主管完成其他日常事务性工作。","1、财务，会计，经济等相关专业中专以上学历；
2、具有扎实的会计基础知识；
3、具有较强的独立学习和工作的能力，工作踏实，认真细心，积极主动；
4、具有良好的职业操守及团队合作精神，较强的沟通、理解和分析能力。
 查看全部",JavaScript / CSS / C++ / Java / React / Python / PMP / 算法 / HTML / jQuery / UG / AI,批发/零售,https://www.liepin.com/job/1965446343.shtml
289,猎聘,能源/化工/环保,矿物加工,行政职员,猎头,西安星田晨商贸有限公司,/,西安-雁塔区,西安-雁塔区,西安-雁塔区,5-8k,大专,经验不限,20240409094835,16薪 / 13薪 / 14薪 / 15薪,"：
 1、负责公司办公用品的采购
 查看全部","2. 如您应聘的岗位属于涉外劳务合作/海外岗位的，请务必核实招聘方对外劳务合作资质取得情况，同时注意自身资金安全，防范招聘欺诈。
 3. 本平台招聘方不向求职者提供任何收费服务。
 查看全部
 相关推荐
 展开
 西安高级行政专员招聘
 西安行政助理兼司机招聘
 西安办公室行政文员招聘
 西安职场文员招聘
 西安行政EHS专员招聘
 西安国有控股公司综合部科员招聘
 西安外事工作专员招聘
 西安综合部综合岗招聘
 西安行政后勤接待招聘
 西安固资管理专员招聘
 西安工会综合岗招聘
 西安研发行政专员招聘
 西安综合管理员招聘
 西安富海包装行政专员招聘
 西安综合业务管理主管招聘
 西安AssistantSalesManager招聘
 西安颐堤港二期招聘
 西安保密干事岗招聘
 西安行政公关招聘
 西安行政品宣专员招聘
 西安机要管理主管招聘
 西安中粮包装总部招聘
 西安研发行政文员招聘
 西安综合岗老师招聘
 西安行政及市场助理招聘
 西安档案数字化专员招聘
 西安涉外公共事务专家招聘
 西安流程管理部专员招聘
 西安经营目标管理专员招聘
 西安商企管理部运营助理招聘
 相关公司
 西安龙鸿齐聚摩托车销售有限公司
 上海绿地商业
 陕西高华建设工程有限公司
 上海东恩儿童用品有限公司
 成都不期而然商贸有限公司
 西安至诚浩泰商贸有限公司
 西安农之邦农业科技有限公司
 西部天成商贸有限公司
 西安占鸿商贸有限公司
 陕西万众商务信息咨询有限公司
 成都桂源喜汇商贸有限公司
 杭州海容激光技术有限公司
 西安旭泰电子科技有限公司
 陕西树朵网络科技有限公司
 西安明远鑫和商贸有限责任公司
 陕西图灵中禾科技有限公司
 玛艾(西安)生活艺术有限公司
 陕西万贺商贸有限公司
 北京钜惠数迁信息技术有限公司
 西安背包客体育文化传播有限公司
 陕西巍奕堂医药有限公司
 陕西佳骏汽车服务有限公司
 热门城市
 北京招聘网
 上海招聘网
 广州招聘网
 厦门招聘网
 杭州招聘网
 郑州招聘网
 南京招聘网
 天津招聘网
 重庆招聘网
 成都招聘网
 苏州招聘网
 商丘招聘网
 大连招聘网
 济南招聘网
 宁波招聘网
 无锡招聘网
 青岛招聘网
 沈阳招聘网
 台州招聘网
 西安招聘网
 武汉招聘网
 热门招聘
 北京招聘信息
 上海招聘信息
 广州招聘信息
 厦门招聘信息
 杭州招聘信息
 郑州招聘信息
 南京招聘信息
 天津招聘信息
 重庆招聘信息
 成都招聘信息
 苏州招聘信息
 商丘招聘信息
 大连招聘信息
 济南招聘信息
 宁波招聘信息
 无锡招聘信息
 青岛招聘信息
 沈阳招聘信息
 台州招聘信息
 西安招聘信息
 武汉招聘信息
 西安招聘网
 >
 西安行政专员/助理招聘
 >
 行政职员招聘",JavaScript / CSS / Java / React / PMP / 算法 / Go / HTML / jQuery / UG / AI,批发/零售,https://www.liepin.com/job/1966089911.shtml
290,猎聘,能源/化工/环保,矿物加工,矿物加工工程师,企业,方园(安徽)智能装备有限责任公司,100-499人,淮北-杜集区,淮北-杜集区,淮北-杜集区,8-15k,本科,经验不限,20250926160607,13薪 / 18薪,"筛机分选设备、配件和矿物筛选现场应用问题研究解决、市场技术支持、销售、售后等工作。
本科以上学历，矿物加工工程等相关专业，能经常性出差，愿意在公司长期发展。
 查看全部","2. 如您应聘的岗位属于涉外劳务合作/海外岗位的，请务必核实招聘方对外劳务合作资质取得情况，同时注意自身资金安全，防范招聘欺诈。
 3. 本平台招聘方不向求职者提供任何收费服务。
 查看全部
 相关推荐
 展开
 淮北选矿工程师招聘
 淮北选矿助剂工程师招聘
 淮北探矿工程高级工程师招聘
 淮北海外选矿工艺工程师招聘
 淮北选矿厂工程师招聘
 淮北选矿工程师助理招聘
 淮北锂矿选矿工程师招聘
 淮北选矿药剂工程师招聘
 淮北矿山开发工程师招聘
 淮北选矿厂生产经理招聘
 淮北选矿工程师岗位招聘
 淮北金属矿选矿工程师招聘
 淮北洗选矿班长招聘
 淮北锰矿工程师招聘
 淮北选冶工程师招聘
 淮北选矿车间主管招聘
 淮北水力工程师招聘
 淮北砂石工艺工程师招聘
 淮北选煤设计工程师招聘
 淮北矿山技术工程师招聘
 淮北化工实验室工程师招聘
 淮北选矿设计招聘
 淮北洗选矿矿长招聘
 淮北选矿专家招聘
 淮北选矿设计师招聘
 淮北选矿主管招聘
 淮北通防工程师招聘
 淮北选矿厂经理招聘
 淮北技术科招聘
 淮北矿物选矿实验员招聘
 相关公司
 凯德自控武汉智能装备有限公司
 安徽省矿业机电装备有限责任公司
 美腾科技
 北京谊安医疗
 天加环境科技
 徐州徐工挖掘机械有限公司
 青岛茂源
 乔锋智能装备股份有限公司
 厦门玖田自动化设备有限公司
 江苏科威机械有限公司
 深圳市蓝蓝科技有限公司
 方园(安徽)智能装备有限责任公司
 阿特拉斯·科普柯(上海)贸易有限公司
 迅镭激光
 徐工集团
 上海上涵自动化科技有限公司
 沈阳盛京精益数控机械有限公司
 江苏人民电气有限公司
 淮北合众机械设备有限公司
 友佳精密
 普石勒(上海)机械设备有限公司
 中信重工
 西安新新泰富西玛电机维修有限公司
 浙江嘉泰激光科技股份有限公司
 安徽飚威机械制造有限公司
 临沂远鸿机械科技有限公司
 安徽相品智能科技有限公司
 常州市万绥工具厂
 利欧
 热门城市
 北京招聘网
 上海招聘网
 广州招聘网
 厦门招聘网
 杭州招聘网
 郑州招聘网
 南京招聘网
 天津招聘网
 重庆招聘网
 成都招聘网
 苏州招聘网
 商丘招聘网
 大连招聘网
 济南招聘网
 宁波招聘网
 无锡招聘网
 青岛招聘网
 沈阳招聘网
 台州招聘网
 西安招聘网
 武汉招聘网
 热门招聘
 北京招聘信息
 上海招聘信息
 广州招聘信息
 厦门招聘信息
 杭州招聘信息
 郑州招聘信息
 南京招聘信息
 天津招聘信息
 重庆招聘信息
 成都招聘信息
 苏州招聘信息
 商丘招聘信息
 大连招聘信息
 济南招聘信息
 宁波招聘信息
 无锡招聘信息
 青岛招聘信息
 沈阳招聘信息
 台州招聘信息
 西安招聘信息
 武汉招聘信息
 淮北招聘网
 >
 淮北选矿工程师招聘
 >
 矿物加工工程师招聘
 收藏职位
 立即沟通
 更新时间：2026-03-09",CSS / React / PMP / Go / HTML / jQuery / UG / AI,机械/设备,https://www.liepin.com/job/1977514513.shtml
291,猎聘,能源/化工/环保,矿物加工,（超导磁体）立环磁选工程师,企业,某合肥机械/设备公司,100-499人,安徽省,合肥,合肥,10-15k,统招本科,1-3年,20260604101122,/,"1. 负责立环磁选机机构设计、原理验证及技术方案输出，解决研发/生产中的机构相关技术难题。
2. 参与磁选机性能测试、工艺适配调试，优化机构结构","3. 对接生产部门，提供机构加工工艺指导，确保产品符合设计要求；配合市场部门提供技术支持（如客户方案讲解、现场问题排查）。
4. 跟踪行业技术动态，推动立环磁选机机构创新与技术迭代。
三、加分项
1. 具备高梯度立环磁选机相关研发经验者优先。
2. 拥有磁选机机构专利（发明/实用新型）或主导过核心项目研发者优先。
3. 熟悉矿业设备行业标准（如GB/T、ISO相关标准），具备跨部门协作及项目管理能力。
 查看全部",JavaScript / SolidWorks / CSS / Java / 项目管理 / React / CAD / PMP / Go / HTML / jQuery / UG / AI,机械/设备,https://www.liepin.com/a/76395389.shtml
292,猎聘,能源/化工/环保,矿物加工,磁选工程师,企业,某合肥机械/设备公司,100-499人,安徽省,合肥,合肥,10-15k·13薪,统招本科,1-3年,20260526135609,五险 / 五险一金 / 13薪,"1. 负责立环磁选机机构设计、原理验证及技术方案输出，解决研发/生产中的机构相关技术难题。
2. 参与磁选机性能测试、工艺适配调试，优化机构结构","3. 对接生产部门，提供机构加工工艺指导，确保产品符合设计要求；配合市场部门提供技术支持（如客户方案讲解、现场问题排查）。
4. 跟踪行业技术动态，推动立环磁选机机构创新与技术迭代。
三、加分项
1. 具备高梯度立环磁选机相关研发经验者优先。
2. 拥有磁选机机构专利（发明/实用新型）或主导过核心项目研发者优先。
3. 熟悉矿业设备行业标准（如GB/T、ISO相关标准），具备跨部门协作及项目管理能力。
 查看全部",JavaScript / SolidWorks / CSS / Java / 项目管理 / React / CAD / PMP / Go / HTML / jQuery / UG / AI,机械/设备,https://www.liepin.com/a/75848299.shtml
293,猎聘,能源/化工/环保,矿物加工,选矿工程师,企业,安徽金沙钼业有限公司,1-49人,六安-金寨县,六安-金寨县,六安-金寨县,13-25k,大专,5年以上,20260604145647,16薪 / 带薪年假 / 五险一金 / 13薪 / 五险 / 团队建设 / 14薪,"：
1.制度体系建设。全面贯彻落实国家法律法规和公司各项规章制度，根据选矿及配套工程建设需要，建立健全科室管理制度、岗位操作规程。
2.协同配合。负责对接和联络各专业部门，跟踪选矿及配套工程的施工质量和施工进度，保质保量完成公司下达的各项建设任务。
3.工艺技术论证及设备选型。参与选矿工艺设计方案研讨、工艺流程优化及施工图纸审查、优化厂房与设备配置及工艺管道布置等。配合机电工程处完成选矿设备选型，确保设备参数、性能指标符合工艺要求。
4.选矿工艺试验。负责落实磨矿试验、选矿药剂试验、尾矿综合利用技术研究，提高资源综合利用率，为优化工艺设计和生产工艺提供支撑。
5.智慧化矿山建设。落实皮带智能检测、顽石破碎、磨矿、浮选、药剂添加、浓密等选矿过程自动化及后期选矿专家系统的搭建和运维。
6.生产筹备与计划编制。根据基建建设节点推进情况，统筹开展生产筹备、选矿厂试生产方案编制和实施、生产计划编制工作，核定生产工艺参数与控制指标，制定全流程金属平衡管理细则。
7.人员培训。负责编制选矿工艺、设备等技术人员的培训计划，落实专业理论技术、现场操作等专项培训，全面提升技术人员专业技能。
8.资料管理。负责收集、整理和归档选矿工程设计资料和施工图纸并定期更新。
9.“四新”应用。落实选矿工艺优化和试验研究，积极推广和运用新设备、新材料、新技术、新工艺，促进工艺技术迭代升级。
10.其他。负责科室治安消防、廉洁自律教育、团队建设、人员业务能力提升及精神文明建设工作。完成选矿厂安排的其他各项工作。","1.政治素养良好，作风正派、廉洁自律、责任心强，服从企业生产管理，认同矿山选矿企业文化与安全生产理念。
2.矿物加工、选矿工程等相关专业，有钼矿选矿相关工作经验优先。
3.熟悉钼矿石选矿工艺流程、破碎、磨矿、浮选、分级、脱水等核心工序，熟悉选矿设备、生产指标管控及选矿现场安全标准化管理工作。
4.具备良好的沟通协调能力和团队协作精神，能够快速适配生产线作业节奏，有较强的现场问题排查、处置能力和自主学习提升能力。
 查看全部",沟通协调 / CSS / React / PMP / Go / HTML / jQuery / UG / AI,矿产开采,https://www.liepin.com/job/1983081141.shtml
294,猎聘,能源/化工/环保,矿物加工,磁选工程师,企业,某合肥机械/设备公司,100-499人,安徽省,合肥,合肥,9-14k,统招本科,经验不限,20260602092948,/,"1. 负责立环磁选机机构设计、原理验证及技术方案输出，解决研发/生产中的机构相关技术难题。
2. 参与磁选机性能测试、工艺适配调试，优化机构结构","3. 对接生产部门，提供机构加工工艺指导，确保产品符合设计要求；配合市场部门提供技术支持（如客户方案讲解、现场问题排查）。
4. 跟踪行业技术动态，推动立环磁选机机构创新与技术迭代。
三、加分项
1. 具备高梯度立环磁选机相关研发经验者优先。
2. 拥有磁选机机构专利（发明/实用新型）或主导过核心项目研发者优先。
3. 熟悉矿业设备行业标准（如GB/T、ISO相关标准），具备跨部门协作及项目管理能力。
 查看全部",JavaScript / SolidWorks / CSS / Java / 项目管理 / React / CAD / PMP / Go / HTML / jQuery / UG / AI,机械/设备,https://www.liepin.com/a/76289075.shtml
295,猎聘,能源/化工/环保,矿物加工,立环磁选工程师,企业,某合肥机械/设备公司,100-499人,安徽省,合肥,合肥,15-25k,统招本科,经验不限,20260609083859,/,"1. 负责立环磁选机机构设计、原理验证及技术方案输出，解决研发/生产中的机构相关技术难题。
2. 参与磁选机性能测试、工艺适配调试，优化机构结构
3. 对接生产部门，提供机构加工工艺指导，确保产品符合设计要求；配合市场部门提供技术支持（如客户方案讲解、现场问题排查）。
4. 跟踪行业技术动态，推动立环磁选机机构创新与技术迭代。","1. 学历专业：机械工程、矿物加工工程、磁电工程等相关专业，本科及以上学历，3年以上立环磁选机研发/设计/工艺相关工作经验；硕士学历可放宽至2年经验。
2. 核心技能：精通立环磁选机机构组成、工作原理及动力学特性，能独立完成机体结构、磁系布局、传动系统等核心部件的设计与优化；熟悉矿物分选工艺，了解磁选机与分选工艺的适配逻辑。
3. 技术能力：掌握二维三维绘图工具，具备机构强度仿真、运动学分析能力；熟悉磁选机关键参数（磁场强度、分选效率、处理量）的调试与优化方法。
4. 行业认知：了解立环磁选机行业技术趋势
 查看全部",JavaScript / CSS / Java / React / PMP / Go / HTML / jQuery / UG / AI,机械/设备,https://www.liepin.com/a/75906349.shtml
296,猎聘,能源/化工/环保,矿物加工,立环磁选工程师（合肥）,企业,某合肥机械/设备公司,100-499人,安徽省,合肥,合肥,11-22k·13薪,本科,3-5年,20260603110821,13薪,"1. 负责立环磁选机机构设计、原理验证及技术方案输出，解决研发/生产中的机构相关技术难题。
2. 参与磁选机性能测试、工艺适配调试，优化机构结构
3. 对接生产部门，提供机构加工工艺指导，确保产品符合设计要求；配合市场部门提供技术支持（如客户方案讲解、现场问题排查）。
4. 跟踪行业技术动态，推动立环磁选机机构创新与技术迭代。
二、","1. 学历专业：机械工程、矿物加工工程、磁电工程等相关专业，本科及以上学历，3年以上立环磁选机研发/设计/工艺相关工作经验；硕士学历可放宽至2年经验。
2. 核心技能：精通立环磁选机机构组成、工作原理及动力学特性，能独立完成机体结构、磁系布局、传动系统等核心部件的设计与优化；熟悉矿物分选工艺，了解磁选机与分选工艺的适配逻辑。
3. 技术能力：掌握二维三维绘图工具，具备机构强度仿真、运动学分析能力；熟悉磁选机关键参数（磁场强度、分选效率、处理量）的调试与优化方法。
4. 行业认知：了解立环磁选机行业技术趋势
所属行业:
半导体
职能分类:
封装研发
工作城市:
合肥，招聘1人，详细地址：合肥市庐阳区
职位要求
学历要求:
本科·一本
工作年限:
不限
三、年薪范围:
15-30万 13薪
面试轮次:
2轮
视频面试:
不可以接受
 查看全部",JavaScript / CSS / Java / 项目管理 / React / PMP / Go / HTML / jQuery / UG / AI,机械/设备,https://www.liepin.com/a/76351523.shtml
297,猎聘,能源/化工/环保,矿物加工,磁选工程师,企业,曦合超导,100-499人,合肥-庐阳区,合肥-庐阳区,合肥-庐阳区,8-15k,统招本科,1-3年,20260602103507,发展空间大 / 团队聚餐 / 年终奖金 / 带薪年假 / 绩效奖金 / 节日礼物 / 优秀员工奖 / 年终奖 / 五险一金 / 五险 / 聚餐 / 定期体检 / 岗位晋升,"1. 负责磁选机机构设计、原理验证及技术方案输出，解决研发/生产中的机构相关技术难题。
2. 参与磁选机性能测试、工艺适配调试，优化机构结构","3. 对接生产部门，提供机构加工工艺指导，确保产品符合设计要求；配合市场部门提供技术支持（如客户方案讲解、现场问题排查）。
4. 跟踪行业技术动态，推动磁选机机构创新与技术迭代。
三、加分项
1. 具备高梯度磁选机相关研发经验者优先。
2. 拥有磁选机机构专利（发明/实用新型）或主导过核心项目研发者优先。
3. 熟悉矿业设备行业标准（如GB/T、ISO相关标准），具备跨部门协作及项目管理能力。
 查看全部",SolidWorks / CSS / 项目管理 / React / CAD / PMP / Go / HTML / jQuery / UG / AI,电气机械/器材,https://www.liepin.com/job/1983052743.shtml
298,猎聘,能源/化工/环保,矿物加工,垃圾焚烧尾渣资源化工程师,企业,某国内知名专业技术服务公司,1-49人,安徽省,芜湖,芜湖,20-35k,硕士,3-5年,20260509145552,16薪 / 五险一金 / 15薪 / 五险 / 14薪,"：
""1、负责垃圾焚烧尾渣资源化利用产业政策、市场及技术研究，
2、完成尾渣资源化路径研究，完成技术经济分析及工艺开发，能独立完成小试/中试方案设计实验分析。
3、研发高附加值产品：再生骨料、水泥熟料替代料、铁粉 / 有价金属。
4、负责工业化项目工艺方案编制、成本核算，输出设备清单、平面图、PID图；针对工程大试、生产大试中的技术问题提供调试支持与优化建议。""
过往主要工作内容
""1、环境工程、材料工程、矿物加工、化工工艺等相关专业硕士以上学历，特别优秀者可放宽至本科；具备大学英语四级及以上证书，可熟练阅读外文专业文献；
2、2–5年生活垃圾焚烧炉渣、固废资源化工艺、生产设计经验；精通炉渣资源化工艺、设备原理、标准规范，具备从拥有从实验室小试到中试、工业化放大的全流程研发能力；
3、掌握AutoCAD、SolidWorks等制图软件，熟练使用Origin、MATLAB、Aspen等软件者优先；
4、熟悉国家环保产业政策、建材等行业标准；
5、具备良好的跨部门协作能力，有严谨的科研逻辑、创新思维与抗压能力，能适应技术攻坚期工作节奏；具备较强的责任心、安全生产意识与保密意识，严格遵守危废处置安全规范、公司知识产权管理与技术保密规定
 查看全部","2. 如您应聘的岗位属于涉外劳务合作/海外岗位的，请务必核实招聘方对外劳务合作资质取得情况，同时注意自身资金安全，防范招聘欺诈。
 3. 本平台招聘方不向求职者提供任何收费服务。
 查看全部
 相关推荐
 展开
 芜湖固废处理工程师招聘
 芜湖固废处理师招聘
 芜湖固废处理总工程师招聘
 芜湖固废处理工程技术员招聘
 芜湖调查部门经理招聘
 芜湖焚烧工艺工程师招聘
 芜湖固废焚烧炉工程师招聘
 芜湖废酸回收工艺工程师招聘
 芜湖固废项目总工程师招聘
 芜湖垃圾处理工程师招聘
 芜湖物化工程师招聘
 芜湖石膏领域工程师招聘
 芜湖固危废技术经理招聘
 芜湖废水治理工程师招聘
 芜湖焚烧车间工程师招聘
 芜湖现场化学工程师招聘
 芜湖核燃料处理工程师招聘
 芜湖焚烧炉固废车间主任招聘
 芜湖工程技术中心工程师招聘
 芜湖废品管理工程师招聘
 芜湖固废项目负责人招聘
 芜湖锂电池利用回收工程师招聘
 芜湖危废管理助理招聘
 芜湖危废焚烧班长招聘
 芜湖炉渣工程师招聘
 芜湖回收区域经理招聘
 芜湖环卫一体化工程师招聘
 芜湖危废技术工程师招聘
 芜湖电镀药水测试工程师招聘
 芜湖有机肥研发工程师招聘
 相关公司
 阳光能源(北京)有限公司
 杭州诺贝尔陶瓷有限公司芜湖销售分公司
 芜湖瑞视达光学科技有限公司
 芜湖市亚华旧机动车销售服务有限公司
 芜湖徽虎保温材料有限公司
 芜湖予秦半导体科技有限公司
 芜湖金鹰滨江世纪发展有限公司金鹰新城市购物中心
 用友网络科技股份有限公司芜湖分公司
 安徽华陆汽车零部件有限公司
 芜湖太平洋塑胶有限公司
 啦啦象
 安徽金鼎锅炉股份有限公司
 安徽科瑞克保温材料有限公司
 安徽众银金融服务有限公司
 柏科奇(安徽)生物科技有限公司
 芜湖市贵淼运输有限公司
 安徽薪众包人力资源服务有限公司
 芜湖徽韵微阁母婴护理服务有限公司
 芜湖山水管家文化科技有限公司
 安徽昊智科技有限公司
 安徽复兴电缆集团有限公司
 华夏云天
 芜湖市美典文化传媒有限公司
 铜陵积木盒子文化传媒有限公司芜湖分公司
 热门城市
 北京招聘网
 上海招聘网
 广州招聘网
 厦门招聘网
 杭州招聘网
 郑州招聘网
 南京招聘网
 天津招聘网
 重庆招聘网
 成都招聘网
 苏州招聘网
 商丘招聘网
 大连招聘网
 济南招聘网
 宁波招聘网
 无锡招聘网
 青岛招聘网
 沈阳招聘网
 台州招聘网
 西安招聘网
 武汉招聘网
 周边城市
 合肥找工作
 亳州找工作
 池州找工作
 宣城找工作
 蚌埠找工作
 淮南找工作
 马鞍山找工作
 淮北找工作
 铜陵找工作
 安庆找工作
 黄山找工作
 滁州找工作
 阜阳找工作
 宿州找工作
 六安找工作
 芜湖招聘网
 >
 芜湖固废处理工程师招聘
 >
 垃圾焚烧尾渣资源化工程师招聘
 收藏职位
 立即沟通
 更新时间：2026-06-10",JavaScript / SolidWorks / CSS / Java / 英语 / React / CAD / PMP / AutoCAD / MATLAB / Go / HTML / jQuery / UG / AI,专业技术服务,https://www.liepin.com/a/74645117.shtml
299,猎聘,能源/化工/环保,矿物加工,售前工程师（智能工业设备技术方案）,企业,泰禾智能,1000-2000人,合肥-肥西县,合肥-肥西县,合肥-肥西县,10-15k,统招本科,3-5年,20260508084259,发展空间大 / 年终奖金 / 带薪年假 / 年终奖 / 扁平管理 / 五险一金 / 13薪 / 五险 / 免费班车 / 双休 / 班车 / 14薪,"：
1、负责与营销端完成技术方案设计与交付工作；
2、负责项目需求调研，撰写具有针对性的项目分析与设计方案，满足客户需求；
3、负责标书技术内容的确认，包括产品选型、技术参数核定等；
4、参与标书技术部分的编订工作。
 查看全部","2. 如您应聘的岗位属于涉外劳务合作/海外岗位的，请务必核实招聘方对外劳务合作资质取得情况，同时注意自身资金安全，防范招聘欺诈。
 3. 本平台招聘方不向求职者提供任何收费服务。
 查看全部
 相关推荐
 展开
 合肥APP售前支持工程师招聘
 合肥行业售前招聘
 合肥亮化工程师招聘
 合肥国际售前技术工程师招聘
 合肥南方区技术支持招聘
 合肥云网络售前专家招聘
 合肥储能技术助理工程师招聘
 合肥华为T售前工程师招聘
 合肥注册申报技术支持专家招聘
 合肥售前解决方案经理招聘
 合肥海外售前方案招聘
 合肥ATM产品招聘
 合肥数字化方案经理招聘
 合肥钉钉售前负责人招聘
 合肥技术支持组负责人招聘
 合肥AI产品售前顾问招聘
 合肥售前解决方案副总招聘
 合肥项目管理技术支持招聘
 合肥智慧供水售前工程师招聘
 合肥售前顾问招聘
 合肥腾讯云行业售前架构师招聘
 合肥FPD技术支持工程师招聘
 合肥运营商大数据售前专家招聘
 合肥IT售前解决方案专家招聘
 合肥技术支持与产品培训师招聘
 合肥技术选型支持工程师招聘
 合肥解决方案总监招聘
 合肥甘青宁区域招聘
 合肥整场规划招聘
 合肥遥感售前经理招聘
 相关公司
 恒宇激光
 万都元祥制冷
 湖北三环锻造有限公司
 浙江大优环保科技有限公司
 福誉科技
 青岛茂源
 新代科技(苏州)有限公司
 中信汽车有限责任公司
 伊特克斯惰性气体系统(北京)有限公司
 合肥赛源液压件有限公司
 三环离合器
 王力集团
 宏创机电
 广东德玛士智能装备有限公司
 菱创智能科技（常熟）有限公司
 银河电子
 日立建机(中国)有限公司
 安徽力宇智能设备制造有限责任公司
 北京科锐特科技有限公司
 双环传动
 世达工具(上海)有限公司
 伊顿中国
 麟图科技
 合肥东行新材料有限责任公司
 合肥昱畅泵业有限公司
 航大智能
 威视股份
 合肥永欢环保包装科技有限公司
 利星行机械
 热门城市
 北京招聘网
 上海招聘网
 广州招聘网
 厦门招聘网
 杭州招聘网
 郑州招聘网
 南京招聘网
 天津招聘网
 重庆招聘网
 成都招聘网
 苏州招聘网
 商丘招聘网
 大连招聘网
 济南招聘网
 宁波招聘网
 无锡招聘网
 青岛招聘网
 沈阳招聘网
 台州招聘网
 西安招聘网
 武汉招聘网
 热门招聘
 北京招聘信息
 上海招聘信息
 广州招聘信息
 厦门招聘信息
 杭州招聘信息
 郑州招聘信息
 南京招聘信息
 天津招聘信息
 重庆招聘信息
 成都招聘信息
 苏州招聘信息
 商丘招聘信息
 大连招聘信息
 济南招聘信息
 宁波招聘信息
 无锡招聘信息
 青岛招聘信息
 沈阳招聘信息
 台州招聘信息
 西安招聘信息
 武汉招聘信息
 合肥招聘网
 >
 合肥售前技术支持招聘
 >
 售前工程师（智能工业设备技术方案）招聘
 收藏职位
 立即沟通
 立即应聘
 更新时间：2026-06-10",CSS / 项目管理 / React / PMP / Go / HTML / jQuery / UG / AI,机械/设备,https://www.liepin.com/job/1960693049.shtml
300,猎聘,能源/化工/环保,矿物加工,磁选工程师,企业,曦合超导,100-499人,安徽省,合肥,合肥,8-15k·13薪,本科,3年以上,20260515182550,发展空间大 / 团队聚餐 / 年终奖金 / 带薪年假 / 绩效奖金 / 节日礼物 / 优秀员工奖 / 年终奖 / 五险一金 / 13薪 / 五险 / 聚餐 / 定期体检 / 岗位晋升,"1. 负责立环磁选机机构设计、原理验证及技术方案输出，解决研发/生产中的机构相关技术难题。
2. 参与磁选机性能测试、工艺适配调试，优化机构结构
3. 对接生产部门，提供机构加工工艺指导，确保产品符合设计要求；配合市场部门提供技术支持（如客户方案讲解、现场问题排查）。
4. 跟踪行业技术动态，推动立环磁选机机构创新与技术迭代。
二、加分项
1. 具备高梯度立环磁选机相关研发经验者优先。
2. 拥有磁选机机构专利（发明/实用新型）或主导过核心项目研发者优先。
3. 熟悉矿业设备行业标准（如GB/T、ISO相关标准），具备跨部门协作及项目管理能力。
三、核心","1. 学历专业：机械工程、矿物加工工程、磁电工程等相关专业，本科及以上学历，3年以上立环磁选机研发/设计/工艺相关工作经验；硕士学历可放宽至2年经验。
2. 核心技能：精通立环磁选机机构组成、工作原理及动力学特性，能独立完成机体结构、磁系布局、传动系统等核心部件的设计与优化；熟悉矿物分选工艺，了解磁选机与分选工艺的适配逻辑。
3. 技术能力：掌握二维三维绘图工具CAD/SolidWorks/Anysys，具备机构强度仿真、运动学分析能力；熟悉磁选机关键参数（磁场强度、分选效率、处理量）的调试与优化方法。
4. 行业认知：了解立环磁选机行业技术趋势
 查看全部",SolidWorks / CSS / 项目管理 / React / CAD / PMP / Go / HTML / jQuery / UG / AI,电气机械/器材,https://www.liepin.com/job/1982584019.shtml
301,猎聘,能源/化工/环保,矿物加工,立环磁选工程师,企业,曦合超导,100-499人,合肥-庐阳区,合肥-庐阳区,合肥-庐阳区,8-15k·14薪,本科,2年以上,20251217082117,13薪 / 14薪 / 15薪,"1. 负责立环磁选机机构设计、原理验证及技术方案输出，解决研发/生产中的机构相关技术难题。
2. 参与磁选机性能测试、工艺适配调试，优化机构结构","3. 对接生产部门，提供机构加工工艺指导，确保产品符合设计要求；配合市场部门提供技术支持（如客户方案讲解、现场问题排查）。
4. 跟踪行业技术动态，推动立环磁选机机构创新与技术迭代。
三、加分项
1. 具备高梯度立环磁选机相关研发经验者优先。
2. 拥有磁选机机构专利（发明/实用新型）或主导过核心项目研发者优先。
3. 熟悉矿业设备行业标准（如GB/T、ISO相关标准），具备跨部门协作及项目管理能力。
 查看全部",SolidWorks / CSS / 项目管理 / React / CAD / PMP / Go / HTML / jQuery / UG / AI,电气机械/器材,https://www.liepin.com/job/1979191083.shtml
302,猎聘,能源/化工/环保,矿物加工,生产运营部副经理,企业,滁州市兴天矿业有限公司,50-99人,滁州-天长,滁州-天长,滁州-天长,12-15k,统招本科,5-10年,20240401091139,发展空间大 / 带薪年假 / 领导好 / 扁平管理 / 交通补助 / 13薪 / 15薪 / 五险二金 / 通讯津贴 / 五险 / 定期体检 / 岗位晋升 / 14薪 / 提供住宿,"专业要求：
本科：采矿工程、矿物加工工程、地质工程、安全工程、测绘工程、弹药工程与爆炸技术及相关专业。
研究生：与上述本科专业相关专业。","1.中共党员。
2.具有5年及以上矿山建设、开采等管理工作经验（具备中层管理经验或研究生学历放宽至3年）；
3.具有中级及以上矿山相关职称；
4.副高及以上职称面试成绩加2分；
5.条件特别优秀的，可适当放宽专业、学历、学位、年龄、政治面貌等资格条件。
其他：
1.工作地点在天长市金集镇；
2.薪酬标准按公司薪酬制度执行；
3.免费提供食宿；
4.缴纳五险二金。
 查看全部",CSS / React / PMP / Go / HTML / jQuery / UG / AI,矿产开采,https://www.liepin.com/job/1965906937.shtml
303,猎聘,能源/化工/环保,矿物加工,化工实室研究员/技术员,企业,安徽合璟材料科技有限公司,50-99人,淮北-烈山区,淮北-烈山区,淮北-烈山区,7-8k,本科,1-3年,20231115101217,发展空间大 / 五险一金 / 13薪 / 五险 / 通讯津贴,"（1）负责完成公司制定研发目标，能够按照研发任务合理的分解和制定试验计划、方案，有效率的完成任务；
（2）负责根据产品开发方向，优化已有产品配方、设计新配方，并进行应用试验的验证；
（3）根据需要，参与一定的质量管理工作，包括新产品的车间中试放大、试生产，为批量生产制定工艺规程、作业文件以及质量控制文件等； （4）负责光伏材料项目的具体工艺研究、改进等工作
（5）根据工作计划开展研究、测试等工作，做好相关实验记录，并编写实验总结
（1）专业和经验要求
本科及以上学历，专业或研究方向为：材料学或材料工程、化学工艺、有机化学或高分子、矿物加工或改性、功能材料、杂化等；有相关产品工作经验者优先。
（2）","有上述专业领域的研究或工作基础优先，应届毕业生根据情况也可考虑。要求有独立的试验研发能力，包括但不限于：专利检索、文献搜集、同行业技术研究；有良好的独立思考能力、动手试验能力，以及高效干练的做事习惯。
 查看全部",CSS / React / PMP / Go / HTML / jQuery / UG / AI,新能源,https://www.liepin.com/job/1958296567.shtml
304,猎聘,能源/化工/环保,矿物加工,土建工程师,猎头,中科星晨,50-99人,厦门-湖里区,厦门-湖里区,厦门-湖里区,6-7k,本科,3-5年,20240415104207,16薪 / 13薪 / 14薪 / 15薪,"：
1.负责系统测试的需求分析，负责现有系统以及相关业务支撑系统的测试
2.产品的开发计划和测试需求，独立编制测试方案、测试计划和测试用例，开展测试工作
3.负责编写完整、规范的测试报告，并协助软件开发人员进行故障定位和整改；
4.对产品进行黑盒测试、兼容性测试、容错性测试、回归测试等。
5.负责对bug生命周期进行跟踪，有对产品需求和质量的整体把控能力，有一定项目管理能力优先","1.计算机软件等相关专业本科（含）以上学历，3年以上测试经验；
2.掌握软件工程、软件测试理论、测试流程及方法；
3.掌握各种软件测试技术、方法、如功能测试、性能测试、安全性、可靠性、界面等；
4.熟练掌握一种以上测试工具、bug管理工具，有测试脚本编写经验或者测试用例编写经验为优；
5.热爱测试工作，善于发现、分析和总结问题，责任心强，吃苦耐劳，具备较强的沟通能力；
6.学习能力强，能承受一定工作压力，富有团队精神，有责任心，良好的沟通能力。
 查看全部",JavaScript / CSS / Java / 项目管理 / React / 机器学习 / PMP / 算法 / Go / HTML / jQuery / UG / AI,互联网,https://www.liepin.com/job/1966241443.shtml
305,猎聘,能源/化工/环保,矿物加工,急聘前台接待员,猎头,威海恒旺光伏发电服务有限公司,1-49人,济南-市中区,济南-市中区,济南-市中区,4-6k,大专,经验不限,20240313135701,技能培训 / 13薪 / 14薪 / 15薪,"行政前台/接待职位已暂停招聘_猎聘
 该职位已暂停招聘
 投递了该职位的人还查看了
 跨境电商运营 4-7k
 武汉盈赢国际经贸有限公司 
 武汉-洪山区
 3-5年
 大专
 彭先生
 ·
 总经理
 营销总监 30-50k
 某深圳大型批发/零售公司 融资未公开
 深圳
 经验不限
 统招本科
 罗先生
 ·
 猎头顾问
 亚马逊产品开发 6-10k
 武汉闵希跨境供应链管理有限公司 
 武汉-江汉区
 1-3年
 大专
 刘女士
 ·
 人力资源经理/主管
 跨境电商项目负责人 18-22k
 湖北一川禾科技有限公司 
 武汉-洪山区
 1-3年
 大专
 李先生
 ·
 hr
 阿里巴巴国际站运营 4-8k
 武汉保沃国际贸易有限公司 
 武汉-洪山区
 1-3年
 大专
 邱先生
 ·
 经理
 阿里国际站运营 5-15k
 深圳市鸿浩电子商务有限公司 
 深圳-宝安区
 1-3年
 大专
 蔡女士
 ·
 老板的助理
 软件开发工程师 8-13k·14薪
 拉克(广东)科技有限公司 
 广州-天河区
 经验不限
 本科
 金先生
 ·
 首席执行官CEO/总裁/总经理
 亚马逊电商运营 10-15k
 金华市沐月服装有限公司 
 杭州-滨江区
 1-3年
 本科
 韦先生
 ·
 人事部
 女鞋跨境运营 15-30k
 杭州元足科技有限公司 
 杭州
 3-5年
 大专
 丁先生
 ·
 总经理
 推荐算法工程师 15-20k
 深圳星睿数智技术有限公司北京分公司 
 广州-越秀区
 经验不限
 本科
 李先生
 ·
 技术总监
 合伙人 8-12k
 泽意朗服饰湖北有限公司 
 武汉
 经验不限
 本科
 黄先生
 ·
 亚马逊合伙人
 AI智能数据标注师 2-3k
 宜春军创职业技能培训学校有限责任公司 
 宜春-袁州区
 经验不限
 学历不限
 易女士
 ·
 IT总监/经理/主管
 硬件市场营销总监 40-60k
 某北京大型IT服务公司 D轮及以上
 深圳
 8年以上
 统招本科
 陆先生
 ·
 合伙人
 AI人工智能数据标注师 3-6k
 山西云启伟业科技有限公司 
 临汾
 经验不限
 大专
 李女士
 ·
 人事经理
 售电经理 4-7k
 四川新聚汇能综合能源服务有限公司 
 成都-金牛区
 经验不限
 大专
 李先生
 ·
 市场经理
 AI算法工程师（大模型全栈） 18-25k
 杭州科芯未来工程技术研究有限责任公司 
 杭州-滨江区
 经验不限
 本科
 奚先生
 ·
 技术合伙人
 信用卡客户经理 6-10k
 兴业银行股份有限公司广州美林社区支行 
 广州-越秀区
 经验不限
 本科
 谭先生
 ·
 支行零售行长
 深度学习 20-24k
 某北京计算机软件上市公司 已上市
 北京
 经验不限
 统招本科
 宋先生
 ·
 投资拓展总监
 速卖通运营 10-20k
 深圳市鸿浩电子商务有限公司 
 深圳-宝安区
 1-3年
 学历不限
 蔡女士
 ·
 老板的助理
 变压器销售工程师 5-6k
 浙江中能变压器有限公司 
 杭州-建德
 1年以上
 大专
 左女士
 ·
 人事专员
 亚马逊运营 8-11k
 湖北一川禾科技有限公司 
 武汉
 1-3年
 大专
 刘女士
 ·
 前台
 shopee/lazada跨境电商运营 8-15k
 苏州爱宕电子商务有限公司 
 杭州
 1-3年
 大专
 侯先生
 ·
 客户经理
 跨境电商运营 10-15k
 东莞市粤顺机电设备有限公司 
 广州
 3-5年
 本科
 肖先生
 ·
 HR
 跨境电商运营岗（独立站） 9-15k·15薪
 艾维恩网络科技 其他
 深圳-南山区
 1-3年
 大专
 张先生
 ·
 总经理
 招生老师 4-12k·13薪
 媛来如此(广州)文化中心 
 广州-海珠区
 经验不限
 学历不限
 陈先生
 ·
 销售主管
 市场总监（IMC） 70-100k·15薪
 某深圳电气机械/器材公司 
 深圳-南山区
 10年以上
 本科
 张女士
 ·
 Associate Director
 亚马逊产品开发 9-14k
 深圳市优望科技有限公司 
 深圳
 1-3年
 大专
 谢女士
 ·
 人事经理
 跨境电商运营 7-12k·13薪
 武汉古月兴电子商务有限公司 
 武汉
 1-3年
 学历不限
 胡先生
 ·
 总经理
 跨境电商美工 5-8k
 武汉古月兴电子商务有限公司 
 武汉
 1-3年
 学历不限
 胡先生
 ·
 总经理
 物流系统工程师 10-15k
 比亚迪汽车工业有限公司 战略融资
 深圳-坪山区
 经验不限
 本科
 李先生
 ·
 高级测试工程师",/,CSS / 深度学习 / React / PMP / 算法 / HTML / jQuery / UG / AI,新能源,https://www.liepin.com/job/1965433079.shtml
306,猎聘,能源/化工/环保,矿物加工,档案资料管理员,企业,北京南冥科技有限公司,1-49人,北京市,北京,北京,6-8k,学历不限,经验不限,20240413105338,16薪 / 13薪 / 14薪 / 15薪,"档案管理职位已暂停招聘_猎聘
 该职位已暂停招聘
 投递了该职位的人还查看了
 财务助理 6-7k·13薪
 某北京智能硬件/消费电子公司 B轮
 北京-东城区
 1-3年
 本科
 陈女士
 ·
 人事经理
 课程顾问 4-8k
 弈海润世围棋学堂 融资未公开
 北京-东城区
 1-3年
 大专
 赵女士
 ·
 HR
 美妆护肤产品经理 20-30k
 华韵臻品 
 上海-黄浦区
 3-5年
 学历不限
 陈先生
 集团销售副总（电子元器件，华东或者华南） 25-40k
 某国内电子商务公司 战略融资
 上海
 3-5年
 本科
 丁女士
 ·
 猎头顾问
 算法专家（base广州，视觉决策，薪资面议） 45-75k
 某知名公司 D轮及以上
 上海
 3-5年
 硕士
 王女士
 ·
 暂无
 硬件工程师/电子工程师 12-17k
 北京天宝伟业科技有限公司 融资未公开
 北京-丰台区
 1-3年
 大专
 何先生
 ·
 产品经理
 硬件工程师-检漏仪/气密性检测设备 25-50k
 某国内知名上市公司 已上市
 上海
 5年以上
 学历不限
 何先生
 ·
 猎头
 票据贴现经理/总监 15-30k
 上海万联易达科技有限公司 
 上海-闵行区
 3年以上
 大专
 陈先生
 ·
 副总经理
 销售经理 6-11k
 北京搜了科技有限公司 
 北京-东城区
 经验不限
 学历不限
 范女士
 ·
 总助
 财富经理岗 6-12k
 光大证券 已上市
 重庆-永川区
 经验不限
 本科
 杨女士
 ·
 HR
 文员图文整理发布（新媒体图文方向） 3-8k
 广州洁饺科技有限公司 
 北京-东城区
 经验不限
 学历不限
 肖先生
 ·
 运营主管
 仓库管理 5-7k·13薪
 武汉珠计闪支科技有限公司 
 北京-东城区
 经验不限
 学历不限
 陈先生
 ·
 电气技术员
 后端开发工程师（ AI 商品图决策方向） 30-50k
 某知名上市公司 已上市
 上海
 5-10年
 统招本科
 孙迁邻
 ·
 行业负责人
 集团销售副总（电子元器件） 25-45k
 某国内知名公司 战略融资
 上海
 5-10年
 学历不限
 杨女士
 ·
 猎头顾问
 财务助理 6-8k·13薪
 大连林益俊南科技有限公司 
 北京-东城区
 经验不限
 学历不限
 吴先生
 ·
 运营专员
 SoC设计技术专家 60-90k·15薪
 某知名上市公司 已上市
 上海
 5-10年
 本科
 罗女士
 ·
 HRD
 渠道总监 50-80k
 某国内电子/半导体/集成电路上市公司 已上市
 上海
 5-10年
 本科
 白女士
 ·
 猎头顾问
 内容策略产品经理（大厂直招+高薪待遇好） 35-50k·16薪
 某上海大型电子商务公司 D轮及以上
 上海
 3-5年
 统招本科
 田女士
 ·
 猎头
 App平台运营 4-9k
 北京致远泓管理咨询有限公司 
 北京-东城区
 经验不限
 学历不限
 李先生
 ·
 经理
 物业公司副总经理 10-20k
 福巢控股 融资未公开
 淄博
 10年以上
 本科
 吴先生
 文秘 6-8k·13薪
 大连林益俊南科技有限公司 
 北京-东城区
 经验不限
 学历不限
 吴先生
 ·
 运营专员
 嵌入式系统研发工程师 15-25k·13薪
 北京曾益慧创科技有限公司 融资未公开
 北京-海淀区
 经验不限
 统招本科
 孙先生
 ·
 销售总监
 CW02-出纳 7-9k
 北京壹伍贰零科技有限公司 其他
 北京-东城区
 1-3年
 大专
 刘先生
 ·
 HR
 集团销售副总 （电阻） 30-40k
 某国内知名公司 战略融资
 上海
 5-10年
 本科
 高先生
 ·
 猎头顾问
 驱动开发工程师 15-25k·14薪
 新华三集团 战略融资
 北京
 3-5年
 本科
 吴先生
 集团销售副总（电子元器件，集团年度销售目标） 30-45k
 某国内电子商务公司 战略融资
 上海
 经验不限
 学历不限
 陆先生
 ·
 高级猎头顾问
 HRBP（副）总监 30-50k
 某国内大型制药公司 战略融资
 锦州
 5-10年
 统招本科
 柳先生
 ·
 资深猎头
 算法工程师（视觉） 80-100k
 某广州大型专业技术服务公司 D轮及以上
 上海
 1-3年
 学历不限
 王女士
 ·
 猎头顾问
 市场经理 6-11k
 北京搜了科技有限公司 
 北京-东城区
 经验不限
 大专
 范女士
 ·
 总助
 营销中心总经理（电子元器件，国内外业务） 25-35k
 某国内电子商务公司 战略融资
 上海
 经验不限
 学历不限
 陆先生
 ·
 高级猎头顾问",/,CSS / React / PMP / 算法 / HTML / jQuery / UG / AI,云计算/大数据,https://www.liepin.com/job/1966225233.shtml
307,猎聘,能源/化工/环保,矿物加工,生产矿长（有色金属）,企业,盛达集团,2000-5000人,甘肃省,兰州,兰州,15-20k,本科,10年以上,20260401095624,管理规范 / 发展空间大 / 五险一金 / 13薪 / 公司规模大 / 五险 / 岗位晋升 / 提供住宿,"一、安全生产管理
1、贯彻执行国家及地方关于矿山安全生产、环保、职业健康的法律法规，建立健全矿山安全生产管理制度、操作规程和应急预案。
2、组织开展日常安全隐患排查治理，监督落实采掘、爆破、提升运输、通风排水等关键环节的安全措施，杜绝重大安全事故。
3、牵头组织安全事故应急演练与处置，发生事故时按规定上报并指挥抢险救援，配合事故调查。
4、负责全员安全生产培训，督促特种作业人员持证上岗，提升全员安全意识和操作技能。
二、生产组织与计划管理
1、根据企业年度经营目标，编制矿山采掘、选矿等生产计划，明确产量、质量、品位等核心指标。
2、协调矿山采掘、运输、提升、选矿、排渣等各环节的生产衔接，保障生产流程顺畅，确保按时完成生产任务。
3、监控生产过程中的矿石品位、回收率、设备运转率等关键参数，及时调整生产方案，优化生产效率。
三、技术与工艺管理
1、组织制定和优化有色金属矿山开采工艺（如露天开采台阶参数、井下采矿方法）、选矿工艺流程，推动技术革新与节能降耗。
2、结合矿山地质勘探资料，合理规划采掘布局，保障资源的合理开采和综合利用，避免资源浪费。
3、审核矿山技术方案、工程设计文件，解决生产过程中的重大技术难题。
四、环保与资源管
1、落实矿山环保要求，监督尾矿库、排土场的安全运行和生态修复工作，控制粉尘、废水、噪音等污染物排放。
2、推动绿色矿山建设，践行资源节约、环境友好的生产模式。","一、基本条件
1、学历要求：采矿工程、矿物加工工程、资源勘察工程等相关专业大专及以上学历。
2、职称与证书：持有矿山矿长安全资格证（必备）、采矿工程师及以上职称，具备注册安全工程师、注册采矿工程师资格者优先。
3、工作经验：具有8年以上有色金属矿山生产管理经验，其中3年以上矿山副矿长或同层级生产管理岗位工作经历，熟悉露天及井下有色金属矿山生产全流程。
二、专业能力
1、精通有色金属矿山开采、选矿工艺及技术标准，掌握矿山安全、环保、地质等相关专业知识。
2、具备丰富的生产组织协调能力，能够统筹解决采掘、运输、选矿等环节的衔接问题。
3、熟悉矿山设备的性能与管理方法，具备设备故障分析和维修方案制定能力。
4、掌握成本核算方法，具备较强的成本管控和数据分析能力。
5、具备良好的团队领导力和沟通协调能力，能够有效管理团队并处理内外部关系。
6、熟悉国家及地方关于矿山生产、安全、环保的法律法规和行业政策，具备较强的合规意识。
工作地点：内蒙古、四川。
 查看全部",沟通协调 / CSS / 项目管理 / React / PMP / 数据分析 / Go / HTML / jQuery / UG / AI,批发/零售,https://www.liepin.com/job/1981407057.shtml
308,猎聘,能源/化工/环保,矿物加工,机械维修/保养,企业,金徽矿业股份有限公司,2000-5000人,陇南-徽县,陇南-徽县,陇南-徽县,4-8k,大专,经验不限,20250729095748,管理规范 / 年终奖金 / 带薪年假 / 绩效奖金 / 节日礼物 / 子女福利 / 包吃包住 / 年终奖 / 五险一金 / 包住 / 包吃 / 五险 / 定期体检 / 提供住宿,"：
1、负责矿物加工车间设备的日常维护与保养工作；
2、进行设备故障诊断并及时排除，确保生产线正常运行；
3、参与设备的定期检修与改造工作，提高设备运行效率；
4、负责设备备件的管理和采购申请；
5、记录设备运行及维修情况，整理相关技术资料。","1、具备机械维修或机电一体化等相关专业背景，大专及以上学历；
2、熟悉矿物加工设备维修优先；
3、持有电工证及相关维修资格证书者优先考虑；
4、具备良好的沟通协调能力和团队合作精神；
5、能够适应车间工作环境，具备一定的体力劳动能力；
6、熟练使用常用工具和设备维修软件。
 查看全部",沟通协调 / CSS / Java / 项目管理 / React / PMP / 数据分析 / Go / HTML / jQuery / UG / AI,矿产开采,https://www.liepin.com/job/1976082493.shtml
309,猎聘,能源/化工/环保,矿物加工,陕甘宁地区销售经理,企业,美腾科技,100-499人,兰州-城关区,兰州-城关区,兰州-城关区,8-12k,统招本科,3-5年,20260408101202,发展空间大 / 16薪 / 年终奖金 / 年终奖 / 技能培训 / 五险一金 / 13薪 / 15薪 / 通讯津贴 / 五险 / 岗位晋升 / 饮料 / 14薪,"1、了解、掌握负责销售区域的市场状况，进行市场分析和推广，对市场信息进行收集、整理和分析。
2、根据市场营销计划，对项目进行跟踪，完成公司要求的销售指标。
3、负责新客户的开发、老客户的维护工作。
4、按规定及时回收应收账款，并能准确的提供销售预测。
5、完成公司安排的其它工作。","1、有选煤厂、煤矿相关工作经验者优先。
2、具有矿物加工工程、采矿、选煤等相关专业背景学历者优先。
3、，有行业相关工作经历，有丰富的销售经验，能够识别、确定潜在的合作伙伴，熟悉当地煤炭行业市场发展状况。
4、良好的口头及书面表达能力，积极进取、良好的沟通、协调、组织能力。
5、高度的工作热情，良好的团队合作精神。
6、以上资格，特别优秀者可放宽。
 查看全部",CSS / React / PMP / Go / HTML / jQuery / UG / AI,机械/设备,https://www.liepin.com/job/1981562709.shtml
310,猎聘,能源/化工/环保,矿物加工,选矿工程师,企业,盛达集团,2000-5000人,甘肃省,兰州,兰州,12-18k,本科,5-10年,20260402165237,管理规范 / 发展空间大 / 16薪 / 五险一金 / 13薪 / 公司规模大 / 五险 / 岗位晋升 / 提供住宿,"岗位内容：
1. 负责矿山选矿或采矿工艺流程的优化和改进；
2. 制定选矿、采矿技术方案，指导施工现场的实施；
3. 研究新工艺、新工具、新材料等，并组织试验验证；
4. 掌握选矿/采矿设备的性能和参数，制定日常维护保养计划并落实。","1. 矿物加工、采矿工程等相关专业本科及以上学历；
2. 具备5年以上选矿或采矿行业从业经验；
3. 熟知选矿/采矿流程和设备，有丰富的实践经验；
4. 具备较强的组织协调能力和问题解决能力。
工作地点：内蒙古、四川、广西、黑龙江。
 查看全部",CSS / React / PMP / Go / HTML / jQuery / UG / AI,批发/零售,https://www.liepin.com/job/1981406895.shtml
311,猎聘,能源/化工/环保,矿物加工,会计8k双休五险,企业,太原市梁付网络科技有限公司,/,太原-杏花岭区,太原-杏花岭区,太原-杏花岭区,8-11k,大专,1-3年,20240404105059,18薪 / 五险一金 / 13薪 / 15薪 / 五险 / 双休 / 14薪,"：
1.负责供应商的账单核查及调整；
2.业务系统的优化建议及推进；
3.供应商相关业务数据的整理及比较；
4.业务部门的工作沟通及事项推进；
5.应付凭证的入账、核查、审核；
6.其他事务。","1.财务相关专业；财务相关工作经验1年以上；
2.表达力、沟通力、理解力良好；
3.有责任心、有热情，工作细致、有条不紊；有主动性。
 查看全部",JavaScript / CSS / Java / React / PMP / 算法 / 数据分析 / Go / HTML / jQuery / UG / AI,科技推广服务,https://www.liepin.com/job/1966006783.shtml
312,猎聘,能源/化工/环保,矿物加工,采矿工程师,企业,甘肃宝镁西铁合金有限公司,100-499人,兰州-永登县,兰州-永登县,兰州-永登县,5-10k,大专,2年以上,20260322120102,发展空间大 / 年终奖金 / 餐费补贴 / 绩效奖金 / 年终奖 / 五险一金 / 交通补助 / 13薪 / 15薪 / 加班补贴 / 公司规模大 / 五险 / 定期体检 / 14薪 / 提供住宿,":
参与矿山重大设计的审查；负责各矿山采矿生产技术管理，生产任务完成情况，技术更新改造的监督、检查；负责矿山采矿生产成本控制、技术经济指标控制；组织制定矿山采矿方面新工艺、新机械、新技术的推广运用及开发计划工作；负责监督和控制矿山安全生产体系，落实安全生产责任书的各项指标，确保安全生产；参与矿山采矿方面的生产、技术问题会诊，提出指导性意见；矿山建设及生产期间生产、技术管理
2、招聘条件
采矿工程、地质勘探、矿物加工、矿山机电类等专业全日制大专及以上学历；2年以上相关工作经验；具备良好的沟通和协调能力；工作严谨，一丝不苟，有较强的敬业精神。
岗位福利：五险一金
 查看全部","2. 如您应聘的岗位属于涉外劳务合作/海外岗位的，请务必核实招聘方对外劳务合作资质取得情况，同时注意自身资金安全，防范招聘欺诈。
 3. 本平台招聘方不向求职者提供任何收费服务。
 查看全部
 相关推荐
 展开
 兰州采矿工程师助理招聘
 兰州采矿设计高级工程师招聘
 兰州采矿工程高级工程师招聘
 兰州采矿总工程师招聘
 兰州采矿工艺工程师招聘
 兰州交付采矿高级工程师招聘
 兰州充填工程师招聘
 兰州矿管工程师招聘
 兰州采矿技术岗招聘
 兰州采矿选矿工程师招聘
 兰州采矿工程设计师招聘
 兰州助理采矿工程师招聘
 兰州充填采矿工程师招聘
 兰州矿山开采高级工程师招聘
 兰州采选工程岗招聘
 兰州采矿副矿长招聘
 兰州采矿工程总监招聘
 兰州磷矿总工程师招聘
 兰州地采项目矿长招聘
 兰州采煤机技术工程师电气工程师招聘
 兰州尾矿库工程师招聘
 兰州采选工程师招聘
 兰州矿山运营管理岗招聘
 兰州矿山基建工程师招聘
 兰州煤矿生产工程师招聘
 兰州采掘副总工程师招聘
 兰州矿山工程管理人员招聘
 兰州矿山生产管理招聘
 兰州矿区生产副总招聘
 兰州矿业管理岗招聘
 相关公司
 悍高集团股份有限公司
 震安科技
 西藏亿盛工贸有限公司
 尚为集团
 金海不锈钢
 苏泊尔股份
 兰州华美电器制造有限公司
 常州二维碳素科技股份有限公司
 重庆巨源不锈钢制品有限公司
 广州爱奇实业有限公司
 海亮股份
 Rema Tip Top(Tianjin) Rubber Technology Co.,Ltd
 浙江永杰铝业有限公司
 甘肃北化贸易有限公司
 东莞市友光电子科技有限公司
 兰州鼎豪照明电器有限公司
 南京惠通展览用品开发有限公司
 北京科拉斯科技有限公司
 巅峰体育产业股份有限公司
 金海辉煌集团
 五常市金福泰农业股份有限公司
 甘肃交设智远实业有限公司
 融汇管通
 多联塑胶
 甘肃正阳现代农业服务有限公司
 河北天创管业有限公司
 旺康控股
 安徽蓝格实业集团有限公司
 朝光工业科技(江苏)有限公司
 热门城市
 北京招聘网
 上海招聘网
 广州招聘网
 厦门招聘网
 杭州招聘网
 郑州招聘网
 南京招聘网
 天津招聘网
 重庆招聘网
 成都招聘网
 苏州招聘网
 商丘招聘网
 大连招聘网
 济南招聘网
 宁波招聘网
 无锡招聘网
 青岛招聘网
 沈阳招聘网
 台州招聘网
 西安招聘网
 武汉招聘网
 热门招聘
 北京招聘信息
 上海招聘信息
 广州招聘信息
 厦门招聘信息
 杭州招聘信息
 郑州招聘信息
 南京招聘信息
 天津招聘信息
 重庆招聘信息
 成都招聘信息
 苏州招聘信息
 商丘招聘信息
 大连招聘信息
 济南招聘信息
 宁波招聘信息
 无锡招聘信息
 青岛招聘信息
 沈阳招聘信息
 台州招聘信息
 西安招聘信息
 武汉招聘信息
 兰州招聘网
 >
 兰州采矿工程师招聘
 >
 采矿工程师招聘
 收藏职位
 立即沟通
 更新时间：2026-03-22",CSS / React / PMP / Go / HTML / jQuery / UG / AI,金属制品,https://www.liepin.com/job/1981137123.shtml
313,猎聘,能源/化工/环保,矿物加工,质检品控化验员,企业,深圳前海港亿科技有限公司,1-49人,酒泉-肃北县,酒泉-肃北县,酒泉-肃北县,4-8k,大专,3年以上,20250905111534,管理规范 / 外派津贴 / 团队聚餐 / 领导好 / 优秀员工奖 / 技能培训 / 五险一金 / 13薪 / 公司规模大 / 六险一金 / 五险 / 聚餐 / 14薪 / 六险 / 免费食宿,"工作地点：甘肃省酒泉市肃北县
岗位介绍 
1. 负责菱镁矿、白云石矿原料及高活性氧化镁等成品的化验检测，确保质量符合生产标准与客户要求。
2. 记录化验数据并形成报告，跟踪质量异常，协助分析原因并推动改进。
3. 维护化验设备，定期校准仪器，保障检测工作精准高效。
4. 配合技术研发部门，参与新产品、新工艺的质量验证测试。","1. 大专及以上学历优先，化学、材料、矿物加工等相关专业。
2. 至少3年化验相关工作经验，有矿物或化工产品质检经验者优先。
3. 熟悉化验操作流程，能独立完成检测任务，了解质量控制基本方法。
4. 40岁以内，具备较强责任心与细致度，优秀者年龄可适当放宽。
 查看全部",CSS / React / CAD / PMP / Go / HTML / jQuery / UG / AI,电子商务,https://www.liepin.com/job/1977004859.shtml
314,猎聘,能源/化工/环保,矿物加工,煤矿五职矿长与副总师,企业,某国内矿产开采公司,50-99人,白银-景泰县,白银-景泰县,白银-景泰县,20-40k,学历不限,经验不限,20260609105932,/,"1、矿山主体专业 大专及以上（国家认可学历，不限全日制）
主体专业清单（官方）：
采矿工程、矿建（井建）、通风安全、安全工程
地质、测量、机电（矿山 / 煤矿方向）、运输
煤化工、矿物加工（需煤矿现场经验）国家矿山安全监察局
2、年限
10 年及以上矿山一线从业经历（从参加工作起算，与学历时间无关）
副总师同步招聘中
 查看全部","2. 如您应聘的岗位属于涉外劳务合作/海外岗位的，请务必核实招聘方对外劳务合作资质取得情况，同时注意自身资金安全，防范招聘欺诈。
 3. 本平台招聘方不向求职者提供任何收费服务。
 查看全部
 相关推荐
 展开
 采矿工程师助理招聘
 采矿设计高级工程师招聘
 采矿工程高级工程师招聘
 采矿总工程师招聘
 采矿工艺工程师招聘
 交付采矿高级工程师招聘
 充填工程师招聘
 矿管工程师招聘
 采矿技术岗招聘
 采矿选矿工程师招聘
 采矿工程设计师招聘
 助理采矿工程师招聘
 充填采矿工程师招聘
 矿山开采高级工程师招聘
 采选工程岗招聘
 采矿副矿长招聘
 采矿工程总监招聘
 磷矿总工程师招聘
 地采项目矿长招聘
 采煤机技术工程师电气工程师招聘
 尾矿库工程师招聘
 采选工程师招聘
 矿山运营管理岗招聘
 矿山基建工程师招聘
 煤矿生产工程师招聘
 采掘副总工程师招聘
 矿山工程管理人员招聘
 矿山生产管理招聘
 矿区生产副总招聘
 矿业管理岗招聘
 相关公司
 深圳市弗赛特科技股份有限公司
 联想控股
 河北唐隆投资有限公司
 热门城市
 北京招聘网
 上海招聘网
 广州招聘网
 厦门招聘网
 杭州招聘网
 郑州招聘网
 南京招聘网
 天津招聘网
 重庆招聘网
 成都招聘网
 苏州招聘网
 商丘招聘网
 大连招聘网
 济南招聘网
 宁波招聘网
 无锡招聘网
 青岛招聘网
 沈阳招聘网
 台州招聘网
 西安招聘网
 武汉招聘网
 周边城市
 白银招聘网
 >
 白银采矿工程师招聘
 >
 煤矿五职矿长与副总师招聘
 收藏职位
 立即沟通
 更新时间：2026-06-10",JavaScript / CSS / Java / React / PMP / Go / HTML / jQuery / UG / AI,矿产开采,https://www.liepin.com/a/76565833.shtml
315,猎聘,能源/化工/环保,矿物加工,生产总监,猎头,广州凄义贸易有限公司,/,广州-增城区,广州-增城区,广州-增城区,6-7k,大专,10年以上,20240413161825,16薪 / 13薪 / 14薪 / 15薪,"：
1.通过计划、组织、协调、管理等手段有效完成生产任务，确保按时交货；
2.统筹生产中心生管部（下辖7个车间）、品管部、工程技术部、采购部、资材部的日常运作；
3.建立生产中心人才培养机制，为企业发展培育后备力量；
4.组织合理规划生产中心个部门职责、制度及相关工作流程的优化；
5.督导生产过程的管控，提高产品品质、效率，合理降低产品成本，确保安全生产。","1.大专以上学历，10年以上生产管理经验，5年以上同等岗位工作经验；
2.具有现代化的管理理念，执行力强；
3.具备较强的沟通协调配合能力。
 查看全部",JavaScript / 沟通协调 / CSS / Java / Git / React / CAD / PMP / 算法 / HTML / 数据挖掘 / jQuery / UG / AI,服装/纺织/皮革,https://www.liepin.com/job/1966229115.shtml
316,猎聘,能源/化工/环保,矿物加工,电话销售专员,猎头,威海恒旺光伏发电服务有限公司,1-49人,威海-环翠区,威海-环翠区,威海-环翠区,6-8k,大专,1-3年,20240312161340,16薪 / 18薪 / 13薪 / 15薪 / 14薪,"电话销售职位已暂停招聘_猎聘
 该职位已暂停招聘
 投递了该职位的人还查看了
 海外红人营销 29-45k·18薪
 某知名公司 D轮及以上
 深圳
 3-5年
 统招本科
 徐女士
 ·
 资深猎头顾问/猎头合伙人
 C/C++/Java/JS/Python软开（接受应届） 17-30k·16薪
 某深圳大型通信设备公司 战略融资
 上海
 经验不限
 本科
 郑女士
 ·
 招聘顾问
 招商经理 12-30k
 北京学畅教育科技有限公司 
 北京-海淀区
 3-5年
 大专
 吴先生
 ·
 HR总监
 眼科博士医师 24-25k
 长沙爱尔眼科医院 融资未公开
 长沙-天心区
 经验不限
 博士
 罗先生
 ·
 招聘经理/主管
 互联网-销售精英 4-7k
 中企动力 融资未公开
 成都-青羊区
 经验不限
 大专
 石女士
 ·
 人力行政
 眼科医生博士 24-25k
 长沙爱尔眼科医院 融资未公开
 长沙-天心区
 经验不限
 博士
 罗先生
 ·
 招聘经理/主管
 招商总监 15-20k
 北京托马斯教育咨询有限公司 融资未公开
 北京-海淀区
 5-10年
 大专
 林女士
 ·
 招聘经理/主管
 日语 PHP开发 15-20k
 某大连计算机软件公司 战略融资
 大连
 10年以上
 统招本科
 崔女士
 ·
 资深猎头顾问
 销售代表 8-10k
 无锡熠鑫信息技术有限公司 
 无锡
 经验不限
 中专/中技
 赵女士
 ·
 人事
 招商总监 10-25k
 北京汲知教育科技有限公司 
 北京-朝阳区
 1-3年
 大专
 叶女士
 ·
 人事
 云服务开发工程师 25-50k
 华为云 不需要融资
 北京-海淀区
 经验不限
 本科
 朱先生
 ·
 安全工程师
 招商运营 10-15k
 北京学畅教育科技有限公司 
 北京-海淀区
 3-5年
 大专
 吴先生
 ·
 HR总监
 蚂蚁集团-百灵语言模型-算法工程师(Deep Research方向)-北京/杭州 40-70k·16薪
 蚂蚁集团 B轮
 杭州-西湖区
 3-5年
 硕士
 葛女士
 ·
 人事管理主管
 PHP软件开发工程师 6-10k
 甘肃骑帮闪送网络科技有限公司 
 兰州
 经验不限
 学历不限
 张先生
 ·
 骑帮闪送总经理
 TikTok高级运营专家 / 独立操盘手 15-25k·13薪
 某深圳大型电子商务公司 融资未公开
 深圳
 3-5年
 统招本科
 周先生
 ·
 高级合伙人
 全国渠道招商经理 8-15k
 中监安宣(北京)科技股份有限公司 融资未公开
 北京
 3-5年
 学历不限
 陶女士
 ·
 职员
 蚂蚁集团-算法专家-支小宝对话大模型方向-北京/上海/杭州 40-70k·16薪
 蚂蚁集团 B轮
 杭州-西湖区
 3-5年
 硕士
 葛女士
 ·
 人事管理主管
 电气工程师10000+ 8-20k
 沃恩机床 融资未公开
 西安
 3-5年
 本科
 何女士
 ·
 人事经理
 亚马逊运营总监/经理 35-65k
 某国内大型印刷包装公司 C轮
 上海
 5-10年
 本科
 陈女士
 ·
 猎头顾问
 招商总监（教辅机构招商运营方向） 20-25k
 北京小状智能科技有限公司 融资未公开
 北京-朝阳区
 5-10年
 大专
 曹女士
 ·
 hr人事经理
 用户增长经理 10-12k
 上海曼阅信息科技有限公司 
 上海
 1-3年
 大专
 李先生
 ·
 人力资源副总裁，孵化学院院长，BP与组织发展负责人
 市场招商经理 10-30k
 新乐土教育 不需要融资
 北京-海淀区
 3-5年
 学历不限
 宋女士
 ·
 HR
 电气工程师 10-20k·14薪
 高澜股份 已上市
 广州-黄埔区
 5-10年
 统招本科
 王女士
 ·
 招聘经理
 亚马逊站外推广（服装品类） 15-25k·13薪
 某大型批发/零售公司 
 深圳
 5-10年
 本科
 陈女士
 ·
 资深专业顾问
 电气&自控工程师 6-9k
 中集安瑞醇(南通)科技有限公司 
 重庆-南岸区
 3-5年
 本科
 袁先生
 ·
 HR
 招商总监 2-5k
 北京知金大鹏教育科技有限公司 融资未公开
 北京-朝阳区
 3-5年
 本科
 高女士
 ·
 招聘专员
 电气工程师 (连接器) 薪资面议
 福伊特企业管理 
 上海-闵行区
 4年以上
 统招本科
 马女士
 ·
 招聘
 亚马逊广告投放（资深经理） 25-50k·15薪
 某深圳大型智能硬件公司 C轮
 深圳-南山区
 5-10年
 本科
 李女士
 ·
 猎头顾问
 销售工程师 4-9k
 浙江才联环保科技有限公司 
 杭州-萧山区
 经验不限
 中专/中技
 董女士
 ·
 副总经理
 招商销售经理 15-30k·13薪
 朴和教育科技有限公司 A轮
 北京-海淀区
 3-5年
 大专
 刘女士
 ·
 人力总监",/,CSS / C++ / Java / 日语 / PHP / React / Python / PMP / 算法 / HTML / jQuery / UG / AI,新能源,https://www.liepin.com/job/1965403965.shtml
317,猎聘,能源/化工/环保,矿物加工,矿物加工工程师,企业,厦门钨业,10000人以上,玉林-博白县,玉林-博白县,玉林-博白县,8-15k,本科,5-10年,20251125103955,管理规范 / 发展空间大 / 带薪年假 / 餐费补贴 / 绩效奖金 / 技能培训 / 五险一金 / 13薪 / 五险 / 定期体检 / 岗位晋升 / 提供住宿,"：
1、负责选矿地矿技术工作，对选矿生产技术指标负责；
2、负责选矿生产线设备的安装指导、生产工艺流程革新、技术等创新改造，解决生产中的技术问题；
3、负责编制选厂相关操作规程与管理制度；","1、大学本科及以上学历，选矿工程、矿物加工工程等相关专业毕业，8年及以上工作经验，具有选矿工程师及以上职称；
2、掌握选矿理论与技术、选矿设备、生产工艺等，有钨矿工作经验者优先；
3、具备选矿流程设计、独立完成选矿试验的能力；
4、有较强的沟通能力和组织能力。
 查看全部",CSS / React / PMP / Go / HTML / jQuery / UG / AI,金属冶炼,https://www.liepin.com/job/1964180321.shtml
318,猎聘,能源/化工/环保,矿物加工,化验员,企业,某西安人力资源服务公司,100-499人,广西壮族自治区,防城港,防城港,18-20k,大专,1-3年,20260527121510,五险一金 / 13薪 / 包吃 / 五险 / 生日礼物,"招聘岗位：化验员（2名）
薪资待遇：税后1.6-1.8w/月 13薪 学历补贴+工龄补助+包吃住+1个月假期+每年报销2次机票+半年晋升并调整薪资待遇+生日礼物+劳保用品、税后薪资（每个月工资30%考核）
学历：大专及以上
专业：矿物加工工程、冶金工程、湿法冶金、化学等相关专业
年龄：28-45岁
职称：具备化验相关操作证
矿种：金矿","①严格按照化验标准和操作规程开展样品化验工作，负责矿石品位、矿浆浓度、贵液/贫液品位等指标的检测，确保化验结果准确无误。
②负责化验设备的日常清洁、校准和维护，定期检查设备运行状态，及时发现设备异常并上报维修，确保设备正常使用。
③妥善保管化验试剂、耗材，规范存放各类试剂（尤其是危险试剂），做好试剂领用、消耗记录，杜绝试剂浪费、泄漏。
④做好化验数据记录、整理工作，及时出具化验报告，上报相关技术人员和班组长，确保数据真实、完整、可追溯。
⑤保持化验室整洁卫生，遵守化验室安全管理制度，规范操作，防范试剂腐蚀、中毒等安全事故，落实环保要求。
⑥主动学习化验技术和相关知识，提升化验准确性和效率，服从管理，配合技术部门完成工艺优化、指标管控相关工作。
 查看全部",JavaScript / CSS / Java / React / PMP / Go / HTML / jQuery / UG / AI,人力资源服务,https://www.liepin.com/a/76107469.shtml
319,猎聘,能源/化工/环保,矿物加工,选矿工程师,企业,银亿集团有限公司,2000-5000人,玉林-博白县,玉林-博白县,玉林-博白县,15-25k,本科,5-10年,20260605095741,管理规范 / 发展空间大 / 餐费补贴 / 绩效奖金 / 五险一金 / 通讯津贴 / 五险 / 定期体检,"：
1、尾渣、冶炼渣等二次资源综合回收工艺技术开发。
2、熟悉浮选、磁选、电选、重选和浸出等基本矿物分选加工手段，
3、针对不同的矿物或尾渣制定方案，审核数据、编制审核实验报告。
4、分析解决项目实验中出现的问题，并寻找办法解决。
5、协助项目转化建设，绘制机械设计图、连接图等。
6、选矿药品、设备、物品维保等方面的安全管理工作。","1、矿物加工、选矿等相关专业，本科及以上学历。
2、5年以上选矿工作经验，熟悉选矿设备原理、工艺流程及数据分析，具备独立解决技术问题的能力 。
3、良好的沟通能力、团队合作精神及强烈的责任心。
4、具有钨、锡、金等贵金属选矿研究经历者优先。
 查看全部",CSS / React / PMP / 数据分析 / Go / HTML / jQuery / UG / AI,其他商务服务业,https://www.liepin.com/job/1983178075.shtml
320,猎聘,能源/化工/环保,矿物加工,球磨机装备主管工程师,企业,某国内大型新能源公司,10000人以上,玉林-博白县,玉林-博白县,玉林-博白县,30-60k,大专,6年以上,20260528152918,管理规范 / 外派津贴 / 发展空间大 / 年终奖金 / 带薪年假 / 节日礼物 / 领导好 / 年终奖 / 五险一金 / 包吃 / 公司规模大 / 五险 / 包吃住,"：
1、负责球磨、浮选、重选、筛分等选矿核心设备的设备设计选型、现场安装、调试、验收及性能优化工作，解决调试过程中出现的各类技术问题。
2、负责选矿相关设备的维护保养与定期检修工作，确保设备稳定、高效运行。
3、参与设备技术改造与升级项目，提出合理化建议，以提升设备可靠性、生产效率和降低运行成本。
4、负责备品备件的技术规格确认。","1、学历专业： 本科及以上学历，机械工程、机电一体化、矿物加工工程或相关专业。
2、工作经验： 必须具备5年及以上选矿厂设计建设、调试、设备管理与维护经验，熟悉破碎、磨矿、分级、浮选等主要工序的设备原理与结构。
3、精通对辊破、球磨机的结构、工作原理、日常维护及大中修流程；拥有独立的球磨机现场安装、调试、开机及性能优化经验，能独立处理调试中的复杂问题；具备较强的机械故障诊断与分析能力，能够看懂机械图纸及技术资料。
 查看全部",JavaScript / CSS / Java / React / PMP / Go / HTML / jQuery / UG / AI,金属制品,https://www.liepin.com/a/75485733.shtml
321,猎聘,能源/化工/环保,矿物加工,生产厂长,企业,广西中硅微晶新材料有限公司,100-499人,北海-合浦县,北海-合浦县,北海-合浦县,15-25k,大专,8年以上,20260513170401,13薪 / 饮料,"1. 全面负责石英砂、硅微粉全厂生产运营，统筹破碎、磨矿、磁选、提纯、分级、研磨、包装全流程，制定生产计划，保障产能与交期。
2. 精通生产工艺，负责工艺优化、品质管控，控制杂质、次品率，确保成品达标。
3. 统筹生产设备维保、检修、技改，降低故障率与维修成本；管控原材料、能耗、人工，落地降本增效。
4. 负责厂区安全、环保、现场6S管理，落实隐患排查与制度执行，杜绝安全环保事故。
5. 管理生产、质检、设备班组，人员排班、培训、绩效考核，协调采购、销售、研发对接订单与新品试产。","1. 大专及以上，矿物加工、无机非金属、材料相关专业优先。
2. 8年以上石英砂/硅微粉行业经验，3年以上厂长/生产主管全盘管理经验，熟整条生产线工艺、设备及品质标准。
3. 懂矿石提纯、磁选分级、超细研磨工艺，能独立解决现场生产、工艺、设备各类问题。
4. 懂工厂安全环保规范，有较强统筹能力、现场管理能力、成本意识，能带团队。
5. 能驻厂，有同行业大厂经验者优先。
 查看全部",CSS / React / PMP / Go / HTML / jQuery / UG / AI,新材料,https://www.liepin.com/job/1982510927.shtml
322,猎聘,能源/化工/环保,矿物加工,选矿药剂研发专业工程师,企业,华友钴业,10000人以上,玉林-博白县,玉林-博白县,玉林-博白县,20-35k,硕士,3年以上,20260528135449,管理规范 / 带薪年假 / 餐费补贴 / 国际知名优势 / 股票期权 / 18薪 / 优秀员工奖 / 期权 / 五险一金 / 15薪 / 公司规模大 / 五险 / 提供住宿,"：
1、确定选矿药剂研发核心方向，牵头开展核心技术攻关，组织团队完成选矿药剂的配方设计、实验室小试、扩大试验、工业试验等全流程研发工作，解决研发过程中的技术瓶颈，确保研发成果的科学性、先进性与实用性；
2、跟踪国内外选矿药剂领域的前沿技术、行业趋势、政策导向，开展技术调研与分析，推动团队研发技术与国际先进水平接轨，结合院所优势打造核心技术壁垒；
3、组织团队开展技术创新与迭代，对现有选矿药剂产品、研发工艺进行优化升级，提升药剂性能、降低研发与应用成本，适配不同矿产资源的选矿需求。
4、推动选矿药剂研发成果的产业化转化，与院属产业单位、外部企业开展合作，完成实验室成果到工业应用的技术转化，包括药剂中试、生产工艺设计、现场技术指导等，实现科研成果的市场价值。
5、为集团自营海内外矿山提供选矿药剂相关的技术服务，包括药剂选型、配方优化、现场应用指导、技术培训等，解决现场生产过程中的选矿药剂应用问题。","1、硕士以上学历，矿物加工工程、化学工程与工艺、应用化学等相关专业。
2、3年以上选矿药剂研发及矿山现场产品应用经验。
专业知识 
1、全面掌握各类选矿药剂（捕收剂、起泡剂、调整剂等）的作用机理及应用场景。
2、必须熟悉各类难选矿物（如锂矿、有色金属矿、稀有金属矿）的特性及应用难题。
核心技能 
1、精通矿物浮选实验操作，能够独立设计实验方案并搭建测试平台进行数据分析。
2、具备良好的现场问题诊断能力，能针对不同矿样调整药剂配方。
3、能适应海外出差，具备较强的抗压能力和客户沟通能力。
 查看全部",CSS / 项目管理 / React / PMP / 算法 / 数据分析 / Go / HTML / jQuery / UG / AI,新能源,https://www.liepin.com/job/1981639129.shtml
323,猎聘,能源/化工/环保,矿物加工,选矿厂厂长,企业,某西安人力资源服务公司,100-499人,广西壮族自治区,梧州,梧州,30-45k,大专,10年以上,20260429155815,税后薪资（每个月工资30%考核）岗位职责 / 要求：①5年以上金矿选矿厂全面管理经验 / 推动绿色生产。 / 开展员工培训 / 副厂长任职经历者优先 / 书本津贴 / 能搭建高效的管理团队 / 技术方案 / 交通补助 / 能对接矿山各部门 / 有大中型金矿选矿厂厂长 / 绩效考核 / 免费班车 / 购房津贴 / 熟悉矿山安全生产法规 / 具备较强的统筹管理能力 / 团队建设 / 设备 / 16薪 / 安全等各项工作,"/要求：
①5年以上金矿选矿厂全面管理经验，有大中型金矿选矿厂厂长/副厂长任职经历者优先，熟悉选矿厂成本管控、环保达标要求； ② 具备较强的统筹管理能力，能制定选矿厂生产计划、技术方案，统筹协调生产、技术、设备、安全等各项工作，确保生产指标（回收率、处理量）达成；
③精通选矿工艺优化，能解决生产过程中的复杂技术难题，推动工艺升级、降本增效；
④具备完善的安全管理意识，熟悉矿山安全生产法规，能建立健全选矿厂安全管理制度，杜绝重大安全事故发生；
⑤具备优秀的团队建设和管理能力，能搭建高效的管理团队，开展员工培训、绩效考核，提升团队专业素养和执行力；
⑥具备良好的沟通协调能力，能对接矿山各部门、外部监管单位，确保选矿厂正常运营；具备较强的成本意识，能合理控制生产耗材、设备运维等成本；
⑦严格遵守环保法规，确保选矿废水、废渣等达标排放，推动绿色生产。
 查看全部","2. 如您应聘的岗位属于涉外劳务合作/海外岗位的，请务必核实招聘方对外劳务合作资质取得情况，同时注意自身资金安全，防范招聘欺诈。
 3. 本平台招聘方不向求职者提供任何收费服务。
 查看全部
 相关推荐
 展开
 梧州选矿工程师招聘
 梧州选矿助剂工程师招聘
 梧州探矿工程高级工程师招聘
 梧州海外选矿工艺工程师招聘
 梧州选矿厂工程师招聘
 梧州选矿工程师助理招聘
 梧州锂矿选矿工程师招聘
 梧州选矿药剂工程师招聘
 梧州矿山开发工程师招聘
 梧州选矿厂生产经理招聘
 梧州选矿工程师岗位招聘
 梧州金属矿选矿工程师招聘
 梧州洗选矿班长招聘
 梧州锰矿工程师招聘
 梧州选冶工程师招聘
 梧州选矿车间主管招聘
 梧州水力工程师招聘
 梧州砂石工艺工程师招聘
 梧州选煤设计工程师招聘
 梧州矿山技术工程师招聘
 梧州化工实验室工程师招聘
 梧州选矿设计招聘
 梧州洗选矿矿长招聘
 梧州选矿专家招聘
 梧州选矿设计师招聘
 梧州选矿主管招聘
 梧州通防工程师招聘
 梧州选矿厂经理招聘
 梧州技术科招聘
 梧州矿物选矿实验员招聘
 相关公司
 梧州钻晶水晶制品有限公司
 广西梧州茂圣茶业有限公司
 梧州市天钻珠宝有限公司
 梧州毅德商贸物流城开发有限公司
 梧州美希宝石有限公司
 梧州住好房装饰工程有限公司
 广西正一电力实业有限公司
 中国联合网络通信有限公司梧州市分公司
 梧州高旺万达商业管理有限公司
 梧州市长洲区爱屋陶瓷店
 梧州市百科餐饮连锁管理有限公司
 梧州市源奇智慧农业科技有限公司
 慧算账(广西)财务咨询有限公司梧州分公司
 中国船舶集团华南船机有限公司
 广西沐邦高科新能源有限公司
 广西震宇环保科技有限公司
 梧州市博方贸易有限公司
 梧州市产业投资发展集团有限公司
 梧州市工人医院
 热门城市
 北京招聘网
 上海招聘网
 广州招聘网
 厦门招聘网
 杭州招聘网
 郑州招聘网
 南京招聘网
 天津招聘网
 重庆招聘网
 成都招聘网
 苏州招聘网
 商丘招聘网
 大连招聘网
 济南招聘网
 宁波招聘网
 无锡招聘网
 青岛招聘网
 沈阳招聘网
 台州招聘网
 西安招聘网
 武汉招聘网
 周边城市
 北海找工作
 防城港找工作
 钦州找工作
 贵港找工作
 玉林找工作
 百色找工作
 来宾找工作
 南宁找工作
 柳州找工作
 桂林找工作
 梧州招聘网
 >
 梧州选矿工程师招聘
 >
 选矿厂厂长招聘
 收藏职位
 立即沟通
 更新时间：2026-06-10",JavaScript / 沟通协调 / CSS / Java / React / PMP / Go / HTML / jQuery / UG / AI,人力资源服务,https://www.liepin.com/a/74898487.shtml
324,猎聘,能源/化工/环保,矿物加工,平面设计,企业,北京浣宇科技有限公司,/,广州-番禺区,广州-番禺区,广州-番禺区,6-9k,学历不限,经验不限,20240408140230,16薪 / 13薪 / 14薪 / 15薪,：,"1.日常对接公司内部所有视觉相关设计需求，包括运营专题、产品平面类等设计，以及各种内外部线上线下的设计需求；
2.负责App运营的整体形象、视觉风格等设计，协助把控促销活动、产品推广专题页面的设计，加强营销的视觉效果；
3.负责App品牌形象VI设计、线下物料相关设计；
4.参与产品讨论，与其他部门协作，从视觉设计和用户体验的角度提出建议与解决方案。
 查看全部",JavaScript / CSS / Java / React / PMP / 算法 / HTML / jQuery / UG / AI,计算机软件,https://www.liepin.com/job/1966066351.shtml
325,猎聘,能源/化工/环保,矿物加工,选矿厂副厂长,企业,某西安人力资源服务公司,100-499人,广西壮族自治区,梧州,梧州,30-40k,大专,10年以上,20260429155815,税后薪资（每个月工资30%考核）岗位职责 / 技能考核和业务指导 / 磨矿 / 书本津贴 / ⑨具备良好的沟通协调能力 / 交通补助 / 熟悉工艺优化 / 监督工艺执行情况 / 具备严谨的科学态度和创新意识。 / 能带领技术团队开展各项技术工作； / 指导现场工艺操作 / ②精通金矿选矿全流程工艺（破碎 / 免费班车 / 购房津贴 / 降低生产成本 / 提出安全环保技术改进建议 / 团队建设 / 了解国内外选矿新技术 / 提升技术团队的专业素养和技术能力 / 制定技术处置方案；,"/要求：
①3年以上金矿选矿厂技术管理经验，有大中型选矿厂技术副厂长、技术主管任职经历者优先，熟悉工艺优化、技术革新、指标管控和技术培训工作，能带领技术团队开展各项技术工作； ②精通金矿选矿全流程工艺（破碎、磨矿、浮选、浸出、堆浸等），熟练掌握各核心环节的工艺参数调整、技术要点和优化方法，了解国内外选矿新技术、新工艺，能独立解决生产中的复杂技术难题； ③负责选矿工艺的全面管控，制定并优化各工序工艺参数标准，指导现场工艺操作，监督工艺执行情况，及时纠正不规范操作，确保选矿回收率、矿石品位等核心技术指标达标；
④牵头开展工艺优化、技术革新和新技术、新方法的试验、推广工作，分析生产过程中的技术难题，制定解决方案，推动工艺升级，降低生产成本、提升生产效率；
⑤负责技术团队建设，管理选矿工程师、堆浸工程师等技术岗位人员，开展技术培训、技能考核和业务指导，提升技术团队的专业素养和技术能力，搭建高效的技术管理体系；
⑥负责生产过程中的技术数据监测、分析和整理，建立技术台账，撰写技术报告，为厂长决策提供技术支撑；配合质量管控部门，做好产品质量技术保障工作；
⑦协助厂长落实安全环保技术要求，结合工艺优化，提出安全环保技术改进建议，确保工艺环节符合安全环保法规；对接外部技术单位、科研机构，开展技术合作和技术交流；
⑧具备较强的技术钻研能力和问题解决能力，能快速响应生产中的技术突发情况，制定技术处置方案； ⑨具备良好的沟通协调能力，能对接各部门、各岗位，推动技术工作落地，具备严谨的科学态度和创新意识。
 查看全部","2. 如您应聘的岗位属于涉外劳务合作/海外岗位的，请务必核实招聘方对外劳务合作资质取得情况，同时注意自身资金安全，防范招聘欺诈。
 3. 本平台招聘方不向求职者提供任何收费服务。
 查看全部
 相关推荐
 展开
 梧州选矿工程师招聘
 梧州选矿助剂工程师招聘
 梧州探矿工程高级工程师招聘
 梧州海外选矿工艺工程师招聘
 梧州选矿厂工程师招聘
 梧州选矿工程师助理招聘
 梧州锂矿选矿工程师招聘
 梧州选矿药剂工程师招聘
 梧州矿山开发工程师招聘
 梧州选矿厂生产经理招聘
 梧州选矿工程师岗位招聘
 梧州金属矿选矿工程师招聘
 梧州洗选矿班长招聘
 梧州锰矿工程师招聘
 梧州选冶工程师招聘
 梧州选矿车间主管招聘
 梧州水力工程师招聘
 梧州砂石工艺工程师招聘
 梧州选煤设计工程师招聘
 梧州矿山技术工程师招聘
 梧州化工实验室工程师招聘
 梧州选矿设计招聘
 梧州洗选矿矿长招聘
 梧州选矿专家招聘
 梧州选矿设计师招聘
 梧州选矿主管招聘
 梧州通防工程师招聘
 梧州选矿厂经理招聘
 梧州技术科招聘
 梧州矿物选矿实验员招聘
 相关公司
 梧州钻晶水晶制品有限公司
 广西梧州茂圣茶业有限公司
 梧州市天钻珠宝有限公司
 梧州毅德商贸物流城开发有限公司
 梧州美希宝石有限公司
 梧州住好房装饰工程有限公司
 广西正一电力实业有限公司
 中国联合网络通信有限公司梧州市分公司
 梧州高旺万达商业管理有限公司
 梧州市长洲区爱屋陶瓷店
 梧州市百科餐饮连锁管理有限公司
 梧州市源奇智慧农业科技有限公司
 慧算账(广西)财务咨询有限公司梧州分公司
 中国船舶集团华南船机有限公司
 广西沐邦高科新能源有限公司
 广西震宇环保科技有限公司
 梧州市博方贸易有限公司
 梧州市产业投资发展集团有限公司
 梧州市工人医院
 热门城市
 北京招聘网
 上海招聘网
 广州招聘网
 厦门招聘网
 杭州招聘网
 郑州招聘网
 南京招聘网
 天津招聘网
 重庆招聘网
 成都招聘网
 苏州招聘网
 商丘招聘网
 大连招聘网
 济南招聘网
 宁波招聘网
 无锡招聘网
 青岛招聘网
 沈阳招聘网
 台州招聘网
 西安招聘网
 武汉招聘网
 周边城市
 北海找工作
 防城港找工作
 钦州找工作
 贵港找工作
 玉林找工作
 百色找工作
 来宾找工作
 南宁找工作
 柳州找工作
 桂林找工作
 梧州招聘网
 >
 梧州选矿工程师招聘
 >
 选矿厂副厂长招聘
 收藏职位
 立即沟通
 更新时间：2026-06-10",JavaScript / 沟通协调 / CSS / Java / React / PMP / Go / HTML / jQuery / UG / AI,人力资源服务,https://www.liepin.com/a/74898727.shtml
326,猎聘,能源/化工/环保,矿物加工,技术研究员,企业,锦江集团,10000人以上,百色-田东县,百色-田东县,百色-田东县,10-15k·13薪,硕士,1年以下,20260104131231,发展空间大 / 技能培训 / 13薪 / 15薪 / 岗位晋升,"：
1、负责跟踪行业技术发展前沿，了解行业技术发展动态，收集整理相关科学技术发展信息，为公司科技创新发展提供支持。 
2、负责开展新技术、新工艺、新设备、新产品的开发与研究工作。
3、负责组织科技研发项目申报和批准后的实施工作。 
4、负责承担公司批准的科技项目的实验研发与中试工作。 
5、协助公司解决重大技术难题，协助开展企业技术攻关工作。 
6、负责开展与科技研发有关的对外技术交流和技术合作工作。 
7、负责科技研发成果的申报和鉴定工作。
8、负责做好企业科技成果产业化推广项目科技支持工作。 
9、完成公司的其他工作 。","及其他：
1、硕士研究生学历，冶金工程、矿物加工、金属材料工程、化工专业，侧重氧化铝生产技术研发方向；
2、性格踏实，有强烈的学习意愿和成就动机，积极向上的心态，高度的自律性，能够承受一定的工作压力
3、劳动关系隶属杭州总部，享受杭州薪酬福利及人才补贴，外派广西田东产业园区工作。
 查看全部",CSS / React / PMP / Go / HTML / jQuery / UG / AI,环保,https://www.liepin.com/job/1979245683.shtml
327,猎聘,能源/化工/环保,矿物加工,球磨机设备主管工程师,企业,华友钴业,10000人以上,玉林-博白县,玉林-博白县,玉林-博白县,20-50k,本科,5年以上,20260507081849,管理规范 / 16薪 / 带薪年假 / 餐费补贴 / 国际知名优势 / 股票期权 / 期权 / 优秀员工奖 / 五险一金 / 13薪 / 公司规模大 / 五险 / 提供住宿,"：
1、负责球磨、浮选、重选、筛分等选矿核心设备的设备设计选型、现场安装、调试、验收及性能优化工作，解决调试过程中出现的各类技术问题。
2、负责选矿相关设备的维护保养与定期检修工作，确保设备稳定、高效运行。
3、参与设备技术改造与升级项目，提出合理化建议，以提升设备可靠性、生产效率和降低运行成本。
4、负责备品备件的技术规格确认。","1、学历专业： 本科及以上学历，机械工程、机电一体化、矿物加工工程或相关专业。
2、工作经验： 必须具备5年及以上选矿厂设计建设、调试、设备管理与维护经验，熟悉破碎、磨矿、分级、浮选等主要工序的设备原理与结构。
3、精通对辊破、球磨机的结构、工作原理、日常维护及大中修流程；拥有独立的球磨机现场安装、调试、开机及性能优化经验，能独立处理调试中的复杂问题；具备较强的机械故障诊断与分析能力，能够看懂机械图纸及技术资料。
 查看全部",CSS / 项目管理 / React / PMP / Go / HTML / jQuery / UG / AI,新能源,https://www.liepin.com/job/1981638767.shtml
328,猎聘,能源/化工/环保,矿物加工,洗选厂厂长,企业,吉利科技集团有限公司,2000-5000人,百色-靖西,百色-靖西,百色-靖西,10-20k,本科,10年以上,20260608161110,团队建设 / 13薪 / 14薪,"：
全面负责公司铝土矿水洗矿厂及配套尾矿回收厂的项目筹建工作。从项目前期报批报建、设计管理、招标采购、施工建设、安装调试直至试生产达标交付，对项目的安全、质量、进度、成本四大核心目标负总责，确保项目按公司战略要求顺利建成投产。","本科及以上学历，采矿工程、矿物加工工程等相关专业背景
5年以上选矿厂管理经验，熟悉水洗、尾矿回收等工艺全流程
具备矿业或冶金行业背景，掌握现代洗选设备操作原理
具备团队建设与跨部门协作能力，能有效处理突发状况
 查看全部",CSS / 项目管理 / React / PMP / Go / HTML / jQuery / UG / AI,互联网,https://www.liepin.com/job/1982197033.shtml
329,猎聘,能源/化工/环保,矿物加工,选矿装备开发主管工程师,企业,华友钴业,10000人以上,玉林-博白县,玉林-博白县,玉林-博白县,25-50k,本科,3年以上,20260410083517,管理规范 / 带薪年假 / 餐费补贴 / 国际知名优势 / 股票期权 / 期权 / 优秀员工奖 / 五险一金 / 13薪 / 15薪 / 公司规模大 / 五险 / 14薪 / 提供住宿,"：
1、聚焦于锂矿选矿核心设备的工艺性能优化研究，旨在提升设备效率、稳定性及与锂矿特性的适配性；
2、负责新型、高效、节能选矿装备在锂矿领域的应用研究与选型论证，主导或参与设备技术升级与改造方案的制定与实施；
3、针对锂矿选矿工艺中的特定瓶颈，牵头或参与专用装置、辅助系统等的研发项目；
4、为工艺研发团队的各类试验提供专业的装备技术支持与操作指导，协同解决试验过程中出现的设备问题；设计并优化试验设备的配套流程与控制系统，提升研发试验的自动化水平与数据准确性；
5、将装备研发成果向生产线进行技术转化与推广，参与产线方案的装备设计审核、安装指导与调试优化；为生产提供装备方面的深度技术支持，诊断并解决生产设备影响工艺指标的重大问题；跟踪已应用新装备的运行数据与工艺效果，持续进行效能评估与优化迭代；
6、跟踪国内外先进选矿装备技术的发展动态，特别是适用于锂矿选矿的新装备、新材料、新控制技术。","1、本科及以上学历，机械工程、过程装备与控制工程、矿物加工工程（装备方向）等相关专业；
2、具有3年以上选矿、冶金、化工或矿山机械领域的设备研发、设计、技术支持或项目管理经验。有锂矿或相似矿物选矿装备经验者优先；
3、精通机械设计原理、流体力学、磨损与防腐知识，熟悉常见选矿设备的结构、工作原理及性能参数；
4、能够从工艺需求出发，分析和解决装备问题，或提出装备优化方案以提升工艺指标，具备数据分析与报告撰写能力；能够牵头小型装备研发或技改项目，与工艺工程师、生产人员、供应商进行高效技术沟通；
5、具备钻研精神与创新意识，严谨细致，沟通协作、适应能力强。
 查看全部",CSS / 项目管理 / React / PMP / 数据分析 / Go / HTML / jQuery / UG / AI,新能源,https://www.liepin.com/job/1981638733.shtml
330,猎聘,能源/化工/环保,矿物加工,居家文员,企业,广州苑翰科技有限公司,/,广州-黄埔区,广州-黄埔区,广州-黄埔区,6-9k,中专/中技,经验不限,20240322113805,16薪 / 18薪 / 13薪 / 15薪 / 14薪,"行政专员/助理职位已暂停招聘_猎聘
 该职位已暂停招聘
 投递了该职位的人还查看了
 算法工程师（大语言模型（LLM）base深圳 40-50k
 某深圳大型计算机软件公司 战略融资
 深圳
 1-3年
 硕士
 刘女士
 ·
 猎头顾问
 llm算法工程师 20-45k·14薪
 险峰(K2VC) 融资未公开
 北京-海淀区
 5-10年
 本科
 程女士
 LLM算法工程师 45-65k·15薪
 某北京在线社交/媒体公司 B轮
 北京
 2-7年
 硕士
 张先生
 ·
 资深顾问
 算法开发岗（大语言模型强化学习）--25/25届博士 50-70k·15薪
 某知名通信设备上市公司 已上市
 深圳
 经验不限
 博士
 靳女士
 ·
 新媒体运营专员
 运控控制算法工程师 30-45k·14薪
 某上海人工智能公司 B轮
 上海
 1-3年
 硕士
 郭女士
 ·
 猎头
 亚马逊电商运营 10-15k
 金华市沐月服装有限公司 
 杭州-滨江区
 1-3年
 本科
 韦先生
 ·
 人事部
 感知算法工程师（激光点云） 35-40k
 某上海人工智能公司 C轮
 上海-浦东新区
 经验不限
 硕士
 王女士
 ·
 猎头顾问
 机器人SLAM算法工程师 30-50k·14薪
 某上海人工智能公司 天使轮
 上海
 1-3年
 硕士
 苏女士
 ·
 猎头顾问
 Slam算法（3D 视觉） 30-50k·15薪
 某上海大型机械/设备公司 D轮及以上
 上海-浦东新区
 3-5年
 统招本科
 苏女士
 ·
 猎头顾问
 大模型LLM算法工程师 60-90k·15薪
 某北京大型云计算/大数据公司 D轮及以上
 北京
 经验不限
 统招本科
 王女士
 ·
 SC
 亚马逊广告投放（资深经理） 25-50k·15薪
 某深圳大型智能硬件公司 C轮
 深圳-南山区
 5-10年
 本科
 李女士
 ·
 猎头顾问
 算法工程师-大语言模型 30-60k·13薪
 某上海互联网公司 战略融资
 北京
 3年以上
 硕士
 陈女士
 ·
 猎头顾问
 大模型算法工程师一智能问答-杭州(大模型算法-提示词调优) 40-70k·16薪
 某杭州科技金融上市公司 已上市
 杭州
 2年以上
 硕士
 张先生
 ·
 猎头顾问
 LLM后训练算法工程师-AI4Science 65-95k
 祥恩股权投资管理(上海)有限公司 融资未公开
 杭州-滨江区
 3-5年
 硕士
 魏女士
 ·
 Recruiter
 LLM算法工程师 40-70k·16薪
 某杭州大型计算机软件公司 D轮及以上
 北京
 3-6年
 硕士
 梁女士
 ·
 猎头顾问
 算法工程师 20-40k·13薪
 某上海IT服务公司 天使轮
 上海-杨浦区
 1-3年
 硕士
 武先生
 ·
 招聘经理
 大语言模型算法工程师 50-80k·16薪
 某科技金融上市公司 已上市
 北京
 4年以上
 硕士
 任先生
 ·
 合伙人
 高级算法工程师 18-30k
 北京中科思创云智能科技有限公司 
 长沙
 经验不限
 硕士
 刘先生
 ·
 解决方案工程师
 大语言模型算法工程师 50-80k·18薪
 某武汉大型IT服务公司 
 北京
 5-10年
 本科
 陈女士
 ·
 合伙人
 语音LLM算法工程师 30-50k·13薪
 某北京人工智能上市公司 已上市
 北京-朝阳区
 2-7年
 硕士
 宋女士
 ·
 招聘
 大语言模型算法(NLP) 30-50k
 某苏州IT服务公司 A轮
 上海-徐汇区
 3-5年
 硕士
 赵女士
 ·
 猎头
 大模型数据工程师（LLM） 60-90k
 某知名公司 融资未公开
 北京
 3年以上
 统招本科
 单女士
 ·
 资深顾问(SC)
 大语言模型算法专家 30-60k·16薪
 某杭州互联网上市公司 已上市
 北京
 3年以上
 本科
 郑先生
 ·
 猎头
 大模型数据工程师（LLM） 50-80k·16薪
 某北京人工智能公司 融资未公开
 北京
 经验不限
 学历不限
 董先生
 ·
 助理总经理/总助(高管级)
 基础模型算法工程师 - LLM Post-training 100-130k·15薪
 某大型知名电子商务公司 D轮及以上
 上海-徐汇区
 3-5年
 硕士
 张女士
 ·
 猎头顾问
 大语言模型基础研发工程师 40-70k
 某深圳大型通信设备公司 战略融资
 深圳
 1-3年
 硕士
 许女士
 ·
 实习顾问
 Agent Infra研发工程师/专家 40-60k·16薪
 某杭州互联网上市公司 已上市
 杭州
 3-5年
 硕士
 马先生
 ·
 高级猎头顾问
 电控软件工程师（无人机） 30-40k
 某国内机械/设备上市公司 已上市
 深圳-宝安区
 3-5年
 统招本科
 周女士
 ·
 猎头顾问
 推理引擎（大模型训练推理） 30-50k·14薪
 某知名上市公司 已上市
 上海
 1-3年
 本科
 黄女士
 ·
 猎头顾问
 NLP/大语言模型/多模态算法工程师 30-50k
 某苏州IT服务公司 A轮
 苏州
 3-5年
 本科
 何女士
 ·
 猎头顾问/助理",/,CSS / React / CAD / PMP / 算法 / HTML / jQuery / UG / AI,学术/科研,https://www.liepin.com/job/1965696035.shtml
331,猎聘,能源/化工/环保,矿物加工,矿石采购资深经理,企业,东方雨虹涂料砂粉科技集团,1000-2000人,贺州-平桂区,贺州-平桂区,贺州-平桂区,20-30k·18薪,大专,2年以上,20260415134919,18薪 / 13薪 / 14薪 / 15薪,"】
1、统筹现有工厂（贺州）及规划中工厂（嘉兴等）的白色矿石（大理石、方解石为主）采购计划与执行。
2、开发并维护优质矿源供应商，重点保障矿石白度≥90°、碳酸钙含量≥98%，支撑后期碳酸钙粉体生产。
3、负责矿石进厂前的品质预控，包括矿山取样、装车抽检、到厂复检，协同品质部处理异常批次。
4、协调贺州、嘉兴两地的矿石库存与运输调度，根据生产需求动态调配原料，避免断供或积压。
5、主导采购谈判与合同签订，设置品质奖惩条款，持续降低综合采购成本。
6、参与新工厂原料堆场、破碎线的规划建议，确保矿石接收能力与粉体产线匹配。
【","】
1、大专及以上学历，矿物加工、无机非金属材料、供应链等相关专业优先。
2、5年以上矿石、建材或粉体行业采购经验，其中至少2年涉及白色大理石/方解石采购。
3、熟悉广西贺州、四川、江西或海外白色矿石资源，能独立完成供应商开发、评估与淘汰。
4、能读懂矿石检测报告（白度、钙含量、杂质等指标），了解基本配矿逻辑。
 查看全部",CSS / React / PMP / Go / HTML / jQuery / UG / AI,房地产开发经营,https://www.liepin.com/job/1981767251.shtml
332,猎聘,能源/化工/环保,矿物加工,化验室主任,企业,某西安其他商务服务业公司,/,广西壮族自治区,南宁,南宁,18-22k,学历不限,经验不限,20260403090741,13薪 / 14薪 / 15薪,/,"1.本科学历、分析化学、应用化学、检验检测、矿物加工等相关专业。
2. 8年及以上实验室/化验室工作经验，3年以上化验主任同岗位管理经验，熟悉并具备金矿、银矿等贵金属矿种实验及化验经验。
3.具备较强的实验室管理、团队管理、沟通协调及问题解决能力；熟练编写、审核实验报告、化验报告，文字严谨、逻辑性强.
4.熟悉常规化验仪器操作、数据处理及质量控制。身体健康，工作认真负责、原则性强、稳定性好。
 查看全部",JavaScript / 沟通协调 / CSS / Java / 团队管理 / React / PMP / Go / HTML / jQuery / UG / AI,其他商务服务业,https://www.liepin.com/a/74224313.shtml
333,猎聘,能源/化工/环保,矿物加工,生产技术部经理（储备LZ）YGRC005,企业,山西阳光焦化集团股份有限公司,2000-5000人,柳州-柳北区,柳州-柳北区,柳州-柳北区,20-50k,本科,5-10年,20260607152522,管理规范 / 发展空间大 / 节日礼物 / 绩效奖金 / 餐费补贴 / 五险一金 / 13薪 / 公司规模大 / 五险 / 免费班车 / 定期体检 / 双休 / 班车 / 饮料 / 14薪 / 提供住宿,"：
1. 工艺体系落地与标准化管控：严格执行国家行业生产技术标准及公司各项技术管理制度，负责选煤、焦化、炭黑、精细化工、LNG等产品生产工艺标准、作业指导书、操作规程的落地推行与监督执行；梳理优化各生产工序流程，规范生产工艺参数、操作标准，杜绝违规操作、随意更改工艺等问题，实现生产技术标准化、规范化管理。
2. 生产现场技术统筹：全程负责生产现场技术支撑与管控，统筹原煤洗选、焦化炼制、炭黑生产、精细化工、LNG等核心业务的工艺运行管控；实时跟进生产工况，动态调整优化生产工艺参数，及时排查、解决生产过程中出现的工艺波动、生产异常、设备适配、产品质量偏差等各类现场技术问题，保障生产线连续稳定运行。
3. 质量技术攻关与管控：联动生产、质检部门，针对产品质量短板开展技术攻关，重点优化精煤合格率、焦炭质量、炭黑指标、成品品相及稳定性；分析生产质量异常根源，制定针对性工艺优化、整改方案，建立长效质量管控机制，持续降低产品不良率、返工率，稳步提升产品核心质量与市场适配性。
4. 技改优化与降本增效：结合各板块生产实际，牵头落地生产工艺技改、设备工艺适配优化、生产流程精简、节能降耗等技术改进项目；通过工艺优化、参数调整、技术改良，降低原材料损耗、能耗损耗、设备运维成本，提升生产产能、生产效率，落实公司降本增效、精益生产目标。
5. 生产技术数据与台账管理：负责日常生产技术数据统计、分析、复盘，精准把控产能、能耗、工艺参数、质量数据等核心指标；建立完善生产技术台账、技改档案、工艺调整记录、质量技术分析报告，定期复盘生产技术问题，输出优化方案，为生产决策、技术升级提供数据支撑。
6. 技术培训与班组赋能：制定一线生产技术培训计划，常态化开展工艺操作、标准规范、异常处置、设备适配等专项培训；指导生产班组规范作业，提升一线操作人员工艺熟练度和标准化作业能力，夯实车间生产技术基础，减少人为操作导致的生产、质量问题。
7. 技术对接与协同工作：对接技术总工、生产副总、各车间负责人，高效落实各项技术指令、技改任务、生产优化方案；配合安全、设备、质检部门开展专项工作，协同处理生产、安全、质量联动问题，保障生产全流程高效闭环。
8. 部门团队管理：负责生产技术部团队日常管理、人员分工、工作督导、绩效考核与人才培养；搭建部门高效工作机制，规范部门工作流程，提升团队技术服务能力与执行力，稳定技术骨干队伍。","1. 学历专业：本科及以上学历，矿物加工、化工工艺、材料工程、机械制造、生产管理等相关专业优先。
2. 从业经验：5年以上选煤、焦化、炭黑、精细化工类生产企业技术管理工作经验，3年以上生产技术部经理、工艺主管、现场技术负责人等同岗位管理经验；熟悉洗煤、焦化、炭黑、精细化工主流生产工艺、设备运行及质量管控体系，具备多生产板块技术统筹经验者优先。
3. 资质要求：具备中级及以上工程类职称优先，持有安全管理人员证书、工艺技术相关专项资质者优先。
4. 核心能力：精通选煤、焦化、炭黑、精细化工等煤化工行业生产全流程工艺、核心参数控制及产品质量标准；具备扎实的现场技术攻坚、工艺优化、技改落地能力，能够快速排查处置各类生产技术、质量异常；熟悉煤化工生产企业精益生产、降本增效管理模式，具备较强的数据分析、方案落地、跨部门协同能力。
5. 综合素养：具备较强的现场统筹、问题解决、团队管理能力，工作严谨、责任心强、执行力高效；熟悉行业生产政策及技术规范，抗压能力强，能适配生产一线值守、突发技术问题处置；无重大生产技术、质量事故责任记录，职业素养良好。
 查看全部",Git / CSS / 团队管理 / React / PMP / 数据分析 / Go / HTML / jQuery / UG / AI,化工,https://www.liepin.com/job/1983224479.shtml
334,猎聘,能源/化工/环保,矿物加工,矿山运营总监（南非或加蓬办公）,企业,某国内石化公司,100-499人,广西壮族自治区,柳州,柳州,1-2k,统招本科,10年以上,20260316130306,五险 / 五险一金 / 15薪,"：
1. 全流程运营管理：在集团规划指导下，制定并执行年度生产计划，
全面负责从勘探、采选到冶炼的全流程运营，确保预期效益，以及资源利
用优化。
2. 团队领导与组织建设：领导跨文化团队（包括中外籍及属地员工），
构建高绩效组织，提升全员凝聚力。负责核心骨干培养及中层团队的选
拔、考核与发展，强化班子战斗力。
3.安环与合规风控：完善安环体系，确保运营符合国际标准、所在
国法规及公司规范。健全风险预警与应急管理机制，杜绝重大环境及安
全事故。
4. 外联与战略协同：作为主要代表与政府、社区、及合作方沟通，
化解冲突，营造有利的运营环境。
5. 经营与成本管控：对矿山全面预算及成本负责，确保运营在预算内执行","1.教育背景：本科及以上学历，采矿工程、矿物加工、地质、冶金、机
械类等相关工程专业背景。
2.工作经验：12 年以上矿业行业经验，其中7 年以上管理岗位经验，3
年以上担任矿长、运营总监或同等及以上领导职务，有海外矿山管理经验者
优先。
3.语言能力：英语或法语能无障碍阅读技术文件，口语能日常交流。
4.出差要求：能适应海外常驻工作（南非或加蓬）。
 查看全部",JavaScript / 法语 / CSS / Java / 英语 / React / PMP / Go / HTML / jQuery / UG / AI,石化,https://www.liepin.com/a/73419211.shtml
335,猎聘,能源/化工/环保,矿物加工,选矿厂副厂长,企业,广西途昊集团,100-499人,河池-环江县,河池-环江县,河池-环江县,8-15k,本科,3年以上,20250804170351,发展空间大 / 团队聚餐 / 节日礼物 / 绩效奖金 / 18薪 / 技能培训 / 五险一金 / 15薪 / 公司规模大 / 五险 / 聚餐 / 定期体检 / 岗位晋升 / 提供住宿,"一、岗位概述
1、建立二级成本核算体系，监督、检查核算体系执行情况及指标完成情况；
2、定期进行选矿成本完成情况分析，查找成本超降原因，制定措施进行整改； 
3、定期进行安全、环保检查工作，及时发现并整改安全隐患；
4、加强通风管理，采取防尘措施，提高粉尘合格率；
5、积极做好安全生产的宣传、教育工作； 
6、认真贯彻执行设备操作规程，做好设备的维护、保养工作，提高设备运转率和完好率； 
7、负责能源管理工作； 
8、认真贯彻执行各项规章制度和操作规程，搞好生产现场管理工作，做到安全生产、文明生产；
9、加强劳动纪律管理工作，减少和杜绝违章违纪行为的发生；
10、按公司有关规章制度要求，做好各种原始记录，并及时收集上交有关科室或自行保管；
11、及时汇总各工段、班组报送的统计资料，编制单位生产统计报表，并报送相关科室；
12、负责对各种生产统计资料进行收集、整理，并妥善保管。
二、","（1）选矿或矿物加工专业本科以上学历，具有相应工程师职称； 
（2）3年以上选矿管理工作经验；熟练掌握选矿理论与方法,熟悉选矿工艺及流程。
 查看全部",CSS / React / CAD / PMP / Go / HTML / jQuery / UG / AI,工程施工,https://www.liepin.com/job/1976243043.shtml
336,猎聘,能源/化工/环保,矿物加工,2026届锦石计划管培生,企业,广西田东锦盛化工有限公司,100-499人,百色-田东县,百色-田东县,百色-田东县,4-7k,本科,1-3年,20251215163855,管理规范 / 发展空间大 / 年终奖金 / 带薪年假 / 节日礼物 / 餐费补贴 / 年终奖 / 扁平管理 / 包住 / 五险一金 / 13薪 / 包吃 / 五险 / 定期体检 / 岗位晋升,"一、培养定位：基层关键岗位梯队储备，目标岗位为班组长、值长等一线核心骨干。
二、生源导向：与企业业务契合度高的职业技术学院(含大专)、普通本科毕业生，以2026 届应届毕业生为主。
三、招聘专业：化学工程与工艺、冶金工程、矿物加工、应用化学、化工技术、热电专业、机械专业、工商管理、商务管理、市场营销、物流管理、发配电、电力系统及火电厂集控运行、热能动力工程、能源与动力工程、电气工程及其自动化、仪表自动化、机电设备维修与管理、机械制造、机械自动化、高分子材料与工程、机电一体、电气、热控、仪器仪表等热电、化工、新材料领域相关专业；以及财务会计、商务贸易、安全环保、人力资源管理、企业管理等专业。
四、培养任务要求，经过1-3年的培训学习，达到班长骨干、工艺员、调度员、主操、值长或部门管理专员级别的技能水平。
五、相关要求：要求性格活波开朗，思维活跃，有主见，积极向上，具备创新精神，具有较高的政治思想觉悟和综合素养，有良好的心理素质和身体状况，能适应生产技术","，有团队合作精神，有较强的敬业精神。
 查看全部",CSS / React / PMP / Go / HTML / jQuery / UG / AI,化工,https://www.liepin.com/job/1979152203.shtml
337,猎聘,能源/化工/环保,矿物加工,选矿厂副厂长,企业,广西途昊集团,100-499人,南宁-青秀区,南宁-青秀区,南宁-青秀区,8-15k,大专,10年以上,20250721143522,带薪年假 / 餐费补贴 / 绩效奖金 / 包住 / 住房补贴 / 五险一金 / 13薪 / 包吃 / 15薪 / 节日福利 / 五险 / 定期体检 / 生日福利 / 14薪,"一、岗位概述
1、建立二级成本核算体系，监督、检查核算体系执行情况及指标完成情况；
2、定期进行选矿成本完成情况分析，查找成本超降原因，制定措施进行整改； 
3、定期进行安全、环保检查工作，及时发现并整改安全隐患；
4、加强通风管理，采取防尘措施，提高粉尘合格率；
5、积极做好安全生产的宣传、教育工作； 
6、认真贯彻执行设备操作规程，做好设备的维护、保养工作，提高设备运转率和完好率； 
7、负责能源管理工作； 
8、认真贯彻执行各项规章制度和操作规程，搞好生产现场管理工作，做到安全生产、文明生产；
9、加强劳动纪律管理工作，减少和杜绝违章违纪行为的发生；
10、按公司有关规章制度要求，做好各种原始记录，并及时收集上交有关科室或自行保管；
11、及时汇总各工段、班组报送的统计资料，编制单位生产统计报表，并报送相关科室；
12、负责对各种生产统计资料进行收集、整理，并妥善保管。
二、","（1）选矿或矿物加工专业本科以上学历，具有相应工程师职称； 
（2）3年以上选矿管理工作经验；熟练掌握选矿理论与方法,熟悉选矿工艺及流程。 收起",CSS / 项目管理 / React / PMP / Go / HTML / jQuery / UG / AI,工程施工,https://www.liepin.com/job/1975913999.shtml
338,猎聘,能源/化工/环保,矿物加工,选矿工程师,企业,源海矿业集团,100-499人,柳州-柳江区,柳州-柳江区,柳州-柳江区,8-12k,本科,5-10年,20260327113340,/,"：
1、负责金属矿的选矿工艺设计与优化；
2、参与选矿项目的现场调试和技术指导；
3、进行选矿实验，研究新的选矿技术和方法；
4、编写选矿工艺报告和技术文档；
5、解决选矿过程中出现的技术问题，提高选矿效率和产品质量。","1、本科及以上学历，矿物加工、冶金工程等相关专业；
2、具备5-10年的选矿工程师相关工作经验；
3、熟悉金属矿的选矿工艺流程及设备操作；
4、擅长金属矿的选矿技术研发与应用；
5、能够适应国外出差，具有良好的跨文化交流能力。
 查看全部",CSS / React / PMP / Go / HTML / jQuery / UG / AI,矿产开采,https://www.liepin.com/job/1980855993.shtml
339,猎聘,能源/化工/环保,矿物加工,工厂副厂长,企业,广西源丰达资源科技有限公司,100-499人,钦州-钦南区,钦州-钦南区,钦州-钦南区,8-9k,本科,经验不限,20250929115632,13薪 / 14薪 / 15薪 / 饮料,"1、协助工厂负责人制定日常生产计划，跟进生产进度​，并参与生产线的实际操作，熟练掌握关键工序的操作流程。
2、负责生产过程中各类数据的记录与整理，包括原材料采购与消耗、产品产量、设备运行状态等。​
3、协助做好工厂原材料、半成品及成品的出入库管理，必要时参与货物装卸、搬运等一线作业，确保物料流转顺畅。
4、参与工厂现场的日常管理工作，协调各生产环节之间的沟通与配合，及时处理生产过程中出现的问题。​​
5、负责工厂各类文件、资料的整理、归档与保管。​
6、完成上级领导交办的其他相关工作。
7、工作认真负责，有团队协作精神，能吃苦耐劳，能适应工厂一线工作环境
学历要求：大专及以上学历，矿物加工工程、化工、工业管理、机械等相关专业优先。​
经验要求：有 1 年及以上矿产品加工工厂相关工作经验，具备生产线实际操作经验，熟悉工厂生产流程与管理模式者优先。能熟练操作工厂生产线相关设备，动手操作能力强
上班时间：早上8：00-12：00；下午14:00-18:00；晚上20:30-22:00
需要驻厂，接受以上的再发简历
 查看全部","2. 如您应聘的岗位属于涉外劳务合作/海外岗位的，请务必核实招聘方对外劳务合作资质取得情况，同时注意自身资金安全，防范招聘欺诈。
 3. 本平台招聘方不向求职者提供任何收费服务。
 查看全部
 相关推荐
 展开
 钦州热电分厂厂长招聘
 钦州水厂厂长招聘
 钦州电机制造厂长招聘
 钦州电子产品生产厂长招聘
 钦州卫浴厂长招聘
 钦州服装工厂管理招聘
 钦州牛仔生产工厂厂长招聘
 钦州塘沽加工厂正职招聘
 钦州钢结构工厂总经理招聘
 钦州分厂管理招聘
 钦州混凝土构件生产技术经理招聘
 钦州发酵工厂厂长招聘
 钦州冰箱工厂厂长招聘
 钦州高端门厂长招聘
 钦州储能工厂厂长招聘
 钦州智能料场厂长招聘
 钦州电机厂长招聘
 钦州精益化生产总监招聘
 钦州沂南纺织工厂厂长招聘
 钦州木材加工厂负责人招聘
 钦州生鲜牛蛙加工厂厂长招聘
 钦州树脂工厂长招聘
 钦州焙烧硫酸厂长招聘
 钦州蛋糕生产厂长招聘
 钦州工厂管理依米招聘
 钦州罐头厂厂长招聘
 钦州代工厂管理招聘
 钦州炼钢副厂长招聘
 钦州港闸生产厂长招聘
 钦州加工厂长招聘
 相关公司
 广西格派电池新材料有限公司
 烟台明珠陶瓷科技有限公司
 天津快可集成房屋有限公司
 天瑞集团
 广西烯旺智能科技有限公司
 日昌升集团有限公司
 陕西星王集团
 赣州中科拓又达智能装备科技有限公司
 广西源丰达资源科技有限公司
 热门城市
 北京招聘网
 上海招聘网
 广州招聘网
 厦门招聘网
 杭州招聘网
 郑州招聘网
 南京招聘网
 天津招聘网
 重庆招聘网
 成都招聘网
 苏州招聘网
 商丘招聘网
 大连招聘网
 济南招聘网
 宁波招聘网
 无锡招聘网
 青岛招聘网
 沈阳招聘网
 台州招聘网
 西安招聘网
 武汉招聘网
 热门招聘
 北京招聘信息
 上海招聘信息
 广州招聘信息
 厦门招聘信息
 杭州招聘信息
 郑州招聘信息
 南京招聘信息
 天津招聘信息
 重庆招聘信息
 成都招聘信息
 苏州招聘信息
 商丘招聘信息
 大连招聘信息
 济南招聘信息
 宁波招聘信息
 无锡招聘信息
 青岛招聘信息
 沈阳招聘信息
 台州招聘信息
 西安招聘信息
 武汉招聘信息
 钦州招聘网
 >
 钦州工厂厂长招聘
 >
 工厂副厂长招聘
 收藏职位
 立即沟通
 更新时间：2025-10-16",CSS / React / PMP / Go / HTML / jQuery / UG / AI,矿产开采,https://www.liepin.com/job/1977559509.shtml
340,猎聘,能源/化工/环保,矿物加工,实验室技术员,企业,北海高岭科技有限公司,100-499人,广西壮族自治区,北海,北海,4-6k,本科,经验不限,20210730213321,13薪 / 14薪,"1、负责高岭土原矿分析、化验、实验研发。
2、要求矿物加工、材料化学、采矿等相关专业。
3、公司成立了研发中心，特组建研发团队，欢迎加入我们。
 查看全部","2. 如您应聘的岗位属于涉外劳务合作/海外岗位的，请务必核实招聘方对外劳务合作资质取得情况，同时注意自身资金安全，防范招聘欺诈。
 3. 本平台招聘方不向求职者提供任何收费服务。
 查看全部
 相关推荐
 展开
 北海试验室技术员招聘
 北海工厂化验员招聘
 北海理化化验员招聘
 北海化工实验室研究员技术员招聘
 北海实验设计助理招聘
 北海高分子工程师招聘
 北海压缩机实验室技术员招聘
 北海有机分离纯化研究员招聘
 北海常规实验室技术员招聘
 北海化工实验室实习生招聘
 北海负极硅材料研发技术员招聘
 北海化学合成实验室技术员招聘
 北海蜡烛实验室技术员招聘
 北海小试研究员招聘
 北海电镜研究员招聘
 北海外派化验员招聘
 北海材料实验技师招聘
 北海研发发酵研究员招聘
 北海化验室助理工程师招聘
 北海实验室检验组长招聘
 北海环保水处理实验员招聘
 北海奶业分中心实验员招聘
 北海环境无机实验员招聘
 北海电池制备实验员招聘
 北海实验室建设销售经理招聘
 北海GCMS应用工程师招聘
 北海公共技术平台服务岗招聘
 北海实验室满意度调查员招聘
 北海液相检验员招聘
 北海乳化技术员招聘
 相关公司
 日昌升集团有限公司
 东方希望(三门峡)铝业有限公司
 宁夏晶体新能源材料有限公司
 天瑞集团
 高岭科技
 烟台明珠陶瓷科技有限公司
 天津快可集成房屋有限公司
 广州沛霞建材有限公司
 热门城市
 北京招聘网
 上海招聘网
 广州招聘网
 厦门招聘网
 杭州招聘网
 郑州招聘网
 南京招聘网
 天津招聘网
 重庆招聘网
 成都招聘网
 苏州招聘网
 商丘招聘网
 大连招聘网
 济南招聘网
 宁波招聘网
 无锡招聘网
 青岛招聘网
 沈阳招聘网
 台州招聘网
 西安招聘网
 武汉招聘网
 热门招聘
 北京招聘信息
 上海招聘信息
 广州招聘信息
 厦门招聘信息
 杭州招聘信息
 郑州招聘信息
 南京招聘信息
 天津招聘信息
 重庆招聘信息
 成都招聘信息
 苏州招聘信息
 商丘招聘信息
 大连招聘信息
 济南招聘信息
 宁波招聘信息
 无锡招聘信息
 青岛招聘信息
 沈阳招聘信息
 台州招聘信息
 西安招聘信息
 武汉招聘信息
 北海招聘网
 >
 北海化工实验室研究员/技术员招聘
 >
 实验室技术员招聘
 收藏职位
 立即沟通
 更新时间：2023-05-08",CSS / React / PMP / Go / HTML / jQuery / UG / AI,矿产开采,https://www.liepin.com/job/1941619089.shtml
341,猎聘,能源/化工/环保,矿物加工,露天非金属矿山矿长,企业,广西长鸿生物材料有限公司,100-499人,贺州-平桂区,贺州-平桂区,贺州-平桂区,10-15k,大专,5-10年,20240111213140,发展空间大 / 年终奖金 / 餐费补贴 / 绩效奖金 / 领导好 / 年终奖 / 优秀员工奖 / 五险一金 / 全勤奖 / 社保 / 13薪 / 加班补贴 / 公司规模大 / 五险,"招聘职责：
1、全面负责露天大理石矿山的日常生产和管理工作，确保矿山安全、高效、可持续地运营。
2、负责制定和实施矿山生产计划和战略，优化生产流程和管理模式，提高生产效率和产品质量。
3、负责监督和管理矿山的采矿、选矿和运输等生产活动，确保生产过程的安全、环保和合规性。
4、管理和监督矿山设备的维护和更新，确保设备正常运行，提高设备利用率和生产效率。
5、与其他部门进行协调和沟通，确保生产、销售和其他环节的顺畅进行。
6、关注行业动态和市场趋势，及时调整生产策略和销售策略，提高市场占有率和盈利能力。
7、遵守环保法规和安全生产法规，保护环境，确保员工安全和健康。
8、参与矿山扩建和改进项目的规划和实施，推动矿山的技术创新和产业升级。","1、具有大专及以上学历，采矿工程、矿物加工工程或相关专业优先。
2、在采矿或相关领域拥有至少10年的工作经验，其中至少3年以上的管理经验。
3、熟悉露天大理石矿山的采矿、选矿工艺和设备，具备丰富的实践操作和管理经验。
4、持有相关领域的职业资格证书。
5、身体健康，能适应户外工作环境。
6、认真负责，积极进取，具备领导能力和团队合作精神。
 查看全部",CSS / 项目管理 / React / PMP / Go / HTML / jQuery / UG / AI,其他制造业,https://www.liepin.com/job/1963527655.shtml
342,猎聘,能源/化工/环保,矿物加工,采购专员,企业,广西途昊集团,100-499人,南宁-青秀区,南宁-青秀区,南宁-青秀区,8-11k,大专,3-5年,20240524201001,发展空间大 / 16薪 / 团队聚餐 / 年终奖金 / 绩效奖金 / 节日礼物 / 年终奖 / 优秀员工奖 / 五险一金 / 13薪 / 五险 / 聚餐 / 定期体检 / 年度旅游 / 咖啡 / 14薪 / 提供住宿,"：
1.根据公司采购流程内容开展采购工作，服从直属主管工作安排；
2.协助主管领导与供应商询价谈判；
3.起草采购合同或清单，并负责执行完成合同审批流程工作；
4.采购订单和付款申请派单工作，按照规定要求，提供后台准确的录入信息；
5.协助上级主管开展市场调研，扩宽采购渠道；
6.做好矿山采购物资的物流跟踪工作，编制跟踪表格，记录货物发出时间及抵达情况；
7.编制发货清单，发货清单按照要求必须注明规格型号，发给矿山供销科指定人员；
8.定期向上级汇报采购工作情况。
二、","1.年龄20-30岁，大专及以上学历，专业不限，机电机械、工程管理、冶金冶炼、矿物采选加工类专业优先；
2.需有C1以上驾照。
 查看全部",CSS / React / PMP / Go / HTML / jQuery / UG / AI,工程施工,https://www.liepin.com/job/1967208233.shtml
343,猎聘,能源/化工/环保,矿物加工,会计主管双休,猎头,广州淮琛贸易有限公司,/,东莞-南城区,东莞-南城区,东莞-南城区,9-12k,大专,1-3年,20240401091427,18薪 / 13薪 / 15薪 / 双休 / 14薪,"：
1.负责供应商的账单核查及调整；
2.业务系统的优化建议及推进；
3.供应商相关业务数据的整理及比较；
4.业务部门的工作沟通及事项推进；
5.应付凭证的入账、核查、审核；
6.其他事务。","1.财务相关专业；财务相关工作经验1年以上；
2.表达力、沟通力、理解力良好；
3.有责任心、有热情，工作细致、有条不紊；有主动性。
 查看全部",JavaScript / CSS / Java / React / PMP / 算法 / HTML / jQuery / UG / AI,批发/零售,https://www.liepin.com/job/1965912601.shtml
344,猎聘,能源/化工/环保,矿物加工,电商仓库管理员,猎头,海南思沃家电商科技有限公司,100-499人,三亚-崖州区,三亚-崖州区,三亚-崖州区,6-7k,大专,经验不限,20240416133835,16薪 / 13薪 / 14薪 / 15薪,"仓库管理员职位已暂停招聘_猎聘
 该职位已暂停招聘
 投递了该职位的人还查看了
 全栈工程师 / AI 产品核心研发 50-70k
 上海思比可网络科技有限公司 
 上海-徐汇区
 1年以上
 统招本科
 马女士
 ·
 总经理
 项目经理 20-40k
 中晟(深圳)数据科技有限公司 
 深圳
 3-5年
 本科
 杨女士
 ·
 行政
 方案规划工程师（AGV） 15-20k
 创新工场(北京)企业管理股份有限公司 融资未公开
 北京-朝阳区
 1-3年
 本科
 吕先生
 ·
 负责人
 销售专员 6-11k
 北京爱心同行科技有限公司 融资未公开
 北京-东城区
 经验不限
 大专
 李先生
 ·
 人事助理
 人工智能架构师 20-40k·15薪
 某厦门大型机械/设备公司 战略融资
 上海
 经验不限
 学历不限
 高女士
 ·
 猎头顾问
 IT Manager(A224575) 25-35k·14薪
 穹彻智能 A轮
 上海-闵行区
 8年以上
 本科
 宋女士
 电话客服 5-7k
 北京睿达星健康咨询有限公司 
 北京-东城区
 经验不限
 大专
 陈女士
 ·
 人事经理
 其他信托/担保/拍卖/典当 4-8k
 中邦信业金融服务外包(北京)有限公司 
 北京-东城区
 经验不限
 学历不限
 朱女士
 ·
 行政总监
 销售工程师 7-8k
 北京清能互联科技有限公司 C轮
 北京-东城区
 1-3年
 学历不限
 赖女士
 ·
 猎头助理顾问
 首页产品 60-90k·16薪
 某上海大型互联网公司 A轮
 上海
 5-10年
 学历不限
 王女士
 ·
 猎头顾问
 销售代表 5-12k
 爱换科技服务 其他
 北京-东城区
 1-3年
 学历不限
 王先生
 ·
 营销总监
 基础架构经理 20-30k
 某知名公司 
 上海-金山区
 10年以上
 本科
 王女士
 ·
 招聘顾问
 客户经理 5-10k
 建朗科技 融资未公开
 北京-西城区
 经验不限
 本科
 盛女士
 ·
 综合管理部总监
 嵌入式硬件开发工程师-北京 20-30k·14薪
 SMC自动化有限公司 不需要融资
 北京-大兴区
 5-10年
 硕士
 吕女士
 ·
 人事经理
 销售管理 6-11k·13薪
 松果出行 C轮
 北京-东城区
 3-5年
 大专
 朱先生
 ·
 分公司/代表处负责人
 线上电台语音聊天主播 5-10k
 音诺传媒 其他
 北京-朝阳区
 经验不限
 学历不限
 李女士
 ·
 Hr
 招聘实习生-全流程 3-5k
 慧策|旺店通(掌上先机) D轮及以上
 北京-西城区
 经验不限
 本科
 徐女士
 Go/Java软件开发工程师 15-30k·15薪
 西安华为 融资未公开
 西安-高新区
 经验不限
 本科
 曹先生
 ·
 研发工程师
 产品经理（数据平台类产品） 20-30k
 杭州职御科技有限公司 
 杭州
 3-5年
 本科
 邓先生
 ·
 设计员
 客户成功经理(J13585) 18-30k
 慧策|旺店通(掌上先机) D轮及以上
 北京-海淀区
 经验不限
 本科
 李先生
 ·
 研发经理
 人工智能架构 25-30k
 某大型知名机械/设备公司 战略融资
 北京
 5-10年
 统招本科
 孙女士
 ·
 猎头顾问/助理
 课程顾问 4-8k
 弈海润世围棋学堂 融资未公开
 北京-东城区
 1-3年
 大专
 赵女士
 ·
 HR
 销售总经理助理 5-8k
 北京宜居康和养老服务有限公司 融资未公开
 北京-东城区
 经验不限
 本科
 申女士
 ·
 首席执行官CEO/总裁/总经理
 销售经理 6-11k
 北京搜了科技有限公司 
 北京-东城区
 经验不限
 学历不限
 范女士
 ·
 总助
 App平台运营 4-9k
 北京致远泓管理咨询有限公司 
 北京-东城区
 经验不限
 学历不限
 李先生
 ·
 经理
 市场经理 6-11k
 北京搜了科技有限公司 
 北京-东城区
 经验不限
 大专
 范女士
 ·
 总助
 Go开发工程师 20-40k
 西安华为 融资未公开
 西安-高新区
 经验不限
 本科
 杨先生
 ·
 开发工程师
 终端运维工程师 5-10k
 北京智捷一云信息技术有限公司 
 北京-东城区
 3-5年
 本科
 戴先生
 具身智能算法工程师 50-70k·15薪
 某北京人工智能公司 A轮
 上海-徐汇区
 3-5年
 本科
 张先生
 ·
 创始合伙人
 机器学习工程师 30-55k
 杭州创客矩阵信息技术咨询有限责任公司 融资未公开
 杭州-西湖区
 经验不限
 本科
 欧先生
 ·
 首席执行官CEO/总裁/总经理",/,CSS / Java / React / 机器学习 / PMP / 算法 / Go / HTML / jQuery / UG / AI,互联网,https://www.liepin.com/job/1966283789.shtml
345,猎聘,能源/化工/环保,矿物加工,选矿设备经理-海外选矿设备管理,企业,某国内矿产开采上市公司,10000人以上,海南省,三亚,三亚,50-65k·16薪,统招本科,10年以上,20260610091108,团队建设 / 16薪 / 13薪 / 15薪,"：
海外选矿设备选型：
1、负责海外各矿山项目选矿设备的技术选型工作，包括但不限于破碎设备（颚式破碎机、圆锥破碎机等）、粉磨设备（球磨机、自磨机、半自磨机等）、分选设备（浮选机、磁选机等）、筛分分级设备、脱水设备（浓缩机、过滤机等）五大类选矿机械的选型方案制定与审核；
2、主持新项目可行性研究阶段和初步设计阶段的选矿设备配套方案编制，参与设计方案优化和主机设备定型论证；
3、对接国内外矿山设备供应商，组织技术交流与设备招标技术文件评审，参与技术协议谈判；
4、对新项目/技改项目所需的选矿设备进行全生命周期成本分析（TCO），综合评估设备产能、可靠性、能耗、维护便利性等关键指标，为管理层决策提供技术依据。
选矿设备运维管理：
1、统筹海外各项目选矿厂设备的日常运维管理，建立并推行设备全生命周期管理体系，制定统一的点检标准、润滑标准和检修规范；
2、定期巡检海外矿山现场，督导各项目严格执行设备使用与维护规程，监控设备综合效率（OEE），确保关键设备运转率达到集团考核目标；
3、分析设备故障根本原因，制定整改预防措施，控制维修成本在预算范围内；
4、建立海外项目选矿设备备品备件供应保障体系，制定合理的备件库存策略，优化备件库存周转率；
5、推动设备管理信息化建设，逐步引入预测性维护技术，减少非计划停机时间。
选矿设备技改与扩建：
1、主导海外在产项目的选矿设备技术改造方案设计与实施，通过对破碎机、球磨机、浮选机等核心设备的结构优化、材料改进和控制系统升级，提升设备处理能力和运行效率，实现提质增效；
2、负责海外矿山扩产项目的选矿系统扩建技术方案编制，包括设备增容方案、工艺流程优化、配套设备选型等工作；
3、配合项目建设团队，监督选矿设备安装调试阶段的技术工作，确保设备安装质量符合工艺设计要求；
4、组织老旧设备淘汰报废技术鉴定及残值评估。
技术标准与团队建设：
1、参与制定海外选矿设备技术标准和操作规程，推动集团设备管理体系的国际化和标准化；
2、对海外项目本地设备管理团队提供专业技术培训和指导，提升当地团队设备管理水平；
3、协助海外项目建立设备技术档案及资产管理台账。","1、精通选矿工艺流程及设备选型，较强的设备故障诊断能力；
2、5年以上选矿设备管理经验，熟悉常见选矿设备的原理，结构及维护。有过选厂筹建和选矿设备选型等经验；
3、本科及以上学历，矿物加工工程、机械工程等相关专业；
4、英语可做工作语言，可接受全球轮岗；
5、能适应矿山工作环境，责任心强，具备良好的团队合作和沟通能力，承受一定压力。
 查看全部",JavaScript / CSS / Java / 英语 / React / PMP / Go / HTML / jQuery / UG / AI,矿产开采,https://www.liepin.com/a/75872889.shtml
346,猎聘,能源/化工/环保,矿物加工,选矿设备经理,企业,某国内知名公司,10000人以上,海南省,三亚,三亚,35-60k·16薪,统招本科,5-10年,20260520152056,16薪 / 13薪 / 15薪,"1.精通选矿工艺流程及设备选型，较强的设备故障诊断能力
2.5年以上选矿设备管理经验，熟悉常见选矿设备的原理，结构及维护。有过选厂筹建和选矿设备选型等经验","3.本科及以上学历，矿物加工工程、机械工程等相关专业
4.英语可做工作语言，可接受未来全球轮岗
5.能适应矿山工作环境，责任心强，具备良好的团队合作和沟通能力，承受一定压力
 查看全部",JavaScript / CSS / Java / 英语 / React / PMP / Go / HTML / jQuery / UG / AI,矿产开采,https://www.liepin.com/a/75872305.shtml
347,猎聘,能源/化工/环保,矿物加工,选矿设备经理,企业,某国内矿产开采上市公司,10000人以上,海南省,三亚,三亚,30-60k·16薪,统招本科,8年以上,20260520144022,16薪 / 18薪 / 13薪 / 15薪 / 14薪,"1.精通选矿工艺流程及设备选型，较强的设备故障诊断能力。主要负责技改项目扩建工作
2.8年以上选矿设备管理经验，熟悉常见选矿设备的原理，结构及维护。有过选厂筹建和选矿设备选型等经验。","3.本科及以上学历，矿物加工工程、机械工程等相关专业
4.英语可做工作语言，可接受全球轮岗
5.能适应矿山工作环境，责任心强，具备良好的团队合作和沟通能力，承受一定压力
 查看全部",JavaScript / CSS / Java / 英语 / React / PMP / Go / HTML / jQuery / UG / AI,矿产开采,https://www.liepin.com/a/75868977.shtml
348,猎聘,能源/化工/环保,矿物加工,绿峰公司计划管理主管,企业,海钢集团,100-499人,昌江县,昌江县,昌江县,7-10k,大专,2年以上,20260610162207,年终奖金 / 带薪年假 / 年终奖 / 优秀员工奖 / 五险一金 / 13薪 / 五险 / 免费班车 / 定期体检 / 班车 / 岗位晋升,"］
1.统筹制定年度、月度生产计划，跟踪执行进度，根据销售、库存、产能动态调整，保障产销匹配；
2.负责监控生产进度，分析并优化生产流程，持续提升生产效率，降低运营成本；
3.负责生产计量、质量协同管理，并监督落实生产全过程的安全与环保措施，确保合规生产。
［","］
 1.大学专科及以上学历，工业工程、机械制造、采矿工程、矿物加工等相关专业优先；
2.掌握机制砂生产工艺、露天采矿场生产管理规范，熟悉生产计划编制、产能核算、库存管理的基础理论，了解露天采矿安全环保法规、质量管理体系；
3.具有2年以上生产计划管理经验，有露天采矿场、机制砂、建材行业等相关经验者优先；
4.具备统筹规划、逻辑分析及问题解决能力，沟通协调能力强；
5.持有露天采矿相关安全生产资格证书者优先。
 查看全部",沟通协调 / CSS / React / PMP / Go / HTML / jQuery / UG / AI,其他商务服务业,https://www.liepin.com/job/1980702489.shtml
349,猎聘,能源/化工/环保,矿物加工,科研助理 （工艺与机械自动化方向）,企业,海钢集团,100-499人,昌江县,昌江县,昌江县,7-10k,本科,经验不限,20260610162207,发展空间大 / 13薪 / 14薪 / 零食,"：
1.开展选矿、建材及固废资源化等工艺的研发、试验与优化，参与技术方案设计，推动先进技术引进与产线升级；
2.协助实施生产设备自动化改造与智能控制系统集成，参与开展智能监测、故障诊断等技术攻关，提升系统效率与稳定性；
3.支持研发项目全周期管理工作，包括技术报告与专利材料的撰写，以及实验室、中试基地的日常运维与试验支持；
4.协同生产、设备等部门，为工艺流程与自动化系统提供现场技术支持，并参与内部技术交流与新工艺推广；
5.确保所有研发与试验活动符合国家、行业及集团的安全、环保规范与标准。","1.大学本科及以上学历，机械工程、自动化、矿物加工、材料科学与工程、环境工程等相关专业；
2.熟悉选矿、建材或固废资源化相关工艺与设备，具备机械设计或自动化控制基础知识，熟练使用Office、Python及CAD/SolidWorks等工具，掌握PLC编程或了解前沿工业技术者优先；
3.具有选矿、建材或固废处理行业实习或项目经验者优先；
4.具备较强实验操作、数据分析及报告撰写能力，学习与动手能力佳，善协作沟通，能抗压；
5.持有工程师职业资格证书或自动化相关认证者优先。
 查看全部",SolidWorks / CSS / React / CAD / Python / PMP / 数据分析 / Go / HTML / jQuery / UG / AI,其他商务服务业,https://www.liepin.com/job/1980656163.shtml
350,猎聘,能源/化工/环保,矿物加工,选矿工艺设计师,企业,中撰工程设计有限公司,1-49人,海口-龙华区,海口-龙华区,海口-龙华区,12-26k,本科,1-3年,20260428112336,/,/,"1，矿物加工、选矿工程等相关专业本科及以上学历，初级职称及以上职称，具有1年以上专业设计院工程设计经验，甲级工程设计院工作经历优先
2，能独自承担黑金属选矿厂项目设计(包括初步设计、施工图设计等工作)；
3，能够熟练运用AUTOCAD/CAD等设计专业绘图软件;
4，适应能力强，能够快速适应公司管理系统。
5，具备良好的职业素养和团队合作精神，富有较强的执行力和沟通能力。6，能力强者，待遇面议。
 查看全部",CSS / React / CAD / PMP / AutoCAD / Go / HTML / jQuery / UG / AI,建筑/工程设计,https://www.liepin.com/job/1982146977.shtml
351,猎聘,能源/化工/环保,矿物加工,矿山项目副总工,企业,中交天航南方交通建设有限公司,500-999人,三亚-崖州区,三亚-崖州区,三亚-崖州区,13-17k,本科,5-10年,20221017184230,管理规范 / 发展空间大 / 绩效奖金 / 领导好 / 五险一金 / 公司规模大 / 五险 / 定期体检 / 岗位晋升 / 提供住宿 / 团建,"1.本科以上学历，采矿工程、矿物加工工程、工程管理、市政工程、水利水电工程、环境工程、园林绿化等建筑工程相关专业；
2.身体健康；","3.5年以上工程项目管理经验；
4.具有一级建造师矿业专业（带安全证）。
一经录用，待遇从优。
工作地点：广东、广西、海南、四川
 查看全部",CSS / 项目管理 / React / PMP / Go / HTML / jQuery / UG / AI,工程施工,https://www.liepin.com/job/1950609499.shtml
352,猎聘,能源/化工/环保,矿物加工,选矿工程师,企业,盛和资源控股股份有限公司,1000-2000人,海南省,文昌,文昌,6-15k,/,/,20250627134459,五险 / 五险一金 / 生日福利 / 节日福利,"招聘专业：
矿物加工工程、矿业工程（矿物加工方向）","1.硕士研究生、本科及专科应届毕业生或有1-3年工作经验的往届生；
2.具有较强的学习能力、沟通能力、成就导向、抗压能力
福利待遇：
我们为你提供快速成长的环境,各类补贴,节日福利,丰厚奖金,餐饮保障,带薪假期,五险一金,生日福利等。
工作地点：
海南文昌、江苏连云港
截止日期：2026年06月27日
招聘人数：1人
 查看全部",CSS / React / PMP / Go / HTML / jQuery / UG / AI,矿产开采,https://www.liepin.com/lptjob/75412331
353,猎聘,能源/化工/环保,矿物加工,Java工程师,企业,招商局蛇口工业区控股股份有限公司,10000人以上,上海-徐汇区,上海-徐汇区,上海-徐汇区,8-9k,学历不限,经验不限,20240416111558,13薪 / 14薪 / 不加班 / 15薪,"：
1.参与系统对接架构设计开发，以及持续的重构优化。
2.根据项目开发进度和任务分配，独立开发完成核心模块编码和相应文档，编写单元测试用例，确保开发质量。
3.对于服务运行状况进行持续的监测，并能完成相关性能瓶颈的监测、分析、优化、问题定位以及解决。","1.计算机相关专业，1年以上开发经验，熟悉Java语言，熟悉内部运行机制，熟悉多线程开发。
2.扎实的计算机基础，熟悉常用的数据结构、算法、设计模式，对面向对象编程具备深刻理解。
3.了解Java性能调优和SQL调优，有良好的分析解决问题的能力。
4.掌握流行的开发框架：Spring、SpringMVC、MyBatis等。
5.熟悉Eclipse或者IDEA，git,maven,linux等常用命令。
6.熟悉SQLServer、MySQL、Redis等一个以上常见的数据库。
7.有大型分布式、高并发、高负载、高可用性系统的设计开发经验者优先。
8.具有良好的文档读写能力和口头沟通能力，良好的团队合作精神。
9.有C#项目经验优先。
 查看全部",CSS / JavaScript / React / 机器学习 / PMP / Go / HTML / SQL / UG / AI / MySQL / Git / Java / 架构设计 / Linux,房地产开发经营,https://www.liepin.com/job/1966278911.shtml
354,猎聘,能源/化工/环保,矿物加工,选矿技术员（校招）,企业,海南矿业股份有限公司,2000-5000人,昌江县,昌江县,昌江县,6-10k,/,/,20260608175933,/,"：
1、贯彻执行国家有关技术政策，承担厂内选矿技术的组织管理工作；
2、按全面质量管理要求，管理厂内各产品的质量；
3、按公司科研管理办法，组织实施厂内选矿工艺的科研试验；
4、严格按工程管理办法执行技改现场管理、工程管理工作；
5、协助厂长组织生产技术分析会，解决生产中出现的技术问题，并为检修及改造做好技术准备。","2025届、2026届全球应届本科及以上毕业生，矿物加工工程专业。
截止日期：2027年06月08日
招聘人数：1人
 查看全部",CSS / React / PMP / Go / HTML / jQuery / UG / AI,矿产开采,https://www.liepin.com/lptjob/83257975
355,猎聘,能源/化工/环保,矿物加工,选矿技术员（校招）,企业,海南矿业股份有限公司,2000-5000人,昌江县,昌江县,昌江县,6-10k,/,/,20250921140001,/,"：
1、贯彻执行国家有关技术政策，承担厂内选矿技术的组织管理工作；
2、按全面质量管理要求，管理厂内各产品的质量；
3、按公司科研管理办法，组织实施厂内选矿工艺的科研试验；
4、严格按工程管理办法执行技改现场管理、工程管理工作；
5、协助厂长组织生产技术分析会，解决生产中出现的技术问题，并为检修及改造做好技术准备。","2025届、2026届全球应届本科及以上毕业生，矿物加工工程专业。
截止日期：2026年09月21日
招聘人数：1人
 查看全部",CSS / React / PMP / Go / HTML / jQuery / UG / AI,矿产开采,https://www.liepin.com/lptjob/77383139
356,猎聘,能源/化工/环保,矿物加工,职业经理,猎头,深圳欧路源科技有限公司,50-99人,上海-黄浦区,上海-黄浦区,上海-黄浦区,10-15k,本科,经验不限,20240401154637,13薪 / 14薪,"品类运营职位已暂停招聘_猎聘
 该职位已暂停招聘
 投递了该职位的人还查看了
 大客户销售 10-20k
 深圳优运智慧物流有限公司 
 深圳-福田区
 3-5年
 大专
 谢女士
 ·
 HR
 AI全栈工程师 18-35k·13薪
 上海讯联数据服务有限公司 C轮
 上海-浦东新区
 3-5年
 本科
 吕女士
 ·
 HRBP
 销售代表 8-10k
 轻程(上海)物联网科技有限公司 战略融资
 上海-杨浦区
 1-3年
 本科
 钱女士
 ·
 人事行政部总监
 销售主管 11-17k
 上海曼巴汽车销售有限公司 
 上海
 3-5年
 大专
 李女士
 ·
 人事经理
 机器人系统工程师 20-30k
 常州微亿智造科技有限公司 B轮
 上海-闵行区
 1-3年
 本科
 刘先生
 产品总监（人事系统） 25-35k
 能良电商 融资未公开
 上海-宝山区
 5-10年
 本科
 候先生
 ·
 招聘专家
 量化策略B端需求分析岗 20-40k
 重庆量云之境信息科技有限公司 天使轮
 上海-虹口区
 3-5年
 本科
 杨女士
 ·
 人力资源伙伴(HRBP)
 销售经理 6-11k
 北京搜了科技有限公司 
 北京-东城区
 经验不限
 学历不限
 范女士
 ·
 总助
 品牌传播经理 9-15k
 上海惊韬骇略咨询管理有限公司 
 上海-浦东新区
 5-10年
 本科
 周先生
 ·
 人力行政总监
 电话销售+上门拜访 10-15k
 薪壹代(上海)科技服务有限公司 
 上海
 经验不限
 大专
 王女士
 ·
 管理者
 数据项目经理 15-25k·14薪
 上海寰通商务科技有限公司 融资未公开
 上海-静安区
 5-10年
 本科
 桑女士
 ·
 HR负责人
 海外客户经理（智慧物流） 20-30k·14薪
 驭势(上海)汽车科技有限公司 融资未公开
 上海-嘉定区
 5年以上
 统招本科
 宋女士
 ·
 HRVP/CHO
 销售代表 5-12k
 爱换科技服务 其他
 北京-东城区
 1-3年
 学历不限
 王先生
 ·
 营销总监
 销售顾问 5-8k
 汇石凯岩 
 北京-东城区
 经验不限
 大专
 李女士
 ·
 行政人事部经理
 课程顾问 4-8k
 弈海润世围棋学堂 融资未公开
 北京-东城区
 1-3年
 大专
 赵女士
 ·
 HR
 华东-项目经理-J14834 15-25k
 慧策|旺店通(掌上先机) D轮及以上
 上海-徐汇区
 经验不限
 本科
 李女士
 ·
 招聘专员
 电商风控产品经理-人机/验证码 30-50k·14薪
 SHEIN 
 上海-长宁区
 5-10年
 本科
 何女士
 ·
 HR
 电话销售专员 3-6k
 湖南长卡智慧物流有限公司 
 长沙
 经验不限
 本科
 阳先生
 ·
 总经理
 商务经理（市场经理） 10-15k
 深圳优运智慧物流有限公司 
 深圳
 1-3年
 大专
 张先生
 ·
 HR经理
 高级销售工程师 8-10k
 上海六顿机电设备有限公司 融资未公开
 上海
 3-5年
 大专
 胡女士
 ·
 质检员
 项目经理（软件开发） 15-25k
 耀盛医学 融资未公开
 上海-静安区
 5-10年
 统招本科
 顾先生
 ·
 行政人事部经理
 产品总监（人事） 30-40k
 能良电商 融资未公开
 上海-宝山区
 5-10年
 本科
 雷女士
 ·
 Hrbp
 海外业务员 5-10k
 中贤供应链管理(深圳)有限公司 
 深圳-龙岗区
 经验不限
 大专
 李女士
 ·
 人事
 项目经理 12-22k
 三维天地 已上市
 上海
 3-5年
 本科
 魏女士
 Ruby 12-20k·13薪
 广州永鑫通电子科技有限公司 
 上海
 经验不限
 本科
 易女士
 ·
 人事
 居家电台语音聊天主播 5-10k
 音诺传媒 其他
 北京-朝阳区
 经验不限
 学历不限
 李女士
 ·
 Hr
 App平台运营 4-9k
 北京致远泓管理咨询有限公司 
 北京-东城区
 经验不限
 学历不限
 李先生
 ·
 经理
 注塑开发工程师 10-17k
 通达创智(厦门)股份有限公司 已上市
 厦门-海沧区
 5-10年
 中专/中技
 邱女士
 ·
 人力资源
 研发项目经理 20-35k
 猎运智慧物流(天津)有限公司 
 北京-海淀区
 5-10年
 统招本科
 张先生
 ·
 人力行政
 CRM售前技术支持 8-15k
 夏致云计算(上海)有限公司 
 上海-浦东新区
 3年以上
 本科
 余女士
 ·
 人事",/,CSS / React / UG / PMP / HTML / jQuery / Ruby / AI,互联网,https://www.liepin.com/job/1965931931.shtml
357,猎聘,能源/化工/环保,矿物加工,铲车司机,猎头,灵寿县开拓道路运输有限公司,/,河北省,石家庄,石家庄,8-12k,本科,经验不限,20240412115137,13薪 / 14薪 / 15薪,"：
 生产原料的进货和成品出入库搬运；服从上级领导工作安排和分配。
 查看全部","2. 如您应聘的岗位属于涉外劳务合作/海外岗位的，请务必核实招聘方对外劳务合作资质取得情况，同时注意自身资金安全，防范招聘欺诈。
 3. 本平台招聘方不向求职者提供任何收费服务。
 查看全部
 相关推荐
 展开
 石家庄铲车司机招聘
 石家庄煤矿挖掘机司机招聘
 石家庄挖掘司机招聘
 石家庄挖土机司机招聘
 石家庄转载机司机招聘
 石家庄压路机司机招聘
 石家庄挖掘机招聘
 石家庄挖掘机驾驶员招聘
 石家庄挖掘机司机招聘
 石家庄铲车司机招聘
 石家庄挖掘机操作工招聘
 石家庄招开车送货招聘
 石家庄机械驾驶招聘
 石家庄铲车推土机技工招聘
 石家庄挖机操作员招聘
 石家庄仓库铲车工招聘
 石家庄矿车驾驶员招聘
 石家庄压雪车司机招聘
 石家庄铲车修理工招聘
 石家庄设备调度招聘
 石家庄挖机操作工招聘
 石家庄粉磨站操作工招聘
 相关公司
 凯依克
 达飞轮船
 西安新纪元供应链管理有限公司
 华远易晟
 浙江中通通信有限公司
 河北中航通用航空有限公司
 鲜生活冷链物流有限公司
 京东物流
 上海龙渤物流有限公司
 深圳欧瑞特供应链管理有限公司
 深圳市顺丰同城物流有限公司
 北京和众运输集团
 浙江菜鸟供应链管理有限公司
 石家庄浩广商贸有限公司
 河北威飒国际货运代理有限公司
 邯郸市魔方供应链管理有限公司
 新邦物流
 河北迅捷快递服务有限公司自由港营业部
 石家庄喜来快递有限公司
 深圳速尔物流有限公司
 河北蒂艾斯国际货运代理有限公司
 中铁五局集团机械化工程有限责任公司
 深圳明德控股发展有限公司
 河北双子物流有限公司
 河北一诺国际货运代理有限公司
 热门城市
 北京招聘网
 上海招聘网
 广州招聘网
 厦门招聘网
 杭州招聘网
 郑州招聘网
 南京招聘网
 天津招聘网
 重庆招聘网
 成都招聘网
 苏州招聘网
 商丘招聘网
 大连招聘网
 济南招聘网
 宁波招聘网
 无锡招聘网
 青岛招聘网
 沈阳招聘网
 台州招聘网
 西安招聘网
 武汉招聘网
 热门招聘
 北京招聘信息
 上海招聘信息
 广州招聘信息
 厦门招聘信息
 杭州招聘信息
 郑州招聘信息
 南京招聘信息
 天津招聘信息
 重庆招聘信息
 成都招聘信息
 苏州招聘信息
 商丘招聘信息
 大连招聘信息
 济南招聘信息
 宁波招聘信息
 无锡招聘信息
 青岛招聘信息
 沈阳招聘信息
 台州招聘信息
 西安招聘信息
 武汉招聘信息
 石家庄招聘网
 >
 石家庄铲车/挖掘机司机招聘
 >
 铲车司机招聘",JavaScript / CSS / Java / 深度学习 / React / PMP / 算法 / HTML / jQuery / UG / AI,货运/物流/仓储,https://www.liepin.com/job/1966204071.shtml
358,猎聘,能源/化工/环保,矿物加工,矿山技术经济、概算,企业,某国内专业技术服务公司,100-499人,河北省,廊坊,廊坊,15-25k,本科,5-10年,20260610093223,/,"1. 负责矿山项目（露天/井下）可研、初设阶段的投资估算、工程概算编制与审核，覆盖采矿、选矿、尾矿、土建、机电安装等相关工程。
2. 独立开展矿山项目技术经济评价，测算项目投资、运营成本、营收及现金流，计算IRR、NPV、投资回收期等核心经济指标，出具项目可行性分析结论。
3. 针对矿山开采方案、开拓系统、选矿工艺、设备配置等进行技术经济比选，优化项目投资与成本方案，控制项目投资风险。
4. 负责可研、初设报告经济章节撰写，配合项目评审、答疑及概算调整工作，整理归档项目造价、测算相关资料。
5. 收集更新矿山行业定额、设备材料价格、造价指标，搭建并维护项目经济测算数据库。","1. 本科及以上学历，采矿工程、矿物加工、工程造价、工程经济等相关专业，3年以上矿山行业技术经济、概算造价、工程咨询相关工作经验。
2. 熟悉矿山开采、选矿、尾矿等工艺流程，看懂专业图纸，熟练掌握矿山定额、取费标准及概算编制流程。
3. 能够独立搭建财务测算模型，完成矿山项目全流程经济评价、成本分析及方案比选工作。
4. 熟练使用Excel数据建模及矿山造价相关软件，具备优秀的报告撰写与数据处理能力。
5. 工作严谨细致、责任心强，具备良好的沟通协调能力和抗压能力，设计院、矿业投资行业从业经验者优先。
 查看全部",JavaScript / 沟通协调 / CSS / Java / React / PMP / Go / HTML / jQuery / UG / AI / Excel,专业技术服务,https://www.liepin.com/a/76064563.shtml
359,猎聘,能源/化工/环保,矿物加工,秘书,企业,广州翠行贸易有限公司,1-49人,深圳-福田区,深圳-福田区,深圳-福田区,7-10k,大专,1-3年,20240409145706,16薪 / 18薪 / 13薪 / 15薪 / 14薪,"：
1.总经理日常行程的协调、安排；
2.协助起草总经理日常公文、报告等相关文书资料；
3.协助总经理协调与各部门的关系，促进相关工作的推进等；
4.负责总经理会务的组织安排，并对会议决议事项进行催办、查办和落实；
5.接待来访的客户；
6.负责处理总经理临时交办的其他工作。","1.大专及以上学历，行政管理、秘书等专业优先；
2.一年以上行政助理或文秘等相关工作经验；
3.熟练使用OFFICE办公软件，良好的中/英文书面及口头表达能力；
4.工作细心、有责任心、学习能力和执行能力强、良好的沟通协调能力。
 查看全部",JavaScript / 沟通协调 / CSS / Java / 日语 / React / PMP / 算法 / Go / HTML / jQuery / UG / AI,批发/零售,https://www.liepin.com/job/1966107641.shtml
360,猎聘,能源/化工/环保,矿物加工,总账会计9K双休,企业,广州常增贸易有限公司,/,郑州-中原区,郑州-中原区,郑州-中原区,8-9k,大专,1-3年,20240324134605,16薪 / 18薪 / 13薪 / 15薪 / 双休 / 14薪,"：
1.负责审核财务支出事项。
2.负责开展会计核算工作，编制会计凭证。
3.负责编制财务会计报表和预算执行报告等。
4.负责对财务相关合同进行审核。
5.负责组织检查分支机构财务制度执行情况、内部控制落实情况，编制财务检查报告。
6.负责监督分支机构落实财务制度及财务检查意见。","3.熟悉国家财务和税务法规。
4.具有较强的工作责任心和工作计划性，良好的组织协调能力、沟通交流能力和抗压能力，执行力强。
5.熟练使用Excel、Word、PPT等办公软件。
6.能够适应经常出差。
 查看全部",JavaScript / CSS / Java / React / PMP / Go / HTML / jQuery / UG / AI / Excel,批发/零售,https://www.liepin.com/job/1965726261.shtml
361,猎聘,能源/化工/环保,矿物加工,选矿厂项目经理,企业,某知名公司,/,河北省,张家口,张家口,30-45k,大专,10年以上,20260604175235,外派津贴 / 16薪 / 年终奖金 / 餐费补贴 / 18薪 / 年终奖 / 书本津贴 / 交通补助 / 13薪 / 服装补贴 / 五险 / 免费班车 / 购房津贴 / 车辆津贴 / 班车,要求：,"1. 学历专业：全日制大专及以上学历，矿物加工工程、采矿工程、冶金工程、矿业工程等相关专业优先。
2. 工作经验：8年及以上选矿行业相关工作经验，5年及以上选矿厂项目经理/项目负责人全职管理经验，具备选矿厂新建、改扩建、技改项目全周期管理实操经验，有大中型矿山、选矿厂项目管理成功案例者优先。
3. 熟悉选矿厂项目前期立项、可研、设计、招投标，中期施工建设、设备安装调试、竣工验收，后期试生产、达产运营等全流程管理规范，具备扎实的项目进度、质量、成本管控能力。
 查看全部",JavaScript / CSS / Java / 项目管理 / React / PMP / Go / HTML / jQuery / UG / AI,其他商务服务业,https://www.liepin.com/a/75053487.shtml
362,猎聘,能源/化工/环保,矿物加工,选矿设计工程师,企业,某国内专业技术服务公司,100-499人,河北省,廊坊,廊坊,15-25k,本科,5年以上,20260603101244,发展空间大 / 年终奖金 / 领导好 / 年终奖 / 五险一金 / 全勤奖 / 公司规模大 / 五险,：进行项目前期设计准备，编制可行性研究报告，完成选矿初步设计和施工图设计中选矿专业部分，完成图纸会签内校、编制设计总结，处理现场问题，技术交底、图纸会审，标书专业文件编制工作。,"1.掌握金属行业选矿专业相关技术知识，熟悉采矿、矿机、水暖电等相关专业知识；
2. 5年中、大型设计院选矿设计工作经验，熟练使用CAD等软件 具有独立承担较复杂选矿项目的设计工作能力，能解决选矿专业范围内比较复杂的技术问题；
3.有项目经理经验者优先;
4.具有良好的外语水平，参与过大型国际项目者优先；
5.具有注册结构、公用设备、电气等工程师证书者优先。
 查看全部",JavaScript / CSS / Java / React / CAD / PMP / Go / HTML / jQuery / UG / AI,专业技术服务,https://www.liepin.com/a/76345813.shtml
363,猎聘,能源/化工/环保,矿物加工,选矿设计工程师,企业,某国内专业技术服务公司,100-499人,河北省,廊坊,廊坊,15-26k,本科,经验不限,20260610151122,/,：进行项目前期设计准备，编制可行性研究报告，完成选矿初步设计和施工图设计中选矿专业部分，完成图纸会签内校、编制设计总结，处理现场问题，技术交底、图纸会审，标书专业文件编制工作。,"1.掌握金属行业选矿专业相关技术知识，熟悉采矿、矿机、水暖电等相关专业知识；
2. 5年中、大型设计院选矿设计工作经验，熟练使用CAD等软件 具有独立承担较复杂选矿项目的设计工作能力，能解决选矿专业范围内比较复杂的技术问题；
3.有项目经理经验者优先;
4.具有良好的外语水平，参与过大型国际项目者优先；
5.具有注册结构、公用设备、电气等工程师证书者优先。
 查看全部",JavaScript / CSS / Java / React / CAD / PMP / Go / HTML / jQuery / UG / AI,专业技术服务,https://www.liepin.com/a/76070079.shtml
364,猎聘,能源/化工/环保,矿物加工,选矿工程师,企业,某北京化工公司,/,河北省,承德,承德,9-14k,大专,1-3年,20260605093023,商业保险 / 五险一金 / 缴纳五险一金 / 每年免费职业健康体检；公司办理商业保险。 / 五险 / 健康体检,"1、参与破碎、磨矿、浮选、脱水全流程工艺管控，实时监控生产数据，动态调整工艺参数，快速解决现场技术问题，保障连续稳定生产。
2、在厂长指导下，现场负责技术方案的实施，持续提升矿石品位与回收率，实现降本增效、节能降耗。
3、参与制定选矿生产技术标准、操作规程及作业指导书，对生产班组开展技术培训、现场指导、操作考核，推动生产标准化落地。
4、按时完成生产报表、试验报告、技术总结，定期向矿区技术负责人及总部汇报生产与优化成果，协助进行现场技术数据分析及实验方案的进行。
三、","1、矿物加工工程、选矿技术等相关专业，本科及以上学历。
2、有2-3 年及以上选矿现场实操经验，熟悉浮选工艺、药剂配比与流程管控，能在厂长指导下独立处理生产技术难题。
3、能长期常驻新疆或承德矿区，适应矿山工作环境，责任心强、执行力强、抗压能力强。
4、熟悉选矿设备原理与基础运维，能独立开展小型选矿试验、数据记录与分析。
五：福利待遇
1、薪酬：8-10K/月。
2、生活保障：矿区免费提供宿舍，员工食堂三餐全包。
3、休假政策：每月休息四天可集中倒休，公司提供每年两次探家来往路费。
4、其他福利：缴纳五险一金，每年免费职业健康体检；公司办理商业保险。
 查看全部",JavaScript / CSS / Java / React / PMP / 数据分析 / Go / HTML / jQuery / UG / AI,化工,https://www.liepin.com/a/76430103.shtml
365,猎聘,能源/化工/环保,矿物加工,矿山技术工程师（有色金属矿+选矿）,企业,某国内大型金属制品公司,500-999人,河北省,邯郸,邯郸,11-18k,本科,1-3年,20260601170149,18薪 / 13薪 / 15薪 / 双休 / 14薪,"：
1. 负责有色金属矿矿山现场技术问题的诊断、分析与解决方案实施。
2. 执行选矿等工艺流程的技术优化与效率提升项目。
3. 为矿山客户提供专业的技术咨询、指导与现场服务支持。
4. 编写并提交技术服务报告，跟踪项目进展与客户反馈。","1. 具备扎实的选矿或相关工程领域专业知识。（矿物加工工程）专业
2. 能够独立处理现场技术问题，具备出色的分析与解决能力。
3. 善于与客户及团队沟通协作，确保服务目标达成。
4. 持续学习行业新技术，能适应矿山现场工作环境。
 查看全部",JavaScript / CSS / Java / 项目管理 / React / PMP / Go / HTML / jQuery / UG / AI,金属制品,https://www.liepin.com/a/75964723.shtml
366,猎聘,能源/化工/环保,矿物加工,选矿设计工程师,企业,某国内专业技术服务公司,100-499人,河北省,廊坊,廊坊,15-25k,统招本科,5-10年,20260526140959,/,：进行项目前期设计准备，编制可行性研究报告，完成选矿初步设计和施工图设计中选矿专业部分，完成图纸会签内校、编制设计总结，处理现场问题，技术交底、图纸会审，标书专业文件编制工作。,"1.掌握金属行业选矿专业相关技术知识，熟悉采矿、矿机、水暖电等相关专业知识；
2. 5年中、大型设计院选矿设计工作经验，熟练使用CAD等软件 具有独立承担较复杂选矿项目的设计工作能力，能解决选矿专业范围内比较复杂的技术问题；
3.有项目经理经验者优先;
4.具有良好的外语水平，参与过大型国际项目者优先；
5.具有注册结构、公用设备、电气等工程师证书者优先。
任职要求
见职责描述
 查看全部",JavaScript / CSS / Java / React / CAD / PMP / Go / HTML / jQuery / UG / AI,专业技术服务,https://www.liepin.com/a/76063255.shtml
367,猎聘,能源/化工/环保,矿物加工,配矿配料工程师,企业,唐山瑞丰钢铁(集团)有限公司,5000-10000人,唐山-丰南区,唐山-丰南区,唐山-丰南区,12-20k·13薪,大专,3-5年,20260517101957,16薪 / 节日礼物 / 餐费补贴 / 五险一金 / 13薪 / 五险 / 免费班车 / 定期体检 / 班车,"岗位要求：
1、标准与模型：制定配矿技术标准，建立并维护烧结、球团、高炉配料模型，动态调整参数，输出成本经济、成分稳定的配料方案；
2、监督与稽核：监督配料方案执行，推动偏差整改闭环；
3、异常处理：分析成分异常，寻找根因，调整方案或模型，输出异常分析报告；
4、技改与工具：参与配料技改项目，负责模型迭代的方案设计、测试与效果评估；
5、测算与降本：建立物料性价比数据库，运用Excel/BI等工具规划求解进行成本测算与寻优，输出分析报告，跟踪新物料试用效果；
6、知识传承：编写模型操作手册及案例集，培训内部人员，减少个人依赖。","1、45周岁及以下，大专及以上学历，冶金工程、矿物加工工程、数学/统计学等复合背景，3年以上铁前配料、工艺或技术管理经验，熟悉烧结、球团或高炉配料流程；
2、熟悉铁前原燃料（铁矿粉、熔剂、燃料、辅料）的性能及成本构成；
3、有配料模型建立/优化经验者优先，有编程（Python/R）或Excel规划求解实际应用案例者优先。
 查看全部",CSS / React / Python / PMP / Go / HTML / jQuery / UG / AI / Excel,矿产开采,https://www.liepin.com/job/1982594945.shtml
368,猎聘,能源/化工/环保,矿物加工,选矿设计工程师,企业,某国内知名专业技术服务公司,100-499人,河北省,廊坊,廊坊,15-25k,统招本科,5-10年,20260527100930,/,：进行项目前期设计准备，编制可行性研究报告，完成选矿初步设计和施工图设计中选矿专业部分，完成图纸会签内校、编制设计总结，处理现场问题，技术交底、图纸会审，标书专业文件编制工作。,"1.掌握金属行业选矿专业相关技术知识，熟悉采矿、矿机、水暖电等相关专业知识；
2. 5年中、大型设计院选矿设计工作经验，熟练使用CAD等软件 具有独立承担较复杂选矿项目的设计工作能力，能解决选矿专业范围内比较复杂的技术问题；
3.有项目经理经验者优先;
4.具有良好的外语水平，参与过大型国际项目者优先；
5.具有注册结构、公用设备、电气等工程师证书者优先
 查看全部",JavaScript / CSS / Java / React / CAD / PMP / Go / HTML / jQuery / UG / AI,专业技术服务,https://www.liepin.com/a/76096173.shtml
369,猎聘,能源/化工/环保,矿物加工,选矿工程师,企业,某北京化工公司,/,河北省,承德,承德,8-10k,统招本科,5-10年,20260610101256,五险一金 / 高温补贴 / 缴纳五险一金 / 每年免费职业健康体检；发放高温补贴 / 节日福利 / 节日福利。 / 五险 / 健康体检 / 野外作业补贴,"1、全面负责萤石矿破碎、磨矿、浮选、脱水全流程工艺管控，实时监控生产数据，动态调整工艺参数，快速解决现场技术问题，保障连续稳定生产。
2、在研究院专家团队指导下，现场负责技术方案的实施，持续提升萤石精矿品位与回收率，实现降本增效、节能降耗。
3、制定选矿生产技术标准、操作规程及作业指导书，对生产班组开展技术培训、现场指导、操作考核，推动生产标准化落地。
4、按时完成生产报表、试验报告、技术总结，定期向矿区技术负责人及总部汇报生产与优化成果，协助进行现场技术数据分析及实验方案的进行。
三、","1、矿物加工工程、选矿技术等相关专业，本科及以上学历。
2、有3 年及以上萤石矿选矿现场实操经验，精通萤石浮选工艺、药剂配比与流程管控，能独立处理生产技术难题。
3、能长期常驻新疆若羌矿区，适应矿山工作环境，责任心强、执行力强、抗压能力强。
4、熟悉选矿设备原理与基础运维，能独立开展小型选矿试验、数据记录与分析。
5、有中小型萤石选厂技术管理 / 工艺主管经验、持有选矿相关职业资格证书者优先录用。
五：福利待遇
1、薪酬：8-10K/月。
2、生活保障：矿区免费提供宿舍，员工食堂三餐全包。
3、休假政策：每月休息四天可集中倒休，公司提供每年四次探家来往路费。
4、其他福利：缴纳五险一金，每年免费职业健康体检；发放高温补贴、野外作业补贴、节日福利。
 查看全部",JavaScript / CSS / Java / React / PMP / 数据分析 / Go / HTML / jQuery / UG / AI,化工,https://www.liepin.com/a/76422351.shtml
370,猎聘,能源/化工/环保,矿物加工,选矿工艺工程师（售前）,企业,某国内机械/设备公司,100-499人,河北省,唐山,唐山,20-30k,统招本科,5-10年,20260323162727,16薪 / 15薪 / 专业培训,"职责：
1、为客户提供专业、经济、高效的选矿筛分设备选型方案和技术配置建议。
2、做售前技术支持工作，建立客户对公司技术实力的信任。
3、协助或主导进行客户的物料实验，小型试验测试等工作。
4、负责或参与编制技术标书，项目建议书，初步设计方案及其他相关技术文件。
5、与客户建立并维持良好的长期技术合作关系，提示客户满意度和忠诚度。
6、能敏锐收集市场动态、竞争对手产品与技术信息、客户潜在需求等，并及时反馈给公司和销售团队，为市场策略和产品研发提供输入。
教育背景: 本科及以上学历，矿物加工工程专业
培训背景: 矿山筛分设备专业培训
经验: 三年以上市场矿山行业筛分设备销售、市场营销工作经验；
会技术方案的制定，为客户提供专业、经济、高效的选矿筛分设备选型方案和技术配置建议；
可以做售前技术支持，建立客户对公司技术实力的信任；
能协助或主导进行客户的物料实验、小型试验线测试等；
良好的口头及书面表达能力，积极进取、良好的沟通、协调、组织能力； 
高度的工作热情，良好的团队合作精神； 
知识: 1.选矿工艺及振动筛相关知识
 查看全部","2. 如您应聘的岗位属于涉外劳务合作/海外岗位的，请务必核实招聘方对外劳务合作资质取得情况，同时注意自身资金安全，防范招聘欺诈。
 3. 本平台招聘方不向求职者提供任何收费服务。
 查看全部
 相关推荐
 展开
 唐山APP售前支持工程师招聘
 唐山行业售前招聘
 唐山亮化工程师招聘
 唐山国际售前技术工程师招聘
 唐山南方区技术支持招聘
 唐山云网络售前专家招聘
 唐山储能技术助理工程师招聘
 唐山华为T售前工程师招聘
 唐山注册申报技术支持专家招聘
 唐山售前解决方案经理招聘
 唐山海外售前方案招聘
 唐山ATM产品招聘
 唐山数字化方案经理招聘
 唐山钉钉售前负责人招聘
 唐山技术支持组负责人招聘
 唐山AI产品售前顾问招聘
 唐山售前解决方案副总招聘
 唐山项目管理技术支持招聘
 唐山智慧供水售前工程师招聘
 唐山售前顾问招聘
 唐山腾讯云行业售前架构师招聘
 唐山FPD技术支持工程师招聘
 唐山运营商大数据售前专家招聘
 唐山IT售前解决方案专家招聘
 唐山技术支持与产品培训师招聘
 唐山技术选型支持工程师招聘
 唐山解决方案总监招聘
 唐山甘青宁区域招聘
 唐山整场规划招聘
 唐山遥感售前经理招聘
 相关公司
 京津冀钢铁联盟(迁安)分析测试有限公司
 唐山万康机电设备有限公司
 河北省守望农业开发有限公司
 唐山达润上医中医医院有限公司
 唐山万达广场商业物业服务有限公司
 河北快法网络科技有限公司
 唐山市金麦谷利网络科技有限公司
 唐山市赛林达商贸有限公司
 唐山中冶名和房地产开发有限公司
 唐山曹妃甸映美科技有限公司
 易优特(唐山)网络技术有限公司
 唐山市路北区瑞迪思培训学校
 唐山市金嘉物业服务有限公司
 蓝贝酒业集团有限公司
 唐山东方希望金豆动物食品有限公司
 唐山三艺印务有限公司
 热门城市
 北京招聘网
 上海招聘网
 广州招聘网
 厦门招聘网
 杭州招聘网
 郑州招聘网
 南京招聘网
 天津招聘网
 重庆招聘网
 成都招聘网
 苏州招聘网
 商丘招聘网
 大连招聘网
 济南招聘网
 宁波招聘网
 无锡招聘网
 青岛招聘网
 沈阳招聘网
 台州招聘网
 西安招聘网
 武汉招聘网
 周边城市
 石家庄找工作
 保定找工作
 张家口找工作
 承德找工作
 沧州找工作
 廊坊找工作
 衡水找工作
 秦皇岛找工作
 邯郸找工作
 雄安新区找工作
 邢台找工作
 唐山招聘网
 >
 唐山售前技术支持招聘
 >
 选矿工艺工程师（售前）招聘
 收藏职位
 立即沟通
 更新时间：2026-06-10",JavaScript / CSS / Java / 项目管理 / React / PMP / Go / HTML / jQuery / UG / AI,机械/设备,https://www.liepin.com/a/73744909.shtml
371,猎聘,能源/化工/环保,矿物加工,选矿设计工程师,企业,中铁资源集团勘察设计有限公司,100-499人,廊坊-广阳区,廊坊-广阳区,廊坊-广阳区,15-25k,统招本科,5-10年,20260525101159,16薪 / 13薪 / 18薪,：进行项目前期设计准备，编制可行性研究报告，完成选矿初步设计和施工图设计中选矿专业部分，完成图纸会签内校、编制设计总结，处理现场问题，技术交底、图纸会审，标书专业文件编制工作。,"1.掌握金属行业选矿专业相关技术知识，熟悉采矿、矿机、水暖电等相关专业知识；
2. 5年中、大型设计院选矿设计工作经验，熟练使用CAD等软件 具有独立承担较复杂选矿项目的设计工作能力，能解决选矿专业范围内比较复杂的技术问题；
3.有项目经理经验者优先;
4.具有良好的外语水平，参与过大型国际项目者优先；
5.具有注册结构、公用设备、电气等工程师证书者优先。
 查看全部",CSS / React / CAD / PMP / Go / HTML / jQuery / UG / AI,专业技术服务,https://www.liepin.com/job/1982815795.shtml
372,猎聘,能源/化工/环保,矿物加工,选厂技术工程师,企业,神美科技有限公司,100-499人,承德-平泉,承德-平泉,承德-平泉,7-10k,大专,1-3年,20260608153505,社保,"：
1、负责选矿全流程（破碎、磨矿、浮选、磁选、浓缩、过滤）工艺日常管控，监督班组规范操作，及时处理现场工艺异常问题，保障生产线连续稳定运行；
2、跟踪精矿品位、回收率、原矿处理量等核心生产指标，开展工艺优化小试及技改工作，完善工艺操作规程、技术资料及岗位操作标准
3、开展一线员工工艺操作培训，落实生产安全、环保相关技术要求，排查工艺安全隐患；
4、按时统计汇总生产工艺数据、全厂能源消耗数据、生产辅助材料消耗数据，做好每日/每月台账登记；
5、分析数据波动原因，编制生产数据报表、月度技术分析报告，为生产管控、成本管控提供数据支撑；
6、根据生产计划、物料消耗及库存情况，按时编制并上报生产辅料、药剂、备品备件等物资需求计划；
7、按时提交月度工作总结、生产分析报告；配合采购、仓储、化验等部门完成协同工作；完成上级交办的其他技术相关工作。","1、大专及以上，矿物加工、选矿工程、矿业工程等相关专业；
2、有选矿厂现场技术、数据统计、物资提报相关经验者优先。
3、熟悉选矿工艺流程及常用选矿设备；熟练使用Office办公软件，精通Excel数据制表；了解矿山物资申报及能耗统计流程。
4、身体健康，无矿山职业禁忌症，能适应厂区驻厂环境；做事细心严谨，有责任心，具备基础现场问题处理能力。
上班地点
 查看全部",CSS / React / PMP / Go / HTML / jQuery / UG / AI / Excel,石化,https://www.liepin.com/job/1983248695.shtml
373,猎聘,能源/化工/环保,矿物加工,选矿工程师,企业,北京华夏建龙矿业科技有限公司,2000-5000人,承德-承德县,承德-承德县,承德-承德县,15-20k·16薪,本科,5年以上,20250620152621,16薪 / 年终奖金 / 绩效奖金 / 年终奖 / 五险一金 / 13薪 / 五险 / 定期体检 / 14薪,"：
1、负责选矿的生产车间的安全、生产管理工作。
2、负责选矿生产工艺流程的技术管理，确保生产过程的稳定性和高效性。
3、优化选矿工艺参数，提高矿石处理能力和回收率，降低生产成本。
4、参与选矿设备的选型与改进，提升设备运行效率和可靠性。
5、制定并实施生产技术标准和操作规程，保障生产安全和环保要求。
6、组织技术培训，提升团队专业技能和综合素质。
7、负责选厂的信息化管理工作，统筹选矿自动控制研究、安装、维护维修工作。","矿物加工相关专业本科及以上学历，有五年及以上选矿管理经验。
 查看全部",CSS / React / PMP / Go / HTML / jQuery / UG / AI,矿产开采,https://www.liepin.com/job/1975268737.shtml
374,猎聘,能源/化工/环保,矿物加工,选矿工程师,企业,北京华夏建龙矿业科技有限公司,2000-5000人,承德-承德县,承德-承德县,承德-承德县,14-15k,本科,3年以上,20260430082432,16薪 / 18薪 / 13薪 / 周末双休 / 包吃 / 六险一金 / 双休 / 14薪 / 六险,"- 负责选矿生产工艺的设计、优化与落地，结合矿石性质（如品位、粒度、矿物组成）制定合理的破碎、磨矿、浮选、重选、磁选等工艺流程，确保选矿回收率、精矿品位等核心指标达标。
- 日常监控选矿生产过程，排查工艺异常（如磨矿浓度、浮选药剂用量、设备运行参数偏差），及时调整工艺参数，解决生产中的技术难题，降低生产成本、提升生产效率。
- 参与选矿设备的选型、调试与维护指导，结合工艺需求优化设备运行状态，推动设备升级改造，确保设备与工艺匹配度，减少设备故障对生产的影响。
- 负责选矿生产数据的统计、分析，建立工艺台账，定期输出工艺分析报告，提出工艺改进方案并组织实施，持续提升选矿生产的稳定性和经济性。
- 配合实验室开展矿石可选性试验、药剂筛选试验等，为生产工艺调整提供数据支撑；指导一线操作人员规范操作，开展工艺技术培训。
- 遵守矿山安全、环保相关规定，落实工艺环节的安全防护和环保措施，确保生产过程符合安全环保标准。","- 学历：本科及以上，矿物加工工程、选矿工程等相关专业，3年及以上选矿工艺相关工作经验（有金属矿、非金属矿选矿经验者优先）。
- 专业能力：熟练掌握选矿核心工艺（浮选、磁选、重选等），了解不同矿石的可选性特点，能独立完成工艺设计、参数优化和问题排查；熟悉选矿设备的工作原理和操作规范。
- 技能要求：能熟练使用办公软件，具备基础的数据统计和分析能力；会使用选矿工艺相关设计软件者优先。
- 素质要求：具备较强的责任心、问题解决能力和沟通协调能力，能适应矿山现场工作环境，服从工作安排。
- 其他：无职业禁忌，熟悉矿山安全操作规程，持有相关安全证书者优先。
 查看全部",无职业禁忌 / 沟通协调 / CSS / React / UG / PMP / Go / HTML / jQuery / 熟悉矿山安全操作规程 / AI / 能熟练使用办公软件,矿产开采,https://www.liepin.com/job/1982210089.shtml
375,猎聘,能源/化工/环保,矿物加工,球团工艺工程师,企业,唐山瑞丰钢铁(集团)有限公司,5000-10000人,唐山-丰南区,唐山-丰南区,唐山-丰南区,10-20k·13薪,大专,5-10年,20251110143159,节日礼物 / 餐费补贴 / 五险一金 / 13薪 / 五险 / 免费班车 / 定期体检 / 班车,"：
 1、负责球团生产全流程的工艺参数制定、执行与监控，确保生产稳定运行； 
2、分析生产数据，识别工艺瓶颈，制定优化方案，提升球团矿质量和生产效率； 
3、建立球团矿质量管控体系，制定质量标准和检验流程，确保产品符合企业内控标准及高炉要求； 
4、处理生产过程中的质量异常，组织技术分析并制定整改措施，减少质量事故； 
5、参与球团生产线的技改项目，负责方案设计、实施监督及效果评估； 
6、优化生产组织模式，提升设备作业率和球团产量，平衡质量与效率的关系。","1、冶金工程、材料科学与工程、矿物加工工程等相关专业，5年以上钢铁企业铁前球团生产工艺相关工作经验； 
2、掌握球团生产核心技术原理，熟悉原料特性对球团质量的影响规律； 
3、熟悉球团生产相关设备的工作原理，能配合设备部门进行工艺与设备的协同优化； 
4、具备较强的问题解决能力，能快速响应生产异常并制定有效措施； 
5、具有创新意识和技术钻研精神，能主动跟踪行业技术动态并应用于实际生产。 
 查看全部",CSS / React / PMP / Go / HTML / jQuery / UG / AI,矿产开采,https://www.liepin.com/job/1977261223.shtml
376,猎聘,能源/化工/环保,矿物加工,配煤研发岗,企业,旭阳集团,10000人以上,邢台-襄都区,邢台-襄都区,邢台-襄都区,20-30k,博士,经验不限,20250425102022,发展空间大 / 年终奖金 / 带薪年假 / 年终奖 / 五险一金 / 13薪 / 15薪 / 公司规模大 / 通讯津贴 / 五险 / 定期体检 / 双休,"1、负责国内外先进配煤科技成果信息、行业技术发展动态等收集、分析、吸收转化及引进；
2、负责公司煤炭及配煤课题的开发调研、实施、总结和推广应用，参与成果鉴定及验证，进行课题成果申报，寻求对外合作；
3、负责炼焦煤性价比分析研究，推广和应用新技术、新煤种;
4、负责研究生产工艺变化对焦炭质量的影响；
5、负责煤炭技术突破和配煤研究创新。
专业要求：化学工程与工艺、化工类(煤化工方向)、矿物加工、矿业工程(选煤方向)等；博士优先
 查看全部","2. 如您应聘的岗位属于涉外劳务合作/海外岗位的，请务必核实招聘方对外劳务合作资质取得情况，同时注意自身资金安全，防范招聘欺诈。
 3. 本平台招聘方不向求职者提供任何收费服务。
 查看全部
 相关推荐
 展开
 邢台国内项目圆柱规划工程师招聘
 邢台新能源施工项目管理招聘
 邢台电站资产管理运营岗位招聘
 邢台能源项目工程师招聘
 邢台光伏运维管理岗招聘
 邢台光资源评估工程师招聘
 邢台新能源技术项目经理招聘
 邢台质量体系和安全管理岗招聘
 邢台综合能源岗招聘
 邢台能源动力规划岗招聘
 邢台综合能源高级经理招聘
 邢台动力能源管理方向招聘
 邢台充电站工程项目经理招聘
 邢台大储能高级结构工程师招聘
 邢台电力工程施工项目经理招聘
 邢台新能源系统招聘
 邢台碳资源管理招聘
 邢台技术管理向招聘
 邢台原煤驻港工程师招聘
 邢台光伏电站值班长招聘
 邢台光伏运营经理招聘
 邢台资源分析岗招聘
 邢台泛能工程师招聘
 邢台动力能源室主任招聘
 邢台无人机巡检工程师招聘
 邢台双碳管理高级工程师招聘
 邢台能源开发部总经理招聘
 邢台陆上风电项目经理招聘
 邢台资源循环业务负责人招聘
 邢台光伏电站并购总监招聘
 相关公司
 韦纳奇润滑油无锡有限公司
 天津靖达源科技有限公司
 保定市力达塑业有限公司
 新宙邦电子材料
 龙润凯达
 谛倍力
 河北鑫江烛业有限公司
 山东华星石油化工集团有限公司
 邢台欧之杰橡胶制品有限公司
 石化集团
 中国石化青岛石油化工有限责任公司
 东莞太平洋博高润滑油有限公司
 邢台泰斯达化工有限公司
 上海鑫宝煤化能源集团有限公司
 民字投资有限公司
 优科豪马轮胎工业(邢台)有限公司
 赛鼎工程有限公司
 河北新天旗塑胶有限公司
 广东科迪新材料科技有限公司
 中国化学工程集团公司
 天津市津辰化工有限公司
 河北昕越新能源开发有限公司
 国泰颜料
 新河县兆翔工程塑料商贸有限公司
 中机国能炼化工程有限公司
 河北合诚化工有限公司
 空气产品公司
 热门城市
 北京招聘网
 上海招聘网
 广州招聘网
 厦门招聘网
 杭州招聘网
 郑州招聘网
 南京招聘网
 天津招聘网
 重庆招聘网
 成都招聘网
 苏州招聘网
 商丘招聘网
 大连招聘网
 济南招聘网
 宁波招聘网
 无锡招聘网
 青岛招聘网
 沈阳招聘网
 台州招聘网
 西安招聘网
 武汉招聘网
 热门招聘
 北京招聘信息
 上海招聘信息
 广州招聘信息
 厦门招聘信息
 杭州招聘信息
 郑州招聘信息
 南京招聘信息
 天津招聘信息
 重庆招聘信息
 成都招聘信息
 苏州招聘信息
 商丘招聘信息
 大连招聘信息
 济南招聘信息
 宁波招聘信息
 无锡招聘信息
 青岛招聘信息
 沈阳招聘信息
 台州招聘信息
 西安招聘信息
 武汉招聘信息
 邢台招聘网
 >
 邢台能源项目管理招聘
 >
 配煤研发岗招聘
 收藏职位
 立即沟通
 更新时间：2026-05-29",CSS / 项目管理 / React / PMP / Go / HTML / jQuery / UG / AI,石化,https://www.liepin.com/job/1974100641.shtml
377,猎聘,能源/化工/环保,矿物加工,配煤研发工程师(J11129),企业,旭阳集团,10000人以上,保定-定州,保定-定州,保定-定州,5-7k,本科,1年以下,20220527155119,发展空间大 / 年终奖金 / 带薪年假 / 年终奖 / 五险一金 / 公司规模大 / 五险 / 定期体检 / 14薪,"：
1）负责煤炭技术配煤研究及实验设备管理； 
2）负责煤炭及配比数据、信息的收集、分析和处理； 
3）负责国内外先进配煤科技成果信息，行业技术发展动态等收集、分析及处理； 
4）负责公司煤炭及配煤科研项目的开发调研、论证、实施、总结，进行集团各公司项目成果鉴定及验证； 
5）负责新技术和新煤种等的推广和应用；
6）负责配煤结构、库存结构、原料煤采购计划的研究和规划； 
7）监测生产工艺变化对焦炭质量的影响，检查配煤比执行情况。","1）本科及以上学历的应届毕业生，化工、采矿、矿物加工等相关专业，参与过焦化相关课题者及有煤质检验经验者优先； 
2）具有创新思维和一定的科研能力，较强的总结、分析和文字组织能力； 
3）具有一定的英语读写和交流能力，能熟练使用常用数据分析、作图软件； 
4）工作认真、负责，有上进心；具备良好地团队合作精神和团队协作能力； 
5）适合长期出差及同意集团外派到其他省份或国外工作；
6）工作地点：邢台、定州、郓城、呼和浩特、江西。 
 查看全部",CSS / 英语 / React / PMP / 数据分析 / Go / HTML / jQuery / UG / AI,石化,https://www.liepin.com/job/1949991241.shtml
378,猎聘,能源/化工/环保,矿物加工,配煤研发工程师(J11129),企业,旭阳集团,10000人以上,邢台-襄都区,邢台-襄都区,邢台-襄都区,5-7k,本科,1年以下,20220620141309,发展空间大 / 年终奖金 / 带薪年假 / 年终奖 / 五险一金 / 13薪 / 15薪 / 公司规模大 / 五险 / 定期体检,"：
1）负责煤炭技术配煤研究及实验设备管理； 
2）负责煤炭及配比数据、信息的收集、分析和处理； 
3）负责国内外先进配煤科技成果信息，行业技术发展动态等收集、分析及处理； 
4）负责公司煤炭及配煤科研项目的开发调研、论证、实施、总结，进行集团各公司项目成果鉴定及验证； 
5）负责新技术和新煤种等的推广和应用；
6）负责配煤结构、库存结构、原料煤采购计划的研究和规划； 
7）监测生产工艺变化对焦炭质量的影响，检查配煤比执行情况。","1）本科及以上学历的应届毕业生，化工、采矿、矿物加工等相关专业，参与过焦化相关课题者及有煤质检验经验者优先； 
2）具有创新思维和一定的科研能力，较强的总结、分析和文字组织能力； 
3）具有一定的英语读写和交流能力，能熟练使用常用数据分析、作图软件； 
4）工作认真、负责，有上进心；具备良好地团队合作精神和团队协作能力； 
5）适合长期出差及同意集团外派到其他省份或国外工作；
6）工作地点：邢台、定州、郓城、呼和浩特、江西。 
 查看全部",CSS / 英语 / React / PMP / 数据分析 / Go / HTML / jQuery / UG / AI,石化,https://www.liepin.com/job/1949991239.shtml
379,猎聘,能源/化工/环保,矿物加工,贸易经理,企业,力量发展集团有限公司,2000-5000人,秦皇岛-海港区,秦皇岛-海港区,秦皇岛-海港区,10-20k,大专,5-10年,20251224161642,年终奖金 / 带薪年假 / 餐费补贴 / 18薪 / 年终奖 / 五险一金 / 13薪 / 公司规模大 / 五险 / 定期体检 / 14薪,"：
 1.根据部门整体战略，制定并实施贸易计划，确保完成既定贸易目标；
2.负责动力煤、焦煤煤炭贸易市场信息的搜集、分析和反馈；
3.维护并拓展与各大煤矿、煤炭贸易商的长期战略合作关系，保障稳定、优质且成本较优的煤炭资源供应；
4.开发并维护大型电厂、钢厂、化工厂等终端客户关系，深刻理解客户需求，提供定制化的能源解决方案，促成中长期合作；
5.主导开展配煤作业，确保配煤产品质量稳定达标，满足客户技术要求，扩大利润空间。","1.年龄28-40岁，矿物加工、选煤技术、市场营销、国际贸易、物流管理等相关专业优先；
2.5-10年动力煤贸易经验；
3.拥有丰富的上下游及港口、电厂资源，熟悉港口业务；
4.具有丰富的煤炭贸易渠道；
5.具有较强的市场分析、调研能力；
6.有强烈的责任心，诚实守信，有优秀的协调和沟通能力；
7.能够适应出差或异地工作，能吃苦耐劳；
8.廉洁从业，具备优良的道德意识和职业操守。
 查看全部",CSS / React / PMP / Go / HTML / jQuery / UG / AI,矿产开采,https://www.liepin.com/job/1979356429.shtml
380,猎聘,能源/化工/环保,矿物加工,矿山技术工程师,企业,钢诺新材,500-999人,邯郸-广平县,邯郸-广平县,邯郸-广平县,9-15k,统招本科,经验不限,20260324171355,13薪 / 五险 / 六险一金 / 14薪 / 六险,"诚聘【全球矿山研磨技术顾问】--用技术方案定义未来，让你的足迹遍布世界！
我们是谁：一个有全球视野的平台
【我们为你提供】","1.一份有竞争力的薪酬。
2.一个全球工作平台：频繁的国内外差旅机会，让你与全球矿业客户对接，积累宝贵的高端人脉和国际化阅历。
3.一条清晰的专家路径：你可以选择深耕技术，成为公司的“技术专家”；也可以走向管理，担任“技术总监”。
【在这个职位，你将】
1.担任技术顾问：深入国内外大型矿山现场，进行磨矿工况勘查与技术交流，成为客户依赖的研磨专家。
2.提供解决方案：基于对客户矿石属性、磨机型号等，设计的钢球级配与产品选型方案。
3.驱动产品创新：将一线最真实的客户需求和应用数据带回公司，直接参与新产品的研发与迭代，让技术从市场中来，到市场中去。
4.赋能全球团队：为我们的销售团队和全球客户提供技术培训和支持，成为公司技术实力的象征。
【我们期待这样的你】
1.拥有矿物加工工程专业背景。
2.具备良好的沟通表达能力和客户服务意识，乐于并关于解决复杂问题。
3.能适应国内外出差，渴望在专业领域成为受人尊敬的专家。
 查看全部",CSS / PHP / React / PMP / Go / HTML / jQuery / UG / AI,金属制品,https://www.liepin.com/job/1980859031.shtml
381,猎聘,能源/化工/环保,矿物加工,选矿工程师,企业,钢诺新材,500-999人,邯郸-广平县,邯郸-广平县,邯郸-广平县,7-15k,本科,1-3年,20260121083743,管理规范 / 发展空间大 / 18薪 / 技能培训 / 13薪 / 15薪 / 岗位晋升 / 14薪,"：
1.负责市场、客户信息调研与分析；
2.负责为客户制定技术优化方案（选矿及磨矿优化技术方案）；
3.负责跟踪客户使用产品情况；
4.维护与客户之间的合作关系；
5.技术文件编制及员工培训。","1.本科及以上学历；
2.矿物加工相关专业；
3.有1-2年销售经验、售后服务经验或矿山工作经验；
4.良好的抗压能力与自我调节能力。
 查看全部",CSS / React / PMP / Go / HTML / jQuery / UG / AI,金属制品,https://www.liepin.com/job/1951480313.shtml
382,猎聘,能源/化工/环保,矿物加工,销售工艺工程师,企业,唐山陆凯科技有限公司,100-499人,唐山-路北区,唐山-路北区,唐山-路北区,6-10k,本科,经验不限,20251211103258,18薪 / 绩效奖金 / 五险一金 / 全勤奖 / 13薪 / 包吃 / 节日福利 / 周末双休 / 五险 / 双休 / 采暖补贴 / 14薪 / 加班补助,"：
1、负责所辖区域的产品销售任务；
2、负责销售区域内销售活动的策划和执行，完成销售指标；
3、开拓新市场,发展新客户,增加产品销售范围；
4、维护及增进已有客户关系；
5、完成部分技术支持工作,与客户进行技术交流；
6、负责收集市场和行业信息,加深了解。","1、本科及以上学历，矿物加工工程，采矿类，机械类、自动化，市场营销等相关专业应往届毕业生优先考虑；
2、各科成绩优良，通过大学英语四级；
3、具备较强的客户沟通能力和较高的商务处理能力，具有良好的团队协作精神。
4、学习能力强，有挑战精神。",CSS / 英语 / React / PMP / Go / HTML / jQuery / UG / AI / 英语四级,批发/零售,https://www.liepin.com/job/1978941745.shtml
383,猎聘,能源/化工/环保,矿物加工,销售经理,企业,埃里斯克矿山工程机械(北京)有限公司,100-499人,河北省,承德,承德,6-12k,大专,经验不限,20250526160255,16薪 / 节日礼物 / 绩效奖金 / 五险一金 / 13薪 / 五险 / 双休 / 定期体检 / 弹性工作 / 14薪,":
1. 负责一定区域内的矿山机械设备销售及客户跟踪服务，并有较强的客户服务意识和沟通技巧，及时准确地把握客户需求，善于引导客户；
2. 制定和建立市场销售渠道的规划及拓展，开发新客户，巩固旧客户，制定和实施客户关系管理与维护的策略；
3. 在指定区域定期拜访终端客户建立良好的业务关系，树立公司及产品的信心和信誉，讨论并解决存在的问题和解决方案，寻找潜在的商机；
4. 了解客户需求、竞争对手情况、搜集与分析市场信息并及时反馈，制定和及时调整销售策略；
5. 协同技术支持工程师向客户介绍产品，安排产品演示和培训，在设备购买方面向客户提供建议等。","1. 机械类/机械设计制造及其自动化/矿业类/采矿工程/矿物加工工程等相关专业；
2. 了解破碎筛分产品，相关行业工作经验；
3. 具有敏锐的商业和市场意识，较强分析问题及解决问题的能力，极强的工作执行力、具有优秀的资源整合能力和业务推进能力；
4. 具有非常优秀的人际交往能力与沟通表达能力，思维敏捷；
5. 能在压力下工作，具有执行力与分析判断能力；
6. 能够适应经常性出差，身体健康；
7. 熟练运用办公软件、CAD等。
 查看全部",CSS / React / CAD / PMP / Go / HTML / jQuery / UG / AI,机械/设备,https://www.liepin.com/job/1936706449.shtml
384,猎聘,能源/化工/环保,矿物加工,冶金流程研发工程师,企业,北京中科邦普循环科技创新有限公司,50-99人,廊坊-广阳区,廊坊-广阳区,廊坊-广阳区,14-20k,本科,3-5年,20240408164829,发展空间大 / 16薪 / 团队聚餐 / 年终奖金 / 带薪年假 / 领导好 / 节日礼物 / 绩效奖金 / 住房补贴 / 五险一金 / 年终奖 / 13薪 / 18薪 / 15薪 / 五险 / 聚餐 / 定期体检 / 14薪,"：
1、锂离子电池等预处理分选技术开发与实施；
2、进行各类工艺实验工作及工艺开发；
3、针对生产技术问题跟踪处理；
4、负责工艺技术文件的编制及项目结题报告撰写。","1、本科及以上学历，矿物加工、环境工程、冶金工程专业优先考虑； 
2、3 年以上研发工作经验；
3、具备固废/电子废弃物处置或相关工程设计经验者优先；
4、有较强的的团队合作精神和实验操作能力；
5、要适应不定期出差。
 查看全部",CSS / React / PMP / Go / HTML / jQuery / UG / AI,科技推广服务,https://www.liepin.com/job/1966077097.shtml
385,猎聘,能源/化工/环保,矿物加工,选矿工程师,企业,某知名公司,/,河北省,石家庄,石家庄,30-35k,大专,10年以上,20260609102433,/,/,"1、身体健康，50周岁以内，适应矿厂工作。
2、学历：大专以上，专业矿物加工，铅锌银多金属专业，或者从事铅锌银多金属10-15年以上，持有选矿工程师五级以上或者高级工程师。学历证书及专业证书要求可查询。
3、具备指导选矿生产作业和异常问题的分析、解决问题能力。
4、总结：在生产上面起到作用，能够独立做的。
 查看全部",JavaScript / CSS / Java / React / PMP / Go / HTML / jQuery / UG / AI,其他商务服务业,https://www.liepin.com/a/76562623.shtml
386,猎聘,能源/化工/环保,矿物加工,业务助理(J10705),企业,易大宗,5000-10000人,唐山-曹妃甸区,唐山-曹妃甸区,唐山-曹妃甸区,6-9k,/,/,20260608162240,包住,"：
1. 协助业务经理完成焦煤等大宗商品进出口及国内贸易全流程跟进，覆盖询盘报价辅助、合同归档、订单履约跟进、商务对接、收付款节点跟进等环节，保障订单闭环交付；
2. 承担上下游客户、供应商的日常商务沟通对接工作，同步业务进展与供需需求，协调处理履约过程中的常规问题；
3. 负责业务数据统计、台账更新、单据与合同资料归档，协助编制业务经营报表，配合财务部门完成贸易结算、发票管理等配套工作；
4. 收集整理煤炭行业市场行情、供需动态、政策法规等基础信息，配合完成客户维护、商务洽谈、行业展会筹备等辅助工作；
5. 完成部门交办的其他商务支持与日常运营工作。","1. 本科及以上学历，2025/2026 届应届毕业生，矿物加工工程、化学工程与工艺、能源化学工程等；
2. 具备良好的商务沟通、逻辑思维与协调能力，做事严谨细致、责任心强，具备较强的学习能力与抗压能力；
3. 熟练使用 Office 办公软件，了解大宗商品贸易基本流程，在校期间有相关行业实习、商务对接类实践经验者优先；
4. 具备良好的英文听说读写能力，通过大学英语六级者优先。
截止日期：2027年06月01日
招聘人数：2人
 查看全部",CSS / 英语六级 / 德语 / 英语 / React / PMP / Go / HTML / 韩语 / jQuery / UG / AI,贸易/进出口,https://www.liepin.com/lptjob/83036785
387,猎聘,能源/化工/环保,矿物加工,业务管培生,企业,易大宗,5000-10000人,唐山-曹妃甸区,唐山-曹妃甸区,唐山-曹妃甸区,6-10k,/,/,20260324161422,/,"： 
1.负责配煤和煤炭洗选相关工作 
2.负责煤炭采购工作 
3.负责煤炭销售工作","1.洗选加工、矿物加工、材料工程、国际贸易等相关专业 
2.应届生类型，具备校园招聘条件
截止日期：2027年03月24日
招聘人数：3人
 查看全部",CSS / React / PMP / Go / HTML / jQuery / UG / AI,贸易/进出口,https://www.liepin.com/lptjob/81201715
388,猎聘,能源/化工/环保,矿物加工,选矿工程师,企业,黑河洛克矿业开发有限责任公司,100-499人,黑河-逊克县,黑河-逊克县,黑河-逊克县,12-17k·14薪,本科,5年以上,20260424142944,16薪 / 18薪 / 五险一金 / 15薪 / 五险 / 14薪,"岗位内容： 
1. 负责矿山选矿或采矿工艺流程的优化和改进；
2. 制定选矿、采矿技术方案，指导施工现场的实施；
3. 研究新工艺、新工具、新材料等，并组织试验验证；
4. 掌握选矿/采矿设备的性能和参数，制定日常维护保养计划并落实。","1. 矿物加工、采矿工程等相关专业本科及以上学历；
2. 具备5年以上选矿或采矿行业从业经验；
3. 熟知选矿/采矿流程和设备，有丰富的实践经验；
4. 具备较强的组织协调能力和问题解决能力。
 查看全部",CSS / React / PMP / Go / HTML / jQuery / UG / AI,矿产开采,https://www.liepin.com/job/1980931997.shtml
389,猎聘,能源/化工/环保,矿物加工,选矿工程岗(003940),企业,五矿勘查,100-499人,鹤岗-萝北县,鹤岗-萝北县,鹤岗-萝北县,薪资面议,本科,1-3年,20240611103253,发展空间大 / 16薪 / 年终奖金 / 18薪 / 领导好 / 年终奖 / 五险一金 / 13薪 / 15薪 / 公司规模大 / 五险 / 定期体检 / 14薪,":
1、参与选矿加工工作，掌握选矿工艺流程，能对化验数据、工艺系数进行分析监控，跟踪现场选矿流程，处理选矿项目执行过程中遇到的问题，并协助制定可行的选矿加工计划；
2、根据项目的进展及开发安排，参加协助选矿生产线计划、工艺设备调试等工作； 
3、了解选矿技术的发展方向，做好新技术、新工艺的研究及应用； 
4、进行选矿设备和仪器的维护管理等；
5、完成领导交办的其他工作。","1、本科及以上学历，矿物加工、机电相关专业；
2、2年以上选矿一线工作经验，熟悉选矿生产工艺、选矿厂机电设备； 
3、中级职称及以上；
4、熟悉制图软件，独立完成相关设备制图。
 查看全部",CSS / React / PMP / Go / HTML / jQuery / UG / AI,矿产开采,https://www.liepin.com/job/1967582773.shtml
390,猎聘,能源/化工/环保,矿物加工,撰写报告,企业,大庆恒健评价检测有限公司,100-499人,黑龙江省,大庆,大庆,3-7k,大专,经验不限,20251219134116,13薪,":
1. 负责撰写和整理评价检测报告
2. 确保报告的准确性和及时性
3. 与团队成员协作，确保报告质量","1、学历：全日制大专以上学历；（要求全日制，看好再投简历）年龄不限。
2、专业：具有采矿工程，石油工程，矿物加工工程，油气储运工程，矿物资源工程，海洋油气工程采矿业 矿业类、地质地理类、冶金、建材、材料类等相关专业。
3、具有较强的工作能力，良好的团队协作精神。具有扎实的专业基础知识与工作背景优先。
5、工资待遇：基本工资+效益工资 具体薪资面试面谈
6 具备出色的沟通能力，能够有效传达信息，能够在规定时间内完成任务，具有团队合作精神，能够适应快节奏的工作环境。
 查看全部",CSS / React / PMP / Go / HTML / jQuery / UG / AI,环保,https://www.liepin.com/job/1979261131.shtml
391,猎聘,能源/化工/环保,矿物加工,非煤矿山设计师,企业,湖北建科国际工程有限公司,1000-2000人,武汉-江夏区,武汉-江夏区,武汉-江夏区,8-12k,硕士,3-5年,20260602153310,/,"：
1、方案设计：根据矿山条件，完成采矿、选矿等专业的技术方案，编写《初步设计》《安全专篇》等报告；
2、图纸绘制：使用CAD等软件，绘制开拓系统、通风系统、选厂工艺等工程设计图；
3、专业协同：与地质、机电、土建等专业配合，互提设计条件，确保图纸不冲突；
4、现场服务：去矿山实地踏勘，进行图纸技术交底，解决施工中的技术问题；
5、项目支持：编制投标技术文件，协助项目报价和方案汇报。","1、硕士及以上学历，采矿工程、矿物加工工程（选矿）等相关专业；
2、3 年左右非煤矿山（金属 / 非金属 / 建材矿）设计经验，能独立完成开发利用方案、初步设计、安全设施设计；
3、精通采矿方法、开拓运输、通风排水、边坡设计、储量计算，熟悉矿山基建与生产流程；
4、熟练使用AutoCAD（必备）、Surpac/3DMine/Micromine（至少一种）、Office、Excel 计算；
5、熟悉数字矿山系统流程。
 查看全部",CSS / React / CAD / PMP / AutoCAD / Go / HTML / jQuery / UG / AI / Excel,建筑/工程设计,https://www.liepin.com/job/1983060089.shtml
392,猎聘,能源/化工/环保,矿物加工,磷化工工艺工程师,企业,某国内大型化工公司,500-999人,湖北省,荆州,荆州,15-30k,本科,5-7年,20260602103934,/,"：
1、工艺优化与升级改造：熟练分析现有磷化工生产流程（如湿法磷酸、磷矿浮选、磷铵等）中的瓶颈问题，主导制定并实施工艺优化、技术改造及效能提升的方案，负责技改项目的工艺工装设计、验证与改进工作 
2、工艺设计与开发：参与或负责新建或扩建项目（如年产30万吨级磷酸装置）的全流程工艺设计，包括确定工艺方案、审核PFD/PID图纸、进行设备工艺计算与选型针，对关键环节进行专项工艺设计；
3、技术项目管理：领导或参与从技术方案制定、设备安装调试到项目投产的全过程，监督工艺系统的建设与开车，确保项目按时按质完成；
4、技术规范与标准化：编制、更新和维护工艺技术文件，如工艺规程、操作手册、设计规范等，并组织培训，确保工艺标准得到有效执行 ；
5、前沿技术研究：关注行业新技术动态，调研、评估和引进先进的工艺、设备与控制技术，并组织进行中试验证与推广应用。","1、学历与专业：本科及以上学历，化学工程与工艺、无机化工、矿物加工工程（磷矿方向）等相关专业硕士学历或具备深厚项目经验者优先 ；
2、工作经验：具备5年及以上磷化工行业工艺技术、设计或项目管理相关经验。拥有湿法磷酸（二水法/半水法）、磷矿浮选、磷铵（如工业级磷酸一铵）等特定领域经验者优先，有大型项目建设、投产或精益生产经验者更佳；
3、专业技能：
精通化工工艺设计原理，能够独立进行物料衡算、热量衡算及主要设备工艺设计 ，熟练运用至少一种工程设计或模拟软件，如 Aspen Plus、AUTOCAD等 ，熟悉磷化工关键设备的构造、运行原理及选型，了解PLC、DCS等自动控制系统者优先 ；
4、综合能力：具备出色的分析问题与解决问题能力、项目管理和沟通协调能力。拥有强烈的责任心、团队协作精神和持续学习的意愿。
 查看全部",JavaScript / 沟通协调 / CSS / Java / 项目管理 / React / CAD / PMP / AutoCAD / Go / HTML / jQuery / UG / AI,新能源,https://www.liepin.com/a/76297479.shtml
393,猎聘,能源/化工/环保,矿物加工,解决方案工程师（矿冶行业）,企业,中冶南方自动化,100-499人,武汉-江夏区,武汉-江夏区,武汉-江夏区,薪资面议,统招本科,3-5年,20260522084420,外派津贴 / 带薪年假 / 餐费补贴 / 绩效奖金 / 餐补 / 年终奖 / 五险一金 / 交通补助 / 13薪 / 15薪 / 五险 / 定期体检 / 14薪 / 午餐补助,"： 
 1、负责为客户提供矿冶行业的技术解决方案，协助销售团队进行方案设计与客户沟通；
2、深入理解客户需求，结合公司产品与技术优势，制定定制化解决方案；
3、参与项目前期的技术交流、方案宣讲及投标支持工作。","1.本科以上学历，采矿、冶金、矿物加工、自动化、电气等相关专业； 
2.熟悉矿冶行业工艺流程及自动化需求，熟悉选矿、冶金流程； 
3.具有技术方案编制、产品选型支持、行业解决方案设计、现场调试支持经验者优先。
 查看全部",CSS / 项目管理 / React / PMP / Go / HTML / jQuery / UG / AI,工业自动化,https://www.liepin.com/job/1981526859.shtml
394,猎聘,能源/化工/环保,矿物加工,生产管理岗,企业,某知名公司,100-499人,湖北省,武汉,武汉,15-20k,统招本科,3-5年,20260312161526,双休 / 13薪 / 14薪 / 15薪,"：
1.负责编制公司年度、季度和月度生产计划并组织实施；
2.对公司生产、设备、产品质量进行全面管理和考核；
3.负责公司运营及成本的管理、协调、监督、风险管控；
4.公司市场的开拓、数据及信息的收集和分析、市场的监管。","1.本科及以上学历，矿产类、地质类、采矿工程、矿物加工、自然资源类相关专业；
2.3年矿产资源开发利用类工作经验；
3.精通矿产资源管理相关法律法规，熟悉资源开发类项目运作流程，了解生产加工、生产计划、安全管理；
4.良好的组织与协调能力、执行能力、沟通协调能力、公文写作能力;
5.有矿产、土地等专业背景，或有自然资源行业工作经验的人优先。
 查看全部",JavaScript / 沟通协调 / CSS / Java / React / PMP / Go / HTML / jQuery / UG / AI,石化,https://www.liepin.com/a/73311469.shtml
395,猎聘,能源/化工/环保,矿物加工,矿山设计项目助理,企业,永业行,1000-2000人,黄冈-黄州区,黄冈-黄州区,黄冈-黄州区,5-6k,统招本科,1-3年,20260513154239,团队聚餐 / 带薪年假 / 绩效奖金 / 节日礼物 / 公积金 / 优秀员工奖 / 技能培训 / 五险一金 / 产假 / 免费午餐 / 公司规模大 / 五险 / 聚餐 / 定期体检 / 年度旅游 / 生日礼物 / 法定节假日 / 员工体检,"：
1、编制采矿权评估、地质灾害危险性评估、压覆矿产调查、绿色矿山创建、矿产开发利用方案、矿山地质环境恢复治理方案、矿山环境影响评价、矿山治理备用金核查等报告；
2、以各种类型的探矿权、采矿权评估咨询项目为基础，联系并承担矿业权评估咨询代理业务，控制执业风险，成果及时归档；
3、协调主管部门关系，负责业务范围内品牌推广事宜；
4、积极开发潜在客户群，定期整理客户名单，多种方式及时回访和联系客户；
5、完成公司统一安排的中心工作和领导交办的其他具体工作。","1、本科及以上学历；
2、地质学、地质工程、勘查技术与工程、资源勘查工程、采矿工程、矿物加工工程等相关专业；
3、持地质类工程师职称证、矿业权评估师资格证或具有相关行业工作经验者待遇从优；
4、有团队合作精神、善于沟通，具备一定的抗压能力；
5、此职位工作地点固定在黄冈市和鄂州市。
福利政策：
1、“五险一金”制度：包括养老、医疗、生育、工伤和失业保险及住房公积金；
2、二周的春节假：所有员工春节期间享受近2周春节假（不在年休假中）；
3、带薪休年假制度：严格执行国家规定，享受长短不一的带薪休假；
4、法定节假日及婚假、产假、丧假等休息制度，并在重大节日发放过节费；
5、每周五天、每天8小时工作制：工作日提供免费午餐，晚餐。
6、护理假制度：妻子生孩子，配偶员工可申请护理假；
7、员工体检和生日礼物等：定期体检并建立健康档案，生日当月派送生日礼物；
8、关心和帮助家庭困难员工，帮助大龄青年员工解决个人问题；
9、形式多样的技能培训：每年各种技能培训百场次，根据需要选择参加；
10、丰富多彩的文体和拓展活动：按爱好可加入篮球队、足球队、羽毛球队、乒乓球队、文艺队等，每周有训练，不定期比赛，每年内部交流比赛；部门按要求组织员工拓展和旅游活动。
 查看全部",CSS / 项目管理 / React / PMP / Go / HTML / jQuery / UG / AI,专业技术服务,https://www.liepin.com/job/1982504579.shtml
396,猎聘,能源/化工/环保,矿物加工,高级工程师（固废）,企业,武汉中科先进材料科技有限公司,100-499人,武汉-蔡甸区,武汉-蔡甸区,武汉-蔡甸区,15-30k,硕士,3年以上,20260323092224,16薪 / 年终奖金 / 带薪年假 / 绩效奖金 / 节日礼物 / 餐费补贴 / 年终奖 / 五险一金 / 13薪 / 周末双休 / 15薪 / 五险 / 免费班车 / 定期体检 / 双休 / 班车 / 14薪 / 提供住宿,"1. 负责固废无害化与资源化技术研发，包括分选、提纯、有价元素（磷、硅、钙、镁等）回收、协同处置及“三废”治理等工艺设计与开发。
2. 开展固废资源化前沿技术调研与工艺放大研究，主导小试、中试及产业化技术转化。
3. 参与制定项目技术路线与实施规划，组织技术评审、方案优化及项目落地推进。
4. 负责设备选型、技术协议编制及工艺图纸审核。
5. 统筹技术团队工作，协调内外部资源，确保项目按期高质量完成。
6. 完成公司交办的其他研发与技术支持任务。","1. 矿物加工、化工、材料、冶金、环境工程等相关专业硕士及以上学历。
2. 具有3年以上固废资源化项目经验，熟悉分选、提纯、有价元素提取等工艺，具备固废处理项目全流程经验者优先。
3. 具备较强的技术研发与工程化能力，能独立解决工艺与工程实际问题。
4. 具备良好的学习能力、执行力及团队协作精神，能适应多任务协作与项目压力。
5. 具有高级工程师职称者优先。
 查看全部",CSS / React / PMP / Go / HTML / jQuery / UG / AI,专业技术服务,https://www.liepin.com/job/1980383737.shtml
397,猎聘,能源/化工/环保,矿物加工,选矿工程师（磷矿）,企业,新洋丰农业,5000-10000人,荆门-东宝区,荆门-东宝区,荆门-东宝区,11-22k,统招本科,3-5年,20260610111633,发展空间大 / 五险一金 / 13薪 / 公司规模大 / 通讯津贴 / 免费班车 / 定期体检 / 五险 / 班车 / 提供住宿,"：
1.负责制定并实施磷矿选矿工艺计划，并对现有工艺进行分析和改进；
2.负责编制选矿设备操作规程，并对设备进行维护和保养；
3.负责对选矿现场进行安全和环保巡查，确保选矿作业的安全性和环保性；
4.负责收集并整理选矿过程中的技术数据，为工艺改进提供数据支持；
5.与生产团队紧密合作，解决工艺中出现的问题，并确保工艺的顺利执行。","1.本科或以上学历，采矿工程、矿物加工工程等相关专业；
2.3年以上磷矿选矿工作经验，具有丰富的选矿工艺设计和现场操作经验；
3.熟悉磷矿的物理、化学和工程特性，具备一定的技术研究能力；
4.有较好的沟通表达能力和抗压能力；
5.条件优秀者，可面议薪酬。
 查看全部",CSS / React / PMP / Go / HTML / jQuery / UG / AI,农/林/牧/渔,https://www.liepin.com/job/1979338615.shtml
398,猎聘,能源/化工/环保,矿物加工,肥业分公司总经理,企业,湖北省黄麦岭控股集团有限公司,1000-2000人,孝感-大悟县,孝感-大悟县,孝感-大悟县,12-15k,统招本科,5-10年,20260605165702,发展空间大 / 团队建设 / 带薪年假 / 餐费补贴 / 绩效奖金 / 18薪 / 优秀员工奖 / 五险一金 / 社保 / 13薪 / 公司规模大 / 五险 / 免费班车 / 定期体检 / 班车 / 14薪,"：
1..战略规划与生产管理
制定磷酸及衍生品（如磷酸一铵、二铵等）的年度/中长期生产战略，优化产能布局与资源配置。
统筹磷酸生产线全流程管理（原料处理、反应合成、浓缩净化等），确保产能、质量、成本目标达成。
主导新技术、新工艺引进与工业化落地（如湿法磷酸净化、磷石膏综合利用等）。
2.技术升级与研发协同
推动磷酸生产工艺节能降耗、环保升级，降低硫/磷资源消耗，提升副产品附加值。
协同研发团队开发高纯磷酸、特种磷酸盐等高端产品线，支持集团磷化工产业链延伸。
3.安全环保合规体系
建立全流程HSE管理体系，确保符合国家《危化品安全管理条例》《排污许可标准》等法规。
主导重大风险预案制定与应急处理，实现“零重大事故、零环保处罚”目标。
4.成本控制与供应链优化
监控磷矿、硫磺等关键原料市场波动，建立战略采购与库存管控机制。
通过工艺优化、设备技改降低单位能耗与物耗，年降本目标≥5%。
5.团队建设与跨部门协同
培养核心技术骨干团队，建立精益生产文化。
联动市场、销售部门提供技术支持，协助高端客户定制化解决方案。","1.统招本科及以上学历，化学工程与工艺、无机化工、矿物加工等相关专业，化工工程师及以上职称。年龄30-45岁，特别优秀可适当放宽。
2.10年以上磷化工行业经验，其中5年以上磷酸/磷铵类产品生产管理经验（规模≥50万吨/年）。
3.有头部磷化工企业（如云天化、贵州磷化、新洋丰等）生产高管经历者优先。
4.精通湿法磷酸生产工艺（二水法/半水法）、设备选型及技术改造。
5.熟悉磷石膏资源化利用技术路线（建材、制酸等）。
 查看全部",CSS / React / PMP / Go / HTML / jQuery / UG / AI,化工,https://www.liepin.com/job/1981003267.shtml
399,猎聘,能源/化工/环保,矿物加工,安全工程师,企业,江苏远善新材料实业有限公司,100-499人,黄冈-黄州区,黄冈-黄州区,黄冈-黄州区,6-12k·13薪,大专,3-5年,20260320183111,13薪 / 18薪 / 15薪,"1）学历及专业要求：大专及以上学历，安全工程、环境工程、化工化学工程、材料工程等相关专业。
2）3年以上工厂安全管理经验。有矿物加工、精细化工、新材料生产行业经验者优先。
3）必须持有注册安全工程师证书。熟悉安全生产法律法规、环保标准、职业健康管理体系。
4）熟悉危险化学品特性及应急处置方法，掌握各种危险化学品的使用和管理要求。
5）熟悉ISO45001职业健康安全管理体系、安全生产标准化建设，能够搭建和优化安全管理体系。
6）熟练使用办公软件，具备良好的文档编写能力（如安全报告、整改方案）。
年龄：25-40岁
 查看全部","2. 如您应聘的岗位属于涉外劳务合作/海外岗位的，请务必核实招聘方对外劳务合作资质取得情况，同时注意自身资金安全，防范招聘欺诈。
 3. 本平台招聘方不向求职者提供任何收费服务。
 查看全部
 相关推荐
 展开
 黄冈质量安全管理招聘
 黄冈南矿安环科安全岗招聘
 黄冈高级健康与安全经理招聘
 黄冈化工安防专家SECURITYADVISOR招聘
 黄冈高级安保主管招聘
 黄冈环境安全专员招聘
 黄冈公司安全管理员招聘
 黄冈物流安全技术管理招聘
 黄冈技术安全总监助理招聘
 黄冈高级安全技术顾问招聘
 黄冈安全信息管理经理招聘
 黄冈环境工程事业部总经理招聘
 黄冈安全与健康高级主管招聘
 黄冈总部EHS高级经理招聘
 黄冈EHS环安卫工程师招聘
 黄冈环保与职业健康工程师招聘
 黄冈园区安全管理员招聘
 黄冈运管部安全员招聘
 黄冈安环高级经理招聘
 黄冈土建安全主管招聘
 黄冈装备安全部经理招聘
 黄冈工艺过程安全专家招聘
 黄冈设备安全电气专员招聘
 黄冈安全管理项目专员招聘
 黄冈办公室安全保卫岗招聘
 黄冈区域安全运营专家岗招聘
 黄冈运力运营安全监察招聘
 黄冈安全管理中心经理招聘
 黄冈安全生产管理部门课长招聘
 黄冈基地安环部长招聘
 相关公司
 武汉鑫天泽石业有限公司
 湖北锦宇管桩建材有限责任公司
 江苏远善新材料实业有限公司
 贺州市耀德粉体有限公司
 北京建海国际防水新材料有限公司
 武汉科努斯新材料有限公司
 热门城市
 北京招聘网
 上海招聘网
 广州招聘网
 厦门招聘网
 杭州招聘网
 郑州招聘网
 南京招聘网
 天津招聘网
 重庆招聘网
 成都招聘网
 苏州招聘网
 商丘招聘网
 大连招聘网
 济南招聘网
 宁波招聘网
 无锡招聘网
 青岛招聘网
 沈阳招聘网
 台州招聘网
 西安招聘网
 武汉招聘网
 热门招聘
 北京招聘信息
 上海招聘信息
 广州招聘信息
 厦门招聘信息
 杭州招聘信息
 郑州招聘信息
 南京招聘信息
 天津招聘信息
 重庆招聘信息
 成都招聘信息
 苏州招聘信息
 商丘招聘信息
 大连招聘信息
 济南招聘信息
 宁波招聘信息
 无锡招聘信息
 青岛招聘信息
 沈阳招聘信息
 台州招聘信息
 西安招聘信息
 武汉招聘信息
 黄冈招聘网
 >
 黄冈环境/健康/安全管理招聘
 >
 安全工程师招聘
 收藏职位
 立即沟通
 更新时间：2026-06-10",CSS / React / PMP / Go / HTML / jQuery / UG / AI,非金属矿物制品,https://www.liepin.com/job/1980731181.shtml
400,猎聘,能源/化工/环保,矿物加工,选矿工程师,企业,新洋丰农业,5000-10000人,荆门-东宝区,荆门-东宝区,荆门-东宝区,11-22k,统招本科,3-5年,20260610111643,发展空间大 / 五险一金 / 13薪 / 公司规模大 / 通讯津贴 / 免费班车 / 定期体检 / 五险 / 班车 / 提供住宿,"：
1.负责制定并实施磷矿选矿工艺计划，并对现有工艺进行分析和改进；
2.负责编制选矿设备操作规程，并对设备进行维护和保养；
3.负责对选矿现场进行安全和环保巡查，确保选矿作业的安全性和环保性；
4.负责收集并整理选矿过程中的技术数据，为工艺改进提供数据支持；
5.与生产团队紧密合作，解决工艺中出现的问题，并确保工艺的顺利执行。","1.本科或以上学历，采矿工程、矿物加工工程等相关专业；
2.3年以上磷矿选矿工作经验，具有丰富的选矿工艺设计和现场操作经验；
3.熟悉磷矿的物理、化学和工程特性，具备一定的技术研究能力；
4.有较好的沟通表达能力和抗压能力；
5.条件优秀者，可面议薪酬。
 查看全部",CSS / React / PMP / Go / HTML / jQuery / UG / AI,农/林/牧/渔,https://www.liepin.com/job/1967632749.shtml
401,猎聘,能源/化工/环保,矿物加工,磷化工工艺工程师,企业,某成都化工上市公司,10000人以上,荆州-松滋,荆州-松滋,荆州-松滋,16-25k,统招本科,经验不限,20260610091225,13薪 / 14薪,"：
1、工艺优化与升级改造：熟练分析现有磷化工生产流程（如湿法磷酸、磷矿浮选、磷铵等）中的瓶颈问题，主导制定并实施工艺优化、技术改造及效能提升的方案，负责技改项目的工艺工装设计、验证与改进工作 
2、工艺设计与开发：参与或负责新建或扩建项目（如年产30万吨级磷酸装置）的全流程工艺设计，包括确定工艺方案、审核PFD/PID图纸、进行设备工艺计算与选型针，对关键环节进行专项工艺设计；
3、技术项目管理：领导或参与从技术方案制定、设备安装调试到项目投产的全过程，监督工艺系统的建设与开车，确保项目按时按质完成；
4、技术规范与标准化：编制、更新和维护工艺技术文件，如工艺规程、操作手册、设计规范等，并组织培训，确保工艺标准得到有效执行 ；
5、前沿技术研究：关注行业新技术动态，调研、评估和引进先进的工艺、设备与控制技术，并组织进行中试验证与推广应用。","1、学历与专业：本科及以上学历，化学工程与工艺、无机化工、矿物加工工程（磷矿方向）等相关专业硕士学历或具备深厚项目经验者优先 ；
2、工作经验：具备5年及以上磷化工行业工艺技术、设计或项目管理相关经验。拥有湿法磷酸（二水法/半水法）、磷矿浮选、磷铵（如工业级磷酸一铵）等特定领域经验者优先，有大型项目建设、投产或精益生产经验者更佳；
3、专业技能：
精通化工工艺设计原理，能够独立进行物料衡算、热量衡算及主要设备工艺设计 ，熟练运用至少一种工程设计或模拟软件，如 Aspen Plus、AUTOCAD等 ，熟悉磷化工关键设备的构造、运行原理及选型，了解PLC、DCS等自动控制系统者优先 ；
4、综合能力：具备出色的分析问题与解决问题能力、项目管理和沟通协调能力。拥有强烈的责任心、团队协作精神和持续学习的意愿。
 查看全部",JavaScript / 沟通协调 / CSS / Java / 项目管理 / React / CAD / PMP / AutoCAD / Go / HTML / jQuery / UG / AI,化工,https://www.liepin.com/a/73916677.shtml
402,猎聘,能源/化工/环保,矿物加工,分公司/代表处负责人,企业,某国内大型化工公司,1000-2000人,湖北省,孝感,孝感,15-25k,本科,5-10年,20260610175551,16薪 / 年终奖金 / 绩效奖金 / 年终奖 / 五险一金 / 交通补助 / 13薪 / 15薪 / 公司规模大 / 六险一金 / 五险 / 双休 / 团队建设 / 六险,"：
1..战略规划与生产管理
制定磷酸及衍生品（如磷酸一铵、二铵等）的年度/中长期生产战略，优化产能布局与资源配置。
统筹磷酸生产线全流程管理（原料处理、反应合成、浓缩净化等），确保产能、质量、成本目标达成。
主导新技术、新工艺引进与工业化落地（如湿法磷酸净化、磷石膏综合利用等）。
2.技术升级与研发协同
推动磷酸生产工艺节能降耗、环保升级，降低硫/磷资源消耗，提升副产品附加值。
协同研发团队开发高纯磷酸、特种磷酸盐等高端产品线，支持集团磷化工产业链延伸。
3.安全环保合规体系
建立全流程HSE管理体系，确保符合国家《危化品安全管理条例》《排污许可标准》等法规。
主导重大风险预案制定与应急处理，实现“零重大事故、零环保处罚”目标。
4.成本控制与供应链优化
监控磷矿、硫磺等关键原料市场波动，建立战略采购与库存管控机制。
通过工艺优化、设备技改降低单位能耗与物耗，年降本目标≥5%。
5.团队建设与跨部门协同
培养核心技术骨干团队，建立精益生产文化。
联动市场、销售部门提供技术支持，协助高端客户定制化解决方案。","1.统招本科及以上学历，化学工程与工艺、无机化工、矿物加工等相关专业，化工工程师及以上职称。年龄30-45岁，特别优秀可适当放宽。
2.10年以上磷化工行业经验，其中5年以上磷酸/磷铵类产品生产管理经验（规模≥50万吨/年）。
3.有头部磷化工企业（如云天化、贵州磷化、新洋丰等）生产高管经历者优先。
4.精通湿法磷酸生产工艺（二水法/半水法）、设备选型及技术改造。
5.熟悉磷石膏资源化利用技术路线（建材、制酸等）。
 查看全部",JavaScript / CSS / Java / 英语 / React / PMP / Go / HTML / jQuery / UG / AI,化工,https://www.liepin.com/a/74793389.shtml
403,猎聘,能源/化工/环保,矿物加工,大宗贸易业务总监,企业,道智源科技,1-49人,武汉-洪山区,武汉-洪山区,武汉-洪山区,8-15k·13薪,大专,5-10年,20260417104840,做事踏实靠谱 / 绩效奖金 / 聚餐 / 高度的责任心和良好的职业操守6.加分项：持有驾照 / 下游化肥 / 团建 / 发展空间大 / 节日礼物 / 五险一金 / 13薪 / 制定团队内部管理制度 / 对公司忠诚。 / 五险 / 定期体检 / 供应链管理 / 供应链运作模式及相关法律法规 / 具备矿石类 / 矿物加工 / 团队聚餐 / 年终奖金,"：
1.业务全流程管理：负责矿石类、贵金属类、新能源车辆等品类贸易业务的全流程操作，管控合同跟进、单证制作、质量检验、物流跟踪、货款结算等各环节落地执行
2.风险管控：全面管控业务全流程风险，包括货权风险、质量风险、资金风险、合规风险等，保障业务安全运营
3.资源拓展与维护：维护与供应商、客户、物流商、监管机构等各方的良好合作关系，持续拓展行业优质资源
4.突发问题处理：协调解决业务执行过程中的各类突发问题，如品质异议、物流延误、回款逾期等
5.档案管理：负责业务档案的整理、归档和管理，确保业务资料完整可查
6.市场分析：跟踪各品类市场行情、政策动态、上下游供需变化，定期提交市场分析报告，为业务决策提供数据支持
7.团队管理：带领3-5人业务团队，制定年度/季度业务目标，拆解至个人并监督执行，确保完成团队业绩指标
8.制度建设与人才培养：制定团队内部管理制度、业务流程和考核标准，负责下属的招聘、培训、绩效考核和能力提升
9.其他工作：完成上级交办的其他专项工作，配合公司完成相关业务协同。","1.基本条件：大专及以上学历，供应链管理、国际贸易、矿物加工、化工、市场营销等相关专业优先
2.行业经验：熟悉大宗商品贸易规则、供应链运作模式及相关法律法规，具备矿石类/贵金属类行业市场从业经验者优先
3.能力要求：具备2年以上业务执行、单证处理、数据统计核算、合作方关系维护相关工作经验
4.综合素质：具备优秀的沟通协调能力、商务谈判能力及问题解决能力
5.工作适配：能够适应高频次出差，具备较强的抗压能力、高度的责任心和良好的职业操守
6.加分项：持有驾照，或拥有磷矿资源、下游化肥/化工客户资源者优先
7.团队意识强、做事踏实靠谱、对公司忠诚。
 查看全部",沟通协调 / CSS / 日语 / 团队管理 / React / 英语 / PMP / Go / HTML / jQuery / UG / AI,新能源汽车,https://www.liepin.com/job/1980475109.shtml
404,猎聘,能源/化工/环保,矿物加工,磷化工工艺工程师（技术研发方向）,企业,某武汉咨询服务公司,/,湖北省,荆州,荆州,15-25k,统招本科,10年以上,20260606111156,五险 / 五险一金 / 13薪 / 14薪,"：
1、工艺优化与升级改造：熟练分析现有磷化工生产流程（如湿法磷酸、磷矿浮选、磷铵等）中的瓶颈问题，主导制定并实施工艺优化、技术改造及效能提升的方案，负责技改项目的工艺工装设计、验证与改进工作 
2、工艺设计与开发：参与或负责新建或扩建项目（如年产30万吨级磷酸装置）的全流程工艺设计，包括确定工艺方案、审核PFD/PID图纸、进行设备工艺计算与选型针，对关键环节进行专项工艺设计 ；
3、技术项目管理：领导或参与从技术方案制定、设备安装调试到项目投产的全过程，监督工艺系统的建设与开车，确保项目按时按质完成；
4、技术规范与标准化：编制、更新和维护工艺技术文件，如工艺规程、操作手册、设计规范等，并组织培训，确保工艺标准得到有效执行 ；
5、前沿技术研究：关注行业新技术动态，调研、评估和引进先进的工艺、设备与控制技术，并组织进行中试验证与推广应用。","1、年龄与学历：45岁以下，本科及以上学历，化学工程与工艺、无机化工、矿物加工工程（磷矿方向）等相关专业
2、工作经验：具备5年及以上磷化工行业工艺技术、设计或项目管理相关经验。拥有湿法磷酸（二水法/半水法）、磷矿浮选、磷铵（如工业级磷酸一铵）等特定领域经验者优先，有大型项目建设、投产或精益生产经验者更佳；
3、专业技能：
精通化工工艺设计原理，能够独立进行物料衡算、热量衡算及主要设备工艺设计 ，熟练运用至少一种工程设计或模拟软件，如 Aspen Plus、AUTOCAD等 
，熟悉磷化工关键设备的构造、运行原理及选型，了解PLC、DCS等自动控制系统者优先 ；
4、综合能力：具备出色的分析问题与解决问题能力、项目管理和沟通协调能力。拥有强烈的责任心、团队协作精神和持续学习的意愿 。
 查看全部",JavaScript / 沟通协调 / CSS / Java / 项目管理 / React / CAD / PMP / AutoCAD / Go / HTML / jQuery / UG / AI,咨询服务,https://www.liepin.com/a/71811777.shtml
405,猎聘,能源/化工/环保,矿物加工,生产系统高级储备干部（985/211毕业）,企业,新洋丰农业,5000-10000人,荆门-东宝区,荆门-东宝区,荆门-东宝区,8-20k,本科,经验不限,20251211093000,发展空间大 / 餐费补贴 / 国际知名优势 / 领导好 / 包住 / 技能培训 / 五险一金 / 13薪 / 节日福利 / 15薪 / 公司规模大 / 五险 / 免费班车 / 定期体检 / 班车 / 岗位晋升 / 14薪,从事磷复合肥、精细化工、新能源材料生产工艺、自动化等方面管理工作。,"1.统招本科及以上学历，化学工程与工艺、化学工程、化学、应用化学、能源化学工程、精细化工、无机化学、材料化学、分析化学、有机化学、物理化学、矿物加工工程等相关专业；必须为985/211院校毕业；年龄30岁以下。
2.良好的沟通表达能力，专业性强，较好的学习能力、团队协作能力；
3.遵纪守法，诚实守信，品行端正，无不良记录。",CSS / 项目管理 / React / PMP / Go / HTML / jQuery / UG / AI,农/林/牧/渔,https://www.liepin.com/job/1979065255.shtml
406,猎聘,能源/化工/环保,矿物加工,磷化工技术工程师,企业,湖北祥云(集团)化工股份有限公司,2000-5000人,湖北省,黄冈,黄冈,薪资面议,本科,3-5年,20250809151957,发展空间大 / 餐补 / 绩效奖金 / 扁平管理 / 五险一金 / 交通补助 / 13薪 / 公司规模大 / 五险 / 上市公司 / 定期体检 / 岗位晋升 / 午餐补助,"岗位内容：
1.负责磷化工生产工艺技术分析与优化（包括湿法磷酸生产、磷矿选矿、磷铵等生产流程）。
2.识别生产过程中的瓶颈问题，提出并实施工艺改进方案。
3.参与生产工艺的技术改造与创新项目。","1.本科及以上学历，具有磷化工研究方向者优先。化学工程与工艺、无机化工、应用化学、矿物加工工程（磷矿方向优先）等相关专业。
2.3-5年及以上磷化工行业相关技术工作经验（根据岗位级别可调整）
熟悉磷矿浮选、湿法磷酸、磷酸一铵（工业级/农业级）、磷酸二铵等生产工艺。
3.具备较强的工艺分析和技术优化能力。
4.有实际生产问题解决经验者优先。
 查看全部",CSS / React / PMP / Go / HTML / jQuery / UG / AI,化工,https://www.liepin.com/job/1976373625.shtml
407,猎聘,能源/化工/环保,矿物加工,高级储备干部（985/211毕业）,企业,新洋丰农业,5000-10000人,荆门-东宝区,荆门-东宝区,荆门-东宝区,8-10k,本科,经验不限,20250721105144,发展空间大 / 餐费补贴 / 国际知名优势 / 领导好 / 包住 / 技能培训 / 五险一金 / 13薪 / 节日福利 / 公司规模大 / 五险 / 免费班车 / 定期体检 / 双休 / 班车 / 岗位晋升 / 14薪,从事磷复合肥、精细化工、新能源材料生产工艺、自动化等方面管理工作。,"1.统招本科及以上学历，化学工程与工艺、化学工程、化学、应用化学、能源化学工程、精细化工、无机化学、材料化学、分析化学、有机化学、物理化学、矿物加工工程、自动化等相关专业；985/211院校毕业；年龄30岁以下。
2.良好的沟通表达能力，专业性强，较好的学习能力、团队协作能力；
3.遵纪守法，诚实守信，品行端正，无不良记录。",CSS / 项目管理 / React / PMP / Go / HTML / jQuery / UG / AI,农/林/牧/渔,https://www.liepin.com/job/1975540825.shtml
408,猎聘,能源/化工/环保,矿物加工,粉体设计工程师,企业,中国化学工程第六建设有限公司,5000-10000人,武汉-江夏区,武汉-江夏区,武汉-江夏区,10-15k,本科,5年以上,20260225142147,16薪 / 年终奖金 / 带薪年假 / 绩效奖金 / 节日礼物 / 团队聚餐 / 优秀员工奖 / 年终奖 / 五险一金 / 交通补助 / 13薪 / 15薪 / 通讯津贴 / 五险 / 定期体检 / 聚餐 / 饮料 / 14薪,"：
1.参与项目前期接洽，独立编制工艺、布置技术方案，配合编制投标文件，参与完成项目投标工作；
2.负责项目专业设计任务，负责对外、对内的组织协调工作，并对项目的进度、质量、费用进行管理、控制和负责；
3.进行工艺技术方案比选，独立确定工艺技术方案，确定工艺流程。
4.负责粉体设备的计算、确定设备规格及技术要求、编制设备数据表；
5.负责提出土建、电气、电信、给排水、仪表、设备、材控等专业条件，编制控制方案及主要联锁说明；
6.配合其他专业如建筑、结构、管道、设备、仪表、电气、给排水等专业的设计工作，并进行有效的沟通；
7.编制询价文件，参与技术交流，签订技术协议，协助进行采购工作；
8.负责设计文件现场交底工作，处理施工、试运转中的设计问题，负责设计项目的现场开车工作。","1.统招本科及以上学历，矿物加工工程、机械、化工机械相关专业，具备扎实的基础知识；
2.中级工程师及以上职称，具有一级建造师证书为佳（一建非强制要求）；
3.五年以上石油化工、煤化工等中大型设计院工作经验；
4.熟悉石油化工行业、煤化工行业标准规范，并进行合理运用；
5.熟练应用AutoCAD、PDJCAD等专业软件，熟练使用PDMS软件为佳（PDMS非强制要求），具备粉体工程工艺、布置方案编制能力，设备选型和计算能力；
6.熟练应用Office日常办公软件；
7.英语熟练、具有良好的听、说、读、写能力，能作为工作语言者佳；
8.工作认真负责、责任心强、有团队精神、执行力强。
 查看全部",CSS / 项目管理 / 英语 / React / CAD / PMP / AutoCAD / Go / HTML / jQuery / UG / AI,工程施工,https://www.liepin.com/job/1980397859.shtml
409,猎聘,能源/化工/环保,矿物加工,地质类 英文学术期刊助理编辑 ∙ 武汉（光谷）,企业,MDPI,1000-2000人,武汉-洪山区,武汉-洪山区,武汉-洪山区,11-28k,硕士,经验不限,20250625085409,团队聚餐 / 13薪 / 六险一金 / 双休 / 定期体检 / 聚餐 / 岗位晋升 / 六险,"1. 负责联系专家学者，组织稿件的同行评审，确保稿件的同行评审及时完成；
2. 编排和处理稿件，确保稿件格式正确，及时发表；
3. 与期刊主编，编委成员，作者及审稿人建立良好沟通，确保期刊正常运作，稿件顺利及时发表；
4. 关注期刊学科领域内的研究进展，协助期刊责任编辑完成期刊发展目标。
二、","1. 地质工程，勘查技术与工程，资源勘查工程，矿业工程，采矿工程，石油工程，矿物加工工程，油气储运工程或相关专业背景；
2. 硕士博士优先；
3. 英语六级；
4. 熟练office办公软件；
5. 学习能力强，能适应公司高强度职业培训，例如：参加职业培训讲座和一对一导师培训管理。
 查看全部",CSS / 英语六级 / 英语 / React / PMP / Go / HTML / jQuery / UG / AI,新闻和出版业,https://www.liepin.com/job/1975342721.shtml
410,猎聘,能源/化工/环保,矿物加工,（磷石膏）选矿研究员,企业,新洋丰农业,5000-10000人,荆门-东宝区,荆门-东宝区,荆门-东宝区,10-12k,硕士,1-3年,20250221155025,18薪 / 16薪 / 13薪 / 14薪,"1.硕士及以上学历，矿物加工相关专业，具备磷石膏综合利用技术研究经验优先
2.按时完成领导安排的试验和检测工作，保证试验结果的准确性和可重复性","3.及时整理和上报试验数据，保证试验数据真实可靠；
4.、参与制定新产品开发的实施方案并参与新产品小样制作工作和实验数据整理工作，关注检测方法的变化，并管理小试样品的存放；
5.负责相关试验器材的正常运行和维护；
6..掌握材料性能检测和产品质量控制的基本知识，具有研究和开发新材料、新工艺的初步能力;
7.掌握材料加工的基本知识，具有正确选择设备进行材料研究、材料设计、材料研制的初步能力;
8.熟练掌握材料测试的仪器使用；
 查看全部",CSS / React / PMP / Go / HTML / jQuery / UG / AI,农/林/牧/渔,https://www.liepin.com/job/1964361507.shtml
411,猎聘,能源/化工/环保,矿物加工,矿业类 英文学术期刊助理编辑 ∙ 武汉（光谷）,企业,MDPI,1000-2000人,武汉-洪山区,武汉-洪山区,武汉-洪山区,11-28k,硕士,经验不限,20250625085419,团队聚餐 / 六险一金 / 双休 / 定期体检 / 聚餐 / 岗位晋升 / 六险,"1. 负责联系专家学者，组织稿件的同行评审，确保稿件的同行评审及时完成；
2. 编排和处理稿件，确保稿件格式正确，及时发表；
3. 与期刊主编，编委成员，作者及审稿人建立良好沟通，确保期刊正常运作，稿件顺利及时发表；
4. 关注期刊学科领域内的研究进展，协助期刊责任编辑完成期刊发展目标。
二、","1. 采矿工程，石油工程，矿物加工工程，油气储运工程，矿物资源工程，海洋油气工程等专业背景；
2. 硕士博士优先；
3. 英语六级；
4. 熟练office办公软件；
5. 学习能力强，能适应公司高强度职业培训，例如：参加职业培训讲座和一对一导师培训管理。
 查看全部",CSS / 英语六级 / 英语 / React / PMP / Go / HTML / jQuery / UG / AI,新闻和出版业,https://www.liepin.com/job/1975342703.shtml
412,猎聘,能源/化工/环保,矿物加工,材料研发工程师,企业,平安电工,2000-5000人,咸宁-通城县,咸宁-通城县,咸宁-通城县,8-15k,硕士,经验不限,20260416093213,发展空间大 / 年终奖金 / 绩效奖金 / 年终奖 / 交通补助 / 13薪 / 15薪 / 公司规模大 / 通讯津贴 / 岗位晋升 / 14薪 / 提供住宿,"：
1.负责云母材料或特种纤维及相关制品的应用研发、工艺开发、性能优化等；
2.开展材料结构与性能测试，并进行数据分析，完成实验报告与技术文档；
3.参与产品中试放大与工艺迭代，协助解决研发及生产过程中的技术问题；","1.硕士及以上学历，无机非金属材料、矿物加工、高分子、纺织工程等相关专业；
2.熟悉无机材料或特种纤维制品的制备工艺与表征方法，具备扎实的实验设计 、数据分析及问题解决能力；
3.工作细致认真，具备良好的团队协作和沟通能力，能适应研发项止工作节奏；
4. 有云母材料 或特种纤维材料研发经验优先。
 查看全部",CSS / React / PMP / 数据分析 / Go / HTML / jQuery / UG / AI,非金属矿物制品,https://www.liepin.com/job/1980818045.shtml
413,猎聘,能源/化工/环保,矿物加工,科研设计,企业,某武汉大型矿产开采公司,500-999人,武汉-武昌区,武汉-武昌区,武汉-武昌区,10-15k,统招本科,经验不限,20260330160425,13薪 / 14薪,"采矿工程、矿物加工工程
控制科学与工程
流体力学
计算机科学与技术、软件工作
电气工程与自动化、自动化
动力工程及工程热物理
地质工程、地球信息科学与技术
遥感科学与技术
材料专业
 查看全部","2. 如您应聘的岗位属于涉外劳务合作/海外岗位的，请务必核实招聘方对外劳务合作资质取得情况，同时注意自身资金安全，防范招聘欺诈。
 3. 本平台招聘方不向求职者提供任何收费服务。
 查看全部
 相关推荐
 展开
 武汉电气化设计招聘
 武汉空调电气工程师招聘
 武汉系统电气高级工程师招聘
 武汉电气验证高级工程师招聘
 武汉电气自动化实习工程师招聘
 武汉电气设计高工招聘
 武汉微电网电气工程师招聘
 武汉厂房电气工程师招聘
 武汉应届电气工程师招聘
 武汉窑炉电气工程师招聘
 武汉线路电气工程师招聘
 武汉机械手电气工程师招聘
 武汉无人车电子工程师招聘
 武汉发电车电气工程师招聘
 武汉电梯电气工程师招聘
 武汉电仪工工程师招聘
 武汉电气建模仿真工程师招聘
 武汉产品开发电气工程师招聘
 武汉燃料电池电气工程师招聘
 武汉动力部电力高级工程师招聘
 武汉高级电气工程项目主管招聘
 武汉微电网系统高级工程师招聘
 武汉电力科长招聘
 武汉非标设备电气设计工程师招聘
 武汉储能系统电气设计工程师招聘
 武汉电气类管培生招聘
 武汉电气集成经理招聘
 武汉电仪工段长招聘
 武汉电气PLC软件设计工程师招聘
 武汉高压维护招聘
 相关公司
 武汉阅道文化科技有限公司
 武汉幸福纪元文化传媒有限公司
 武汉泰斗中医门诊有限公司
 武汉星喆医疗器械有限公司
 武汉中飞扬测控工程有限公司
 武汉沙格医疗科技有限公司
 湖北众创合源实业有限公司
 厦门科拓通讯技术股份(武汉)控股有限公司
 武汉兰曲医药科技有限公司
 亦品空间设计(武汉)有限公司
 益海嘉里(武汉)粮油工业有限公司
 武汉光驰教育科技股份有限公司
 佳源集团
 湖北中城乡香樾房地产开发有限公司
 武汉烽巢人力资源服务有限公司
 湖北极星科技有限公司
 热门城市
 北京招聘网
 上海招聘网
 广州招聘网
 厦门招聘网
 杭州招聘网
 郑州招聘网
 南京招聘网
 天津招聘网
 重庆招聘网
 成都招聘网
 苏州招聘网
 商丘招聘网
 大连招聘网
 济南招聘网
 宁波招聘网
 无锡招聘网
 青岛招聘网
 沈阳招聘网
 台州招聘网
 西安招聘网
 武汉招聘网
 周边城市
 黄冈找工作
 咸宁找工作
 随州找工作
 恩施州找工作
 黄石找工作
 十堰找工作
 宜昌找工作
 襄阳找工作
 鄂州找工作
 荆门找工作
 孝感找工作
 荆州找工作
 武汉招聘网
 >
 武汉电气工程师招聘
 >
 科研设计招聘
 收藏职位
 立即沟通
 更新时间：2026-05-12",JavaScript / CSS / Java / React / PMP / Go / HTML / jQuery / UG / AI,矿产开采,https://www.liepin.com/a/74040153.shtml
414,猎聘,能源/化工/环保,矿物加工,副总经理,企业,湖北地矿投资集团有限公司,100-499人,武汉-武昌区,武汉-武昌区,武汉-武昌区,20-40k,本科,8年以上,20260311090754,16薪 / 年终奖金 / 带薪年假 / 绩效奖金 / 年终奖 / 五险一金 / 13薪 / 15薪 / 五险 / 14薪,":
1.负责研究宏观经济、行业政策和市场动态，为战略决策提供依据；
2.协助总经理制定中长期规划及经营战略；对公司战略目标进行分解，推动公司战略调整、落地执行；对出资公司战略进行指导和监督；
3.统筹建立全公司生产管理体系，督导实体公司制定矿山及其他项目生产管理制度；
4.统筹建立全公司安环管理体系，督导各分子公司完善安环体系建设；
5.根据公司年度预算及核心财务指标，结合公司战略发展，统筹公司各部门及分子公司编制年度经营目标计划，根据分子公司行业性质，制定季度和月度经营目标并监督考核；
6.统筹公司市场开发、渠道拓展、销售经营工作；
7.统筹公司所有项目工程建设及推进、工程质量、设备管理、成本管控、生产任务的管理工作。","1.中共党员优先，本科学历，企业管理、化工、材料、矿物加工、机械、自动化等相关专业优先；
2.在规模企业，具备8年以上生产运营管理经验，具备矿产资源行业同等职位经验者优先；
3.具备优秀的领导力、团队管理能力、创新能力、沟通协调能力和决策能力；有强烈的责任心、敬业精神和成就动机。
 查看全部",沟通协调 / CSS / 项目管理 / 团队管理 / React / CAD / PMP / Go / HTML / jQuery / UG / AI,房地产开发经营,https://www.liepin.com/job/1980819029.shtml
415,猎聘,能源/化工/环保,矿物加工,高级采矿工程师,企业,湖北建科国际工程有限公司矿业分公司,50-99人,武汉-洪山区,武汉-洪山区,武汉-洪山区,15-25k·13薪,本科,1-3年,20251030153907,13薪 / 15薪,"采矿工程、矿物加工专业为主。能在采矿领域方面从事矿区开发规划。矿山（露天、井下）设计、矿山安全技术及工程设计、监察、生产技术管理科学研究的高等工程技术人才（建材冶金方向），具有设计院经验者优先。
 查看全部","2. 如您应聘的岗位属于涉外劳务合作/海外岗位的，请务必核实招聘方对外劳务合作资质取得情况，同时注意自身资金安全，防范招聘欺诈。
 3. 本平台招聘方不向求职者提供任何收费服务。
 查看全部
 相关推荐
 展开
 武汉采矿工程师助理招聘
 武汉采矿设计高级工程师招聘
 武汉采矿工程高级工程师招聘
 武汉采矿总工程师招聘
 武汉采矿工艺工程师招聘
 武汉交付采矿高级工程师招聘
 武汉充填工程师招聘
 武汉矿管工程师招聘
 武汉采矿技术岗招聘
 武汉采矿选矿工程师招聘
 武汉采矿工程设计师招聘
 武汉助理采矿工程师招聘
 武汉充填采矿工程师招聘
 武汉矿山开采高级工程师招聘
 武汉采选工程岗招聘
 武汉采矿副矿长招聘
 武汉采矿工程总监招聘
 武汉磷矿总工程师招聘
 武汉地采项目矿长招聘
 武汉采煤机技术工程师电气工程师招聘
 武汉尾矿库工程师招聘
 武汉采选工程师招聘
 武汉矿山运营管理岗招聘
 武汉矿山基建工程师招聘
 武汉煤矿生产工程师招聘
 武汉采掘副总工程师招聘
 武汉矿山工程管理人员招聘
 武汉矿山生产管理招聘
 武汉矿区生产副总招聘
 武汉矿业管理岗招聘
 相关公司
 毕马威企业咨询(中国)有限公司武汉分公司
 陕西双羊企业管理有限公司
 锐仕方达(北京)人力资源顾问有限公司无锡分公司
 湖北嘉裕熙宸企业管理咨询有限公司
 武汉德毅天材科技开发有限公司
 上海延龙餐饮服务有限公司
 中国国旅(武汉)国际旅行社有限公司
 武汉市登巅文化传媒有限公司
 武汉承坤教育科技有限公司
 顶点广告(广州)有限公司
 湖北银河建筑工程有限责任公司
 武汉白鲨文化传媒有限公司
 德沃联行
 上海阿博茨科技有限公司
 北京清亦华知识产权代理事务所(普通合伙)
 杭州纵深赋能科技有限公司
 常州凌峰润源电力工程设计有限公司
 广东粤港澳大湾区国家纳米科技创新研究院
 热门城市
 北京招聘网
 上海招聘网
 广州招聘网
 厦门招聘网
 杭州招聘网
 郑州招聘网
 南京招聘网
 天津招聘网
 重庆招聘网
 成都招聘网
 苏州招聘网
 商丘招聘网
 大连招聘网
 济南招聘网
 宁波招聘网
 无锡招聘网
 青岛招聘网
 沈阳招聘网
 台州招聘网
 西安招聘网
 武汉招聘网
 热门招聘
 北京招聘信息
 上海招聘信息
 广州招聘信息
 厦门招聘信息
 杭州招聘信息
 郑州招聘信息
 南京招聘信息
 天津招聘信息
 重庆招聘信息
 成都招聘信息
 苏州招聘信息
 商丘招聘信息
 大连招聘信息
 济南招聘信息
 宁波招聘信息
 无锡招聘信息
 青岛招聘信息
 沈阳招聘信息
 台州招聘信息
 西安招聘信息
 武汉招聘信息
 武汉招聘网
 >
 武汉采矿工程师招聘
 >
 高级采矿工程师招聘
 收藏职位
 立即沟通
 更新时间：2026-05-22",CSS / React / PMP / Go / HTML / jQuery / UG / AI,专业技术服务,https://www.liepin.com/job/1965312831.shtml
416,猎聘,能源/化工/环保,矿物加工,采矿工程师,企业,湖北建科国际工程有限公司矿业分公司,50-99人,武汉-洪山区,武汉-洪山区,武汉-洪山区,8-13k·13薪,硕士,1-3年,20251030153922,13薪 / 14薪,"采矿工程、矿物加工专业为主。能独立完成开发利用方案、矿山初步设计安全设施设计、平硐溜井等专项工程设计者优先。
 查看全部","2. 如您应聘的岗位属于涉外劳务合作/海外岗位的，请务必核实招聘方对外劳务合作资质取得情况，同时注意自身资金安全，防范招聘欺诈。
 3. 本平台招聘方不向求职者提供任何收费服务。
 查看全部
 相关推荐
 展开
 武汉采矿工程师助理招聘
 武汉采矿设计高级工程师招聘
 武汉采矿工程高级工程师招聘
 武汉采矿总工程师招聘
 武汉采矿工艺工程师招聘
 武汉交付采矿高级工程师招聘
 武汉充填工程师招聘
 武汉矿管工程师招聘
 武汉采矿技术岗招聘
 武汉采矿选矿工程师招聘
 武汉采矿工程设计师招聘
 武汉助理采矿工程师招聘
 武汉充填采矿工程师招聘
 武汉矿山开采高级工程师招聘
 武汉采选工程岗招聘
 武汉采矿副矿长招聘
 武汉采矿工程总监招聘
 武汉磷矿总工程师招聘
 武汉地采项目矿长招聘
 武汉采煤机技术工程师电气工程师招聘
 武汉尾矿库工程师招聘
 武汉采选工程师招聘
 武汉矿山运营管理岗招聘
 武汉矿山基建工程师招聘
 武汉煤矿生产工程师招聘
 武汉采掘副总工程师招聘
 武汉矿山工程管理人员招聘
 武汉矿山生产管理招聘
 武汉矿区生产副总招聘
 武汉矿业管理岗招聘
 相关公司
 毕马威企业咨询(中国)有限公司武汉分公司
 陕西双羊企业管理有限公司
 锐仕方达(北京)人力资源顾问有限公司无锡分公司
 湖北嘉裕熙宸企业管理咨询有限公司
 武汉德毅天材科技开发有限公司
 上海延龙餐饮服务有限公司
 中国国旅(武汉)国际旅行社有限公司
 武汉市登巅文化传媒有限公司
 武汉承坤教育科技有限公司
 顶点广告(广州)有限公司
 湖北银河建筑工程有限责任公司
 武汉白鲨文化传媒有限公司
 德沃联行
 上海阿博茨科技有限公司
 北京清亦华知识产权代理事务所(普通合伙)
 杭州纵深赋能科技有限公司
 常州凌峰润源电力工程设计有限公司
 广东粤港澳大湾区国家纳米科技创新研究院
 热门城市
 北京招聘网
 上海招聘网
 广州招聘网
 厦门招聘网
 杭州招聘网
 郑州招聘网
 南京招聘网
 天津招聘网
 重庆招聘网
 成都招聘网
 苏州招聘网
 商丘招聘网
 大连招聘网
 济南招聘网
 宁波招聘网
 无锡招聘网
 青岛招聘网
 沈阳招聘网
 台州招聘网
 西安招聘网
 武汉招聘网
 热门招聘
 北京招聘信息
 上海招聘信息
 广州招聘信息
 厦门招聘信息
 杭州招聘信息
 郑州招聘信息
 南京招聘信息
 天津招聘信息
 重庆招聘信息
 成都招聘信息
 苏州招聘信息
 商丘招聘信息
 大连招聘信息
 济南招聘信息
 宁波招聘信息
 无锡招聘信息
 青岛招聘信息
 沈阳招聘信息
 台州招聘信息
 西安招聘信息
 武汉招聘信息
 武汉招聘网
 >
 武汉采矿工程师招聘
 >
 采矿工程师招聘
 收藏职位
 立即沟通
 更新时间：2026-05-22",CSS / React / PMP / Go / HTML / jQuery / UG / AI,专业技术服务,https://www.liepin.com/job/1965312337.shtml
417,猎聘,能源/化工/环保,矿物加工,装修设计师,企业,嘉兴新模文化传媒有限公司,1-49人,舟山-定海区,舟山-定海区,舟山-定海区,5-6k,大专,1-3年,20240314152804,16薪 / 18薪 / 13薪 / 15薪 / 双休 / 14薪,"精装设计职位已暂停招聘_猎聘
 该职位已暂停招聘
 投递了该职位的人还查看了
 基础模型算法工程师 - LLM Post-training 100-130k·15薪
 某大型知名电子商务公司 D轮及以上
 上海-徐汇区
 3-5年
 硕士
 张女士
 ·
 猎头顾问
 大模型LLM算法工程师 60-90k·15薪
 某北京大型云计算/大数据公司 D轮及以上
 北京
 经验不限
 统招本科
 王女士
 ·
 SC
 大模型数据工程师（LLM） 60-90k
 某知名公司 融资未公开
 北京
 3年以上
 统招本科
 单女士
 ·
 资深顾问(SC)
 大语言模型算法工程师 30-50k·13薪
 某北京人工智能上市公司 已上市
 北京-朝阳区
 2-7年
 硕士
 宋女士
 ·
 招聘
 售前技术支持（数据中心） 20-21k·13薪
 申菱环境 已上市
 佛山-顺德区
 3年以上
 统招本科
 杨女士
 ·
 HRBP
 算法工程师-大语言模型 30-60k·13薪
 某上海互联网公司 战略融资
 北京
 3年以上
 硕士
 陈女士
 ·
 猎头顾问
 算法开发岗（大语言模型强化学习）--25/25届博士 50-70k·15薪
 某知名通信设备上市公司 已上市
 深圳
 经验不限
 博士
 靳女士
 ·
 新媒体运营专员
 LLM算法工程师 40-70k·16薪
 某杭州大型计算机软件公司 D轮及以上
 北京
 3-6年
 硕士
 梁女士
 ·
 猎头顾问
 数据融合算法工程师 18-35k·14薪
 润光智能(深圳)有限公司 A轮
 深圳
 3-5年
 硕士
 郭先生
 ·
 CHO
 区域销售代表 8-15k
 深圳市鑫海腾邦资讯科技有限公司 融资未公开
 深圳-南山区
 1-3年
 大专
 张女士
 数据中心售前工程师 10-13k
 华胜天成 已上市
 北京
 3-5年
 本科
 任先生
 ·
 售前工程师
 大数据售前解决方案 15-25k
 中国电子云 战略融资
 重庆-江北区
 5年以上
 本科
 王女士
 ·
 人力经理
 大模型数据工程师（LLM） 50-80k·16薪
 某北京人工智能公司 融资未公开
 北京
 经验不限
 学历不限
 董先生
 ·
 助理总经理/总助(高管级)
 NLP/大语言模型/多模态算法工程师 30-50k
 某苏州IT服务公司 A轮
 苏州
 3-5年
 本科
 何女士
 ·
 猎头顾问/助理
 大语言模型算法专家 30-60k·16薪
 某杭州互联网上市公司 已上市
 北京
 3年以上
 本科
 郑先生
 ·
 猎头
 数据售前工程师 20-30k·14薪
 同花顺财经 已上市
 杭州
 3-10年
 本科
 鲍先生
 ·
 Team leader
 售前技术支持（数据中心） 20-21k·13薪
 申菱环境 已上市
 佛山-顺德区
 3年以上
 本科
 戴女士
 ·
 HRBP
 高级销售工程师 8-12k·14薪
 上海帷斡信息技术有限公司 
 上海
 3-5年
 大专
 李先生
 ·
 人事经理
 大语言模型算法(NLP) 30-50k
 某苏州IT服务公司 A轮
 上海-徐汇区
 3-5年
 硕士
 赵女士
 ·
 猎头
 大数据运维工程师 15-21k
 上海华钦信息科技股份有限公司 战略融资
 北京-朝阳区
 3-5年
 本科
 李女士
 ·
 人事经理
 LLM算法工程师 45-65k·15薪
 某北京在线社交/媒体公司 B轮
 北京
 2-7年
 硕士
 张先生
 ·
 资深顾问
 产品经理 14-22k
 山东衡昊信息技术有限公司 融资未公开
 烟台-莱山区
 5-10年
 本科
 任先生
 ·
 人力资源总监
 语音LLM算法工程师 30-50k·13薪
 某北京人工智能上市公司 已上市
 北京-朝阳区
 2-7年
 硕士
 宋女士
 ·
 招聘
 JAVA开发工程师 双休 6-12k
 太原福莱瑞达物流设备科技有限公司 融资未公开
 太原-小店区
 经验不限
 统招本科
 杨女士
 ·
 HRBP
 大语言模型算法工程师 50-80k·18薪
 某武汉大型IT服务公司 
 北京
 5-10年
 本科
 陈女士
 ·
 合伙人
 售前技术经理 10-18k
 山东衡昊信息技术有限公司 融资未公开
 烟台-莱山区
 3-5年
 统招本科
 任先生
 ·
 人力资源总监
 数据融合算法工程师 30-60k
 宏银信息 已上市
 上海
 5-10年
 本科
 李女士
 ·
 HR
 数据架构师 35-50k
 京东物流 已上市
 北京-大兴区
 3-5年
 学历不限
 梁先生
 销售经理 5-10k
 辽宁货速达网络科技有限公司 
 大连-沙河口区
 3-5年
 学历不限
 张先生
 ·
 hrm
 医疗数据市场经理 16-20k
 上海影禾医脉智能科技有限公司 B轮
 上海-徐汇区
 3-5年
 统招本科
 吴先生
 ·
 数据运营部总监",/,CSS / Java / React / CAD / PMP / 算法 / HTML / jQuery / UG / AI,培训服务,https://www.liepin.com/job/1965477395.shtml
418,猎聘,能源/化工/环保,矿物加工,肥业分公司总经理,企业,某国内大型化工公司,1000-2000人,孝感-大悟县,孝感-大悟县,孝感-大悟县,14-18k,统招本科,5-10年,20260408133754,团队建设,"：
1..战略规划与生产管理
制定磷酸及衍生品（如磷酸一铵、二铵等）的年度/中长期生产战略，优化产能布局与资源配置。
统筹磷酸生产线全流程管理（原料处理、反应合成、浓缩净化等），确保产能、质量、成本目标达成。
主导新技术、新工艺引进与工业化落地（如湿法磷酸净化、磷石膏综合利用等）。
2.技术升级与研发协同
推动磷酸生产工艺节能降耗、环保升级，降低硫/磷资源消耗，提升副产品附加值。
协同研发团队开发高纯磷酸、特种磷酸盐等高端产品线，支持集团磷化工产业链延伸。
3.安全环保合规体系
建立全流程HSE管理体系，确保符合国家《危化品安全管理条例》《排污许可标准》等法规。
主导重大风险预案制定与应急处理，实现“零重大事故、零环保处罚”目标。
4.成本控制与供应链优化
监控磷矿、硫磺等关键原料市场波动，建立战略采购与库存管控机制。
通过工艺优化、设备技改降低单位能耗与物耗，年降本目标≥5%。
5.团队建设与跨部门协同
培养核心技术骨干团队，建立精益生产文化。
联动市场、销售部门提供技术支持，协助高端客户定制化解决方案。","1.统招本科及以上学历，化学工程与工艺、无机化工、矿物加工等相关专业，化工工程师及以上职称。年龄30-45岁，特别优秀可适当放宽。
2.10年以上磷化工行业经验，其中5年以上磷酸/磷铵类产品生产管理经验（规模≥50万吨/年）。
3.有头部磷化工企业（如云天化、贵州磷化、新洋丰等）生产高管经历者优先。
4.精通湿法磷酸生产工艺（二水法/半水法）、设备选型及技术改造。
5.熟悉磷石膏资源化利用技术路线（建材、制酸等）。
 查看全部",JavaScript / CSS / Java / React / PMP / Go / HTML / jQuery / UG / AI,化工,https://www.liepin.com/a/74376807.shtml
419,猎聘,能源/化工/环保,矿物加工,浮选研发工程师,企业,富邦股份,500-999人,湖北省,武汉,武汉,20-30k,博士,经验不限,20251117113512,发展空间大 / 领导好 / 技能培训 / 13薪 / 岗位晋升,"1、不断创新，开发新产品、新材料、新工艺，并形成核心竞争力；
2、为产品销售及应用性能提供技术支持及服务；
3、负责编写新产品研发报告，编写新产品生产工艺标准，小试中试验报告等；
4、负责所有研发原始数据、资料、图片、记录的整 理、保存、归档工作，并履行保密义务；
5、负责研发试验用器具、设备仪器、样品、药品的管理。
6、撰写编制公司产品技术说明书。
7、完成上级下达的其他工作任务等。
 查看全部","2. 如您应聘的岗位属于涉外劳务合作/海外岗位的，请务必核实招聘方对外劳务合作资质取得情况，同时注意自身资金安全，防范招聘欺诈。
 3. 本平台招聘方不向求职者提供任何收费服务。
 查看全部
 相关推荐
 展开
 武汉化工行业顾问招聘
 武汉煤气净化工艺工程师招聘
 武汉甲醇催化剂研发工程师招聘
 武汉有机硅树脂高级研发经理招聘
 武汉化学材料校招管培生招聘
 武汉化工技术人员招聘
 武汉乙撑胺工程师招聘
 武汉化工设计员招聘
 武汉化工实习招聘
 武汉化工装备工程师招聘
 武汉气化设计工程师招聘
 武汉生物催化研究员招聘
 武汉工艺放大技术员招聘
 武汉气化高级工程师招聘
 武汉磷化工生产部经理招聘
 武汉化学合成研发主管招聘
 武汉电极工艺开发工程师招聘
 武汉高级电镀研发工程师招聘
 武汉户外绝缘浇注料方向招聘
 武汉海外资深化工设计师招聘
 武汉资深金属研发工程师招聘
 武汉OLED中间体研发招聘
 武汉聚酰亚胺研发工程师招聘
 武汉聚氨酯泡棉研发工程师招聘
 武汉合成胶研究所所长招聘
 武汉研发定向生招聘
 武汉圣奥化学招聘
 武汉化工合成招聘
 武汉液晶研发招聘
 武汉DCS技术员招聘
 相关公司
 武汉华俄激光工程有限公司
 云南硕诚园林绿化工程有限公司
 园林股份
 浙江庆渔堂科技有限公司
 卜蜂(中国)生物科技有限公司
 大伟嘉股份
 咸宁市咸安区大深蓝养殖有限公司
 福建省养心草开发有限公司
 北京瑞莱星光电科技有限公司
 湖北白鹿春实业股份公司
 中水首创
 武汉博思智农科技有限公司
 丰岛控股集团有限公司
 奥格生物技术(上海)有限公司
 格林凯尔
 新疆芳香庄园酒业有限公司
 康地中国
 盛德农兴
 湖北谷瑞特生物技术有限公司
 春华秋实
 武汉民族科技饲料有限公司
 河南艾格多科技集团有限公司
 湖北城隆市政园林设计研究有限公司
 广东腾骏药业股份有限公司
 武汉国英种业有限责任公司
 欧维力生(山东)动物营养品有限公司
 湖北农业发展集团有限公司
 武汉天楚生物科技有限公司
 热门城市
 北京招聘网
 上海招聘网
 广州招聘网
 厦门招聘网
 杭州招聘网
 郑州招聘网
 南京招聘网
 天津招聘网
 重庆招聘网
 成都招聘网
 苏州招聘网
 商丘招聘网
 大连招聘网
 济南招聘网
 宁波招聘网
 无锡招聘网
 青岛招聘网
 沈阳招聘网
 台州招聘网
 西安招聘网
 武汉招聘网
 热门招聘
 北京招聘信息
 上海招聘信息
 广州招聘信息
 厦门招聘信息
 杭州招聘信息
 郑州招聘信息
 南京招聘信息
 天津招聘信息
 重庆招聘信息
 成都招聘信息
 苏州招聘信息
 商丘招聘信息
 大连招聘信息
 济南招聘信息
 宁波招聘信息
 无锡招聘信息
 青岛招聘信息
 沈阳招聘信息
 台州招聘信息
 西安招聘信息
 武汉招聘信息
 武汉招聘网
 >
 武汉化工研发招聘
 >
 浮选研发工程师招聘
 收藏职位
 立即沟通
 立即应聘
 更新时间：2026-06-05",CSS / 英语 / React / PMP / FMEA / Go / HTML / jQuery / UG / AI,农/林/牧/渔,https://www.liepin.com/job/1975764495.shtml
420,猎聘,能源/化工/环保,矿物加工,化工工艺工程师,企业,湖北远善新材料有限公司,1-49人,黄冈-黄州区,黄冈-黄州区,黄冈-黄州区,5-10k·13薪,本科,1-3年,20260321093808,五险一金 / 13薪 / 15薪 / 五险 / 14薪,"1、学历及专业要求：本科及以上学历，化学化工工程、机械制造工程、安全管理工程等专业。
2、从事过材料工程与工艺的研发、化工设备与装置的设计与制造。
3、熟悉化工相关材料的工艺设计及研发。熟悉化工材料制造设备的单元设计与研发，熟悉相关设备的技术参数要求，如：酸洗、氯化、焙烧、反应等设备。
4、有矿物加工、化工材料的生产或化工行业设计院经验者优先。
5、参与过酸洗、高温生产线、精细化工行业工设计者优先。
 查看全部","2. 如您应聘的岗位属于涉外劳务合作/海外岗位的，请务必核实招聘方对外劳务合作资质取得情况，同时注意自身资金安全，防范招聘欺诈。
 3. 本平台招聘方不向求职者提供任何收费服务。
 查看全部
 相关推荐
 展开
 黄冈化工高级工艺工程师招聘
 黄冈化工工艺及管道工程师招聘
 黄冈化工合成工艺工程师招聘
 黄冈化工工艺工程师招聘
 黄冈IA工艺工程师招聘
 黄冈核级泵工艺工程师招聘
 黄冈初级化工工艺工程师招聘
 黄冈化工工艺管理招聘
 黄冈化工工艺设计软件实施顾问招聘
 黄冈电镍工艺工程师招聘
 黄冈产品工艺资深工程师招聘
 黄冈化工分离研发工程师招聘
 黄冈太阳能工艺工程师招聘
 黄冈颜料工程师招聘
 黄冈化工工艺经理招聘
 黄冈涂碳工艺工程师招聘
 黄冈工艺工程师顾问招聘
 黄冈扩散板工艺工程师招聘
 黄冈丝网印刷工艺工程师招聘
 黄冈水性漆涂装工艺工程师招聘
 黄冈艺术涂料工艺工程师招聘
 黄冈粉体材料工艺工程师招聘
 黄冈化工研发项目管理招聘
 黄冈硫酸工程师招聘
 黄冈粉末静电喷涂工艺工程师招聘
 黄冈化学应届生招聘
 黄冈淋涂工程师招聘
 黄冈商业化项目工程师招聘
 黄冈工艺流程设计师招聘
 黄冈酶解研发工程师招聘
 相关公司
 湖北铭普光通科技有限公司武汉分公司
 东莞市创芯半导体有限公司
 湖北远善新材料有限公司
 瑞声光电
 德业股份
 武汉市新创力电子科技有限公司
 天玖隆科技
 深圳市速易宝智能科技有限公司
 郑州创恒电子科技有限公司
 上海银晓科技有限公司
 山东省博兴县锐驰节能科技有限公司
 福建浩蓝光电有限公司
 华为终端有限公司
 中国电子系统技术有限公司
 深圳市双振电子有限公司
 北京凯视达科技股份有限公司
 东莞市泽昊实业有限公司
 以诺通讯
 天地伟业
 莱宝高科
 湖北富仕通科技有限公司
 广州极飞科技股份有限公司
 深圳市新北环电子科技有限公司
 凯耀照明
 热门城市
 北京招聘网
 上海招聘网
 广州招聘网
 厦门招聘网
 杭州招聘网
 郑州招聘网
 南京招聘网
 天津招聘网
 重庆招聘网
 成都招聘网
 苏州招聘网
 商丘招聘网
 大连招聘网
 济南招聘网
 宁波招聘网
 无锡招聘网
 青岛招聘网
 沈阳招聘网
 台州招聘网
 西安招聘网
 武汉招聘网
 热门招聘
 北京招聘信息
 上海招聘信息
 广州招聘信息
 厦门招聘信息
 杭州招聘信息
 郑州招聘信息
 南京招聘信息
 天津招聘信息
 重庆招聘信息
 成都招聘信息
 苏州招聘信息
 商丘招聘信息
 大连招聘信息
 济南招聘信息
 宁波招聘信息
 无锡招聘信息
 青岛招聘信息
 沈阳招聘信息
 台州招聘信息
 西安招聘信息
 武汉招聘信息
 黄冈招聘网
 >
 黄冈化工工艺工程师招聘
 >
 化工工艺工程师招聘
 收藏职位
 立即沟通
 更新时间：2026-04-03",CSS / 项目管理 / React / PMP / Go / HTML / jQuery / UG / AI,电子/半导体/集成电路,https://www.liepin.com/job/1981130265.shtml
421,猎聘,能源/化工/环保,矿物加工,磷化工技术工程师,企业,湖北祥云(集团)化工股份有限公司,2000-5000人,黄冈-武穴,黄冈-武穴,黄冈-武穴,薪资面议,本科,3-5年,20250809083910,16薪 / 年终奖金 / 子女福利 / 技能培训 / 优秀员工奖 / 五险一金 / 年终奖 / 13薪 / 15薪 / 公司规模大 / 五险 / 免费班车 / 年度旅游 / 班车 / 岗位晋升 / 提供住宿,"岗位内容：
1.负责磷化工生产工艺技术分析与优化（包括湿法磷酸生产、磷矿选矿、磷铵等生产流程）。
2.识别生产过程中的瓶颈问题，提出并实施工艺改进方案。
3.参与生产工艺的技术改造与创新项目。","1.本科及以上学历，具有磷化工研究方向者优先。化学工程与工艺、无机化工、应用化学、矿物加工工程（磷矿方向优先）等相关专业。
2.3-5年及以上磷化工行业相关技术工作经验（根据岗位级别可调整）
熟悉磷矿浮选、湿法磷酸、磷酸一铵（工业级/农业级）、磷酸二铵等生产工艺。
3.具备较强的工艺分析和技术优化能力。
4.有实际生产问题解决经验者优先。
 查看全部",CSS / React / PMP / Go / HTML / jQuery / UG / AI,化工,https://www.liepin.com/job/1976369861.shtml
422,猎聘,能源/化工/环保,矿物加工,有色行业设计工程师（地质工程）,企业,中国十五冶金建设集团有限公司,10000人以上,武汉-洪山区,武汉-洪山区,武汉-洪山区,13-16k,本科,5-10年,20241217145835,管理规范 / 16薪 / 带薪年假 / 节日礼物 / 绩效奖金 / 交通补助 / 六险两金 / 13薪 / 生育补贴 / 通讯津贴 / 公司规模大 / 岗位晋升 / 14薪 / 六险,"】
 1.负责完成本部门有关的基础工作、本部门的人才培养、业务建设、市场开拓、科研开发计划等，并组织实施；
2.在项目前期工作阶段，负责完成投标项目中本专业范围内的可行性研究、技术报价等工作；
3.在项目实施阶段，负责参加项目设计工作，按照院项目管理模式的要求，与项目设计组积极地协调配合，按时并保证质量的完成各专业负责人分配的专业设计任务；
4.在项目服务期，根据专业负责人的要求，负责进行补充设计或现场服务；
5.负责完成技术工艺检审任务包括但不限于开工报告、三级审核，设计图纸的设计、审核工作。
【","】
 1.具有冶金、采矿、选矿、建筑等设计工作经验的工程师；
2.45周岁以内，中级以上职称、五年以上设计单位工作经验，有丰富的现场服务经验、有相关注册资格证书者优先；
3.采矿工程、地质工程、矿物加工工程、冶金工程、化工工程、安全工程、机械工程、尾矿充填、总图、电力工程、技术经济、建筑工程等相关专业全日制本科以上学历；
4.熟练掌握本专业相关软件，能够独立完成专业项目设计服务的相关工作，并提供近几年工作业绩证明；
5.熟悉相关规范和行业标准，有较强的学习能力，喜欢与人分享，有团队精神和服务意识，有较强的抗压能力、有较强的沟通能力；
6.能适应长期国内外出差要求。
【薪酬】
面议
 查看全部",CSS / 项目管理 / React / CAD / PMP / Go / HTML / jQuery / UG / AI,矿产开采,https://www.liepin.com/job/1970728297.shtml
423,猎聘,能源/化工/环保,矿物加工,选矿助剂研发工程师,企业,强盛,100-499人,武汉-江夏区,武汉-江夏区,武汉-江夏区,8-10k,硕士,3-5年,20231025110444,管理规范 / 发展空间大 / 16薪 / 18薪 / 绩效奖金 / 技能培训 / 13薪 / 14薪,：,"1.负责选矿相关助剂的研发；
2.负责现有产品的更新升级，主要针对现场生产中出现的相关问题及客户提出的相关要求来改良现有产品，并着手提高其应用效果。
3.负责选矿助剂的相关验证试验。
4.根据现场反馈信息，及时给出合理有效的处理方案。
 查看全部",CSS / React / PMP / Go / HTML / jQuery / UG / AI,石化,https://www.liepin.com/job/1960008389.shtml
424,猎聘,能源/化工/环保,矿物加工,选矿工程师,企业,某知名公司,100-499人,湖北省,武汉,武汉,15-20k·13薪,本科,5-10年,20260610180103,13薪,"】
1、负责进口矿产品的品质检验与工艺参数监控，确保符合贸易标准；
2、主导选矿工艺流程优化，解决生产中的技术难题，提升金属回收率与精矿品位；
3、对接国外矿山企业与技术团队，协调原料采购、加工方案制定及交付验收；
4、编制选矿技术报告与成本分析报告，为进出口贸易决策提供数据支持与专业建议；
5、跟踪行业新技术与新设备动态，评估引进可行性并推动技术升级落地实施。
【","】
1、采矿工程、矿物加工或相关专业本科及以上学历，具备扎实的专业理论基础；
2、拥有3年以上选矿厂现场工作经验，熟悉常见矿石性质及主流选矿工艺流程；
3、熟练掌握选矿相关软件及数据分析工具，具备独立编写技术方案与报告能力；
4、具备良好的跨文化沟通能力，能适应短期出差或驻外项目，抗压能力强；
5、持有相关工程师职称者优先，对国际贸易规则及矿业市场有基本认知。
 查看全部",JavaScript / CSS / Java / React / PMP / 数据分析 / Go / HTML / jQuery / UG / AI,酒店/民宿,https://www.liepin.com/a/76650727.shtml
425,猎聘,能源/化工/环保,矿物加工,选矿工程师,企业,某知名公司,100-499人,湖北省,武汉,武汉,15-25k·13薪,统招本科,5-10年,20260610152555,13薪,"】
1、负责进口矿产品的品质检验与工艺参数监控，确保符合贸易标准；
2、主导选矿工艺流程优化，解决生产中的技术难题，提升金属回收率与精矿品位；
3、对接国外矿山企业与技术团队，协调原料采购、加工方案制定及交付验收；
4、编制选矿技术报告与成本分析报告，为进出口贸易决策提供数据支持与专业建议；
5、跟踪行业新技术与新设备动态，评估引进可行性并推动技术升级落地实施。
【","】
1、采矿工程、矿物加工或相关专业本科及以上学历，具备扎实的专业理论基础；
2、拥有3年以上选矿厂现场工作经验，熟悉常见矿石性质及主流选矿工艺流程；
3、熟练掌握选矿相关软件及数据分析工具，具备独立编写技术方案与报告能力；
4、具备良好的跨文化沟通能力，能适应短期出差或驻外项目，抗压能力强；
5、持有相关工程师职称者优先，对国际贸易规则及矿业市场有基本认知。
 查看全部",JavaScript / CSS / Java / React / PMP / 数据分析 / Go / HTML / jQuery / UG / AI,酒店/民宿,https://www.liepin.com/a/76638063.shtml
426,猎聘,能源/化工/环保,矿物加工,选矿工程师,企业,某知名公司,100-499人,湖北省,武汉,武汉,15-20k·13薪,学历不限,2年以上,20260610152412,13薪,"1、负责进口矿产品的品质检验与工艺参数监控，确保符合贸易标准；
2、主导选矿工艺流程优化，解决生产中的技术难题，提升金属回收率与精矿品位；
3、对接国外矿山企业与技术团队，协调原料采购、加工方案制定及交付验收；
4、编制选矿技术报告与成本分析报告，为进出口贸易决策提供数据支持与专业建议；
5、跟踪行业新技术与新设备动态，评估引进可行性并推动技术升级落地实施。
【","】
1、采矿工程、矿物加工或相关专业本科及以上学历，具备扎实的专业理论基础；
2、拥有3年以上选矿厂现场工作经验，熟悉常见矿石性质及主流选矿工艺流程；
3、熟练掌握选矿相关软件及数据分析工具，具备独立编写技术方案与报告能力；
4、具备良好的跨文化沟通能力，能适应短期出差或驻外项目，抗压能力强；
5、持有相关工程师职称者优先，对国际贸易规则及矿业市场有基本认知。
 查看全部",JavaScript / CSS / Java / React / PMP / 数据分析 / Go / HTML / jQuery / UG / AI,酒店/民宿,https://www.liepin.com/a/76637927.shtml
427,猎聘,能源/化工/环保,矿物加工,选矿工程师,企业,中冶武勘工程技术有限公司,5000-10000人,湖北省,武汉,武汉,10-15k,/,/,20250902085134,/,"：
‌1.工艺流程设计与优化‌：通过矿物学分析确定矿石分选方案。
2.技术改造，如重介质分选、浮选药剂配比等工艺参数调整，提升金属回收率和精矿品位‌。","3.监控分选过程参数，协调工序操作并记录生产数据‌。
4.开展选矿试验研究，编制年度技术创新方案，提升资源利用率‌。
5‌.专业能力‌：掌握重选、磁选、浮选等技术，熟悉矿石可选性试验方法‌。
截止日期：2026年08月01日
招聘人数：2人
职位来源：该职位来自第三方企业官网
 查看全部",CSS / 英语 / React / PMP / Go / HTML / jQuery / UG / AI / 英语四级,工程施工,https://www.liepin.com/lptjob/76679479
428,猎聘,能源/化工/环保,矿物加工,地矿勘察项目助理,企业,永业行,1000-2000人,黄冈-黄州区,黄冈-黄州区,黄冈-黄州区,5-6k,/,/,20260513153427,公积金 / 产假 / 免费午餐 / 技能培训 / 五险一金 / 五险 / 定期体检 / 生日礼物 / 法定节假日 / 员工体检,"：
1、编制采矿权评估、地质灾害危险性评估、压覆矿产调查、绿色矿山创建、矿产开发利用方案、矿山地质环境恢复治理方案、矿山环境影响评价、矿山治理备用金核查等报告；
2、以各种类型的探矿权、采矿权评估咨询项目为基础，联系并承担矿业权评估咨询代理业务，控制执业风险，成果及时归档；
3、协调主管部门关系，负责业务范围内品牌推广事宜；
4、积极开发潜在客户群，定期整理客户名单，多种方式及时回访和联系客户；
5、完成公司统一安排的中心工作和领导交办的其他具体工作。","1、本科及以上学历；
2、地质学、地质工程、勘查技术与工程、资源勘查工程、采矿工程、矿物加工工程等相关专业；
3、持地质类工程师职称证、矿业权评估师资格证或具有相关行业工作经验者待遇从优；
4、有团队合作精神、善于沟通，具备一定的抗压能力；
5、此职位工作地点固定在黄冈市和鄂州市。
福利政策：
1、“五险一金”制度：包括养老、医疗、生育、工伤和失业保险及住房公积金；
2、二周的春节假：所有员工春节期间享受近2周春节假（不在年休假中）；
3、带薪休年假制度：严格执行国家规定，享受长短不一的带薪休假；
4、法定节假日及婚假、产假、丧假等休息制度，并在重大节日发放过节费；
5、每周五天、每天8小时工作制：工作日提供免费午餐，晚餐。
6、护理假制度：妻子生孩子，配偶员工可申请护理假；
7、员工体检和生日礼物等：定期体检并建立健康档案，生日当月派送生日礼物；
8、关心和帮助家庭困难员工，帮助大龄青年员工解决个人问题；
9、形式多样的技能培训：每年各种技能培训百场次，根据需要选择参加；
10、丰富多彩的文体和拓展活动：按爱好可加入篮球队、足球队、羽毛球队、乒乓球队、文艺队等，每周有训练，不定期比赛，每年内部交流比赛；部门按要求组织员工拓展和旅游活动。
截止日期：2027年05月13日
招聘人数：1人
 查看全部",CSS / 项目管理 / React / PMP / Go / HTML / jQuery / UG / AI,专业技术服务,https://www.liepin.com/lptjob/82504103
429,猎聘,能源/化工/环保,矿物加工,盐湖资源开发利用研究员,企业,中冶武勘工程技术有限公司,5000-10000人,湖北省,武汉,武汉,20-25k,/,/,20250902092404,能清晰撰写技术报告和项目申请书；英语读写能力良好 / 组建并带领研究团队（硕士 / 国家重点研发计划课题 / of / 研究方向与经验：核心研究方向： / Purification / and / 责任心强 / 环境科学与工程（水环境方向） / 《化工学报》 / 团队建设 / 以第一作者或通讯作者在本领域主流国际 / 地质工程（水文地质方向） / 任职要求：1. / 学历与专业：博士及以上学历 / 《水文地质工程地质》 / 化学工程（分离工程 / 省重大专项等）的经验者优先。实践经验： / 研究报告和技术专利。6. / 工程师等）,"：
1. 核心技术研发：
负责盐湖卤水（包括晶间卤水、孔隙卤水等）开采过程中固液转化机制的基础与应用研究，优化开采工艺，提高资源采收率。
深入研究水文地质条件（如含水层结构、渗透性、补给排泄机制、水化学特征等）对井采卤水动态（水量、水质、水位）的影响规律，建立预测模型，指导科学开采。
探索盐湖资源综合利用和循环经济技术路径。关注盐湖资源开发过程中的环境效应与生态保护，研究开发环境友好型技术。
2. 科研项目管理：
独立承担或作为核心骨干参与国家级（如自然科学基金、重点研发计划）、省部级及企业重大科研项目。
制定研究计划，设计实验方案，组织协调资源，确保项目按时高质量完成。
3. 技术指导与支持：
为生产现场（如盐田、井采系统）提供技术指导和解决方案，解决实际生产中遇到的技术难题。
分析生产数据，评估工艺运行效果，提出优化改进建议。
4. 团队建设与人才培养：
组建并带领研究团队（硕士、工程师等），培养技术骨干。
营造良好的学术氛围，促进团队技术创新能力提升。
5. 成果转化与知识产权：
推动研发成果向工业化应用转化。
撰写高质量科技论文、研究报告和技术专利。
6. 行业交流与合作：
跟踪国内外盐湖资源开发利用领域的前沿技术和发展趋势。
代表公司参与国内外高水平学术会议，与高校、科研院所建立并维护良好的合作关系。
二、","1. 学历与专业：
博士及以上学历，专业方向为水文地质学、地质工程（水文地质方向）、化学工程（分离工程、盐化工方向）、矿物加工工程、地球化学、环境科学与工程（水环境方向） 等与盐湖资源开发利用紧密相关的专业。
2. 研究方向与经验：
核心研究方向： 必须具备在盐湖资源开发利用领域的深入研究背景，特别是以下至少一个方向：
盐湖卤水固液转化理论、动力学与工艺研究。
盐湖矿区水文地质条件精细刻画、卤水运移规律模拟与开采动态预测。
项目经验： 具有主持或作为核心成员参与过省部级以上相关科研项目（如国家自然科学基金、国家重点研发计划课题、省重大专项等）的经验者优先。
实践经验： 具有在柴达木盆地（特别是察尔汗、东西台吉乃尔、一里坪等盐湖） 或其他典型盐湖矿区开展野外调查、采样、试验或工程实践经验者优先。
3. 科研能力：
论文与专利： 以第一作者或通讯作者在本领域主流国际/国内核心期刊（如Hydrological Processes, Journal of Hydrology, Desalination, Separation and Purification Technology, Hydrometallurgy, 《地球科学》、《水文地质工程地质》、《化工学报》、《无机盐工业》等） 上发表过高水平研究论文。
具备较强的实验设计、操作能力和数值模拟能力（熟悉相关软件如TOUGHREACT, MODFLOW, COMSOL, PHREEQC, Aspen Plus等者优先）。
具备优秀的数据分析、问题解决和独立研究能力。
4. 综合能力：
语言能力： 优秀的中文书面和口头表达能力，能清晰撰写技术报告和项目申请书；英语读写能力良好，能熟练阅读专业文献和撰写英文论文。
沟通协作： 具备良好的沟通协调能力、团队合作精神和领导潜力。
责任心与抗压： 工作积极主动，责任心强，能承受一定的工作压力。
截止日期：2026年08月01日
招聘人数：3人
职位来源：该职位来自第三方企业官网
 查看全部",沟通协调 / CSS / 项目管理 / 英语 / React / PMP / 数据分析 / Go / HTML / jQuery / UG / AI,工程施工,https://www.liepin.com/lptjob/76898719
430,猎聘,能源/化工/环保,矿物加工,财务审计助理不加班,企业,温州市讯和电脑科技有限公司,1-49人,上海-静安区,上海-静安区,上海-静安区,6-7k,大专,1-3年,20240313165512,年底双薪 / 16薪 / 带薪年假 / 全勤奖 / 13薪 / 包吃 / 15薪 / 包吃住 / 14薪 / 不加班,"：
1、会计核算和日常税务申报；年度审计，汇算清缴；
2、月度各项税务指标筹划，指标分解、控制；
3、各税种及法人体的涉税分析；
4、各项税收优惠政策的运用和办理；
5、税务关系维护；
6、外部税务稽查及统计检查应对；
7、业务部门税务政策咨询、解答；
8、有过物业公司经验优先。","1、大专以上学历，年龄 26岁以上；
2、熟悉中国经济、税务相关法规；
 查看全部",JavaScript / CSS / Java / CATIA / 深度学习 / React / UG / PMP / 算法 / 数据分析 / HTML / jQuery / Ruby / AI,批发/零售,https://www.liepin.com/job/1965446477.shtml
431,猎聘,能源/化工/环保,矿物加工,行政经理/主管/办公室主任,企业,广州凄义贸易有限公司,/,广州-增城区,广州-增城区,广州-增城区,7-8k,本科,经验不限,20240413174246,16薪 / 13薪 / 14薪 / 15薪,"行政经理/主管/办公室主任职位已暂停招聘_猎聘
 该职位已暂停招聘
 投递了该职位的人还查看了
 算法工程师 20-40k·13薪
 某上海IT服务公司 天使轮
 上海-杨浦区
 1-3年
 硕士
 武先生
 ·
 招聘经理
 Python 15-20k
 某上海学术/科研公司 
 上海-浦东新区
 3-5年
 统招本科
 李先生
 ·
 招聘专员/助理
 Agent Infra研发工程师/专家 40-60k·16薪
 某杭州互联网上市公司 已上市
 杭州
 3-5年
 硕士
 马先生
 ·
 高级猎头顾问
 Java工程师 12-17k
 某国内IT服务公司 
 上海
 3-5年
 学历不限
 程先生
 ·
 合伙人
 AI基础架构开发工程师 40-70k·15薪
 某知名公司 
 北京
 4年以上
 学历不限
 王先生
 ·
 招聘专员
 Java工程师 14-28k·14薪
 某深圳大型通信设备公司 战略融资
 上海
 经验不限
 本科
 于女士
 ·
 招聘专员/助理
 大模型算法工程师一智能问答-杭州(大模型算法-提示词调优) 40-70k·16薪
 某杭州科技金融上市公司 已上市
 杭州
 2年以上
 硕士
 张先生
 ·
 猎头顾问
 Java/C/C++/Python/go/测试/ JS 14-15k
 某知名公司 融资未公开
 上海
 经验不限
 本科
 周女士
 ·
 招聘经理
 机器人SLAM算法工程师 30-50k·14薪
 某上海人工智能公司 天使轮
 上海
 1-3年
 硕士
 苏女士
 ·
 猎头顾问
 Python开发工程师 15-30k·13薪
 某北京电子/半导体/集成电路公司 已上市
 上海-浦东新区
 2年以上
 统招本科
 张先生
 ·
 Senior Consultant
 焊装规划工程师(A219415) 15-25k·15薪
 小鹏汽车 已上市
 广州-天河区
 5年以上
 本科
 陈先生
 电话销售 6-10k
 深圳市鑫海腾邦资讯科技有限公司 融资未公开
 深圳-南山区
 1-3年
 中专/中技
 张女士
 python QT 界面开发 12-18k
 某上海计算机软件公司 
 上海
 1-3年
 本科
 李女士
 ·
 猎头
 Python开发工程师 12-20k
 某上海学术/科研公司 
 上海
 3年以上
 统招本科
 张女士
 ·
 猎头顾问
 Slam算法（3D 视觉） 30-50k·15薪
 某上海大型机械/设备公司 D轮及以上
 上海-浦东新区
 3-5年
 统招本科
 苏女士
 ·
 猎头顾问
 Java C Python c++ 【北京成都西安上海深圳南京东莞武汉杭州】 15-30k
 某深圳世界500强通信设备公司 战略融资
 上海
 经验不限
 统招本科
 曹女士
 ·
 高级猎头顾问/助理
 销售经理 5-10k
 辽宁货速达网络科技有限公司 
 大连-沙河口区
 3-5年
 学历不限
 张先生
 ·
 hrm
 AI Agent 应用算法工程师 150-300k·14薪
 某知名互联网上市公司 已上市
 上海
 经验不限
 硕士
 王先生
 ·
 顾问
 AI算法工程师 30-60k·15薪
 某知名公司 天使轮
 杭州
 经验不限
 本科
 张女士
 ·
 合伙人
 Java/C/C++/Python/GO/JS 15-30k
 某深圳世界500强通信设备公司 战略融资
 上海
 1-3年
 本科
 周女士
 ·
 招聘经理
 区域销售代表 8-15k
 深圳市鑫海腾邦资讯科技有限公司 融资未公开
 深圳-南山区
 1-3年
 大专
 张女士
 推理引擎（大模型训练推理） 30-50k·14薪
 某知名上市公司 已上市
 上海
 1-3年
 本科
 黄女士
 ·
 猎头顾问
 Python 12-20k
 某知名公司 
 上海-浦东新区
 3-5年
 学历不限
 张先生
 ·
 招聘顾问
 软件开发工程师-WCS 15-20k·13薪
 永恒力叉车(上海)有限公司 融资未公开
 上海-闵行区
 3-5年
 统招本科
 陈女士
 ·
 HR Manager
 Infra 算法工程师（三维重建） 30-60k
 某上海智能硬件/消费电子上市公司 已上市
 上海
 3年以上
 硕士
 方先生
 ·
 猎头顾问
 AI全栈应用开发工程师 15-20k
 某上海机械/设备公司 融资未公开
 上海-浦东新区
 3-5年
 本科
 朱女士
 ·
 猎头顾问/助理
 Python全栈开发(结合AI) 20-30k·13薪
 某大型世界500强咨询服务公司 不需要融资
 上海
 10年以上
 学历不限
 吕女士
 ·
 人事
 高级销售工程师 8-12k·14薪
 上海帷斡信息技术有限公司 
 上海
 3-5年
 大专
 李先生
 ·
 人事经理
 自动化物流规划助理工程师 10-15k
 上海疆智科技有限公司 
 杭州-滨江区
 1年以上
 本科
 张先生
 ·
 其他高级管理
 运控控制算法工程师 30-45k·14薪
 某上海人工智能公司 B轮
 上海
 1-3年
 硕士
 郭女士
 ·
 猎头",/,CSS / C++ / Java / React / Python / PMP / 算法 / Go / HTML / jQuery / UG / AI,服装/纺织/皮革,https://www.liepin.com/job/1966230089.shtml
432,猎聘,能源/化工/环保,矿物加工,招聘会计助理,企业,嘉兴新模文化传媒有限公司,1-49人,杭州-滨江区,杭州-滨江区,杭州-滨江区,6-7k,大专,1-3年,20240315173957,16薪 / 18薪 / 13薪 / 15薪 / 14薪,":
1、协助做财务帐，并与会计核对应收、应付账款的对账。
2、做好资金计划，资金管理
2、做客户对账单、并开具与保管发票;
3、协助财会文件的准备、归档和保管:
4、协助完成审计工作底稿的编制、整理和归档工作。
5、计算工资及绩效
6、协助财务负责人完成其他日常事务性工作。","1、年龄:26~50周岁，大专以上学历，接受应届毕业生;
2、财务，会计，经济等相关专业，有初级会计证等相关证书优先;
3、熟悉并会财务软件的操作(用友，金蝶);
4、具有较强的独立学习和工作的能力，工作踏实，积极主动;
 查看全部",JavaScript / CSS / Java / React / CAD / PMP / 算法 / HTML / jQuery / UG / AI,培训服务,https://www.liepin.com/job/1965519143.shtml
433,猎聘,能源/化工/环保,矿物加工,审计专员/助理,企业,三明道一贸易有限公司,/,莆田-涵江区,莆田-涵江区,莆田-涵江区,8-9k,本科,经验不限,20240416145614,16薪 / 13薪 / 远程办公 / 15薪 / 双休 / 14薪,"审计专员/助理职位已暂停招聘_猎聘
 该职位已暂停招聘
 投递了该职位的人还查看了
 Go语言开发工程师 15-30k
 西安华为 融资未公开
 西安
 经验不限
 本科
 高先生
 ·
 招聘HR
 爬虫工程师(酒旅平台) 20-30k
 某广州旅游公司 融资未公开
 上海
 3-5年
 本科
 杨先生
 ·
 资深猎头
 初级Golang开发 15-25k
 海南天辰网络科技有限公司北京分公司 B轮
 北京
 1年以下
 统招本科
 姜女士
 ·
 人力资源
 infra开发 35-60k·15薪
 文远知行WeRide 已上市
 上海-徐汇区
 经验不限
 统招本科
 邵女士
 ·
 hr
 C/C++工程师 15-25k·14薪
 某北京人力资源服务上市公司 已上市
 上海
 经验不限
 本科
 王女士
 ·
 猎头顾问
 爬虫工程师 15-25k
 食物主义 B轮
 上海-杨浦区
 3年以上
 本科
 王海涛
 ·
 招聘负责人
 Python爬虫工程师-远程办公 15-25k·13薪
 某青岛人力资源服务公司 
 深圳
 3-5年
 本科
 鄂女士
 ·
 招聘经理/主管
 产品经理（数据治理） 20-30k
 恒生聚源 B轮
 上海-浦东新区
 3年以上
 本科
 王女士
 ·
 HRBP
 AI Infra工程师 20-50k·24薪
 杭州龙旗科技 A轮
 杭州-余杭区
 3-5年
 硕士
 聂先生
 爬虫工程师 15-25k
 某广州大型云计算/大数据公司 C轮
 广州
 5-10年
 统招本科
 蔡女士
 ·
 猎头顾问
 Golang 9-14k
 长沙市湘智汇城智能科技有限责任公司 
 长沙-开福区
 1-3年
 本科
 邓女士
 ·
 行政总监
 红杉学者-技术及综合方向 25-55k·15薪
 红杉中国 融资未公开
 北京-朝阳区
 1-3年
 统招本科
 罗女士
 ·
 HR
 Python爬虫工程师-远程办公 15-25k·13薪
 某青岛人力资源服务公司 
 成都
 3-5年
 本科
 鄂女士
 ·
 招聘经理/主管
 Go/Java软件开发工程师 15-30k·15薪
 西安华为 融资未公开
 西安-高新区
 经验不限
 本科
 曹先生
 ·
 研发工程师
 AI infra优化工程师 40-70k·13薪
 昆仑天工科技有限公司 不需要融资
 北京-东城区
 1-3年
 本科
 尹女士
 ·
 招聘
 爬虫工程师 12-18k·13薪
 某杭州IT服务公司 融资未公开
 杭州
 1-3年
 学历不限
 陈先生
 ·
 猎头顾问
 java安全研究员 20-40k
 深圳市长鑫跃传媒有限公司 
 深圳-南山区
 经验不限
 学历不限
 王女士
 ·
 行政助理
 后端开发工程师 9-14k·13薪
 广州新芽教育科技有限公司 
 广州
 3-5年
 本科
 周先生
 ·
 华南区销售总监
 c/c++开发（双休，14k-16k，福利待遇好，前景光） 14-25k·14薪
 某知名公司 战略融资
 南京
 1-3年
 本科
 胡先生
 ·
 招聘顾问
 全栈工程师 / AI 产品核心研发 50-70k
 上海思比可网络科技有限公司 
 上海-徐汇区
 1年以上
 统招本科
 马女士
 ·
 总经理
 C++ 20-25k
 某知名公司 
 武汉
 1-3年
 大专
 胡先生
 ·
 猎头顾问/助理
 高级爬虫工程师 20-40k
 某重庆酒店/民宿公司 融资未公开
 重庆
 3-5年
 本科
 李女士
 ·
 招聘
 PHP工程师 20-25k
 某杭州IT服务公司 战略融资
 杭州-西湖区
 1-3年
 本科
 王女士
 ·
 猎头顾问
 Golang开发工程师 8-12k
 思极网安 
 北京-昌平区
 经验不限
 统招本科
 金女士
 ·
 人资专责
 媒体领域博士后 30-60k
 华为云 不需要融资
 深圳-龙岗区
 经验不限
 博士
 李先生
 ·
 工程师
 媒体领域博士后 30-60k·16薪
 华为云 不需要融资
 深圳-龙岗区
 经验不限
 博士
 李先生
 ·
 工程师
 爬虫工程师 12-24k
 某国内知名公司 天使轮
 杭州
 3-5年
 学历不限
 刘先生
 ·
 HRBP
 Python爬虫工程师-远程办公 15-25k·13薪
 某青岛人力资源服务公司 
 杭州
 3-5年
 本科
 鄂女士
 ·
 招聘经理/主管
 PHP后端开发工程师 20-30k
 某深圳网络/信息安全公司 
 深圳-福田区
 1-3年
 大专
 李先生
 ·
 猎头顾问/助理
 前端工程师 10-15k
 力恒信息科技(广州)有限公司 融资未公开
 广州-天河区
 经验不限
 统招本科
 李女士",/,CSS / C++ / Java / PHP / React / Python / PMP / Go / HTML / jQuery / UG / AI,游戏,https://www.liepin.com/job/1966288881.shtml
434,猎聘,能源/化工/环保,矿物加工,VP助理,企业,上海茫讯商务咨询中心,/,北京-东城区,北京-东城区,北京-东城区,50-80k·15薪,学历不限,经验不限,20240316165448,16薪 / 13薪 / 14薪 / 15薪,"：
1.协助领导管理、协调日常行程，做好预约等相关准备工作；
2.协助汇总各项目部门报表、总结，资料整理；
3.协助上下级之间传达性事务，并进行适当的沟通和协调；
4.协助对外联络，渠道关系维护，偶尔陪同出差或商务谈判；
5.完成上级领导交待的其他事情；","1.本科及以上学历，形象气质佳，两年以上全职工作经验；
2.熟练使用各类办公软件,有较强的文字组织和写作能力；
3.知识结构全面，具有良好的总结、表达、沟通能力，悟性强；
4.能积极调动内外部资源，多项目并行的管理能力；
5.良好的职业道德和团队协作精神，服务意识和责任心强；
6.有公关、市场、行政、总裁助理等工作经验是加分项嗷
 查看全部",JavaScript / CSS / Java / 日语 / React / UG / PMP / 算法 / 数据分析 / Go / HTML / jQuery / Ruby / AI,专业技术服务,https://www.liepin.com/job/1965528323.shtml
435,猎聘,能源/化工/环保,矿物加工,产品经理,企业,上海贵澳实业有限公司,1-49人,上海市,上海,上海,20-30k,本科,3-5年,20240413135359,13薪 / 14薪 / 15薪,"产品经理职位已暂停招聘_猎聘
 该职位已暂停招聘
 投递了该职位的人还查看了
 航运行业研究员 12-20k·15薪
 洲际船务集团 已上市
 上海-虹口区
 3-5年
 硕士
 衡女士
 ·
 HRBP
 销售专员 6-11k
 北京爱心同行科技有限公司 融资未公开
 北京-东城区
 经验不限
 大专
 李先生
 ·
 人事助理
 远见咨询 - Business Analyst （商业分析师） 13-20k·13薪
 六度智囊 B轮
 上海-普陀区
 1-3年
 硕士
 陆女士
 ·
 HRBP
 CRM售前技术支持 8-15k
 夏致云计算(上海)有限公司 
 上海-浦东新区
 3年以上
 本科
 余女士
 ·
 人事
 机器人系统工程师 20-30k
 常州微亿智造科技有限公司 B轮
 上海-闵行区
 1-3年
 本科
 刘先生
 AI infra优化工程师 40-70k·13薪
 昆仑天工科技有限公司 不需要融资
 北京-东城区
 1-3年
 本科
 尹女士
 ·
 招聘
 其他信托/担保/拍卖/典当 4-8k
 中邦信业金融服务外包(北京)有限公司 
 北京-东城区
 经验不限
 学历不限
 朱女士
 ·
 行政总监
 产品经理 30-50k
 某国内大型整车制造公司 融资未公开
 上海
 5-10年
 统招本科
 楼先生
 ·
 顾问
 跨境电商产品经理（导购） 75-95k·15薪
 某北京大型电子商务公司 D轮及以上
 北京
 3-5年
 学历不限
 邹女士
 ·
 顾问
 火箭总体设计负责人 40-70k·15薪
 某知名公司 
 上海
 8年以上
 硕士
 胡先生
 ·
 Manager
 农副产品保鲜剂区县合伙人 8-12k
 重庆亿人通商业管理有限公司 
 四川
 经验不限
 本科
 高先生
 ·
 总经理
 销售代表 5-12k
 爱换科技服务 其他
 北京-东城区
 1-3年
 学历不限
 王先生
 ·
 营销总监
 销售管理 6-11k·13薪
 松果出行 C轮
 北京-东城区
 3-5年
 大专
 朱先生
 ·
 分公司/代表处负责人
 编译器开发工程师-工控-杭州/西安 35-40k
 某西安互联网公司 融资未公开
 杭州
 3年以上
 统招本科
 李先生
 ·
 合伙人
 注塑开发工程师 10-17k
 通达创智(厦门)股份有限公司 已上市
 厦门-海沧区
 5-10年
 中专/中技
 邱女士
 ·
 人力资源
 Ruby 12-20k·13薪
 广州永鑫通电子科技有限公司 
 上海
 经验不限
 本科
 易女士
 ·
 人事
 软件项目经理 20-35k·15薪
 某知名电气机械/器材公司 D轮及以上
 上海
 5-10年
 统招本科
 张女士
 ·
 招聘专员
 编译器开发工程师-工控方向 27-35k·15薪
 某杭州大型计算机软件公司 融资未公开
 杭州
 3-5年
 本科
 李女士
 ·
 高级猎头顾问
 C++ 15-25k
 深圳易宝软件有限公司 融资未公开
 深圳-龙岗区
 3-5年
 统招本科
 刘先生
 课程顾问 4-8k
 弈海润世围棋学堂 融资未公开
 北京-东城区
 1-3年
 大专
 赵女士
 ·
 HR
 电商风控产品经理-人机/验证码 30-50k·14薪
 SHEIN 
 上海-长宁区
 5-10年
 本科
 何女士
 ·
 HR
 销售经理 6-11k
 北京搜了科技有限公司 
 北京-东城区
 经验不限
 学历不限
 范女士
 ·
 总助
 App平台运营 4-9k
 北京致远泓管理咨询有限公司 
 北京-东城区
 经验不限
 学历不限
 李先生
 ·
 经理
 市场经理 6-11k
 北京搜了科技有限公司 
 北京-东城区
 经验不限
 大专
 范女士
 ·
 总助
 产品总监（人事） 30-40k
 能良电商 融资未公开
 上海-宝山区
 5-10年
 本科
 雷女士
 ·
 Hrbp
 编译器开发工程师-工控-杭州/西安 35-40k·15薪
 某杭州人工智能上市公司 已上市
 杭州
 3-5年
 统招本科
 杨女士
 ·
 高级猎头顾问
 大数据架构师 45-50k
 深圳合规时代科技有限公司 
 深圳-福田区
 5-10年
 本科
 黄先生
 ·
 coo
 女装运营专家 25-50k·14薪
 拼多多(上海)网络科技有限公司 融资未公开
 上海
 5-10年
 本科
 吴女士
 ·
 女装
 汽车线束工程师 12-30k
 适途汽车 融资未公开
 上海-浦东新区
 4年以上
 大专
 张先生
 ·
 猎头顾问
 资深编译器开发工程师 30-50k
 某深圳电子/半导体/集成电路公司 B轮
 上海
 5-10年
 硕士
 徐女士
 ·
 猎头顾问",/,CSS / C++ / React / UG / PMP / HTML / jQuery / Ruby / AI,批发/零售,https://www.liepin.com/job/1966227201.shtml
436,猎聘,能源/化工/环保,矿物加工,大夫,企业,文科股份,10000人以上,上海-黄浦区,上海-黄浦区,上海-黄浦区,8-12k,本科,经验不限,20240401162413,13薪 / 14薪 / 15薪,"商务专员/助理职位已暂停招聘_猎聘
 该职位已暂停招聘
 投递了该职位的人还查看了
 软件项目经理 20-35k·15薪
 某知名电气机械/器材公司 D轮及以上
 上海
 5-10年
 统招本科
 张女士
 ·
 招聘专员
 数据分析师-英国市场 20-40k·14薪
 SHEIN 
 深圳-南山区
 3年以上
 本科
 徐苏磊
 ·
 人力资源经理/主管
 AI产品销售经理 8-12k·13薪
 优利绚彩 融资未公开
 北京-海淀区
 3-5年
 本科
 沙女士
 ·
 人力资源部经理
 大数据架构师 45-50k
 深圳合规时代科技有限公司 
 深圳-福田区
 5-10年
 本科
 黄先生
 ·
 coo
 产品经理 15-25k·13薪
 北京新亿食宝汇餐饮管理有限公司 
 北京-朝阳区
 3-5年
 统招本科
 门先生
 ·
 人事专员
 数据分析 20-40k·15薪
 追觅科技 融资未公开
 苏州-吴中区
 3-5年
 本科
 丁女士
 ·
 HRBP
 产品经理（运动服饰设计师） 12-17k
 速克达实业(上海)有限公司 融资未公开
 上海-松江区
 5年以上
 本科
 萧先生
 ·
 行政主管
 产品销售经理 6-10k
 北京芃欣医疗科技有限公司 
 北京-西城区
 经验不限
 本科
 张先生
 ·
 市场经理/主管
 数据分析专员 25-35k
 九方智投 不需要融资
 上海-青浦区
 3-5年
 统招本科
 许先生
 ·
 战略顾问
 销售 5-10k
 富佑顺财金融服务外包(北京)有限公司 
 北京
 经验不限
 大专
 向先生
 ·
 电话客服
 CRM售前技术支持 8-15k
 夏致云计算(上海)有限公司 
 上海-浦东新区
 3年以上
 本科
 余女士
 ·
 人事
 数据分析专员 25-30k·13薪
 西安财富投资有限责任公司 
 西安-雁塔区
 经验不限
 统招本科
 李先生
 ·
 材料高级主任工程师
 AI产品经理 9-12k
 北京真顺投资管理有限公司 融资未公开
 北京-顺义区
 3-5年
 统招本科
 陈女士
 ·
 人力行政经理
 产品经理 10-15k·14薪
 北京易联创安科技发展有限公司 融资未公开
 北京
 经验不限
 本科
 田先生
 ·
 董事长
 高级产品经理 30-40k·13薪
 北京九十七分文化传媒有限公司 
 北京
 经验不限
 本科
 张先生
 ·
 招聘专员
 产品经理-数据分析-统本-金融 8-10k
 雀艺信息科技(上海)有限公司 
 上海-浦东新区
 2年以上
 统招本科
 周女士
 数据分析师(J11935) 10-15k
 江苏康缘药业股份有限公司 已上市
 南京-建邺区
 2年以上
 本科
 孙女士
 ·
 人事主管
 数据分析总监 薪资面议
 珠海万达商业管理集团股份有限公司 D轮及以上
 珠海-横琴新区
 3-5年
 本科
 韩先生
 ·
 招聘经理
 数据分析师-可视化看板 15-25k·14薪
 SHEIN 
 南京-雨花台区
 2年以上
 本科
 徐苏磊
 ·
 人力资源经理/主管
 网络设备渠道分销经理 10-15k
 上海杉木电子科技有限公司 融资未公开
 上海
 经验不限
 学历不限
 苗先生
 ·
 人事经理
 产品总监（人事） 30-40k
 能良电商 融资未公开
 上海-宝山区
 5-10年
 本科
 雷女士
 ·
 Hrbp
 用户产品经理（用户增长） 15-30k
 西安健诺思医学研究院有限公司上海分公司 
 上海
 经验不限
 本科
 冯先生
 ·
 集团品牌企划总监
 AI产品经理（CAX） 20-40k·15薪
 中望软件 已上市
 上海-虹口区
 经验不限
 硕士
 李先生
 ·
 招聘经理
 产品经理 5-8k
 北京韦恩医院管理有限公司 
 北京
 经验不限
 本科
 李先生
 ·
 创始人
 Ruby 12-20k·13薪
 广州永鑫通电子科技有限公司 
 上海
 经验不限
 本科
 易女士
 ·
 人事
 数据分析岗 15-20k·14薪
 浙江吉利控股集团 已上市
 宁波-慈溪
 2年以上
 本科
 王女士
 产品销售经理 8-10k
 广东众元半导体科技有限公司 融资未公开
 上海-浦东新区
 经验不限
 本科
 黄女士
 医疗器械市场推广 15-20k
 上海宇矜医疗器械销售有限公司 
 上海
 经验不限
 本科
 王先生
 ·
 产品经理
 销售 8-12k
 北京诺诺银税科技有限公司 
 北京-朝阳区
 经验不限
 学历不限
 孙女士
 ·
 人事
 招商专员 9-10k
 上海羽道网络科技有限公司 融资未公开
 上海-松江区
 经验不限
 中专/中技
 董先生
 ·
 总经理",/,CSS / React / UG / PMP / 数据分析 / HTML / jQuery / Ruby / AI,房地产开发经营,https://www.liepin.com/job/1965934395.shtml
437,猎聘,能源/化工/环保,矿物加工,电商客服,企业,广州翠行贸易有限公司,1-49人,广州-荔湾区,广州-荔湾区,广州-荔湾区,5-8k,大专,1年以下,20240409095136,13薪 / 14薪 / 15薪,"：
 要求会说话，服务态度好，
 查看全部","2. 如您应聘的岗位属于涉外劳务合作/海外岗位的，请务必核实招聘方对外劳务合作资质取得情况，同时注意自身资金安全，防范招聘欺诈。
 3. 本平台招聘方不向求职者提供任何收费服务。
 查看全部
 相关推荐
 展开
 广州网络运营客服招聘
 广州网络维护客服招聘
 广州淘宝卖家客服招聘
 广州网络客服工程师招聘
 广州去哪儿网客服招聘
 广州网游服务顾问招聘
 广州官网在线客服招聘
 广州婚恋咨询师客服招聘
 广州微信电商客服招聘
 广州网店女装助理招聘
 广州室内网络客服招聘
 广州账单提醒客服招聘
 广州酒店在线客服招聘
 广州电商国际站客服招聘
 广州VIP游戏客服招聘
 广州专业号一线客服招聘
 广州风湿科咨询客服招聘
 广州客如云在线客服招聘
 广州淘宝平台在线客服招聘
 广州百度百科在线客服招聘
 广州平台在线打字客服招聘
 广州在线打字客服专员招聘
 广州售前咨询文员招聘
 广州天猫家居客服招聘
 广州电商晚班客服招聘
 广州港前港后客服招聘
 广州日语游戏客服招聘
 广州水果电商客服招聘
 广州夜班销售客服招聘
 广州游戏客服推广招聘
 相关公司
 深圳市唛斯影音科技有限公司
 姚安县国琳会百货有限公司
 深圳市众合诚科技有限公司
 广州悦雨化妆品有限公司
 广东冠初味科技有限公司
 睿达互联网科技(平邑)有限公司
 广西鲜品荟供应链服务有限公司
 广州玳禾服饰有限公司
 北京东泰柏隆贸易有限公司
 英派(广州)服饰有限公司
 天永晨威
 广州卓冉贸易有限公司
 广州嘉行新秀服装有限公司
 予之文化
 广州市宏涛百货有限公司
 广州蓝枫不锈钢制品有限公司
 爱宁(广州)乐器有限公司
 北京零界智慧家科技有限公司
 广州古绣服饰有限公司
 四会市玉昌珠宝有限公司
 热门城市
 北京招聘网
 上海招聘网
 广州招聘网
 厦门招聘网
 杭州招聘网
 郑州招聘网
 南京招聘网
 天津招聘网
 重庆招聘网
 成都招聘网
 苏州招聘网
 商丘招聘网
 大连招聘网
 济南招聘网
 宁波招聘网
 无锡招聘网
 青岛招聘网
 沈阳招聘网
 台州招聘网
 西安招聘网
 武汉招聘网
 热门招聘
 北京招聘信息
 上海招聘信息
 广州招聘信息
 厦门招聘信息
 杭州招聘信息
 郑州招聘信息
 南京招聘信息
 天津招聘信息
 重庆招聘信息
 成都招聘信息
 苏州招聘信息
 商丘招聘信息
 大连招聘信息
 济南招聘信息
 宁波招聘信息
 无锡招聘信息
 青岛招聘信息
 沈阳招聘信息
 台州招聘信息
 西安招聘信息
 武汉招聘信息
 广州招聘网
 >
 广州网络/在线客服招聘
 >
 电商客服招聘",JavaScript / CSS / Java / 日语 / React / PMP / 算法 / 数据分析 / Go / HTML / jQuery / UG / AI,批发/零售,https://www.liepin.com/job/1966090101.shtml
438,猎聘,能源/化工/环保,矿物加工,采购专员,企业,南京方延载企业管理有限公司,/,南京-栖霞区,南京-栖霞区,南京-栖霞区,6-8k,大专,1-3年,20240402155621,团队聚餐 / 年终奖金 / 带薪年假 / 餐费补贴 / 年终奖 / 五险一金 / 交通补助 / 13薪 / 周末双休 / 15薪 / 五险 / 双休 / 聚餐 / 年度旅游 / 咖啡 / 车辆津贴 / 14薪,"：
1、负责对出库、入库单据；
2、负责采购下单、跟进采购进度；
3、负责供应商资料维护、管理；
4、协助采购做好各项跟单工作。","1、大专或以上学历，性格开朗、有较强的沟通能力；
2、熟练办公软件操作，工作认真细心、积极主动，责任心强，抗压能力强；
3、一年以上的相关工作经验。
 查看全部",JavaScript / CSS / Java / React / PMP / 数据分析 / Go / HTML / jQuery / UG / AI,其他商务服务业,https://www.liepin.com/job/1965966397.shtml
439,猎聘,能源/化工/环保,矿物加工,会计8K双休,企业,广州淮琛贸易有限公司,/,洛阳-洛龙区,洛阳-洛龙区,洛阳-洛龙区,8-9k,大专,1-3年,20240401095754,休闲餐点 / 年终奖金 / 带薪年假 / 绩效奖金 / 股票期权 / 团队聚餐 / 子女福利 / 节日礼物 / 五险一金 / 年终奖 / 16薪 / 五险 / 双休 / 聚餐 / 年度旅游 / 期权,"：
1.负责供应商的账单核查及调整；
2.业务系统的优化建议及推进；
3.供应商相关业务数据的整理及比较；
4.业务部门的工作沟通及事项推进；
5.应付凭证的入账、核查、审核；
6.其他事务。","1.财务相关专业；财务相关工作经验1年以上；
2.表达力、沟通力、理解力良好；
3.有责任心、有热情，工作细致、有条不紊；有主动性。
 查看全部",JavaScript / CSS / Java / React / PMP / HTML / jQuery / UG / AI,批发/零售,https://www.liepin.com/job/1965914515.shtml
440,猎聘,能源/化工/环保,矿物加工,矿石化验主管,企业,威领新能源股份有限公司,500-999人,郴州-临武县,郴州-临武县,郴州-临武县,6-10k,大专,3-5年,20251209091745,带薪年假 / 包住 / 领导好 / 五险一金 / 交通补助 / 13薪 / 包吃 / 五险 / 双休,"1. 负责矿山开采出的矿石样品采集，严格按照采样规范选取有代表性的样品，确保样品真实性与有效性。
2. 操作检验检测设备（如原子吸收光谱仪、分析仪等），对矿石的成分（如金属含量、杂质含量）、物理性能（如硬度、密度）等指标进行检测分析。
3. 准确记录检测数据，撰写检验报告，确保数据真实、报告完整，及时将结果反馈给生产、技术等相关部门。
4. 定期维护保养检测设备，进行日常校准与调试，保障设备正常运行，出现故障及时上报并协助维修。
5. 遵守矿山安全管理规定，在采样、检测过程中做好个人安全防护，确保作业安全。
6. 协助完善检验检测流程与标准，参与质量控制改进工作，提出优化建议。
二、","1. 学历与专业：大专及以上学历，地质工程、矿物加工工程、材料科学与工程、分析化学等相关专业优先。
2. 经验要求：
- 有矿山检验检测相关工作经验者优先，应届生可培养（需具备基础的化学分析或仪器操作知识）。
- 熟悉矿石检测常用方法（如滴定分析、光谱分析）及设备操作流程者优先。
3. 技能要求：
- 能看懂检验检测标准，具备基础的数据处理与分析能力，可熟练使用Excel等办公软件记录数据。
- 具备良好的动手能力，能规范操作检测设备，有设备日常维护意识。
4. 素质要求：
- 严谨细致，有责任心，对数据准确性有较高把控力，不弄虚作假。
- 能适应矿山现场工作环境，接受必要的野外采样作业（部门会有分工）。
- 具备良好的沟通能力，可清晰反馈检测结果，配合团队完成工作。
主要是实验室化验工作
包吃包住，五险一金，节假日补贴
 查看全部",CSS / React / PMP / Go / HTML / jQuery / UG / AI / Excel,新能源,https://www.liepin.com/job/1979002633.shtml
441,猎聘,能源/化工/环保,矿物加工,研发工程师,企业,湖南锐异资环科技有限公司,100-499人,长沙-岳麓区,长沙-岳麓区,长沙-岳麓区,14-18k,硕士,3-5年,20251223161304,年终奖金 / 团队聚餐 / 节日礼物 / 绩效奖金 / 带薪年假 / 年终奖 / 18薪 / 13薪 / 通讯津贴 / 聚餐 / 定期体检 / 14薪,"1.负责有色金属湿法冶金与火法冶金新工艺、新技术的实验室研究、小试及中试开发。
2.针对现有生产工艺进行技术诊断与优化，解决关键瓶颈问题，提升金属回收率、产品品质及能源效率。
3.跟踪国内外冶金技术前沿，进行可行性分析，提出创新性的技术研发方向与方案。
4.与设备部门协作，完成设备图纸审核、技术规格书制定、安装调试及性能考核","1.教育背景： 冶金工程、化学工程、矿物加工及相关专业，硕士研究生及以上学历。
2.工作经验： 具备 3年以上 有色金属湿法或火法冶金领域研发、设计或工艺优化相关工作经验。有完整项目研发经历者优先。
3.年龄 38周岁以下，能适应现场工作及出差安排。
 查看全部",CSS / React / PMP / Go / HTML / jQuery / UG / AI,机械/设备,https://www.liepin.com/job/1979328821.shtml
442,猎聘,能源/化工/环保,矿物加工,选矿工艺设计师,企业,长沙矿冶研究院有限责任公司,500-999人,长沙-岳麓区,长沙-岳麓区,长沙-岳麓区,6-18k,本科,3-5年,20240426161513,18薪 / 13薪 / 15薪 / 14薪 / 六险,/,"（1）矿物加工、选矿工程等相关专业本科及以上学历，中级以上职称，具有3年以上专业设计院工程设计经验，甲级工程设计院工作经历优先，
（2）能独自承担冶金矿山项目设计（包括初步设计、施工图设计等工作）；
（3）能够熟练运用AUTOCADDE等设计专业绘图软件；
（4）适应能力强，能够快速适应公司管理系统。
（5）具备良好的职业素养和团队合作精神，富有较强的执行力和沟通能力。
 查看全部",CSS / React / CAD / PMP / AutoCAD / Go / HTML / jQuery / UG / AI,贸易/进出口,https://www.liepin.com/job/1966574201.shtml
443,猎聘,能源/化工/环保,矿物加工,冶金/化工/新能源材料 工艺设计工程师,企业,长沙矿冶研究院有限责任公司,500-999人,长沙-岳麓区,长沙-岳麓区,长沙-岳麓区,10-20k,本科,3-5年,20230525095139,13薪,"冶金/新材料/矿物加工工程相关专业
从事冶金、新材料工艺设计工作
其他要求：中级以上职称，具有3年以上在专业设计院工作经验优先
 查看全部","2. 如您应聘的岗位属于涉外劳务合作/海外岗位的，请务必核实招聘方对外劳务合作资质取得情况，同时注意自身资金安全，防范招聘欺诈。
 3. 本平台招聘方不向求职者提供任何收费服务。
 查看全部
 相关推荐
 展开
 长沙冶金建材行业招聘
 长沙冶金工程设计师招聘
 长沙冶金环保规划工程师招聘
 长沙金属粉末冶金工程师招聘
 长沙湿法冶炼工程师招聘
 长沙冶金工程师助理招聘
 长沙镍铁工艺工程师招聘
 长沙有色冶金工程师招聘
 长沙驻非冶金工程师招聘
 长沙工艺模拟工程师招聘
 长沙烧结工艺工程师招聘
 长沙有色冶炼工程师招聘
 长沙冶金能源类管培生招聘
 长沙冶金设备工程师招聘
 长沙钢铁冶金工程设计师招聘
 长沙工艺设计主任工程师招聘
 长沙贵金属冶金工程师招聘
 长沙火法冶炼高级工程师招聘
 长沙火法冶金研发工程师招聘
 长沙金属硅冶炼工艺工程师招聘
 长沙冶金工程研究所副所长招聘
 长沙电池破碎拆解工程师招聘
 长沙高压浸出招聘
 长沙冶金专家招聘
 长沙钒资源工程师招聘
 长沙铜电解工程师招聘
 长沙炼焦工艺工程招聘
 长沙熔炼工艺工程师招聘
 长沙高炉炼铁工程师招聘
 长沙炼钢工艺工程师招聘
 相关公司
 Hunan Sunshine Bio-t
 康臻贸易
 易达云
 义乌市海容工艺品有限公司
 河北如泰贸易有限公司
 苏美达国际技术贸易有限公司
 富士胶片(中国)投资有限公司成都分公司
 湖南倍美机械有限公司
 上海圆迈贸易有限公司
 深圳市易道海纳科技有限公司
 Haulotte
 华瓷股份
 湖南湖音电子有限公司
 湖南省恒骏钢铁贸易有限公司
 华力通线缆股份有限公司
 成都北择汀商贸有限公司
 海南宝乐迅国际贸易有限公司
 郑州索纳盖德科技有限公司
 深圳市仁清卓越科技有限公司
 湖南东一工贸有限公司
 长沙霍力柯尔电子科技有限公司
 广州意陶贸易有限公司
 中太国际商贸(深圳)有限公司
 湖南三叶装饰材料有限公司
 热门城市
 北京招聘网
 上海招聘网
 广州招聘网
 厦门招聘网
 杭州招聘网
 郑州招聘网
 南京招聘网
 天津招聘网
 重庆招聘网
 成都招聘网
 苏州招聘网
 商丘招聘网
 大连招聘网
 济南招聘网
 宁波招聘网
 无锡招聘网
 青岛招聘网
 沈阳招聘网
 台州招聘网
 西安招聘网
 武汉招聘网
 热门招聘
 北京招聘信息
 上海招聘信息
 广州招聘信息
 厦门招聘信息
 杭州招聘信息
 郑州招聘信息
 南京招聘信息
 天津招聘信息
 重庆招聘信息
 成都招聘信息
 苏州招聘信息
 商丘招聘信息
 大连招聘信息
 济南招聘信息
 宁波招聘信息
 无锡招聘信息
 青岛招聘信息
 沈阳招聘信息
 台州招聘信息
 西安招聘信息
 武汉招聘信息
 长沙招聘网
 >
 长沙冶金工程师招聘
 >
 冶金/化工/新能源材料 工艺设计工程师招聘
 收藏职位
 立即沟通
 更新时间：2024-08-02",中级以上职称 / CSS / React / PMP / Go / HTML / jQuery / UG / AI,贸易/进出口,https://www.liepin.com/job/1955786419.shtml
444,猎聘,能源/化工/环保,矿物加工,选矿工程师,企业,湖南汇和通供应链有限公司,50-99人,湖南省,郴州,郴州,8-12k,本科,经验不限,20250207163644,13薪 / 18薪 / 15薪,"1.矿石选矿工艺设计：负责矿山选矿工艺流程的设计与优化，包括矿石破碎、磨矿、浮选、重选、磁选、焙烧等工艺的选择与配置。确保选矿流程高效、经济、环保；
2.选矿实验与数据分析：根据矿石性质，开展选矿实验，研究矿石的选矿特性，分析矿石中的有用成分与杂质的分布规律，为工艺流程设计提供科学依据；
3.生产过程的监控与优化：监督矿山选矿厂的生产过程，确保选矿流程的稳定运行。根据生产情况，及时调整和优化选矿工艺，提高矿石回收率和品位；
4.设备管理与维护：配合设备工程师，负责选矿设备的选型、安装、调试与维护工作，确保设备高效、安全运行，避免故障造成的生产停滞；
5.质量控制与测试：对矿石和精矿进行定期的质量检测，确保选矿产品的质量达到要求。对产品品位、回收率等指标进行监控，并提出改进方案；
6.技术培训：对选矿生产团队进行技术培训，提高操作人员的技能和知识水平；对选矿工艺的实施和管理负责；
7.环境与安全管理：遵守环保法律法规，确保选矿生产过程中废水、废气、废渣的处理符合环保标准。制定和执行选矿厂的安全操作规程，确保生产安全；
8.技术支持与报告撰写：为管理层提供技术支持，撰写选矿工艺报告、技术文件及生产总结等，提出改进意见和创新方案；
9.项目管理与研究：参与新选矿项目的立项、评估与实施，开展矿山选矿新技术、新设备的研究与应用，推动技术创新和流程改进。","1.大专以上学历，可接受应届毕业生，采矿工程、矿物加工、冶金工程、化学工程等相关专业；
2.有选矿工程相关工作经验，尤其是在矿山选矿工艺设计、生产管理等方面有一定经验。有大型矿山选矿厂工作经验者优先；
3.熟悉矿石选矿的基本理论和方法，掌握矿物学、矿石化学及选矿技术的基本原理。了解矿山生产流程及设备原理，能够独立设计和优化选矿工艺；
4.具备较强的选矿工艺设计与优化能力，熟悉常用选矿设备及其工作原理，能够分析和解决选矿过程中出现的技术难题；
5.熟练使用AutoCAD、矿山设计软件、Excel等办公软件和专业设计工具，具备一定的数据分析与报告撰写能力；
6.具备较强的沟通与协调能力，能够与生产、设备、环保等部门密切合作，保证生产任务的顺利完成。
7.良好的书面与口头表达能力，能够编写技术报告、生产总结、工艺优化方案文件。
 查看全部",CSS / 项目管理 / React / CAD / PMP / AutoCAD / 数据分析 / Go / HTML / jQuery / UG / AI / Excel,矿产开采,https://www.liepin.com/job/1972189379.shtml
445,猎聘,能源/化工/环保,矿物加工,实验室主任,企业,飞翼股份有限公司,500-999人,长沙-宁乡,长沙-宁乡,长沙-宁乡,12-18k,硕士,1-3年,20231011145515,16薪 / 18薪 / 13薪 / 15薪 / 双休 / 14薪,"：
1、接收实验任务，统筹安排相关实验工作；
2、对充填实验室/实验设施进行调研，完成建设方案；
3、对实验设备进行设计开发并进行初步选型，对实验室硬件设施进行完善，提出设备仪器的购置要求；
4、负责实验项目的实施；
5、负责学术论文的撰写与发表及专利的申请。","1、25-40岁，选矿、采矿工程、无机非金属材料（混凝土方向）、化学相关专业；
2、硕士研究生及以上学历，应届及往届毕业生均可，；
3、熟悉矿物加工技术及设备、资源综合利用技术、化学化工相关知识、矿业相关实验方法及实验设备知识、科研方法及手段、试验方案设计及组织、实验数据常规处理方法；具有矿山充填技术经验者优先考虑；
4、具备较强的文字功底，熟练掌握各类办公软件；
5、熟练使用各类仪器仪表和办公软件，身体健康、团队协作意识强，有较强的抗压能力。
 查看全部",CSS / React / PMP / Go / HTML / jQuery / UG / AI,机械/设备,https://www.liepin.com/job/1962137003.shtml
446,猎聘,能源/化工/环保,矿物加工,选矿工程师,企业,长沙立孚资环科技有限公司,1-49人,长沙-岳麓区,长沙-岳麓区,长沙-岳麓区,5-6k·14薪,本科,经验不限,20240422163325,18薪 / 13薪 / 14薪 / 六险,"1、具备安全操作试验设备、完成选矿试验（浮选为主）、进行数据处理；能够独立思考，发现问题，并能提出试验方案等；
2、现场技术服务及产品推广工作。根据工作需要对接客户，必要时到矿山选厂，协助客户解决产品应用等相关技术问题。
3、熟悉浮选药剂的性能、安全使用等相关要求，并能够合理应用于选矿实践。","1、具备矿物加工工程及相关专业理论基础，本科学历以上；能够熟练使用办公软件。
2、无从事矿山或化工工作的禁忌症，无不良嗜好；
3、具有良好的工作态度和学习能力，勤恳务实、吃苦耐劳，具备较强的团队合作能力。
 查看全部",CSS / React / PMP / Go / HTML / jQuery / UG / AI,其他行业,https://www.liepin.com/job/1966441017.shtml
447,猎聘,能源/化工/环保,矿物加工,化工实验室研究员/技术员，选矿工艺研发人员,企业,湖南新株药科技有限责任公司,1-49人,长沙-岳麓区,长沙-岳麓区,长沙-岳麓区,4-6k,本科,经验不限,20210726152936,13薪,"：
 选矿药剂研发，公司主要经营业务为矿物资源综合利用及环境保护技术开发、咨询、工艺设计、现场调试、矿用药剂及环保治理用助剂的研发、制造和销售等，以本部设立技术研究实验室开展小型试验、在矿山企业生产现场开展中、大型实验为经营模式，最终将研究技术成果转让推广应用于采矿行业、矿山环境综合治理及冶炼废渣综合利用。公司致力于开发矿物加工清洁生产的无毒环保新药剂，主要是硫化矿和氧化矿生产所需的新药剂，","新药剂的研发及推广应用
 查看全部",CSS / 项目管理 / React / PMP / Go / HTML / jQuery / UG / AI,机械/设备,https://www.liepin.com/job/1941422571.shtml
448,猎聘,能源/化工/环保,矿物加工,采销高级经理/副总监,企业,湖南中伟控股集团有限公司,10000人以上,长沙-雨花区,长沙-雨花区,长沙-雨花区,20-40k,本科,3年以上,20260609105720,/,"（一）原料采购管理
- 负责锗、铟、镓相关原料（含锗铟镓粗原料等）的采购全流程工作，包括供应商开发、筛选、谈判、签约及维护，建立稳定、优质的采购渠道，保障原料供应及时、合规、成本可控。
- 跟踪锗铟镓原料市场价格走势、行业政策及供需变化，分析市场动态，制定合理的采购策略，优化采购成本，降低采购风险（如价格波动、质量不达标、供应中断等）。
- 负责采购合同的拟定、审核与执行，对接仓储、质检部门，完成原料入库验收、质量核对等工作，处理采购过程中的异常问题（如质量异议、交货延迟等）。
- 建立采购台账，定期统计采购数据，分析采购成本、供应商履约情况，提交采购分析报告，为公司决策提供数据支持。
（二）产品销售管理
- 负责公司锗、铟、镓相关产品（金属制品、化合物、深加工产品等）的市场开拓与销售工作，制定销售计划，达成公司既定销售目标、回款目标。
- 负责销售合同的洽谈、签订与执行，跟进订单交付、回款等全流程，处理销售过程中的客户异议、退换货等异常情况，确保销售流程顺畅。
- 跟踪产品市场需求变化、竞争对手动态，分析销售数据，优化销售策略，拓展销售渠道（如直销、代理、招投标等），提升产品市场占有率。
（三）市场统筹
- 统筹锗铟镓原料采购与产品销售的协同衔接，结合采购成本、市场需求，制定合理的产品定价策略，平衡供需关系，提升产品盈利能力。
- 收集行业前沿信息、技术动态及客户需求，反馈给公司研发、生产部门，推动产品迭代优化，适配市场需求。
- 配合公司挖掘产业链上下游兼并购标的挖掘与评估。
- 完成领导交办的其他相关工作。
三、","（一）学历与专业
- 本科及以上学历，材料科学与工程、冶金工程、市场营销、国际贸易、矿物加工等相关专业优先，985211院校毕业优先。
- 具备3年及以上锗、铟、镓等稀有金属原料采购或产品销售相关工作经验，有成熟的供应商资源或客户资源者优先。
 查看全部",CSS / React / PMP / Go / HTML / jQuery / UG / AI,新能源,https://www.liepin.com/job/1983272789.shtml
449,猎聘,能源/化工/环保,矿物加工,应往届博士生校招（上市企业）,企业,旗滨集团,10000人以上,株洲-醴陵,株洲-醴陵,株洲-醴陵,25-40k,/,/,20260506135844,零食,"】
- 参与公司新材料、新工艺的研发与技术攻关，推动产品升级与创新；
- 协助完成实验设计、数据分析及成果总结，撰写技术报告和专利文档；
- 跟进行业前沿动态，参与科研项目申报与实施，提升企业核心技术竞争力；
- 与团队协作，支持生产流程优化和技术成果转化；
- 掌握材料性能测试与分析（SEM、XRD、TEM、DSC/TGA、力学性能测试等）；
【","】
- 应届或往届博士毕业生，材料科学与工程、化学、矿业工程、矿物加工、无机非金属材料、机电一体化、电气工程、环境科学与工程、无机硅酸盐、有机高分子、高分子材料与工程、自动化、机械工程、材料成型与控制工程等相关专业；
- 具有较强的逻辑思维能力；参与过材料开发、工艺优化或产业化项目经验、具有院校项目/课题开发、对标企业实习经验者优先考虑；
- 具备独立设计实验和团队协作能力，拥有强烈的创新意识。
- 对玻璃及相关新材料领域有浓厚兴趣，愿意长期发展。
截止日期：2027年04月29日
招聘人数：10人
 查看全部",CSS / React / PMP / 数据分析 / Go / HTML / jQuery / UG / AI,建材,https://www.liepin.com/lptjob/82203731
450,猎聘,能源/化工/环保,矿物加工,矿山储备干部,企业,威领新能源股份有限公司,500-999人,郴州-临武县,郴州-临武县,郴州-临武县,4-7k,/,/,20260326154332,五险 / 年度体检 / 节日福利 / 年终奖,"学习并协助完成矿山现场技术、生产巡检、设备运维、测绘测量、选矿工艺、矿石检测、网络与信息安全维护等基础工作
在导师指导下整理技术资料、参与现场实操、执行安全规范
服从公司轮岗培养与岗位安排，快速成长为矿山技术 / 管理人才
三、","2026 届统招专科及以上应届毕业生
专业对口，学习能力强，做事踏实认真
能接受县域矿区工作环境，吃苦耐劳、稳定性强
认同绿色矿山理念，愿意长期在行业发展
四、薪资福利（亮点前置）
薪资：试用期 4000-5000，转正 5000-6000 + 年终奖 + 年度调薪
保障：入职即缴五险，免费食宿（空调独卫 + 三餐）
培养：一对一导师带教 + 系统轮岗 + 定期培训
发展：技术 / 管理双通道，优秀者可破格提拔
关怀：年度体检 + 节日福利 + 稳定工作环境
五、工作地点
湖南省郴州市临武县嘉宇矿业
截止日期：2027年03月26日
招聘人数：20人
 查看全部",CSS / React / PMP / Go / HTML / jQuery / UG / AI,新能源,https://www.liepin.com/lptjob/81271767
451,猎聘,能源/化工/环保,矿物加工,选矿工程师（锡多金属矿）,猎头,广州鑫丰润能源,100-499人,郴州-苏仙区,郴州-苏仙区,郴州-苏仙区,15-25k,本科,5-10年,20260609090338,提供食宿 / 年终奖金 / 16薪 / 18薪 / 年终奖 / 优秀员工奖 / 13薪 / 公司规模大 / 五险 / 定期体检 / 年度旅游,"1、工艺管理：负责选矿厂（破碎、磨矿、重选、浮选、脱水等）日常生产技术管理，制定并优化工艺参数（磨矿细度、浓度、药剂制度、摇床冲程冲次等）。
2、指标攻关：针对锡石及伴生金属（铜、铅、锌、银等）的回收率、精矿品位开展流程考察与技术改造，解决锡石过磨、重选跑尾、浮选分离困难等问题。
3、生产指导：指导磨矿工、重选工、浮选工等关键岗位操作，监控原矿性质变化，及时调整重选、浮选、磁选（若有）联合工艺，稳定生产指标。
4、试验与化验协同：组织或参与选矿小型试验、工业试验，分析化验数据，根据原矿品位、粒度组成制定合理的药剂制度与重选参数。
5、设备与成本：参与选矿设备（球磨机、分级机、摇床、浮选机、过滤机等）的维护与技改，优化介质填充和药剂消耗，控制选矿成本。
6、环保与合规：管理尾矿排放、废水回用及选矿药剂存储使用，确保符合环保要求；建立工艺技术台账，编写操作规程。","1、学历专业：矿物加工工程、选矿工程及相关专业，本科及以上学历（经验丰富者可放宽至大专）。
2、工作经验：5年以上有色金属选矿工作经验，其中至少2年锡多金属矿选矿经历；熟悉锡石重选-浮选-磁选联合工艺者优先。
3、技术能力：掌握锡石重选设备（摇床、螺旋溜槽、跳汰机等）的操作与调试原理；了解伴生硫化矿（铜、铅、锌）浮选工艺及药剂制度；会使用实验室小型选矿设备。
4、分析能力：能独立解读化学多元素分析、粒度分析、物相分析报告，根据数据调整现场工艺；熟练使用办公软件及选矿流程图绘制工具。
5、职业素养：具备强烈的质量意识和成本意识，能适应选厂倒班或现场驻扎。
6、加分项：有尾矿库管理经验或熟悉锡石捕收剂、调整剂等新型药剂应用者优先。
 查看全部",CSS / React / PMP / Go / HTML / jQuery / UG / AI,贸易/进出口,https://www.liepin.com/job/1982742497.shtml
452,猎聘,能源/化工/环保,矿物加工,实验员,猎头,联昱新材料研究院,10000人以上,长沙-岳麓区,长沙-岳麓区,长沙-岳麓区,5-8k,本科,经验不限,20260508102052,节日礼物 / 绩效奖金 / 餐费补贴 / 五险一金 / 交通补助 / 13薪 / 五险 / 定期体检 / 14薪,"】
1. 实验操作与样品处理：负责冶金/化工类实验的样品制备、反应过程监控、数据采集与初步分析，确保实验按规范流程进行。
2. 实验设备维护与管理：负责实验室日常设备的检查、清洁、校准与基础维护，发现异常及时报修，保障设备正常运行。
3. 实验记录与数据整理：及时、准确填写实验原始记录，整理实验数据并形成基础报告，协助完成技术资料的归档与电子化存档。
4. 试剂与物资管理：负责实验试剂、耗材的申领、登记与库存管理，确保物资充足、存放规范、流向清晰。
5. 实验室环境与安全管理：每日巡检实验室环境，落实实验室安全规范（如危化品管理、废液处理、消防器材检查等），保持实验区域整洁有序。
6. 技术资料整理与归档：协助整理研究资料、技术文献及实验数据，参与专业技术资料的分类归档工作（需运用专业知识进行基础分类与初步分析）。
7. 临时事务协助：配合完成部门会议、技术交流等活动的筹备工作；完成领导交办的其他实验辅助及技术相关任务。
【","】
1. 学历专业：本科及以上学历。冶金工程、化学工程、应用化学、环境工程、矿物加工工程（选矿）等相关专业，具备基础实验操作能力者优先。
2.个人形象：年龄22-26岁，身高165cm以上，形象气质佳，具有亲和力！
3.经验背景：有实验室实习或科研项目经验者优先，熟悉基础实验仪器操作及安全规范。
4.语言能力：英语四级或六级通过者优先，具备基本的英文资料阅读与理解能力。
技能素质：
1. 熟练使用Office办公软件（Word、Excel、PPT），具备基础数据处理能力。
2. 工作细致认真，责任心强，具备良好的动手能力、观察力及沟通协调能力。
3. 职业规划：愿意扎根实验技术工作，有志于长期在冶金/化工行业深入发展，未来可向高级实验员/技术工程师方向培养。
 查看全部",沟通协调 / CSS / 英语 / React / PMP / Go / HTML / jQuery / UG / AI / Excel / 英语四级,专业技术服务,https://www.liepin.com/job/1980982017.shtml
453,猎聘,能源/化工/环保,矿物加工,选矿工程师,猎头,中经(长沙)矿业科技有限公司,1-49人,长沙-雨花区,长沙-雨花区,长沙-雨花区,5-10k,统招本科,经验不限,20260518092139,发展空间大 / 年终奖金 / 团队聚餐 / 绩效奖金 / 餐费补贴 / 领导好 / 年终奖 / 18薪 / 五险一金 / 13薪 / 海外保险 / 五险 / 聚餐 / 定期体检 / 14薪,"：
1、具备安全操作试验设备、完成选矿试验、进行数据处理能力；
2、能够独立思考，发现问题，并能提出试验方案等；
3、参与选矿工艺流程设计，选矿厂设备选型，协助项目组推进选矿项目；
4、矿物加工及相关专业本科及以上学历，具备相关专业理论基础；
5、具有良好的工作态度和学习能力，勤恳务实、吃苦耐劳，工作服从安排。
一经录用，待遇优厚，公司给个人提供良好的发展空间！ 
工作地点：湖南长沙
福利待遇：五险一金，基本工资+绩效工资+年终奖金
 查看全部","2. 如您应聘的岗位属于涉外劳务合作/海外岗位的，请务必核实招聘方对外劳务合作资质取得情况，同时注意自身资金安全，防范招聘欺诈。
 3. 本平台招聘方不向求职者提供任何收费服务。
 查看全部
 相关推荐
 展开
 长沙选矿工程师招聘
 长沙选矿助剂工程师招聘
 长沙探矿工程高级工程师招聘
 长沙海外选矿工艺工程师招聘
 长沙选矿厂工程师招聘
 长沙选矿工程师助理招聘
 长沙锂矿选矿工程师招聘
 长沙选矿药剂工程师招聘
 长沙矿山开发工程师招聘
 长沙选矿厂生产经理招聘
 长沙选矿工程师岗位招聘
 长沙金属矿选矿工程师招聘
 长沙洗选矿班长招聘
 长沙锰矿工程师招聘
 长沙选冶工程师招聘
 长沙选矿车间主管招聘
 长沙水力工程师招聘
 长沙砂石工艺工程师招聘
 长沙选煤设计工程师招聘
 长沙矿山技术工程师招聘
 长沙化工实验室工程师招聘
 长沙选矿设计招聘
 长沙洗选矿矿长招聘
 长沙选矿专家招聘
 长沙选矿设计师招聘
 长沙选矿主管招聘
 长沙通防工程师招聘
 长沙选矿厂经理招聘
 长沙技术科招聘
 长沙矿物选矿实验员招聘
 相关公司
 上海新蕾商用设备有限公司
 湖南铭烨建材有限公司
 中煤招标有限责任公司
 新华联矿业有限公司
 长沙晋鑫消防器材有限责任公司
 湖南新宇金属制品有限公司
 湖南拓曼节能科技股份有限公司
 内蒙古新太实业集团有限公司
 湖南金磨科技有限责任公司
 百艾新材料科技有限公司
 湖南广益矿山勘察设计有限公司
 海南中钛新材料有限公司
 湖南航盛新能源材料有限公司
 湖南博川生物质新材料科技有限公司
 烟台海林建材有限公司
 金钼股份
 长沙云达建材有限公司
 湖南中云图
 湖南氟瑞矿业有限公司
 湖南有色金属控股集团有限公司
 天雄港矿业
 长沙安安金属制品有限公司
 宏大爆破工程集团有限责任公司
 枝江市禄雾砂商贸有限公司
 赣州中科拓又达智能装备科技有限公司
 湖南东方红建设集团园林有限公司
 廊坊祁源保温材料有限公司
 热门城市
 北京招聘网
 上海招聘网
 广州招聘网
 厦门招聘网
 杭州招聘网
 郑州招聘网
 南京招聘网
 天津招聘网
 重庆招聘网
 成都招聘网
 苏州招聘网
 商丘招聘网
 大连招聘网
 济南招聘网
 宁波招聘网
 无锡招聘网
 青岛招聘网
 沈阳招聘网
 台州招聘网
 西安招聘网
 武汉招聘网
 热门招聘
 北京招聘信息
 上海招聘信息
 广州招聘信息
 厦门招聘信息
 杭州招聘信息
 郑州招聘信息
 南京招聘信息
 天津招聘信息
 重庆招聘信息
 成都招聘信息
 苏州招聘信息
 商丘招聘信息
 大连招聘信息
 济南招聘信息
 宁波招聘信息
 无锡招聘信息
 青岛招聘信息
 沈阳招聘信息
 台州招聘信息
 西安招聘信息
 武汉招聘信息
 长沙招聘网
 >
 长沙选矿工程师招聘
 >
 选矿工程师招聘
 收藏职位
 立即沟通
 更新时间：2026-06-10",CSS / React / PMP / Go / HTML / jQuery / UG / AI,矿产开采,https://www.liepin.com/job/1982324041.shtml
454,猎聘,能源/化工/环保,矿物加工,客服经理/主管,猎头,广州芩款科技有限公司,/,广州-增城区,广州-增城区,广州-增城区,7-8k,本科,经验不限,20240413174721,16薪 / 13薪 / 14薪 / 15薪,"客服经理/主管职位已暂停招聘_猎聘
 该职位已暂停招聘
 投递了该职位的人还查看了
 计算机视觉/深度学习算法研发工程师 30-60k·16薪
 Baidu 已上市
 北京
 经验不限
 硕士
 朱先生
 ·
 招聘
 信用卡客户经理 6-10k
 兴业银行股份有限公司广州美林社区支行 
 广州-越秀区
 经验不限
 本科
 谭先生
 ·
 支行零售行长
 公司业务部门经理/主管 8-12k
 重庆酷网云网络科技有限公司 
 重庆
 经验不限
 学历不限
 廖先生
 ·
 总经理
 智驾端到端大模型 40-70k
 某西安大型整车制造公司 融资未公开
 重庆
 3-5年
 硕士
 杨先生
 ·
 猎头顾问
 算法主任工程师 40-60k
 某重庆新能源汽车上市公司 已上市
 重庆
 5-10年
 本科
 董女士
 ·
 高级猎头
 AI算法工程师（大模型全栈） 18-25k
 杭州科芯未来工程技术研究有限责任公司 
 杭州-滨江区
 经验不限
 本科
 奚先生
 ·
 技术合伙人
 语音识别专家 100-200k
 某重庆整车制造上市公司 已上市
 重庆
 5-7年
 硕士
 邓女士
 ·
 猎头顾问
 促销员 4-9k
 贵州裕泰通讯科技有限公司 
 贵阳
 经验不限
 学历不限
 刘女士
 ·
 人事
 计算机视觉算法工程师 25-50k·15薪
 北京京东振世信息技术有限公司 
 北京
 经验不限
 硕士
 谷先生
 ·
 深度学习算法工程师
 资深算法工程师 30-60k·13薪
 华为 战略融资
 北京-海淀区
 经验不限
 硕士
 王先生
 ·
 算法工程师
 多模态大模型Infra算法工程师 26-50k·15薪
 上海无垠跃迁科技有限公司 
 北京-海淀区
 3年以上
 本科
 周先生
 ·
 首席执行官CEO/总裁/总经理
 销售总监 10-13k
 可可香 融资未公开
 重庆-九龙坡区
 经验不限
 本科
 向女士
 ·
 销售经理
 大模型算法 35-55k
 某成都大型培训服务公司 
 重庆
 5-10年
 学历不限
 石先生
 ·
 猎头顾问
 AI生物应用工程师 10-25k
 远想生物 战略融资
 广州-番禺区
 1年以下
 本科
 苏女士
 ·
 hrbp
 大模型算法工程师 30-50k
 某知名公司 
 重庆
 3-5年
 博士
 王先生
 ·
 资深顾问(SC)
 科研客户经理 10-15k
 某南京制药上市公司 已上市
 深圳
 经验不限
 硕士
 曾女士
 ·
 猎头顾问
 计算机视觉高级算法工程师 20-21k
 上海一思维教育技术有限公司 
 上海-浦东新区
 经验不限
 博士
 周女士
 支付解决方案负责人 10-15k
 九世窖藏 不需要融资
 贵阳-观山湖区
 5年以上
 统招本科
 胡先生
 ·
 总经理
 AI infra优化工程师 40-70k·13薪
 昆仑天工科技有限公司 不需要融资
 北京-东城区
 1-3年
 本科
 尹女士
 ·
 招聘
 AI应用开发工程师 11-22k
 广州有信科技有限公司 已上市
 广州-天河区
 1-3年
 统招本科
 钟女士
 ·
 HR
 销售代表 8-12k
 重庆酷网云网络科技有限公司 
 重庆
 经验不限
 学历不限
 廖先生
 ·
 总经理
 营销服AI大模型训练工程师-国企 20-40k
 某重庆整车制造上市公司 已上市
 重庆
 5-10年
 统招本科
 刘女士
 ·
 猎头顾问
 电话销售专员 4-8k
 上海杰瑞空气设备有限公司 融资未公开
 上海
 经验不限
 学历不限
 金女士
 ·
 人事经理
 计算机视觉算法工程师 25-35k·14薪
 湖州深光科技有限公司 A轮
 北京-海淀区
 经验不限
 本科
 杨女士
 ·
 团队负责人
 产品经理 6-12k
 贵州监信数据开发有限公司 融资未公开
 贵阳-观山湖区
 3-5年
 本科
 简先生
 ·
 HR
 女装运营专家 25-50k·14薪
 拼多多(上海)网络科技有限公司 融资未公开
 上海
 5-10年
 本科
 吴女士
 ·
 女装
 计算机视觉算法工程师 17-30k
 湖州深光科技有限公司 A轮
 北京
 经验不限
 本科
 王先生
 ·
 助理
 AI工程师 20-40k
 某重庆整车制造上市公司 已上市
 重庆
 3-5年
 统招本科
 于女士
 ·
 猎头顾问
 区域销售专员/助理 3-5k
 重庆梵润诚物联网科技有限公司 
 重庆
 经验不限
 大专
 李先生
 ·
 经理
 深度学习 9-12k
 星群(北京)科技发展有限公司 融资未公开
 北京-海淀区
 经验不限
 本科
 朱女士
 ·
 行政人事",/,CSS / 深度学习 / React / PMP / 算法 / HTML / jQuery / UG / AI,IT服务,https://www.liepin.com/job/1966230155.shtml
455,猎聘,能源/化工/环保,矿物加工,选矿工程师/技术员,猎头,古田天宝矿业有限公司福州分公司,1-49人,益阳-桃江县,益阳-桃江县,益阳-桃江县,8-16k,本科,3-5年,20260610134153,/,"• 核心负责承接外部专家的选矿回收率相关技术成果，深入研究成果落地细节，结合矿山实际生产条件，制定科学可行的深化实施方案，推动回收率指标持续提升，助力资源高效利用。
• 运用矿物加工专业知识，优化现有选矿工艺流程，包括破碎、磨矿、浮选、磁选等关键环节的参数调整，解决生产过程中出现的选矿技术难题，保障生产稳定高效运行。
• 配合外部专家开展选矿试验、技术指导等相关工作，做好技术资料的整理、归档与分析，形成可复制、可推广的技术经验，推动选矿工艺迭代升级。
• 跟踪选矿生产指标，定期分析选矿回收率、精矿品位等关键数据，结合生产实际提出技术改进建议，降低生产成本、提升生产效益。
• 协助完善选矿技术操作规程，参与一线操作人员的技术培训与指导，提升团队整体技术水平，确保工艺标准落地执行。
• 关注行业内选矿新技术、新设备、新药剂的发展动态，结合企业实际情况探索应用，助力企业实现绿色、低碳、高效选矿。
• 专业要求：本科及以上学历，矿物加工工程、选矿工程等相关专业，扎实掌握矿物加工、选矿工艺等核心专业知识，熟悉选矿回收率相关计算方法与优化技巧。
• 经验要求：具备3-5年及以上选矿相关工作经验，有矿山现场选矿操作、工艺优化或回收率提升相关工作经历者优先；熟悉常见选矿设备（球磨机、浮选机等）及药剂使用，能独立处理基础选矿技术问题。
•","具备良好的沟通协调能力，能高效对接外部专家，精准承接技术成果并推动深化落地；具备较强的数据分析、问题解决能力，做事严谨负责，有较强的责任心和团队协作精神。
• 其他要求：身体健康，能适应矿山现场工作环境；认同企业发展理念，服从工作安排，无职业禁忌症。
 查看全部",沟通协调 / 身体健康 / CSS / React / PMP / 数据分析 / Go / HTML / jQuery / UG / AI / 无职业禁忌症。,矿产开采,https://www.liepin.com/job/1983035007.shtml
456,猎聘,能源/化工/环保,矿物加工,选矿工程师,猎头,长沙华时捷环保科技发展股份有限公司,100-499人,长沙-岳麓区,长沙-岳麓区,长沙-岳麓区,10-20k,本科,5年以上,20260514140537,18薪 / 绩效奖金 / 通讯补助 / 五险一金 / 交通补助 / 全勤奖 / 包吃 / 节日福利 / 13薪 / 15薪 / 通讯津贴 / 双休 / 五险,"：
1、负责收集选矿或者冶金相关企业的技术问题，并不断完善升化相关的工艺技术；
2、负责选矿相关技术开发工作，开展或指导选矿试验设备采购、试验设计、实验操作，结果分析和方案调整；
3、参与研发项目小试、中试、新技术现场调试指导、试运行，并出具相关实现报告；
4、领导安排的其他工作。","1、本科及以上学历，选矿工程、矿物加工工程、冶炼相关专业；
2、有五年年以上选矿技术开发经验；
3、具有较强的文档书写、团队沟通协调，时间管理及抗压能力；
4、具有强烈责任心，能接受出差。",沟通协调 / CSS / React / PMP / Go / HTML / jQuery / UG / AI,环保,https://www.liepin.com/job/1982533933.shtml
457,猎聘,能源/化工/环保,矿物加工,选矿工程师（驻海外）,猎头,尔康制药,1000-2000人,长沙-浏阳,长沙-浏阳,长沙-浏阳,25-35k,本科,3-5年,20260605165641,绩效奖金 / 节假日礼品礼金等；3 / 尼日利亚等） / 发展空间大 / 16薪 / 节日礼物 / 员工休假：带薪回国探亲假共30天 / 五险一金 / 13薪 / 五险 / 上市公司 / 年终奖金 / 国内五险一金与国外险种 / 包住 / 年终奖 / 包吃 / 公司规模大 / 探亲假 / 带薪年假 / 包吃包住,"】
1、负责选矿工艺技术管理和技术指导工作；
2、指导制订选矿生产计划和保证措施；
3、负责取样、试验、化验及选矿生产线提供技术指导；
4、跟踪现场选矿流程，及时发现问题解决问题；
5、负责选矿设备的优选和选矿的技术经济分析工作。
【","】
1、选矿专业、矿物加工相关专业本科以上学历，
2、具有相关有色金属选矿工作经验，具有较强的独立工作能力；
3、熟悉选矿理论、选矿技术、选矿设备、生产工艺和生产流程等；
4、英文熟练、可以接受外派工作者优先。
【福利待遇】
1、薪酬：基本工资+绩效工资+年终奖金；
2、福利：国内五险一金与国外险种、包吃包住、节假日礼品礼金等；
3、员工休假：带薪回国探亲假共30天/年（公司承担来回机票费用与签证费用）；
【工作地点】
驻海外（坦桑尼亚、尼日利亚等）
 查看全部",CSS / React / PMP / Go / HTML / jQuery / UG / AI,制药,https://www.liepin.com/job/1978595457.shtml
458,猎聘,能源/化工/环保,矿物加工,选矿服务工程师,猎头,中联重科,10000人以上,长沙-长沙县,长沙-长沙县,长沙-长沙县,9-14k·13薪,大专,3-5年,20260512142902,发展空间大 / 18薪 / 领导好 / 技能培训 / 五险一金 / 13薪 / 海外保险 / 15薪 / 公司规模大 / 五险 / 免费班车 / 公司提供专车 / 班车 / 岗位晋升 / 14薪 / 提供住宿,"1.工艺技术支持：负责 ** 选矿全流程（破碎、磨矿、分级、分选、脱水、尾矿处理）** 技术服务，制定 / 优化选矿工艺方案。
2.设备调试与运维：负责球磨机、破碎机、浮选机、磁选机、浓密机等选矿设备的安装、调试、验收、巡检、故障处理与维护指导。
3.现场问题解决：驻场解决客户选矿生产工艺指标不达标、设备适配故障、药剂配比优化等技术难题。
4.技术培训与方案输出：为客户提供选矿工艺、设备操作、维护保养、安全规范培训；编制工艺流程图、设备布置图与技术报告。
5.质量与数据反馈：收集分析选矿生产数据，反馈设备与工艺质量问题，推动产品与技术升级。
6.客户与项目协同：维护客户关系，参与售前技术交流、工况勘察、设备选型推荐，配合销售完成项目落地。
7.出差 / 驻点：机动服务行业，长期驻选矿厂或高频出差，覆盖国内主要矿区，接受海外项目派驻。","学历专业：大专及以上，矿物加工工程、选矿工程、冶金工程、矿业工程等相关专业。
工作经验：2 年及以上选矿厂现场技术服务 / 工艺设计 / 设备运维经验，熟悉黑色 / 有色金属、非金属矿选矿工艺。
技能能力：精通选矿工艺与设备原理，能独立调试工艺参数、解决现场技术问题；熟练使用 AutoCAD、Excel；具备良好技术沟通、方案编制、抗压能力。
其他：能吃苦耐劳、适应矿区环境；持驾照优先；接受长期驻外 / 驻点。
 查看全部",CSS / React / CAD / PMP / AutoCAD / jQuery / HTML / Go / 能吃苦耐劳 / 驻点。 / UG / AI / Excel,机械/设备,https://www.liepin.com/job/1982461397.shtml
459,猎聘,能源/化工/环保,矿物加工,技术总监,猎头,中材常德水泥有限责任公司,100-499人,长沙-开福区,长沙-开福区,长沙-开福区,30-50k,大专,10年以上,20260508151002,需适应出差要求 / 根据需要可能阶段性派驻湖南 / 节日福利 / 晋升通道。四 / 晋升通道 / 团队建设 / 六险 / 16薪 / 五险一金 / 年度健康体检 / 五险 / 工作地点湖南省长沙市 / 法定节假日 / 住房补贴 / 免费食宿 / 带薪年假 / 五险一金（视企业效益增加企业养老年金） / 技能培训 / 广东项目现场。 / 15薪,"1.全面负责水泥窑技改生产硫酸锂项目全流程技术工作。工艺方案、PFD/PID及项目实施计划。
2. 项目投资决策阶段：负责组织可研及初步设计的编制、评审工作，重点是总图布置、工艺路线选择与优化、设备选型、成本与投资收益测算，对接行业资源、设计院、设备厂家及锂矿供应链，跟踪新技术、新工艺并落地应用，为投资决策提供技术意见。
3、项目建设阶段：统筹设备选型、材质选型、安装调试、员工培训、试生产及达产达标工作，统筹工艺、设备、自控、安环一体化管理。
4、项目生产阶段：制定生产技术标准、操作规程、质量管理体系，搭建并管理技术团队，培养工艺、设备、质检、自控人才，解决生产运行中的重大技术难题，确保锂转化率、产品回收率、硫酸锂产品纯度、生产成本控制等关键指标达标。
二、","1. 学历专业：大专及以上学历，冶金工程、化学工程与工艺、矿物加工工程、无机非金属材料工程、水泥工艺等相关专业。
2. 工作经验：10年以上工业领域技术管理经验，5年以上的年产2万吨以上生产碳酸锂（碳酸锂）总工或技术负责人岗位经验，对利用锂辉石（锂云母）生产碳酸锂的工艺、技术有深刻理论知识和丰富实践经验。
3. 专业能力：精通锂辉石硫酸法提锂全流程工艺与生产管理，熟练掌握高温焙烧、酸性工况、蒸发结晶、杂质精准控制等核心技术；掌握全过程生产成本一手数据，具有生产线成本核算经验。
4. 综合素养：熟悉国家环保、安全、能耗相关政策法规，具备优秀的项目统筹、团队管理、跨部门协调与资源整合能力。
5. 职业素养：能接受驻厂推进项目，具备极强的抗压能力、结果导向意识与责任心。
6.拥有水泥窑/回转窑技改生产锂盐完整项目实操经验，具备万吨级及以上锂盐项目从设计、建设到达产成功案例者优先；熟悉锂盐行业供应链与市场趋势者优先。
三、薪资待遇
1. 薪酬：面议
2. 福利：五险一金（视企业效益增加企业养老年金）、免费食宿 / 住房补贴、带薪年假、法定节假日、年度健康体检、节日福利、技能培训、晋升通道。
四、工作地点
湖南省长沙市，需适应出差要求，根据需要可能阶段性派驻湖南、广东项目现场。
 查看全部",CSS / 项目管理 / 团队管理 / React / PMP / Go / HTML / jQuery / UG / AI,非金属矿物制品,https://www.liepin.com/job/1982352381.shtml
460,猎聘,能源/化工/环保,矿物加工,海外选矿工程师,猎头,埃索凯科技股份有限公司,500-999人,长沙-岳麓区,长沙-岳麓区,长沙-岳麓区,6-10k·15薪,本科,2年以上,20260608084803,绩效奖金 / 晋升空间 / 聚餐 / 六险 / 发展空间大 / 节日礼物 / 五险一金 / 13薪 / 五险 / 定期体检 / 法定节假日 / 团队聚餐 / 年终奖金 / 餐费补贴 / 年终奖 / 周末双休 / 带薪年假 / 18薪 / 15薪 / 双休,"高亮：该岗位常驻长沙，具备出国考察锻炼机会，欢迎合适人才投递！
一、工作内容
1. 开展海外矿产资源技术调研，收集资源品质、开采工艺等资料，建立信息台账；
2. 评估资源可用性（品质、储量、开采条件、加工成本、运输等），判断是否匹配集团需求；
3. 参与海外实地踏勘，与供应商、政府等专业沟通，核验技术参数并提供现场意见；
4. 编制技术评估报告，提供数据支撑与风险建议；
5. 跟踪全球关键金属技术、政策动态，输出行业分析及前瞻建议。
二、","1. 本科及以上学历，矿产勘查、冶金、材料、地质、矿物加工等相关专业，关键金属背景优先；
2. 2年以上矿产资源评估/技术调研经验，有海外资源考察经验优先；
3. 掌握资源检测、开采工艺、矿物加工、湿法冶金等知识，熟悉关键金属技术规范；
4. 熟练使用Surfer、MapGIS、Excel等分析工具，具备优秀报告撰写能力；
5. 必备技能：英语可以作为工作语言
6. 沟通协调、抗压能力强、工作严谨负责；
7. 身体健康，适应较高强度的海外出差及野外作业。
三、福利待遇
周末双休、入职购买五险一金、年终绩效奖金、晋升空间大
 查看全部",沟通协调 / CSS / 英语 / React / PMP / Go / HTML / jQuery / UG / AI / Excel,新能源,https://www.liepin.com/job/1981752831.shtml
461,猎聘,能源/化工/环保,矿物加工,选矿工程师,猎头,中经(长沙)矿业科技有限公司,1-49人,长沙-雨花区,长沙-雨花区,长沙-雨花区,5-10k,统招本科,5年以下,20260518091954,发展空间大 / 年终奖金 / 餐费补贴 / 绩效奖金 / 领导好 / 年终奖 / 技能培训 / 18薪 / 五险一金 / 交通补助 / 13薪 / 五险 / 定期体检 / 14薪,"：
1、具备安全操作试验设备、完成选矿试验、进行数据处理能力；
2、能够独立思考，发现问题，并能提出试验方案等；
3、参与选矿工艺流程设计，选矿厂设备选型，协助项目组推进选矿项目；
4、矿物加工及相关专业本科及以上学历，具备相关专业理论基础；
5、具有良好的工作态度和学习能力，勤恳务实、吃苦耐劳，工作服从安排。
一经录用，待遇优厚，公司给个人提供良好的发展空间！ 
工作地点：湖南长沙
福利待遇：五险一金，基本工资+绩效工资+年终奖金
 查看全部","2. 如您应聘的岗位属于涉外劳务合作/海外岗位的，请务必核实招聘方对外劳务合作资质取得情况，同时注意自身资金安全，防范招聘欺诈。
 3. 本平台招聘方不向求职者提供任何收费服务。
 查看全部
 相关推荐
 展开
 长沙选矿工程师招聘
 长沙选矿助剂工程师招聘
 长沙探矿工程高级工程师招聘
 长沙海外选矿工艺工程师招聘
 长沙选矿厂工程师招聘
 长沙选矿工程师助理招聘
 长沙锂矿选矿工程师招聘
 长沙选矿药剂工程师招聘
 长沙矿山开发工程师招聘
 长沙选矿厂生产经理招聘
 长沙选矿工程师岗位招聘
 长沙金属矿选矿工程师招聘
 长沙洗选矿班长招聘
 长沙锰矿工程师招聘
 长沙选冶工程师招聘
 长沙选矿车间主管招聘
 长沙水力工程师招聘
 长沙砂石工艺工程师招聘
 长沙选煤设计工程师招聘
 长沙矿山技术工程师招聘
 长沙化工实验室工程师招聘
 长沙选矿设计招聘
 长沙洗选矿矿长招聘
 长沙选矿专家招聘
 长沙选矿设计师招聘
 长沙选矿主管招聘
 长沙通防工程师招聘
 长沙选矿厂经理招聘
 长沙技术科招聘
 长沙矿物选矿实验员招聘
 相关公司
 上海新蕾商用设备有限公司
 湖南铭烨建材有限公司
 中煤招标有限责任公司
 新华联矿业有限公司
 长沙晋鑫消防器材有限责任公司
 湖南新宇金属制品有限公司
 湖南拓曼节能科技股份有限公司
 内蒙古新太实业集团有限公司
 湖南金磨科技有限责任公司
 百艾新材料科技有限公司
 湖南广益矿山勘察设计有限公司
 海南中钛新材料有限公司
 湖南航盛新能源材料有限公司
 湖南博川生物质新材料科技有限公司
 烟台海林建材有限公司
 金钼股份
 长沙云达建材有限公司
 湖南中云图
 湖南氟瑞矿业有限公司
 湖南有色金属控股集团有限公司
 天雄港矿业
 长沙安安金属制品有限公司
 宏大爆破工程集团有限责任公司
 枝江市禄雾砂商贸有限公司
 赣州中科拓又达智能装备科技有限公司
 湖南东方红建设集团园林有限公司
 廊坊祁源保温材料有限公司
 热门城市
 北京招聘网
 上海招聘网
 广州招聘网
 厦门招聘网
 杭州招聘网
 郑州招聘网
 南京招聘网
 天津招聘网
 重庆招聘网
 成都招聘网
 苏州招聘网
 商丘招聘网
 大连招聘网
 济南招聘网
 宁波招聘网
 无锡招聘网
 青岛招聘网
 沈阳招聘网
 台州招聘网
 西安招聘网
 武汉招聘网
 热门招聘
 北京招聘信息
 上海招聘信息
 广州招聘信息
 厦门招聘信息
 杭州招聘信息
 郑州招聘信息
 南京招聘信息
 天津招聘信息
 重庆招聘信息
 成都招聘信息
 苏州招聘信息
 商丘招聘信息
 大连招聘信息
 济南招聘信息
 宁波招聘信息
 无锡招聘信息
 青岛招聘信息
 沈阳招聘信息
 台州招聘信息
 西安招聘信息
 武汉招聘信息
 长沙招聘网
 >
 长沙选矿工程师招聘
 >
 选矿工程师招聘
 收藏职位
 立即沟通
 更新时间：2026-06-09",CSS / React / PMP / Go / HTML / jQuery / UG / AI,矿产开采,https://www.liepin.com/job/1977448783.shtml
462,猎聘,能源/化工/环保,矿物加工,产品开发工程师,猎头,友山科技,2000-5000人,长沙-岳麓区,长沙-岳麓区,长沙-岳麓区,7-11k,统招本科,1年以上,20260310100153,双休 / 13薪 / 14薪 / 15薪,"1、实验准备与执行：根据下达的实验任务单，独立完成实验前的所有物料、仪器、设备准备工作（每日下班前完成）；
2、过程监控与记录：在实验过程中，实时、准确观察和记录关键参数、实验现象及原始数（实验中记录）；
3、实验方案制定：向主管工程师或部门负责人汇报项目进度和存在问题，分析原因，共同完成实验方案制定；
4、设备维护与操作：负责日常使用仪器设备的规范操作、点检、清洁和基础维护保养，协助完成定期校验工作（每次实验后完成）；
5、安全与7S遵守：严格遵守实验室安全规程、化学品管理制度及7S现场管理要求，保障个人及实验室安全与环境整洁（当日完成）。
二）","1、本科及以上学历，选矿、矿物加工相关专业；
2、有1年以上相关工作经验者优先，拥有扎实的化学、化工原理或矿物加工基础理论教育背景；
3、理解常见的化工单元操作原理；
4、了解选矿主要工艺环节。
 查看全部",CSS / React / PMP / Go / HTML / jQuery / UG / AI,新能源,https://www.liepin.com/job/1980713449.shtml
463,猎聘,能源/化工/环保,矿物加工,选矿工程师,猎头,新疆有色冶金设计研究院有限公司四川分公司,50-99人,长沙-岳麓区,长沙-岳麓区,长沙-岳麓区,25-35k,本科,3年以上,20250917110701,16薪 / 18薪 / 13薪 / 15薪 / 14薪 / 六险,"1.负责矿山选矿工程设计，包括初步设计、技术条件设计以及详细施工图、竣工图设计、设计变更;
2.负责矿山矿矿厂选址、工艺方案设计及概算预估;
3.配合甲方解决项目中出现的选矿方面问题;
4.负责矿山选矿厂现场安全检查;
5.其他设计相关事项跟进处理。","1.具有选矿工程师及以上职称；
2.选矿（矿物加工专业）专业本科及以上学历（无职称需硕士及上学历）;
3.有良好的专业基础知识、设计动手能力、设计沟通能力和团队协作精神，熟悉岗位工作、有设计工作经历者优先;
4.能熟练使用AutoCAD等专业所必需的软件。
 查看全部",CSS / React / CAD / PMP / AutoCAD / Go / HTML / jQuery / UG / AI,专业技术服务,https://www.liepin.com/job/1976522539.shtml
464,猎聘,能源/化工/环保,矿物加工,选矿研发员,猎头,大中矿业,2000-5000人,郴州-临武县,郴州-临武县,郴州-临武县,12-18k,本科,经验不限,20250610161310,18薪 / 优秀员工奖 / 扁平管理 / 五险一金 / 五险,"：
1、负责选矿工艺的研究与开发工作；
2、参与新选矿技术的实验与测试，优化选矿流程；
3、跟踪国内外选矿技术发展动态，提出改进方案。","1、硕士及以上学历，矿物加工工程或相关专业；
2、具有扎实的选矿理论知识和实践经验；
3、具备良好的团队协作精神和沟通能力；
4、能够适应一定的工作压力，有创新意识和解决问题的能力；
5、认同公司文化，接受扁平化管理的工作环境；
6、享受五险一金及优秀员工奖励等福利待遇。
 查看全部",CSS / React / PMP / Go / HTML / jQuery / UG / AI,矿产开采,https://www.liepin.com/job/1974657013.shtml
465,猎聘,能源/化工/环保,矿物加工,采销高级经理,猎头,湖南中伟控股集团有限公司,10000人以上,长沙-雨花区,长沙-雨花区,长沙-雨花区,20-30k·15薪,本科,5-10年,20260302083624,13薪 / 14薪 / 15薪,"（一）原料采购管理
- 负责锗、铟、镓相关原料（含锗铟镓粗原料等）的采购全流程工作，包括供应商开发、筛选、谈判、签约及维护，建立稳定、优质的采购渠道，保障原料供应及时、合规、成本可控。
- 跟踪锗铟镓原料市场价格走势、行业政策及供需变化，分析市场动态，制定合理的采购策略，优化采购成本，降低采购风险（如价格波动、质量不达标、供应中断等）。
- 负责采购合同的拟定、审核与执行，对接仓储、质检部门，完成原料入库验收、质量核对等工作，处理采购过程中的异常问题（如质量异议、交货延迟等）。
- 建立采购台账，定期统计采购数据，分析采购成本、供应商履约情况，提交采购分析报告，为公司决策提供数据支持。
（二）产品销售管理
- 负责公司锗、铟、镓相关产品（金属制品、化合物、深加工产品等）的市场开拓与销售工作，制定销售计划，达成公司既定销售目标、回款目标。
- 负责销售合同的洽谈、签订与执行，跟进订单交付、回款等全流程，处理销售过程中的客户异议、退换货等异常情况，确保销售流程顺畅。
- 跟踪产品市场需求变化、竞争对手动态，分析销售数据，优化销售策略，拓展销售渠道（如直销、代理、招投标等），提升产品市场占有率。
（三）市场统筹
- 统筹锗铟镓原料采购与产品销售的协同衔接，结合采购成本、市场需求，制定合理的产品定价策略，平衡供需关系，提升产品盈利能力。
- 收集行业前沿信息、技术动态及客户需求，反馈给公司研发、生产部门，推动产品迭代优化，适配市场需求。
- 配合公司挖掘产业链上下游兼并购标的挖掘与评估。
- 完成领导交办的其他相关工作。
三、","（一）学历与专业
- 本科及以上学历，材料科学与工程、冶金工程、市场营销、国际贸易、矿物加工等相关专业优先，985院校毕业优先。
- 具备3年及以上锗、铟、镓等稀有金属原料采购或产品销售相关工作经验，有成熟的供应商资源或客户资源者优先。
 查看全部",CSS / React / PMP / Go / HTML / jQuery / UG / AI,新能源,https://www.liepin.com/job/1980492101.shtml
466,猎聘,能源/化工/环保,矿物加工,销售经理（新能源或干法方向）,猎头,派勒科技集团有限公司,500-999人,长沙-长沙县,长沙-长沙县,长沙-长沙县,8-15k,大专,3年以上,20260126104616,带薪年假 / 团队聚餐 / 绩效奖金 / 五险一金 / 13薪 / 15薪 / 居家办公 / 五险 / 聚餐 / 岗位晋升 / 14薪,"：
1. 开拓新市场、挖掘新客户，做好老客户的跟踪维护工作；
2. 完成销售总监下达的各项销售任务指标；
3. 为客户提供相关的技术支持与服务；收集客户的信息反馈；
4. 负责向客户提供报价，拟定销售合同，跟踪项目的执行情况，及时收回货款；
5. 负责具体实施销售项目过程中的各项协调工作，及时向销售总监反馈项目的进程；
6. 定期汇报竞争对手信息以及行业市场动态；
7. 积极参与公司的市场宣传活动。","1、大专以上学历，机械、化工、材料、矿物加工、粉体工程等相关工科专业背景优先；
2、新能源方向：两年以上锂电行业前端生产设备销售经验，有研磨机销售经验或电池材料生产大客户销售经验优先；熟悉锂电行业现状及市场布局，有气流磨与粉体输送项目经验优先；
干法方向：5年以上工业设备B2B销售经验，其中至少3年以上干法粉体加工设备（气流磨、球磨、立磨、分级机等）、矿山机械或相关流程工业设备销售经验者优先；具备成功的大客户销售或系统项目销售案例，有从零开拓新行业市场经验者尤佳。
4、专注勤奋，积极进取，敢于挑战；
5、良好的职业素养和沟通能力，情商高，学习能力强；
6、精力充沛，适应不定期出差及应酬。
 查看全部",CSS / React / PMP / Go / HTML / jQuery / UG / AI,机械/设备,https://www.liepin.com/job/1979988441.shtml
467,猎聘,能源/化工/环保,矿物加工,选矿设计师,猎头,紫金矿业集团股份有限公司,10000人以上,长沙-岳麓区,长沙-岳麓区,长沙-岳麓区,25-45k,硕士,3-10年,20260320083748,16薪 / 带薪年假 / 年终奖金 / 绩效奖金 / 18薪 / 年终奖 / 住房补贴 / 五险一金 / 公司规模大 / 五险 / 六险,"：
1、负责选矿厂工程设计，主要设计内容包括：可行性研究、初步设计、安全设施设计、方案设计、施工图设计；
2、较强的专业设计管理能力和领导能力，能负责项目专业团队的工作协调组织，能指导助理工程师开展设计；
3、较强项目现场配合与技术指导能力，能处理与工程项目相关的内外部关系。
4、具备编写可研、初步设计、资源开发利用方案、安全实施设计等文件和开展施工图设计的能力。","1、矿物加工专业硕士研究生及以上学历，工程师及以上职称；
2、有3年以上的选矿厂设计经验，能独立完成选矿厂高阶段及施工图设计工作；
3、较强项目现场配合与技术指导能力和团队协助意识；
4、能适应项目经常出差及长期施工服务工作；
5、熟练使用AutoCAD，Office等办公软件。
 查看全部",CSS / React / CAD / PMP / AutoCAD / Go / HTML / jQuery / UG / AI,矿产开采,https://www.liepin.com/job/1974815525.shtml
468,猎聘,能源/化工/环保,矿物加工,选矿工艺设计师,猎头,湖南有色金属研究院有限责任公司,100-499人,长沙-芙蓉区,长沙-芙蓉区,长沙-芙蓉区,11-25k,本科,3-5年,20250902110017,18薪 / 13薪 / 14薪,/,"1.矿物加工、选矿工程等相关专业本科及以上学历，中级职称及以上职称，具有3年以上专业设计院工程设计经验，甲级工程设计院工作经历优先，（2）能独自承担金属矿山项目设计（包括项目咨询、初步设计、施工图设计等工作）；（3）能够熟练运用AUTOCAD/CAD等设计专业绘图软件；（4）适应能力强，能够快速适应公司管理系统。（5）具备良好的职业素养和团队合作精神，富有较强的执行力和沟通能力。（6）待遇面议。
 查看全部",CSS / React / CAD / PMP / AutoCAD / Go / HTML / jQuery / UG / AI,矿产开采,https://www.liepin.com/job/1976907261.shtml
469,猎聘,能源/化工/环保,矿物加工,冶金工程师,猎头,湖南天清生态科技有限公司,50-99人,长沙-岳麓区,长沙-岳麓区,长沙-岳麓区,7-12k·13薪,本科,1-3年,20251218103356,年终奖金 / 年终奖 / 五险一金 / 13薪 / 15薪 / 五险,/,"1、本科及以上学历，矿物加工工程、冶金工程等相关专业，专业知识扎实；
2、有煤化工、冶金相关行业项目经历，熟悉化工、冶金工艺和设备；
3、熟悉AUTOCAD等软件；
4、具备良好的协调和沟通能力；
5、为人踏实诚信、责任心强，知识接收能力强，具有良好的职业道德和团队合作精神。
6、可春节后报到。
 查看全部",CSS / React / CAD / PMP / AutoCAD / Go / HTML / jQuery / UG / AI,专业技术服务,https://www.liepin.com/job/1979227039.shtml
470,猎聘,能源/化工/环保,矿物加工,选矿厂厂长,猎头,大为股份,100-499人,郴州-桂阳县,郴州-桂阳县,郴州-桂阳县,25-45k·13薪,大专,10年以上,20260414145132,13薪 / 18薪 / 15薪,"1. 项目建设统筹管理。全面负责选矿厂筹建工作，制定项目建设进度计划，协调设计、施工、监理及设备供应商，确保土建、安装、调试各环节按期推进并达成投产目标。
2. 工艺流程设计与优化。参与选矿工艺流程审查，针对伴生锂多金属矿特性，主导制定选矿联合工艺流程方案，确保工艺路线科学合理、适应矿石性质。
3. 设备选型与安装调试。组织破碎、磨矿、磁选、浮选、过滤等关键设备的选型论证，监督设备安装质量，主导单机试车、联动试车及负荷试车，确保设备性能达标。
4. 多金属综合回收技术落地。建立伴生矿产品（锂精矿、长石、石英等）的综合回收技术方案，优化选别顺序与药剂制度，实现资源吃干榨净，提升项目整体经济效益。
5. 生产组织与指标管控。建立生产调度体系，制定日/周/月生产计划，监控选矿回收率、精矿品位、尾矿品位等关键技术指标，确保生产稳定运行并达成设计指标。
6. 采选技术协同。与矿山开采部门建立技术对接机制，参与采矿方案讨论，优化采矿贫化损失率与选矿入选品位的匹配，确保采选工艺顺畅衔接。
7. 冶炼品质对接。与下游碳酸锂冶炼项目（湿法冶金工艺）建立品质反馈机制，确保锂精矿杂质控制、粒度等指标满足冶炼要求，协同解决技术衔接问题。
8. 团队组建与人才培养。负责选矿厂技术骨干及操作团队的招聘、培训与梯队建设，建立绩效考核机制，培养具备伴生矿选矿经验的专业技术团队。
9. 尾矿库建设与安全运营。负责尾矿库的建设期质量监督与运营期安全管理，制定尾矿排放与堆存工艺方案，建立尾矿库安全监测预警系统、应急预案及日常巡检制度，确保尾矿库安全等级达标；协同推进尾矿综合利用，优化尾矿回水利用效率。","学历专业：大专及以上学历，矿物加工、冶金、矿业工程等相关专业；
核心经验：10年以上金属矿选矿现场经验，具备至少一次完整的选矿厂建设投产经历（从土建、设备安装到达产达标全过程参与）；
专业技能：精通浮选工艺，熟悉磁选、重选设备原理，具备多金属伴生矿或低品位锂矿选矿实践经验者优先；
管理能力：具备50人以上生产团队管理经验，熟悉选矿厂及尾矿库安全、环保管理规范；
 查看全部",CSS / 团队管理 / React / PMP / Go / HTML / jQuery / UG / AI,汽车零部件及配件,https://www.liepin.com/job/1981742759.shtml
471,猎聘,能源/化工/环保,矿物加工,选矿车间主任（海外）,猎头,尔康制药,1000-2000人,长沙-浏阳,长沙-浏阳,长沙-浏阳,15-20k·13薪,大专,3-5年,20251007153314,节日礼物 / 五险一金 / 13薪 / 公司规模大 / 五险 / 免费班车 / 班车 / 14薪 / 提供住宿,"】
1、负责组织制定部门工作计划，按照计划排产生产任务；
2、负责设备管理，处理生产现场的突发事件及对外联络事宜；
3、负责质量管理，参与公司质量分析问题；
4、负责全面的生产管理工作，提高生产效益，控制生产成本；
5.负责生产安全管理，督查安全生产规章制度执行情况，做好员工培训工作；
6.建立人员培养机制，落实车间技术员，管理人员储备；
【","】
1、采选矿专业、矿物加工相关专业大专以上学历，三年以上选矿厂管理工作经验；
2、熟悉选矿理论、选矿技术、选矿设备、生产工艺和生产流程等；
3、熟悉钽铌矿/锂矿选矿工艺者优先，熟悉国家现行采选冶行业相关法律法规和标准；
4、英文熟练、可以接受外派工作者优先。
 查看全部",CSS / 项目管理 / React / PMP / Go / HTML / jQuery / UG / AI,制药,https://www.liepin.com/job/1969377055.shtml
472,猎聘,能源/化工/环保,矿物加工,选矿厂厂长,猎头,大为股份,100-499人,郴州-桂阳县,郴州-桂阳县,郴州-桂阳县,30-50k,大专,10年以上,20260414105306,年底双薪 / 16薪 / 年终奖金 / 带薪年假 / 绩效奖金 / 股票期权 / 节日礼物 / 年终奖 / 18薪 / 五险一金 / 13薪 / 期权 / 通讯津贴 / 五险 / 定期体检 / 提供住宿,"：
1.项目建设统筹管理。全面负责选矿厂筹建工作，制定项目建设进度计划，协调设计、施工、监理及设备供应商，确保土建、安装、调试各环节按期推进并达成投产目标。
2.工艺流程设计与优化。参与选矿工艺流程审查，针对伴生锂多金属矿特性，主导制定选矿联合工艺流程方案，确保工艺路线科学合理、适应矿石性质。
3.设备选型与安装调试。组织破碎、磨矿、磁选、浮选、过滤等关键设备的选型论证，监督设备安装质量，主导单机试车、联动试车及负荷试车，确保设备性能达标。
4.多金属综合回收技术落地。建立伴生矿产品（锂精矿、长石、石英等）的综合回收技术方案，优化选别顺序与药剂制度，实现资源吃干榨净，提升项目整体经济效益。
5.生产组织与指标管控。建立生产调度体系，制定日/周/月生产计划，监控选矿回收率、精矿品位、尾矿品位等关键技术指标，确保生产稳定运行并达成设计指标。
6.采选技术协同。与矿山开采部门建立技术对接机制，参与采矿方案讨论，优化采矿贫化损失率与选矿入选品位的匹配，确保采选工艺顺畅衔接。
7.冶炼品质对接。与下游碳酸锂冶炼项目（湿法冶金工艺）建立品质反馈机制，确保锂精矿杂质控制、粒度等指标满足冶炼要求，协同解决技术衔接问题。
8.团队组建与人才培养。负责选矿厂技术骨干及操作团队的招聘、培训与梯队建设，建立绩效考核机制，培养具备伴生矿选矿经验的专业技术团队。
9.尾矿库建设与安全运营。负责尾矿库的建设期质量监督与运营期安全管理，制定尾矿排放与堆存工艺方案，建立尾矿库安全监测预警系统、应急预案及日常巡检制度，确保尾矿库安全等级达标；协同推进尾矿综合利用，优化尾矿回水利用效率。","学历专业：大专及以上学历，矿物加工、冶金、矿业工程等相关专业；
核心经验：10年以上金属矿选矿现场经验，具备至少一次完整的选矿厂建设投产经历（从土建、设备安装到达产达标全过程参与）；
专业技能：精通浮选工艺，熟悉磁选、重选设备原理，具备多金属伴生矿或低品位锂矿选矿实践经验者优先；
管理能力：具备50人以上生产团队管理经验，熟悉选矿厂及尾矿库安全、环保管理规范；
其他要求：55周岁以下，身体健康，能适应矿山工作节奏，愿意常驻郴州项目现场。
 查看全部",身体健康 / CSS / 团队管理 / React / PMP / 愿意常驻郴州项目现场。 / Go / HTML / jQuery / UG / AI / 55周岁以下,汽车零部件及配件,https://www.liepin.com/job/1981735633.shtml
473,猎聘,能源/化工/环保,矿物加工,生产副矿长,猎头,湖南蓬源鸿达矿业有限公司,100-499人,衡阳-衡东县,衡阳-衡东县,衡阳-衡东县,10-13k,大专,10年以上,20260426100552,发展空间大 / 餐费补贴 / 领导好 / 技能培训 / 13薪 / 15薪 / 公司规模大 / 定期体检 / 14薪 / 提供住宿,"：
根据年度生产目标，制定月度、季度生产计划，合理安排萤石矿采掘作业顺序及进度，确保生产任务按期完成；深入生产现场，及时解决生产难题，维护现场文明生产秩序；负责生产班组建设及技能培训；协调各科室、各班组之间的生产协作，保障生产顺利推进。","50周岁及以下，采矿、矿物加工等相关主体专业大专及以上学历；具备10年以上矿山（优先萤石矿）生产管理经验，熟悉萤石矿采掘工艺、生产调度及现场管理；持有相关资格证书及安全资格证；具备较强的生产组织、调度协调和问题解决能力，能吃苦耐劳，责任心强；身体健康，符合矿山从业身体要求，能适应现场工作。
工资待遇：面议
 查看全部",CSS / React / PMP / Go / HTML / jQuery / UG / AI,矿产开采,https://www.liepin.com/job/1982095975.shtml
474,猎聘,能源/化工/环保,矿物加工,总工程师,猎头,湖南蓬源鸿达矿业有限公司,100-499人,衡阳-衡东县,衡阳-衡东县,衡阳-衡东县,10-13k,本科,10年以上,20260426102517,发展空间大 / 餐费补贴 / 领导好 / 公司规模大 / 定期体检 / 提供住宿,：作为矿区技术管理核心，建立健全技术管理体系，制定技术发展规划和技术标准，推动技术进步与创新；负责萤石矿采矿方法设计、优化及推广，组织编制采矿方案、采掘计划、灾害预防处理计划等核心技术文件并审批等等。,"45周岁及以下，采矿、地质、矿物加工等相关主体专业本科及以上学历，中级及以上职称；具备10年以上矿山（优先萤石矿）技术管理经验，熟悉萤石矿地质构造、采选技术及相关行业标准；持有相关专业资格证书及安全资格证；具备较强的技术研发、方案编制和问题解决能力，能带领技术团队开展工作；身体健康，符合矿山从业身体要求，能适应现场工作。
工资待遇：具体面议详谈
 查看全部",CSS / React / PMP / Go / HTML / jQuery / UG / AI,矿产开采,https://www.liepin.com/job/1982096065.shtml
475,猎聘,能源/化工/环保,矿物加工,选矿厂厂长,猎头,大为股份,100-499人,郴州-桂阳县,郴州-桂阳县,郴州-桂阳县,30-50k,大专,10年以上,20260413174620,年终奖金 / 餐费补贴 / 18薪 / 年终奖 / 住房补贴 / 五险一金 / 13薪 / 15薪 / 五险 / 定期体检 / 14薪,"：
1.项目建设统筹管理。全面负责选矿厂筹建工作，制定项目建设进度计划，协调设计、施工、监理及设备供应商，确保土建、安装、调试各环节按期推进并达成投产目标。
2.工艺流程设计与优化。参与选矿工艺流程审查，针对伴生锂多金属矿特性，主导制定选矿联合工艺流程方案，确保工艺路线科学合理、适应矿石性质。
3.设备选型与安装调试。组织破碎、磨矿、磁选、浮选、过滤等关键设备的选型论证，监督设备安装质量，主导单机试车、联动试车及负荷试车，确保设备性能达标。
4.多金属综合回收技术落地。建立伴生矿产品（锂精矿、长石、石英等）的综合回收技术方案，优化选别顺序与药剂制度，实现资源吃干榨净，提升项目整体经济效益。
5.生产组织与指标管控。建立生产调度体系，制定日/周/月生产计划，监控选矿回收率、精矿品位、尾矿品位等关键技术指标，确保生产稳定运行并达成设计指标。
6.采选技术协同。与矿山开采部门建立技术对接机制，参与采矿方案讨论，优化采矿贫化损失率与选矿入选品位的匹配，确保采选工艺顺畅衔接。
7.冶炼品质对接。与下游碳酸锂冶炼项目（湿法冶金工艺）建立品质反馈机制，确保锂精矿杂质控制、粒度等指标满足冶炼要求，协同解决技术衔接问题。
8.团队组建与人才培养。负责选矿厂技术骨干及操作团队的招聘、培训与梯队建设，建立绩效考核机制，培养具备伴生矿选矿经验的专业技术团队。
9.尾矿库建设与安全运营。负责尾矿库的建设期质量监督与运营期安全管理，制定尾矿排放与堆存工艺方案，建立尾矿库安全监测预警系统、应急预案及日常巡检制度，确保尾矿库安全等级达标；协同推进尾矿综合利用，优化尾矿回水利用效率。","1学历专业：大专及以上学历，矿物加工、冶金、矿业工程等相关专业；
2核心经验：10年以上金属矿选矿现场经验，具备至少一次完整的选矿厂建设投产经历（从土建、设备安装到达产达标全过程参与）；
3专业技能：精通浮选工艺，熟悉磁选、重选设备原理，具备多金属伴生矿或低品位锂矿选矿实践经验者优先；
4管理能力：具备50人以上生产团队管理经验，熟悉选矿厂及尾矿库安全、环保管理规范；
5其他要求：55周岁以下，身体健康，能适应矿山工作节奏，愿意常驻郴州项目现场。
 查看全部",身体健康 / CSS / 团队管理 / React / PMP / 愿意常驻郴州项目现场。 / Go / HTML / jQuery / UG / AI / 55周岁以下,汽车零部件及配件,https://www.liepin.com/job/1981721325.shtml
476,猎聘,能源/化工/环保,矿物加工,实验室化验员,猎头,威领新能源股份有限公司,500-999人,郴州-临武县,郴州-临武县,郴州-临武县,6-10k,大专,经验不限,20251105161123,13薪 / 14薪,"1. 负责矿山开采出的矿石样品采集，严格按照采样规范选取有代表性的样品，确保样品真实性与有效性。
​
2. 操作检验检测设备（如光谱仪、分析仪等），对矿石的成分（如金属含量、杂质含量）、物理性能（如硬度、密度）等指标进行检测分析。
​
3. 准确记录检测数据，撰写检验报告，确保数据真实、报告完整，及时将结果反馈给生产、技术等相关部门。
​
4. 定期维护保养检测设备，进行日常校准与调试，保障设备正常运行，出现故障及时上报并协助维修。
​
5. 遵守矿山安全管理规定，在采样、检测过程中做好个人安全防护，确保作业安全。
​
6. 协助完善检验检测流程与标准，参与质量控制改进工作，提出优化建议。
三、","1. 学历与专业：大专及以上学历，地质工程、矿物加工工程、材料科学与工程、分析化学等相关专业优先。
​
2. 经验要求：
​
- 有矿山检验检测相关工作经验者优先，应届生可培养（需具备基础的化学分析或仪器操作知识）。
​
- 熟悉矿石检测常用方法（如滴定分析、光谱分析）及设备操作流程者优先。
​
3. 技能要求：
​
- 能看懂检验检测标准，具备基础的数据处理与分析能力，可熟练使用Excel等办公软件记录数据。
​
- 具备良好的动手能力，能规范操作检测设备，有设备日常维护意识。
​
4. 素质要求：
​
- 严谨细致，有责任心，对数据准确性有较高把控力，不弄虚作假。
​
- 能适应矿山现场工作环境，接受必要的野外采样作业（部门会有分工）。
​
- 具备良好的沟通能力，可清晰反馈检测结果，配合团队完成工作。
主要是实验室化验工作
 查看全部",CSS / React / PMP / Go / HTML / jQuery / UG / AI / Excel,新能源,https://www.liepin.com/job/1978228703.shtml
477,猎聘,能源/化工/环保,矿物加工,后勤专员,企业,空天引擎,50-99人,陕西省,西安,西安,5-6k,学历不限,经验不限,20240412155555,18薪 / 13薪 / 14薪 / 15薪,"：行政接待方向
1、遵守工作规范、接待礼仪；
2、负责公司大型接待活动协助；
3、对接公司行政后勤部门，协调公司客户接待会议、参观、用餐、住宿、用车等事项；
4、部门活动组织策划协调；
5、部门日常行政工作，物资、会议等管理；
6、领导安排的其他工作；
 查看全部","2. 如您应聘的岗位属于涉外劳务合作/海外岗位的，请务必核实招聘方对外劳务合作资质取得情况，同时注意自身资金安全，防范招聘欺诈。
 3. 本平台招聘方不向求职者提供任何收费服务。
 查看全部
 相关推荐
 展开
 西安行政后勤专员招聘
 西安项目后勤保障招聘
 西安销售后勤管理招聘
 西安总务管理招聘
 西安日语总务担当招聘
 西安招聘办公室内勤招聘
 西安综合后勤岗招聘
 西安后勤组主管招聘
 西安行政专员主管招聘
 西安管理部职员招聘
 西安车队后勤招聘
 西安红旗海外招聘
 西安后勤顾问招聘
 西安工程后勤经理招聘
 西安工程资质后勤招聘
 西安会务后勤方向招聘
 西安行政文员后勤招聘
 西安项目综合岗招聘
 西安市政工程资料内勤招聘
 西安国际学校总务主任招聘
 西安厂务设施管理专员招聘
 西安安环行政管理岗招聘
 西安总裁办事务主管招聘
 西安报关内勤招聘
 西安优才发展岗招聘
 西安行政运维岗招聘
 西安安保秩序主管招聘
 西安厂务管理员招聘
 西安内勤电话文员招聘
 西安食堂管理干事招聘
 相关公司
 北京航天创智科技有限公司
 瑞达宇航
 因诺航空
 北京神州四达科技有限公司
 陕西昱琛航空设备股份有限公司
 中一太客
 西安富沃德光电科技有限公司
 西安中飞航空测试技术发展有限公司
 星鼎时代(上海)智能科技有限公司
 内蒙古西部航科重工有限公司
 科佳光电
 Azspace
 西安冰果智能航空科技有限公司
 陕西环通电子科技有限公司
 中天引控科技股份有限公司重庆分公司
 西安新鹏航空器材有限公司
 西安君航航空科技发展有限公司
 北京爱太空科技发展有限公司
 赛峰(北京)企业管理有限公司
 北京航天爱锐科技有限责任公司
 西安天拓航空科技有限公司
 北京天兵科技有限公司
 陕西航天意德高科技产业有限公司
 中航电测
 杭州牧星科技有限公司
 西安拓邦航空科技有限公司
 西安德天航宇防务科技有限公司
 四川新航钛科技有限公司
 易飞智造
 陕西大前航空科技有限公司
 热门城市
 北京招聘网
 上海招聘网
 广州招聘网
 厦门招聘网
 杭州招聘网
 郑州招聘网
 南京招聘网
 天津招聘网
 重庆招聘网
 成都招聘网
 苏州招聘网
 商丘招聘网
 大连招聘网
 济南招聘网
 宁波招聘网
 无锡招聘网
 青岛招聘网
 沈阳招聘网
 台州招聘网
 西安招聘网
 武汉招聘网
 热门招聘
 北京招聘信息
 上海招聘信息
 广州招聘信息
 厦门招聘信息
 杭州招聘信息
 郑州招聘信息
 南京招聘信息
 天津招聘信息
 重庆招聘信息
 成都招聘信息
 苏州招聘信息
 商丘招聘信息
 大连招聘信息
 济南招聘信息
 宁波招聘信息
 无锡招聘信息
 青岛招聘信息
 沈阳招聘信息
 台州招聘信息
 西安招聘信息
 武汉招聘信息
 西安招聘网
 >
 西安行政后勤/总务招聘
 >
 后勤专员招聘",JavaScript / CSS / C++ / Java / 日语 / React / Python / PMP / Go / HTML / jQuery / UG / AI,航空/航天设备,https://www.liepin.com/job/1966214225.shtml
478,猎聘,能源/化工/环保,矿物加工,采矿工程师,企业,吉林金益矿业有限公司,100-499人,通化-集安,通化-集安,通化-集安,16-17k,大专,10年以上,20251223143924,/,岗位内容： 1. 负责矿山选矿或采矿工艺流程的优化和改进； 2. 制定选矿、采矿技术方案，指导施工现场的实施； 3. 研究新工艺、新工具、新材料等，并组织试验验证； 4. 掌握选矿/采矿设备的性能和参数，制定日常维护保养计划并落实。,"1. 矿物加工、采矿工程等相关专业大专及以上学历； 2. 具备10年以上选矿或采矿行业从业经验； 3. 熟知选矿/采矿流程和设备，有丰富的实践经验； 4. 具备较强的组织协调能力和问题解决能力。
 查看全部",CSS / React / PMP / Go / HTML / jQuery / UG / AI,矿产开采,https://www.liepin.com/job/1979323619.shtml
479,猎聘,能源/化工/环保,矿物加工,采购经理/主管,企业,威海恒旺光伏发电服务有限公司,1-49人,泰安-泰山区,泰安-泰山区,泰安-泰山区,4-6k,学历不限,1-3年,20240315110648,18薪 / 13薪 / 14薪 / 15薪,"采购经理/主管职位已暂停招聘_猎聘
 该职位已暂停招聘
 投递了该职位的人还查看了
 售前支持工程师 8-12k
 北京申科景元科技有限公司 融资未公开
 北京
 5-10年
 本科
 刘先生
 ·
 经理
 销售专员 6-11k
 北京爱心同行科技有限公司 融资未公开
 北京-东城区
 经验不限
 大专
 李先生
 ·
 人事助理
 售前支持工程师 10-15k
 北交联合云计算有限公司 战略融资
 北京
 3-5年
 大专
 崔女士
 ·
 人力专员
 其他信托/担保/拍卖/典当 4-8k
 中邦信业金融服务外包(北京)有限公司 
 北京-东城区
 经验不限
 学历不限
 朱女士
 ·
 行政总监
 售前支持工程师 10-15k
 北京道和智信科技发展有限公司 融资未公开
 北京
 5-10年
 本科
 骆女士
 ·
 人力负责人
 终端运维工程师 5-10k
 北京智捷一云信息技术有限公司 
 北京-东城区
 3-5年
 本科
 戴先生
 餐饮总监 9-15k
 营口金泰珑悦海景大酒店有限公司 融资未公开
 营口
 3-5年
 大专
 石女士
 需求测试工程师 7-11k·13薪
 中科软 已上市
 北京-东城区
 经验不限
 本科
 牟女士
 ·
 售前工程师
 销售经理 6-11k
 北京搜了科技有限公司 
 北京-东城区
 经验不限
 学历不限
 范女士
 ·
 总助
 Go开发工程师 20-40k
 西安华为 融资未公开
 西安-高新区
 经验不限
 本科
 杨先生
 ·
 开发工程师
 电话客服 5-7k
 北京睿达星健康咨询有限公司 
 北京-东城区
 经验不限
 大专
 陈女士
 ·
 人事经理
 App平台运营 4-9k
 北京致远泓管理咨询有限公司 
 北京-东城区
 经验不限
 学历不限
 李先生
 ·
 经理
 Go/Java软件开发工程师 15-30k·15薪
 西安华为 融资未公开
 西安-高新区
 经验不限
 本科
 曹先生
 ·
 研发工程师
 亚马逊广告投放（资深经理） 25-50k·15薪
 某深圳大型智能硬件公司 C轮
 深圳-南山区
 5-10年
 本科
 李女士
 ·
 猎头顾问
 嵌入式硬件开发工程师-北京 20-30k·14薪
 SMC自动化有限公司 不需要融资
 北京-大兴区
 5-10年
 硕士
 吕女士
 ·
 人事经理
 课程顾问 4-8k
 弈海润世围棋学堂 融资未公开
 北京-东城区
 1-3年
 大专
 赵女士
 ·
 HR
 销售总经理助理 5-8k
 北京宜居康和养老服务有限公司 融资未公开
 北京-东城区
 经验不限
 本科
 申女士
 ·
 首席执行官CEO/总裁/总经理
 销售代表 5-12k
 爱换科技服务 其他
 北京-东城区
 1-3年
 学历不限
 王先生
 ·
 营销总监
 市场经理 6-11k
 北京搜了科技有限公司 
 北京-东城区
 经验不限
 大专
 范女士
 ·
 总助
 海外红人营销 29-45k·18薪
 某知名公司 D轮及以上
 深圳
 3-5年
 统招本科
 徐女士
 ·
 资深猎头顾问/猎头合伙人
 客户经理 5-10k
 建朗科技 融资未公开
 北京-西城区
 经验不限
 本科
 盛女士
 ·
 综合管理部总监
 招聘实习生-全流程 3-5k
 慧策|旺店通(掌上先机) D轮及以上
 北京-西城区
 经验不限
 本科
 徐女士
 售前支持工程师 4-6k
 北京铭智佳华通信技术有限公司 融资未公开
 北京
 经验不限
 本科
 吴女士
 ·
 文员
 客户经理 6-11k·15薪
 北京睿雅捷诺数字科技有限公司 
 北京-东城区
 经验不限
 硕士
 李女士
 ·
 hrd
 商标代理人 14-18k·13薪
 北京市铸成律师事务所 融资未公开
 北京-西城区
 3-5年
 统招本科
 李女士
 ·
 人力资源经理
 销售管理 6-11k·13薪
 松果出行 C轮
 北京-东城区
 3-5年
 大专
 朱先生
 ·
 分公司/代表处负责人
 销售工程师 7-8k
 北京清能互联科技有限公司 C轮
 北京-东城区
 1-3年
 学历不限
 赖女士
 ·
 猎头助理顾问
 线上电台语音聊天主播 5-10k
 音诺传媒 其他
 北京-朝阳区
 经验不限
 学历不限
 李女士
 ·
 Hr
 出纳 6-9k
 至真 B轮
 北京-朝阳区
 1-3年
 大专
 毕女士
 ·
 人事经理
 Senior Business Development Manager 80-110k·14薪
 拼多多集团-PDD 
 德国
 10年以上
 统招本科
 黄先生
 ·
 招聘经理",/,CSS / Java / React / PMP / Go / HTML / jQuery / UG / AI,新能源,https://www.liepin.com/job/1965500495.shtml
480,猎聘,能源/化工/环保,矿物加工,选矿,企业,蛟河市天瑞矿业有限公司,1-49人,吉林省,吉林市,吉林市,12-24k,大专,经验不限,20210526161540,14薪 / 15薪,"：
1、参与矿区选厂的生产和技术管理，编制选矿生产的工作计划和发展规划；
2、不断完善选矿工艺，推动选矿技术创新和改进，并负责新技术的推广应用；
3、参与选厂一线工艺技术管理和技术指导，检查监督生产任务完成情况；
4、负责选矿设备的遴选和选矿的技术经济分析，对产品的销售进行监控管理；
5、制订并完善选矿技术操作规程，负责选矿工人的技术培训；
6、对矿区选厂的工作报告、技术资料和生产数据，进行工作分析。","1、本科以上学历，选矿工程、矿物加工工程专业，中级以上职称；
2、5年以上相关工作经验，具备选厂或者冶炼厂现场工作经验；
3、熟悉铜钼金银钨铋矿山地质地貌特征，精通开采方法工艺等各项流程，熟悉选矿理论技术和选矿设备、生产工艺和流程；
4、熟悉国家采选冶行业的法律法规和标准，以及相关行业的有关政策和标准；
5、具有良好的职业操守和责任心，具有良好的沟通协调能力及团队协作精神；
6、身体健康，能够适应矿区工作环境。
 查看全部",沟通协调 / CSS / React / PMP / Go / HTML / jQuery / UG / AI,矿产开采,https://www.liepin.com/job/1939538677.shtml
481,猎聘,能源/化工/环保,矿物加工,冶金专业管培岗,企业,吉林金钢钢铁股份有限公司,1000-2000人,四平-铁西区,四平-铁西区,四平-铁西区,6-10k,/,/,20260530105311,/,"： 
1.系统学习从烧结、炼铁到炼钢的全流程生产工艺、技术标准与质量控制要点。 
2.深入生产一线，进行生产数据记录与分析。 
3.参与工艺优化实验，执行产品质量检测。 
4.协助进行原材料入厂验收，熟悉核心生产工艺全流程，能够独立胜任所分配岗位的基础性生产或技术工作。","1.本科及以上学历，冶金工程、材料成型及控制工程、应用化工技术、矿物加工工程、钢铁智能冶金技术、有色金属智能冶金技术专业优先。 
2.具备扎实的冶金专业基础知识。 
3.具备较强的学习能力和动手能力。 
4.能适应生产一线工作环境。
截止日期：2027年05月26日
招聘人数：29人
 查看全部",CSS / React / PMP / Go / HTML / jQuery / UG / AI,金属冶炼,https://www.liepin.com/lptjob/83003079
482,猎聘,能源/化工/环保,矿物加工,冶金类管培岗,企业,吉林金钢钢铁股份有限公司,1000-2000人,四平-铁西区,四平-铁西区,四平-铁西区,6-10k,/,/,20260527101734,岗前培训,"（十）冶金类专业（冶金工程、材料成型及控制工程、应用化工技术、矿物加工工程、钢铁智能冶金技术、有色金属智能冶金技术）‌
对应部门：生产制造部、技术研发部、计量质检部、采购部
培养计划
1．阶段一：岗前培训（1个月）
系统学习从烧结、炼铁到炼钢的全流程生产工艺、技术标准与质量控制要点。
2．阶段二：岗位实操（4个月）
深入生产一线，进行生产数据记录与分析、参与工艺优化实验、执行产品质量检测、协助进行原材料入厂验收。
3．阶段三：考核验收（1个月）
熟悉核心生产工艺全流程，能够独立胜任所分配岗位的基础性生产或技术工作。
截止日期：2027年05月27日
招聘人数：30人
 查看全部","2. 如您应聘的岗位属于涉外劳务合作/海外岗位的，请务必核实招聘方对外劳务合作资质取得情况，同时注意自身资金安全，防范招聘欺诈。
 3. 本平台招聘方不向求职者提供任何收费服务。
 查看全部
 相关推荐
 展开
 冶金建材行业招聘
 冶金工程设计师招聘
 冶金环保规划工程师招聘
 金属粉末冶金工程师招聘
 湿法冶炼工程师招聘
 冶金工程师助理招聘
 镍铁工艺工程师招聘
 有色冶金工程师招聘
 驻非冶金工程师招聘
 工艺模拟工程师招聘
 烧结工艺工程师招聘
 有色冶炼工程师招聘
 冶金能源类管培生招聘
 冶金设备工程师招聘
 钢铁冶金工程设计师招聘
 工艺设计主任工程师招聘
 贵金属冶金工程师招聘
 火法冶炼高级工程师招聘
 火法冶金研发工程师招聘
 金属硅冶炼工艺工程师招聘
 冶金工程研究所副所长招聘
 电池破碎拆解工程师招聘
 高压浸出招聘
 冶金专家招聘
 钒资源工程师招聘
 铜电解工程师招聘
 炼焦工艺工程招聘
 熔炼工艺工程师招聘
 高炉炼铁工程师招聘
 炼钢工艺工程师招聘
 相关公司
 西姆集团有限公司北京分公司
 武汉浪玻玩环保科技有限公司
 常州市天跃电子科技有限公司
 晋江兴东机械有限公司
 江西省金瑞环保科技有限公司
 江西缙禧纳米材料有限公司
 浙江荣鑫磁业有限公司
 佛山市顺德区钢诚部件加工有限公司
 新疆欧亚铜业有限公司
 云南剑涛新材料有限公司
 全威(铜陵)铜业科技有限公司
 随州市鹏远铸机模具厂
 邹平福明焦化有限公司
 福建省长汀同步电子有限公司
 青岛华冶高温材料有限公司
 爱斯特智能科技(惠州)有限公司
 佛山市佳慧不锈钢有限公司
 广州天邦电梯配件有限公司
 山东翔鹰精工机械有限公司
 大连广汇耐火材料有限公司
 科宇伟山(大连)特种合金材料有限公司
 上饶市环锂循环科技有限公司
 江苏鸿泰钢铁有限公司
 众瀚钢联(唐山)金属加工有限公司
 厦门精远电子有限公司
 徐州启峰智能科技有限公司
 马鞍山瑞高科技有限公司
 重庆鸣谦金属材料有限公司
 滁州南钢盛达实业有限公司
 热门城市
 北京招聘网
 上海招聘网
 广州招聘网
 厦门招聘网
 杭州招聘网
 郑州招聘网
 南京招聘网
 天津招聘网
 重庆招聘网
 成都招聘网
 苏州招聘网
 商丘招聘网
 大连招聘网
 济南招聘网
 宁波招聘网
 无锡招聘网
 青岛招聘网
 沈阳招聘网
 台州招聘网
 西安招聘网
 武汉招聘网
 热门招聘
 北京招聘信息
 上海招聘信息
 广州招聘信息
 厦门招聘信息
 杭州招聘信息
 郑州招聘信息
 南京招聘信息
 天津招聘信息
 重庆招聘信息
 成都招聘信息
 苏州招聘信息
 商丘招聘信息
 大连招聘信息
 济南招聘信息
 宁波招聘信息
 无锡招聘信息
 青岛招聘信息
 沈阳招聘信息
 台州招聘信息
 西安招聘信息
 武汉招聘信息
 四平招聘网
 >
 四平冶金工程师招聘
 >
 冶金类管培岗招聘
 收藏职位
 立即沟通
 更新时间：2026-06-09",CSS / React / PMP / Go / HTML / jQuery / UG / AI,金属冶炼,https://www.liepin.com/lptjob/82899445
483,猎聘,能源/化工/环保,矿物加工,后勤,猎头,成都一见倾心餐饮管理有限公司,1-49人,成都-青羊区,成都-青羊区,成都-青羊区,5-10k,大专,1年以下,20240418130514,13薪 / 18薪 / 15薪,"：
1.负责公司各部门之间综合协调工作,安排公司领导的重要活动和会议日程，准备相关材料、记录、编写纪要及领导交办工作任务的安排布置和督办落实工作；
2.负责公司组织机构设立与规章制度体系建设工作,优化、调整管理流程，完善管理体系建设；
3.负责组织编写公司年度工作计划和工作总结、重要文件、领导讲话、会议报告和工作方案等，审核公司各部门上报、下发的文字材料，负责情况通报、信息交流等工作，组织开展综合性调研活动，为公司领导决策提供必要依据；
4.负责公司综合行政办公管理，文秘、机要及公文管理工作；
5.负责公司重要接待及后勤保障工作；
6.负责公司办公用房、员工宿舍、员工餐饮日常工作管理及办公场所等办公条件保障；
7.负责办公营具管理，负责保障办公和科研生产用车管理;
8.完成领导交办的其他工作。","1.本科以上学历，形象气质佳，身体健康、性格开朗，口齿伶俐，表达能力强，沟通耐心、做事细致，态度积极，责任心强；
2.熟悉行政办公工作，熟练掌握Word，Excel、PowerPoint等办公软件，熟悉行政办公信息化建设，具有较好的公文、会议纪要、工作总结等文件写作能力；
3.具有较强的接待、管理和保密意识；
4.拥有良好的政治素养、道德品质、团队意识和服务意识，以及较强的执行力和抗压能力；
 查看全部",JavaScript / CSS / Java / 日语 / React / PMP / Go / HTML / jQuery / UG / AI / Excel,生活服务,https://www.liepin.com/job/1966354933.shtml
484,猎聘,能源/化工/环保,矿物加工,档案管理员,猎头,海南省志熙宇广告有限公司,/,苏州-姑苏区,苏州-姑苏区,苏州-姑苏区,6-10k,大专,经验不限,20240326165448,16薪 / 13薪 / 14薪 / 15薪,"：
1.负责投资者教育基地的运营、公共关系、活动策划、材料提供、定期盘点、投教展品制作管理，负责投教基地的参观讲解等工作；
2.协助整理董办历史档案；
3.协助投资者关系的工作，包括但不限于投资者调研接待、公司三会筹备组织、投资者教育等；
4.协助董事会办公室的其他相关事务，包括但不限于投资者信息库的收集及更新，历史资料的整理、部门行政等。","1.本科及以上学历，中文、媒体、经济、金融、财会、企业管理等相关专业；
2.2年以上工作经验，有行政、公共关系、投资者教育经验者优先，优秀应届生亦可；
3.有较强的风险意识，具有较强的沟通、表达、组织及协调能力，工作认真负责，反应敏捷，具有较强的开拓精神和团队合作精神；
4.文字能力优秀，办公软件使用熟练；
5.认真勤奋，吃苦耐劳，善于沟通，拥有出色的学习能力和人际交往能力，对工作充满兴趣和热情；
6.认可合伙奋斗、健康丰盛、阳光透明的企业文化。
 查看全部",JavaScript / CSS / Java / 英语 / React / PMP / Go / HTML / jQuery / UG / AI,计算机软件,https://www.liepin.com/job/1965791771.shtml
485,猎聘,能源/化工/环保,矿物加工,轧钢技术,企业,方大特钢科技股份有限公司,5000-10000人,江西省,南昌,南昌,7-20k,硕士,2年以下,20241016202256,一经查实 / 终身都受益”。二 / 医疗资助福利 / 机制灵活 / 节日福利 / 免费班车 / 配偶 / 重大节日福利（端午 / 其他事项（一）报名者应认真 / 晋升通道 / 30周岁及以下 / 如实填写应聘登记表 / 招聘条件及需求根据企业发展需要 / 五险一金 / 13薪 / 条件优秀的 / 五险 / 定期体检 / 方大养老金福利 / 手机话费福利,"辽宁方大集团实业有限公司（简称“方大集团”）是一家以炭素、钢铁、医药、商业、航空五大板块为核心的跨行业、跨地区、多元化、具有较强国际竞争实力的大型企业集团。方大集团实体总部位于北京，金融、医药板块总部位于上海，所属公司分布于北京、上海、天津、辽宁、甘肃、江西、四川和海南等三十余个省、市、自治区，总资产4000多亿元，拥有员工近13万人。在严格落实国家政策的同时，出台并实施了包括医疗费用资助、发放手机和通信话费补贴、孝敬父母金、方威励志奖学金、方大养老金等系列方大特色福利，自成立以来，方大集团相关福利政策费用支出超43亿元。近年来，方大集团用于开展公益慈善事业、脱贫攻坚、乡村振兴、履行社会责任等捐款和投入资金累计超过54亿元。
方大特钢科技股份有限公司（股票代码：SH600507）是一家集采矿、炼焦、烧结、炼铁、炼钢、轧材生产工艺于一体的钢铁联合企业，是弹簧扁钢和汽车板簧精品生产基地。
目前，公司在岗员工6600余人（其中钢铁本部5100余人），资产总额约225.41亿，占地面积约3300亩。已通过了质量、环境、职业健康安全、能源和测量管理体系认证，通过两化融合体系认证，拥有国家博士后科研工作站、国家实验室认可（CNAS）检测中心和江西省弹簧钢工程研究中心。公司多次被评为“中国民营企业500强”“全国钢铁工业先进集体”“江西省优强企业”，先后获得“中国品牌100强”“中国品牌年度价值奖”“第十四届中国上市公司金牛奖百强”“亚洲名优品牌奖”“中国百强企业奖”等荣誉，被评为“国家4A级旅游景区”“江西省工业旅游示范基地”，被授予“全国厂务公开民主管理示范单位”“江西省模范劳动关系和谐企业”和“江西省企业文化建设示范单位”等称号。
公司生产的弹簧扁钢和热轧带肋钢筋荣获冶金行业产品实物质量“金杯奖”，形成了“长力”牌汽车弹扁和“海鸥”牌建筑钢材两大系列品牌优势。汽车板簧系列产品拥有“长力”“红岩”“春鹰”三大知名品牌，被中国质量管理协会用户委员会、中国汽车工业协会市场贸易委员会列为全国首批推荐商品。
方大特钢致力于打造世界先进的弹扁、板簧精品生产基地。
方大特钢坚持“以人为本，诚信为先”的企业精神，与广大合作伙伴精诚合作，携手并进，共创美好未来。
一、职业发展、薪酬待遇及员工福利
（一）职业发展：公平公正，机制灵活，发展平台广阔，晋升通道通畅。
（二）薪酬待遇：面议。 
（三）员工福利（具体按公司制度执行）
1.公司依法依规为员工缴纳五险一金。","2.公司员工按规定享受“基本工资增长”福利和“孝敬父母金”福利。
3.公司员工及父母、配偶、子女按规定享受医保范围内个人自付部分全额医疗资助报销。
4.公司员工子女享受“方威励志奖学金”，考入中国前20名或世界前50名大学就读本科按规定给予奖学金和生活费资助。
5.公司提供免费工作餐、手机话费福利、生日礼物、重大节日福利（端午、中秋、春节）以及“三八妇女节”“七一”党的生日、“八一”建军节等节日以实物形式为员工发放节日福利。
6.公司员工享受免费健康体检和职业健康体检。
7.公司退休员工具备条件可享受“方大养老金”“退休捐赠金”“创效退休奖励金”福利。
8.外地员工提供宿舍。
实现“一人在方大，全家有保障，终身都受益”。
二、招聘条件及需求
根据企业发展需要，面向全国招聘专业人才。
（一）需求专业 
1.冶金工程等相关专业（炼铁、炼钢方向）
2.矿物加工等相关专业（烧结方向）
3.金属压力加工、材料成型与控制工程等相关专业（轧钢方向）
4.工业自动化等相关专业（自动化方向） 
（二）招聘人数
30人 
（三）年龄
不限 30周岁及以下 
（四）学历
硕士研究生、博士研究生 
（五）相关要求
毕业1-2年或应届毕业生，条件优秀的，年龄适当放宽。
三、录用方式
（一）应聘者参加笔试和面试，择优录取。
（二）面试、体检时间另行通知。
（三）体检合格者与公司签订劳动合同，上岗试用期6个月。
四、其他事项
（一）报名者应认真、如实填写应聘登记表，并提供真实的报名证件及材料，包括本人有效身份证、毕业证或学籍证明。
（二）对有意隐瞒相关情况、提供虚假证件及材料、冒用他人身份信息、提供虚假出生年龄等弄虚作假行为，一经查实，公司有权依法取消录用资格，直至解除劳动合同。
（三）声明：公司在招聘过程中不收取报名费、中介费、手续费、资料费等任何费用，请应聘者谨防受骗。对于发布虚假招聘信息或在招聘中牟取任何利益的个人或机构，公司保留追究法律责任的权利。
报名截至：招满即止
报名地点：江西省南昌市青山湖区冶金大道475号方大特钢科技股份有限公司人力资源部109室
 查看全部",CSS / React / PMP / Go / HTML / jQuery / UG / AI,金属冶炼,https://www.liepin.com/job/1970245965.shtml
486,猎聘,能源/化工/环保,矿物加工,自动化技术人才,企业,方大特钢科技股份有限公司,5000-10000人,江西省,南昌,南昌,7-20k,硕士,2年以下,20241016204129,一经查实 / 终身都受益”。二 / 医疗资助福利 / 机制灵活 / 节日福利 / 免费班车 / 配偶 / 重大节日福利（端午 / 其他事项（一）报名者应认真 / 晋升通道 / 16薪 / 30周岁及以下 / 如实填写应聘登记表 / 招聘条件及需求根据企业发展需要 / 五险一金 / 13薪 / 条件优秀的 / 五险 / 定期体检 / 方大养老金福利,"辽宁方大集团实业有限公司（简称“方大集团”）是一家以炭素、钢铁、医药、商业、航空五大板块为核心的跨行业、跨地区、多元化、具有较强国际竞争实力的大型企业集团。方大集团实体总部位于北京，金融、医药板块总部位于上海，所属公司分布于北京、上海、天津、辽宁、甘肃、江西、四川和海南等三十余个省、市、自治区，总资产4000多亿元，拥有员工近13万人。在严格落实国家政策的同时，出台并实施了包括医疗费用资助、发放手机和通信话费补贴、孝敬父母金、方威励志奖学金、方大养老金等系列方大特色福利，自成立以来，方大集团相关福利政策费用支出超43亿元。近年来，方大集团用于开展公益慈善事业、脱贫攻坚、乡村振兴、履行社会责任等捐款和投入资金累计超过54亿元。
方大特钢科技股份有限公司（股票代码：SH600507）是一家集采矿、炼焦、烧结、炼铁、炼钢、轧材生产工艺于一体的钢铁联合企业，是弹簧扁钢和汽车板簧精品生产基地。
目前，公司在岗员工6600余人（其中钢铁本部5100余人），资产总额约225.41亿，占地面积约3300亩。已通过了质量、环境、职业健康安全、能源和测量管理体系认证，通过两化融合体系认证，拥有国家博士后科研工作站、国家实验室认可（CNAS）检测中心和江西省弹簧钢工程研究中心。公司多次被评为“中国民营企业500强”“全国钢铁工业先进集体”“江西省优强企业”，先后获得“中国品牌100强”“中国品牌年度价值奖”“第十四届中国上市公司金牛奖百强”“亚洲名优品牌奖”“中国百强企业奖”等荣誉，被评为“国家4A级旅游景区”“江西省工业旅游示范基地”，被授予“全国厂务公开民主管理示范单位”“江西省模范劳动关系和谐企业”和“江西省企业文化建设示范单位”等称号。
公司生产的弹簧扁钢和热轧带肋钢筋荣获冶金行业产品实物质量“金杯奖”，形成了“长力”牌汽车弹扁和“海鸥”牌建筑钢材两大系列品牌优势。汽车板簧系列产品拥有“长力”“红岩”“春鹰”三大知名品牌，被中国质量管理协会用户委员会、中国汽车工业协会市场贸易委员会列为全国首批推荐商品。
方大特钢致力于打造世界先进的弹扁、板簧精品生产基地。
方大特钢坚持“以人为本，诚信为先”的企业精神，与广大合作伙伴精诚合作，携手并进，共创美好未来。
一、职业发展、薪酬待遇及员工福利
（一）职业发展：公平公正，机制灵活，发展平台广阔，晋升通道通畅。
（二）薪酬待遇：面议。 
（三）员工福利（具体按公司制度执行）
1.公司依法依规为员工缴纳五险一金。","2.公司员工按规定享受“基本工资增长”福利和“孝敬父母金”福利。
3.公司员工及父母、配偶、子女按规定享受医保范围内个人自付部分全额医疗资助报销。
4.公司员工子女享受“方威励志奖学金”，考入中国前20名或世界前50名大学就读本科按规定给予奖学金和生活费资助。
5.公司提供免费工作餐、手机话费福利、生日礼物、重大节日福利（端午、中秋、春节）以及“三八妇女节”“七一”党的生日、“八一”建军节等节日以实物形式为员工发放节日福利。
6.公司员工享受免费健康体检和职业健康体检。
7.公司退休员工具备条件可享受“方大养老金”“退休捐赠金”“创效退休奖励金”福利。
8.外地员工提供宿舍。
实现“一人在方大，全家有保障，终身都受益”。
二、招聘条件及需求
根据企业发展需要，面向全国招聘专业人才。
（一）需求专业 
1.冶金工程等相关专业（炼铁、炼钢方向）
2.矿物加工等相关专业（烧结方向）
3.金属压力加工、材料成型与控制工程等相关专业（轧钢方向）
4.工业自动化等相关专业（自动化方向） 
（二）招聘人数
30人 
（三）年龄
不限 30周岁及以下 
（四）学历
硕士研究生、博士研究生 
（五）相关要求
毕业1-2年或应届毕业生，条件优秀的，年龄适当放宽。
三、录用方式
（一）应聘者参加笔试和面试，择优录取。
（二）面试、体检时间另行通知。
（三）体检合格者与公司签订劳动合同，上岗试用期6个月。
四、其他事项
（一）报名者应认真、如实填写应聘登记表，并提供真实的报名证件及材料，包括本人有效身份证、毕业证或学籍证明。
（二）对有意隐瞒相关情况、提供虚假证件及材料、冒用他人身份信息、提供虚假出生年龄等弄虚作假行为，一经查实，公司有权依法取消录用资格，直至解除劳动合同。
（三）声明：公司在招聘过程中不收取报名费、中介费、手续费、资料费等任何费用，请应聘者谨防受骗。对于发布虚假招聘信息或在招聘中牟取任何利益的个人或机构，公司保留追究法律责任的权利。
报名截至：招满即止
报名地点：江西省南昌市青山湖区冶金大道475号方大特钢科技股份有限公司人力资源部109室
 查看全部",CSS / React / PMP / Go / HTML / jQuery / UG / AI,金属冶炼,https://www.liepin.com/job/1970245967.shtml
487,猎聘,能源/化工/环保,矿物加工,烧结技术,企业,方大特钢科技股份有限公司,5000-10000人,江西省,南昌,南昌,7-20k,硕士,2年以下,20241016214947,一经查实 / 终身都受益”。二 / 医疗资助福利 / 机制灵活 / 节日福利 / 免费班车 / 配偶 / 重大节日福利（端午 / 其他事项（一）报名者应认真 / 晋升通道 / 30周岁及以下 / 如实填写应聘登记表 / 招聘条件及需求根据企业发展需要 / 五险一金 / 13薪 / 条件优秀的 / 五险 / 定期体检 / 方大养老金福利 / 手机话费福利,"辽宁方大集团实业有限公司（简称“方大集团”）是一家以炭素、钢铁、医药、商业、航空五大板块为核心的跨行业、跨地区、多元化、具有较强国际竞争实力的大型企业集团。方大集团实体总部位于北京，金融、医药板块总部位于上海，所属公司分布于北京、上海、天津、辽宁、甘肃、江西、四川和海南等三十余个省、市、自治区，总资产4000多亿元，拥有员工近13万人。在严格落实国家政策的同时，出台并实施了包括医疗费用资助、发放手机和通信话费补贴、孝敬父母金、方威励志奖学金、方大养老金等系列方大特色福利，自成立以来，方大集团相关福利政策费用支出超43亿元。近年来，方大集团用于开展公益慈善事业、脱贫攻坚、乡村振兴、履行社会责任等捐款和投入资金累计超过54亿元。
方大特钢科技股份有限公司（股票代码：SH600507）是一家集采矿、炼焦、烧结、炼铁、炼钢、轧材生产工艺于一体的钢铁联合企业，是弹簧扁钢和汽车板簧精品生产基地。
目前，公司在岗员工6600余人（其中钢铁本部5100余人），资产总额约225.41亿，占地面积约3300亩。已通过了质量、环境、职业健康安全、能源和测量管理体系认证，通过两化融合体系认证，拥有国家博士后科研工作站、国家实验室认可（CNAS）检测中心和江西省弹簧钢工程研究中心。公司多次被评为“中国民营企业500强”“全国钢铁工业先进集体”“江西省优强企业”，先后获得“中国品牌100强”“中国品牌年度价值奖”“第十四届中国上市公司金牛奖百强”“亚洲名优品牌奖”“中国百强企业奖”等荣誉，被评为“国家4A级旅游景区”“江西省工业旅游示范基地”，被授予“全国厂务公开民主管理示范单位”“江西省模范劳动关系和谐企业”和“江西省企业文化建设示范单位”等称号。
公司生产的弹簧扁钢和热轧带肋钢筋荣获冶金行业产品实物质量“金杯奖”，形成了“长力”牌汽车弹扁和“海鸥”牌建筑钢材两大系列品牌优势。汽车板簧系列产品拥有“长力”“红岩”“春鹰”三大知名品牌，被中国质量管理协会用户委员会、中国汽车工业协会市场贸易委员会列为全国首批推荐商品。
方大特钢致力于打造世界先进的弹扁、板簧精品生产基地。
方大特钢坚持“以人为本，诚信为先”的企业精神，与广大合作伙伴精诚合作，携手并进，共创美好未来。
一、职业发展、薪酬待遇及员工福利
（一）职业发展：公平公正，机制灵活，发展平台广阔，晋升通道通畅。
（二）薪酬待遇：面议。 
（三）员工福利（具体按公司制度执行）
1.公司依法依规为员工缴纳五险一金。","2.公司员工按规定享受“基本工资增长”福利和“孝敬父母金”福利。
3.公司员工及父母、配偶、子女按规定享受医保范围内个人自付部分全额医疗资助报销。
4.公司员工子女享受“方威励志奖学金”，考入中国前20名或世界前50名大学就读本科按规定给予奖学金和生活费资助。
5.公司提供免费工作餐、手机话费福利、生日礼物、重大节日福利（端午、中秋、春节）以及“三八妇女节”“七一”党的生日、“八一”建军节等节日以实物形式为员工发放节日福利。
6.公司员工享受免费健康体检和职业健康体检。
7.公司退休员工具备条件可享受“方大养老金”“退休捐赠金”“创效退休奖励金”福利。
8.外地员工提供宿舍。
实现“一人在方大，全家有保障，终身都受益”。
二、招聘条件及需求
根据企业发展需要，面向全国招聘专业人才。
（一）需求专业 
1.冶金工程等相关专业（炼铁、炼钢方向）
2.矿物加工等相关专业（烧结方向）
3.金属压力加工、材料成型与控制工程等相关专业（轧钢方向）
4.工业自动化等相关专业（自动化方向） 
（二）招聘人数
30人 
（三）年龄
不限 30周岁及以下 
（四）学历
硕士研究生、博士研究生 
（五）相关要求
毕业1-2年或应届毕业生，条件优秀的，年龄适当放宽。
三、录用方式
（一）应聘者参加笔试和面试，择优录取。
（二）面试、体检时间另行通知。
（三）体检合格者与公司签订劳动合同，上岗试用期6个月。
四、其他事项
（一）报名者应认真、如实填写应聘登记表，并提供真实的报名证件及材料，包括本人有效身份证、毕业证或学籍证明。
（二）对有意隐瞒相关情况、提供虚假证件及材料、冒用他人身份信息、提供虚假出生年龄等弄虚作假行为，一经查实，公司有权依法取消录用资格，直至解除劳动合同。
（三）声明：公司在招聘过程中不收取报名费、中介费、手续费、资料费等任何费用，请应聘者谨防受骗。对于发布虚假招聘信息或在招聘中牟取任何利益的个人或机构，公司保留追究法律责任的权利。
报名截至：招满即止
报名地点：江西省南昌市青山湖区冶金大道475号方大特钢科技股份有限公司人力资源部109室
 查看全部",CSS / React / PMP / Go / HTML / jQuery / UG / AI,金属冶炼,https://www.liepin.com/job/1970246439.shtml
488,猎聘,能源/化工/环保,矿物加工,炼钢技术,企业,方大特钢科技股份有限公司,5000-10000人,江西省,南昌,南昌,7-20k,硕士,2年以下,20241016202111,一经查实 / 终身都受益”。二 / 医疗资助福利 / 机制灵活 / 节日福利 / 免费班车 / 配偶 / 重大节日福利（端午 / 其他事项（一）报名者应认真 / 晋升通道 / 16薪 / 30周岁及以下 / 如实填写应聘登记表 / 招聘条件及需求根据企业发展需要 / 五险一金 / 13薪 / 条件优秀的 / 五险 / 定期体检 / 方大养老金福利,"辽宁方大集团实业有限公司（简称“方大集团”）是一家以炭素、钢铁、医药、商业、航空五大板块为核心的跨行业、跨地区、多元化、具有较强国际竞争实力的大型企业集团。方大集团实体总部位于北京，金融、医药板块总部位于上海，所属公司分布于北京、上海、天津、辽宁、甘肃、江西、四川和海南等三十余个省、市、自治区，总资产4000多亿元，拥有员工近13万人。在严格落实国家政策的同时，出台并实施了包括医疗费用资助、发放手机和通信话费补贴、孝敬父母金、方威励志奖学金、方大养老金等系列方大特色福利，自成立以来，方大集团相关福利政策费用支出超43亿元。近年来，方大集团用于开展公益慈善事业、脱贫攻坚、乡村振兴、履行社会责任等捐款和投入资金累计超过54亿元。
方大特钢科技股份有限公司（股票代码：SH600507）是一家集采矿、炼焦、烧结、炼铁、炼钢、轧材生产工艺于一体的钢铁联合企业，是弹簧扁钢和汽车板簧精品生产基地。
目前，公司在岗员工6600余人（其中钢铁本部5100余人），资产总额约225.41亿，占地面积约3300亩。已通过了质量、环境、职业健康安全、能源和测量管理体系认证，通过两化融合体系认证，拥有国家博士后科研工作站、国家实验室认可（CNAS）检测中心和江西省弹簧钢工程研究中心。公司多次被评为“中国民营企业500强”“全国钢铁工业先进集体”“江西省优强企业”，先后获得“中国品牌100强”“中国品牌年度价值奖”“第十四届中国上市公司金牛奖百强”“亚洲名优品牌奖”“中国百强企业奖”等荣誉，被评为“国家4A级旅游景区”“江西省工业旅游示范基地”，被授予“全国厂务公开民主管理示范单位”“江西省模范劳动关系和谐企业”和“江西省企业文化建设示范单位”等称号。
公司生产的弹簧扁钢和热轧带肋钢筋荣获冶金行业产品实物质量“金杯奖”，形成了“长力”牌汽车弹扁和“海鸥”牌建筑钢材两大系列品牌优势。汽车板簧系列产品拥有“长力”“红岩”“春鹰”三大知名品牌，被中国质量管理协会用户委员会、中国汽车工业协会市场贸易委员会列为全国首批推荐商品。
方大特钢致力于打造世界先进的弹扁、板簧精品生产基地。
方大特钢坚持“以人为本，诚信为先”的企业精神，与广大合作伙伴精诚合作，携手并进，共创美好未来。
一、职业发展、薪酬待遇及员工福利
（一）职业发展：公平公正，机制灵活，发展平台广阔，晋升通道通畅。
（二）薪酬待遇：面议。 
（三）员工福利（具体按公司制度执行）
1.公司依法依规为员工缴纳五险一金。","2.公司员工按规定享受“基本工资增长”福利和“孝敬父母金”福利。
3.公司员工及父母、配偶、子女按规定享受医保范围内个人自付部分全额医疗资助报销。
4.公司员工子女享受“方威励志奖学金”，考入中国前20名或世界前50名大学就读本科按规定给予奖学金和生活费资助。
5.公司提供免费工作餐、手机话费福利、生日礼物、重大节日福利（端午、中秋、春节）以及“三八妇女节”“七一”党的生日、“八一”建军节等节日以实物形式为员工发放节日福利。
6.公司员工享受免费健康体检和职业健康体检。
7.公司退休员工具备条件可享受“方大养老金”“退休捐赠金”“创效退休奖励金”福利。
8.外地员工提供宿舍。
实现“一人在方大，全家有保障，终身都受益”。
二、招聘条件及需求
根据企业发展需要，面向全国招聘专业人才。
（一）需求专业 
1.冶金工程等相关专业（炼铁、炼钢方向）
2.矿物加工等相关专业（烧结方向）
3.金属压力加工、材料成型与控制工程等相关专业（轧钢方向）
4.工业自动化等相关专业（自动化方向） 
（二）招聘人数
30人 
（三）年龄
不限 30周岁及以下 
（四）学历
硕士研究生、博士研究生 
（五）相关要求
毕业1-2年或应届毕业生，条件优秀的，年龄适当放宽。
三、录用方式
（一）应聘者参加笔试和面试，择优录取。
（二）面试、体检时间另行通知。
（三）体检合格者与公司签订劳动合同，上岗试用期6个月。
四、其他事项
（一）报名者应认真、如实填写应聘登记表，并提供真实的报名证件及材料，包括本人有效身份证、毕业证或学籍证明。
（二）对有意隐瞒相关情况、提供虚假证件及材料、冒用他人身份信息、提供虚假出生年龄等弄虚作假行为，一经查实，公司有权依法取消录用资格，直至解除劳动合同。
（三）声明：公司在招聘过程中不收取报名费、中介费、手续费、资料费等任何费用，请应聘者谨防受骗。对于发布虚假招聘信息或在招聘中牟取任何利益的个人或机构，公司保留追究法律责任的权利。
报名截至：招满即止
报名地点：江西省南昌市青山湖区冶金大道475号方大特钢科技股份有限公司人力资源部109室
 查看全部",CSS / 英语 / React / PMP / Go / HTML / jQuery / UG / AI,金属冶炼,https://www.liepin.com/job/1970245949.shtml
489,猎聘,能源/化工/环保,矿物加工,选矿工程师,企业,兴国潋江矿业有限公司,50-99人,赣州-兴国县,赣州-兴国县,赣州-兴国县,10-15k,本科,5年以上,20250522163226,发展空间大 / 团队聚餐 / 节日礼物 / 领导好 / 五险一金 / 13薪 / 15薪 / 公司规模大 / 五险 / 聚餐,"：
1.负责解决生产工艺中的技术问题，指导、监督各生产车间技术经济指标的落实情况。
2.经常深入生产现场，对生产中存在的问题及时提出解决意见和方案并向领导汇报。
3.负责全厂生产技术标准、技术操作规程、操作卡片和岗位职责等制度的制定工作，参与各项技术经济指标和各项耗材的定额制定工作。
4.掌握选矿生产发展动向，提出技术改进方案，负责技术改造工程的设计及专业技术指导。
5.积极开展技术革新，改造、挖潜工作，参与选矿工艺试验研究工作。
6.负责流程考察、选矿试验工作，参与选矿金属平衡管理工作，及时发现生产中存在的问题，提出改进措施。
7.负责选矿工艺仪表精度的检定工作并协调相关方予以校正。
8.收集选矿生产技术资料，并进行分析、整理及总结。
9.开展技术交流活动，组织对职工的技术培训。
10.完成领导交办的其他工作。
二、","1.矿物加工工程专业大学本科及以上学历，从事有色金属选矿厂选矿生产和技术管理等5年以上工作经验，具有钼矿选矿厂工作经历和中级及以上职称者优先；
2.有较强的事业心、责任心，善于沟通，具备出色的组织协调能力及分析判断能力。
3.掌握选矿厂的工艺流程、组织结构和安全管理知识。
4.熟悉国家有关政策和法律法规、相关行业规范和标准。
5.熟练运用办公软件，CAD等绘图软件。
6.年龄原则上不超过45岁，身体健康。
7.招聘人数2人。
 查看全部",CSS / React / CAD / PMP / Go / HTML / jQuery / UG / AI,矿产开采,https://www.liepin.com/job/1974652833.shtml
490,猎聘,能源/化工/环保,矿物加工,化工设备研发工程师,企业,江西宏信锂业有限公司,100-499人,江西省,上饶,上饶,15-20k,大专,5-10年,20230428171558,13薪 / 14薪 / 零食,":
1.负责或参与研发新项目的收集、整理和提出，设计研发方案；
2.负责或参与培烧卤水沉锂研发小试、扩试、中试及sop量产；
3.参与锂提炼研发项目的评审工作；
4.负责或参与项目技术成果转化和生产实施；
5.负责或参与新设备、新技术引进及转化工作；
6.负责或参与生产系统中工艺技术的优化及改进。
【","】
1.学历要求：统招大专以上；
2.专业要求：矿物加工、环境工程、冶金、化学、化工、材料及相关专业；
3.科研或工作经验要求：（具备以下背景经验的人员优先）
1)锂电池正负极材料、前驱体及电池技术；
2)新型膜材料、树脂材料的开发及应用工作；
3)锂盐化工及卤水或矿石提锂技术；
4)能力要求：熟练掌握SOLIDWORKS/UG/PROE/Inventor等三维设计软件以及CAD/CAXA制图软件，具有Ansys、Adams、Keyshot、3DMAX/MAYA/C4D等软件使用能力及专利撰写能力者优先；
5)其他要求：具备良好的团队合作精神、语言表达能力、沟通能力和总结报告能力。
 查看全部",SolidWorks / CSS / 沟通能力和总结报告能力。 / ProE / React / CAD / PMP / Go / 语言表达能力 / HTML / Maya / 具备良好的团队合作精神 / jQuery / UG / AI,新能源,https://www.liepin.com/job/1955781253.shtml
491,猎聘,能源/化工/环保,矿物加工,销售经理,企业,北京矿酷数科信息技术有限公司,1-49人,江西省,赣州,赣州,5-10k,本科,经验不限,20220602110946,16薪 / 五险一金 / 13薪 / 周末双休 / 五险 / 双休 / 14薪,"1.与矿山企业、矿业设备厂家、矿用药剂厂家、矿业服务型企业等，建立客户关系，维护企业形象；
2.负责项目跟进，完成既定任务；
3.面向客户传递产品及服务价值；
4.收集和整理行业客户信息，挖掘潜在需求；","1.地质工程、采矿工程、矿物加工、机械制造、自动化、大数据、计算机等相关专业；
2.具有良好的表达与沟通能力；
3.学习能力强，有高度工作责任感和团队协作精神。
工作地点：江西省赣州市稀金谷双创园
薪资待遇：4+提成（周末双休）
 查看全部",CSS / 项目管理 / React / PMP / Go / HTML / jQuery / UG / AI,专业技术服务,https://www.liepin.com/job/1950104969.shtml
492,猎聘,能源/化工/环保,矿物加工,招商经理,企业,北京矿酷数科信息技术有限公司,1-49人,江西省,赣州,赣州,5-8k,本科,经验不限,20220602110259,双休 / 13薪 / 14薪 / 周末双休,"1.与矿山企业、矿业设备厂家、矿用药剂厂家、矿业服务型企业等，建立客户关系，维护企业形象；
2.负责项目跟进和产品销售，完成销售任务；
3.面向客户传递产品及服务价值；
4.收集和整理行业客户信息，挖掘潜在需求；","1.地质工程、采矿工程、矿物加工、机械制造、自动化、大数据、计算机等相关专业；
2.具有良好的表达与沟通能力；
3.学习能力强，有高度工作责任感和团队协作精神。
工作地点：江西省赣州市稀金谷双创园
薪资待遇：4500+提成（周末双休）
 查看全部",CSS / 项目管理 / React / PMP / Go / HTML / jQuery / UG / AI,专业技术服务,https://www.liepin.com/job/1950104663.shtml
493,猎聘,能源/化工/环保,矿物加工,尾矿库工段长（生产调度）,企业,兴国潋江矿业有限公司,50-99人,赣州-兴国县,赣州-兴国县,赣州-兴国县,7-10k,大专,3年以上,20260609162808,发展空间大 / 节日礼物 / 包住 / 领导好 / 包吃包住 / 技能培训 / 晋升空间 / 五险一金 / 包吃 / 五险 / 定期体检 / 健康体检 / 岗位晋升 / 提供住宿,"1、协助选矿厂厂长开展尾矿库生产运行、安全环保及现场管理工作；
2、负责尾矿输送、尾矿排放、回水系统、排洪设施及相关设备设施的日常运行管理；
3、负责尾矿库生产调度工作，统筹协调选矿厂、尾矿库及相关岗位生产衔接，确保生产系统稳定运行；
4、组织开展尾矿库日常巡查、隐患排查及问题整改工作，及时发现并处理异常情况；
5、负责尾矿库在线监测系统、排渗设施、回水设施及安全设施的运行管理和日常检查；
6、组织落实尾矿库安全生产、环保管理、防汛度汛及应急管理相关工作；
7、负责尾矿库运行记录、巡检记录、监测资料及相关台账的建立和管理；
8、负责尾矿库岗位人员的日常管理、工作安排、业务培训及考核工作；
9、协调对接安全、环保、应急管理等相关部门检查工作，配合完成资料报送及问题整改；
10、完成领导交办的其他工作。
二、","1、大专及以上学历，矿物加工工程、采矿工程、安全工程、矿山机电、地质工程、选矿工程及相关专业；
2、具有3年以上尾矿库、选矿厂或矿山生产管理工作经验，有尾矿库现场管理经验者优先；
3、熟悉尾矿库运行管理要求，了解尾矿输送、尾矿排放、回水系统及排洪设施运行原理；
4、熟悉尾矿库安全生产、环保管理、防汛度汛及应急处置相关规定；
5、具备较强的生产组织协调能力、现场管理能力及沟通协调能力；
6、能够熟练使用办公软件，具备生产报表、运行台账及相关资料编制能力；
7、责任心强，执行力强，能够适应矿山驻场及生产倒班管理要求；
8、持有注册安全工程师、安全管理人员证书或尾矿库相关从业资格证书者优先。
三、福利待遇
1、薪资面议
2、五险一金
3、年度晋升空间
4、年度健康体检
5、节假日福利及生日礼金
6、提供免费宿舍及工作餐
 查看全部",沟通协调 / CSS / 项目管理 / React / PMP / Go / HTML / jQuery / UG / AI,矿产开采,https://www.liepin.com/job/1983291091.shtml
494,猎聘,能源/化工/环保,矿物加工,行政,企业,广州衡友贸易有限公司,/,广州-天河区,广州-天河区,广州-天河区,7-9k,本科,经验不限,20240409135429,18薪 / 16薪 / 14薪,"行政专员/助理职位已暂停招聘_猎聘
 该职位已暂停招聘
 投递了该职位的人还查看了
 高级销售工程师 15-30k·16薪
 励兆科技 A轮
 上海-闵行区
 3-5年
 统招本科
 杨女士
 ·
 人事经理
 客户成功经理-J13585 25-30k
 慧策|旺店通(掌上先机) D轮及以上
 北京-海淀区
 经验不限
 本科
 刘女士
 ·
 招聘专员
 客户成功经理-J13585 25-30k
 慧策|旺店通(掌上先机) D轮及以上
 北京-海淀区
 经验不限
 学历不限
 冯女士
 跨境电商销售（带薪培训，1V1辅导） 8-12k
 石家庄修神化工产品有限公司 
 石家庄-桥西区
 经验不限
 中专/中技
 侯女士
 ·
 人事经理
 C++开发工程师 15-30k
 上海米莱芯程半导体有限公司 战略融资
 上海-浦东新区
 3年以上
 本科
 刘女士
 ·
 HRBP
 C++开发工程师 30-60k·18薪
 睿库德人才管理 
 上海-浦东新区
 3-5年
 统招本科
 沈女士
 ·
 合伙人
 数据分析 (J14913) 12-20k
 慧策|旺店通(掌上先机) D轮及以上
 北京-海淀区
 1-3年
 本科
 冯女士
 自动化物流规划助理工程师 10-15k
 上海疆智科技有限公司 
 杭州-滨江区
 1年以上
 本科
 张先生
 ·
 其他高级管理
 算法工程师 30-60k
 叮当健康(珠海)智能科技有限公司 
 北京-东城区
 3-5年
 硕士
 宗先生
 ·
 CEO
 市场营销与推广总监 10-20k
 深圳高蓝管理咨询有限公司 融资未公开
 深圳-南山区
 3-5年
 本科
 张先生
 ·
 副总经理
 销售代表 5-10k
 珠海哲尼思软件科技有限公司 融资未公开
 珠海
 1-3年
 大专
 李先生
 ·
 总经理
 商务运营经理 10-15k
 海南智脑竞速科技有限公司 
 上海-黄浦区
 3-5年
 本科
 温女士
 ·
 HR
 带货主播 4-8k
 石家庄跨娱文化传媒有限责任公司 
 石家庄
 经验不限
 本科
 尹先生
 ·
 法人
 亚马逊运营 5-10k
 河北元棉纺织科技有限公司 
 石家庄-新华区
 1年以下
 学历不限
 马先生
 ·
 销售经理
 阿里国际站运营 4-8k
 河北艺腾诺进出口贸易有限公司 
 石家庄-裕华区
 1-3年
 大专
 孙先生
 ·
 总经理
 大宗品销售工程师-南美区域（工作地点：上海）(A73824) 15-28k
 佳化化学 融资未公开
 上海-浦东新区
 3年以上
 统招本科
 周女士
 ·
 招聘经理
 解决方案经理 25-40k
 深睿医疗 D轮及以上
 北京-海淀区
 3年以上
 统招本科
 陈女士
 ·
 HRBP
 后端开发工程师 20-30k
 北京飞创时代科技有限公司 融资未公开
 深圳
 5-10年
 本科
 苗先生
 ·
 项目经理
 物流规划工程师 20-30k
 牧原食品股份有限公司 已上市
 郑州-郑东新区
 3-5年
 统招本科
 麻苏东
 ·
 HRBP
 C++软件开发工程师-上海 16-30k·14薪
 珞石机器人 D轮及以上
 上海-嘉定区
 2年以上
 本科
 王女士
 ·
 人力资源主管
 DSP软件工程师 20-40k
 深圳市锦缘诚投资发展集团有限公司 
 深圳-龙岗区
 3-5年
 本科
 侯先生
 ·
 人力资源总监
 物流工程师 12-35k
 重庆赛力斯技术有限公司 
 重庆-沙坪坝区
 3年以上
 统招本科
 刘女士
 物流运营总监 10-11k
 安徽盛丰供应链管理有限公司 
 合肥-瑶海区
 5-10年
 大专
 王女士
 ·
 人力
 物流规划工程师 10-30k
 珠海格力智能装备有限公司 融资未公开
 上海-奉贤区
 5年以上
 本科
 殷先生
 DSP软件工程师 20-40k
 深圳市锦缘诚投资发展集团有限公司 
 深圳-南山区
 3-5年
 本科
 侯先生
 ·
 人力资源总监
 物流自动化装备集成方案规划工程师 10-13k
 富晟集团 战略融资
 长春-绿园区
 3年以上
 大专
 陈先生
 ·
 人事行政负责人
 资深IC销售工程师 20-40k
 广东鸿翼芯汽车电子科技有限公司 C轮
 上海-徐汇区
 5年以上
 本科
 刘先生
 ·
 人事主管
 销售/上海/北京/深圳 10-15k·14薪
 东方晶源 C轮
 上海-浦东新区
 1-3年
 统招本科
 张女士
 ·
 HRBP经理
 项目运营 25-40k·16薪
 某宁波大型机械/设备公司 融资未公开
 杭州
 5-10年
 统招本科
 李女士
 ·
 猎头顾问
 技术销售工程师（化工行业） 10-20k
 凌玮科技 已上市
 上海-闵行区
 经验不限
 统招本科
 彭女士
 ·
 行政经理",/,CSS / C++ / React / PMP / 算法 / 数据分析 / HTML / jQuery / UG / AI,服装/纺织/皮革,https://www.liepin.com/job/1966103045.shtml
495,猎聘,能源/化工/环保,矿物加工,内勤8K双休,企业,合肥清夸等绰机械科技有限公司,/,安徽省,合肥,合肥,8-9k,大专,1-3年,20240402150606,双休 / 13薪 / 14薪 / 15薪,"：
 1、能独立处理和解决所负责的任务;
 　　2、协助上级管理、协调市场，跟踪并监察各项市场营销计划的执行;
 　　3、协助对公司产品的市场调研活动;
 　　4、负责公司的物料定期制作及宣传工作;
 　　5、收集市场同行业信息，参与策划有关公司产品的发布、展会等活动;
 查看全部","2. 如您应聘的岗位属于涉外劳务合作/海外岗位的，请务必核实招聘方对外劳务合作资质取得情况，同时注意自身资金安全，防范招聘欺诈。
 3. 本平台招聘方不向求职者提供任何收费服务。
 查看全部
 相关推荐
 展开
 合肥行政后勤专员招聘
 合肥项目后勤保障招聘
 合肥销售后勤管理招聘
 合肥总务管理招聘
 合肥日语总务担当招聘
 合肥招聘办公室内勤招聘
 合肥综合后勤岗招聘
 合肥后勤组主管招聘
 合肥行政专员主管招聘
 合肥管理部职员招聘
 合肥车队后勤招聘
 合肥红旗海外招聘
 合肥后勤顾问招聘
 合肥工程后勤经理招聘
 合肥工程资质后勤招聘
 合肥会务后勤方向招聘
 合肥行政文员后勤招聘
 合肥项目综合岗招聘
 合肥市政工程资料内勤招聘
 合肥国际学校总务主任招聘
 合肥厂务设施管理专员招聘
 合肥安环行政管理岗招聘
 合肥总裁办事务主管招聘
 合肥报关内勤招聘
 合肥优才发展岗招聘
 合肥行政运维岗招聘
 合肥安保秩序主管招聘
 合肥厂务管理员招聘
 合肥内勤电话文员招聘
 合肥食堂管理干事招聘
 相关公司
 安徽领迈能源科技有限公司
 北京种梦科技有限公司
 涿鹿星未来新能源科技有限公司
 合肥市兴斌互联网科技有限公司
 合肥元哉生物科技有限公司
 合肥达盟网络科技有限公司
 临沂宜联能源科技有限公司
 哈尔滨铭林科技有限公司
 安徽泽翔科技有限公司
 合肥市新岚图科技有限公司
 合肥辰阳合创信息科技有限公司
 安徽旻佳信息科技有限责任公司
 安徽林醛环保科技有限公司
 上海派迦信息科技有限公司
 安徽三方达通讯科技有限公司
 合肥回归文化传媒有限公司
 安徽新辰未来教育科技有限公司
 合肥个尧篓贿电子科技有限公司
 合肥南勤科技有限公司
 合肥良臣健康科技有限公司
 安徽栖谷臻品生物科技有限公司
 合肥米思林科技有限公司
 合肥查戌赞湾机械科技有限公司
 合肥皓辰文化科技有限公司
 湖北睿康诚医疗科技有限公司
 安徽稻壳科技孵化有限责任公司
 合肥市星脑健康科技有限公司
 热门城市
 北京招聘网
 上海招聘网
 广州招聘网
 厦门招聘网
 杭州招聘网
 郑州招聘网
 南京招聘网
 天津招聘网
 重庆招聘网
 成都招聘网
 苏州招聘网
 商丘招聘网
 大连招聘网
 济南招聘网
 宁波招聘网
 无锡招聘网
 青岛招聘网
 沈阳招聘网
 台州招聘网
 西安招聘网
 武汉招聘网
 热门招聘
 北京招聘信息
 上海招聘信息
 广州招聘信息
 厦门招聘信息
 杭州招聘信息
 郑州招聘信息
 南京招聘信息
 天津招聘信息
 重庆招聘信息
 成都招聘信息
 苏州招聘信息
 商丘招聘信息
 大连招聘信息
 济南招聘信息
 宁波招聘信息
 无锡招聘信息
 青岛招聘信息
 沈阳招聘信息
 台州招聘信息
 西安招聘信息
 武汉招聘信息
 合肥招聘网
 >
 合肥行政后勤/总务招聘
 >
 内勤8K双休招聘",JavaScript / CSS / Java / 日语 / React / 机器学习 / PMP / 算法 / Go / HTML / jQuery / UG / AI,科技推广服务,https://www.liepin.com/job/1965962527.shtml
496,猎聘,能源/化工/环保,矿物加工,选矿厂磨矿工段长,企业,兴国潋江矿业有限公司,50-99人,赣州-兴国县,赣州-兴国县,赣州-兴国县,7-10k,大专,5年以上,20260609162830,发展空间大 / 节日礼物 / 包住 / 领导好 / 包吃包住 / 技能培训 / 五险一金 / 包吃 / 五险 / 定期体检 / 岗位晋升 / 提供住宿,"：
1. 全面负责本工段磨机给矿、磨矿、分级等作业的日常生产组织，根据原矿性质变化及时调整球磨机、分级机等设备的运行参数（如钢球配比、给矿量、浓度等），确保磨矿细度达到浮选作业的***要求。
2.负责本工段大型设备（球磨机、旋流器、渣浆泵等）的日常巡检与维护保养计划制定，降低设备故障率，杜绝重大设备事故发生。
3.严格控制磨矿电耗、钢球及衬板消耗，在保证磨矿细度合格的前提下，最大程度降低生产成本。
4.负责本工段的现场标准化管理，严格执行安全生产规章制度，定期组织班组安全培训与隐患排查。
5.及时向厂长汇报生产异常，协助厂长进行全厂工艺流程的优化与技改。","1.选矿工程、矿物加工等相关专业大专及以上学历。
2.具有5年以上选矿厂工作经验，其中至少3年以上大型球磨/磨矿工段管理经验。有钼矿或同类有色金属矿山工作经验者优先。
3.精通磨矿分级工艺原理，能独立解决磨机“胀肚”、分级效率低等常见工艺故障；熟悉各类磨矿设备的结构原理及维修常识。
4.具备较强的现场指挥能力和团队凝聚力，数据敏感度高，能通过数据分析优化生产。
 查看全部",CSS / React / PMP / 数据分析 / Go / HTML / jQuery / UG / AI,矿产开采,https://www.liepin.com/job/1983290807.shtml
497,猎聘,能源/化工/环保,矿物加工,选矿厂浮选工段长,企业,兴国潋江矿业有限公司,50-99人,赣州-兴国县,赣州-兴国县,赣州-兴国县,7-10k,大专,5年以上,20260609162206,发展空间大 / 节日礼物 / 包住 / 领导好 / 包吃包住 / 技能培训 / 五险一金 / 包吃 / 五险 / 定期体检 / 岗位晋升 / 提供住宿,"：
1.全面负责浮选工段的工艺管理，根据原矿性质、品位及磨矿细度，精准调控药剂制度（捕收剂、抑制剂、起泡剂等）及浮选机液位、充气量，确保精矿品位和回收率达标。
2.统筹安排浮选各作业（粗选、精选、扫选）的生产运行，解决生产过程中出现的跑槽、沉槽、泡沫发粘等工艺异常。
3.负责浮选药剂的计划申报、储存及使用管理，定期分析药剂单耗，提出降本增效的优化方案。
4.配合试、化验进行流程考察，根据精矿质量反馈及时调整操作；参与选矿新技术的试验与应用。
5.负责浮选班组的技能培训与绩效考核，落实安全生产责任制，定期组织班组安全培训与隐患排查。","1.选矿工程、矿物加工等相关专业大专及以上学历。
2.具有5年以上选矿厂浮选一线及管理经验，必须精通硫化矿物（特别是钼矿）的浮选工艺。
3.对钼矿物的可浮性有深刻理解，具备极强的“看泡沫”辨识能力，能根据矿石性质变化迅速判断并调整药剂制度。
4.具备极强的责任心和抗压能力，善于沟通协调，具备较强的现场指挥协调能力，能有效配合厂长完成全厂的技术指标任务。
 查看全部",沟通协调 / CSS / React / PMP / Go / HTML / jQuery / UG / AI,矿产开采,https://www.liepin.com/job/1983290713.shtml
498,猎聘,能源/化工/环保,矿物加工,技术研究岗,企业,某国内人力资源服务公司,100-499人,江西省,赣州,赣州,8-10k,硕士,经验不限,20260610092410,管理规范 / 发展空间大 / 年终奖金 / 带薪年假 / 年终奖 / 技能培训 / 优秀员工奖 / 五险一金 / 公司规模大 / 五险 / 定期体检 / 岗位晋升,"1.30周岁及以下，硕士研究生及以上应届毕业生，具有选矿技术类科研项目经历 。
2.具备扎实的专业基础和理论知识 ，具有较强的研究分析 、文字表达和报
告撰写能力。","3.能够独立开展技术分析与工艺优化工作 ，熟悉科研项目或技术开发全流
程。
研究生专业：矿物加工工程（081902）、采矿工程（081901）、安
全技术及工程（081903）
 查看全部",JavaScript / CSS / Java / React / PMP / Go / HTML / jQuery / UG / AI,人力资源服务,https://www.liepin.com/a/76610193.shtml
499,猎聘,能源/化工/环保,矿物加工,融资专员/助理,企业,赣州市国有资产投资集团有限公司,500-999人,赣州-章贡区,赣州-章贡区,赣州-章贡区,薪资面议,/,/,20260609153553,/,"招聘
 赣州区域平台融资专员助理招聘
 赣州融资内勤招聘
 赣州融资信贷专员招聘
 赣州授信融资专员招聘
 赣州融资担保专员招聘
 赣州海外融资专员招聘
 赣州雅加达融资专员招聘
 赣州批售融资运营专员招聘
 赣州富海能源融资会计招聘
 赣州资本专员招聘
 赣州设备租赁专员招聘
 赣州债权融资助理招聘
 赣州投资行政助理招聘
 赣州债权融资专员招聘
 赣州国际融资专员招聘
 赣州资金商务专员招聘
 赣州国际金融业务管理招聘
 赣州一级股权投资助理招聘
 赣州公司金融顾问助理招聘
 赣州海外融资主任专员招聘
 赣州融资支持岗招聘
 相关公司
 赣州经开区工业发展投资(集团)有限责任公司
 辽宁尊鼎贸易集团有限公司
 江西周坊实业集团有限公司
 光大证券
 龙浩集团
 宜信普惠信息咨询(北京)有限公司
 深圳潜丰投资控股集团有限公司
 米多财富管理有限公司
 广东星海控股集团有限公司
 江西瑞奇期货有限公司
 万联证券
 盈科创新资产管理有限公司
 金瑞期货
 深圳市前海百富源股权投资管理有限公司
 上海泉盈投资管理有限公司
 恒大财富管理公司
 华泰证券股份有限公司江西分公司
 广发证券股份有限公司赣州登峰大道证券营业部
 申万宏源证券有限公司
 上海信始投资管理有限公司
 中银国际证券股份有限公司江西分公司
 热门城市
 北京招聘网
 上海招聘网
 广州招聘网
 厦门招聘网
 杭州招聘网
 郑州招聘网
 南京招聘网
 天津招聘网
 重庆招聘网
 成都招聘网
 苏州招聘网
 商丘招聘网
 大连招聘网
 济南招聘网
 宁波招聘网
 无锡招聘网
 青岛招聘网
 沈阳招聘网
 台州招聘网
 西安招聘网
 武汉招聘网
 热门招聘
 北京招聘信息
 上海招聘信息
 广州招聘信息
 厦门招聘信息
 杭州招聘信息
 郑州招聘信息
 南京招聘信息
 天津招聘信息
 重庆招聘信息
 成都招聘信息
 苏州招聘信息
 商丘招聘信息
 大连招聘信息
 济南招聘信息
 宁波招聘信息
 无锡招聘信息
 青岛招聘信息
 沈阳招聘信息
 台州招聘信息
 西安招聘信息
 武汉招聘信息
 赣州招聘网
 >
 赣州融资专员/助理招聘
 >
 融资专员/助理招聘
 收藏职位
 立即沟通
 更新时间：2026-06-10",/,CSS / React / PMP / Go / HTML / jQuery / UG / AI,基金/证券/期货,https://www.liepin.com/lptjob/83287449
500,猎聘,能源/化工/环保,矿物加工,选矿技术员,企业,奉新时代新能源资源有限公司,10000人以上,宜春-奉新县,宜春-奉新县,宜春-奉新县,7-12k,/,/,20260528111435,/,"：
1.在车间主任的领导下做好生产技术管理工作；
2.负责选矿技术和工艺流程的管理、监督、检查和指导工作；
3.指导、配合选矿试验人员对现场工艺参数、工艺条件进行检测，并做好原始数据的收集整理工作；
4.选矿流程考查、选矿试验方案计划的编制及实施，并提交实验报告；
5.参与选矿管理制度、技术标准和规程等的制定、修订和完善工作，做好操作工的技术培训工作；
6.对新工艺、新技术、综合利用、金属平衡等方案及选矿技术指标下降原因进行研究分析，并提出有效改进措施；
7.深入生产现场，掌握选矿生产和技术经济指标完成情况，检查、督促各岗位人员认真执行操作规程和实现岗位标准化作业；
8.会同相关人员编制技改技措计划，经公司批准后组织实施；
9.负责选矿生产统计报表及收集、整理相关技术资料等工作；
10.完成领导交办的其他工作。","1.本科及以上学历，矿物加工工程等专业优先，应届生亦可；
2.对选矿理论技术与设备、生产工艺和流程有一定了解；
3.良好的沟通能力、工作积极主动、执行力强、团队意识强、工作严谨。
截止日期：2027年03月09日
招聘人数：1人
 查看全部",CSS / React / PMP / Go / HTML / jQuery / UG / AI,矿产开采,https://www.liepin.com/lptjob/82544445
501,猎聘,能源/化工/环保,矿物加工,工艺技术员,企业,奉新时代新能源资源有限公司,10000人以上,宜春-奉新县,宜春-奉新县,宜春-奉新县,7-12k,/,/,20260528111435,/,"：
1.独立负责选矿试验研究项目，编写试验报告并及时汇报；
2.负责前期的矿石可选性试验，为选矿厂提供技术支持；
3.指导取制样员对试验样品的采取，把握样品代表性；
4.了解现场生产的工艺参数，必要时到选矿厂现场调整；
5.选矿厂现场工艺流程考察，取样、样品制备及数据分析，查找现场工艺中的问题，提交流程考察报告；
6.配合各科研单位完成公司各项选矿科技攻关工作；
7.完成领导交办的其他工作。","1.本科及以上学历，矿物加工工程及相关专业毕业，应届生亦可；
2.具备良好的沟通能力、协调能力、抗压能力。
截止日期：2027年03月09日
招聘人数：1人
 查看全部",CSS / React / PMP / 数据分析 / Go / HTML / jQuery / UG / AI,矿产开采,https://www.liepin.com/lptjob/80765455
502,猎聘,能源/化工/环保,矿物加工,人事行政专员,猎头,厦门安达智芯科技有限公司,/,厦门-翔安区,厦门-翔安区,厦门-翔安区,6-7k,学历不限,经验不限,20240413165923,16薪 / 18薪 / 13薪 / 15薪 / 14薪,：,"1.执行并完善公司的人事制度与计划，培训与发展，绩效评估，员工社会保障福利等方面的管理工作；
2.组织并协助各部门进行招聘、培训和绩效考核等工作；
3.执行并完善员工入职、转正、异动、离职等相关政策及流程；
4.员工人事信息管理与员工档案的维护，核算员工的薪酬福利等事宜；
5.其他人事日常工作
 查看全部",JavaScript / CSS / Java / 英语 / React / PMP / Go / HTML / jQuery / UG / AI,游戏,https://www.liepin.com/job/1966229623.shtml
503,猎聘,能源/化工/环保,矿物加工,出纳财务,猎头,上海翰轨沣贸易有限公司,/,上海-虹口区,上海-虹口区,上海-虹口区,8-9k,大专,1-3年,20240406105957,16薪 / 年终奖金 / 带薪年假 / 餐费补贴 / 股票期权 / 年终奖 / 18薪 / 五险一金 / 交通补助 / 全勤奖 / 13薪 / 15薪 / 五险 / 双休 / 年度旅游 / 14薪 / 期权,"：
1、公司销售业务及资金往来等工作的对接；
2、根据财务规章审核报销单以及报销工作；
3、负责对接银行工作（新设、注销）等事宜；
4、完成领导交代的其他任务，配合会计完成工作。","1、会计、财务等相关专业；
2、了解国家财经政策和会计、税务法规，熟悉银行结算业务；
3、熟练使用各种财务工具和办公软件，有较强的责任心；
4、善于处理流程性事务、良好的学习能力、独立工作能力和财务分析能力；
5、工作细致，责任感强，良好的沟通能力。
 查看全部",JavaScript / CSS / Java / 深度学习 / React / PMP / 算法 / Go / HTML / jQuery / UG / AI,贸易/进出口,https://www.liepin.com/job/1966014411.shtml
504,猎聘,能源/化工/环保,矿物加工,研究员（矿物加工）,企业,某沈阳学术/科研公司,1-49人,辽宁省,沈阳,沈阳,7-12k·14薪,统招本科,经验不限,20260609135934,13薪 / 15薪 / 双休 / 五险 / 14薪,岗位要求及,"岗位要求： 矿物加工专业，具备扎实专业理论基础，能独立操作计算机及软件，能进行各类型黑色金属、有色金属、非金属、贵金属矿石选矿研究，适应出差。
学历要求： 本科要求985，211，研究生不限（备注：研究生学历要求本科阶段是矿物加工专业）
 查看全部",JavaScript / CSS / Java / React / PMP / Go / HTML / jQuery / UG / AI,学术/科研,https://www.liepin.com/a/75036371.shtml
505,猎聘,能源/化工/环保,矿物加工,矿物加工技术工程师,企业,某沈阳学术/科研公司,1-49人,沈阳-浑南区,沈阳-浑南区,沈阳-浑南区,6-10k,统招本科,1-3年,20260424144315,16薪 / 年终奖金 / 带薪年假 / 绩效奖金 / 18薪 / 年终奖 / 五险一金 / 13薪 / 五险,/,"具备扎实专业理论基础，能独立操作计算机及软件，能进行各类型黑色金属、有色金属、非金属、贵金属矿石选矿研究，适应出差。
学历要求： 本科要求985，211，研究生不限（备注：研究生学历要求本科阶段是矿物加工专业）
 查看全部",JavaScript / CSS / Java / React / PMP / Go / HTML / jQuery / UG / AI,学术/科研,https://www.liepin.com/a/75034897.shtml
506,猎聘,能源/化工/环保,矿物加工,矿物加工技术工程师,企业,镁研(沈阳)新材料科技有限公司,1-49人,沈阳-浑南区,沈阳-浑南区,沈阳-浑南区,6-10k,本科,1-3年,20260403150722,16薪 / 五险一金 / 13薪 / 周末双休 / 15薪 / 五险 / 双休 / 法定节假日 / 零食,岗位要求及,"岗位要求： 具备扎实专业理论基础，能独立操作计算机及软件，能进行各类型黑色金属、有色金属、非金属、贵金属矿石选矿研究，适应出差。
学历要求： 本科要求985，211，研究生不限（备注：研究生学历要求本科阶段是矿物加工专业）
★工作时间：8：00-17：00
★工作地点：沈阳市浑南区数字经济产业园k08
★入职缴纳五险一金
★周末双休，法定节假日正常休息
 查看全部",CSS / React / PMP / Go / HTML / jQuery / UG / AI,学术/科研,https://www.liepin.com/job/1981478921.shtml
507,猎聘,能源/化工/环保,矿物加工,有色行业设计工程师（矿物加工工程）,企业,中国十五冶金建设集团有限公司,10000人以上,沈阳-和平区,沈阳-和平区,沈阳-和平区,13-16k,本科,5-10年,20241217145835,管理规范 / 带薪年假 / 节日礼物 / 绩效奖金 / 交通补助 / 六险两金 / 13薪 / 生育补贴 / 通讯津贴 / 公司规模大 / 五险 / 岗位晋升 / 14薪 / 六险,"】
 1.负责完成本部门有关的基础工作、本部门的人才培养、业务建设、市场开拓、科研开发计划等，并组织实施；
2.在项目前期工作阶段，负责完成投标项目中本专业范围内的可行性研究、技术报价等工作；
3.在项目实施阶段，负责参加项目设计工作，按照院项目管理模式的要求，与项目设计组积极地协调配合，按时并保证质量的完成各专业负责人分配的专业设计任务；
4.在项目服务期，根据专业负责人的要求，负责进行补充设计或现场服务；
5.负责完成技术工艺检审任务包括但不限于开工报告、三级审核，设计图纸的设计、审核工作。
【","】
 1.具有冶金、采矿、选矿、建筑等设计工作经验的工程师；
2.45周岁以内，中级以上职称、五年以上设计单位工作经验，有丰富的现场服务经验、有相关注册资格证书者优先；
3.采矿工程、地质工程、矿物加工工程、冶金工程、化工工程、安全工程、机械工程、尾矿充填、总图、电力工程、技术经济、建筑工程等相关专业全日制本科以上学历；
4.熟练掌握本专业相关软件，能够独立完成专业项目设计服务的相关工作，并提供近几年工作业绩证明；
5.熟悉相关规范和行业标准，有较强的学习能力，喜欢与人分享，有团队精神和服务意识，有较强的抗压能力、有较强的沟通能力；
6.能适应长期国内外出差要求。
【薪酬】
面议
 查看全部",CSS / 项目管理 / React / CAD / PMP / Go / HTML / jQuery / UG / AI,矿产开采,https://www.liepin.com/job/1970728301.shtml
508,猎聘,能源/化工/环保,矿物加工,矿物加工工厂厂长,企业,佛山市尚成矿业有限公司,50-99人,大连-庄河,大连-庄河,大连-庄河,15-25k,大专,5-10年,20260304154602,发展空间大 / 16薪 / 年终奖金 / 团队聚餐 / 餐费补贴 / 领导好 / 国际化管理 / 年终奖 / 五险一金 / 13薪 / 15薪 / 五险 / 聚餐 / 弹性工作 / 14薪,"：
1、全面负责工厂生产管理：负责技术指导、工程质量监督、安全施工管理、项目进度控制及生产成本控制等全方位管理工作，确保生产高效有序进行。
2、制定并执行生产计划：根据公司发展战略制定生产计划，并负责生产调度，合理配置人员、设备等资源，确保生产任务按时、按质、按量完成。
3、成本控制与优化：设定生产成本控制目标，通过优化生产流程、减少原材料浪费等措施，有效降低生产成本，提升整体经济效益。
4、下属管理与监督：对下属员工的工作进行指导、监督和检查，及时掌握工作进展和关键生产数据，确保团队绩效达标。
5、安全与质量体系建设：组织实施并持续监督厂区安全管理制度和质量安全运行体系，确保生产环境安全、产品质量可靠。
6、设备管理与维护：负责生产设备的日常管理和维护保养，确保设备稳定运行，提高生产效率。
7、应急处理与保障：有效应对各类突发事件，迅速采取措施保障工厂生产不受影响，维持生产正常运作。
工资面谈
 查看全部","2. 如您应聘的岗位属于涉外劳务合作/海外岗位的，请务必核实招聘方对外劳务合作资质取得情况，同时注意自身资金安全，防范招聘欺诈。
 3. 本平台招聘方不向求职者提供任何收费服务。
 查看全部
 相关推荐
 展开
 大连热电分厂厂长招聘
 大连水厂厂长招聘
 大连电机制造厂长招聘
 大连电子产品生产厂长招聘
 大连卫浴厂长招聘
 大连服装工厂管理招聘
 大连牛仔生产工厂厂长招聘
 大连塘沽加工厂正职招聘
 大连钢结构工厂总经理招聘
 大连分厂管理招聘
 大连混凝土构件生产技术经理招聘
 大连发酵工厂厂长招聘
 大连冰箱工厂厂长招聘
 大连高端门厂长招聘
 大连储能工厂厂长招聘
 大连智能料场厂长招聘
 大连电机厂长招聘
 大连精益化生产总监招聘
 大连沂南纺织工厂厂长招聘
 大连木材加工厂负责人招聘
 大连生鲜牛蛙加工厂厂长招聘
 大连树脂工厂长招聘
 大连焙烧硫酸厂长招聘
 大连蛋糕生产厂长招聘
 大连工厂管理依米招聘
 大连罐头厂厂长招聘
 大连代工厂管理招聘
 大连炼钢副厂长招聘
 大连港闸生产厂长招聘
 大连加工厂长招聘
 相关公司
 北京大威国际货运代理有限责任公司
 浙江前浪进出口有限公司
 茗霖科技
 大连罗琳思国际贸易有限公司
 世和科技
 百斯顿环球食品
 大连利泰达贸易有限公司
 上海栾心贸易有限公司
 上海小树苗婴儿用品有限公司
 大连帕塔纳贸易有限公司
 农垦(大连)国际贸易有限公司
 大连希诺化学有限公司
 屹帆国际
 辽宁锐科工业有限公司
 山东青圣食品有限公司
 森美木业(大连)有限公司
 北京六道同舟商贸(集团)有限公司
 松下电器全球采购(中国)有限公司
 大连恒平贸易有限公司
 热门城市
 北京招聘网
 上海招聘网
 广州招聘网
 厦门招聘网
 杭州招聘网
 郑州招聘网
 南京招聘网
 天津招聘网
 重庆招聘网
 成都招聘网
 苏州招聘网
 商丘招聘网
 大连招聘网
 济南招聘网
 宁波招聘网
 无锡招聘网
 青岛招聘网
 沈阳招聘网
 台州招聘网
 西安招聘网
 武汉招聘网
 热门招聘
 北京招聘信息
 上海招聘信息
 广州招聘信息
 厦门招聘信息
 杭州招聘信息
 郑州招聘信息
 南京招聘信息
 天津招聘信息
 重庆招聘信息
 成都招聘信息
 苏州招聘信息
 商丘招聘信息
 大连招聘信息
 济南招聘信息
 宁波招聘信息
 无锡招聘信息
 青岛招聘信息
 沈阳招聘信息
 台州招聘信息
 西安招聘信息
 武汉招聘信息
 大连招聘网
 >
 大连工厂厂长招聘
 >
 矿物加工工厂厂长招聘
 收藏职位
 立即沟通
 更新时间：2026-05-15",CSS / React / PMP / Go / HTML / jQuery / UG / AI,贸易/进出口,https://www.liepin.com/job/1980640463.shtml
509,猎聘,能源/化工/环保,矿物加工,智慧矿山行业解决方案经理,企业,某国企单位,500-999人,辽宁省,鞍山,鞍山,12-24k,统招本科,3年以上,20260609105235,18薪 / 14薪 / 15薪,"：
1、洞察矿山行业发展趋势，识别重大行业机会，进行判断、分析，输出相关分析报告，对鞍钢营服中心提供前瞻性的决策支持；
2、掌握行业标准与规范，熟悉生产流程，深度调研潜在客户的智能化、数字化转型需求，梳理生产、安全、运维、管理等痛点，基于公司云、大、物、智、安等能力，设计定制化矿山解决方案。
3、开展矿山行业售前技术营销工作，与潜在客户进行技术交流和前期需求沟通，主导技术交流、需求调研，挖掘并引导客户需求，树立专家品牌；
4、负责协助市公司鞍钢营服中心进行高层拜访，并积极拜访客户各职能机构相关人员，对接并维系客情；
5、对矿山信息化项目进行技术指导，解决项目问题，具有行业生态资源，整合公司内外部产品和服务能力，打造标杆项目；
6、负责领导交办的其他工作；","1、学历：本科及以上，计算机、通信、采矿工程、矿业工程、矿物加工工程等工科、理科相关专业。
2、经验：3年及以上矿山行业信息化、智能化解决方案、售前技术支持或项目管理经验；有鞍钢、本钢等矿山项目经验优先。
3、业务：熟悉矿山行业生产全流程，了解矿山行业业务特点与监管要求，精通工业互联网等技术在矿山行业的应用；
4、年龄原则上在40周岁以下，硕士研究生或工作经验在10年以上的，可放宽。
5、工作地点：鞍山市
 查看全部",JavaScript / CSS / Java / 项目管理 / React / CAD / PMP / Go / HTML / jQuery / UG / AI,计算机软件,https://www.liepin.com/a/75804183.shtml
510,猎聘,能源/化工/环保,矿物加工,选矿工程师,企业,某国内人力资源服务公司,50-99人,辽宁省,丹东,丹东,14-16k,大专,经验不限,20260605112915,/,"职责：负责选矿项目的全面管理工作健全技术管理、质量管理、安全管理等相应的工作流程，协助总经理制定选矿项目的目标及落实
要求：50岁以下，选矿、矿物加工类相关专业，大专以上学历，持中级以上职称证书
 查看全部",1. 如您发现平台内招聘方存在以下违规行为的，请立即,JavaScript / CSS / Java / React / PMP / Go / HTML / jQuery / UG / AI,人力资源服务,https://www.liepin.com/a/76316781.shtml
511,猎聘,能源/化工/环保,矿物加工,选矿工程师,企业,某西安人力资源服务公司,100-499人,辽宁省,丹东,丹东,16-22k,大专,10年以上,20260610100004,报销路费 / 年终奖金 / 带薪年假 / 年终奖 / 五险一金 / 管吃住 / 五险,"1：具备10年以上从事选矿专业工作经验，精通选矿、矿物加工等专业知识，拥有丰富的选矿生产现场管理经验。
2: 具有扎实的选矿理论知识基础，具有较高的选矿工艺流程设计能力。
3: 熟悉选厂工艺管理，掌握各种选矿设备的技术性能，能够较好的优化选矿技术指标。
4: 具有一定的选矿试验能力，能够审核选矿方面图纸和资料。
5: 具有较熟练的绘图能力，初步掌握办公自动化软件。
6: 具备一定的组织协调能力、沟通能力、计划与执行能力及语言表达能力。
7: 善于团队合作、具备创新能力。
 查看全部","2. 如您应聘的岗位属于涉外劳务合作/海外岗位的，请务必核实招聘方对外劳务合作资质取得情况，同时注意自身资金安全，防范招聘欺诈。
 3. 本平台招聘方不向求职者提供任何收费服务。
 查看全部
 相关推荐
 展开
 选矿工程师招聘
 选矿助剂工程师招聘
 探矿工程高级工程师招聘
 海外选矿工艺工程师招聘
 选矿厂工程师招聘
 选矿工程师助理招聘
 锂矿选矿工程师招聘
 选矿药剂工程师招聘
 矿山开发工程师招聘
 选矿厂生产经理招聘
 选矿工程师岗位招聘
 金属矿选矿工程师招聘
 洗选矿班长招聘
 锰矿工程师招聘
 选冶工程师招聘
 选矿车间主管招聘
 水力工程师招聘
 砂石工艺工程师招聘
 选煤设计工程师招聘
 矿山技术工程师招聘
 化工实验室工程师招聘
 选矿设计招聘
 洗选矿矿长招聘
 选矿专家招聘
 选矿设计师招聘
 选矿主管招聘
 通防工程师招聘
 选矿厂经理招聘
 技术科招聘
 矿物选矿实验员招聘
 相关公司
 深圳市弗赛特科技股份有限公司
 联想控股
 河北唐隆投资有限公司
 热门城市
 北京招聘网
 上海招聘网
 广州招聘网
 厦门招聘网
 杭州招聘网
 郑州招聘网
 南京招聘网
 天津招聘网
 重庆招聘网
 成都招聘网
 苏州招聘网
 商丘招聘网
 大连招聘网
 济南招聘网
 宁波招聘网
 无锡招聘网
 青岛招聘网
 沈阳招聘网
 台州招聘网
 西安招聘网
 武汉招聘网
 周边城市
 丹东招聘网
 >
 丹东选矿工程师招聘
 >
 选矿工程师招聘
 收藏职位
 立即沟通
 更新时间：2026-06-10",JavaScript / CSS / Java / React / PMP / Go / HTML / jQuery / UG / AI,人力资源服务,https://www.liepin.com/a/76397467.shtml
512,猎聘,能源/化工/环保,矿物加工,矿物浮选研发工程师,企业,辽宁省机械研究院有限公司,50-99人,沈阳-皇姑区,沈阳-皇姑区,沈阳-皇姑区,8-13k,本科,经验不限,20260518115757,13薪 / 14薪 / 零食,"：
1、负责选矿工艺的研究与优化，提高选矿效率和产品质量；
2、参与选矿设备的研发与测试，确保设备性能符合生产需求；
3、进行选矿技术的创新研究，探索新技术在选矿领域的应用。","1、本科及以上学历，矿物加工工程、矿业工程等相关专业；
2、熟悉选矿工艺及设备的研发工作，具有相关工作经验者优先；
3、具备良好的团队协作精神和沟通能力，能够独立完成科研任务。
 查看全部",CSS / React / PMP / Go / HTML / jQuery / UG / AI,机械/设备,https://www.liepin.com/job/1982610273.shtml
513,猎聘,能源/化工/环保,矿物加工,选矿工程师 五险一金！包食宿！,企业,某国内人力资源服务公司,50-99人,辽宁省,丹东,丹东,14-16k,大专,3-5年,20260525182400,"持中级以上职称证书 / 管吃管住 / 大专以上学历 / 丹东市 / 休假单休...""} / 五险一金 / 13薪 / 可以攒休 / 免费体检（一年一次）职责: / 五险 / 有法定节假日 / 法定节假日 / 休假单休每周日休 / 单位交五险一金 / 项目：井下 / 18薪 / 免费体检 / 负责矿山选矿相关本职工作要求：选矿 / 金矿地点：辽宁省 / 矿物加工类相关专业","岗位：选矿工程师
月薪：14k-16k/月
福利：单位交五险一金、管吃管住、休假单休每周日休，可以攒休，有法定节假日、免费体检（一年一次）
职责: 负责矿山选矿相关本职工作
要求：选矿、矿物加工类相关专业，大专以上学历，持中级以上职称证书、
项目：井下 金矿
地点：辽宁省 丹东市
 查看全部","2. 如您应聘的岗位属于涉外劳务合作/海外岗位的，请务必核实招聘方对外劳务合作资质取得情况，同时注意自身资金安全，防范招聘欺诈。
 3. 本平台招聘方不向求职者提供任何收费服务。
 查看全部
 相关推荐
 展开
 选矿工程师招聘
 选矿助剂工程师招聘
 探矿工程高级工程师招聘
 海外选矿工艺工程师招聘
 选矿厂工程师招聘
 选矿工程师助理招聘
 锂矿选矿工程师招聘
 选矿药剂工程师招聘
 矿山开发工程师招聘
 选矿厂生产经理招聘
 选矿工程师岗位招聘
 金属矿选矿工程师招聘
 洗选矿班长招聘
 锰矿工程师招聘
 选冶工程师招聘
 选矿车间主管招聘
 水力工程师招聘
 砂石工艺工程师招聘
 选煤设计工程师招聘
 矿山技术工程师招聘
 化工实验室工程师招聘
 选矿设计招聘
 洗选矿矿长招聘
 选矿专家招聘
 选矿设计师招聘
 选矿主管招聘
 通防工程师招聘
 选矿厂经理招聘
 技术科招聘
 矿物选矿实验员招聘
 相关公司
 深圳市弗赛特科技股份有限公司
 联想控股
 河北唐隆投资有限公司
 热门城市
 北京招聘网
 上海招聘网
 广州招聘网
 厦门招聘网
 杭州招聘网
 郑州招聘网
 南京招聘网
 天津招聘网
 重庆招聘网
 成都招聘网
 苏州招聘网
 商丘招聘网
 大连招聘网
 济南招聘网
 宁波招聘网
 无锡招聘网
 青岛招聘网
 沈阳招聘网
 台州招聘网
 西安招聘网
 武汉招聘网
 周边城市
 丹东招聘网
 >
 丹东选矿工程师招聘
 >
 选矿工程师 五险一金！包食宿！招聘
 收藏职位
 立即沟通
 更新时间：2026-06-10",JavaScript / CSS / Java / React / PMP / Go / HTML / jQuery / UG / AI,人力资源服务,https://www.liepin.com/a/72767523.shtml
514,猎聘,能源/化工/环保,矿物加工,矿物实验员,企业,沈阳翼派科技有限公司,1-49人,沈阳-浑南区,沈阳-浑南区,沈阳-浑南区,4-8k,本科,经验不限,20250611145250,管理规范 / 休闲餐点 / 领导好 / 节日福利 / 聚餐 / 饮料 / 期权 / 五险一金 / 13薪 / 各类奖金； / 五险 / 弹性工作 / 年终奖金 / 团队聚餐 / 餐补 / 股票期权 / 年终奖 / 周末双休 / 绩效激励 / 双休,"：
1、矿物分选加工技术研发。熟悉浮选、磁选、电选、重选和浸出等基本矿物分选加工手段；对于选矿过程中所需要使用的试剂，需懂得基本化学作用原理，配合选矿工艺形成合理的试剂方案；
2、需要研发人员在专家指导下能担任起项目的研发工作，并根据项目周期做好规划，自主推进项目研发进度；
3、需要研发人员具有自主研发能力，对实验室工作有浓厚兴趣，对实验记录、报告撰写、专利撰写等工作做到心细、认真负责；
4、实验室管理。承担选矿工艺相关实验；负责编制实验室各实验及检测设备的使用手册和操作规程；
6、培养发展方向：选矿专家；
7、专业要求：矿物加工工程、精细化工，合成化工等相关专业；
个人收益：
1、可构建系统的专业知识体系，夯实职业发展基础​​
系统掌握选矿理论及选矿技术等核心知识，深度理解选矿全流程中药剂应用逻辑、生产工艺优化要点及关键流程控制参数，为未来向技术专家或生产管理方向发展筑牢知识根基，成为公司中基层技术/管理岗位的复合型储备人才。
2、 提升矿物分析与实验实操能力，强化核心竞争力​​
深入掌握有色、黑色及非金属矿物的物理化学特性差异，熟练运用各类化学试剂的安全规范与操作标准，在指导下可独立完成实验设计、矿样数据分析及试验方案落地执行，并能基于试验结果输出专业报告，论文，专利等能力。此能力将直接支撑个人在选矿研发、工艺改进等场景中的实战价值，成为技术通道晋升的关键硬实力。
3、明确职业发展路径，增强岗位适配性​​
通过针对性培养，清晰锚定技术（如工艺优化、技术研发）或管理（如生产协调、团队带教）双通道的发展方向，提前积累岗位所需的关键能力与实践经验，缩短未来晋升周期，快速成长为支撑公司业务发展的中基层骨干力量。","1、矿物加工工程、应用化学专业应届毕业生，本科及其以上学历。
2、需要具有自主研发能力的，对实验室工作有浓厚兴趣，做事精细勤快，务实求真，脚踏实地，执行力强。
3、身体健康，品行良好，吃苦耐劳，服从领导安排，具备较强的安全意识。",CSS / React / PMP / 数据分析 / Go / HTML / jQuery / UG / AI,互联网,https://www.liepin.com/job/1974487551.shtml
515,猎聘,能源/化工/环保,矿物加工,选矿工程师,企业,某国内人力资源服务公司,50-99人,辽宁省,丹东,丹东,14-21k,学历不限,3-5年,20260409173841,持中级以上职称证书 / 大专以上学历 / 丹东市 / 选矿 / 项目：井下金属矿地点：辽宁省 / 五险一金 / 13薪 / 免费体检（一年一次）职责: / 五险 / 有法定节假日 / 管吃管住可以攒休 / 法定节假日 / 餐费补贴 / 单位交五险一金 / 负责矿山选矿相关本职工作要求：50岁以下 / 免费体检 / 15薪 / 矿物加工类相关专业 / 14薪 / 提供住宿,"岗位：选矿工程师
福利：单位交五险一金、管吃管住可以攒休，有法定节假日、免费体检（一年一次）
职责: 负责矿山选矿相关本职工作
要求：50岁以下，选矿、矿物加工类相关专业，大专以上学历，持中级以上职称证书、
项目：井下金属矿
地点：辽宁省 丹东市
 查看全部","2. 如您应聘的岗位属于涉外劳务合作/海外岗位的，请务必核实招聘方对外劳务合作资质取得情况，同时注意自身资金安全，防范招聘欺诈。
 3. 本平台招聘方不向求职者提供任何收费服务。
 查看全部
 相关推荐
 展开
 选矿工程师招聘
 选矿助剂工程师招聘
 探矿工程高级工程师招聘
 海外选矿工艺工程师招聘
 选矿厂工程师招聘
 选矿工程师助理招聘
 锂矿选矿工程师招聘
 选矿药剂工程师招聘
 矿山开发工程师招聘
 选矿厂生产经理招聘
 选矿工程师岗位招聘
 金属矿选矿工程师招聘
 洗选矿班长招聘
 锰矿工程师招聘
 选冶工程师招聘
 选矿车间主管招聘
 水力工程师招聘
 砂石工艺工程师招聘
 选煤设计工程师招聘
 矿山技术工程师招聘
 化工实验室工程师招聘
 选矿设计招聘
 洗选矿矿长招聘
 选矿专家招聘
 选矿设计师招聘
 选矿主管招聘
 通防工程师招聘
 选矿厂经理招聘
 技术科招聘
 矿物选矿实验员招聘
 相关公司
 深圳市弗赛特科技股份有限公司
 联想控股
 河北唐隆投资有限公司
 热门城市
 北京招聘网
 上海招聘网
 广州招聘网
 厦门招聘网
 杭州招聘网
 郑州招聘网
 南京招聘网
 天津招聘网
 重庆招聘网
 成都招聘网
 苏州招聘网
 商丘招聘网
 大连招聘网
 济南招聘网
 宁波招聘网
 无锡招聘网
 青岛招聘网
 沈阳招聘网
 台州招聘网
 西安招聘网
 武汉招聘网
 周边城市
 丹东招聘网
 >
 丹东选矿工程师招聘
 >
 选矿工程师招聘
 收藏职位
 立即沟通
 更新时间：2026-06-10",JavaScript / CSS / Java / React / PMP / Go / HTML / jQuery / UG / AI,人力资源服务,https://www.liepin.com/a/74459431.shtml
516,猎聘,能源/化工/环保,矿物加工,矿物研发岗,企业,沈阳腾奥材料科技有限责任公司,1-49人,辽宁省,沈阳,沈阳,4-6k,本科,经验不限,20260414091810,五险 / 五险一金 / 13薪 / 14薪,"：
矿物分选加工技术研发。熟悉浮选、磁选、电选、重选和浸出等基本矿物分选加工手段；对于选矿过程中所需要使用的试剂，需懂得基本化学作用原理，配合选矿工艺形成合理的试剂方案；
需要研发人员在专家指导下能担任起项目的研发工作，并根据项目周期做好规划，自主推进项目研发进度；
需要研发人员具有自主研发能力，对实验室工作有浓厚兴趣，对实验记录、报告撰写、专利撰写等工作做到心细、认真负责；
实验室管理。承担选矿工艺相关实验；负责编制实验室各实验及检测设备的使用手册和操作规程；
6、培养发展方向：选矿专家；
7、专业要求：矿物加工工程、精细化工，合成化工等相关专业；
 查看全部","2. 如您应聘的岗位属于涉外劳务合作/海外岗位的，请务必核实招聘方对外劳务合作资质取得情况，同时注意自身资金安全，防范招聘欺诈。
 3. 本平台招聘方不向求职者提供任何收费服务。
 查看全部
 相关推荐
 展开
 沈阳选矿工程师招聘
 沈阳选矿助剂工程师招聘
 沈阳探矿工程高级工程师招聘
 沈阳海外选矿工艺工程师招聘
 沈阳选矿厂工程师招聘
 沈阳选矿工程师助理招聘
 沈阳锂矿选矿工程师招聘
 沈阳选矿药剂工程师招聘
 沈阳矿山开发工程师招聘
 沈阳选矿厂生产经理招聘
 沈阳选矿工程师岗位招聘
 沈阳金属矿选矿工程师招聘
 沈阳洗选矿班长招聘
 沈阳锰矿工程师招聘
 沈阳选冶工程师招聘
 沈阳选矿车间主管招聘
 沈阳水力工程师招聘
 沈阳砂石工艺工程师招聘
 沈阳选煤设计工程师招聘
 沈阳矿山技术工程师招聘
 沈阳化工实验室工程师招聘
 沈阳选矿设计招聘
 沈阳洗选矿矿长招聘
 沈阳选矿专家招聘
 沈阳选矿设计师招聘
 沈阳选矿主管招聘
 沈阳通防工程师招聘
 沈阳选矿厂经理招聘
 沈阳技术科招聘
 沈阳矿物选矿实验员招聘
 相关公司
 中国铜业有限公司
 芯航同方科技(江苏)有限公司
 沈阳联立铜业有限公司
 正威集团
 沈阳丰贝商贸有限公司
 磐龙玉开发
 安农工业(辽宁)有限公司
 天津快可集成房屋有限公司
 辽宁博昊土地科技发展有限公司
 祥光集团，新凤祥
 中国有色集团沈阳矿业投资有限公司
 沈阳中科超硬磨具磨削研究所
 天瑞集团
 精华新材
 山东中信钙业有限公司
 罕王实业集团有限公司
 海南矿业股份有限公司
 山西灵石国泰红岩煤业有限公司
 沈阳三合金属制品制造有限公司
 沈阳国盛防腐保温有限公司
 孝义市鹏飞实业有限公司
 东莞市鸿盛技术科技有限公司
 热门城市
 北京招聘网
 上海招聘网
 广州招聘网
 厦门招聘网
 杭州招聘网
 郑州招聘网
 南京招聘网
 天津招聘网
 重庆招聘网
 成都招聘网
 苏州招聘网
 商丘招聘网
 大连招聘网
 济南招聘网
 宁波招聘网
 无锡招聘网
 青岛招聘网
 沈阳招聘网
 台州招聘网
 西安招聘网
 武汉招聘网
 热门招聘
 北京招聘信息
 上海招聘信息
 广州招聘信息
 厦门招聘信息
 杭州招聘信息
 郑州招聘信息
 南京招聘信息
 天津招聘信息
 重庆招聘信息
 成都招聘信息
 苏州招聘信息
 商丘招聘信息
 大连招聘信息
 济南招聘信息
 宁波招聘信息
 无锡招聘信息
 青岛招聘信息
 沈阳招聘信息
 台州招聘信息
 西安招聘信息
 武汉招聘信息
 沈阳招聘网
 >
 沈阳选矿工程师招聘
 >
 矿物研发岗招聘
 收藏职位
 立即沟通
 更新时间：2026-05-05",CSS / React / PMP / Go / HTML / jQuery / UG / AI,矿产开采,https://www.liepin.com/job/1981618605.shtml
517,猎聘,能源/化工/环保,矿物加工,矿山浮选实验工程师,企业,辽宁省机械研究院有限公司,50-99人,沈阳-皇姑区,沈阳-皇姑区,沈阳-皇姑区,6-15k,本科,3-5年,20260514134715,带薪年假 / 五险一金 / 13薪 / 五险 / 14薪,"负责新型矿山浮选设备设计、参数选型及性能验证，同时兼顾浮选实验全流程，涵盖实验设计、药剂调试、数据检测与报告编制。 
要求矿物加工/选矿相关专业，有矿山经验优先。 
精通浮选原理与设备工艺，具备浮选设备设计与改进能力，能解决实验及现场技术难题。 
 查看全部","2. 如您应聘的岗位属于涉外劳务合作/海外岗位的，请务必核实招聘方对外劳务合作资质取得情况，同时注意自身资金安全，防范招聘欺诈。
 3. 本平台招聘方不向求职者提供任何收费服务。
 查看全部
 相关推荐
 展开
 沈阳选矿工程师招聘
 沈阳选矿助剂工程师招聘
 沈阳探矿工程高级工程师招聘
 沈阳海外选矿工艺工程师招聘
 沈阳选矿厂工程师招聘
 沈阳选矿工程师助理招聘
 沈阳锂矿选矿工程师招聘
 沈阳选矿药剂工程师招聘
 沈阳矿山开发工程师招聘
 沈阳选矿厂生产经理招聘
 沈阳选矿工程师岗位招聘
 沈阳金属矿选矿工程师招聘
 沈阳洗选矿班长招聘
 沈阳锰矿工程师招聘
 沈阳选冶工程师招聘
 沈阳选矿车间主管招聘
 沈阳水力工程师招聘
 沈阳砂石工艺工程师招聘
 沈阳选煤设计工程师招聘
 沈阳矿山技术工程师招聘
 沈阳化工实验室工程师招聘
 沈阳选矿设计招聘
 沈阳洗选矿矿长招聘
 沈阳选矿专家招聘
 沈阳选矿设计师招聘
 沈阳选矿主管招聘
 沈阳通防工程师招聘
 沈阳选矿厂经理招聘
 沈阳技术科招聘
 沈阳矿物选矿实验员招聘
 相关公司
 远大智能工业
 希望深蓝
 上海电气
 苏州海通机器人系统有限公司
 沈阳华盛机械制造有限公司
 新代科技(苏州)有限公司
 合肥高科科技股份有限公司
 阿特拉斯·科普柯(上海)贸易有限公司-CTCC
 沈阳勇俊金属制品加工有限公司
 沈阳行安铁路设备制造有限公司
 烟台市利安包装材料有限公司沈阳分公司
 北京德威智泊科技有限公司
 宝力智能科技(东莞)有限公司北京分公司
 沈阳华利能源设备制造有限公司
 万威制造
 沈阳东电科发科技有限公司
 富昌维控
 辽宁聚诚电线电缆有限公司
 新疆特变电工集团有限公司
 沈阳木禾起重设备有限公司
 沈阳芬特矿山机械科技有限公司
 沈阳隆科机械制造有限公司
 托克斯
 青岛力磁电气股份有限公司
 热门城市
 北京招聘网
 上海招聘网
 广州招聘网
 厦门招聘网
 杭州招聘网
 郑州招聘网
 南京招聘网
 天津招聘网
 重庆招聘网
 成都招聘网
 苏州招聘网
 商丘招聘网
 大连招聘网
 济南招聘网
 宁波招聘网
 无锡招聘网
 青岛招聘网
 沈阳招聘网
 台州招聘网
 西安招聘网
 武汉招聘网
 热门招聘
 北京招聘信息
 上海招聘信息
 广州招聘信息
 厦门招聘信息
 杭州招聘信息
 郑州招聘信息
 南京招聘信息
 天津招聘信息
 重庆招聘信息
 成都招聘信息
 苏州招聘信息
 商丘招聘信息
 大连招聘信息
 济南招聘信息
 宁波招聘信息
 无锡招聘信息
 青岛招聘信息
 沈阳招聘信息
 台州招聘信息
 西安招聘信息
 武汉招聘信息
 沈阳招聘网
 >
 沈阳选矿工程师招聘
 >
 矿山浮选实验工程师招聘
 收藏职位
 立即沟通
 立即应聘
 更新时间：2026-06-04",CSS / React / PMP / Go / HTML / jQuery / UG / AI,机械/设备,https://www.liepin.com/job/1980485657.shtml
518,猎聘,能源/化工/环保,矿物加工,智慧矿山行业解决方案经理,企业,联通(辽宁)产业互联网有限公司,100-499人,鞍山-铁东区,鞍山-铁东区,鞍山-铁东区,薪资面议,统招本科,3年以上,20260601101035,工会福利 / 带薪年假 / 18薪 / 六险 / 节日福利 / 15薪 / 14薪 / 六险二金,"：
1、洞察矿山行业发展趋势，识别重大行业机会，进行判断、分析，输出相关分析报告，对鞍钢营服中心提供前瞻性的决策支持；
2、掌握行业标准与规范，熟悉生产流程，深度调研潜在客户的智能化、数字化转型需求，梳理生产、安全、运维、管理等痛点，基于公司云、大、物、智、安等能力，设计定制化矿山解决方案。
3、开展矿山行业售前技术营销工作，与潜在客户进行技术交流和前期需求沟通，主导技术交流、需求调研，挖掘并引导客户需求，树立专家品牌；
4、负责协助市公司鞍钢营服中心进行高层拜访，并积极拜访客户各职能机构相关人员，对接并维系客情；
5、对矿山信息化项目进行技术指导，解决项目问题，具有行业生态资源，整合公司内外部产品和服务能力，打造标杆项目；
6、负责领导交办的其他工作；","1、学历：本科及以上，计算机、通信、采矿工程、矿业工程、矿物加工工程等工科、理科相关专业。
2、经验：3年及以上矿山行业信息化、智能化解决方案、售前技术支持或项目管理经验；有鞍钢、本钢等矿山项目经验优先。
3、业务：熟悉矿山行业生产全流程，了解矿山行业业务特点与监管要求，精通工业互联网等技术在矿山行业的应用；
4、年龄原则上在40周岁以下，硕士研究生或工作经验在10年以上的，可放宽。
5、工作地点：鞍山市
具体招聘结束时间，以实际招聘情况为准。
 查看全部",CSS / 项目管理 / React / PMP / Go / HTML / jQuery / UG / AI,互联网,https://www.liepin.com/job/1980587193.shtml
519,猎聘,能源/化工/环保,矿物加工,选矿工程师（五险一金，管吃住，月休四天，法定节假日休）,企业,某国内人力资源服务公司,50-99人,辽宁省,丹东,丹东,13-16k,学历不限,5-10年,20260513185307,"领导好 / 管吃管住 / 交通补助 / 大专以上学历 / 丹东市 / 发展空间大 / 16薪 / 五险一金 / 13薪 / 可以攒休 / 免费体检（一年一次）职责: / 五险 / 有法定节假日 / 法定节假日 / 休假单休每周日休 / 上班时间：7:30-11:30 / 餐费补贴 / 13:00-15:30 / 休假单休每...""} / 单位交五险一金","岗位：选矿工程师
年薪：16-20万/年
福利：单位交五险一金、管吃管住、休假单休每周日休，可以攒休，有法定节假日、上班时间：7:30-11:30,13:00-15:30、免费体检（一年一次）
职责: 负责矿山选矿相关本职工作
要求：选矿、矿物加工类相关专业，大专以上学历，持中级以上职称证书
项目类型：金属矿
地点：辽宁省 丹东市
 查看全部","2. 如您应聘的岗位属于涉外劳务合作/海外岗位的，请务必核实招聘方对外劳务合作资质取得情况，同时注意自身资金安全，防范招聘欺诈。
 3. 本平台招聘方不向求职者提供任何收费服务。
 查看全部
 相关推荐
 展开
 选矿工程师招聘
 选矿助剂工程师招聘
 探矿工程高级工程师招聘
 海外选矿工艺工程师招聘
 选矿厂工程师招聘
 选矿工程师助理招聘
 锂矿选矿工程师招聘
 选矿药剂工程师招聘
 矿山开发工程师招聘
 选矿厂生产经理招聘
 选矿工程师岗位招聘
 金属矿选矿工程师招聘
 洗选矿班长招聘
 锰矿工程师招聘
 选冶工程师招聘
 选矿车间主管招聘
 水力工程师招聘
 砂石工艺工程师招聘
 选煤设计工程师招聘
 矿山技术工程师招聘
 化工实验室工程师招聘
 选矿设计招聘
 洗选矿矿长招聘
 选矿专家招聘
 选矿设计师招聘
 选矿主管招聘
 通防工程师招聘
 选矿厂经理招聘
 技术科招聘
 矿物选矿实验员招聘
 相关公司
 深圳市弗赛特科技股份有限公司
 联想控股
 河北唐隆投资有限公司
 热门城市
 北京招聘网
 上海招聘网
 广州招聘网
 厦门招聘网
 杭州招聘网
 郑州招聘网
 南京招聘网
 天津招聘网
 重庆招聘网
 成都招聘网
 苏州招聘网
 商丘招聘网
 大连招聘网
 济南招聘网
 宁波招聘网
 无锡招聘网
 青岛招聘网
 沈阳招聘网
 台州招聘网
 西安招聘网
 武汉招聘网
 周边城市
 丹东招聘网
 >
 丹东选矿工程师招聘
 >
 选矿工程师（五险一金，管吃住，月休四天，法定节假日休）招聘
 收藏职位
 立即沟通
 更新时间：2026-05-19",JavaScript / CSS / Java / React / PMP / Go / HTML / jQuery / UG / AI,人力资源服务,https://www.liepin.com/a/75644087.shtml
520,猎聘,能源/化工/环保,矿物加工,铁矿生产技术总经理,企业,北票合兴,500-999人,朝阳-北票,朝阳-北票,朝阳-北票,22-40k·14薪,本科,10年以上,20260320082300,提供食宿 / 年终奖金 / 节日礼物 / 16薪 / 年终奖 / 13薪 / 15薪 / 定期体检 / 年度旅游 / 14薪,"： 
1.全面负责铁矿采选生产技术管理，制定年度7千万吨原矿处理量生产计划 
2.优化选矿工艺流程，确保铁精矿品位稳定在65%以上，回收率不低于50% 
3.统筹设备选型与技术改造，年降本增效！","1.采矿工程/矿物加工专业本科，10年以上铁矿采选技术管理经验 
2.精通磁铁矿选矿工艺，有成功实施半自磨-球磨-磁选技术改造案例 
3.持有注册选矿工程师中级以上证书 
4.具备大型矿山生产技术总监任职经历
 查看全部",CSS / React / PMP / Go / HTML / jQuery / UG / AI,矿产开采,https://www.liepin.com/job/1980023539.shtml
521,猎聘,能源/化工/环保,矿物加工,技术部经理,企业,北票合兴,500-999人,朝阳-北票,朝阳-北票,朝阳-北票,8-15k,大专,5-10年,20260415170416,13薪 / 14薪 / 15薪,"：
1.生产规划与调度：制定公司的生产计划和目标，包括矿石开采量、选矿产量、质量指标等。合理安排生产流程和资源配置，确保生产任务按时完成。监控生产进度，及时调整生产计划以应对各种变化和问题。 
2.技术管理与创新：负责矿山生产技术的管理和指导，优化采矿和选矿工艺。引进和推广新的技术、设备和工艺，提高生产效率和资源回收率。组织开展技术研发和技术改造项目，解决生产中的技术难题。 
3.团队管理与培训：领导和管理生产技术部的团队，明确各岗位的职责和工作任务。组织培训和学习活动，提高团队成员的技术水平和业务能力。评估员工绩效，制定激励机制，调动员工的积极性和创造力。 
4.质量控制与安全管理：建立和完善质量控制体系，制定质量标准和检验流程。 监督生产过程中的质量控制，确保产品符合质量要求。贯彻落实安全生产法规和制度，制定并执行安全操作规程。组织安全培训和检查，及时消除安全隐患，防止事故发生。 
5.设备管理与维护：负责矿山生产设备的选型、采购和安装调试。制定设备维护计划和维修方案，确保设备的正常运行和高效使用。推动设备的技术升级和更新换代，提高设备的自动化水平。 
6.成本控制与效益提升：制定成本控制目标和措施，降低生产成本，提高生产效益。分析生产过程中的成本构成，优化生产工艺和管理流程，减少浪费。参与项目经济评估和决策，为公司的投资和发展提供技术支持。 
7.对外协调与沟通：与相关政府部门、科研机构、供应商等保持良好的沟通与合作。协调解决外部关系中的技术问题和业务事项。 
8.数据统计与报告：收集、整理和分析生产技术相关的数据和信息。定期向上级领导汇报生产技术工作的进展、问题和解决方案。","1、学历：大专以上，选矿工程、矿物加工专业
 2、年龄：50周岁以下；
 3、熟练Office办公软件及计算机操作；
 4、能够熟练用CAD、CASS等绘图软件；
 查看全部",CSS / 团队管理 / React / CAD / PMP / 英语 / Go / HTML / jQuery / UG / AI,矿产开采,https://www.liepin.com/job/1981796395.shtml
522,猎聘,能源/化工/环保,矿物加工,化验员,企业,赤峰吉隆黄金矿业集团股份有限公司,5000-10000人,丹东-振安区,丹东-振安区,丹东-振安区,4-5k,学历不限,经验不限,20251223104632,发展空间大 / 带薪年假 / 年终奖金 / 餐费补贴 / 年终奖 / 优秀员工奖 / 13薪 / 公司规模大 / 生育补贴 / 免费班车 / 五险 / 五险、年假 / 班车 / 提供住宿,"： 
1.负责矿石样品制备、化验及数据分析工作，重点做化验检测工作 
2.严格按照国家标准和行业规范操作实验仪器设备 
3.准确记录实验数据并编制检测报告 
4.定期维护保养化验仪器设备 
5.参与实验室质量体系运行与改进","1.具备实验室仪器操作基础和安全意识 
2.熟悉矿石成分分析常用检测方法 
3.能适应矿山工作环境，接受倒班工作制
4.工作细致认真，有责任心和团队协作精神 
5.有化学分析、矿物加工相关工作经验者优先 
 查看全部",CSS / React / PMP / 数据分析 / Go / HTML / jQuery / UG / AI,矿产开采,https://www.liepin.com/job/1979314695.shtml
523,猎聘,能源/化工/环保,矿物加工,选矿工程师,企业,沈阳隆基智能技术研究有限公司,50-99人,沈阳-浑南区,沈阳-浑南区,沈阳-浑南区,5-8k,本科,1-3年,20240329155313,16薪 / 带薪年假 / 餐费补贴 / 餐补 / 通讯补助 / 技能培训 / 五险一金 / 交通补助 / 13薪 / 周末双休 / 节日福利 / 五险 / 免费班车 / 双休 / 班车 / 岗位晋升,"：
1、负责公司所研发产品实验方案的确定；
2、负责相关实验工作；
3、负责产品售前的客户技术交流工作；
4、负责产品的市场安装调试工作；
5、负责产品售后对客户的技术培训工作；
6、配合研发部各组完成其他工作。","1、本科及以上学历，选矿、矿物加工类相关专业；
2、吃苦耐劳，具有学习钻研精神；
3、能适应短期出差；
4、具有较强的沟通协调能力；
5、有仪表或者自动化从业经历者优先。",沟通协调 / CSS / React / CAD / PMP / Go / HTML / jQuery / UG / AI,人工智能,https://www.liepin.com/job/1961599461.shtml
524,猎聘,能源/化工/环保,矿物加工,有色行业设计工程师（采矿工程）,企业,中国十五冶金建设集团有限公司,10000人以上,沈阳-和平区,沈阳-和平区,沈阳-和平区,13-16k,本科,5-10年,20241217145835,管理规范 / 带薪年假 / 节日礼物 / 绩效奖金 / 交通补助 / 六险两金 / 15薪 / 生育补贴 / 通讯津贴 / 公司规模大 / 岗位晋升 / 六险,"】
 1.负责完成本部门有关的基础工作、本部门的人才培养、业务建设、市场开拓、科研开发计划等，并组织实施；
2.在项目前期工作阶段，负责完成投标项目中本专业范围内的可行性研究、技术报价等工作；
3.在项目实施阶段，负责参加项目设计工作，按照院项目管理模式的要求，与项目设计组积极地协调配合，按时并保证质量的完成各专业负责人分配的专业设计任务；
4.在项目服务期，根据专业负责人的要求，负责进行补充设计或现场服务；
5.负责完成技术工艺检审任务包括但不限于开工报告、三级审核，设计图纸的设计、审核工作。
【","】
 1.具有冶金、采矿、选矿、建筑等设计工作经验的工程师；
2.45周岁以内，中级以上职称、五年以上设计单位工作经验，有丰富的现场服务经验、有相关注册资格证书者优先；
3.采矿工程、地质工程、矿物加工工程、冶金工程、化工工程、安全工程、机械工程、尾矿充填、总图、电力工程、技术经济、建筑工程等相关专业全日制本科以上学历；
4.熟练掌握本专业相关软件，能够独立完成专业项目设计服务的相关工作，并提供近几年工作业绩证明；
5.熟悉相关规范和行业标准，有较强的学习能力，喜欢与人分享，有团队精神和服务意识，有较强的抗压能力、有较强的沟通能力；
6.能适应长期国内外出差要求。
【薪酬】
面议
 查看全部",SAS / CSS / 项目管理 / React / CAD / PMP / Go / HTML / jQuery / UG / AI,矿产开采,https://www.liepin.com/job/1970728295.shtml
525,猎聘,能源/化工/环保,矿物加工,选矿工程师,企业,沈阳一方正和工程技术咨询有限公司,50-99人,沈阳-铁西区,沈阳-铁西区,沈阳-铁西区,4-9k,本科,3-5年,20250117093232,13薪 / 18薪,"：采矿工程、选矿工程、矿物加工工程等相关专业，工作经验3-5年及以上。
1、现场勘查
2、报告撰写
3、评审上会
4、后期报告修改
5、项目其他相关工作事宜
 查看全部","2. 如您应聘的岗位属于涉外劳务合作/海外岗位的，请务必核实招聘方对外劳务合作资质取得情况，同时注意自身资金安全，防范招聘欺诈。
 3. 本平台招聘方不向求职者提供任何收费服务。
 查看全部
 相关推荐
 展开
 沈阳选矿工程师招聘
 沈阳选矿助剂工程师招聘
 沈阳探矿工程高级工程师招聘
 沈阳海外选矿工艺工程师招聘
 沈阳选矿厂工程师招聘
 沈阳选矿工程师助理招聘
 沈阳锂矿选矿工程师招聘
 沈阳选矿药剂工程师招聘
 沈阳矿山开发工程师招聘
 沈阳选矿厂生产经理招聘
 沈阳选矿工程师岗位招聘
 沈阳金属矿选矿工程师招聘
 沈阳洗选矿班长招聘
 沈阳锰矿工程师招聘
 沈阳选冶工程师招聘
 沈阳选矿车间主管招聘
 沈阳水力工程师招聘
 沈阳砂石工艺工程师招聘
 沈阳选煤设计工程师招聘
 沈阳矿山技术工程师招聘
 沈阳化工实验室工程师招聘
 沈阳选矿设计招聘
 沈阳洗选矿矿长招聘
 沈阳选矿专家招聘
 沈阳选矿设计师招聘
 沈阳选矿主管招聘
 沈阳通防工程师招聘
 沈阳选矿厂经理招聘
 沈阳技术科招聘
 沈阳矿物选矿实验员招聘
 相关公司
 中国铜业有限公司
 芯航同方科技(江苏)有限公司
 沈阳联立铜业有限公司
 正威集团
 沈阳丰贝商贸有限公司
 磐龙玉开发
 安农工业(辽宁)有限公司
 天津快可集成房屋有限公司
 辽宁博昊土地科技发展有限公司
 祥光集团，新凤祥
 中国有色集团沈阳矿业投资有限公司
 沈阳中科超硬磨具磨削研究所
 天瑞集团
 精华新材
 山东中信钙业有限公司
 罕王实业集团有限公司
 海南矿业股份有限公司
 山西灵石国泰红岩煤业有限公司
 沈阳三合金属制品制造有限公司
 沈阳国盛防腐保温有限公司
 孝义市鹏飞实业有限公司
 东莞市鸿盛技术科技有限公司
 热门城市
 北京招聘网
 上海招聘网
 广州招聘网
 厦门招聘网
 杭州招聘网
 郑州招聘网
 南京招聘网
 天津招聘网
 重庆招聘网
 成都招聘网
 苏州招聘网
 商丘招聘网
 大连招聘网
 济南招聘网
 宁波招聘网
 无锡招聘网
 青岛招聘网
 沈阳招聘网
 台州招聘网
 西安招聘网
 武汉招聘网
 热门招聘
 北京招聘信息
 上海招聘信息
 广州招聘信息
 厦门招聘信息
 杭州招聘信息
 郑州招聘信息
 南京招聘信息
 天津招聘信息
 重庆招聘信息
 成都招聘信息
 苏州招聘信息
 商丘招聘信息
 大连招聘信息
 济南招聘信息
 宁波招聘信息
 无锡招聘信息
 青岛招聘信息
 沈阳招聘信息
 台州招聘信息
 西安招聘信息
 武汉招聘信息
 沈阳招聘网
 >
 沈阳选矿工程师招聘
 >
 选矿工程师招聘
 收藏职位
 立即沟通
 更新时间：2025-02-19",CSS / React / PMP / Go / HTML / jQuery / UG / AI,矿产开采,https://www.liepin.com/job/1971979197.shtml
526,猎聘,能源/化工/环保,矿物加工,销售代表,企业,无锡睿思特智能设备有限公司沈阳分公司,50-99人,沈阳-浑南区,沈阳-浑南区,沈阳-浑南区,5-8k,大专,1-3年,20231102120011,医疗 / 产假 / 年终奖 / 工伤 / 五险 / 双休 / 股权激励 / 婚假 / 法定节假日 / 生育等社会保险。3.休假：带薪年休假 / 绩效奖 / 股权激励等。 / 陪产假 / 失业,"：
1. 负责公司产品的销售工作，与上级领导协商制定公司产品销售策略与规划；
2. 利用自己和公司提供的资源，运用网销、电销、面销等销售手段，跟客户洽谈跟进，以此达成产品销售；
3. 参与客户见面会，现场提供专业的产品讲解，合理解决客户提出的相关需求，完成销售；
4. 积极接待客户预约的上门或实地考察，并能够展示出良好的职业素质和体现公司形象；
5. 对老客户进行定期维护，及时了解客户需求，把握客户心理，完成销售；
6. 与其他部门保持良好沟通以便能分析市场趋势和客户需求，并对产品的研发提出指导性建议；","1. 大专以上学历，矿物加工、计算机、机械、电子、电气等理工科专业背景，有较强的语言表达能力；
2. 抗压能力强、能够适应中、短期出差；
3. 持有C1以上驾照，有1年以上开车经验，便于自驾拜访客户；
4.有煤炭、工业及再生资源回收等相关行业背景优先。
公司福利：
1.工作时间：5天8小时工作制；
2.五险：依法为员工办理养老、医疗、工伤、失业、生育等社会保险。
3.休假：带薪年休假、产假、陪产假、婚假、法定节假日等劳动法相关规定的节假日。
4.奖金：年终奖、绩效奖、股权激励等。
 查看全部",CSS / 英语 / React / PMP / Go / HTML / jQuery / UG / AI,机械/设备,https://www.liepin.com/job/1962641337.shtml
527,猎聘,能源/化工/环保,矿物加工,电气点检技术员,企业,辽宁艾海滑石有限公司,1000-2000人,辽宁省,鞍山,鞍山,3-5k,大专,经验不限,20200210142732,发展空间大 / 领导好 / 技能培训 / 13薪 / 岗位晋升 / 14薪,"1、矿物加工电气设备巡视；
2、发现异常情况通知上级电气工程师并参与问题处理；
3、定期对电气设备进行保养；
4、电气备品、备件需求计划；
任职资质
1、大专以上学历、专业包括：自动化、电机与电器等相关电气专业
2、能在一线工作，有吃苦精神；
3、有再学习意愿。
公司有长期培养计划，职业成长有2个方向，即技术方向与管理方向。
 查看全部","2. 如您应聘的岗位属于涉外劳务合作/海外岗位的，请务必核实招聘方对外劳务合作资质取得情况，同时注意自身资金安全，防范招聘欺诈。
 3. 本平台招聘方不向求职者提供任何收费服务。
 查看全部
 相关推荐
 展开
 鞍山电气化设计招聘
 鞍山空调电气工程师招聘
 鞍山系统电气高级工程师招聘
 鞍山电气验证高级工程师招聘
 鞍山电气自动化实习工程师招聘
 鞍山电气设计高工招聘
 鞍山微电网电气工程师招聘
 鞍山厂房电气工程师招聘
 鞍山应届电气工程师招聘
 鞍山窑炉电气工程师招聘
 鞍山线路电气工程师招聘
 鞍山机械手电气工程师招聘
 鞍山无人车电子工程师招聘
 鞍山发电车电气工程师招聘
 鞍山电梯电气工程师招聘
 鞍山电仪工工程师招聘
 鞍山电气建模仿真工程师招聘
 鞍山产品开发电气工程师招聘
 鞍山燃料电池电气工程师招聘
 鞍山动力部电力高级工程师招聘
 鞍山高级电气工程项目主管招聘
 鞍山微电网系统高级工程师招聘
 鞍山电力科长招聘
 鞍山非标设备电气设计工程师招聘
 鞍山储能系统电气设计工程师招聘
 鞍山电气类管培生招聘
 鞍山电气集成经理招聘
 鞍山电仪工段长招聘
 鞍山电气PLC软件设计工程师招聘
 鞍山高压维护招聘
 相关公司
 吉林伟良矿业有限公司
 辽宁艾海滑石有限公司
 河北程利管道有限公司
 陕西煤业化工集团府谷能源开发有限公司
 海城市华晋实业有限公司
 海城市鑫悦耐火材料有限公司
 海城金马矿产品有限公司
 安徽长江矿业有限公司
 辽宁瀚正环保设备工程有限公司
 中煤华利能源控股有限公司山西分公司
 精华新材
 海城市后英经贸集团有限公司
 天瑞集团
 山西保利裕丰煤业有限公司
 浙江富华管业有限公司
 辽宁众圣晶镁科技有限公司
 上海油泷投资管理有限公司
 烟台明珠陶瓷科技有限公司
 中海(海城)镁合金有限公司
 中国石油化工股份有限公司石油物探技术研究院
 巴斯夫浩珂矿业化学(中国)有限公司
 新疆中煤华利德翔煤炭运销有限公司
 北京昊华能源股份有限公司网站
 白山宝吉滑石有限公司
 营口嘉晨燃化有限公司
 内蒙古新太实业集团有限公司
 陕西煤业
 热门城市
 北京招聘网
 上海招聘网
 广州招聘网
 厦门招聘网
 杭州招聘网
 郑州招聘网
 南京招聘网
 天津招聘网
 重庆招聘网
 成都招聘网
 苏州招聘网
 商丘招聘网
 大连招聘网
 济南招聘网
 宁波招聘网
 无锡招聘网
 青岛招聘网
 沈阳招聘网
 台州招聘网
 西安招聘网
 武汉招聘网
 热门招聘
 北京招聘信息
 上海招聘信息
 广州招聘信息
 厦门招聘信息
 杭州招聘信息
 郑州招聘信息
 南京招聘信息
 天津招聘信息
 重庆招聘信息
 成都招聘信息
 苏州招聘信息
 商丘招聘信息
 大连招聘信息
 济南招聘信息
 宁波招聘信息
 无锡招聘信息
 青岛招聘信息
 沈阳招聘信息
 台州招聘信息
 西安招聘信息
 武汉招聘信息
 鞍山招聘网
 >
 鞍山电气工程师招聘
 >
 电气点检技术员招聘
 收藏职位
 立即沟通
 更新时间：2025-11-25",CSS / React / CAD / PMP / Go / HTML / jQuery / UG / AI,矿产开采,https://www.liepin.com/job/1916567385.shtml
528,猎聘,能源/化工/环保,矿物加工,科研助理（矿物加工/选矿/选矿设备/机械/电气/自动化）,企业,内蒙古泛中能源科技有限公司,1-49人,鄂尔多斯-康巴什区,鄂尔多斯-康巴什区,鄂尔多斯-康巴什区,4-7k,本科,1年以下,20240719175858,五险一金 / 13薪 / 社保 / 周末双休 / 五险 / 双休 / 法定节假日,"岗位内容：
1. 参与矿山选矿药剂、选矿设备科研项目研究，按时保质完成各项科研任务和项目目标。
2. 建立、维护与矿山企业间的内外部合作关系，提高项目的知名度和影响力。
3. 配合团队其他成员完成项目申报、审核、验收及汇报等相关工作。
4.参与完成绿色矿山评审活动。","1. 本科及以上学历，选矿、矿物加工等相关专业。 
2. 了解选矿工艺的科研方法和技能，具有较强的项目组织和管理能力。 
3. 具备较高的学习能力和创新能力，善于发现问题和解决问题，具有团队协作精神。 
4.能适应短期出差。 
社保和休假制度：
周末双休，享受国家法定节假日，每日上班7.5小时，入职后买五险一金。
 查看全部",CSS / React / CAD / PMP / Go / HTML / jQuery / UG / AI,机械/设备,https://www.liepin.com/job/1968490641.shtml
529,猎聘,能源/化工/环保,矿物加工,选矿工程师,企业,某国内矿产开采公司,100-499人,锡盟-锡林浩特,锡盟-锡林浩特,锡盟-锡林浩特,15-18k,大专,3-5年,20260525175806,16薪 / 18薪 / 五险一金 / 13薪 / 五险,"/

1.年纪45周岁以下；
 2.学历：矿物加工、选矿相关领域的专业；
 3.5 年及以上选矿相关工作经验；
 4.熟练掌握Excel、Word等办公软件。
 查看全部",/,JavaScript / CSS / Java / React / PMP / Go / HTML / jQuery / UG / AI / Excel,矿产开采,https://www.liepin.com/a/76033277.shtml
530,猎聘,能源/化工/环保,矿物加工,电气工程师,企业,某西安人力资源服务公司,100-499人,锡盟,锡盟,锡盟,18-22k,统招本科,5-10年,20260610100004,报销路费 / 16薪 / 超长休假 / 年终奖 / 五险一金 / 六险 / 13薪 / 15薪 / 各种补助 / 六险一金 / 五险 / 上市公司 / 提供住宿 / 14薪 / 奖金多,"：
1、负责公司用电技术用电安全及电气设备管理工作。
2、根据电气设备使用状况和生产完成情况，制定电气设备检修计划，负责交工验收建档记录在案。负责编织和报审电气操作规程，员工用电安全培训。
3、负责电气设备TPM管理及技术改造及编制电气设备管理规章制度，指导电工维修计划和备件申购计划提交分厂审核，建立电气设备技术台帐档案。负责全场电器设备故障处理，提出解决方案和应对保障措施，并指导电工实施抢修任务。
 查看全部","2. 如您应聘的岗位属于涉外劳务合作/海外岗位的，请务必核实招聘方对外劳务合作资质取得情况，同时注意自身资金安全，防范招聘欺诈。
 3. 本平台招聘方不向求职者提供任何收费服务。
 查看全部
 相关推荐
 展开
 一次工程师招聘
 电站工程部招聘
 电力通信保护设计工程师招聘
 电力事业部经理招聘
 电力事业部招聘
 电网规划咨询工程师招聘
 高压电工程师招聘
 厂建电力工程师招聘
 厂务电力工程师招聘
 资深电力工程师招聘
 带电检测工程师招聘
 电力资深工程师招聘
 电力工程技经主管招聘
 电力规划咨询师招聘
 产品研发电气工程师招聘
 新能源微观选址工程师招聘
 变压器专业高级工程师招聘
 低压配电主管招聘
 圆柱电气高级工程师招聘
 电力系统建模仿真工程师招聘
 主控电气工程师招聘
 高压供电工程师招聘
 电仪维护工程师招聘
 变电检修工程师招聘
 井下电气工程师招聘
 风电主控工程师招聘
 配网研发工程师招聘
 机械与电气工程师招聘
 云安装工程主管招聘
 电力设计中心应届生招聘
 相关公司
 深圳市弗赛特科技股份有限公司
 联想控股
 河北唐隆投资有限公司
 热门城市
 北京招聘网
 上海招聘网
 广州招聘网
 厦门招聘网
 杭州招聘网
 郑州招聘网
 南京招聘网
 天津招聘网
 重庆招聘网
 成都招聘网
 苏州招聘网
 商丘招聘网
 大连招聘网
 济南招聘网
 宁波招聘网
 无锡招聘网
 青岛招聘网
 沈阳招聘网
 台州招聘网
 西安招聘网
 武汉招聘网
 周边城市
 锡盟招聘网
 >
 锡盟电力工程师招聘
 >
 电气工程师招聘
 收藏职位
 立即沟通
 更新时间：2026-06-10",JavaScript / CSS / Java / React / PMP / Go / HTML / jQuery / UG / AI,人力资源服务,https://www.liepin.com/a/75450961.shtml
531,猎聘,能源/化工/环保,矿物加工,化验室经理,企业,某国内咨询服务公司,/,内蒙古自治区,包头,包头,20-30k,大专,5-10年,20260524173759,16薪 / 14薪 / 15薪,"：
1、负责选矿工艺流程的设计与优化；
2、参与选矿实验，进行矿物分离技术的研究与开发；
3、负责选矿设备的操作与维护，确保生产过程的顺利进行；
4、记录并分析选矿过程中的数据，提出改进措施。","1、大专及以上学历，矿物加工工程、冶金工程等相关专业；
2、具有一定的选矿工作经验，了解选矿工艺流程；
3、熟悉选矿设备的操作及维护知识；
4、具备良好的数据分析能力和问题解决能力；
5、有较强的团队合作精神和沟通协调能力。
 查看全部",JavaScript / 沟通协调 / CSS / Java / React / PMP / 数据分析 / Go / HTML / jQuery / UG / AI,咨询服务,https://www.liepin.com/a/74542751.shtml
532,猎聘,能源/化工/环保,矿物加工,生产经理,企业,某国内矿产开采公司,100-499人,锡盟-锡林浩特,锡盟-锡林浩特,锡盟-锡林浩特,20-25k,大专,5-10年,20260519175704,18薪 / 五险一金 / 13薪 / 五险 / 法定节假日 / 14薪,"1.协助厂长制定并实施选厂生产计划，监控生产进度，确保生产目标的达
成；
2.建立并实施质量管理体系，确保产品质量符合国家标准和客户要求；
3.合理调配人力、物力等资源，确保生产所需资源的及时供应；
4.贯彻执行国家和上级有关生产的法律法规、方针政策及规章制度，确保
生产活动合法合规；
5.做好员工沟通与关怀管理，倡导企业价值观，塑造积极的企业氛围，增
强企业凝聚力；
6.完成上级交办的其他各项工作。
 二、","1.年纪45周岁以下；
 2.学历：矿物加工、选矿相关领域的专业；
 3.5 年及以上选矿相关工作经验；
 4.熟练掌握Excel、Word等办公软件。
 查看全部",JavaScript / Git / CSS / Java / React / PMP / Go / HTML / jQuery / UG / AI / Excel,矿产开采,https://www.liepin.com/a/75739595.shtml
533,猎聘,能源/化工/环保,矿物加工,选矿工程师,企业,北京华隆控股集团有限公司,2000-5000人,锡盟-阿巴嘎旗,锡盟-阿巴嘎旗,锡盟-阿巴嘎旗,15-20k,大专,5年以上,20260515105312,年终奖金 / 节日礼物 / 年终奖 / 五险一金 / 13薪 / 五险 / 定期体检 / 法定节假日 / 提供住宿,"：
1.设计、优化选矿工艺流程，解决生产技术问题；
2.监控生产指标，调整操作参数，确保稳定运行；
3.进行矿石可选性试验，为新工艺，新药剂应用提供依据；
4.参与技改、扩能等项目方案制定与实施，跟踪行业先进技术；
5.流程优化，控制生产成本，保证精矿质量和回收率；
6.落实安全与环保措施，管理尾矿和废水；
7.推动持续改进的文化，鼓励团队不断寻求生产流程和工艺的优化机会；
8.完成上级交办的其他各项工作。","1.大专及以上学历；
2.矿物加工、选矿相关领域的专业背景；
3.5年及以上选矿相关工作经验；
4.熟练掌握 Excel、Word等办公软件；
5.持有中级工程师。
 查看全部",CSS / React / PMP / Go / HTML / jQuery / UG / AI / Excel,矿产开采,https://www.liepin.com/job/1982562999.shtml
534,猎聘,能源/化工/环保,矿物加工,选矿工程师,企业,锡林郭勒盟隆兴矿业有限责任公司,100-499人,锡盟,锡盟,锡盟,15-20k,大专,5年以上,20260517161253,管理规范 / 发展空间大 / 年终奖金 / 餐费补贴 / 绩效奖金 / 领导好 / 年终奖 / 18薪 / 五险一金 / 13薪 / 加班补贴 / 五险 / 定期体检 / 法定节假日 / 14薪 / 提供住宿,"：
 1.设计、优化选矿工艺流程，解决生产技术问题；
 2.监控生产指标，调整操作参数，确保稳定运行；
 3.进行矿石可选性试验，为新工艺，新药剂应用提供依据；
 4.参与技改、扩能等项目方案制定与实施，跟踪行业先进技术；
 5.流程优化，控制生产成本，保证精矿质量和回收率；
 6.落实安全与环保措施，管理尾矿和废水；
 7.推动持续改进的文化，鼓励团队不断寻求生产流程和工艺的优化机会；
 8.完成上级交办的其他各项工作。","1.大专及以上学历； 
 2.矿物加工、选矿相关领域的专业背景； 
 3.5年及以上选矿相关工作经验； 
 4.熟练掌握 Excel、Word等办公软件； 
 5.持有中级工程师； 
 查看全部",CSS / React / PMP / Go / HTML / jQuery / UG / AI / Excel,矿产开采,https://www.liepin.com/job/1982390453.shtml
535,猎聘,能源/化工/环保,矿物加工,矿区总经理,企业,某国内大型矿产开采公司,5000-10000人,锡盟,锡盟,锡盟,100-140k,学历不限,10年以上,20260610102217,/,"：
1、全面经营管理：统筹矿区生产、安全、环保、技术、成本、团队及对外关系，制定并落地年度经营目标、生产计划与发展规划，对整体业绩与合规运营负总责。
2、安全生产管控：建立健全安全管理体系、应急预案与现场管控机制，落实安全生产责任制，组织安全检查、隐患治理与培训，杜绝重特大安全事故。
3、生产运营管理：优化采掘 / 开采工艺、生产组织与设备管理，保障产能、效率、质量达标，推进降本增效、能耗管控与资源合理回收。
4、环保与合规管理：严格执行环保、水土保持、土地复垦等法规要求，落实环保设施运行、排污管控、生态修复，确保矿区合法合规运营。
5、技术与技改管理：主导生产技术方案审定、技术攻关与技改项目实施，提升生产效率、资源利用率与本质安全水平。
6、团队与组织管理：搭建管理团队，完善绩效考核、人才培养与制度流程，打造稳定高效的管理与作业队伍。
7、对外协同沟通：对接当地政府监管、应急、环保、国土、乡镇及相关单位，维护良好外部关系，保障矿区正常生产秩序。
8、风险与成本管控：管控安全、环保、法律、资金等风险，严控生产成本、工程管理、物资采购与预算执行。","1、学历专业：采矿工程、安全工程、地质、矿物加工等相关专业，本科及以上学历。
2、行业经验：8 年以上矿区管理经验，3 年以上矿区总经理同等岗位经验；熟悉露天、井下开采运营全流程。
3、能力素质：精通安全生产、环保合规、生产组织与成本管控；具备强决策力、执行力、风险预判与应急处置能力；能常驻矿区、吃苦耐劳。
4、合规意识：严格遵守矿山行业法律法规与安全规程，无重大安全责任事故记录。
5、其他：身体健康，适应矿区工作环境；具备大型矿山企业经验优先。
 查看全部",JavaScript / 身体健康 / Java / CSS / React / PMP / Go / HTML / jQuery / UG / AI,矿产开采,https://www.liepin.com/a/76549241.shtml
536,猎聘,能源/化工/环保,矿物加工,集团生产技术部管理科科长,企业,内蒙古新太实业集团有限公司,2000-5000人,鄂尔多斯-东胜区,鄂尔多斯-东胜区,鄂尔多斯-东胜区,30-50k,大专,5-10年,20250915092349,发展空间大 / 节日礼物 / 子女福利 / 五险一金 / 13薪 / 公司规模大 / 五险,"：
1、作为集团生产部门的核心管理人员，带领生产管理团队，统筹协调各工厂的生产计划执行，确保整体生产目标的达成。
2、负责在集团层面统筹原辅材料、半成品和成品的质量管理工作，推动各工厂执行统一的质量标准和检验规范。
3、在能源管理方面，统一宣贯集团的能源政策，协调各工厂的用能管理和节能降耗措施，确保各工厂协同推进。
4、参与集团层面的工艺优化和项目管理，确保各工厂在技术改造和工艺改进上的统一步调。
5、建立和完善集团统一的管理标准和流程制度，确保各工厂在生产、质量、能源等方面的管理工作规范有序。","1、具备大中型企业生产管理、质量管理经验，有多工厂或集团化管理经验者优先。
2、能够统筹协调多方资源，具备较强的跨部门沟通和协作能力。
3、熟悉生产、质量、能源管理的相关标准和流程，能够推动各工厂按照集团要求协同运作。
4、具备铁合金生产相关经验，对铁合金生产流程有深入理解。
 5、专科及以上学历，冶金、机械、矿物加工相关专业，钢铁或铁合金相关行业工作经验8年以上。
 查看全部",CSS / 项目管理 / React / PMP / Go / HTML / jQuery / UG / AI,矿产开采,https://www.liepin.com/job/1977214813.shtml
537,猎聘,能源/化工/环保,矿物加工,技术副矿长（非煤）,企业,某国内矿产开采公司,100-499人,锡盟,锡盟,锡盟,20-23k,学历不限,5-10年,20260402161928,包住 / 13薪 / 15薪 / 双休 / 五险 / 14薪,"、绩效考核标准，组织技术人员业务培训、技能考核与职称晋升指导
开展技术传帮带，培养采矿、地质、测量、通风等专业技术骨干，搭建技术人才梯队
（七）协同与其他工作
配合矿长、生产副矿长、安全副矿长、机电副矿长，统筹技术与生产、安全、机电工作衔接，保障生产连续高效
对接外部设计院、科研院所、监管部门，完成技术方案评审、备案、验收等工作
定期向矿长汇报技术工作进展、问题与改进建议，完成上级交办的其他技术管理任务","（一）学历与专业
采矿工程、地质工程、矿物加工工程、安全工程等矿山主体专业，大专及以上学历
（二）工作经验
10 年及以上非煤矿山（地下 / 露天）一线技术与管理经验，5 年及以上矿山技术部门负责人或同等管理岗位经验；有大中型非煤矿山任职经历优先
（三）资格证书
持有非煤矿山安全生产知识和管理能力考核合格证书（B 证）；中级及以上工程师职称（采矿 / 地质 / 安全专业）；注册安全工程师（矿山安全）优先
（四）专业能力
精通非煤矿山采矿方法、开拓系统、通风防尘、地质测量、防治水、爆破支护等专业技术
熟悉国家矿山技术与安全法规、行业标准、设计规范，具备大型技术方案编制、审核、优化能力
具备较强的技术攻关、问题解决、现场技术指导能力，能快速处置突发技术与安全问题
掌握矿山数字化、智能化技术应用趋势，具备技术创新与 “四新” 推广能力
 查看全部",JavaScript / CSS / Java / 项目管理 / React / PMP / Go / HTML / jQuery / UG / AI,矿产开采,https://www.liepin.com/a/74204377.shtml
538,猎聘,能源/化工/环保,矿物加工,选矿工程师,企业,北京垚锦商贸有限公司,1-49人,赤峰-林西县,赤峰-林西县,赤峰-林西县,9-13k,中专/中技,10年以上,20260609095731,管理规范 / 发展空间大 / 领导好 / 五险一金 / 五险 / 零食,"：
1、全面负责矿山选矿技术管理工作，审核选矿管理制度和措施方案等基础性工作。
2、负责组织对各车间选矿管理工作进行监督、检查和指导。
3、负责有关选矿技术性改造措施的实施以及工艺改造和新技术、新工艺、新材料、新设备的推广应用。
4、负责处理协调选矿的各类技术问题。
5、负责选矿技术管理和安全管理工作。
6、负责选矿技术管理监督、选矿技术培训和考核工作。
7、负责推行矿山有关选矿的先进经验。
8、完成领导交办的其他工作。","1、55岁以下，中专及以上学历，矿物加工工程或相关专业背景；
2、具有10年以上的选矿工艺，特别是各类有色金属矿相关工作经验；
3、熟悉选矿工艺流程及设备操作；
4、具备良好的沟通协调能力和团队合作精神；
5、拥有优秀的分析问题和解决问题的能力；
6、能够适应一定的工作压力，具备较强的责任心；
7、工作在点在新疆精河县或内蒙古赤峰，具体薪金面议。
 查看全部",沟通协调 / CSS / React / PMP / Go / HTML / jQuery / UG / AI,批发/零售,https://www.liepin.com/job/1982936617.shtml
539,猎聘,能源/化工/环保,矿物加工,集团生产技术部管理科科长,企业,内蒙古新太实业集团有限公司,2000-5000人,包头-青山区,包头-青山区,包头-青山区,30-50k,大专,5-10年,20250915092349,发展空间大 / 节日礼物 / 子女福利 / 五险一金 / 15薪 / 公司规模大 / 五险 / 14薪,"：
1、作为集团生产部门的核心管理人员，带领生产管理团队，统筹协调各工厂的生产计划执行，确保整体生产目标的达成。
2、负责在集团层面统筹原辅材料、半成品和成品的质量管理工作，推动各工厂执行统一的质量标准和检验规范。
3、在能源管理方面，统一宣贯集团的能源政策，协调各工厂的用能管理和节能降耗措施，确保各工厂协同推进。
4、参与集团层面的工艺优化和项目管理，确保各工厂在技术改造和工艺改进上的统一步调。
5、建立和完善集团统一的管理标准和流程制度，确保各工厂在生产、质量、能源等方面的管理工作规范有序。","1、具备大中型企业生产管理、质量管理经验，有多工厂或集团化管理经验者优先。
2、能够统筹协调多方资源，具备较强的跨部门沟通和协作能力。
3、熟悉生产、质量、能源管理的相关标准和流程，能够推动各工厂按照集团要求协同运作。
4、具备铁合金生产相关经验，对铁合金生产流程有深入理解。
 5、专科及以上学历，冶金、机械、矿物加工相关专业，钢铁或铁合金相关行业工作经验8年以上。
 查看全部",CSS / 项目管理 / React / PMP / Go / HTML / jQuery / UG / AI,矿产开采,https://www.liepin.com/job/1977214819.shtml
540,猎聘,能源/化工/环保,矿物加工,销售经理（鄂尔多斯）,企业,美腾科技,100-499人,鄂尔多斯-伊金霍洛,鄂尔多斯-伊金霍洛,鄂尔多斯-伊金霍洛,10-18k,本科,3-5年,20260316134201,发展空间大 / 16薪 / 年终奖金 / 18薪 / 年终奖 / 技能培训 / 五险一金 / 13薪 / 15薪 / 通讯津贴 / 五险 / 岗位晋升 / 14薪,"1、了解、掌握负责销售区域的市场状况，进行市场分析和推广，对市场信息进行收集、整理和分析。
2、根据市场营销计划，对项目进行跟踪，完成公司要求的销售指标。
3、负责新客户的开发、老客户的维护工作。
4、按规定及时回收应收账款，并能准确的提供销售预测。
5、完成公司安排的其它工作。","1、有选煤厂、煤矿相关工作经验者优先。
2、具有矿物加工工程、采矿、选煤等相关专业背景学历者优先。
3、有丰富的销售经验，能够识别、确定潜在的合作伙伴，熟悉当地煤炭行业市场发展状况。
4、良好的口头及书面表达能力，积极进取、良好的沟通、协调、组织能力。
5、高度的工作热情，良好的团队合作精神。
6、以上资格，特别优秀者可放宽。
 查看全部",CSS / React / PMP / Go / HTML / jQuery / UG / AI,机械/设备,https://www.liepin.com/job/1979283561.shtml
541,猎聘,能源/化工/环保,矿物加工,选矿厂厂长,企业,赤峰明源矿业有限公司,500-999人,内蒙古自治区,赤峰,赤峰,15-18k,大专,5-10年,20260510230709,16薪 / 13薪 / 18薪,"一、基本资质
- 学历专业：大专及以上，矿物加工/选矿工程/冶金工程/矿业工程等相关专业；本科优先。
- 年龄：35–50岁为主，优秀者可放宽。
- 证书：中级及以上选矿/矿业工程师职称；注册安全工程师、矿山安全资格证优先。
- 经验：
- 5–10年选矿厂一线+管理经验；大型厂/日处理万吨以上优先。
- 3–5年同岗管理经验（厂长/生产/技术厂长）。
- 熟悉对应矿种（铜钼）工艺，有技改/达产/降本案例优先。
- 有选矿厂设计—建设—投产全流程经验。
二、核心职责（必管事项）
- 生产运营：定计划、抓进度、控指标（处理量、回收率、精矿品位、设备运转率）；对接采矿/销售。
- 技术管理：精通破碎—磨矿—浮选—脱水全流程；主导工艺优化、设备技改、新技术应用。
- 安全环保：安全第一责任人；隐患排查、应急演练、事故处理；“三废”合规、环保达标。
- 成本设备：控药剂/电力/备件/人工；设备维保、降故障、提寿命。
- 团队管理：招人、培训、考核、建制度；跨部门协调、向上汇报。
三、","（核心胜任）
- 技术硬实力：懂工艺、会设备、能解决复杂技术问题；懂化验、能做试验、优化指标。
- 管理软实力：强统筹、善决策、会带团队；抗压、适应矿山环境、能长期驻厂。
- 合规意识：熟矿山安全/环保法规，确保合法运营。
- 数据与成本：会看报表、控成本、降损耗、提效益。
四、加分项
- 大型矿业集团（紫金/五矿等）任职经历。
- 智能化/自动化选矿、绿色选矿经验。
 查看全部",CSS / 团队管理 / React / PMP / Go / HTML / jQuery / UG / AI,电力/热力/燃气/水务,https://www.liepin.com/job/1980320475.shtml
542,猎聘,能源/化工/环保,矿物加工,选矿厂管理技术人员,企业,锡林郭勒盟隆兴矿业有限责任公司,100-499人,锡盟,锡盟,锡盟,16-22k,大专,5年以上,20260509162433,管理规范 / 发展空间大 / 年终奖金 / 餐费补贴 / 绩效奖金 / 领导好 / 年终奖 / 五险一金 / 13薪 / 加班补贴 / 五险 / 定期体检 / 法定节假日 / 提供住宿,"1.协助厂长制定并实施选厂生产计划，监控生产进度，确保生产目标的达
成；
2.建立并实施质量管理体系，确保产品质量符合国家标准和客户要求；
3.合理调配人力、物力等资源，确保生产所需资源的及时供应；
4.贯彻执行国家和上级有关生产的法律法规、方针政策及规章制度，确保
生产活动合法合规；
5.做好员工沟通与关怀管理，倡导企业价值观，塑造积极的企业氛围，增
强企业凝聚力；
6.完成上级交办的其他各项工作。
 二、","1.年纪45周岁以下；
 2.学历：矿物加工、选矿相关领域的专业；
 3.5 年及以上选矿相关工作经验；
 4.熟练掌握Excel、Word等办公软件。
 查看全部",CSS / React / PMP / Go / HTML / jQuery / UG / AI / Excel,矿产开采,https://www.liepin.com/job/1982390579.shtml
543,猎聘,能源/化工/环保,矿物加工,规划技术人员（煤制气方向）,企业,旭阳集团,10000人以上,呼和浩特-清水河县,呼和浩特-清水河县,呼和浩特-清水河县,10-20k,大专,2-4年,20250606140716,发展空间大 / 带薪年假 / 节日礼物 / 优秀员工奖 / 五险一金 / 13薪 / 15薪 / 公司规模大 / 五险 / 定期体检 / 年度旅游 / 岗位晋升 / 14薪 / 提供住宿,"：
1.进行煤制气项目调研与调研报告
2.进行煤制气项目设计要求及与设计院对接
3.确定煤制气炉型对比与选择决策建议
4.参与煤制气项目建设，主导项目建设安全及质量进度要求。
5.进行煤制气项目后续运行管理等","学历专业：硕士研究生及以上，化学工程与技术、矿物加工工程、新能源科学与工程、矿物材料工程
经验要求：相关工作经验2-3年
技术方向：能源化工、煤气化、煤制甲醇、煤制烯烃、煤气制LNG、合成氨等
软性素质：政治正确，专业实力过硬，担责兜底，团队精神、创新精神等
 查看全部",CSS / 项目管理 / React / PMP / Go / HTML / jQuery / UG / AI,石化,https://www.liepin.com/job/1974747105.shtml
544,猎聘,能源/化工/环保,矿物加工,选矿工程师,企业,内蒙古兴业矿业股份有限公司,1000-2000人,赤峰-巴林左旗,赤峰-巴林左旗,赤峰-巴林左旗,15-20k,统招本科,8年以上,20260118163214,发展空间大 / 年终奖金 / 节日礼物 / 绩效奖金 / 带薪年假 / 年终奖 / 优秀员工奖 / 五险一金 / 13薪 / 15薪 / 五险 / 定期体检 / 岗位晋升 / 提供住宿,"：
1.负责金属矿山选矿工艺流程设计优化
2.主导选矿设备选型与技术参数调试
3.制定选矿生产技术指标考核体系，持续提升精矿品位合格率
4.解决生产过程中出现的复杂技术问题","1.重点院校矿物加工工程专业本科以上学历，需提供学历证明
2.持有中级选矿工程师职称证书，注册矿业工程师优先
3.8年以上金属矿山选矿厂工作经验，熟悉银铅锌、铜锡选矿工艺
4.精通浮选工艺流程优化，有成功降低尾矿品位案例
5.有选厂管理经验
 查看全部",CSS / React / PMP / Go / HTML / jQuery / UG / AI,矿产开采,https://www.liepin.com/job/1979834289.shtml
545,猎聘,能源/化工/环保,矿物加工,生产技术部经理（储备WH）YGRC005,企业,山西阳光焦化集团股份有限公司,2000-5000人,乌海-海南区,乌海-海南区,乌海-海南区,20-50k,本科,5-10年,20260607152444,管理规范 / 发展空间大 / 节日礼物 / 绩效奖金 / 餐费补贴 / 五险一金 / 六险 / 包吃 / 公司规模大 / 六险一金 / 免费班车 / 定期体检 / 五险 / 双休 / 班车 / 14薪 / 提供住宿,"：
1. 工艺体系落地与标准化管控：严格执行国家行业生产技术标准及公司各项技术管理制度，负责选煤、焦化、炭黑、精细化工、LNG等产品生产工艺标准、作业指导书、操作规程的落地推行与监督执行；梳理优化各生产工序流程，规范生产工艺参数、操作标准，杜绝违规操作、随意更改工艺等问题，实现生产技术标准化、规范化管理。
2. 生产现场技术统筹：全程负责生产现场技术支撑与管控，统筹原煤洗选、焦化炼制、炭黑生产、精细化工、LNG等核心业务的工艺运行管控；实时跟进生产工况，动态调整优化生产工艺参数，及时排查、解决生产过程中出现的工艺波动、生产异常、设备适配、产品质量偏差等各类现场技术问题，保障生产线连续稳定运行。
3. 质量技术攻关与管控：联动生产、质检部门，针对产品质量短板开展技术攻关，重点优化精煤合格率、焦炭质量、炭黑指标、成品品相及稳定性；分析生产质量异常根源，制定针对性工艺优化、整改方案，建立长效质量管控机制，持续降低产品不良率、返工率，稳步提升产品核心质量与市场适配性。
4. 技改优化与降本增效：结合各板块生产实际，牵头落地生产工艺技改、设备工艺适配优化、生产流程精简、节能降耗等技术改进项目；通过工艺优化、参数调整、技术改良，降低原材料损耗、能耗损耗、设备运维成本，提升生产产能、生产效率，落实公司降本增效、精益生产目标。
5. 生产技术数据与台账管理：负责日常生产技术数据统计、分析、复盘，精准把控产能、能耗、工艺参数、质量数据等核心指标；建立完善生产技术台账、技改档案、工艺调整记录、质量技术分析报告，定期复盘生产技术问题，输出优化方案，为生产决策、技术升级提供数据支撑。
6. 技术培训与班组赋能：制定一线生产技术培训计划，常态化开展工艺操作、标准规范、异常处置、设备适配等专项培训；指导生产班组规范作业，提升一线操作人员工艺熟练度和标准化作业能力，夯实车间生产技术基础，减少人为操作导致的生产、质量问题。
7. 技术对接与协同工作：对接技术总工、生产副总、各车间负责人，高效落实各项技术指令、技改任务、生产优化方案；配合安全、设备、质检部门开展专项工作，协同处理生产、安全、质量联动问题，保障生产全流程高效闭环。
8. 部门团队管理：负责生产技术部团队日常管理、人员分工、工作督导、绩效考核与人才培养；搭建部门高效工作机制，规范部门工作流程，提升团队技术服务能力与执行力，稳定技术骨干队伍。","1. 学历专业：本科及以上学历，矿物加工、化工工艺、材料工程、机械制造、生产管理等相关专业优先。
2. 从业经验：5年以上选煤、焦化、炭黑、精细化工类生产企业技术管理工作经验，3年以上生产技术部经理、工艺主管、现场技术负责人等同岗位管理经验；熟悉洗煤、焦化、炭黑、精细化工主流生产工艺、设备运行及质量管控体系，具备多生产板块技术统筹经验者优先。
3. 资质要求：具备中级及以上工程类职称优先，持有安全管理人员证书、工艺技术相关专项资质者优先。
4. 核心能力：精通选煤、焦化、炭黑、精细化工等煤化工行业生产全流程工艺、核心参数控制及产品质量标准；具备扎实的现场技术攻坚、工艺优化、技改落地能力，能够快速排查处置各类生产技术、质量异常；熟悉煤化工生产企业精益生产、降本增效管理模式，具备较强的数据分析、方案落地、跨部门协同能力。
5. 综合素养：具备较强的现场统筹、问题解决、团队管理能力，工作严谨、责任心强、执行力高效；熟悉行业生产政策及技术规范，抗压能力强，能适配生产一线值守、突发技术问题处置；无重大生产技术、质量事故责任记录，职业素养良好。
 查看全部",Git / CSS / 团队管理 / React / PMP / 数据分析 / Go / HTML / jQuery / UG / AI,化工,https://www.liepin.com/job/1983224475.shtml
546,猎聘,能源/化工/环保,矿物加工,球团带式焙烧负责人（丰镇）,企业,内蒙古新太实业集团有限公司,2000-5000人,包头-青山区,包头-青山区,包头-青山区,20-35k,大专,5年以上,20250814200514,节日礼物 / 18薪 / 子女福利 / 五险一金 / 13薪 / 公司规模大 / 五险,/,"1、年龄要求50岁以下，本科及以上学历，冶金工程、矿物加工、材料科学或相关专业，5年以上球团生产线工作经验，3年以上带式焙烧机管理经验，具备大型冶金项目技术改造或新建生产线调试经验。
2、全面负责带式焙烧机球团生产线的运行管理，确保产量、质量、能耗等指标达标。
3、制定并优化焙烧工艺参数（如温度曲线、风速、料层厚度等），解决生产过程中的技术问题。
4、监控原料配比及预处理，确保符合焙烧工艺要求。
5、组织焙烧系统（燃烧器、风机、除尘设备等）的日常维护与定期检修，降低故障率。
6、落实安全生产制度，排查高温、燃气、粉尘等风险点，杜绝重大安全事故。
7、分析焙烧环节的能耗（煤气、电力）及排放数据，推动节能降耗技术应用（如余热回收）。
8、参与新工艺、新设备的引进与调试，提升球团抗压强度、冶金性能等关键指标。
 查看全部",CSS / React / PMP / Go / HTML / jQuery / UG / AI,矿产开采,https://www.liepin.com/job/1976507073.shtml
547,猎聘,能源/化工/环保,矿物加工,选煤工程师,企业,内蒙古准格尔旗力量煤业有限公司,500-999人,鄂尔多斯-准格尔旗,鄂尔多斯-准格尔旗,鄂尔多斯-准格尔旗,12-20k,本科,5-10年,20250904142540,节日礼物 / 包住 / 包吃包住 / 五险一金 / 13薪 / 包吃 / 15薪 / 五险 / 定期体检 / 年度旅游,"岗位内容：
1. 负责选煤厂洗选工艺流程的优化和改进；
2. 制定选煤厂洗选技术方案，指导施工现场的实施；
3. 研究新工艺、新工具、新材料等，并组织试验验证；
4. 掌握选煤厂洗选设备的性能和参数，制定日常维护保养计划并落实。","1. 矿物加工工程等相关专业本科及以上学历；
2. 具备5年以上选煤厂洗选管理经验；
3. 熟知选矿流程和设备，有丰富的实践经验；
4. 具备较强的组织协调能力和问题解决能力。
 查看全部",CSS / React / PMP / Go / HTML / jQuery / UG / AI,电力/热力/燃气/水务,https://www.liepin.com/job/1976980379.shtml
548,猎聘,能源/化工/环保,矿物加工,选煤（选矿）生产运营项目经理,企业,美腾科技,100-499人,呼和浩特-新城区,呼和浩特-新城区,呼和浩特-新城区,10-15k,统招本科,5-10年,20251226102604,休闲餐点 / 团队聚餐 / 子女福利 / 五险一金 / 交通补助 / 13薪 / 通讯津贴 / 五险 / 定期体检 / 聚餐 / 14薪,"：
1、负责公司生产运营项目的项目部全面管理工作，是项目运营中效益、质量、安全、环保的第一责任人，对项目部实行统一领导和指挥。
2、负责与生产经营有关的一切活动。包括生产、维修、协调等，确保生产量、结算等按计划完成。
3、了解、掌握煤炭分选生产、管理工作，掌握煤炭分选指标、设备性能、工艺系统、对分选数据收集、整理、分析。
4、积极组织完成和超额完成年、季、月生产计划，梳理生产运营台账，保持运营项目低成本高效运行。
5、负责项目部生产运营业务和技术培训，提高团队能力，满足公司发展需要。
6、负责项目部结算、回款，完成结算、回款目标。
7、完成公司安排的其它工作。","1、本科及以上学历：矿物加工、选煤、选矿、电气、自动化、机电一体化等相关专业；有选矿厂生产管理经验者优先，了解智能分选设备者优先。
2、熟悉相关计算机辅助设计软件和各种办公软件。
3、熟悉选矿工艺和选矿厂生产运营管理体系。
4、具有较强的学习能力，良好的沟通表达，分析及解决问题的能力。
5、做事认真，踏实，为人正直，积极主动。
6、能适应长期出差或随项目驻场。
 查看全部",CSS / 项目管理 / React / PMP / Go / HTML / jQuery / UG / AI,机械/设备,https://www.liepin.com/job/1969996899.shtml
549,猎聘,能源/化工/环保,矿物加工,选矿技术员,企业,内蒙古华博小红山矿业开发有限公司,1-49人,阿拉善盟-额济纳旗,阿拉善盟-额济纳旗,阿拉善盟-额济纳旗,5-7k,大专,3-5年,20230828132408,13薪 / 14薪,"矿物加工工程、矿物资源工程、矿业类等相关专业
1、负责生产流程的巡检及工艺考核工作；
2、建立健全选矿车间工艺流程岗位操作制度及检测制度；
3、 负责工艺流程改造初步设计及流程调试工作；
4、制定选矿车间岗位工人选矿技术培训计划及实施办法。
5、吃苦耐劳
 查看全部","2. 如您应聘的岗位属于涉外劳务合作/海外岗位的，请务必核实招聘方对外劳务合作资质取得情况，同时注意自身资金安全，防范招聘欺诈。
 3. 本平台招聘方不向求职者提供任何收费服务。
 查看全部
 相关推荐
 展开
 采矿工程师助理招聘
 采矿设计高级工程师招聘
 采矿工程高级工程师招聘
 采矿总工程师招聘
 采矿工艺工程师招聘
 交付采矿高级工程师招聘
 充填工程师招聘
 矿管工程师招聘
 采矿技术岗招聘
 采矿选矿工程师招聘
 采矿工程设计师招聘
 助理采矿工程师招聘
 充填采矿工程师招聘
 矿山开采高级工程师招聘
 采选工程岗招聘
 采矿副矿长招聘
 采矿工程总监招聘
 磷矿总工程师招聘
 地采项目矿长招聘
 采煤机技术工程师电气工程师招聘
 尾矿库工程师招聘
 采选工程师招聘
 矿山运营管理岗招聘
 矿山基建工程师招聘
 煤矿生产工程师招聘
 采掘副总工程师招聘
 矿山工程管理人员招聘
 矿山生产管理招聘
 矿区生产副总招聘
 矿业管理岗招聘
 相关公司
 中石化江汉石油工程有限公司井下测试公司
 厦门同安承创水泥有限公司
 中国二十二冶集团有限公司装配式住宅产业分公司
 日昌升集团有限公司
 三佳机械(上海)有限公司
 太原市梗阳实业集团有限公司
 湖南黄金
 湖南联智冶金新材料有限公司
 抚铁集团
 中山力枫安防科技有限公司
 上海丰丽集团有限公司
 佛山市三水润成五金制品有限公司
 浙江宝树建设集团有限公司
 福莱特
 广投银海铝业集团
 阜阳市森威保温建材有限公司
 上高县中盛非金属材料有限公司
 天津市鹏进供应链管理有限公司
 鼎新铜业
 浙江鸿耀高新铜材有限公司
 成业礼品(深圳)有限公司
 热门城市
 北京招聘网
 上海招聘网
 广州招聘网
 厦门招聘网
 杭州招聘网
 郑州招聘网
 南京招聘网
 天津招聘网
 重庆招聘网
 成都招聘网
 苏州招聘网
 商丘招聘网
 大连招聘网
 济南招聘网
 宁波招聘网
 无锡招聘网
 青岛招聘网
 沈阳招聘网
 台州招聘网
 西安招聘网
 武汉招聘网
 热门招聘
 北京招聘信息
 上海招聘信息
 广州招聘信息
 厦门招聘信息
 杭州招聘信息
 郑州招聘信息
 南京招聘信息
 天津招聘信息
 重庆招聘信息
 成都招聘信息
 苏州招聘信息
 商丘招聘信息
 大连招聘信息
 济南招聘信息
 宁波招聘信息
 无锡招聘信息
 青岛招聘信息
 沈阳招聘信息
 台州招聘信息
 西安招聘信息
 武汉招聘信息
 阿拉善盟招聘网
 >
 阿拉善盟采矿工程师招聘
 >
 选矿技术员招聘
 收藏职位
 立即沟通
 更新时间：2023-11-27",CSS / React / PMP / Go / HTML / jQuery / UG / AI,矿产开采,https://www.liepin.com/job/1961159429.shtml
550,猎聘,能源/化工/环保,矿物加工,球团带式焙烧负责人（丰镇）,企业,内蒙古新太实业集团有限公司,2000-5000人,鄂尔多斯-东胜区,鄂尔多斯-东胜区,鄂尔多斯-东胜区,20-35k,大专,5年以上,20250814200514,节日礼物 / 子女福利 / 五险一金 / 13薪 / 公司规模大 / 五险,/,"1、年龄要求50岁以下，本科及以上学历，冶金工程、矿物加工、材料科学或相关专业，5年以上球团生产线工作经验，3年以上带式焙烧机管理经验，具备大型冶金项目技术改造或新建生产线调试经验。
2、全面负责带式焙烧机球团生产线的运行管理，确保产量、质量、能耗等指标达标。
3、制定并优化焙烧工艺参数（如温度曲线、风速、料层厚度等），解决生产过程中的技术问题。
4、监控原料配比及预处理，确保符合焙烧工艺要求。
5、组织焙烧系统（燃烧器、风机、除尘设备等）的日常维护与定期检修，降低故障率。
6、落实安全生产制度，排查高温、燃气、粉尘等风险点，杜绝重大安全事故。
7、分析焙烧环节的能耗（煤气、电力）及排放数据，推动节能降耗技术应用（如余热回收）。
8、参与新工艺、新设备的引进与调试，提升球团抗压强度、冶金性能等关键指标。
 查看全部",CSS / React / PMP / Go / HTML / jQuery / UG / AI,矿产开采,https://www.liepin.com/job/1976507069.shtml
551,猎聘,能源/化工/环保,矿物加工,球团带式焙烧负责人（丰镇）,企业,内蒙古新太实业集团有限公司,2000-5000人,乌兰察布-丰镇,乌兰察布-丰镇,乌兰察布-丰镇,20-35k,大专,5年以上,20250814200514,节日礼物 / 子女福利 / 五险一金 / 13薪 / 公司规模大 / 五险 / 14薪,/,"1、年龄要求50岁以下，本科及以上学历，冶金工程、矿物加工、材料科学或相关专业，5年以上球团生产线工作经验，3年以上带式焙烧机管理经验，具备大型冶金项目技术改造或新建生产线调试经验。
2、全面负责带式焙烧机球团生产线的运行管理，确保产量、质量、能耗等指标达标。
3、制定并优化焙烧工艺参数（如温度曲线、风速、料层厚度等），解决生产过程中的技术问题。
4、监控原料配比及预处理，确保符合焙烧工艺要求。
5、组织焙烧系统（燃烧器、风机、除尘设备等）的日常维护与定期检修，降低故障率。
6、落实安全生产制度，排查高温、燃气、粉尘等风险点，杜绝重大安全事故。
7、分析焙烧环节的能耗（煤气、电力）及排放数据，推动节能降耗技术应用（如余热回收）。
8、参与新工艺、新设备的引进与调试，提升球团抗压强度、冶金性能等关键指标。
 查看全部",CSS / React / PMP / Go / HTML / jQuery / UG / AI,矿产开采,https://www.liepin.com/job/1976507071.shtml
552,猎聘,能源/化工/环保,矿物加工,集团生产技术部管理科科长,企业,内蒙古新太实业集团有限公司,2000-5000人,乌兰察布-丰镇,乌兰察布-丰镇,乌兰察布-丰镇,30-50k,大专,5-10年,20250915092349,发展空间大 / 节日礼物 / 子女福利 / 五险一金 / 13薪 / 公司规模大 / 五险 / 14薪,"：
1、作为集团生产部门的核心管理人员，带领生产管理团队，统筹协调各工厂的生产计划执行，确保整体生产目标的达成。
2、负责在集团层面统筹原辅材料、半成品和成品的质量管理工作，推动各工厂执行统一的质量标准和检验规范。
3、在能源管理方面，统一宣贯集团的能源政策，协调各工厂的用能管理和节能降耗措施，确保各工厂协同推进。
4、参与集团层面的工艺优化和项目管理，确保各工厂在技术改造和工艺改进上的统一步调。
5、建立和完善集团统一的管理标准和流程制度，确保各工厂在生产、质量、能源等方面的管理工作规范有序。","1、具备大中型企业生产管理、质量管理经验，有多工厂或集团化管理经验者优先。
2、能够统筹协调多方资源，具备较强的跨部门沟通和协作能力。
3、熟悉生产、质量、能源管理的相关标准和流程，能够推动各工厂按照集团要求协同运作。
4、具备铁合金生产相关经验，对铁合金生产流程有深入理解。
 5、专科及以上学历，冶金、机械、矿物加工相关专业，钢铁或铁合金相关行业工作经验8年以上。
 查看全部",CSS / 项目管理 / React / PMP / Go / HTML / jQuery / UG / AI,矿产开采,https://www.liepin.com/job/1977214815.shtml
553,猎聘,能源/化工/环保,矿物加工,生产总工程师/副总工程师,企业,赤峰明源矿业有限公司,500-999人,内蒙古自治区,赤峰,赤峰,15-25k,本科,10年以上,20260213101318,团队建设 / 13薪 / 18薪,一、基本,"‌教育背景‌
采矿工程、地质工程、矿物加工、机械自动化等相关专业，‌全日制本科及以上学历‌。
有色金属矿山背景优先，熟悉露天开采工艺流程与行业规范。
‌职称与资质‌
持有‌中级及以上技术职称‌，多数企业明确要求‌高级工程师职称‌、注册安全工程师等职业资格。。
‌年龄与健康‌
身体健康，能适应长期驻矿、高强度工作环境。
二、工作经验要求
‌10年以上矿山行业技术管理经验‌，其中至少‌5年在大型露天矿山担任总工程师或同等高管职位‌。
有主导‌大型露天有色金属矿山全周期技术管理‌的成功案例，熟悉从勘探、设计、建设到生产运营的全流程。
三、核心技术能力
‌技术规划与设计能力‌
能独立编制矿山长远发展规划、年度采剥计划、生产接替计划及灾害预防方案。
精通露天矿边坡稳定性分析、爆破设计、运输排土系统优化等关键技术。
熟练使用‌Surpac、Dimine、3DMine、CAD‌等矿山设计软件。
‌法规与安全合规‌
熟悉《金属非金属矿山安全规程》《矿产资源法》《安全生产法》等国家法规与行业标准。
主导过安全标准化体系建设，具备处理重大安全隐患、组织应急救援预案的能力。
‌成本与效率管控‌
能统筹技术预算，优化采矿工艺，降低贫化率与损失率，提升资源回收率与投入产出比。
参与招投标、并购尽调、成本控制等经营性技术决策，具备跨部门协同能力。
四、管理与软技能
具备‌技术团队建设与人才培养能力‌，能组织技术培训、建立人才梯队。
擅长跨部门协作，与地质、测量、机电、安全、财务等部门高效协同。
逻辑清晰，具备现场快速决策能力，能应对突发技术问题。
五、职业发展
职业发展路径可晋升至‌矿长、生产副总、企业技术总监‌等高层管理岗位。
 查看全部",CSS / React / CAD / PMP / Go / HTML / jQuery / UG / AI,电力/热力/燃气/水务,https://www.liepin.com/job/1980320281.shtml
554,猎聘,能源/化工/环保,矿物加工,球团带式焙烧负责人（丰镇）,企业,内蒙古新太实业集团有限公司,2000-5000人,呼和浩特-回民区,呼和浩特-回民区,呼和浩特-回民区,20-35k,大专,5年以上,20250814200514,16薪 / 节日礼物 / 子女福利 / 五险一金 / 13薪 / 公司规模大 / 五险 / 14薪,/,"1、年龄要求50岁以下，本科及以上学历，冶金工程、矿物加工、材料科学或相关专业，5年以上球团生产线工作经验，3年以上带式焙烧机管理经验，具备大型冶金项目技术改造或新建生产线调试经验。
2、全面负责带式焙烧机球团生产线的运行管理，确保产量、质量、能耗等指标达标。
3、制定并优化焙烧工艺参数（如温度曲线、风速、料层厚度等），解决生产过程中的技术问题。
4、监控原料配比及预处理，确保符合焙烧工艺要求。
5、组织焙烧系统（燃烧器、风机、除尘设备等）的日常维护与定期检修，降低故障率。
6、落实安全生产制度，排查高温、燃气、粉尘等风险点，杜绝重大安全事故。
7、分析焙烧环节的能耗（煤气、电力）及排放数据，推动节能降耗技术应用（如余热回收）。
8、参与新工艺、新设备的引进与调试，提升球团抗压强度、冶金性能等关键指标。
 查看全部",CSS / React / PMP / Go / HTML / jQuery / UG / AI,矿产开采,https://www.liepin.com/job/1976507067.shtml
555,猎聘,能源/化工/环保,矿物加工,配煤研发工程师(J11129),企业,旭阳集团,10000人以上,呼和浩特-托克托县,呼和浩特-托克托县,呼和浩特-托克托县,5-7k,本科,1年以下,20220620140604,发展空间大 / 年终奖金 / 带薪年假 / 年终奖 / 五险一金 / 13薪 / 公司规模大 / 五险 / 双休 / 定期体检 / 14薪,"：
1）负责煤炭技术配煤研究及实验设备管理； 
2）负责煤炭及配比数据、信息的收集、分析和处理； 
3）负责国内外先进配煤科技成果信息，行业技术发展动态等收集、分析及处理； 
4）负责公司煤炭及配煤科研项目的开发调研、论证、实施、总结，进行集团各公司项目成果鉴定及验证； 
5）负责新技术和新煤种等的推广和应用；
6）负责配煤结构、库存结构、原料煤采购计划的研究和规划； 
7）监测生产工艺变化对焦炭质量的影响，检查配煤比执行情况。","1）本科及以上学历的应届毕业生，化工、采矿、矿物加工等相关专业，参与过焦化相关课题者及有煤质检验经验者优先； 
2）具有创新思维和一定的科研能力，较强的总结、分析和文字组织能力； 
3）具有一定的英语读写和交流能力，能熟练使用常用数据分析、作图软件； 
4）工作认真、负责，有上进心；具备良好地团队合作精神和团队协作能力； 
5）适合长期出差及同意集团外派到其他省份或国外工作。 
 查看全部",CSS / 英语 / React / PMP / 数据分析 / Go / HTML / jQuery / UG / AI,石化,https://www.liepin.com/job/1950509963.shtml
556,猎聘,能源/化工/环保,矿物加工,集团生产技术部管理科科长,企业,内蒙古新太实业集团有限公司,2000-5000人,呼和浩特-回民区,呼和浩特-回民区,呼和浩特-回民区,30-50k,大专,5-10年,20250915092349,发展空间大 / 节日礼物 / 子女福利 / 五险一金 / 15薪 / 公司规模大 / 五险,"：
1、作为集团生产部门的核心管理人员，带领生产管理团队，统筹协调各工厂的生产计划执行，确保整体生产目标的达成。
2、负责在集团层面统筹原辅材料、半成品和成品的质量管理工作，推动各工厂执行统一的质量标准和检验规范。
3、在能源管理方面，统一宣贯集团的能源政策，协调各工厂的用能管理和节能降耗措施，确保各工厂协同推进。
4、参与集团层面的工艺优化和项目管理，确保各工厂在技术改造和工艺改进上的统一步调。
5、建立和完善集团统一的管理标准和流程制度，确保各工厂在生产、质量、能源等方面的管理工作规范有序。","1、具备大中型企业生产管理、质量管理经验，有多工厂或集团化管理经验者优先。
2、能够统筹协调多方资源，具备较强的跨部门沟通和协作能力。
3、熟悉生产、质量、能源管理的相关标准和流程，能够推动各工厂按照集团要求协同运作。
4、具备铁合金生产相关经验，对铁合金生产流程有深入理解。
 5、专科及以上学历，冶金、机械、矿物加工相关专业，钢铁或铁合金相关行业工作经验8年以上。
 查看全部",CSS / 项目管理 / React / PMP / Go / HTML / jQuery / UG / AI,矿产开采,https://www.liepin.com/job/1977214817.shtml
557,猎聘,能源/化工/环保,矿物加工,销售经理,企业,美腾科技,100-499人,鄂尔多斯-东胜区,鄂尔多斯-东胜区,鄂尔多斯-东胜区,8-10k,统招本科,3-5年,20260410144202,发展空间大 / 16薪 / 年终奖金 / 年终奖 / 技能培训 / 五险一金 / 13薪 / 15薪 / 通讯津贴 / 六险一金 / 五险 / 岗位晋升 / 14薪 / 六险,"1、了解、掌握负责销售区域的市场状况，进行市场分析和推广，对市场信息进行收集、整理和分析。
2、根据市场营销计划，对项目进行跟踪，完成公司要求的销售指标。
3、负责新客户的开发、老客户的维护工作。
4、按规定及时回收应收账款，并能准确的提供销售预测。
5、完成公司安排的其它工作。","1、有选煤厂、煤矿相关工作经验者优先。
2、具有矿物加工工程、采矿、选煤等相关专业背景学历者优先。
3、，有行业相关工作经历，有丰富的销售经验，能够识别、确定潜在的合作伙伴，熟悉当地煤炭行业市场发展状况。
4、良好的口头及书面表达能力，积极进取、良好的沟通、协调、组织能力。
5、高度的工作热情，良好的团队合作精神。
6、以上资格，特别优秀者可放宽。
 查看全部",CSS / React / PMP / Go / HTML / jQuery / UG / AI,机械/设备,https://www.liepin.com/job/1980667641.shtml
558,猎聘,能源/化工/环保,矿物加工,金矿化验员,企业,内蒙古中坤能源科技发展有限公司,100-499人,内蒙古自治区,巴彦淖尔,巴彦淖尔,8-10k,本科,经验不限,20260414093651,纵向发展：化验员 / 工作时间：常白班或轮班制五 / 节日福利 / 化验班组长 / 实验室技术负责人方向发展· / 横向发展：可向化验工程师 / 13薪 / 五险 / 工作条件与环境· / 定期体检 / 需严格遵守安全防护规范· / 月休4天（轮休制）四 / 化验室主任 / 涉及高温（试金炉） / 化验室副主任 / 职业发展· / 工作场所：矿山化验室 / 社保 / 需在矿区现场工作· / 包食宿定期体检,"1. 样品检测与分析
负责金矿勘探、采矿、选矿等各环节的样品化验分析工作，包括地质样、生产样、实验样、精矿粉、尾矿、活性炭、尾液等各类样品的品位测定。具体包括：
· 负责样品的接收、登记、制样（破碎、研磨、缩分、干燥等预处理工作）
· 运用火试金法、原子吸收光谱法（AAS）、滴定法、湿法等主流方法，准确测定金、银、铜、铅、锌等元素含量
· 负责化验所需试剂的配制、标定与储存管理
2. 数据记录与报告
· 及时、准确、完整地填写原始化验记录，确保数据的可追溯性
· 对化验数据进行复核与计算，出具规范的化验报告单，对分析结果负责
· 发现异常数据时立即复检，并向主管汇报
· 协助整理化验台账，做好数据统计与归档
3. 设备管理与维护
· 负责化验室仪器设备（如火试金炉、原子吸收分光光度计、天平、烘箱等）的日常使用、维护和保养，确保设备正常运行
· 协助仪器校准及简单故障处理
4. 安全管理
· 严格执行危险化学品（如铅、硫脲、氰化物、强酸强碱等）的管理规定，做好领用、使用及废液处理记录
· 落实安全操作规程，正确使用防护用品，保持化验室环境卫生，落实6S管理要求
二、","1. 学历与专业
· 中专/大专及以上学历，化学分析、工业分析、应用化学、矿物加工、化工等相关专业
· 持有化验员资格证书者优先
2. 工作经验
· 1-3年以上金矿或有色金属矿产化验经验者优先
· 熟悉金矿火试金法操作流程者，学历可适当放宽
3. 专业技能
· 熟练掌握化学分析基础知识，精通滴定法、重量法及仪器分析法
· 能独立操作火试金法全流程（配料、熔炼、灰吹、分金、称量），熟悉原子吸收光谱法（AAS）等精密仪器操作
· 了解国家及行业相关标准，能熟练使用办公软件处理数据
4. 职业素养
· 原则性强，作风严谨，诚实守信，严守数据机密，不篡改、不伪造数据
· 责任心强，工作细致认真，具备较强的协作能力和沟通能力
· 具备较强的安全意识，了解危化品应急处置措施
5. 身体条件
· 身体健康，无色盲、色弱（化学滴定需辨色正常）
· 无化学品过敏等禁忌，能适应矿山工作环境，吃苦耐劳
三、薪酬福利
月薪范围 8000-10000元/月（视经验、技能及地区而定）
社保：缴纳五险
其他福利：包食宿定期体检、节日福利等
休息制度 月休4天（轮休制）
四、工作条件与环境
· 工作场所：矿山化验室，需在矿区现场工作
· 工作环境：涉及高温（试金炉）、危险化学品及一定粉尘，需严格遵守安全防护规范
· 工作时间：常白班或轮班制
五、职业发展
· 横向发展：可向化验工程师、实验室技术负责人方向发展
· 纵向发展：化验员 → 化验班组长 → 化验室副主任 → 化验室主任
 查看全部",CSS / React / PMP / Go / HTML / jQuery / UG / AI,矿产开采,https://www.liepin.com/job/1981729627.shtml
559,猎聘,能源/化工/环保,矿物加工,煤炭加工技术员,企业,易大宗,5000-10000人,包头-白云矿区,包头-白云矿区,包头-白云矿区,6-8k,本科,1-3年,20251020092008,节假日福利 / 提供食宿 / 年终奖金 / 带薪年假 / 包住 / 规模大 / 职位亮点：上市公司大平台 / 年终奖 / 16薪 / 五险一金 / 13薪 / 包吃 / 节日福利 / 五险 / 定期体检 / 年终分红 / 年终福利 / 有发展。,"1、协助部门负责人制定洗煤生产工艺操作流程；
2、生产过程中的工艺指导和监督管理；
3、参与公司工艺改造计划；
4、生产过程中质量问题分析和跟踪。","1、本科及以上学历，选矿或矿物加工工程专业；
2、1-3年煤炭选煤行工作经验；
3、中级以上本专业技术职称，或相关注册资格证书者优先；
4、熟悉选煤厂工艺流程，对选煤厂设备的工作原理、操作特性有足够的了解；
5、具有极强的敬业精神和责任心，能吃苦耐劳，踏实肯干，良好的团队精神，分析和逻辑思维能力强，学习能力强，能适应不断的变化要求。",CSS / React / PMP / Go / HTML / jQuery / UG / AI,贸易/进出口,https://www.liepin.com/job/1977859553.shtml
560,猎聘,能源/化工/环保,矿物加工,选矿工程师,企业,赤峰吉隆黄金矿业集团股份有限公司,5000-10000人,赤峰-敖汉旗,赤峰-敖汉旗,赤峰-敖汉旗,8-12k·13薪,大专,3-5年,20250802105335,年终奖金 / 18薪 / 餐补 / 年终奖 / 13薪 / 15薪 / 公司规模大 / 五险 / 定期体检 / 饭补 / 14薪 / 免费住宿,"：
1、持续优化生产工艺：跟踪生产过程中的关键指标（如精矿回收率、尾矿品位、药剂单耗等），运用选矿试验、数据分析等手段，识别工艺瓶颈并提出改进方案；
2、制定工艺技术标准：编写选矿工艺操作规程、技术参数控制范围及质量验收标准，明确各工序的操作要点和考核指标，确保生产过程规范可控；​
3、通过生产报表、在线监测系统跟踪各环节工艺参数，每日分析精矿品位、回收率、尾矿品位等数据，发现指标异常时及时排查原因并正确处置；
4、指导现场工艺操作：深入生产一线，对破碎、磨矿、浓缩过滤等岗位操作人员进行技术指导，纠正不规范操作。
福利待遇：
 缴纳五险，定期体检，免费住宿，餐补，月休4天，赤峰市外可攒休，每年报销2次往返路费
 查看全部","2. 如您应聘的岗位属于涉外劳务合作/海外岗位的，请务必核实招聘方对外劳务合作资质取得情况，同时注意自身资金安全，防范招聘欺诈。
 3. 本平台招聘方不向求职者提供任何收费服务。
 查看全部
 相关推荐
 展开
 赤峰选矿工程师招聘
 赤峰选矿助剂工程师招聘
 赤峰探矿工程高级工程师招聘
 赤峰海外选矿工艺工程师招聘
 赤峰选矿厂工程师招聘
 赤峰选矿工程师助理招聘
 赤峰锂矿选矿工程师招聘
 赤峰选矿药剂工程师招聘
 赤峰矿山开发工程师招聘
 赤峰选矿厂生产经理招聘
 赤峰选矿工程师岗位招聘
 赤峰金属矿选矿工程师招聘
 赤峰洗选矿班长招聘
 赤峰锰矿工程师招聘
 赤峰选冶工程师招聘
 赤峰选矿车间主管招聘
 赤峰水力工程师招聘
 赤峰砂石工艺工程师招聘
 赤峰选煤设计工程师招聘
 赤峰矿山技术工程师招聘
 赤峰化工实验室工程师招聘
 赤峰选矿设计招聘
 赤峰洗选矿矿长招聘
 赤峰选矿专家招聘
 赤峰选矿设计师招聘
 赤峰选矿主管招聘
 赤峰通防工程师招聘
 赤峰选矿厂经理招聘
 赤峰技术科招聘
 赤峰矿物选矿实验员招聘
 相关公司
 赤峰启辉铝业发展有限公司
 天瑞集团
 赤峰华泰矿业有限责任公司
 神华地质勘查有限责任公司
 福建中爆企业管理服务有限公司
 天津矿山工程有限公司
 中国铜业有限公司
 承德东伟新材料科技有限公司
 陕西和利安控智能科技有限公司
 烟台明珠陶瓷科技有限公司
 内蒙古坤宏矿业开发有限责任公司
 内蒙古和甲资源有限责任公司
 河北金山矿业有限公司西郝庄铁矿
 赤峰巨森矿业有限责任公司
 神华地质勘查有限责任公司晋陕蒙分公司
 盛达资源
 内蒙古和甲资源有限责任公司
 赤峰中唐特钢有限公司
 吉林伟良矿业有限公司
 阿鲁科尔沁旗双龙矿业有限责任公司
 集为建设
 国亮公司
 赤峰嘉裕彩板钢结构有限公司
 赤峰吉隆黄金矿业集团股份有限公司
 北京华夏建龙矿业科技有限公司
 四川省地质工程勘察院集团有限公司环境工程中心
 林西县金源矿业开发有限公司
 热门城市
 北京招聘网
 上海招聘网
 广州招聘网
 厦门招聘网
 杭州招聘网
 郑州招聘网
 南京招聘网
 天津招聘网
 重庆招聘网
 成都招聘网
 苏州招聘网
 商丘招聘网
 大连招聘网
 济南招聘网
 宁波招聘网
 无锡招聘网
 青岛招聘网
 沈阳招聘网
 台州招聘网
 西安招聘网
 武汉招聘网
 热门招聘
 北京招聘信息
 上海招聘信息
 广州招聘信息
 厦门招聘信息
 杭州招聘信息
 郑州招聘信息
 南京招聘信息
 天津招聘信息
 重庆招聘信息
 成都招聘信息
 苏州招聘信息
 商丘招聘信息
 大连招聘信息
 济南招聘信息
 宁波招聘信息
 无锡招聘信息
 青岛招聘信息
 沈阳招聘信息
 台州招聘信息
 西安招聘信息
 武汉招聘信息
 赤峰招聘网
 >
 赤峰选矿工程师招聘
 >
 选矿工程师招聘
 收藏职位
 立即沟通
 立即应聘
 更新时间：2026-04-07",CSS / React / PMP / 数据分析 / Go / HTML / jQuery / UG / AI,矿产开采,https://www.liepin.com/job/1976213209.shtml
561,猎聘,能源/化工/环保,矿物加工,煤质检化验技术助理,企业,易大宗,5000-10000人,巴彦淖尔-乌拉特中旗,巴彦淖尔-乌拉特中旗,巴彦淖尔-乌拉特中旗,5-8k,大专,经验不限,20230119143647,管理规范 / 发展空间大 / 年终奖金 / 节日礼物 / 年终奖 / 技能培训 / 五险一金 / 13薪 / 15薪 / 五险 / 定期体检 / 岗位晋升 / 提供住宿,"：
1.负责对集团公司下属生产、储煤基地煤炭资源进行库存盘点
2.对集团公司下属的生产、储煤基地煤炭资源入库、生产、出库以及反馈的全流程数、质量进行监督
3.负责协助各地检化验中心及业务处理煤质相关检化验问题
4.参与部门所属化验室化验工作","学历：专科及以上
专业：矿物加工工程、能源化工、煤化工、化学工程等
工作地点：内蒙古地区 ，可接受出差
 查看全部",CSS / React / PMP / Go / HTML / jQuery / UG / AI,贸易/进出口,https://www.liepin.com/job/1955534689.shtml
562,猎聘,能源/化工/环保,矿物加工,洗选工艺技术助理(J10704),企业,易大宗,5000-10000人,包头-九原区,包头-九原区,包头-九原区,7-9k,/,/,20260608162240,/,"：
1. 协助完成洗煤厂生产工艺全流程技术管理，跟进重介分选、浮选、脱泥脱水等洗选工序的日常运行，记录生产工艺参数与运行数据；
2. 开展洗选工艺效果检测与数据分析，核对精煤回收率、灰分、硫分等核心指标，排查工艺运行中的常规问题，提出优化调整建议；
3. 配合完成洗选工艺技术试验、技改项目的现场实施与数据跟踪，参与新工艺、新药剂、新设备的工业试验与效果验证工作；
4. 负责洗选工艺技术资料、生产数据、试验报告的整理归档，编制工艺运行日报、周报，配合完成生产技术培训与现场操作指导；
5. 协助落实洗煤厂安全生产、环保相关的工艺管控要求，完成部门交办的其他技术支持工作。","1. 本科及以上学历，2025/2026 届应届毕业生，矿物加工工程、煤炭洗选技术、选矿工程等相关专业，具备扎实的煤炭洗选专业基础知识；
2. 了解重介选煤、浮选等主流洗选工艺原理与生产流程，熟悉焦煤洗选核心质量指标与管控要求；
3. 具备良好的数据分析、现场实操与问题解决能力，做事严谨负责，能适应洗煤厂现场工作环境；
4. 熟练使用 AutoCAD、Office 办公软件与选矿相关计算软件，在校期间有洗煤厂、选矿相关实习或课题项目经验者优先。
工作地点：内蒙古各口岸子公司
截止日期：2027年05月12日
招聘人数：1人
 查看全部",CSS / React / CAD / PMP / AutoCAD / 数据分析 / Go / HTML / jQuery / UG / AI,贸易/进出口,https://www.liepin.com/lptjob/82446567
563,猎聘,能源/化工/环保,矿物加工,业务助理(J10709),企业,易大宗,5000-10000人,包头-九原区,包头-九原区,包头-九原区,6-10k,/,/,20260608162240,包住,"：
1. 协助业务经理完成焦煤等大宗商品进出口及国内贸易全流程跟进，覆盖询盘报价辅助、合同归档、订单履约跟进、商务对接、收付款节点跟进等环节，保障订单闭环交付；
2. 承担上下游客户、供应商的日常商务沟通对接工作，同步业务进展与供需需求，协调处理履约过程中的常规问题；
3. 负责业务数据统计、台账更新、单据与合同资料归档，协助编制业务经营报表，配合财务部门完成贸易结算、发票管理等配套工作；
4. 收集整理煤炭行业市场行情、供需动态、政策法规等基础信息，配合完成客户维护、商务洽谈、行业展会筹备等辅助工作；
5. 完成部门交办的其他商务支持与日常运营工作。","1. 本科及以上学历，2025/2026 届应届毕业生，国际贸易、矿物加工工程、物流工程、市场营销等相关专业，理工类背景优先；
2. 具备良好的商务沟通、逻辑思维与协调能力，做事严谨细致、责任心强，具备较强的学习能力与抗压能力；
3. 熟练使用 Office 办公软件，了解大宗商品贸易基本流程，在校期间有相关行业实习、商务对接类实践经验者优先；
4. 具备良好的英文听说读写能力，通过大学英语六级者优先。
工作地点分配至内蒙古区域各子公司
截止日期：2027年05月11日
招聘人数：1人
 查看全部",CSS / 英语六级 / 德语 / 英语 / React / PMP / Go / HTML / 韩语 / jQuery / UG / AI,贸易/进出口,https://www.liepin.com/lptjob/82408263
564,猎聘,能源/化工/环保,矿物加工,配煤技术助理(J10734),企业,易大宗,5000-10000人,包头-九原区,包头-九原区,包头-九原区,5-10k,/,/,20260519092859,/,"：
1. 协助完成焦煤等炼焦煤的配煤方案设计、优化与落地执行，基于单煤种煤质指标、客户需求与成本要求，完成配煤比计算与方案拟定；
2. 负责单煤种、配合煤的煤质指标检测数据收集与分析，核对灰分、硫分、粘结指数 G 值、胶质层厚度 Y 值、奥亚膨胀度等核心炼焦指标，保障配煤方案精准落地；
3. 配合开展配煤炼焦小焦炉试验、工业试验，跟踪试验过程，记录试验数据，分析试验结果，优化配煤方案，平衡配煤成本与焦炭质量；
4. 对接上游采购、下游客户、检化验部门，同步煤质数据与配煤方案执行情况，协调处理配煤生产、焦炭质量异议等相关问题；
5. 负责配煤技术资料、试验报告、生产数据的整理归档，编制配煤运行报表，完成部门交办的其他技术支持工作。","1. 本科及以上学历，2025/2026 届应届毕业生，矿物加工工程、煤化工、煤炭加工与利用等相关专业，具备扎实的炼焦煤、配煤炼焦专业基础知识；
2. 熟悉炼焦煤核心质量指标、配煤原理与炼焦工艺，了解不同煤种的炼焦特性与配伍规律；
3. 具备良好的数据分析、逻辑思维与现场实操能力，做事严谨细致、责任心强，具备基础的成本管控意识；
4. 熟练使用 Office 办公软件与配煤相关计算软件，在校期间有焦化、配煤相关实习或课题项目经验者优先。
工作地点：分配至内蒙古各区域子公司
截止日期：2027年05月11日
招聘人数：10人
 查看全部",CSS / React / PMP / 数据分析 / Go / HTML / jQuery / UG / AI,贸易/进出口,https://www.liepin.com/lptjob/82407197
565,猎聘,能源/化工/环保,矿物加工,煤质分析技术员,企业,内蒙古元北国际贸易有限责任公司,1-49人,包头-昆都仑区,包头-昆都仑区,包头-昆都仑区,5-7k,/,/,20260430110712,/,"：
负责公司煤炭全流程质量把控","1、2026届毕业生，本科及以上学历，矿物加工工程等相关专业；
2、在校成绩良好
3、有较强的组织、协调、沟通能力；
4、适应出差，工作认真负责。
5、中共党员优先录用
截止日期：2027年04月13日
招聘人数：1人
 查看全部",CSS / React / PMP / Go / HTML / jQuery / UG / AI,贸易/进出口,https://www.liepin.com/lptjob/82217691
566,猎聘,能源/化工/环保,矿物加工,选矿管培生,企业,北京华隆控股集团有限公司,2000-5000人,锡盟-阿巴嘎旗,锡盟-阿巴嘎旗,锡盟-阿巴嘎旗,7-12k,/,/,20260422082734,阿巴嘎旗 / 年终奖 / 五险一金 / 五险 / 锡林郭勒盟 / 免费宿舍(提供被褥)。4 / 免费食堂 / 工作地点：内蒙古,"】 
1、协助参与选矿生产方案的设计、生产计划的编制及现场技术管控工作，跟进选矿全作业流程。
2、在导师指导下，系统学习选矿工艺原理、设备操作规范及维护技巧，主动参与选矿领域安全、环保及质量管理体系的落地执行。
3、协助推进矿山数字化、智能化技术的应用落地（如选矿自动化系统）。
4、按照公司培养计划，在生产、技术、安全、设备等核心部门进行轮岗学习，全面熟悉矿山运营各环节的工作。
5、快速掌握矿山全流程运营，主动积累岗位相关知识与实践经验，为未来晋升管理岗位或技术专家奠定基础。
【","】 
1、本科及以上学历，选矿工程、矿物加工工程等相关专业，优秀应届生或1年以内相关工作经验均可。 
2、熟悉选矿理论基础，熟悉选矿方法技术。 
3、具备较强的学习能力、逻辑分析能力及问题解决能力。适应矿山工作环境，能接受在矿山工作生活。 
4、良好的团队协作精神，责任心强，能承受一定工作压力。英语CET-4及以上，具备技术文档读写能力。
5、认同集团企业文化，具备强烈的责任心，抗压能力强，严谨细致。
【面试方法】
1、面试流程：初试视频，终面现场，税前月薪7-12K具体面议。
2、工作时间：每天8小时工作，午休2小时，每季度12-15天调休假(报销机票)。
3、公司福利：年终奖，五险一金，免费食堂，免费宿舍(提供被褥)。
4、工作地点：内蒙古,锡林郭勒盟,阿巴嘎旗,隆兴矿业有限责任公司。
截止日期：2027年04月21日
招聘人数：1人
 查看全部",CSS / 英语 / React / PMP / Go / HTML / jQuery / UG / AI,矿产开采,https://www.liepin.com/lptjob/81954975
567,猎聘,能源/化工/环保,矿物加工,管培生（生产）,企业,熠晖集团有限公司,2000-5000人,乌兰察布-商都县,乌兰察布-商都县,乌兰察布-商都县,8-11k·13薪,/,/,20260302185653,导师制 / 13薪,"从关键生产技术岗位扎实起步，深入理解业务内核轮岗历练，逐步迈向综合管理岗位，起步专业序列岗位包括：材料/工艺等工程师、技术专家，后期可晋升为车间主任、技术经理、研发项目负责人等，同时也可横向往管理序列发展，包括生产协助及支持的职能管理、行政/生产副总含以上岗位。
二、","1、教育背景：
① 2025-2026届应届毕业生。
②硕士含以上学历，本科优秀者适当放宽。
③专业要求：冶金工程、材料科学与工程、矿物加工工程、化学工程与技术、自动化、电气工程及其自动化等相关专业。
2、能力素质：
①对冶金、材料或高端制造行业有浓厚兴趣与热情，愿意投身实业。
②扎实的专业理论基础和学习能力，具备良好的数据分析与逻辑思维。
③出色的沟通表达能力、团队协作精神及初步的领导潜质。
④ 能适应生产制造企业环境，具备较强的抗压能力与解决问题的主动性。
优先条件：
 · 在校期间有相关项目研究、课题实践或知名企业实习经历者优先。
 · 学生干部、社团负责人或拥有突出课外成就者优先。
二、培养路径：
1. 集中导入期：系统了解公司文化、战略、安全及核心工艺流程。
2. 深度轮岗实践（核心环节）：
深入冶炼、浇铸、原料等车间，参与一线生产与工艺优化。
接触智能化升级项目、新材料/新工艺研发辅助工作。
 学习大型电炉、自动化控制系统及智能化改造实践。
参与生产调度、质量控制、安全环保管理等职能工作。
3. 课题研究与导师制：在轮岗中承担具体改善课题，并由资深技术专家或高管担任导师，提供一对一指导。
4. 定岗发展：根据个人表现、公司需求及个人意愿，在技术研发、生产管理、项目管理等关键方向定岗，进入快速职业发展通道。
四、我们提供：
· 前瞻的起点：直通公司核心业务与技术前沿，避免职业初期迷茫。
· 系统的投资：远超常规毕业生的培训资源、导师关注与轮岗历练。
· 清晰的路径：“技术+管理”双通道发展设计，成长速度与晋升机制透明。
· 竞争力的回报：提供行业内有竞争力的起薪、完善的福利保障及针对管培生的专项补贴。
· 广阔的舞台：在智能化升级与材料研发的浪潮中，快速承担重要职责，实现个人价值。
熠晖期待您的加入！携手共创更美好的未来！
截止日期：2027年01月20日
招聘人数：15人
 查看全部",CSS / 项目管理 / React / PMP / 数据分析 / Go / HTML / jQuery / UG / AI,金属冶炼,https://www.liepin.com/lptjob/79880443
568,猎聘,能源/化工/环保,矿物加工,会计,企业,广州衡友贸易有限公司,/,广州-天河区,广州-天河区,广州-天河区,6-8k,大专,1-3年,20240409135834,16薪 / 18薪 / 13薪 / 15薪 / 14薪,"会计职位已暂停招聘_猎聘
 该职位已暂停招聘
 投递了该职位的人还查看了
 支付解决方案负责人 10-15k
 九世窖藏 不需要融资
 贵阳-观山湖区
 5年以上
 统招本科
 胡先生
 ·
 总经理
 芯片验证资深工程师 30-50k·16薪
 盛科通信 已上市
 苏州-工业园区
 3-5年
 本科
 高女士
 ·
 其他语种翻译
 产品经理 6-8k
 贵州梵途科技(集团)有限公司 
 贵阳-观山湖区
 1-3年
 本科
 王女士
 ·
 人力资源专员
 Prompt工程师 15-30k
 上海蓝维他科技有限公司 
 上海-黄浦区
 3-5年
 硕士
 蔡女士
 ·
 HRD
 Linux驱动开发工程师 15-30k
 爱勒康 A轮
 北京
 经验不限
 大专
 周女士
 ·
 人力资源主管
 嵌入式软件开发工程师 15-25k·13薪
 深圳双安科技有限公司 
 深圳-宝安区
 1-3年
 统招本科
 丁先生
 ·
 技术总监
 产品经理 6-12k
 贵州监信数据开发有限公司 融资未公开
 贵阳-观山湖区
 3-5年
 本科
 简先生
 ·
 HR
 项目管理 14-22k·15薪
 某深圳电气机械/器材公司 融资未公开
 深圳-龙华区
 5-10年
 大专
 金女士
 ·
 资深猎头顾问
 嵌入式软件开发工程师 13-18k·14薪
 联桥网云信息科技(长沙)有限公司 融资未公开
 长沙-岳麓区
 3-5年
 本科
 邱女士
 ·
 人资
 BSP 软件工程师 18-23k·13薪
 佛吉亚歌乐电子(武汉)有限公司 
 芜湖-弋江区
 5年以上
 本科
 尹女士
 ·
 HR Manager
 数据科学家 18-22k
 某上海专业技术服务公司 融资未公开
 广州-天河区
 3-5年
 学历不限
 郝先生
 ·
 Recruiter
 智算底座专家 50-80k·18薪
 某国内知名公司 已上市
 上海
 经验不限
 硕士
 梁先生
 ·
 猎头助理
 Prompt Engineer 15-20k·13薪
 北京句子科技有限公司 
 北京-海淀区
 3-5年
 本科
 李女士
 ·
 行政主管
 促销员 4-9k
 贵州裕泰通讯科技有限公司 
 贵阳
 经验不限
 学历不限
 刘女士
 ·
 人事
 软件工程师 15-35k·13薪
 新境智能交通技术(南京)研究院 融资未公开
 南京
 经验不限
 统招本科
 汪女士
 火箭总体设计负责人 40-70k·15薪
 某知名公司 
 上海
 8年以上
 硕士
 胡先生
 ·
 Manager
 私域运营经理 30-55k·14薪
 杭州银羽科技有限责任公司 
 杭州-上城区
 3-5年
 本科
 曹女士
 ·
 高级业务运营
 产品经理 3-6k
 贵阳浩瀚乾诚科技有限公司 
 贵阳
 1-3年
 大专
 张女士
 ·
 行政人事
 无人机结构工程师/专家 50-80k·15薪
 某深圳智能硬件/消费电子公司 A轮
 深圳-龙华区
 3年以上
 统招本科
 潘女士
 ·
 猎头顾问
 快消品产品经理 4-7k
 贵州省三同商贸有限公司 
 贵阳
 经验不限
 大专
 蒋先生
 ·
 总经理
 产品经理 8-12k
 贵州博汇科技有限公司 融资未公开
 贵阳-观山湖区
 3-5年
 本科
 姜女士
 ·
 人力资源经理
 数据科学家（3D生成式人工智能） 20-30k
 某知名公司 融资未公开
 深圳
 1-3年
 统招本科
 孙女士
 ·
 Senior Recruiter Lead
 分公司总经理 18-25k
 深圳市国策房地产土地资产评估有限公司 融资未公开
 广州-越秀区
 3年以上
 本科
 何先生
 ·
 运营总监
 电商运营主管 15-20k·14薪
 某北京知名公司 A轮
 深圳
 3年以上
 大专
 焦女士
 ·
 审计主管
 产品运营经理（流量运营） 30-40k·15薪
 某深圳互联网上市公司 已上市
 深圳
 3-5年
 本科
 安女士
 ·
 医疗猎头
 文描高级经理 30-50k·13薪
 某深圳大型批发/零售公司 不需要融资
 深圳
 5-10年
 统招本科
 刘微
 ·
 合伙人
 数据科学家 25-40k·15薪
 上海随训通电子科技有限公司 战略融资
 上海-杨浦区
 3-5年
 本科
 郑先生
 ·
 数据科学家
 飞书系统开发工程师 12-18k·14薪
 光筑农业集团有限公司 
 深圳-宝安区
 1-3年
 本科
 崔女士
 ·
 人资行政部长
 投资拓展（产业园） 25-35k
 某北京大型运营商/增值服务公司 融资未公开
 广州
 5-10年
 统招本科
 肖女士
 ·
 猎头顾问
 淘宝运营文员 4-7k
 广州梓蒿时装贸易有限公司 不需要融资
 东莞-厚街镇
 1年以上
 本科
 高先生
 ·
 运营",/,CSS / 项目管理 / React / PMP / HTML / Linux / jQuery / UG / AI,服装/纺织/皮革,https://www.liepin.com/job/1966103429.shtml
569,猎聘,能源/化工/环保,矿物加工,行政,企业,山西周照晨科技有限公司,/,太原-万柏林区,太原-万柏林区,太原-万柏林区,7-9k,本科,经验不限,20240409135833,18薪 / 13薪 / 14薪 / 15薪,"销售行政/内勤职位已暂停招聘_猎聘
 该职位已暂停招聘
 投递了该职位的人还查看了
 火箭总体设计负责人 40-70k·15薪
 某知名公司 
 上海
 8年以上
 硕士
 胡先生
 ·
 Manager
 研发工程讲师-AI创新业务 40-60k
 某北京大型电子商务公司 D轮及以上
 北京-朝阳区
 3-5年
 本科
 冯女士
 ·
 人力资源经理
 AGI 服务端Leader（AI Agent / AI App） 50-80k
 某上海互联网上市公司 已上市
 北京
 5-10年
 硕士
 李先生
 ·
 C2
 AI产品经理 35-65k·13薪
 某宁波大型整车制造公司 融资未公开
 杭州
 3-5年
 统招本科
 申女士
 ·
 猎头顾问/助理
 TIKTOK达人营销 16-20k
 艾崖莳信息技术(上海)有限公司 
 杭州-西湖区
 1-3年
 本科
 谢女士
 ·
 Manager, People
 后端开发 15-25k
 南油服务 
 天津-滨海新区
 2年以上
 大专
 李先生
 海外红人营销 29-45k·18薪
 某知名公司 D轮及以上
 深圳
 3-5年
 统招本科
 徐女士
 ·
 资深猎头顾问/猎头合伙人
 多模态大模型Infra算法工程师 26-50k·15薪
 上海无垠跃迁科技有限公司 
 北京-海淀区
 3年以上
 本科
 周先生
 ·
 首席执行官CEO/总裁/总经理
 后端开发工程师 - C# 20-25k·13薪
 珀金埃尔默 融资未公开
 上海-浦东新区
 5-10年
 统招本科
 于女士
 ·
 HR
 嵌入式开发工程师（Linux方向） 20-30k
 杭州智控网络有限公司 融资未公开
 杭州-钱塘区
 3-5年
 本科
 汪女士
 ·
 人事主管
 Java后端开发/学信网可查统本 15-20k
 杭州三陆五智能网络科技有限公司 
 杭州-萧山区
 3-5年
 统招本科
 方女士
 ·
 高级猎头顾问
 Golang后端开发工程师 30-50k
 世纪二千网络科技有限公司 融资未公开
 北京-朝阳区
 5-10年
 统招本科
 黄女士
 ·
 人事经理
 后端开发工程师 12-20k·14薪
 震裕科技 已上市
 苏州
 3-5年
 大专
 张先生
 ·
 招聘经理
 蓝牙嵌入式开发工程师 28-35k·14薪
 杭州智控网络有限公司 融资未公开
 杭州-钱塘区
 5年以上
 本科
 罗先生
 ·
 副总，CHO
 it项目经理 10-15k·13薪
 云档信息 融资未公开
 北京
 3-5年
 本科
 陈先生
 ·
 行业总监
 亚马逊广告投放（资深经理） 25-50k·15薪
 某深圳大型智能硬件公司 C轮
 深圳-南山区
 5-10年
 本科
 李女士
 ·
 猎头顾问
 证券客户经理 2-6k
 太平洋证券股份 已上市
 红河-开远
 经验不限
 大专
 景先生
 AI产品经理 30-60k·15薪
 某北京通信设备上市公司 已上市
 合肥
 5-10年
 统招本科
 崔女士
 ·
 猎头顾问
 亚马逊运营总监/经理 35-65k
 某国内大型印刷包装公司 C轮
 上海
 5-10年
 本科
 陈女士
 ·
 猎头顾问
 高级TIK TOK运营专员 11-18k
 广州优岸美致时装有限公司 融资未公开
 广州-白云区
 3年以上
 本科
 胡先生
 ·
 HR
 海外AI产品经理 29-50k·15薪
 某北京大型计算机软件公司 融资未公开
 北京
 经验不限
 统招本科
 王先生
 ·
 高级合伙人
 人工智能产品经理（Mar-Tech方向） 薪资面议
 Michael Page 
 上海-长宁区
 1-3年
 本科
 余女士
 ·
 Manager
 商业数据分析专家 18-25k
 华鼎锦纶 已上市
 金华-义乌
 3-5年
 大专
 楼女士
 ·
 人事经理
 AI服务器架构师 40-50k
 亿阳信通 战略融资
 北京-石景山区
 5年以上
 本科
 李女士
 ·
 总经理
 AI infra优化工程师 40-70k·13薪
 昆仑天工科技有限公司 不需要融资
 北京-东城区
 1-3年
 本科
 尹女士
 ·
 招聘
 Java后端开发工程师 12-25k
 北京麦客先锋科技开发有限公司 融资未公开
 北京-朝阳区
 1-3年
 大专
 王先生
 ·
 总经理
 亚马逊站外推广（服装品类） 15-25k·13薪
 某大型批发/零售公司 
 深圳
 5-10年
 本科
 陈女士
 ·
 资深专业顾问
 无人机结构工程师/专家 50-80k·15薪
 某深圳智能硬件/消费电子公司 A轮
 深圳-龙华区
 3年以上
 统招本科
 潘女士
 ·
 猎头顾问
 税务经理 20-25k
 某国内电子商务公司 
 广州
 5-10年
 大专
 朱女士
 ·
 猎头顾问/助理
 亚马逊客服 6-8k
 深圳奈斯迪尔科技有限公司 融资未公开
 深圳-南山区
 1年以下
 大专
 曾女士
 ·
 人事专员",/,CSS / Java / C# / React / PMP / 算法 / 数据分析 / Go / HTML / Linux / jQuery / UG / AI,IT服务,https://www.liepin.com/job/1966103425.shtml
570,猎聘,能源/化工/环保,矿物加工,销售行政/内勤,企业,郑州迪码教育科技有限公司,50-99人,郑州-中原区,郑州-中原区,郑州-中原区,11-16k,大专,经验不限,20240403140930,13薪 / 14薪,"销售行政/内勤职位已暂停招聘_猎聘
 该职位已暂停招聘
 投递了该职位的人还查看了
 销售专员 6-11k
 北京爱心同行科技有限公司 融资未公开
 北京-东城区
 经验不限
 大专
 李先生
 ·
 人事助理
 计算机视觉高级算法工程师 20-21k
 上海一思维教育技术有限公司 
 上海-浦东新区
 经验不限
 博士
 周女士
 网络推广 5-10k
 福州福铁网络科技有限公司 融资未公开
 福州
 1-3年
 大专
 黄女士
 ·
 HR
 固体制剂工程师 20-30k
 迦南科技 已上市
 温州
 5-10年
 本科
 蒋先生
 ·
 HR
 咨询项目经理（战略方向） 25-40k
 中大咨询集团 融资未公开
 长沙
 5-10年
 硕士
 李女士
 ·
 集团高级经理
 商标代理人 14-18k·13薪
 北京市铸成律师事务所 融资未公开
 北京-西城区
 3-5年
 统招本科
 李女士
 ·
 人力资源经理
 重庆民权路营业部财富经理岗 6-12k
 光大证券 已上市
 重庆-渝中区
 经验不限
 本科
 杨女士
 ·
 HR
 质量工程师 6-10k
 星辰科技 已上市
 桂林
 2年以上
 本科
 阳先生
 ·
 人事专员
 高级咨询顾问（人力资源方向） 25-35k
 中大咨询集团 融资未公开
 长沙
 5-10年
 硕士
 李女士
 ·
 集团高级经理
 销售工程师 7-8k
 北京清能互联科技有限公司 C轮
 北京-东城区
 1-3年
 学历不限
 赖女士
 ·
 猎头助理顾问
 销售代表 5-12k
 爱换科技服务 其他
 北京-东城区
 1-3年
 学历不限
 王先生
 ·
 营销总监
 财富经理岗 6-12k
 光大证券 已上市
 重庆-永川区
 经验不限
 本科
 杨女士
 ·
 HR
 嵌入式硬件开发工程师-北京 20-30k·14薪
 SMC自动化有限公司 不需要融资
 北京-大兴区
 5-10年
 硕士
 吕女士
 ·
 人事经理
 滴滴企业版-大客户销售主管 10-18k
 湖南云出行网络科技有限公司 融资未公开
 长沙-岳麓区
 3-5年
 大专
 刘女士
 ·
 人事专员
 机械设计师 8-20k
 迦南科技 已上市
 温州
 3-5年
 本科
 蒋先生
 ·
 HR
 研发设计工程师 薪资面议
 科都电气 融资未公开
 温州-乐清
 3-5年
 大专
 何先生
 ·
 HR
 心外科医生 10-20k
 形状记忆 战略融资
 合肥
 3-5年
 本科
 姜女士
 ·
 HR
 行业研究员 薪资面议
 银叶投资 融资未公开
 上海
 3年以上
 硕士
 毛女士
 ·
 人事主管
 咨询总监（团队leader） 45-60k
 中大咨询集团 融资未公开
 北京-西城区
 10年以上
 硕士
 李女士
 ·
 集团高级经理
 课程顾问 4-8k
 弈海润世围棋学堂 融资未公开
 北京-东城区
 1-3年
 大专
 赵女士
 ·
 HR
 销售经理 6-11k
 北京搜了科技有限公司 
 北京-东城区
 经验不限
 学历不限
 范女士
 ·
 总助
 App平台运营 4-9k
 北京致远泓管理咨询有限公司 
 北京-东城区
 经验不限
 学历不限
 李先生
 ·
 经理
 市场经理 6-11k
 北京搜了科技有限公司 
 北京-东城区
 经验不限
 大专
 范女士
 ·
 总助
 电气工程师 8-10k
 迦南科技 已上市
 温州-永嘉县
 3-5年
 大专
 蒋先生
 ·
 HR
 销售经理 8-13k
 特比昂科技 融资未公开
 北京-朝阳区
 3-5年
 本科
 易女士
 ·
 其他
 女装运营专家 25-50k·14薪
 拼多多(上海)网络科技有限公司 融资未公开
 上海
 5-10年
 本科
 吴女士
 ·
 女装
 湿法冶金工程师（萃取） 10-20k
 中国恩菲工程技术有限公司 战略融资
 北京-海淀区
 5-10年
 本科
 许先生
 ·
 人力资源
 滴滴出行企业版--大客户销售 10-12k
 湖南云出行网络科技有限公司 融资未公开
 长沙-岳麓区
 1-3年
 大专
 刘女士
 ·
 人事专员
 项目经理 8-20k
 迦南科技 已上市
 温州
 3-5年
 大专
 蒋先生
 ·
 HR
 Python 15-16k
 某北京计算机软件公司 融资未公开
 北京
 3-5年
 统招本科
 于先生
 ·
 招聘专员",/,CSS / React / Python / PMP / 算法 / HTML / jQuery / UG / AI,培训服务,https://www.liepin.com/job/1965991641.shtml
571,猎聘,能源/化工/环保,矿物加工,行政前台接待,企业,厦门台聚贸易有限公司,/,福建省,厦门,厦门,6-7k,学历不限,经验不限,20240413104759,13薪 / 14薪 / 15薪,"：
 主要负责客户的来访及登记、电话转接等事务，迎候来宾、判断来宾意向并与接待、办理相关手续、接听来电、回访常见问题
 查看全部","2. 如您应聘的岗位属于涉外劳务合作/海外岗位的，请务必核实招聘方对外劳务合作资质取得情况，同时注意自身资金安全，防范招聘欺诈。
 3. 本平台招聘方不向求职者提供任何收费服务。
 查看全部
 相关推荐
 展开
 厦门办公室前台接待招聘
 厦门前台接车助理招聘
 厦门前台小姐招聘
 厦门文秘前台招聘
 厦门前台财务招聘
 厦门前台高薪招聘
 厦门前台兼商务招聘
 厦门前台接待兼行政助理招聘
 厦门SPA前台顾问招聘
 厦门政务洽谈接待专员招聘
 厦门园区前厅接待招聘
 厦门招行政前台招聘
 厦门口腔前台接待招聘
 厦门运动工作室前台招聘
 厦门4S店前台接待招聘
 厦门国企写字楼前台招聘
 厦门形体导师助理招聘
 厦门办公室内勤文员招聘
 厦门酒店行政接待招聘
 厦门体检中心前台招聘
 厦门服务前台接待招聘
 厦门办公室行政前台招聘
 厦门展示中心前台招聘
 厦门央企总部行政前台招聘
 厦门形象好气质佳前台招聘
 厦门银行招聘前台领班招聘
 厦门合伙人助理兼前台行政招聘
 厦门华润商业行政前台岗招聘
 厦门前台兼人事行政专员招聘
 厦门公务接待招聘
 相关公司
 厦门冠美达贸易有限公司
 厦门漳龙
 厦门鑫森众商贸有限公司
 厦门耐晟新能源科技有限公司
 电计贸易
 厦门富日鑫石材有限公司
 Tim Hortons
 科路控制(香港)
 建发金属
 厦门彭运通供应链有限公司
 正大远行(厦门)进出口有限公司
 厦门夏商民昇贸易有限公司
 厦门晟创进出口有限公司
 全翔国际货运(中国)有限公司厦门分公司
 慧特电器(厦门)有限公司
 厦门亚迅工贸有限公司
 厦门中冈科技有限公司
 厦门圣兴进出口贸易有限公司
 厦门亮岩进出口有限公司
 上海臻所贸易有限公司
 建潘集团
 厦门圣源金属制造有限公司
 福建海山兄弟国际贸易有限公司
 上海赞华供应链管理有限公司
 厦门领夏智能科技有限公司
 佳翌运动器材
 昆明浙幻栾商贸有限公司
 尚铭金属
 热门城市
 北京招聘网
 上海招聘网
 广州招聘网
 厦门招聘网
 杭州招聘网
 郑州招聘网
 南京招聘网
 天津招聘网
 重庆招聘网
 成都招聘网
 苏州招聘网
 商丘招聘网
 大连招聘网
 济南招聘网
 宁波招聘网
 无锡招聘网
 青岛招聘网
 沈阳招聘网
 台州招聘网
 西安招聘网
 武汉招聘网
 热门招聘
 北京招聘信息
 上海招聘信息
 广州招聘信息
 厦门招聘信息
 杭州招聘信息
 郑州招聘信息
 南京招聘信息
 天津招聘信息
 重庆招聘信息
 成都招聘信息
 苏州招聘信息
 商丘招聘信息
 大连招聘信息
 济南招聘信息
 宁波招聘信息
 无锡招聘信息
 青岛招聘信息
 沈阳招聘信息
 台州招聘信息
 西安招聘信息
 武汉招聘信息
 厦门招聘网
 >
 厦门行政前台/接待招聘
 >
 行政前台接待招聘",JavaScript / CSS / Java / React / PMP / 算法 / Go / HTML / jQuery / UG / AI,贸易/进出口,https://www.liepin.com/job/1966225151.shtml
572,猎聘,能源/化工/环保,矿物加工,上海喜得公司,企业,广州市芝威贸易商行,/,上海市,上海,上海,20-30k,本科,经验不限,20240327110118,16薪 / 13薪 / 15薪,"Java职位已暂停招聘_猎聘
 该职位已暂停招聘
 投递了该职位的人还查看了
 项目经理（驻场） 30-35k
 某it服务企业 融资未公开
 上海
 5-10年
 本科
 毛先生
 ·
 顾问(C)
 多模态大模型Infra算法工程师 26-50k·15薪
 上海无垠跃迁科技有限公司 
 北京-海淀区
 3年以上
 本科
 周先生
 ·
 首席执行官CEO/总裁/总经理
 淘宝运营 7-12k
 北京中程志远科技有限公司 
 北京
 经验不限
 学历不限
 滕先生
 ·
 总经理
 影像类产品经理 6-8k
 普思百得(北京)科技发展有限公司 
 北京-丰台区
 3-5年
 本科
 苏女士
 ·
 产品经理
 Ruby 12-20k·13薪
 广州永鑫通电子科技有限公司 
 上海
 经验不限
 本科
 易女士
 ·
 人事
 机械设备装配员 4-6k
 苏州易族自动化科技有限公司 
 苏州-相城区
 经验不限
 学历不限
 张女士
 ·
 副总经理助理
 数据分析师 15-19k
 某知名公司 
 上海
 1-3年
 本科
 刘先生
 ·
 猎头
 产品经理（绩效系统） 20-30k
 能良电商 融资未公开
 上海-宝山区
 5-10年
 本科
 李先生
 ·
 招聘负责人
 中级数据建模工程师 25-30k
 栈略数据 C轮
 上海-徐汇区
 3-5年
 硕士
 马女士
 ·
 HR
 产品经理 15-35k
 无锡中科维智数据科技有限公司 
 北京-海淀区
 经验不限
 本科
 王女士
 ·
 人事主管
 AI产品销售经理 8-12k·13薪
 优利绚彩 融资未公开
 北京-海淀区
 3-5年
 本科
 沙女士
 ·
 人力资源部经理
 量化开发工程师 15-25k·13薪
 杭州雸昇资产管理有限公司 战略融资
 上海-浦东新区
 1-3年
 硕士
 杨女士
 ·
 总助
 高级产品经理 30-40k·13薪
 北京九十七分文化传媒有限公司 
 北京
 经验不限
 本科
 张先生
 ·
 招聘专员
 AI全栈工程师 18-35k·13薪
 上海讯联数据服务有限公司 C轮
 上海-浦东新区
 3-5年
 本科
 吕女士
 ·
 HRBP
 IT Application Engineer(营销系统) 薪资面议
 阿法拉伐 融资未公开
 上海-黄浦区
 5-10年
 统招本科
 邬女士
 CRM售前技术支持 8-15k
 夏致云计算(上海)有限公司 
 上海-浦东新区
 3年以上
 本科
 余女士
 ·
 人事
 机器人系统工程师 20-30k
 常州微亿智造科技有限公司 B轮
 上海-闵行区
 1-3年
 本科
 刘先生
 总账会计 7-10k
 安徽信义电源有限公司 融资未公开
 印度尼西亚
 1-3年
 本科
 张女士
 阿里云智能-技术服务工程师-大模型TAM-北京/杭州/上海/深圳/广州 20-50k·16薪
 阿里云 已上市
 北京
 经验不限
 本科
 王女士
 ·
 招聘调配（中台）
 数据开发 25-50k·17薪
 蚂蚁胜信(上海)信息技术有限公司 
 上海
 3-5年
 本科
 王先生
 ·
 数据研发
 it技术工程师 18-22k
 某知名公司 
 上海
 1-3年
 本科
 刘先生
 ·
 猎头
 AI算法工程师（大模型全栈） 18-25k
 杭州科芯未来工程技术研究有限责任公司 
 杭州-滨江区
 经验不限
 本科
 奚先生
 ·
 技术合伙人
 AI infra优化工程师 40-70k·13薪
 昆仑天工科技有限公司 不需要融资
 北京-东城区
 1-3年
 本科
 尹女士
 ·
 招聘
 软件项目经理 20-35k·15薪
 某知名电气机械/器材公司 D轮及以上
 上海
 5-10年
 统招本科
 张女士
 ·
 招聘专员
 量化工程师 20-50k
 上海峰繁科技有限公司 
 上海-徐汇区
 1-3年
 统招本科
 曾女士
 ·
 招聘
 产品总监（人事） 30-40k
 能良电商 融资未公开
 上海-宝山区
 5-10年
 本科
 雷女士
 ·
 Hrbp
 量化开发工程师 20-45k
 常州市泰银私募基金管理合伙企业(有限合伙) 
 上海-浦东新区
 1-3年
 本科
 刘女士
 ·
 人事经理
 产品经理 5-8k
 北京韦恩医院管理有限公司 
 北京
 经验不限
 本科
 李先生
 ·
 创始人
 跨国医药数字化PM/BA 15-21k
 凯捷咨询(中国)有限公司 不需要融资
 上海-黄浦区
 3年以上
 本科
 王女士
 ·
 Recruiter
 大数据云服务开发工程师 20-30k
 华为云 不需要融资
 上海-青浦区
 经验不限
 本科
 仲先生
 ·
 招聘专员/助理",/,CSS / Java / React / UG / PMP / 算法 / 数据分析 / HTML / jQuery / Ruby / AI,批发/零售,https://www.liepin.com/job/1965809739.shtml
573,猎聘,能源/化工/环保,矿物加工,行政秘书,企业,成都林蜀麒商贸有限公司,1-49人,杭州-拱墅区,杭州-拱墅区,杭州-拱墅区,7-10k,大专,1-3年,20240407115406,18薪 / 13薪 / 14薪 / 15薪,"：
1.总经理日常行程的协调、安排；
2.协助起草总经理日常公文、报告等相关文书资料；
3.协助总经理协调与各部门的关系，促进相关工作的推进等；
4.负责总经理会务的组织安排，并对会议决议事项进行催办、查办和落实；
5.接待来访的客户；
6.负责处理总经理临时交办的其他工作。","1.大专及以上学历，行政管理、秘书等专业优先；
2.一年以上行政助理或文秘等相关工作经验；
3.熟练使用OFFICE办公软件，良好的中/英文书面及口头表达能力；
4.工作细心、有责任心、学习能力和执行能力强、良好的沟通协调能力。
 查看全部",JavaScript / 沟通协调 / CSS / Java / 日语 / 项目管理 / React / Python / PMP / Go / HTML / jQuery / UG / AI,贸易/进出口,https://www.liepin.com/job/1966028437.shtml
574,猎聘,能源/化工/环保,矿物加工,叉车司机,猎头,安庆上达贸易有限公司,/,安庆-迎江区,安庆-迎江区,安庆-迎江区,7-8k,学历不限,1-3年,20240417130635,技能培训 / 13薪 / 14薪 / 15薪,"叉车/吊车司机职位已暂停招聘_猎聘
 该职位已暂停招聘
 投递了该职位的人还查看了
 财富经理岗 6-12k
 光大证券 已上市
 重庆-永川区
 经验不限
 本科
 杨女士
 ·
 HR
 智算中心AIOS平台高级产品经理 25-40k
 某知名公司 
 深圳
 经验不限
 统招本科
 朱先生
 ·
 猎头顾问
 Prompt Engineer 15-20k·13薪
 北京句子科技有限公司 
 北京-海淀区
 3-5年
 本科
 李女士
 ·
 行政主管
 项目总监/资深项目经理 50-80k·15薪
 某深圳大型智能硬件/消费电子公司 
 深圳
 8年以上
 本科
 李女士
 ·
 资深猎头顾问
 售前支持工程师 10-15k
 北京道和智信科技发展有限公司 融资未公开
 北京
 5-10年
 本科
 骆女士
 ·
 人力负责人
 BD经理/总监 25-40k·14薪
 百秋尚美 A轮
 上海-长宁区
 5年以上
 统招本科
 宋女士
 ·
 招聘
 算法工程师（大模型方向） 12-23k
 上汽云计算中心 战略融资
 上海-杨浦区
 1-3年
 硕士
 韩女士
 ·
 人力资源伙伴(HRBP)
 AI智能数据标注师 2-3k
 宜春军创职业技能培训学校有限责任公司 
 宜春-袁州区
 经验不限
 学历不限
 易女士
 ·
 IT总监/经理/主管
 多模态大模型Infra算法工程师 26-50k·15薪
 上海无垠跃迁科技有限公司 
 北京-海淀区
 3年以上
 本科
 周先生
 ·
 首席执行官CEO/总裁/总经理
 跨境电商项目负责人 18-22k
 湖北一川禾科技有限公司 
 武汉-洪山区
 1-3年
 大专
 李先生
 ·
 hr
 跨境电商运营 4-7k
 武汉盈赢国际经贸有限公司 
 武汉-洪山区
 3-5年
 大专
 彭先生
 ·
 总经理
 售前支持工程师 10-15k
 北交联合云计算有限公司 战略融资
 北京
 3-5年
 大专
 崔女士
 ·
 人力专员
 售前支持工程师 8-12k
 北京申科景元科技有限公司 融资未公开
 北京
 5-10年
 本科
 刘先生
 ·
 经理
 产品经理（数据驱动） 25-35k·14薪
 模安科技 不需要融资
 上海-徐汇区
 5-10年
 统招本科
 金女士
 ·
 HRBP
 售前支持工程师 4-6k
 北京铭智佳华通信技术有限公司 融资未公开
 北京
 经验不限
 本科
 吴女士
 ·
 文员
 重庆民权路营业部财富经理岗 6-12k
 光大证券 已上市
 重庆-渝中区
 经验不限
 本科
 杨女士
 ·
 HR
 AI infra优化工程师 40-70k·13薪
 昆仑天工科技有限公司 不需要融资
 北京-东城区
 1-3年
 本科
 尹女士
 ·
 招聘
 Prompt工程师 15-30k
 上海蓝维他科技有限公司 
 上海-黄浦区
 3-5年
 硕士
 蔡女士
 ·
 HRD
 天猫运营专员 10-15k
 怡途数字科技集团有限公司 融资未公开
 杭州-余杭区
 3-5年
 统招本科
 潘女士
 高级产品经理 18-35k
 某深圳大型智能硬件公司 已上市
 深圳-南山区
 4-10年
 本科
 代女士
 ·
 招聘专员
 跨境电商运营 10-15k
 东莞市粤顺机电设备有限公司 
 广州
 3-5年
 本科
 肖先生
 ·
 HR
 项目总监PD 20-40k
 某国内大型广告/公关/会展公司 不需要融资
 深圳
 5-10年
 本科
 魏先生
 ·
 HRBP
 产品经理 15-20k
 引力传媒股份有限公司 已上市
 深圳-南山区
 3-5年
 本科
 陈女士
 ·
 HRD
 亚马逊产品开发 9-14k
 深圳市优望科技有限公司 
 深圳
 1-3年
 大专
 谢女士
 ·
 人事经理
 合伙人 8-12k
 泽意朗服饰湖北有限公司 
 武汉
 经验不限
 本科
 黄先生
 ·
 亚马逊合伙人
 跨境电商运营岗（独立站） 9-15k·15薪
 艾维恩网络科技 其他
 深圳-南山区
 1-3年
 大专
 张先生
 ·
 总经理
 速卖通运营 10-20k
 深圳市鸿浩电子商务有限公司 
 深圳-宝安区
 1-3年
 学历不限
 蔡女士
 ·
 老板的助理
 亚马逊运营 8-11k
 湖北一川禾科技有限公司 
 武汉
 1-3年
 大专
 刘女士
 ·
 前台
 亚马逊电商运营 10-15k
 金华市沐月服装有限公司 
 杭州-滨江区
 1-3年
 本科
 韦先生
 ·
 人事部
 资深产品经理 25-35k·13薪
 领润创业孵化器(苏州)有限公司 
 上海-长宁区
 8年以上
 硕士
 卫女士
 ·
 招聘高级经理",/,CSS / React / PMP / 算法 / HTML / jQuery / UG / AI,批发/零售,https://www.liepin.com/job/1966319449.shtml
575,猎聘,能源/化工/环保,矿物加工,食品化验员,猎头,嘉兴新模文化传媒有限公司,1-49人,宁波-镇海区,宁波-镇海区,宁波-镇海区,5-6k,大专,1-3年,20240315164457,13薪 / 14薪 / 15薪,"：
1、熟悉化验室工作基本流程，包括理化、微生物等检测流程；
2、参与检测方法与质量控制技术的研究，编写相关检验方法的作业指导书及方法验证；
3、按时按质完成原料、成品及其他样品检验任务，并对结果准确性负责；
4、管理各项化验数据，要求整齐、清晰、准确与规范地填写相关记录文件；
5、参与质量管理体系审核及认证；
6、完成领导交办的其他任务。","1、食品相关专业毕业，大专及以上学历，年龄26-50岁，
2、1-3年以上食品化验员工作经验，了解质量管理程序及质量管理体系；
3、有化验检验工作经验，持食品检验工证书优先考虑；
4、有良好的沟通协调能力及良好的团队协助精神。""
 查看全部",JavaScript / 沟通协调 / CSS / Java / 日语 / React / PMP / 算法 / Go / HTML / jQuery / UG / AI,培训服务,https://www.liepin.com/job/1965483757.shtml
576,猎聘,能源/化工/环保,矿物加工,招商专员,企业,深圳市和鑫晟食品科技有限公司,/,深圳-南山区,深圳-南山区,深圳-南山区,20-30k,本科,经验不限,20240405093135,双休 / 13薪 / 14薪 / 15薪,"助理总经理/总助(高管级)职位已暂停招聘_猎聘
 该职位已暂停招聘
 投递了该职位的人还查看了
 硬件工程师 20-35k
 某上海大型电子/半导体/集成电路公司 战略融资
 上海-奉贤区
 3-5年
 大专
 黄女士
 ·
 猎头顾问
 大功率电源工程师 15-30k
 上海华翌电气有限公司 融资未公开
 上海-宝山区
 3-5年
 本科
 潘先生
 ·
 公司高级顾问
 数据分析双休 12-15k
 曼德电子电器有限公司 融资未公开
 深圳-龙华区
 经验不限
 学历不限
 蒋先生
 ·
 主管
 数据分析 30-40k·15薪
 某深圳知名公司 C轮
 深圳
 5-10年
 统招本科
 郭先生
 ·
 SC
 绿油/阻焊工程师 12-18k·13薪
 申才科技 
 上海-松江区
 3年以上
 本科
 张女士
 ·
 HR
 变压器销售工程师 5-6k
 浙江中能变压器有限公司 
 杭州-建德
 1年以上
 大专
 左女士
 ·
 人事专员
 天猫官旗推广专业经理 25-30k
 某南京大型电子商务公司 不需要融资
 南京
 3-5年
 本科
 王女士
 ·
 猎头顾问
 电源系统工程师 15-21k
 上海华驿汽车技术有限公司 融资未公开
 上海-嘉定区
 3-5年
 本科
 袁女士
 ·
 招聘专员
 市场总监（IMC） 70-100k·15薪
 某深圳电气机械/器材公司 
 深圳-南山区
 10年以上
 本科
 张女士
 ·
 Associate Director
 财富经理岗 6-12k
 光大证券 已上市
 重庆-永川区
 经验不限
 本科
 杨女士
 ·
 HR
 硬件开发 15-20k·14薪
 某上海知名公司 融资未公开
 上海-杨浦区
 2年以上
 大专
 邱女士
 ·
 项目经理
 项目管理 14-22k·15薪
 某深圳电气机械/器材公司 融资未公开
 深圳-龙华区
 5-10年
 大专
 金女士
 ·
 资深猎头顾问
 咨询总监（团队leader） 45-60k
 中大咨询集团 融资未公开
 深圳
 10年以上
 硕士
 李女士
 ·
 集团高级经理
 电商运营主管 15-20k·14薪
 某北京知名公司 A轮
 深圳
 3年以上
 大专
 焦女士
 ·
 审计主管
 管培生（暖通专业） 7-10k
 倬亿国际有限公司 融资未公开
 广州
 经验不限
 本科
 陆女士
 ·
 招聘主管
 机修工 7-8k
 东铁集团玉环大铁交通装备有限公司 
 台州-玉环
 2年以上
 中专/中技
 郭女士
 ·
 人事助理
 飞书系统开发工程师 12-18k·14薪
 光筑农业集团有限公司 
 深圳-宝安区
 1-3年
 本科
 崔女士
 ·
 人资行政部长
 电源系统工程师 15-30k
 新大洲本田摩托(苏州)有限公司 融资未公开
 上海-青浦区
 5年以上
 大专
 韩女士
 ·
 招聘经理
 客户成功经理(J13585) 18-30k
 慧策|旺店通(掌上先机) D轮及以上
 北京-海淀区
 经验不限
 本科
 李先生
 ·
 研发经理
 数据分析专员 12-18k
 广信通信 融资未公开
 深圳-福田区
 3-5年
 本科
 旷女士
 ·
 HRBP
 大数据架构师 45-50k
 深圳合规时代科技有限公司 
 深圳-福田区
 5-10年
 本科
 黄先生
 ·
 coo
 咨询项目经理（战略方向） 25-40k
 中大咨询集团 融资未公开
 长沙
 5-10年
 硕士
 李女士
 ·
 集团高级经理
 营销总监 30-50k
 某深圳大型批发/零售公司 融资未公开
 深圳
 经验不限
 统招本科
 罗先生
 ·
 猎头顾问
 硬件市场营销总监 40-60k
 某北京大型IT服务公司 D轮及以上
 深圳
 8年以上
 统招本科
 陆先生
 ·
 合伙人
 产品运营经理（流量运营） 30-40k·15薪
 某深圳互联网上市公司 已上市
 深圳
 3-5年
 本科
 安女士
 ·
 医疗猎头
 数据分析双休 12-15k
 曼德电子电器有限公司 融资未公开
 深圳-宝安区
 经验不限
 学历不限
 蒋先生
 ·
 主管
 心外科医生 10-20k
 形状记忆 战略融资
 合肥
 3-5年
 本科
 姜女士
 ·
 HR
 LEV 硬件工程师 20-35k
 某上海大型电子/半导体/集成电路公司 战略融资
 上海-奉贤区
 3-5年
 大专
 王女士
 ·
 猎头顾问
 硬件工程师（驱动器） 15-30k·14薪
 爱仕达 已上市
 上海-青浦区
 3年以上
 本科
 崔先生
 ·
 招聘
 PCB Layout 13-20k
 某上海电子/半导体/集成电路公司 融资未公开
 上海-青浦区
 3-5年
 大专
 毕先生
 ·
 招聘专员",/,CSS / 项目管理 / React / PMP / 数据分析 / HTML / jQuery / UG / AI,批发/零售,https://www.liepin.com/job/1966009625.shtml
577,猎聘,能源/化工/环保,矿物加工,硅材研发工程师,企业,某国内大型环保公司,1000-2000人,宁夏回族自治区,银川,银川,20-25k,统招本科,3-5年,20260427154156,16薪 / 13薪 / 14薪 / 15薪,"：
1.负责石英砂 / 石英粉 / 玻璃粉等硅质粉体的提纯工艺研发、优化与工业化落地，提升产品纯度、白度、粒度及杂质控制水平。
2.开展提纯工艺研究，包括水洗、酸洗、碱洗、磁选、破碎研磨、重介质分选、高温焙烧、真空提纯、氯化处理等工艺路线开发与参数优化。
3.负责粉体破碎、磨矿、分级、表面改性、干燥、除铁、除杂等后处理工艺开发，改善粒度分布、比表面积、分散性、吸油值、活性等应用性能。
4.设计实验方案，独立完成小试、中试验证，分析提纯效率、成本、能耗与稳定性，输出工艺文件、SOP、技术标准与检测规范。
5.跟踪国内外高纯石英、纳米二氧化硅、功能化硅微粉前沿技术，参与新工艺、新设备、新药剂选型与验证。
6.负责实验数据记录、项目报告、专利交底书撰写及实验室安全、试剂与设备管理。","学历专业：本科及以上，材料科学与工程、无机非金属材料、矿物加工工程、化学工程、冶金工程、应用化学等相关专业。
1.工作经验：2 年以上石英 / 二氧化硅粉体提纯、硅质原料加工、非金属矿选矿相关研发或工艺经验；有高纯石英、电子级硅微粉经验优先。
2.专业技能：熟悉石英砂 / 二氧化硅提纯原理与主流工艺，掌握酸浸、浮选、磁选、高温提纯等方法。
3.了解粉体加工、表面改性、干燥煅烧、环保处理等工程化知识。
4.能力素质：具备实验设计、数据分析、问题排查与中试放大能力；执行力强，严谨细致，能适应现场工艺调试。
5.其他：能撰写技术报告、工艺规范；有光伏 / 半导体 / 电子填料行业背景者优先
 查看全部",JavaScript / CSS / Java / React / PMP / 数据分析 / Go / HTML / 工艺规范；有光伏 / 能撰写技术报告 / jQuery / UG / AI,环保,https://www.liepin.com/a/75101859.shtml
578,猎聘,能源/化工/环保,矿物加工,人事行政经理,企业,嘉兴新模文化传媒有限公司,1-49人,宁波-鄞州区,宁波-鄞州区,宁波-鄞州区,5-6k,大专,1-3年,20240314155548,16薪 / 13薪 / 14薪 / 15薪,"人力资源经理/主管职位已暂停招聘_猎聘
 该职位已暂停招聘
 投递了该职位的人还查看了
 HRBP（人力资源业务合作伙伴） 10-15k
 深圳市汕诗百货有限公司 
 深圳-南山区
 3-5年
 本科
 郑先生
 ·
 经理
 仓运配系统规划总监 85-120k·15薪
 浙江聚欣科技有限公司 融资未公开
 上海
 经验不限
 本科
 赵先生
 ·
 hr
 销售经理 20-40k·13薪
 某国内电子/半导体/集成电路公司 B轮
 无锡
 经验不限
 本科
 王先生
 ·
 猎头顾问助理
 制药行业区总/软件销售 25-40k
 某西安智能硬件/消费电子公司 不需要融资
 上海
 4-6年
 统招本科
 柳女士
 ·
 猎头顾问/助理
 商业数据分析专家 18-25k
 华鼎锦纶 已上市
 金华-义乌
 3-5年
 大专
 楼女士
 ·
 人事经理
 智能制造AI产品经理/项目经理 20-35k·14薪
 某国内大型新能源公司 战略融资
 荆门
 3-5年
 本科
 张女士
 ·
 猎头
 五金机电业务总监 30-50k
 某知名公司 
 上海-黄浦区
 5-10年
 本科
 叶先生
 ·
 猎头顾问
 销售经理（大专，客群电子化学品，半导体的，客群电子化学品，半导体的 / 薄膜、桶类的） 20-35k
 某知名公司 D轮及以上
 上海-奉贤区
 3-5年
 大专
 陈女士
 ·
 猎头顾问
 销售经理 20-40k·13薪
 某国内电子/半导体/集成电路公司 B轮
 无锡
 经验不限
 本科
 王先生
 ·
 猎头顾问助理
 数据分析师 20-30k
 某广州广告/公关/会展公司 
 深圳
 5-10年
 统招本科
 段先生
 ·
 猎头顾问/助理
 大客户销售（高新制造） 30-60k
 某杭州计算机软件上市公司 已上市
 上海
 5年以上
 本科
 畅先生
 ·
 猎头
 销售总监（EDA） 50-80k
 某上海电子/半导体/集成电路公司 战略融资
 上海
 10年以上
 统招本科
 蹇先生
 ·
 总监
 半导体封装材料及设备销售工程师 13-18k
 某上海贸易进出口公司 融资未公开
 上海
 1-3年
 本科
 张女士
 ·
 猎头顾问
 物流主管（费用及数据分析方向） 15-22k·17薪
 TCL实业控股股份有限公司 
 深圳-南山区
 3-5年
 统招本科
 于先生
 ·
 高级招聘经理
 产品经理（商务谈判及数据分析方向） 30-50k
 某深圳大型银行公司 融资未公开
 深圳-福田区
 3-5年
 本科
 曾女士
 ·
 猎头
 HRBP人力资源业务合作伙伴 10-15k
 深圳市禾安承科技有限公司 
 深圳-盐田区
 3-5年
 本科
 彭先生
 ·
 人事经理
 销售总监（半导体） 20-40k·16薪
 某北京计算机硬件上市公司 已上市
 北京
 5-10年
 大专
 颜女士
 ·
 资深顾问
 HRBP人力资源业务合作伙伴 10-15k
 深圳市武托邦实业贸易有限公司 
 深圳-龙岗区
 3-5年
 大专
 陈先生
 ·
 人事经理
 半导体 AOI 设备销售经理/总监 15-30k·20薪
 某杭州计算机软件公司 B轮
 杭州-余杭区
 5-10年
 大专
 刘女士
 ·
 猎头总经理*百万猎头
 EDA软件销售总监 50-80k
 某深圳电子/半导体/集成电路公司 B轮
 上海-浦东新区
 3-5年
 本科
 唐先生
 ·
 猎头顾问
 AI产品经理 25-50k·15薪
 某武汉大型电子/半导体/集成电路公司 A轮
 武汉
 5年以上
 本科
 刘女士
 ·
 猎头顾问
 EDA销售经理 35-65k
 某杭州电子/半导体/集成电路上市公司 已上市
 杭州-滨江区
 5-10年
 统招本科
 周女士
 ·
 项目顾问
 高级电商产品经理（五金方向） 25-35k
 广东图特精密五金科技股份有限公司 D轮及以上
 佛山-顺德区
 5年以上
 大专
 焦女士
 ·
 人力资源伙伴(HRBP)
 3D模组大客户销售管理 35-40k
 某苏州电子/半导体/集成电路公司 A轮
 苏州-工业园区
 3-5年
 统招本科
 李女士
 ·
 猎头顾问
 PM项目经理 22-26k·14薪
 陕西信泰航空技术股份有限公司 已上市
 咸阳-渭城区
 3年以上
 统招本科
 张女士
 ·
 行政助理、行政档案管理
 销售经理 - 半导体工厂耗材 20-35k
 某知名公司 
 上海
 4年以上
 学历不限
 姚先生
 ·
 BD
 HRBP人力资源业务合作伙伴 10-15k
 深圳市尊颢熙科技有限公司 
 深圳-宝安区
 3-5年
 本科
 谢女士
 ·
 秘书/文员
 AI架构师/AI项目经理 20-30k·13薪
 某武汉互联网公司 战略融资
 武汉
 2年以上
 统招本科
 宋女士
 ·
 猎头顾问
 大客户销售经理（homebase） 20-30k
 南京某软件公司 战略融资
 上海
 5-10年
 大专
 许女士
 ·
 资深项目总监
 HRBP人力资源业务合作伙伴 10-15k
 深圳市华康富贸易有限公司 
 深圳-罗湖区
 3-5年
 本科
 栾女士
 ·
 人事主管",/,CSS / React / PMP / 数据分析 / HTML / jQuery / UG / AI,培训服务,https://www.liepin.com/job/1965479445.shtml
579,猎聘,能源/化工/环保,矿物加工,配煤监察工程师(J11702),企业,宁夏宝丰集团有限公司,10000人以上,银川-灵武,银川-灵武,银川-灵武,11-19k,本科,3年以上,20260316142630,五险一金 / 周末双休 / 15薪 / 公司规模大 / 五险 / 双休 / 年度旅游 / 岗位晋升,"：
1.负责对配煤全过程各环节进行监督监察，岗位职权履行及作用发挥监督监察；
2.负责监督配煤方案的执行情况，确保原料煤的配比符合生产工艺要求，并分析配煤数据，提出优化建议；
3.监督检查原料煤的质量化验结果，监控配煤过程中的关键参数，跟踪后续工艺的反馈，定期汇总分析数据并提交监察报告；
4.协同生产、技术、环保等部门，确保配煤工艺符合安全、环保及能效要求。","1.学历：本科及以上（优秀者可放宽学历专业）；
2.专业：矿业工程、煤炭加工工程、化学工程、矿物加工、冶金工程等相关专业；
3.工作经验：3年以上煤化工、焦化或火电行业配煤、煤质管理相关经验；
4.专业知识技能：熟悉煤化工工艺（如气化、焦化）及配煤技术，掌握煤质分析指标及检测方法，熟悉常用配煤模型；了解煤炭市场行情及周围省份煤炭供应链情况；
5.综合素质：适应经常性出差。责任心强，公正廉洁，原则性强，以身作则，工作效率高，具有良好的沟通协调能力、问题分析判断能力以及文字整理功底。
 查看全部",沟通协调 / CSS / 项目管理 / React / PMP / Go / HTML / jQuery / UG / AI,专业技术服务,https://www.liepin.com/job/1975488475.shtml
580,猎聘,能源/化工/环保,矿物加工,业务处置专员（化工产品）,企业,宁夏宝丰集团有限公司,10000人以上,银川-灵武,银川-灵武,银川-灵武,11-25k,统招本科,1-3年,20260402160136,16薪 / 五险一金 / 13薪 / 15薪 / 公司规模大 / 五险 / 年度旅游 / 岗位晋升,"1.负责再生资源处置工作（固废、危废、工业垃圾、建筑垃圾等）；
2.负责各类废弃物处置方式的确定；","3.负责销售/处置合同起草、跟进评审、办理双方签订及用印，并执行；
4.负责收集、掌握客户生产经营动态信息，开展日常客户维护活动。
1.学历：统招本科及以上学历；
2.专业：营销管理、环境工程，环境科学，环境保护，矿物加工、安全工程、资源循环科学、环境监测、应用化工等相关专业；
3.工作经验：具备化工生产技术、环保技术相关工作经验，或政府环保部门工作经验；
4.专业知识技能：熟知固体废物利用及处置途径；掌握办理环保手续相关的数据资料及办理流程；
 查看全部",CSS / React / PMP / Go / HTML / jQuery / UG / AI,专业技术服务,https://www.liepin.com/job/1981463823.shtml
581,猎聘,能源/化工/环保,矿物加工,行政助理/主管,企业,威海恒旺光伏发电服务有限公司,1-49人,威海-环翠区,威海-环翠区,威海-环翠区,5-6k,大专,1-3年,20240316111339,18薪 / 五险一金 / 13薪 / 15薪 / 五险 / 14薪,"销售行政/内勤职位已暂停招聘_猎聘
 该职位已暂停招聘
 投递了该职位的人还查看了
 AI Agent工程师 50-80k
 某深圳互联网上市公司 已上市
 深圳-南山区
 1-3年
 本科
 辛先生
 ·
 猎头顾问
 海外红人营销 29-45k·18薪
 某知名公司 D轮及以上
 深圳
 3-5年
 统招本科
 徐女士
 ·
 资深猎头顾问/猎头合伙人
 安防弱电工程师 6-10k
 中科润程(北京)物联科技有限责任公司 融资未公开
 北京-海淀区
 1-3年
 大专
 邹女士
 ·
 人事经理
 楼宇经理一五险一金高提成 5-10k
 北京时代光环通信技术有限公司 融资未公开
 北京-朝阳区
 经验不限
 大专
 高女士
 ·
 人力资源部经理
 安防线束工程师 8-10k
 深圳市联畅精密电子有限公司 
 惠州-惠城区
 3-5年
 大专
 赵先生
 ·
 总经理助理
 IOS开发工程师 25-40k·14薪
 某深圳世界500强批发/零售公司 不需要融资
 深圳-福田区
 5年以上
 统招本科
 曹女士
 ·
 招聘专员
 iOS开发工程师 12-18k
 企越科技 其他
 深圳-龙华区
 3-5年
 大专
 袁女士
 ·
 HR
 高级app/客户端开发工程师 40-55k
 某深圳大型电子商务公司 
 深圳
 6年以上
 本科
 焦先生
 ·
 猎头顾问
 高级iOS开发工程师 15-30k
 某杭州科技推广服务公司 
 杭州-余杭区
 3-5年
 统招本科
 张先生
 ·
 顾问(C)
 亚马逊站外推广（服装品类） 15-25k·13薪
 某大型批发/零售公司 
 深圳
 5-10年
 本科
 陈女士
 ·
 资深专业顾问
 数据架构师 15-23k·13薪
 航天新商务信息科技有限公司 天使轮
 北京-丰台区
 2年以上
 统招本科
 周女士
 ·
 人力资源部主管
 Python 15-16k
 某北京计算机软件公司 融资未公开
 北京
 3-5年
 统招本科
 于先生
 ·
 招聘专员
 品管主管 7-8k
 上海仁微电子科技股份有限公司 战略融资
 上海-浦东新区
 3-5年
 大专
 宇先生
 ·
 供应链总监
 高级iOS开发工程师 15-20k
 北京悦来电新能源科技有限公司 
 北京-丰台区
 5-10年
 统招本科
 汪女士
 ·
 招聘专员/助理
 亚马逊运营总监/经理 35-65k
 某国内大型印刷包装公司 C轮
 上海
 5-10年
 本科
 陈女士
 ·
 猎头顾问
 高级iOS工程师 20-25k
 某深圳批发/零售公司 融资未公开
 深圳-南山区
 5-10年
 本科
 杨女士
 ·
 猎头
 iOS客户端开发工程师 15-25k
 深圳市一直在智能科技有限公司 
 深圳-南山区
 5-10年
 本科
 朱女士
 ·
 平台负责人
 iOS应用开发工程师（智能影像，base深圳） 20-30k·14薪
 叶子科技 
 杭州-拱墅区
 3-10年
 统招本科
 贺女士
 ·
 招聘经理
 IOS资深开发工程师|外资企业 25-40k
 某北京大型人力资源服务公司 战略融资
 杭州-余杭区
 经验不限
 统招本科
 杨先生
 ·
 高级猎头顾问
 高级iOS开发工程师-国际支付 20-40k·15薪
 字节跳动 融资未公开
 上海-杨浦区
 3-5年
 本科
 周女士
 ·
 HR
 React Native 开发（App方向） 20-30k·13薪
 深圳港钛科技有限公司 
 深圳-南山区
 5-10年
 本科
 余女士
 ·
 Sr. HR Manager
 亚马逊广告投放（资深经理） 25-50k·15薪
 某深圳大型智能硬件公司 C轮
 深圳-南山区
 5-10年
 本科
 李女士
 ·
 猎头顾问
 高级TIK TOK运营专员 11-18k
 广州优岸美致时装有限公司 融资未公开
 广州-白云区
 3年以上
 本科
 胡先生
 ·
 HR
 iOS开发+英语可以交流 10-15k
 上海华钦信息科技股份有限公司 战略融资
 北京-朝阳区
 1-3年
 大专
 王女士
 ·
 招聘经理
 TIKTOK达人营销 16-20k
 艾崖莳信息技术(上海)有限公司 
 杭州-西湖区
 1-3年
 本科
 谢女士
 ·
 Manager, People
 高级iOS开发工程师 20-25k
 元鼎智能 B轮
 深圳-龙华区
 5年以上
 本科
 文先生
 ·
 高级软件PM
 亚马逊客服 6-8k
 深圳奈斯迪尔科技有限公司 融资未公开
 深圳-南山区
 1年以下
 大专
 曾女士
 ·
 人事专员
 iOS应用开发工程师（智能影像，base深圳） 20-30k·14薪
 叶子科技 
 深圳-南山区
 3-10年
 统招本科
 贺女士
 ·
 招聘经理
 iOS高级工程师 25-50k·13薪
 某深圳互联网公司 已上市
 深圳
 5-10年
 学历不限
 李先生
 ·
 猎头顾问
 SDK运营经理 12-18k
 上海优比客思科技有限公司 
 北京-东城区
 3-5年
 本科
 吴先生
 ·
 人事总监",/,CSS / 英语 / React / Python / PMP / HTML / jQuery / UG / AI,新能源,https://www.liepin.com/job/1965525733.shtml
582,猎聘,能源/化工/环保,矿物加工,网络工程师,企业,南通辉海科技有限公司,/,南通-如皋,南通-如皋,南通-如皋,7-8k,本科,1-3年,20240416113225,16薪 / 13薪 / 14薪 / 15薪,"：
1.负责公司各地机房网络的规划建设，日常维护工作，保障基础网络的稳定运行；
2.负责公司业务所用的网络设备的配置（路由器、交换机、防火墙、上网行为管理、AC等）；负责维护公司与之间业务网络，并持续调优；
3.能够根据需求，编写日常网络优化和变更方案，并完成实施和落地；
4.联合安全部门探究网络风险隐患，并实施安全加固；
5.能够独立解决网络故障；
6.根据方案和操作步骤，独立进行系统建设、升级、扩容、迁移等重大变更；
7.吸收网络运维技术，并在国泰应用落地。","1.掌握各种网络环境搭建，具备较强的技术基础；丰富的网络和安全设备部署、性能调优、网络故障排查和解决经验；
2.熟悉各种网络协议，能够运用wireshark等工具对协议进行基本的分析；精通路由、交换原理，熟练调试主流网络，如、华三等厂商设备；
3.工作主动性强、沟通能力责任心强，能够承担工作压力，有团队协作精神；认同互联网创业精神；
4.拥有网络安全方面知识，熟悉27001安全体系、流程；熟练操作配置华锐捷的防火墙、交换机、路由器、AC、AP；熟练操作配置网神防火墙、WAF、DBS；
5.计算机或相关专业毕业的本科生，5年以上工作经验。
 查看全部",JavaScript / CSS / Java / 深度学习 / React / 机器学习 / PMP / 算法 / Go / HTML / jQuery / UG / AI,游戏,https://www.liepin.com/job/1966280075.shtml
583,猎聘,能源/化工/环保,矿物加工,选矿厂长,企业,福建天丰投资发展集团有限公司,100-499人,海西-都兰县,海西-都兰县,海西-都兰县,15-25k,本科,10年以上,20260513084257,13薪,"：
1、负责金矿选矿厂全面管理工作；
2、健全技术管理、质量管理、安全管理等相应的工作流程；
3、参与公司的重大决策，协助总经理制定选矿项目的年度经营方针及目标；
4、检查、监督下属工作的落实和执行情况，定期的给予技术方面的指导培训，把握好质量关和效率关；
 查看全部","2. 如您应聘的岗位属于涉外劳务合作/海外岗位的，请务必核实招聘方对外劳务合作资质取得情况，同时注意自身资金安全，防范招聘欺诈。
 3. 本平台招聘方不向求职者提供任何收费服务。
 查看全部
 相关推荐
 展开
 选矿工程师招聘
 选矿助剂工程师招聘
 探矿工程高级工程师招聘
 海外选矿工艺工程师招聘
 选矿厂工程师招聘
 选矿工程师助理招聘
 锂矿选矿工程师招聘
 选矿药剂工程师招聘
 矿山开发工程师招聘
 选矿厂生产经理招聘
 选矿工程师岗位招聘
 金属矿选矿工程师招聘
 洗选矿班长招聘
 锰矿工程师招聘
 选冶工程师招聘
 选矿车间主管招聘
 水力工程师招聘
 砂石工艺工程师招聘
 选煤设计工程师招聘
 矿山技术工程师招聘
 化工实验室工程师招聘
 选矿设计招聘
 洗选矿矿长招聘
 选矿专家招聘
 选矿设计师招聘
 选矿主管招聘
 通防工程师招聘
 选矿厂经理招聘
 技术科招聘
 矿物选矿实验员招聘
 相关公司
 乐熙健康管理有限公司
 领航控股置业(西安)有限公司
 石家庄诚和氘氚核能技术咨询服务有限公司
 美特文博(天津)科技有限公司
 威海庚艺饰品设计有限公司
 杭州越兴信息咨询有限公司
 傲本(北京)科技有限公司
 广西林沃投资集团有限公司
 河南和创空间财税服务有限公司
 宁波盛联汽车服务有限公司
 湖南恒丰智链信息科技有限公司
 郑州恒峰商业管理有限公司新郑分公司
 江苏冬阳企业管理有限公司
 山东华源电力有限公司
 中航华远(北京)控股有限公司
 哆乐贝贝(中山)托育服务有限公司
 热门城市
 北京招聘网
 上海招聘网
 广州招聘网
 厦门招聘网
 杭州招聘网
 郑州招聘网
 南京招聘网
 天津招聘网
 重庆招聘网
 成都招聘网
 苏州招聘网
 商丘招聘网
 大连招聘网
 济南招聘网
 宁波招聘网
 无锡招聘网
 青岛招聘网
 沈阳招聘网
 台州招聘网
 西安招聘网
 武汉招聘网
 热门招聘
 北京招聘信息
 上海招聘信息
 广州招聘信息
 厦门招聘信息
 杭州招聘信息
 郑州招聘信息
 南京招聘信息
 天津招聘信息
 重庆招聘信息
 成都招聘信息
 苏州招聘信息
 商丘招聘信息
 大连招聘信息
 济南招聘信息
 宁波招聘信息
 无锡招聘信息
 青岛招聘信息
 沈阳招聘信息
 台州招聘信息
 西安招聘信息
 武汉招聘信息
 海西招聘网
 >
 海西选矿工程师招聘
 >
 选矿厂长招聘
 收藏职位
 立即沟通
 更新时间：2026-06-10",CSS / React / PMP / Go / HTML / jQuery / UG / AI,专业技术服务,https://www.liepin.com/job/1981833707.shtml
584,猎聘,能源/化工/环保,矿物加工,选矿工程师,企业,北京华夏建龙矿业科技有限公司,2000-5000人,海西-都兰县,海西-都兰县,海西-都兰县,10-18k,统招本科,5-10年,20250121080929,16薪 / 年终奖金 / 绩效奖金 / 年终奖 / 五险一金 / 13薪 / 15薪 / 五险 / 定期体检 / 14薪,"：
1、负责选矿的生产车间的安全、生产管理工作。
2、负责选矿生产工艺流程的技术管理，确保生产过程的稳定性和高效性。
3、优化选矿工艺参数，提高矿石处理能力和回收率，降低生产成本。
4、参与选矿设备的选型与改进，提升设备运行效率和可靠性。
5、制定并实施生产技术标准和操作规程，保障生产安全和环保要求。
6、组织技术培训，提升团队专业技能和综合素质。
7、负责选厂的信息化管理工作，统筹选矿自动控制研究、安装、维护维修工作。","矿物加工相关专业本科及以上学历，有五年及以上选矿管理经验。
 查看全部",CSS / React / PMP / Go / HTML / jQuery / UG / AI,矿产开采,https://www.liepin.com/job/1972019079.shtml
585,猎聘,能源/化工/环保,矿物加工,化验室主任,企业,某西安人力资源服务公司,100-499人,山东省,青岛,青岛,15-16k,大专,5-10年,20260415172650,双休 / 13薪 / 14薪 / 15薪,"大专及以上学历，（本科学历优先)分析化学、应用化学、检验检测、矿物加工等相关专业。
2. 5年及以上实验室/化验室工作经验，熟悉并具备锂矿、氧化铅锌矿、铜矿、铁矿等多矿种实验及化验经验。","3.具备较强的实验室管理、团队管理、沟通协调及问题解决能力；熟练编写、审核实验报告、化验报告，文字严谨、逻辑性强.
4.熟悉常规化验仪器操作、数据处理及质量控制。身体健康，工作认真负责、原则性强、稳
 查看全部",JavaScript / 沟通协调 / CSS / Java / 团队管理 / React / PMP / Go / HTML / jQuery / UG / AI,人力资源服务,https://www.liepin.com/a/74689127.shtml
586,猎聘,能源/化工/环保,矿物加工,工艺工程师（锂电博士）(J13602),企业,杰瑞股份,5000-10000人,烟台-莱山区,烟台-莱山区,烟台-莱山区,18-35k,博士,经验不限,20260428095056,带薪年假 / 节日礼物 / 绩效奖金 / 股票期权 / 扁平管理 / 优秀员工奖 / 五险一金 / 13薪 / 15薪 / 五险 / 免费班车 / 定期体检 / 上市公司 / 班车 / 14薪 / 期权,"：
1. 主导废旧磷酸铁锂正极材料修复技术的研发攻关，负责修复工艺的优化迭代、性能评估与验证，搭建从材料修复到应用评价的全链条技术体系。
2. 推动修复材料在锂电池制造环节的技术适配与应用验证，打通后端批量导入流程，形成可复制的产业化应用案例。","1. 博士学历，冶金工程、矿物加工工程、材料科学与工程、化学工程与技术、应用化学、能源科学与工程、环境工程等相关专业，具备扎实的材料学或化工原理基础（若方向特别相关，学历可放宽至硕士）
2. 熟悉磷酸铁锂正极材料的结构特性与修复技术原理，有锂电池材料研发或工艺优化经验者优先。
3. 具备电池材料修复技术课题研究经验，从实验室小试到中试放大的项目经验，能独立完成工艺方案设计与落地验证。
4. 具备良好的问题分析能力与跨部门协作能力，能推动技术成果向产业化转化。
 查看全部",CSS / 项目管理 / React / PMP / Go / HTML / jQuery / UG / AI,石化,https://www.liepin.com/job/1982139885.shtml
587,猎聘,能源/化工/环保,矿物加工,石墨销售经理,企业,泰昌鑫集团有限公司,100-499人,烟台-蓬莱,烟台-蓬莱,烟台-蓬莱,15-30k,大专,3年以上,20260429171632,发展空间大 / 16薪 / 带薪年假 / 年终奖金 / 18薪 / 领导好 / 年终奖 / 13薪 / 居家办公 / 公司规模大 / 岗位晋升 / 14薪,"1、市场开发与客户拓展：负责国内市场（重点华东、华北、华南区域）的客户开发，主推产品为+50目、+80目、+100目分级精矿。通过行业展会、客户拜访、招标平台等渠道获取销售线索，完成从线索到签约的全流程跟进。
2、客户关系维护：建立并维护与战略客户、核心客户的长期合作关系。定期拜访客户，深入了解客户需求变化，提供技术支持和样品服务。处理客户投诉，协调公司内外部资源及时解决问题，确保客户满意度。
3、销售执行与合同管理：参与年度招标，独立完成投标文件准备。主导商务谈判，签订长期协议或年度框架合同。跟踪订单执行进度，协调生产、物流等部门确保按时交货，并跟进回款。
4、市场信息收集与分析：:持续收集国内石墨市场价格、供需动态、竞争对手信息，定期输出市场分析报告，为公司定价策略和销售策略提供决策依据。参与公司销售策略制定，根据客户反馈提出产品优化建议。","1、大专及以上学历。材料科学、矿物加工、市场营销、国际贸易等相关专业优先。
2、具备3年以上B2B工业品销售经验。有石墨、碳素、耐火材料、锂电负极材料行业经验者优先。有相关企业对接经验者优先。
3、拥有负极材料、耐火材料或特种石墨行业客户资源者优先考虑。
4、具备独立开发大客户的能力，有成功的大客户攻关案例。熟悉长协谈判、年度招标等销售模式，能够独立完成从客户开发到合同签订的全流程。
5、具备优秀的商务谈判技巧和客户关系维护能力。能够与客户决策层建立良好关系，有效传递公司产品价值。
6、了解石墨产品基本技术参数（如粒度、纯度、振实密度等），能够看懂检测报告，与客户技术人员进行专业交流。
7、能接受出差，有驾照优先。
8、熟练使用Office办公软件，具备良好的抗压能力和团队合作精神，结果导向，以签单、回款为核心目标。
薪资结构：底薪+提成。
 查看全部",CSS / React / PMP / Go / HTML / jQuery / UG / AI,矿产开采,https://www.liepin.com/job/1982202539.shtml
588,猎聘,能源/化工/环保,矿物加工,厂长（上市公司）,企业,某国内人力资源服务公司,50-99人,山东省,临沂,临沂,25-30k,大专,10年以上,20260330101403,管理规范 / 发展空间大 / 餐费补贴 / 节日礼物 / 五险一金 / 13薪 / 15薪 / 节日福利 / 公司规模大 / 五险 / 生日福利 / 岗位晋升 / 14薪 / 提供住宿,"山东临沂上市集团公司招聘石英砂酸洗提纯厂厂长（1人），税前年薪30-40万（一人一仪），五险一金，住单间，有食堂有补助，月休4天可攒休，提供生日福利、节日福利、劳保福利、四季工作服等。要求：50以内，大专及以上学历，化学工程、材料科学、矿物加工等相关专业。 10年以上石英砂酸洗提纯行业经验，5年以上高纯石英砂生产管理经验。项目地点：山东临沂
 查看全部","2. 如您应聘的岗位属于涉外劳务合作/海外岗位的，请务必核实招聘方对外劳务合作资质取得情况，同时注意自身资金安全，防范招聘欺诈。
 3. 本平台招聘方不向求职者提供任何收费服务。
 查看全部
 相关推荐
 展开
 临沂国内项目圆柱规划工程师招聘
 临沂新能源施工项目管理招聘
 临沂电站资产管理运营岗位招聘
 临沂能源项目工程师招聘
 临沂光伏运维管理岗招聘
 临沂光资源评估工程师招聘
 临沂新能源技术项目经理招聘
 临沂质量体系和安全管理岗招聘
 临沂综合能源岗招聘
 临沂能源动力规划岗招聘
 临沂综合能源高级经理招聘
 临沂动力能源管理方向招聘
 临沂充电站工程项目经理招聘
 临沂大储能高级结构工程师招聘
 临沂电力工程施工项目经理招聘
 临沂新能源系统招聘
 临沂碳资源管理招聘
 临沂技术管理向招聘
 临沂原煤驻港工程师招聘
 临沂光伏电站值班长招聘
 临沂光伏运营经理招聘
 临沂资源分析岗招聘
 临沂泛能工程师招聘
 临沂动力能源室主任招聘
 临沂无人机巡检工程师招聘
 临沂双碳管理高级工程师招聘
 临沂能源开发部总经理招聘
 临沂陆上风电项目经理招聘
 临沂资源循环业务负责人招聘
 临沂光伏电站并购总监招聘
 相关公司
 临沂安之若电子商务有限公司
 临沂咪初网络科技有限公司
 大管家(山东)云科技集团有限公司
 山东植汇升科技集团有限公司
 晨特国际
 甘李药业山东有限公司
 临沂三头六臂网络科技有限公司
 山东史百德科技发展有限公司
 第七公社
 山东乾山元亨商务顾问有限公司
 中橡科技发展有限公司
 上海智佰立自动化科技有限公司
 临沂米家家居建材有限公司
 山东和正新能源科技有限公司
 山东万家康泰健康管理有限公司
 临沂因苏林医药科技有限公司
 热门城市
 北京招聘网
 上海招聘网
 广州招聘网
 厦门招聘网
 杭州招聘网
 郑州招聘网
 南京招聘网
 天津招聘网
 重庆招聘网
 成都招聘网
 苏州招聘网
 商丘招聘网
 大连招聘网
 济南招聘网
 宁波招聘网
 无锡招聘网
 青岛招聘网
 沈阳招聘网
 台州招聘网
 西安招聘网
 武汉招聘网
 周边城市
 济南找工作
 枣庄找工作
 东营找工作
 烟台找工作
 潍坊找工作
 济宁找工作
 泰安找工作
 威海找工作
 日照找工作
 德州找工作
 聊城找工作
 滨州找工作
 青岛找工作
 菏泽找工作
 淄博找工作
 临沂招聘网
 >
 临沂能源项目管理招聘
 >
 厂长（上市公司）招聘
 收藏职位
 立即沟通
 更新时间：2026-06-10",JavaScript / CSS / Java / 项目管理 / React / PMP / Go / HTML / jQuery / UG / AI,人力资源服务,https://www.liepin.com/a/74011887.shtml
589,猎聘,能源/化工/环保,矿物加工,产品经理（工业智能化方向）,企业,山东省章丘鼓风机股份有限公司,2000-5000人,济南-历城区,济南-历城区,济南-历城区,13-20k,统招本科,3-5年,20260610112311,发展空间大 / 带薪年假 / 团队聚餐 / 年终奖金 / 餐费补贴 / 领导好 / 年终奖 / 五险一金 / 13薪 / 加班补贴 / 五险 / 聚餐 / 年度旅游 / 晋升通道 / 饮料 / 提供住宿,"1.需求调研与价值定义
进驻选矿厂现场，与操作工、工艺 / 设备工程师、生产厂长沟通，挖掘碎磨工段真实痛点
量化产品价值（处理量提升、能耗钢耗降低等），制定产品成功指标
撰写产品需求文档，明确功能边界与验收标准
2.产品设计与功能规划
设计碎磨专家系统整体架构与核心功能：设备状态预警、工艺参数可视化、智能优化推荐、故障诊断、专家知识库、生产报表
设计符合一线操作工使用习惯的界面与交互流程
规划产品从辅助决策到闭环控制的演进路线
3.跨团队协作与落地交付
与算法团队协作，定义 AI 模型的业务指标与数据要求
协调研发、测试、FDE、自动化团队，推动产品按时高质量交付
4.负责系统在客户现场的部署调试与验收
5.产品运营与持续迭代
跟踪系统运行数据与用户反馈，定期输出价值报告
持续优化产品功能与用户体验
沉淀不同矿种、不同工艺的最佳实践，形成可复制的产品能力","1.矿物加工、机械、自动化或相关专业本科及以上学历
2.3 年以上工业软件 / AI 产品经理经验，有选矿或碎磨相关项目经验优先
3.精通碎磨工艺流程，熟悉破碎机、球磨机、旋流器等核心设备原理
4.了解工业数据采集、DCS/PLC 系统及 AI 基本原理
5.具备完整的产品生命周期管理能力，能独立撰写 PRD
6.能适应频繁出差（每年 40-50%），吃苦耐劳
最佳条件
1.有 5 年以上选矿厂碎磨工段工艺 / 设备 / 自动化工程师经验
2.有碎磨专家系统或智能选矿系统项目经验
3.具备基本的数据分析能力（SQL/Excel）
4.了解 AI Agent 技术在工业领域的应用
 查看全部",CSS / React / PMP / 算法 / 数据分析 / Go / HTML / SQL / jQuery / UG / AI / Excel,机械/设备,https://www.liepin.com/job/1980146591.shtml
590,猎聘,能源/化工/环保,矿物加工,正极材料修复工艺工程师（退役磷酸铁锂电池）,企业,杰瑞股份,5000-10000人,烟台-莱山区,烟台-莱山区,烟台-莱山区,12-24k,硕士,经验不限,20260608091349,带薪年假 / 节日礼物 / 绩效奖金 / 股票期权 / 扁平管理 / 优秀员工奖 / 五险一金 / 13薪 / 15薪 / 五险 / 免费班车 / 定期体检 / 上市公司 / 双休 / 班车 / 14薪 / 期权,":
1. 主导废旧磷酸铁锂正极材料修复技术的研发攻关，负责修复工艺的优化迭代、性能评估与验证，搭建从材料修复到应用评价的全链条技术体系。
2. 推动修复材料在锂电池制造环节的技术适配与应用验证，打通后端批量导入流程，形成可复制的产业化应用案例。","1. 博士学历，冶金工程、矿物加工工程、材料科学与工程、化学工程与技术、应用化学、能源科学与工程、环境工程等相关专业，具备扎实的材料学或化工原理基础（若方向特别相关，学历可放宽至硕士）
2. 熟悉磷酸铁锂正极材料的结构特性与修复技术原理，有锂电池材料研发或工艺优化经验者优先。
3. 具备电池材料修复技术课题研究经验，从实验室小试到中试放大的项目经验，能独立完成工艺方案设计与落地验证。
4. 具备良好的问题分析能力与跨部门协作能力，能推动技术成果向产业化转化。
任职要求:
1. 博士学历，冶金工程、矿物加工工程、材料科学与工程、化学工程与技术、应用化学、能源科学与工程、环境工程等相关专业，具备扎实的材料学或化工原理基础（若方向特别相关，学历可放宽至硕士）
2. 熟悉磷酸铁锂正极材料的结构特性与修复技术原理，有锂电池材料研发或工艺优化经验者优先。
3. 具备电池材料修复技术课题研究经验，从实验室小试到中试放大的项目经验，能独立完成工艺方案设计与落地验证。
4. 具备良好的问题分析能力与跨部门协作能力，能推动技术成果向产业化转化。
 查看全部",CSS / 项目管理 / React / PMP / Go / HTML / jQuery / UG / AI,石化,https://www.liepin.com/job/1983229035.shtml
591,猎聘,能源/化工/环保,矿物加工,选矿工程师,企业,厦门象屿股份有限公司,5000-10000人,泰安-肥城,泰安-肥城,泰安-肥城,10-15k·15薪,学历不限,3-8年,20260417223942,年终奖金 / 带薪年假 / 绩效奖金 / 餐费补贴 / 领导好 / 年终奖 / 五险一金 / 交通补助 / 13薪 / 15薪 / 公司规模大 / 五险 / 免费班车 / 定期体检 / 班车,"】
1、浮选工艺技术管理：驻场合作选矿厂，全面负责公司锂原矿的选矿加工技术管理，包括破碎、磨矿、分级、浮选、浓缩、过滤等全流程；监督选矿厂按合同约定的技术指标（精矿品位、回收率、处理量、生产成本等）组织生产，确保加工过程符合公司要求；对浮选过程中的关键控制点（磨矿细度、矿浆浓度、药剂制度、充气量、pH值等）进行定期巡检与数据复核，及时发现并解决技术问题。
2、工艺优化与降本增效：根据来矿性质（不同矿区、不同品位的锂原矿），与选矿厂技术团队共同优化药剂制度、磨矿细度、浮选流程等参数，提升锂回收率和精矿品位；分析加工成本构成（能耗、钢球、药剂、水耗、尾矿处理等），提出降本建议并推动实施；
3、质量控制与产品验收：建立合作加工精矿的质量验收标准与抽样检测流程，对产出的锂精矿进行品位（Li₂O%）、杂质（Fe₂O₃、Al₂O₃等）、水分等指标的严格把关；协同公司质检部门或第三方检测机构，对每批次精矿进行检验，确保合格率；
4、技术沟通与商务协同：作为公司与选矿厂之间的技术接口，定期向公司汇报加工进展、质量数据、成本异常等；
5、参与合作加工合同的收率和加工费谈判，从技术角度明确工艺指标、验收标准、损耗约定、违约责任等条款；协同采购团队，根据选矿反馈提出原矿采购建议（如不同矿源的配矿方案、性价比评估）；
6、协助业务团队考察、评估委外加工厂的能力、资质。
【","】
1、学历专业：矿物加工工程、选矿工程、矿业工程等相关专业；
2、工作经验：3年以上锂矿（锂辉石、锂云母）选矿厂一线技术或生产管理经验，担任选矿车间主任、技术主管或浮选工段长等职位优先；
3、技术能力：精通锂矿浮选工艺，熟悉破碎、磨矿、分级、浮选、脱水等全流程设备及操作参数；掌握锂精矿质量标准及杂质控制要求；具备工艺优化实战经验，能独立分析回收率低、品位不达标、药剂消耗高等问题的根本原因并提出解决方案；熟悉常见锂矿的矿石性质（如锂辉石、锂云母、透锂长石等）及其对选矿工艺的影响。
4、现场管控能力：严谨细致，能够建立并执行严格的质量验收体系；能够与选矿厂生产、技术、质检等多部门高效沟通，推动问题解决；
5、成本意识：熟悉选矿成本构成，能从技术角度提出降本方案；
6、驻场适应性：能长期驻厂工作，适应选厂现场环境，具备较强的抗压能力和独立处理突发事件的能力。
驻场地点： 国内头部锂盐厂（江西/四川/山东/福建等地，视合作工厂而定）
 查看全部",CSS / React / PMP / Go / HTML / jQuery / UG / AI,贸易/进出口,https://www.liepin.com/job/1981873317.shtml
592,猎聘,能源/化工/环保,矿物加工,选矿设计工程师,企业,山东鑫海矿业技术装备股份有限公司,500-999人,烟台-福山区,烟台-福山区,烟台-福山区,14-30k,统招本科,10年以上,20260423084052,发展空间大 / 16薪 / 年终奖金 / 绩效奖金 / 年终奖 / 五险一金 / 全勤奖 / 13薪 / 五险 / 免费班车 / 班车 / 提供住宿,"1、负责公司开发矿种：金矿、银矿、铜矿、石墨矿、磁铁矿、铅锌矿、等金属矿的相关选厂设计工作；
2、完成选矿工艺方案、项目要求、参数等提报工作；","1、矿物加工专业本科及以上学历，需要有乙级及以上设计院工作经验，有相关大中型项目设计经验和中级以上职称；
2、身体健康，服从公司及领导工作安排，能接受项目出差，有基础的英语使用能力；
3、有良好的职业素养，项目信息保密维护良好的企业形象。
 查看全部",CSS / 英语 / React / PMP / Go / HTML / jQuery / UG / AI,机械/设备,https://www.liepin.com/job/1971007397.shtml
593,猎聘,能源/化工/环保,矿物加工,大型选矿球磨机设计专家,企业,上海美岸科技,100-499人,青岛-城阳区,青岛-城阳区,青岛-城阳区,40-60k,本科,10年以上,20260329123256,16薪 / 13薪 / 14薪 / 15薪,"1、熟悉4米以上大型选矿球磨机设计；
2、行业知名公司履历及业务经验；
3、机械、电气、矿物加工相关专业背景。
 查看全部","2. 如您应聘的岗位属于涉外劳务合作/海外岗位的，请务必核实招聘方对外劳务合作资质取得情况，同时注意自身资金安全，防范招聘欺诈。
 3. 本平台招聘方不向求职者提供任何收费服务。
 查看全部
 相关推荐
 展开
 青岛艺术设计总监招聘
 青岛设计常务副总监招聘
 青岛禅意饰品设计总监招聘
 青岛水泥工艺设计总监招聘
 青岛时尚设计招聘
 青岛男装设计总监招聘
 青岛童鞋设计总监招聘
 青岛精装设计总经理招聘
 青岛设计部副总监招聘
 青岛硬装设计总监招聘
 青岛天猫设计总监招聘
 青岛产品设计二部总监招聘
 青岛集团设计副总监招聘
 青岛园林景观设计总监招聘
 青岛智能化系统设计总监招聘
 青岛商业化项目设计总监招聘
 青岛游戏设计总监招聘
 青岛快反设计总监招聘
 青岛设计培训总监招聘
 青岛游戏美术主管招聘
 青岛婚礼设计总监招聘
 青岛羽绒设计总监招聘
 青岛雕塑设计总监招聘
 青岛空间设计副总监招聘
 青岛淘气堡设计总监招聘
 青岛男女装设计经理招聘
 青岛衍生品设计总监招聘
 青岛医院主案设计师招聘
 青岛CMF高级专家招聘
 青岛房地产设计副总监招聘
 相关公司
 青岛欧米尼智能科技有限公司
 青岛合启立智能科技有限公司
 G7物联
 杭州第九区科技有限公司
 海尔卡奥斯物联生态科技有限公司
 安心加科技
 达实智能
 淄博硕丰箱包制造有限公司
 四川云彩集科技有限公司
 金科服务
 上海繁易信息科技股份有限公司
 青岛研博数据信息技术有限公司
 青岛埃睿智能科技有限公司
 青岛智工场物联科技有限公司
 上海迈外迪网络科技
 青岛康讯云物联网有限公司
 深圳市万睿智能科技有限公司
 阿法迪
 青岛易链供应链服务有限公司
 福灿微联(上海)供应链管理有限公司
 上海美岸科技
 上海维智卓新信息科技有限公司
 苏州麦科斯工程科技有限公司
 海尔优家智能科技(北京)有限公司
 物联亿达
 深圳市旺龙智能科技有限公司
 内蒙古商海森林科技有限公司
 重庆市金刚清泓科技有限公司
 青岛恩元素广告传媒有限公司
 热门城市
 北京招聘网
 上海招聘网
 广州招聘网
 厦门招聘网
 杭州招聘网
 郑州招聘网
 南京招聘网
 天津招聘网
 重庆招聘网
 成都招聘网
 苏州招聘网
 商丘招聘网
 大连招聘网
 济南招聘网
 宁波招聘网
 无锡招聘网
 青岛招聘网
 沈阳招聘网
 台州招聘网
 西安招聘网
 武汉招聘网
 热门招聘
 北京招聘信息
 上海招聘信息
 广州招聘信息
 厦门招聘信息
 杭州招聘信息
 郑州招聘信息
 南京招聘信息
 天津招聘信息
 重庆招聘信息
 成都招聘信息
 苏州招聘信息
 商丘招聘信息
 大连招聘信息
 济南招聘信息
 宁波招聘信息
 无锡招聘信息
 青岛招聘信息
 沈阳招聘信息
 台州招聘信息
 西安招聘信息
 武汉招聘信息
 青岛招聘网
 >
 青岛设计总监招聘
 >
 大型选矿球磨机设计专家招聘
 收藏职位
 立即沟通
 立即应聘
 更新时间：2026-06-10",CSS / React / PMP / Go / HTML / jQuery / UG / AI,物联网,https://www.liepin.com/job/1981328415.shtml
594,猎聘,能源/化工/环保,矿物加工,矿山充填技术员,企业,山东金玺泰矿业有限公司,2000-5000人,山东省,临沂,临沂,10-15k,大专,3年以上,20260421101242,发展空间大 / 带薪年假 / 节日礼物 / 绩效奖金 / 餐费补贴 / 五险一金 / 13薪 / 15薪 / 公司规模大 / 五险 / 定期体检 / 提供住宿,"负责矿山充填材料的配方研发、性能测试、质量管控与现场技术支持，围绕尾砂、废石、矿渣等固废资源开展充填材料资源化利用研究，持续优化充填材料性能，降低充填成本，保障充填工程质量安全。
1. 配方研发：负责矿山充填材料的配方研发、优化与试验工作，针对膏体充填、尾砂充填等不同充填工艺开展材料选型与配比设计。
2. 性能测试：开展充填材料性能测试，包括强度、流动性、凝结时间、稳定性、耐久性、泌水率、收缩率等，形成试验报告与数据总结。
3. 技术方案制定：负责制定充填技术方案，根据矿山地质条件、开采工艺等因素，设计合理的充填系统和充填工艺。
4. 标准规范编制：制定充填材料技术标准、检验规范、作业指导书，建立材料质量管控体系。
5. 现场技术指导：参与现场充填工艺调试，解决井下充填技术问题，指导充填系统的安装、调试和运行。","1、大专及以上学历，材料科学与工程、无机非金属材料、胶凝材料、采矿工程、矿物加工工程、化工材料等相关专业。硕士及以上学历优先，充填方向更佳;
2、掌握采矿方法、充填技术等相关专业知识，熟悉实验操作规范；熟悉矿山充填工艺、充填材料、充填设备等方面的知识;
3、有超高水充填材料实验经验者优先考虑。
 查看全部",CSS / React / PMP / Go / HTML / jQuery / UG / AI,矿产开采,https://www.liepin.com/job/1981520987.shtml
595,猎聘,能源/化工/环保,矿物加工,选矿工程设计师,企业,上海美岸科技,100-499人,青岛-城阳区,青岛-城阳区,青岛-城阳区,40-50k,本科,7年以上,20251230153845,16薪 / 13薪,"选矿设计师

➢ 矿物加工专业本科及以上学历7年以上相关工作经验，需要有乙级及以上设计院工作经验及相关大中型项目设计经验；
➢ 能接受项目出差，有基础英语使用能力。
 查看全部",/,CSS / 英语 / React / PMP / Go / HTML / jQuery / UG / AI,物联网,https://www.liepin.com/job/1979464305.shtml
596,猎聘,能源/化工/环保,矿物加工,选矿项目国际设计经理,企业,上海美岸科技,100-499人,青岛-城阳区,青岛-城阳区,青岛-城阳区,40-70k,本科,5年以上,20251230152621,16薪 / 13薪 / 14薪,选矿设计项目经理（国际项目方向）,"1、专业资质与经验
➢ 矿物加工工程、矿业工程等相关专业本科及以上学历，中级职称或注册选矿工程师（国际认证优先）；
➢ 至少5年选矿厂设计经验，需有澳洲或欧洲选矿项目（如铜、金、铁矿等）的全流程设计案例（破碎、磨矿、浮选、尾矿处理等）；
➢ 熟悉澳洲矿业资源报告准则及欧盟环保标准；
2、技术能力与合规性
➢ 精通全流程选矿工艺优化，能独立完成英文版《选矿厂设计说明书》等其他设计图纸及报告；
➢ 熟练使用选矿流程模拟软件，熟悉AutoCAD、SolidWorks制图；具备海外项目成本控制经验，熟悉国际工程报价体系；
3、语言与跨文化能力
➢ 英语可作为工作语言，可独立完成英文技术文档撰写及国际客户汇报；
➢ 能接受项目地出差，具备国际化视野，关注全球矿业市场动态及技术趋势，维护公司海外品牌形象。
 查看全部",SolidWorks / CSS / 英语 / React / CAD / PMP / AutoCAD / Go / HTML / jQuery / UG / AI,物联网,https://www.liepin.com/job/1979463777.shtml
597,猎聘,能源/化工/环保,矿物加工,球磨机工程师,企业,某国内机械/设备公司,100-499人,枣庄-薛城区,枣庄-薛城区,枣庄-薛城区,15-30k,学历不限,2年以上,20260424110603,五险一金 / 13薪 / 五险 / 六险一金 / 14薪 / 六险,"2.负责球磨机产品的技术优化、结构改进及性能提升，配合研发团队完成新产品设计与测试；
3.根据客户物料特性、产能需求，完成球磨机设备选型、参数匹配及配套工艺方案设计；
2.负责球磨机设备的现场安装指导、调试运行、工艺参数校准，保障设备正常投产使用；
3.排查解决球磨机现场运行故障，如振动异常、轴承发热、衬板磨损、传动故障、出料粒度不达标等问题，提供售后技术维修服务；
4.编制球磨机产品技术手册、操作规程、安装说明书及项目技术方案，对接销售部门完成客户技术宣讲与方案沟通；
2.收集市场及客户反馈，优化球磨机产品性能，跟进设备售后维护，提升客户满意度。
二、","（一）学历与专业
3.全日制大专及以上学历，机械设计制造及其自动化、机械工程、矿物加工工程、冶金工程、矿业机械等相关专业；
4.熟悉矿山机械行业，具备球磨机设备专业理论基础，了解矿山磨矿工艺者优先。
（二）工作经验
5.2年及以上球磨机相关工作经验，具备球磨机设计研发、生产技术、现场安装调试、售后技术服务任一核心经验均可；
6.有矿山机械企业、球磨机生产厂家、选矿厂磨矿设备运维工作经验者优先；
7.熟悉大型矿山用球磨机、节能型球磨机、智能球磨机产品者，条件可适当放宽；
2.优秀应届生（本科及以上），专业功底扎实，热爱矿山机械行业，可培养录用。
（三）专业知识与技能
3.精通球磨机设备结构原理，熟悉球磨机筒体、端盖、主轴承、传动系统、电机、减速机、衬板、钢球等核心部件的性能、选型及维护要点；
4.掌握球磨机设备参数计算，能根据物料硬度、产能、出料粒度要求，完成设备选型、工艺匹配及方案制定；
5.具备球磨机现场故障诊断与处理能力，能快速解决设备运行中的各类技术问题；
2.熟练使用AutoCAD、SolidWorks等绘图软件，能绘制球磨机设备图纸、工艺布置图，编制技术文档；
3.了解矿山行业安全环保规范、设备运行标准，熟悉矿山磨矿工艺流程，能协调现场施工与调试工作；
4.具备良好的动手实操能力，能独立完成现场技术服务、设备调试与售后维修工作。
（四）综合素质
5.认同公司企业文化，工作认真负责、严谨踏实，具备较强的责任心和敬业精神；
2.具备良好的沟通协调能力、团队协作意识，能与研发、生产、销售、客户高效对接；
3.能适应短期出差，前往矿山、项目现场开展安装调试、技术服务工作，抗压能力强；
4.具备主动学习意识，关注球磨机行业智能升级、节能降耗技术趋势，愿意参与公司产品技术创新。
（五）优先加分项
1.持有机械工程师职称、设备维修技师、注册安全工程师（矿山方向）等相关资格证书；
2.有大型球磨机（Φ3.0m及以上规格）设计、调试、运维经验，熟悉智能球磨机控制系统者；
3.具备矿山成套生产线设备技术服务经验，能同步对接破碎、磨矿、选矿全流程工艺者；
4.具备技术方案宣讲、客户技术对接能力，可配合销售部门拓展市场业务者。
 查看全部",JavaScript / SolidWorks / CSS / Java / 沟通协调 / React / CAD / PMP / AutoCAD / Go / HTML / jQuery / UG / AI,机械/设备,https://www.liepin.com/a/75024017.shtml
598,猎聘,能源/化工/环保,矿物加工,选矿设备主管,企业,青岛韦立国际船舶管理有限公司,1000-2000人,青岛-崂山区,青岛-崂山区,青岛-崂山区,8-11k,本科,3-5年,20260310161217,年底双薪 / 带薪年假 / 年终奖金 / 餐费补贴 / 年终奖 / 全勤奖 / 五险一金 / 13薪 / 通讯津贴 / 六险一金 / 定期体检 / 五险 / 六险,"：
1、根据集团公司及相关方领导要求完成矿山机械设备考察工作，建立矿山机械设备合格供应商名单，完成矿山机械设备采购任务；
2、与设备供应商对接，协调解决后期设备运行中存在的矿机故障；
3、与矿山相关部门对接，协调解决现场设备安装问题，并及时反馈施工现场；
4、与矿山相关部门对接，落实试验室物资情况并采购相关试验耗材；
5、完成领导交付的其他临时性工作。","1、选矿、矿物加工工程等相关专业，大学本科及以上学历，熟悉选矿工艺（重选、磁选、浮选等），具备较高的选矿机械设备专业知识，了解选矿厂自动化控制系统原理，善于借助自动控制系统提高选厂管理水平，熟悉自动化取制样系统配置及要求，有连续2年及以上冶金、煤矿、有色矿山选矿设备设计、管理或选型经验，有产能千万吨以上大型矿山机械设备设计、管理或选型经验者优先考虑；
2、熟悉美卓、山特维克、MMD、北方重工、陆凯等国内外主要选矿设备供应商的设备特点及结构原理；
3、爱岗敬业，品行端正，吃苦耐劳，责任心强，具备良好的沟通能力，能适应短期出差；
4、熟练使用office、AutoCAD等办公软件；
5、本岗位需到矿山现场实习6个月。
上班地点：青岛市崂山区
山东青岛
 查看全部",CSS / React / CAD / PMP / AutoCAD / Go / HTML / jQuery / UG / AI,货运/物流/仓储,https://www.liepin.com/job/1973721715.shtml
599,猎聘,能源/化工/环保,矿物加工,选矿设计工程师,企业,金诚信,10000人以上,济南-历城区,济南-历城区,济南-历城区,15-16k,本科,5-10年,20240228114848,发展空间大 / 带薪年假 / 节日礼物 / 国际化管理 / 技能培训 / 住房补贴 / 五险一金 / 交通补助 / 13薪 / 15薪 / 公司规模大 / 五险 / 上市公司 / 14薪,"职责概述：在室主任领导下进行项目前期设计准备，编制可行性研究报告，完成选矿初步设计和施工图设计中选矿专业部分，完成图纸会签内校、编制设计总结，处理现场问题，技术交底、图纸会审，标书专业文件编制工作。
1、在设计总师和专业负责人的指导下进行项目前期准备工作，研究地质报告，配合采样设计，提出选矿试验研究要求，收集基础资料，了解采矿供矿情况，编制可行性研究报告；
2、负责初步设计中选矿设计工作，完成设计说明书、设计图纸、设备清单及概算表选矿部分的编绘工作；
3、负责施工图设计工作，绘制厂房设备配置图、设备单体或机组安装图、金属结构件安装和制作图、配管图、输送机平面布置图；
4、制定专业作业计划，协调专业图纸，协助做好专业间配合，完成图纸会签工作；
5、完成给选矿专业内校审工作，编制《审图记录单》；
6、编制设计总结，完成设计文件的归档工作，专业内其他业务建设工作；
7、处理现场专业问题，记录并汇报处理结果，做好变更单和图纸升版、工程洽商，现场交底、图纸会审工作；
8、负责参加设计确认活动和工程回访活动；
9、负责投标方案中,投标文件中选矿专业技术标书编制工作；
10、领导交办的其他工作。","本科及以上学历，选矿或矿物加工工程专业
掌握金属行业选矿专业相关技术知识，熟悉采矿、矿机、水暖电等相关专业知识。
5年大型设计院选矿设计工作经验，熟练使用CAD等软件
具有独立承担较复杂选矿项目的设计工作能力，能解决选矿专业范围内比较复杂的技术问题。
较系统地掌握选矿专业的基础理论知识和技术知识，熟悉选矿专业国内外现状和发展趋势。
有一定从事选矿工程技术研究、设计实践经验，能吸收、采用国内外先进技术。在提高研究、设计水平和经济效益方面取得一定成绩。
能够指导选矿专业助理工程师的工作和学习。
 查看全部",CSS / React / CAD / PMP / Go / HTML / jQuery / UG / AI,咨询服务,https://www.liepin.com/job/1964676595.shtml
600,猎聘,能源/化工/环保,矿物加工,选矿专家（石英砂）,企业,山东金玺泰矿业有限公司,2000-5000人,临沂-兰陵县,临沂-兰陵县,临沂-兰陵县,20-35k,大专,10年以上,20250418134805,18薪 / 13薪 / 14薪,"1. 全面负责选矿厂的生产运营管理，制定并执行年度/月度生产计划，确保产量、质量、成本等KPI达标
2. 优化破碎、磨矿、磁选、浮选、酸洗等工艺流程，持续提升选矿回收率和产品品质
3. 建立完善的生产数据监控体系，定期分析关键指标（如处理量、能耗、金属回收率等）
4. 统筹选矿设备的维护保养工作，制定预防性维护计划，提高设备运转率
5. 落实安全生产责任制，确保选矿厂符合EHS管理体系要求
6. 组织安全隐患排查治理，杜绝重大安全事故发生
7. 负责选矿厂生产成本管控（药剂、能耗、人工等），持续优化降本增效方案
8. 推动选矿技术创新，引进新工艺、新设备，提高生产效率和资源利用率
9. 主导选矿厂技术改造项目，从方案设计到实施落地全过程管理
10. 负责选矿厂组织架构优化和人才梯队建设
11. 制定员工培训计划，提升团队专业技能和管理水平
12. 建立科学的绩效考核体系，激发团队工作积极性
二、","1. 大专及以上学历，矿物加工工程、采矿工程等相关专业
2. 8年以上选矿厂管理经验，3年以上石英砂选矿厂或同等职位经验
3. 熟悉石英砂选矿工艺特点及行业技术发展趋势
4. 精通石英砂选矿全流程工艺及设备管理
5. 具备丰富的生产计划与成本控制经验
6. 熟悉选矿厂安全环保管理要求及相关法规
7. 熟练使用AutoCAD、Office等办公软件
 查看全部",CSS / React / CAD / PMP / AutoCAD / Go / HTML / jQuery / UG / AI,矿产开采,https://www.liepin.com/job/1973940119.shtml
601,猎聘,能源/化工/环保,矿物加工,酸洗提纯专家（石英砂）,企业,山东金玺泰矿业有限公司,2000-5000人,临沂-兰陵县,临沂-兰陵县,临沂-兰陵县,20-40k,大专,8年以上,20250418135427,13薪 / 14薪,"1. 全面负责提纯工厂的生产运营管理，制定并实施年度/季度/月度生产计划，确保产量、质量、成本等关键指标达标
2. 优化酸洗、浮选、高温氯化等提纯工艺流程，持续提升产品纯度（4N-6N）和生产效率
3. 建立完善的生产数据监测系统，定期分析关键工艺参数（酸耗、能耗、金属杂质含量等）
4. 主导高纯石英砂提纯工艺的技术改进和创新，解决生产过程中的技术难题
5. 建立严格的质量控制体系，确保产品符合光伏、半导体等行业标准
6. 负责新产品研发及产业化落地，提升产品附加值和市场竞争力
7. 统筹提纯设备的运行维护，制定关键设备（反应釜、酸洗槽、高温炉等）的预防性维护计划
8. 落实安全生产和环保管理要求，确保符合危化品管理、废水处理等法规标准
9. 组织EHS风险评估和隐患排查，建立应急预案并定期演练
10. 负责提纯生产成本管控（化学品、能耗、设备损耗等），持续优化降本方案
11. 组建高效管理团队，制定人才培养计划，提升团队专业能力
12. 建立科学的绩效考核机制，激发员工积极性和创新力
二、","1. 大专及以上学历，化学工程、材料科学、矿物加工等相关专业
2. 10年以上石英砂提纯行业经验，5年以上高纯石英砂生产管理经验
3. 熟悉光伏级、半导体级高纯石英砂生产工艺和技术标准
4. 精通石英砂化学提纯工艺（酸洗、浮选、高温氯化等）及设备管理
5. 具备丰富的危化品管理和废水处理经验
6. 熟练使用ERP/MES等生产管理系统
 查看全部",CSS / React / PMP / Go / HTML / jQuery / UG / AI,矿产开采,https://www.liepin.com/job/1973940377.shtml
602,猎聘,能源/化工/环保,矿物加工,外贸专员/助理,企业,山东华民钢球股份有限公司,100-499人,济南-章丘区,济南-章丘区,济南-章丘区,5-10k,大专,1-3年,20251217081524,发展空间大 / 上不封顶 / 年终奖金 / 节日礼物 / 餐费补贴 / 包住 / 年终奖 / 五险一金 / 公司规模大 / 五险 / 双休 / 2.缴纳五险一金 / 年度旅游 / 1.实行底薪+提成的宽带薪酬,"1.定期维护老客户，了解客户需求，及时处理客户反馈的问题，确保客户满意
2.对潜在客户进行开发和管理，并加强竞争对手分析
3.及时处理询盘信息，促成订单达成
4.制定客户合同并跟进合同回款情况","1.大学专科及以上，英语四级及以上，国际贸易、市场营销、金属材料或矿物加工工程等相关专业。
2.擅长沟通，有较强的语言逻辑能力
薪酬福利：
1.实行底薪+提成的宽带薪酬，上不封顶 
2.缴纳五险一金
 查看全部",CSS / 德语 / 英语 / React / PMP / Go / HTML / 韩语 / jQuery / UG / AI / 英语四级,金属制品,https://www.liepin.com/job/1955197607.shtml
603,猎聘,能源/化工/环保,矿物加工,选矿技术员,企业,潍坊恒基磁电机械有限公司,100-499人,潍坊-潍城区,潍坊-潍城区,潍坊-潍城区,5-10k,大专,经验不限,20260331143749,13薪,"：
1、负责业务客户来料记录，根据测试结果进行选矿设备选型和工艺流程的确定；
2、日常选矿试验工作，如矿石破碎、磨矿、磁选等;
3、记录实验数据;
4、试料设备的清理、保养。","1、45周岁以下，专科及以上学历，矿物加工、选矿工程或相关专业优先考虑;
2、了解选矿理论，选矿工艺，选矿技术。
 查看全部",CSS / React / PMP / Go / HTML / jQuery / UG / AI,机械/设备,https://www.liepin.com/job/1981385963.shtml
604,猎聘,能源/化工/环保,矿物加工,工厂普工,企业,广州广谷电子有限公司,/,安徽省,滁州,滁州,5-8k,本科,经验不限,20240407124054,16薪 / 18薪 / 13薪 / 15薪 / 14薪,"普工/操作工职位已暂停招聘_猎聘
 该职位已暂停招聘
 投递了该职位的人还查看了
 大语言模型算法(NLP) 30-50k
 某苏州IT服务公司 A轮
 上海-徐汇区
 3-5年
 硕士
 赵女士
 ·
 猎头
 AI算法工程师（LLM大语言模型算法方向） 40-70k
 深海智人 D轮及以上
 广州-南沙区
 1年以上
 硕士
 刘先生
 ·
 HR
 大语言模型算法专家 30-60k·16薪
 某杭州互联网上市公司 已上市
 北京
 3年以上
 本科
 郑先生
 ·
 猎头
 推理引擎（大模型训练推理） 30-50k·14薪
 某知名上市公司 已上市
 上海
 1-3年
 本科
 黄女士
 ·
 猎头顾问
 LLM算法工程师 45-65k·15薪
 某北京在线社交/媒体公司 B轮
 北京
 2-7年
 硕士
 张先生
 ·
 资深顾问
 LLM后训练算法工程师-AI4Science 65-95k
 祥恩股权投资管理(上海)有限公司 融资未公开
 杭州-滨江区
 3-5年
 硕士
 魏女士
 ·
 Recruiter
 机械设备装配员 4-6k
 苏州易族自动化科技有限公司 
 苏州-相城区
 经验不限
 学历不限
 张女士
 ·
 副总经理助理
 算法工程师 20-40k·13薪
 某上海IT服务公司 天使轮
 上海-杨浦区
 1-3年
 硕士
 武先生
 ·
 招聘经理
 Agent Infra研发工程师/专家 40-60k·16薪
 某杭州互联网上市公司 已上市
 杭州
 3-5年
 硕士
 马先生
 ·
 高级猎头顾问
 LLM算法工程师 40-70k·16薪
 某杭州大型计算机软件公司 D轮及以上
 北京
 3-6年
 硕士
 梁女士
 ·
 猎头顾问
 大语言模型算法工程师 50-80k·16薪
 某科技金融上市公司 已上市
 北京
 4年以上
 硕士
 任先生
 ·
 合伙人
 算法工程师（大语言模型（LLM）base深圳 40-50k
 某深圳大型计算机软件公司 战略融资
 深圳
 1-3年
 硕士
 刘女士
 ·
 猎头顾问
 3D动作设计师 7-15k·13薪
 成都晴果网络科技有限公司 
 成都
 3-5年
 大专
 李女士
 ·
 HR
 大模型数据工程师（LLM） 50-80k·16薪
 某北京人工智能公司 融资未公开
 北京
 经验不限
 学历不限
 董先生
 ·
 助理总经理/总助(高管级)
 llm算法工程师 20-45k·14薪
 险峰(K2VC) 融资未公开
 北京-海淀区
 5-10年
 本科
 程女士
 算法开发岗（大语言模型强化学习）--25/25届博士 50-70k·15薪
 某知名通信设备上市公司 已上市
 深圳
 经验不限
 博士
 靳女士
 ·
 新媒体运营专员
 maya动画师 13-20k
 上海祥翊文化传媒有限公司 
 上海
 1-3年
 学历不限
 陆先生
 ·
 团队经理
 大模型infra算法工程师 35-65k·16薪
 摩尔线程 已上市
 杭州-萧山区
 经验不限
 硕士
 汪先生
 ·
 招聘hr
 机器学习工程师 30-55k
 杭州创客矩阵信息技术咨询有限责任公司 融资未公开
 杭州-西湖区
 经验不限
 本科
 欧先生
 ·
 首席执行官CEO/总裁/总经理
 基础模型算法工程师 - LLM Post-training 100-130k·15薪
 某大型知名电子商务公司 D轮及以上
 上海-徐汇区
 3-5年
 硕士
 张女士
 ·
 猎头顾问
 大模型LLM算法工程师 60-90k·15薪
 某北京大型云计算/大数据公司 D轮及以上
 北京
 经验不限
 统招本科
 王女士
 ·
 SC
 机器人SLAM算法工程师 30-50k·14薪
 某上海人工智能公司 天使轮
 上海
 1-3年
 硕士
 苏女士
 ·
 猎头顾问
 大模型数据工程师（LLM） 60-90k
 某知名公司 融资未公开
 北京
 3年以上
 统招本科
 单女士
 ·
 资深顾问(SC)
 NLP/大语言模型/多模态算法工程师 30-50k
 某苏州IT服务公司 A轮
 苏州
 3-5年
 本科
 何女士
 ·
 猎头顾问/助理
 LLM大模型算法工程师 50-80k
 杭州宇才企业管理咨询有限公司 
 杭州-临平区
 经验不限
 博士
 蔡女士
 ·
 人才顾问
 大语言模型基础研发工程师 40-70k
 某深圳大型通信设备公司 战略融资
 深圳
 1-3年
 硕士
 许女士
 ·
 实习顾问
 科研算法工程师（大模型与AIGC方向） 25-55k·14薪
 群核科技 已上市
 杭州-拱墅区
 3年以下
 硕士
 高先生
 ·
 招聘负责人
 感知算法工程师（激光点云） 35-40k
 某上海人工智能公司 C轮
 上海-浦东新区
 经验不限
 硕士
 王女士
 ·
 猎头顾问
 大语言模型算法工程师 50-80k·18薪
 某武汉大型IT服务公司 
 北京
 5-10年
 本科
 陈女士
 ·
 合伙人
 亚马逊电商运营 10-15k
 金华市沐月服装有限公司 
 杭州-滨江区
 1-3年
 本科
 韦先生
 ·
 人事部",/,CSS / React / 机器学习 / PMP / 算法 / HTML / Maya / jQuery / UG / AI,批发/零售,https://www.liepin.com/job/1966029515.shtml
605,猎聘,能源/化工/环保,矿物加工,选矿工程师,企业,金鹏集团,100-499人,烟台-福山区,烟台-福山区,烟台-福山区,13-15k,学历不限,8年以上,20251213094505,16薪 / 13薪,"： 
1.全面负责金矿及炭浆厂选矿厂的生产运营管理，确保年处理矿石量达50万吨以上 
2.优化CIP炭浆工艺，将金回收率提升至92%以上，降低尾矿品位至0.3g/t以下 
3.统筹设备选型与技术升级，主导完成3次大型选厂技术改造项目 
4.建立标准化生产管理体系，实现吨矿处理成本下降15%，能耗降低20%","1.矿物加工工程专业本科以上学历，持有选矿工程师资格证书 
2.8年以上黄金选矿厂管理经验，其中3年以上炭浆厂厂长任职经历 
3.精通CIP/CIL工艺，熟悉Knelson离心机、浸出槽等关键设备操作 
4.具备年产5吨以上黄金选厂的筹建或改扩建项目管理经验
 查看全部",CSS / 项目管理 / React / PMP / Go / HTML / jQuery / UG / AI,电子/半导体/集成电路,https://www.liepin.com/job/1979121227.shtml
606,猎聘,能源/化工/环保,矿物加工,水处理技术服务工程师,企业,山东诺尔生物科技有限公司,1000-2000人,山东省,东营,东营,7-14k,大专,3年以上,20250421161908,发展空间大 / 年终奖金 / 团队聚餐 / 节日礼物 / 年终奖 / 五险一金 / 13薪 / 公司规模大 / 五险 / 聚餐 / 年度旅游 / 岗位晋升,/,"1、环境工程、给排水、矿物加工相关专业，有工作经验者优先；
2、本科及以上学历（条件优异者，可适当放宽）；
3、五官端正、性格开朗、沟通交流能力强、工作细致认真；
4、熟练掌握word、excel等办公软件；
5、适应出差。
办公地点：青岛、东营、苏州、河北、辽宁
 查看全部",CSS / React / PMP / Go / HTML / jQuery / UG / AI / Excel,化工,https://www.liepin.com/job/1971827977.shtml
607,猎聘,能源/化工/环保,矿物加工,采矿工程师/高级采矿工程师,企业,集海资源企业管理(深圳)有限公司,1-49人,烟台-牟平区,烟台-牟平区,烟台-牟平区,15-25k,本科,5-8年,20250515171304,13薪 / 18薪,"1. 编写年度生产计划、矿区开发规划、参与矿山重大设计的审查，组织并跟踪相关计划的实施。
2. 负责矿山采掘施工现场的技术指导、安全管理及监督管理。
3. 使用专业软件制定矿山生产计划、优化采矿进程、分析并改进采矿方案。
二、","1. 采矿、选矿、矿物加工等相关专业为主，本科及以上学历，985/211优先。
2. 具有5-8年的大型露天矿山工作经验，能独立完成矿山开采计划设计和生产计划的编制，专业基础扎实。
3. 具备一定的英语阅读和沟通能力
4. 熟练使用相关软件，例如Micromine、Mineplan等。
 查看全部",CSS / 项目管理 / 英语 / React / PMP / Go / HTML / jQuery / UG / AI,其他商务服务业,https://www.liepin.com/job/1973650629.shtml
608,猎聘,能源/化工/环保,矿物加工,采矿助理工程师,企业,集海资源企业管理(深圳)有限公司,1-49人,烟台-牟平区,烟台-牟平区,烟台-牟平区,8-15k,本科,5-8年,20250606173748,五险 / 13薪 / 14薪,"1. 编写年度生产计划、矿区开发规划、参与矿山重大设计的审查，组织并跟踪相关计划的实施。
2. 负责矿山采掘施工现场的技术指导、安全管理及监督管理。
3. 使用专业软件制定矿山生产计划、优化采矿进程、分析并改进采矿方案。
二、","1. 采矿、选矿、矿物加工等相关专业为主，本科及以上学历，985/211优先。
2. 具有5-8年的大型露天矿山工作经验，能独立完成矿山开采计划设计和生产计划的编制，专业基础扎实。
3. 具备一定的英语阅读和沟通能力
4. 熟练使用相关软件，例如Micromine、Mineplan等。
 查看全部",CSS / 项目管理 / 英语 / React / PMP / Go / HTML / jQuery / UG / AI,其他商务服务业,https://www.liepin.com/job/1974378095.shtml
609,猎聘,能源/化工/环保,矿物加工,总经理助理,企业,海王工业,1000-2000人,威海-环翠区,威海-环翠区,威海-环翠区,10-15k,硕士,经验不限,20250313131603,发展空间大 / 年终奖金 / 带薪年假 / 年终奖 / 五险一金 / 交通补助 / 13薪 / 五险 / 免费班车 / 班车 / 提供住宿,"：
1、协助总经理制定战略规划、年度经营计划及各阶段工作目标分解，起草公司各阶段工作总结和其他正式文件；
2、跟踪公司经营目标达成情况，提供分析意见及改进建议；
3、协助总经理对公司运作与各职能部门进行管理、协调内部各部门关系；
4、配合总经理处理外部公共关系，参与公司大型公关活动的策划、安排、组织工作；
5、协助总经理安排各项高层会议的日程与议程，撰写和跟进落实高层会议、主题会议等公司会议纪要；
6、撰写总经理的有关报告、文件，安排总经理的各项工作行程；
7、领导安排的其他工作。","1、本科及以上学历，30岁内，985、211院校优先，矿物加工、采矿工程、机械等工科类专业优先；
2、文笔功底深厚，有本领域工作经验者优先；
3、知识结构较全面，具有丰富的管理经验，能够迅速掌握与公司业务有关的各种知识；
4、有较强的组织、协调、沟通、领导能力及人际交往能力，具有较强的判断与决策能力、计划和执行能力；
5、具备良好的团队协作精神，为人诚实可靠、品行端正。
 查看全部",CSS / 日语 / 项目管理 / 英语 / React / PMP / Go / HTML / jQuery / UG / AI,机械/设备,https://www.liepin.com/job/1973092479.shtml
610,猎聘,能源/化工/环保,矿物加工,选矿设计师,企业,金建工程设计有限公司,100-499人,烟台-莱山区,烟台-莱山区,烟台-莱山区,8-10k,统招本科,经验不限,20240926080056,发展空间大 / 带薪年假 / 团队聚餐 / 绩效奖金 / 餐费补贴 / 领导好 / 技能培训 / 五险一金 / 交通补助 / 13薪 / 五险 / 聚餐 / 定期体检 / 咖啡,"：
1.参与工程任务、工程设计方案的讨论及初期资料整理
2.参与可研和设计说明书的编制
3.项目考察结果的收集和整理","1、选矿工程、矿物加工专业（非煤），本科及以上学历
2、熟练使用CAD等相关软件
3、应届生即可
4、良好的语言表达能力、沟通和人际交往能力
 查看全部",CSS / React / CAD / PMP / 算法 / Go / HTML / jQuery / UG / AI,专业技术服务,https://www.liepin.com/job/1952418221.shtml
611,猎聘,能源/化工/环保,矿物加工,洗煤厂技术工程师,企业,巴斯夫浩珂矿业化学(中国)有限公司,100-499人,济宁-任城区,济宁-任城区,济宁-任城区,6-10k,本科,5-10年,20241023152113,带薪年假 / 餐费补贴 / 绩效奖金 / 节日礼物 / 子女福利 / 五险一金 / 13薪 / 周末双休 / 节日福利 / 15薪 / 五险 / 免费班车 / 定期体检 / 双休 / 弹性工作 / 班车 / 岗位晋升 / 提供住宿,"：
执行公司相关技术决策和部门技术服务要求。
负责收集和整理所服务项目的现场工程资料。
在现场服务期间负责收集和学习竞争对手产品及技术的相关信息。
参与和配合新产品开发与引进，做好产品新用途开发及改进。配合新产品的推广和使用。
收集和整理销售人员及施工人员提出的产品建议并筛选汇报。
出差后填写工程技术服务人员现场情况汇报表。
参加行业相关技术交流与培训，并及时消化吸收最新技术成果。
配合并实施公司产品宣传及营销中相关技术支持工作。
负责与客户进行沟通，了解用户在技术上的发展要求，准确介绍产品特点，做好技术支持。 
负责回复公司免费服务电话、网站留言及邮件等相关技术咨询。
负责施工人员技术培训与指导。
识别并及时汇报发现的不合规事宜，并按要求及时采取补救措施。
履行现行及以后更新的“EHS管理组织和职责”中规定的相关职责。
上级交办的为实现公司目标的其他工作。","硬岩矿山、露天矿、地下工程、矿业工程、矿物加工工程等相关专业大学本科及以上学历
技术&专业技能：
熟悉硬岩矿山生产系统、地质、安全等专业知识
较好的英语阅读和书写能力，能处理英文邮件；适量的口头沟通能力",CSS / 项目管理 / 英语 / React / PMP / Go / HTML / jQuery / UG / AI,矿产开采,https://www.liepin.com/job/1970379213.shtml
612,猎聘,能源/化工/环保,矿物加工,市场研究员（六险一金+双休）,企业,有色网,100-499人,烟台-芝罘区,烟台-芝罘区,烟台-芝罘区,5-6k·13薪,本科,经验不限,20250425173808,年终奖金 / 带薪年假 / 绩效奖金 / 补充医疗保险 / 年终奖 / 补充医疗 / 五险一金 / 13薪 / 节日福利 / 六险一金 / 五险 / 定期体检 / 双休 / 六险,"：
1、联络：长期、大量与行业内企业保持密切联络和动态跟踪，通过电话等
方式进行市场调研。
2、分析：跟踪行业新闻，研究行业数据，分析行业发展，撰写行业报告、新闻，协助建立矿业行业分析模型并推广
3、其他：巩固和开发良好的客户关系，与市场第一线的主要参与者保持密切的沟通、协助产品创新、协助咨询项目的顺利开展等。","1. 全日制本科及以上学历、金融、经济、采矿、矿物加工等相关专业；
2.有市场调研、猎头经验、专家搜寻的实习经验者更佳。
3. 具备优秀的逻辑分析、快速学习能力；
4. 具备较好的沟通能力，善于团队协作；
5. 具有较强抗压能力，做事沉稳；
薪资待遇：
1.5k-6k，13薪。
2.五险一金、补充医疗保险。
3.节日福利、定期体检、带薪休假。
 查看全部",CSS / 协助产品创新 / React / PMP / Go / HTML / 与市场第一线的主要参与者保持密切的沟通 / 协助咨询项目的顺利开展等。 / jQuery / UG / AI / 巩固和开发良好的客户关系,互联网,https://www.liepin.com/job/1974119415.shtml
613,猎聘,能源/化工/环保,矿物加工,销售工程师,企业,金建工程设计有限公司,100-499人,烟台-莱山区,烟台-莱山区,烟台-莱山区,6-9k,统招本科,经验不限,20240926075425,发展空间大 / 带薪年假 / 团队聚餐 / 绩效奖金 / 餐费补贴 / 领导好 / 技能培训 / 五险一金 / 交通补助 / 13薪 / 五险 / 聚餐 / 定期体检 / 咖啡,"：
1.老客户的维护和二次开发，提高客户粘性和转介绍率；
2.新市场新客户的开发，按时按量完成销售业绩指标；
3.收集了解市场信息，并及时向反馈；
4.参与营销方案的制定，并积极落实销售方案
5.做好与公司内部人员的沟通协调；
6.做好货款的回收，杜绝呆坏账的产生。","1.大专以上学历，采矿工程、矿物加工、电气工程与自动化等相关专业；（专业不符的请慎投）
2.思维活跃，具有积极进取的精神及接受挑战的性格；
3.为人诚实、正直、性格开朗，责任心强，擅长与人沟通；
4.主动学习意识强，具有良好的服务意识。 
 查看全部",沟通协调 / CSS / React / PMP / Go / HTML / jQuery / UG / AI,专业技术服务,https://www.liepin.com/job/1964282331.shtml
614,猎聘,能源/化工/环保,矿物加工,选矿工艺员,企业,山东龙佰钛业科技有限公司,100-499人,山东省,日照,日照,7-9k,本科,经验不限,20221011094646,年终奖金 / 餐补 / 年终奖 / 五险一金 / 13薪 / 高温补贴 / 节日福利 / 五险 / 14薪 / 股权激励,"1.负责选矿方面的技术攻关、工艺优化、 稳质提产工作；
2.对选矿生产和技术指标进行监督；
3.指导工艺操作，参与新工艺的试验、设计和技术资料编写工作；
4.完成部门下达的任务及各项技术指标；
5.跟踪现场选矿流程，及时发现问题解决问题；
（二）","1.本科及以上矿物加工工程相关专业。
2.吃苦耐劳，适应项目建设期间工作，具有良好的沟通能力、责任心强；
3.优秀应届毕业生亦可；
4.三年以上相关工作经验者可放宽至大专学历；
（三）薪资福利待遇：
五险一金、年终奖金、员工持股、股权激励、就餐补贴、工龄工资、加班工资、高温补贴、节日福利等。
 查看全部",CSS / 项目管理 / React / PMP / Go / HTML / jQuery / UG / AI,矿产开采,https://www.liepin.com/job/1951503073.shtml
615,猎聘,能源/化工/环保,矿物加工,检测技术负责人,企业,温州市讯和电脑科技有限公司,1-49人,枣庄-薛城区,枣庄-薛城区,枣庄-薛城区,5-7k,本科,经验不限,20240314154623,年底双薪 / 16薪 / 带薪年假 / 18薪 / 全勤奖 / 13薪 / 包吃 / 15薪 / 双休 / 包吃住 / 14薪,"：
1.主要负责结构现场检测及数据整理等工作；
2.听从部门领导或项目负责人的工作安排，按时按质完成检测工作任务；
3.熟练掌握结构检测相关检测设备的使用；
4.负责对检测仪器设备的日常维护和保养；
5.及时完成原始记录的书写；
6.完成检测报告的编写及鉴定报告中检测内容报告的编写；
7.编制简易项目的检测鉴定方案；
8.简易模型的建立、计算机分析等；","1.本科及以上学历，土建类相关专业；
2.具有吃苦耐劳、团结协作精神；
3.有建筑主体结构工程现场检测经验优先；
4.熟练使用PKPM、AutoCAD、Office等软件；
5.可接受应届毕业生，作为培养对象；
6.有驾驶证者优先。
 查看全部",JavaScript / CSS / Java / 项目管理 / React / CAD / PMP / AutoCAD / 算法 / Go / HTML / jQuery / UG / AI,批发/零售,https://www.liepin.com/job/1965478829.shtml
616,猎聘,能源/化工/环保,矿物加工,研究生产岗位,企业,济宁中科恩吉科创新产业园管理有限公司,1-49人,济宁-嘉祥县,济宁-嘉祥县,济宁-嘉祥县,薪资面议,统招本科,经验不限,20200922102525,发展空间大 / 团队聚餐 / 餐补 / 五险一金 / 13薪 / 公司规模大 / 双休 / 五险 / 14薪 / 聚餐 / 岗位晋升 / 午餐补助,"：""
1、实验室实验方案操作；
2、负责目前已有分析设备的分析操作；
3、实验结果分析，简单的数据分析及处理，测试报告文本工作；
4、分析设备的日常维护""","""1、身体健康，年龄在40岁以下；
2、材料学/环境工程/化学工程/矿物加工等相关专业，有实际工作经验者优先。
3、具备较高专业知识和测试与办公软件使用能力。
4、具备较高的纪律性、责任心、执行能力、语言表达能力、学习能力和团队合作精神。""
 查看全部",CSS / React / PMP / 数据分析 / Go / HTML / jQuery / UG / AI,环保,https://www.liepin.com/job/1925811151.shtml
617,猎聘,能源/化工/环保,矿物加工,硬岩矿山技术服务工程师,企业,巴斯夫浩珂矿业化学(中国)有限公司,100-499人,济宁-兖州区,济宁-兖州区,济宁-兖州区,5-7k,大专,5-10年,20240729130312,年终奖金 / 节日礼物 / 绩效奖金 / 年终奖 / 五险一金 / 全勤奖 / 13薪 / 周末双休 / 节日福利 / 通讯津贴 / 免费班车 / 定期体检 / 五险 / 双休 / 班车 / 弹性工作 / 饮料,"：
执行公司相关技术决策和部门技术服务要求。
负责收集和整理所服务项目的现场工程资料。
在现场服务期间负责收集和学习竞争对手产品及技术的相关信息。
参与和配合新产品开发与引进，做好产品新用途开发及改进。配合新产品的推广和使用。
收集和整理销售人员及施工人员提出的产品建议并筛选汇报。
出差后填写工程技术服务人员现场情况汇报表。
参加行业相关技术交流与培训，并及时消化吸收最新技术成果。
配合并实施公司产品宣传及营销中相关技术支持工作。
负责与客户进行沟通，了解用户在技术上的发展要求，准确介绍产品特点，做好技术支持。
负责回复公司免费服务电话、网站留言及邮件等相关技术咨询。
负责施工人员技术培训与指导。
识别并及时汇报发现的不合规事宜，并按要求及时采取补救措施。
履行现行及以后更新的“EHS管理组织和职责”中规定的相关职责。
上级交办的为实现公司目标的其他工作。","Education 教育：
硬岩矿山、地下工程、矿业工程、矿物加工工程等相关专业大学本科及以上学历
Technical & Professional knowledge 技术&专业技能：
熟悉硬岩矿山生产系统、地质、安全等专业知识
较好的英语阅读和书写能力，能处理英文邮件；适量的口头沟通能力
Others 其它：
较强的自我学习能力和文字书写及数据处理能力，强有力的执行力；较高的公司忠诚度和职业操守；",CSS / 英语 / React / PMP / Go / HTML / jQuery / UG / AI,矿产开采,https://www.liepin.com/job/1968669421.shtml
618,猎聘,能源/化工/环保,矿物加工,实验人员及样品分析测试,企业,济宁中科恩吉科创新产业园管理有限公司,1-49人,济宁-嘉祥县,济宁-嘉祥县,济宁-嘉祥县,8-12k,统招本科,经验不限,20200922102525,发展空间大 / 团队聚餐 / 餐补 / 五险一金 / 13薪 / 公司规模大 / 双休 / 五险 / 14薪 / 聚餐 / 岗位晋升 / 午餐补助,"：
""
1、实验室实验方案操作；
2、负责目前已有分析设备的分析操作；
3、实验结果分析，简单的数据分析及处理，测试报告文本工作；
4、分析设备的日常维护""","""1、身体健康，年龄在40岁以下；
2、材料学/环境工程/化学工程/矿物加工等相关专业，有实际工作经验者优先。
3、具备较高专业知识和测试与办公软件使用能力。
4、具备较高的纪律性、责任心、执行能力、语言表达能力、学习能力和团队合作精神。""
 查看全部",CSS / React / PMP / 数据分析 / Go / HTML / jQuery / UG / AI,环保,https://www.liepin.com/job/1925811181.shtml
619,猎聘,能源/化工/环保,矿物加工,选矿技术员,企业,兴盛矿业,100-499人,临沂-沂水县,临沂-沂水县,临沂-沂水县,7-10k,本科,经验不限,20260609133941,发展空间大 / 年终奖金 / 绩效奖金 / 年终奖 / 优秀员工奖 / 五险一金 / 全勤奖 / 五险 / 免费班车 / 定期体检 / 班车 / 岗位晋升 / 提供住宿,"1. 负责选矿生产流程的日常技术监控，优化破碎、磨矿、浮选等核心工艺参数，提升矿石回收率与精矿品位。
2. 参与选矿设备的日常维护与故障排查，协助制定设备检修计划，保障生产系统稳定运行。
3. 收集、分析生产数据，撰写技术报告，提出工艺改进方案并推动落地实施。
4. 配合完成选矿试验及新技术、新药剂的应用验证，为生产工艺升级提供技术支持。","1. 本科及以上学历，矿物加工工程、冶金工程等相关专业。
2. 熟悉选矿工艺流程及主要设备原理，具备1年以上选矿现场技术工作经验优先。
3. 掌握选矿试验方法与数据分析工具，能独立完成工艺参数调整与问题诊断。
4. 具备较强的责任心与执行力，能适应矿山现场工作环境。
 查看全部",CSS / React / PMP / 数据分析 / Go / HTML / jQuery / UG / AI,矿产开采,https://www.liepin.com/job/1983279979.shtml
620,猎聘,能源/化工/环保,矿物加工,选矿工程师,企业,某国内大型矿产开采公司,10000人以上,山东省,济南,济南,30-50k,统招本科,5-10年,20260610163558,外派津贴 / 16薪 / 18薪 / 五险一金 / 交通补助 / 13薪 / 两月假期报销往返 / 15薪 / 五险 / 14薪 / 提供住宿,"：
1.技术管控与指导：具体负责选矿工艺技术管理和技术指导工作，指导制定选矿生产计划和保证措施，深度钻研选矿工艺，依据矿石特性与生产目标，为选矿流程设计精准方案，为生产计划提供技术蓝图，确保选矿作业高效有序开展；
2.设备选型及优化：负责选矿设备的优选和选矿的技术经济分析工作，以及机械设备的正常运行和管理，综合考量设备性能、成本与适配性，筛选出最适宜的选矿设备；
3.计划指标制定：负责制定选矿加工计划，并予以实施，确保入选矿石品位、选矿回收率等技术指标达标；
4.试验研究与流程优化：组织选矿试验研究，负责选矿设备工艺和生产流程、机械、新技术的优化及改造调整，持续探索选矿新工艺、新药剂与新设备，通过试验获取可靠数据，以此为依据对现有选矿设备工艺、生产流程与机械进行深度优化与创新改造，增强选矿工艺的先进性与适应性，提高资源利用率与生产效率；
5.报告编写及进度把控：负责选矿技术可行性报告编写，能够编写项目的可行性报告，并对选矿生产过程的质量及进度进行检查；
6.技术论证与难题攻克：参与矿山企业的选矿技术论证工作，对选矿技术难题提供技术支持，在技术研讨与论证会议中，凭借丰富经验与深厚专业知识，贡献独到见解与建设性意见；
7.协助做好对外投资开发管理工作。","1.年龄45周岁及以下，5年及以上矿山企业选冶工作岗位经历，具有较丰富行业资源者优先，金矿工作经历优先；
2.矿物加工工程、选矿工程等相关专业，取得中级及以上职称；
3.具有选矿及相关专业理论知识，具备较高的选矿机械设备专业知识，选矿生产设施设备管理能力，熟知安全规范和操作规范。
4.身体健康，吃苦耐劳，能接受长期海外派驻工作。
5.英语可作为工作语言。
 查看全部",JavaScript / CSS / Java / 英语 / React / PMP / Go / HTML / jQuery / UG / AI,矿产开采,https://www.liepin.com/a/75527649.shtml
621,猎聘,能源/化工/环保,矿物加工,千亿级煤炭多元化集团焦化配煤工程师,企业,某国内大型矿产开采公司,10000人以上,吕梁-孝义,吕梁-孝义,吕梁-孝义,30-40k·14薪,统招本科,10年以上,20260609095302,专业培训 / 五险一金 / 13薪 / 15薪 / 五险 / 14薪,"配煤方案设计与优化
分析煤质指标并建立数据库，依据目标焦炭质量与成本，设计和优化配煤方案。
跟踪煤源变化，结合生产实际持续调整配煤结构，确保焦炭强度、灰分等指标达标，同时降低配煤成本。
根据订单和货源，制定配煤方案，监控产品质量并随时调整生产配比。
生产技术管理
监督配煤操作，分析生产异常情况，评估新煤种试验效果，与下游工序沟通以保障配煤方案准确执行和工艺协同。
检查配煤比执行情况，监测生产工艺变化对焦炭质量的影响，跟踪日常配煤运行情况并解决现场技术问题。
建立焦炭质量预警体系，对焦炭质量进行跟踪、分析和考核，对配煤方案执行情况进行检查与考核。
成本控制与供应链协同
分析煤炭市场，开发高性价比煤炭资源，与采购部门协作，通过成本核算与优化降低配煤成本。
研究和规划配煤结构、库存结构及原料煤采购计划。
技术研发与体系建设
收集国内外先进配煤科技成果和行业技术发展动态，开展配煤工艺研究，推动技术升级和新煤种、新技术的推广应用。
负责公司煤炭及配煤科研项目的开发调研、论证、实施与总结，编写配煤技术规程，建立配煤配矿模型体系。
对团队或下属公司配煤管理人员进行专业培训，提升专业技能。
职位要求
学历与专业
全日制研究生学历，煤炭深加工与利用、矿物加工工程、化学工程与工艺、冶金工程、钢铁冶金等相关专业优先。
工作经验
5 年以上焦化厂、钢铁企业或煤炭深加工企业配煤相关工作经验。
技能与能力
熟练使用 Office 办公软件，尤其擅长 Excel 进行数据分析和计算，能运用常用数据分析、作图软件。
具备较强的沟通协调、分析解决问题能力，有创新思维和科研能力，部分","有一定的英语读写和交流能力。
精通配煤技术，熟悉配煤工艺流程和不同煤种的炼焦特性，能深入现场收集一手资料。
其他要求
年龄要求在 45 以下，身体健康，品行端正，有责任心和团队合作精神。
拥有中级以上本专业技术职称或配煤相关注册资格证书者优先。
 查看全部",JavaScript / 沟通协调 / CSS / Java / 英语 / React / PMP / 数据分析 / Go / HTML / jQuery / UG / AI / Excel,矿产开采,https://www.liepin.com/a/75449781.shtml
622,猎聘,能源/化工/环保,矿物加工,配煤工程师,企业,某国内大型矿产开采公司,10000人以上,吕梁-孝义,吕梁-孝义,吕梁-孝义,20-35k,统招本科,3-5年,20260521142619,五险一金 / 13薪 / 周末双休 / 15薪 / 五险 / 六险一金 / 双休 / 14薪 / 六险,"】： 负责焦化厂炼焦配煤方案的设计、优化与现场落地，制定兼顾焦炭质量、生产成本与生产适配性的配煤比。
跟踪配煤全生产流程，监控配合煤及成品焦炭的核心质量指标，及时调整配煤方案，保障产品符合标准。
开展单煤种焦化性能试验与评价，搭建煤质数据库，筛选适配煤种，配合拓展优质低成本煤源渠道。
负责配煤环节成本管控，在满足焦炭质量要求的前提下，持续压降配煤综合成本。
解决配煤工艺相关技术难题，配合完成工艺升级、安全生产相关的技术管理工作。 
【","】： 学历专业：大专及以上学历，最好是硕博，煤化工、炼焦化学、矿物加工工程等相关专业。
从业经验：10年及以上大中型焦化厂配煤岗位实操经验，可独立完成配煤方案的设计与动态调整。
专业能力：熟悉各类炼焦煤性能、炼焦工艺及配煤核心原理，掌握焦炭质量国家标准，具备配煤成本优化能力。
职业素养：工作严谨、责任心强，具备良好的数据分析与现场问题解决能力，能适应焦化厂生产现场的工作节奏。
 查看全部",JavaScript / CSS / Java / React / PMP / 数据分析 / Go / HTML / jQuery / UG / AI,矿产开采,https://www.liepin.com/a/74871801.shtml
623,猎聘,能源/化工/环保,矿物加工,工艺副厂长,企业,南昌矿机集团股份有限公司,500-999人,吕梁-岚县,吕梁-岚县,吕梁-岚县,20-25k,本科,10年以上,20260320101941,13薪 / 15薪,"1. 工艺体系建设：建立并完善铁矿生产全流程（破碎、磨矿、磁选、浮选、重选等）工艺管理制度、操作规范和技术标准，确保工艺执行的标准化、规范化，同时结合行业标准和公司发展需求，持续更新工艺体系。
2. 工艺设计与落地：根据公司铁矿资源禀赋、生产规模和产品定位，设计优化铁矿生产工艺流程和工艺参数，组织工艺方案的落地实施，指导车间工艺技术员和操作人员严格执行工艺标准，确保工艺方案适配生产实际。
3. 工艺优化与升级：持续跟踪生产过程中的工艺运行数据，分析工艺瓶颈和问题（如回收率低、品位不达标、能耗高等），结合行业先进工艺技术和科研成果，制定工艺优化和升级方案并组织实施，提升选矿回收率、产品品位和工艺效率。
4. 工艺试验与研发：组织开展铁矿工艺试验（如原矿可选性试验、药剂筛选试验、工艺参数优化试验等），调研行业前沿工艺技术和选矿药剂，推动工艺技术的自主研发和创新，为公司工艺升级和产品结构优化提供技术依据。
5. 工艺现场管控与指导：深入生产现场进行工艺巡查和指导，及时纠正工艺执行中的不规范操作，解决生产过程中出现的工艺技术问题，确保工艺稳定运行；针对生产车间提出的工艺问题，及时制定解决方案并落地。
6. 工艺成本与能耗管控：建立工艺成本和能耗管控体系，分析工艺各环节的物料消耗、能耗指标，制定降本降耗的工艺优化措施，降低选矿过程中的药剂、水、电、矿料等消耗，控制工艺运营成本。
7. 工艺团队与技术传承：负责工艺技术团队的招聘、培训、考核和建设，建立工艺技术交流和传承机制，提升团队整体工艺技术水平；组织开展工艺技术培训，提升生产车间操作人员的工艺执行能力。
8. 跨部门协作：与生产、设备、采购、质量等部门密切沟通，协调解决工艺与生产、设备适配性问题，根据工艺需求提出设备改造、备件采购、药剂选型等建议，保障工艺方案的顺利执行。","1、本科及以上学历，矿物加工工程、选矿工程、冶金工程、采矿工程等相关专业，工艺技术研发与管理经验丰富者可适当放宽学历限制。
2、8年以上铁矿选矿工艺技术研发、设计、管理相关工作经验，其中5年以上工艺技术中高层管理岗位工作经验。
3、精通铁矿选矿全流程工艺（破碎、磨矿、磁选、浮选、重选等）原理、工艺设计和参数优化，熟悉不同类型铁矿（磁铁矿、赤铁矿、褐铁矿等）的可选性和加工工艺；掌握矿物加工试验方法和数据分析技巧，熟悉各类选矿药剂的性能和使用方法；熟悉矿山生产相关法律法规和行业工艺标准，了解铁矿生产设备的基本性能和工艺适配性；熟练使用CAD制图、工艺模拟软件、Office办公软件，能独立完成工艺方案设计和数据分析报告。
 查看全部",CSS / 项目管理 / React / CAD / PMP / 数据分析 / Go / HTML / jQuery / UG / AI,机械/设备,https://www.liepin.com/job/1981104857.shtml
624,猎聘,能源/化工/环保,矿物加工,配煤专家,企业,某国内大型矿产开采公司,10000人以上,山西省,吕梁,吕梁,25-35k·15薪,大专,经验不限,20260608204731,专业培训 / 五险一金 / 13薪 / 15薪 / 五险 / 14薪,"配煤方案设计与优化
分析煤质指标并建立数据库，依据目标焦炭质量与成本，设计和优化配煤方案。
跟踪煤源变化，结合生产实际持续调整配煤结构，确保焦炭强度、灰分等指标达标，同时降低配煤成本。
根据订单和货源，制定配煤方案，监控产品质量并随时调整生产配比。
生产技术管理
监督配煤操作，分析生产异常情况，评估新煤种试验效果，与下游工序沟通以保障配煤方案准确执行和工艺协同。
检查配煤比执行情况，监测生产工艺变化对焦炭质量的影响，跟踪日常配煤运行情况并解决现场技术问题。
建立焦炭质量预警体系，对焦炭质量进行跟踪、分析和考核，对配煤方案执行情况进行检查与考核。
成本控制与供应链协同
分析煤炭市场，开发高性价比煤炭资源，与采购部门协作，通过成本核算与优化降低配煤成本。
研究和规划配煤结构、库存结构及原料煤采购计划。
技术研发与体系建设
收集国内外先进配煤科技成果和行业技术发展动态，开展配煤工艺研究，推动技术升级和新煤种、新技术的推广应用。
负责公司煤炭及配煤科研项目的开发调研、论证、实施与总结，编写配煤技术规程，建立配煤配矿模型体系。
对团队或下属公司配煤管理人员进行专业培训，提升专业技能。
职位要求
学历与专业
全日制研究生学历，煤炭深加工与利用、矿物加工工程、化学工程与工艺、冶金工程、钢铁冶金等相关专业。
工作经验
5 年以上焦化厂、钢铁企业或煤炭深加工企业配煤相关工作经验。
技能与能力
熟练使用 Office 办公软件，尤其擅长 Excel 进行数据分析和计算，能运用常用数据分析、作图软件。
具备较强的沟通协调、分析解决问题能力，有创新思维和科研能力，部分","有一定的英语读写和交流能力。
精通配煤技术，熟悉配煤工艺流程和不同煤种的炼焦特性，能深入现场收集一手资料。
其他要求
年龄要求在 45 以下，身体健康，品行端正，有责任心和团队合作精神。
拥有中级以上本专业技术职称或配煤相关注册资格证书者。
 查看全部",JavaScript / 沟通协调 / CSS / Java / 英语 / React / PMP / 数据分析 / Go / HTML / jQuery / UG / AI / Excel,矿产开采,https://www.liepin.com/a/74932579.shtml
625,猎聘,能源/化工/环保,矿物加工,五职矿长,企业,某国内矿产开采公司,1-49人,山西省,忻州,忻州,8-12k,大专,经验不限,20260317154441,社保 / 六险一金 / 14薪 / 六险,"：熟悉露天矿山安全生产管理流程，落实安全管理制度，配合安全检查及相关资质维护工作。
四、其他说明
岗位急需，多人需求，待遇面议，有意者请尽快联系。
 查看全部","2. 如您应聘的岗位属于涉外劳务合作/海外岗位的，请务必核实招聘方对外劳务合作资质取得情况，同时注意自身资金安全，防范招聘欺诈。
 3. 本平台招聘方不向求职者提供任何收费服务。
 查看全部
 相关推荐
 展开
 忻州选矿工程师招聘
 忻州选矿助剂工程师招聘
 忻州探矿工程高级工程师招聘
 忻州海外选矿工艺工程师招聘
 忻州选矿厂工程师招聘
 忻州选矿工程师助理招聘
 忻州锂矿选矿工程师招聘
 忻州选矿药剂工程师招聘
 忻州矿山开发工程师招聘
 忻州选矿厂生产经理招聘
 忻州选矿工程师岗位招聘
 忻州金属矿选矿工程师招聘
 忻州洗选矿班长招聘
 忻州锰矿工程师招聘
 忻州选冶工程师招聘
 忻州选矿车间主管招聘
 忻州水力工程师招聘
 忻州砂石工艺工程师招聘
 忻州选煤设计工程师招聘
 忻州矿山技术工程师招聘
 忻州化工实验室工程师招聘
 忻州选矿设计招聘
 忻州洗选矿矿长招聘
 忻州选矿专家招聘
 忻州选矿设计师招聘
 忻州选矿主管招聘
 忻州通防工程师招聘
 忻州选矿厂经理招聘
 忻州技术科招聘
 忻州矿物选矿实验员招聘
 相关公司
 原平市弘坤房地产开发有限公司
 忻州市天成东大商贸有限公司
 山西德奥电梯股份有限公司
 代县宇华塑料管业有限公司
 代州黄酒酿造有限公司
 中铝(山西)铁建新材料有限公司
 山西山海荟餐饮管理有限公司
 五台县天玺基业房地产开发有限公司
 忻州恒泽企业管理咨询有限公司
 忻州晋兴科太环保科技有限公司
 忻州市荣誉云商贸有限公司
 山西紫云
 繁峙县如意启华大药房
 热门城市
 北京招聘网
 上海招聘网
 广州招聘网
 厦门招聘网
 杭州招聘网
 郑州招聘网
 南京招聘网
 天津招聘网
 重庆招聘网
 成都招聘网
 苏州招聘网
 商丘招聘网
 大连招聘网
 济南招聘网
 宁波招聘网
 无锡招聘网
 青岛招聘网
 沈阳招聘网
 台州招聘网
 西安招聘网
 武汉招聘网
 周边城市
 太原找工作
 阳泉找工作
 长治找工作
 晋城找工作
 朔州找工作
 晋中找工作
 运城找工作
 临汾找工作
 吕梁找工作
 大同找工作
 忻州招聘网
 >
 忻州选矿工程师招聘
 >
 五职矿长招聘
 收藏职位
 立即沟通
 更新时间：2026-06-10",JavaScript / CSS / Java / React / PMP / Go / HTML / jQuery / UG / AI,矿产开采,https://www.liepin.com/a/73487081.shtml
626,猎聘,能源/化工/环保,矿物加工,五职矿长,企业,某国内矿产开采公司,1-49人,山西省,忻州,忻州,8-12k,大专,经验不限,20260317154330,五险一金 / 社保 / 13薪 / 五险 / 六险一金 / 六险,"：熟悉露天矿山安全生产管理流程，落实安全管理制度，配合安全检查及相关资质维护工作。
四、其他说明
岗位，多人需求，待遇面议，有意者请尽快联系。
 查看全部","2. 如您应聘的岗位属于涉外劳务合作/海外岗位的，请务必核实招聘方对外劳务合作资质取得情况，同时注意自身资金安全，防范招聘欺诈。
 3. 本平台招聘方不向求职者提供任何收费服务。
 查看全部
 相关推荐
 展开
 忻州采矿工程师助理招聘
 忻州采矿设计高级工程师招聘
 忻州采矿工程高级工程师招聘
 忻州采矿总工程师招聘
 忻州采矿工艺工程师招聘
 忻州交付采矿高级工程师招聘
 忻州充填工程师招聘
 忻州矿管工程师招聘
 忻州采矿技术岗招聘
 忻州采矿选矿工程师招聘
 忻州采矿工程设计师招聘
 忻州助理采矿工程师招聘
 忻州充填采矿工程师招聘
 忻州矿山开采高级工程师招聘
 忻州采选工程岗招聘
 忻州采矿副矿长招聘
 忻州采矿工程总监招聘
 忻州磷矿总工程师招聘
 忻州地采项目矿长招聘
 忻州采煤机技术工程师电气工程师招聘
 忻州尾矿库工程师招聘
 忻州采选工程师招聘
 忻州矿山运营管理岗招聘
 忻州矿山基建工程师招聘
 忻州煤矿生产工程师招聘
 忻州采掘副总工程师招聘
 忻州矿山工程管理人员招聘
 忻州矿山生产管理招聘
 忻州矿区生产副总招聘
 忻州矿业管理岗招聘
 相关公司
 原平市弘坤房地产开发有限公司
 忻州市天成东大商贸有限公司
 山西德奥电梯股份有限公司
 代县宇华塑料管业有限公司
 代州黄酒酿造有限公司
 中铝(山西)铁建新材料有限公司
 山西山海荟餐饮管理有限公司
 五台县天玺基业房地产开发有限公司
 忻州恒泽企业管理咨询有限公司
 忻州晋兴科太环保科技有限公司
 忻州市荣誉云商贸有限公司
 山西紫云
 繁峙县如意启华大药房
 热门城市
 北京招聘网
 上海招聘网
 广州招聘网
 厦门招聘网
 杭州招聘网
 郑州招聘网
 南京招聘网
 天津招聘网
 重庆招聘网
 成都招聘网
 苏州招聘网
 商丘招聘网
 大连招聘网
 济南招聘网
 宁波招聘网
 无锡招聘网
 青岛招聘网
 沈阳招聘网
 台州招聘网
 西安招聘网
 武汉招聘网
 周边城市
 太原找工作
 阳泉找工作
 长治找工作
 晋城找工作
 朔州找工作
 晋中找工作
 运城找工作
 临汾找工作
 吕梁找工作
 大同找工作
 忻州招聘网
 >
 忻州采矿工程师招聘
 >
 五职矿长招聘
 收藏职位
 立即沟通
 更新时间：2026-06-10",JavaScript / CSS / Java / React / PMP / Go / HTML / jQuery / UG / AI,矿产开采,https://www.liepin.com/a/73487711.shtml
627,猎聘,能源/化工/环保,矿物加工,销售经理,企业,美腾科技,100-499人,太原-迎泽区,太原-迎泽区,太原-迎泽区,8-10k,统招本科,3-5年,20260410144202,发展空间大 / 16薪 / 年终奖金 / 18薪 / 年终奖 / 技能培训 / 五险一金 / 13薪 / 15薪 / 居家办公 / 通讯津贴 / 五险 / 岗位晋升 / 14薪,"1、了解、掌握负责销售区域的市场状况，进行市场分析和推广，对市场信息进行收集、整理和分析。
2、根据市场营销计划，对项目进行跟踪，完成公司要求的销售指标。
3、负责新客户的开发、老客户的维护工作。
4、按规定及时回收应收账款，并能准确的提供销售预测。
5、完成公司安排的其它工作。","1、有选煤厂、煤矿相关工作经验者优先。
2、具有矿物加工工程、采矿、选煤等相关专业背景学历者优先。
3、，有行业相关工作经历，有丰富的销售经验，能够识别、确定潜在的合作伙伴，熟悉当地煤炭行业市场发展状况。
4、良好的口头及书面表达能力，积极进取、良好的沟通、协调、组织能力。
5、高度的工作热情，良好的团队合作精神。
6、以上资格，特别优秀者可放宽。
 查看全部",CSS / React / PMP / Go / HTML / jQuery / UG / AI,机械/设备,https://www.liepin.com/job/1979320793.shtml
628,猎聘,能源/化工/环保,矿物加工,生产部经理（储备）YGRC006,企业,山西阳光焦化集团股份有限公司,2000-5000人,运城-河津,运城-河津,运城-河津,20-50k,大专,5-10年,20260606093021,管理规范 / 发展空间大 / 团队建设 / 节日礼物 / 绩效奖金 / 餐费补贴 / 技能培训 / 五险一金 / 13薪 / 15薪 / 公司规模大 / 五险 / 免费班车 / 定期体检 / 班车 / 提供住宿,"：
1. 生产计划统筹与任务达成：承接公司年度、季度、月度生产任务与经营指标，结合选煤、焦化、炭黑、工贸各生产线实际产能，拆解制定车间生产计划、排产计划与日/周生产目标；统筹组织生产落地，动态跟踪产量、产能、产销匹配情况，及时协调生产堵点、瓶颈问题，确保各项生产指标保质、保量、按期完成。
2. 生产现场调度与过程管控：全面负责生产现场日常调度管理，统筹各车间工序衔接、设备运行、人员排班、物料供给、外协协同等工作；规范生产作业秩序，管控生产全过程进度、质量、效率，及时处置生产停机、工序脱节、物料短缺、产能波动等突发问题，保障生产线连续、平稳、高效运行。
3. 生产成本管控与精益生产：负责生产板块成本管控工作，严控原材料消耗、能耗、辅料损耗、人工成本及生产浪费；推进精益生产管理，优化生产流程、工序排布、人员配置，减少无效作业与资源损耗，持续提升生产利用率、人均效能，落实公司降本增效、提质增产目标。
4. 生产质量协同管控：配合技术、质检部门落实工艺标准与质量管控要求，严格执行标准化作业，监督车间工艺纪律、操作规范落地；针对生产过程出现的批量质量波动、成品指标偏差、生产异常问题，联动技术团队快速整改纠偏，稳定产品合格率与成品质量，减少返工、报废损耗。
5. 安全生产现场管理：落实企业安全生产责任制，配合安全总监及安全部门开展现场安全管理工作；常态化开展车间安全巡查、三违整治、现场隐患排查、作业规范管控，监督特殊作业、检修作业、现场施工安全措施落地；抓好班组安全建设，杜绝生产类安全事故、机械事故、操作事故发生。
6. 设备与物资生产保障：联动设备部门统筹生产线设备日常运行、点检维护、检修计划落地，减少非计划停机、设备故障停产；统筹生产物料、备品备件、辅料的领用、管控与合理消耗，保障生产物资供给充足、流转顺畅，满足连续生产需求。
7. 生产数据、台账与复盘管理：负责生产日报、周报、月报的数据统计、汇总分析，精准把控产量、产能、损耗、合格率、开机率等核心生产指标；建立完善生产台账、排班台账、损耗台账、异常记录，定期开展生产复盘，总结问题、优化方案，持续提升生产管理水平。
8. 班组建设与团队管理：负责生产系统各班组人员管理、排班调度、绩效考核、技能培训、纪律管理与团队建设；搭建标准化班组管理体系，规范员工作业行为，提升班组执行力、凝聚力和作业标准化水平，稳定生产一线员工队伍。
9. 跨部门协同与专项工作：对接技术、安全、质检、设备、仓储、销售等部门，做好生产技术落地、安全合规、质量管控、物料保障、交付保障等协同工作；落实公司各项管理制度、专项整改、现场提升、标准化建设工作，按时完成各类生产汇报与专项任务。","1. 学历专业：大专及以上学历，生产管理、工业工程、矿物加工、化工、机电、企业管理等相关专业优先。
2. 从业经验：5年以上选煤、焦化、炭黑、电厂、工贸生产型企业一线生产管理经验，3年以上生产部经理、生产主管、车间主任、生产负责人等同层级管理经验；熟悉煤化工行业生产模式、车间管理流程、产能调度与成本管控模式。
3. 资质要求：持有安全管理人员资格证、中级工程类职称、生产管理相关证书者优先。
4. 核心能力：具备成熟的全盘生产统筹、计划排产、现场调度、产能管控能力；精通车间人员管理、生产流程优化、生产成本管控、异常处置；熟悉煤化工行业安全生产规范、现场标准化管理、精益生产模式，具备较强的问题解决、落地执行、跨部门协同统筹能力。
5. 综合素养：具备极强的现场把控能力、统筹决策能力和抗压能力，管理思路清晰、执行力强、做事务实高效；原则性强、责任心重，能适应生产一线高频次现场管理、倒班值守、突发生产问题处置；无重大生产责任事故、安全事故记录，职业素养良好。
6. 其他要求：认同企业经营与管理理念，服从集团及厂区统一管理；可长期驻厂，适配生产型企业作息与阶段性加班，能够全身心投入生产运营管理工作。
 查看全部",Git / CSS / 适配生产型企业作息与阶段性加班 / 团队管理 / React / PMP / Go / 认同企业经营与管理理念 / HTML / jQuery / UG / AI / 服从集团及厂区统一管理；可长期驻厂,化工,https://www.liepin.com/job/1983209163.shtml
629,猎聘,能源/化工/环保,矿物加工,生产副厂长,企业,南昌矿机集团股份有限公司,500-999人,吕梁-岚县,吕梁-岚县,吕梁-岚县,15-25k,本科,5年以上,20260402154828,团队建设 / 13薪 / 15薪,"1. 生产统筹管理：制定公司年度、季度、月度生产计划，结合市场需求和矿石来料情况，合理安排各车间生产任务，统筹协调生产各环节（加工、输送等）的衔接，确保生产计划落地执行。
2. 生产效率与质量管控：建立并完善生产效率与产品质量管控体系，监督生产工艺标准的执行，及时解决生产过程中影响效率和质量的问题，持续推动生产流程优化，提升铁矿产品合格率和生产效率。3. 生产资源管理：合理调配生产人力、设备、物料、场地等资源，根据生产需求制定资源补充和调配方案，确保资源利用最大化，避免资源闲置或浪费。
4. 安全生产管理：严格落实安全生产相关法律法规和公司制度，组织开展安全生产培训、检查和隐患排查治理工作，制定安全生产应急预案，处理生产过程中的安全突发事件，保障生产人员人身安全和生产设备安全运行。
5. 生产团队建设：负责生产团队的管理、培训和考核，建立健全团队激励机制，提升团队专业技能和工作积极性，打造高效、协作的生产管理团队。
6. 生产数据管理与分析：收集、整理生产过程中的各类数据（产量、质量、消耗、工时等），进行数据分析和复盘，为生产计划调整、工艺优化、成本控制提供数据支撑。
7. 跨部门协作：与设备、工艺、采购、销售等部门密切沟通协作，协调解决生产过程中的跨部门问题，保障生产供应链和销售交付的顺畅。","1、本科及以上学历，采矿工程、冶金工程、矿物加工、工业工程等相关专业，生产管理经验丰富者可适当放宽学历限制。
2、8年以上铁矿生产行业工作经验，其中5年以上生产管理相关岗位工作经验
3、精通铁矿生产全流程工艺（开采、破碎、磨矿、选别等）和生产管理流程，熟悉矿山生产相关法律法规和行业标准；掌握生产计划制定、生产资源配置、质量管控的专业方法；熟练使用CAD制图、Office办公软件，能运用生产管理相关工具进行数据分析和计划制定；了解矿山机械设备的基本性能和维保常识。
 查看全部",Git / CSS / React / CAD / PMP / 数据分析 / Go / HTML / jQuery / UG / AI,机械/设备,https://www.liepin.com/job/1981105007.shtml
630,猎聘,能源/化工/环保,矿物加工,生产技术部经理（储备）YGRC005,企业,山西阳光焦化集团股份有限公司,2000-5000人,运城-河津,运城-河津,运城-河津,20-50k,本科,5-10年,20260606092803,管理规范 / 发展空间大 / 节日礼物 / 绩效奖金 / 餐费补贴 / 五险一金 / 公司规模大 / 五险 / 免费班车 / 定期体检 / 班车 / 提供住宿,"：
1. 工艺体系落地与标准化管控：严格执行国家行业生产技术标准及公司各项技术管理制度，负责选煤、焦化、炭黑、精细化工、LNG等产品生产工艺标准、作业指导书、操作规程的落地推行与监督执行；梳理优化各生产工序流程，规范生产工艺参数、操作标准，杜绝违规操作、随意更改工艺等问题，实现生产技术标准化、规范化管理。
2. 生产现场技术统筹：全程负责生产现场技术支撑与管控，统筹原煤洗选、焦化炼制、炭黑生产、精细化工、LNG等核心业务的工艺运行管控；实时跟进生产工况，动态调整优化生产工艺参数，及时排查、解决生产过程中出现的工艺波动、生产异常、设备适配、产品质量偏差等各类现场技术问题，保障生产线连续稳定运行。
3. 质量技术攻关与管控：联动生产、质检部门，针对产品质量短板开展技术攻关，重点优化精煤合格率、焦炭质量、炭黑指标、成品品相及稳定性；分析生产质量异常根源，制定针对性工艺优化、整改方案，建立长效质量管控机制，持续降低产品不良率、返工率，稳步提升产品核心质量与市场适配性。
4. 技改优化与降本增效：结合各板块生产实际，牵头落地生产工艺技改、设备工艺适配优化、生产流程精简、节能降耗等技术改进项目；通过工艺优化、参数调整、技术改良，降低原材料损耗、能耗损耗、设备运维成本，提升生产产能、生产效率，落实公司降本增效、精益生产目标。
5. 生产技术数据与台账管理：负责日常生产技术数据统计、分析、复盘，精准把控产能、能耗、工艺参数、质量数据等核心指标；建立完善生产技术台账、技改档案、工艺调整记录、质量技术分析报告，定期复盘生产技术问题，输出优化方案，为生产决策、技术升级提供数据支撑。
6. 技术培训与班组赋能：制定一线生产技术培训计划，常态化开展工艺操作、标准规范、异常处置、设备适配等专项培训；指导生产班组规范作业，提升一线操作人员工艺熟练度和标准化作业能力，夯实车间生产技术基础，减少人为操作导致的生产、质量问题。
7. 技术对接与协同工作：对接技术总工、生产副总、各车间负责人，高效落实各项技术指令、技改任务、生产优化方案；配合安全、设备、质检部门开展专项工作，协同处理生产、安全、质量联动问题，保障生产全流程高效闭环。
8. 部门团队管理：负责生产技术部团队日常管理、人员分工、工作督导、绩效考核与人才培养；搭建部门高效工作机制，规范部门工作流程，提升团队技术服务能力与执行力，稳定技术骨干队伍。","1. 学历专业：本科及以上学历，矿物加工、化工工艺、材料工程、机械制造、生产管理等相关专业优先。
2. 从业经验：5年以上选煤、焦化、炭黑、精细化工类生产企业技术管理工作经验，3年以上生产技术部经理、工艺主管、现场技术负责人等同岗位管理经验；熟悉洗煤、焦化、炭黑、精细化工主流生产工艺、设备运行及质量管控体系，具备多生产板块技术统筹经验者优先。
3. 资质要求：具备中级及以上工程类职称优先，持有安全管理人员证书、工艺技术相关专项资质者优先。
4. 核心能力：精通选煤、焦化、炭黑、精细化工等煤化工行业生产全流程工艺、核心参数控制及产品质量标准；具备扎实的现场技术攻坚、工艺优化、技改落地能力，能够快速排查处置各类生产技术、质量异常；熟悉煤化工生产企业精益生产、降本增效管理模式，具备较强的数据分析、方案落地、跨部门协同能力。
5. 综合素养：具备较强的现场统筹、问题解决、团队管理能力，工作严谨、责任心强、执行力高效；熟悉行业生产政策及技术规范，抗压能力强，能适配生产一线值守、突发技术问题处置；无重大生产技术、质量事故责任记录，职业素养良好。
 查看全部",Git / CSS / 团队管理 / React / PMP / 数据分析 / Go / HTML / jQuery / UG / AI,化工,https://www.liepin.com/job/1983209149.shtml
631,猎聘,能源/化工/环保,矿物加工,新材料研发工程师（水泥、建材）,企业,中洋时瑞(北京)国际贸易有限公司,1-49人,忻州-繁峙县,忻州-繁峙县,忻州-繁峙县,4-8k,本科,经验不限,20260330094122,16薪 / 五险一金 / 五险 / 六险一金 / 六险,"- 负责固废（包括非煤矿山尾矿、矿渣、尾泥等）的资源化利用技术研发与应用推广； 
- 参与尾矿、尾泥等废弃物的分选、提纯及再生利用工艺设计与优化； 
- 开展废弃物综合利用项目的可行性研究与技术评估，推动环保技术落地；
- 协助制定环保技术方案，确保符合国家及地方环保政策与标准。","- 环境工程、矿物加工、材料科学、选矿专业或相关专业本科及以上学历； 
 - 具备固废处理、尾矿资源化等相关经验者优先；
 - 熟悉废弃物资源化利用流程及环保政策法规，具备一定的科研能力；
 - 具备良好的数据分析能力和沟通协调能力，有团队合作精神。
 查看全部",沟通协调 / CSS / 项目管理 / React / PMP / 数据分析 / Go / HTML / jQuery / UG / AI,批发/零售,https://www.liepin.com/job/1981334125.shtml
632,猎聘,能源/化工/环保,矿物加工,选煤选矿生产运营项目经理,企业,美腾科技,100-499人,太原-杏花岭区,太原-杏花岭区,太原-杏花岭区,10-15k,统招本科,5-10年,20251226102658,发展空间大 / 补充商业保险 / 商业保险 / 领导好 / 技能培训 / 五险一金 / 交通补助 / 13薪 / 15薪 / 公司规模大 / 通讯津贴 / 五险 / 岗位晋升,"：
1、负责公司生产运营项目的项目部全面管理工作，是项目运营中效益、质量、安全、环保的第一责任人，对项目部实行统一领导和指挥。
2、负责与生产经营有关的一切活动。包括生产、维修、协调等，确保生产量、结算等按计划完成。
3、了解、掌握煤炭分选生产、管理工作，掌握煤炭分选指标、设备性能、工艺系统、对分选数据收集、整理、分析。
4、积极组织完成和超额完成年、季、月生产计划，梳理生产运营台账，保持运营项目低成本高效运行。
5、负责项目部生产运营业务和技术培训，提高团队能力，满足公司发展需要。
6、负责项目部结算、回款，完成结算、回款目标。
7、完成公司安排的其它工作。","1、本科及以上学历：矿物加工、选煤、选矿、电气、自动化、机电一体化等相关专业；有选矿厂生产管理经验者优先，了解智能分选设备者优先。
2、熟悉相关计算机辅助设计软件和各种办公软件。
3、熟悉选矿工艺和选矿厂生产运营管理体系。
4、具有较强的学习能力，良好的沟通表达，分析及解决问题的能力。
5、做事认真，踏实，为人正直，积极主动。
6、能适应长期出差或随项目驻场。
 查看全部",CSS / 项目管理 / React / PMP / Go / HTML / jQuery / UG / AI,机械/设备,https://www.liepin.com/job/1969996811.shtml
633,猎聘,能源/化工/环保,矿物加工,销售经理/主管,企业,世德集团,100-499人,忻州-保德县,忻州-保德县,忻州-保德县,10-20k,大专,2年以上,20260310174307,16薪 / 18薪 / 五险一金 / 五险 / 双休,"】
1、市场开发与客户维护：负责区域内钢厂、焦化厂等目标客户的开发与维护，建立长期稳定的合作关系，提升市场份额。
2、产品推广与销售：精通主焦煤、肥煤、瘦煤、气煤等各类焦煤品种的特性及指标（灰分、硫分、挥发分、G值、Y值等），根据客户高炉或焦炉的配煤需求，精准匹配并推广适用产品。
3、合同谈判与执行：负责煤炭销售合同的起草、谈判、签订及执行，跟踪回款进度，确保货款及时回收，控制资金风险。
4、市场信息收集：密切关注国家宏观政策、焦煤期货市场走势、进口煤（蒙煤、澳煤、俄煤等）价格动态以及下游钢铁行业景气度，为公司定价和采购提供决策依据。
5、物流协调：协调铁路计划、汽运调度及港口中转，确保煤炭能按时、按质、按量送达客户指定地点，处理交货过程中的突发问题。
【","】
1. 学历与专业背景
全日制大专及以上学历。
优先专业：采矿工程、矿物加工、煤化工、冶金工程、市场营销、国际贸易等相关专业优先。
2. 工作经验
具有 2年以上 煤炭（特别是焦煤）、铁矿砂或冶金辅料销售/采购经验。
拥有钢厂（炼铁/焦化部门）、焦化厂客户资源或渠道者优先考虑。
优秀的应届毕业生（煤化工/冶金专业）可考虑从销售助理做起。
 查看全部",CSS / React / PMP / Go / HTML / jQuery / UG / AI,煤炭/燃料加工,https://www.liepin.com/job/1980811777.shtml
634,猎聘,能源/化工/环保,矿物加工,配煤工程师,企业,鹏飞集团,10000人以上,太原-小店区,太原-小店区,太原-小店区,15-20k,硕士,5年以上,20260228102402,专业培训 / 五险一金 / 13薪 / 15薪 / 五险 / 14薪,"配煤方案设计与优化
分析煤质指标并建立数据库，依据目标焦炭质量与成本，设计和优化配煤方案。
跟踪煤源变化，结合生产实际持续调整配煤结构，确保焦炭强度、灰分等指标达标，同时降低配煤成本。
根据订单和货源，制定配煤方案，监控产品质量并随时调整生产配比。
生产技术管理
监督配煤操作，分析生产异常情况，评估新煤种试验效果，与下游工序沟通以保障配煤方案准确执行和工艺协同。
检查配煤比执行情况，监测生产工艺变化对焦炭质量的影响，跟踪日常配煤运行情况并解决现场技术问题。
建立焦炭质量预警体系，对焦炭质量进行跟踪、分析和考核，对配煤方案执行情况进行检查与考核。
成本控制与供应链协同
分析煤炭市场，开发高性价比煤炭资源，与采购部门协作，通过成本核算与优化降低配煤成本。
研究和规划配煤结构、库存结构及原料煤采购计划。
技术研发与体系建设
收集国内外先进配煤科技成果和行业技术发展动态，开展配煤工艺研究，推动技术升级和新煤种、新技术的推广应用。
负责公司煤炭及配煤科研项目的开发调研、论证、实施与总结，编写配煤技术规程，建立配煤配矿模型体系。
对团队或下属公司配煤管理人员进行专业培训，提升专业技能。
招聘要求
学历与专业
研究生学历，煤炭深加工与利用、矿物加工工程、化学工程与工艺、冶金工程、钢铁冶金等相关专业优先。
工作经验
 5 年以上焦化厂、钢铁企业或煤炭深加工企业配煤相关工作经验。
技能与能力
熟练使用 Office 办公软件，尤其擅长 Excel 进行数据分析和计算，能运用常用数据分析、作图软件。
具备较强的沟通协调、分析解决问题能力，有创新思维和科研能力，部分","有一定的英语读写和交流能力。
精通配煤技术，熟悉配煤工艺流程和不同煤种的炼焦特性，能深入现场收集一手资料。
其他要求
年龄要求在 45 以下，身体健康，品行端正，有责任心和团队合作精神。
拥有中级以上本专业技术职称或配煤相关注册资格证书者优先。
 查看全部",沟通协调 / CSS / 英语 / React / PMP / 数据分析 / Go / HTML / jQuery / UG / AI / Excel,矿产开采,https://www.liepin.com/job/1980506267.shtml
635,猎聘,能源/化工/环保,矿物加工,焦煤销售经理/总监,企业,世德集团,100-499人,忻州-保德县,忻州-保德县,忻州-保德县,10-20k,大专,2年以上,20260310180135,16薪 / 五险一金 / 13薪 / 15薪 / 五险,"】
1、市场开发与客户维护：负责区域内钢厂、焦化厂等目标客户的开发与维护，建立长期稳定的合作关系，提升市场份额。
2、产品推广与销售：精通主焦煤、肥煤、瘦煤、气煤等各类焦煤品种的特性及指标（灰分、硫分、挥发分、G值、Y值等），根据客户高炉或焦炉的配煤需求，精准匹配并推广适用产品。
3、合同谈判与执行：负责煤炭销售合同的起草、谈判、签订及执行，跟踪回款进度，确保货款及时回收，控制资金风险。
4、市场信息收集：密切关注国家宏观政策、焦煤期货市场走势、进口煤（蒙煤、澳煤、俄煤等）价格动态以及下游钢铁行业景气度，为公司定价和采购提供决策依据。
5、物流协调：协调铁路计划、汽运调度及港口中转，确保煤炭能按时、按质、按量送达客户指定地点，处理交货过程中的突发问题。
【","】
1. 学历与专业背景
大专及以上学历。
优先专业：采矿工程、矿物加工、煤化工、冶金工程、市场营销、国际贸易等相关专业优先。
2. 工作经验
具有 2年以上 煤炭（特别是焦煤）、铁矿砂或冶金辅料销售/采购经验。
拥有钢厂（炼铁/焦化部门）、焦化厂客户资源或渠道者优先考虑。
优秀的应届毕业生（煤化工/冶金专业）可考虑从销售助理做起。
 查看全部",CSS / React / PMP / Go / HTML / jQuery / UG / AI,煤炭/燃料加工,https://www.liepin.com/job/1980812733.shtml
636,猎聘,能源/化工/环保,矿物加工,配煤工程师,企业,某国内大型矿产开采公司,10000人以上,山西省,吕梁,吕梁,20-35k,本科,10年以上,20260413094954,五险一金 / 13薪 / 15薪 / 五险 / 14薪,"】： 负责焦化厂炼焦配煤方案的设计、优化与现场落地，制定兼顾焦炭质量、生产成本与生产适配性的配煤比。
跟踪配煤全生产流程，监控配合煤及成品焦炭的核心质量指标，及时调整配煤方案，保障产品符合标准。
开展单煤种焦化性能试验与评价，搭建煤质数据库，筛选适配煤种，配合拓展优质低成本煤源渠道。
负责配煤环节成本管控，在满足焦炭质量要求的前提下，持续压降配煤综合成本。
解决配煤工艺相关技术难题，配合完成工艺升级、安全生产相关的技术管理工作。 
【","】： 学历专业：大专及以上学历，最好是硕博，煤化工、炼焦化学、矿物加工工程等相关专业。
从业经验：10年及以上大中型焦化厂配煤岗位实操经验，可独立完成配煤方案的设计与动态调整。
专业能力：熟悉各类炼焦煤性能、炼焦工艺及配煤核心原理，掌握焦炭质量国家标准，具备配煤成本优化能力。
职业素养：工作严谨、责任心强，具备良好的数据分析与现场问题解决能力，能适应焦化厂生产现场的工作节奏。
 查看全部",JavaScript / CSS / Java / React / PMP / 数据分析 / Go / HTML / jQuery / UG / AI,矿产开采,https://www.liepin.com/a/74538425.shtml
637,猎聘,能源/化工/环保,矿物加工,浮选技术,企业,山西自由贸易有限公司,1-49人,山西省,太原,太原,6-10k,学历不限,5-10年,20230608100136,发展空间大 / 团队聚餐 / 节日礼物 / 年终奖金 / 领导好 / 中西文化 / 优秀员工奖 / 年终奖 / 全勤奖 / 五险一金 / 社保 / 13薪 / 周末双休 / 五险 / 双休 / 定期体检 / 聚餐,/,"1、具备化矿物加工或选煤等专业背景；
 2、有良好的沟通技巧，了解洗煤厂浮选工艺流程
 3、动手实践能力和学习能力强，愿意接受培训
 4、有很强的服务意识
 5、有主见，有想法，有远见，有上进心，责任心强 
6、愿意与公司一起成长发展。
岗位 职责：
 1．维护已经打好基础的客户，负责沟通协调；  
2．积极配合其他员工的工作；  
3. 能适应短途出差。
 查看全部",沟通协调 / CSS / React / PMP / Go / HTML / jQuery / UG / AI,贸易/进出口,https://www.liepin.com/job/1955902343.shtml
638,猎聘,能源/化工/环保,矿物加工,浮选技术人员,企业,山西自由贸易有限公司,1-49人,太原-小店区,太原-小店区,太原-小店区,4-6k,学历不限,经验不限,20240409093503,团队聚餐 / 节日礼物 / 领导好 / 中西文化 / 技能培训 / 扁平管理 / 全勤奖 / 优秀员工奖 / 五险一金 / 13薪 / 15薪 / 管理培训 / 五险 / 双休 / 定期体检 / 聚餐 / 14薪,/,"1、具备化矿物加工或选煤等专业背景；
 2、有良好的沟通技巧，了解洗煤厂浮选工艺流程
 3、动手实践能力和学习能力强，愿意接受培训
 4、有很强的服务意识
 5、有主见，有想法，有远见，有上进心，责任心强 
6、愿意与公司一起成长发展。
岗位 职责：
 1．维护已经打好基础的客户，负责沟通协调；  
2．积极配合其他员工的工作；  
3. 能适应短途出差。
 查看全部",沟通协调 / CSS / 项目管理 / React / PMP / Go / HTML / jQuery / UG / AI,贸易/进出口,https://www.liepin.com/job/1963460179.shtml
639,猎聘,能源/化工/环保,矿物加工,选煤工程师,企业,恩迈特(青岛)新能源科技有限公司,50-99人,吕梁-离石区,吕梁-离石区,吕梁-离石区,10-20k,大专,1-3年,20220914160828,管理规范 / 外派津贴 / 发展空间大 / 领导好 / 扁平管理 / 技能培训 / 五险一金 / 13薪 / 五险 / 岗位晋升 / 提供住宿,"：
1、煤质计算、工艺流程制定、设备选型；
2、管路计算、仪表和管线的绘制、工艺设备电气互锁图的绘制，制定设备清单、逻辑关系的描述；
3、设计说明书、合同技术协议、调试大纲、培训手册的编写，参与合同谈判、设备采购的实施；
4、项目前期的现场踏勘，项目后期的现场人员培训及工艺系统调试；
5、协调各专业及与有关方的关系；检查非标及管道的图纸。
 查看全部","2. 如您应聘的岗位属于涉外劳务合作/海外岗位的，请务必核实招聘方对外劳务合作资质取得情况，同时注意自身资金安全，防范招聘欺诈。
 3. 本平台招聘方不向求职者提供任何收费服务。
 查看全部
 相关推荐
 展开
 吕梁选矿工程师招聘
 吕梁选矿助剂工程师招聘
 吕梁探矿工程高级工程师招聘
 吕梁海外选矿工艺工程师招聘
 吕梁选矿厂工程师招聘
 吕梁选矿工程师助理招聘
 吕梁锂矿选矿工程师招聘
 吕梁选矿药剂工程师招聘
 吕梁矿山开发工程师招聘
 吕梁选矿厂生产经理招聘
 吕梁选矿工程师岗位招聘
 吕梁金属矿选矿工程师招聘
 吕梁洗选矿班长招聘
 吕梁锰矿工程师招聘
 吕梁选冶工程师招聘
 吕梁选矿车间主管招聘
 吕梁水力工程师招聘
 吕梁砂石工艺工程师招聘
 吕梁选煤设计工程师招聘
 吕梁矿山技术工程师招聘
 吕梁化工实验室工程师招聘
 吕梁选矿设计招聘
 吕梁洗选矿矿长招聘
 吕梁选矿专家招聘
 吕梁选矿设计师招聘
 吕梁选矿主管招聘
 吕梁通防工程师招聘
 吕梁选矿厂经理招聘
 吕梁技术科招聘
 吕梁矿物选矿实验员招聘
 相关公司
 四川绿国创再生资源回收有限公司
 吉利远程新能源商用车
 滨州市新滨醇节能科技有限公司
 山西凯晟隆科技有限公司
 日出东方控股股份有限公司
 恩迈特(青岛)新能源科技有限公司
 思安新能源
 山西博桐兴农科技有限公司
 氢航科技
 陕西金源投资控股集团有限公司
 隆基绿能
 荣盛盟固利新能源科技有限公司
 阿特斯阳光电力集团股份有限公司
 山西万腾鑫德新能源有限公司
 四川忠亚至城建设工程有限公司
 山西乾通新能源开发集团有限公司
 上海峙雄新能源
 山西大森新能源科技有限公司
 山西金晖集团
 山西常晟新能源科技有限公司
 河北耀伏储能电器有限公司
 正理生能
 清源科技
 易事特集团
 北京天润新能投资有限公司
 睿能世纪
 热门城市
 北京招聘网
 上海招聘网
 广州招聘网
 厦门招聘网
 杭州招聘网
 郑州招聘网
 南京招聘网
 天津招聘网
 重庆招聘网
 成都招聘网
 苏州招聘网
 商丘招聘网
 大连招聘网
 济南招聘网
 宁波招聘网
 无锡招聘网
 青岛招聘网
 沈阳招聘网
 台州招聘网
 西安招聘网
 武汉招聘网
 热门招聘
 北京招聘信息
 上海招聘信息
 广州招聘信息
 厦门招聘信息
 杭州招聘信息
 郑州招聘信息
 南京招聘信息
 天津招聘信息
 重庆招聘信息
 成都招聘信息
 苏州招聘信息
 商丘招聘信息
 大连招聘信息
 济南招聘信息
 宁波招聘信息
 无锡招聘信息
 青岛招聘信息
 沈阳招聘信息
 台州招聘信息
 西安招聘信息
 武汉招聘信息
 吕梁招聘网
 >
 吕梁选矿工程师招聘
 >
 选煤工程师招聘
 收藏职位
 立即沟通
 更新时间：2025-06-24",CSS / React / PMP / Go / HTML / jQuery / UG / AI,新能源,https://www.liepin.com/job/1952575057.shtml
640,猎聘,能源/化工/环保,矿物加工,污水处理工程师,企业,国策环保,2000-5000人,太原-迎泽区,太原-迎泽区,太原-迎泽区,7-12k,本科,3-5年,20240216212359,发展空间大 / 年终奖金 / 餐费补贴 / 年终奖 / 五险一金 / 13薪 / 15薪 / 公司规模大 / 五险,"：
1、负责煤化工、煤矿类、铝矿类等工矿企业废水处理项目技术交流；
2、负责污水处理厂的工艺运行管理，制定污水厂运行规范和工艺操作规程；
3、负责编制煤矿类、铝矿类等工矿企业废水处理工程项目的工艺、方案、初步设计、施工图设计等；
4、能够进行现场的技术指导和运行调试。","1、大学本科及以上学历，环境工程、矿物加工相关专业，3年以上相关工作经验；
2、熟悉工矿企业污水处理相关流程，了解环保法律法规；
3、具有工程师及以上职称者优先。
 查看全部",CSS / React / PMP / Go / HTML / jQuery / UG / AI,环保,https://www.liepin.com/job/1962613649.shtml
641,猎聘,能源/化工/环保,矿物加工,选矿工程师,企业,山西金谷源轿车修配有限公司,1-49人,吕梁-岚县,吕梁-岚县,吕梁-岚县,15-20k,本科,10年以上,20260610174011,/,"选矿，矿物加工专业，大专以上学历。10年以上工作经验。，可以驻外工作。
 查看全部

1. 如您发现平台内招聘方存在以下违规行为的，请立即",/,CSS / React / PMP / Go / HTML / jQuery / UG / AI,批发/零售,https://www.liepin.com/job/1983335137.shtml
642,猎聘,能源/化工/环保,矿物加工,财务会计师,猎头,合肥题研酒店管理有限公司,/,合肥-蜀山区,合肥-蜀山区,合肥-蜀山区,7-9k,大专,1-3年,20240408105110,18薪 / 13薪 / 14薪 / 15薪,"会计职位已暂停招聘_猎聘
 该职位已暂停招聘
 投递了该职位的人还查看了
 高级售前技术支持工程师 15-25k
 突破电气(天津)有限公司 融资未公开
 北京-丰台区
 5-10年
 本科
 张女士
 ·
 招聘主管
 项目分析 10-15k
 北京绿蓝科技有限公司 
 北京
 3-5年
 本科
 梁女士
 ·
 项目总监
 AI产品专家 25-55k·15薪
 长城汽车 已上市
 北京-大兴区
 5-10年
 统招本科
 吕女士
 ·
 招聘经理
 嵌入式软件工程师 15-25k
 深圳市飞睿智能有限公司 
 深圳
 3-5年
 统招本科
 王女士
 ·
 HRBP
 电商美工 4-6k
 厦门市八个亿电子商务有限公司 
 厦门
 1-3年
 大专
 陈先生
 ·
 人事
 嵌入式软件开发 10-18k
 深圳市可为信息技术有限公司 战略融资
 深圳-福田区
 3-5年
 本科
 范先生
 ·
 市场总监
 管培生（暖通专业） 7-10k
 倬亿国际有限公司 融资未公开
 广州
 经验不限
 本科
 陆女士
 ·
 招聘主管
 AI 平台开发 · 专家 45-70k·14薪
 诺亚控股 融资未公开
 香港-湾仔区
 8年以上
 统招本科
 李女士
 ·
 业务人力资源总监
 销售顾问 2-5k
 云南宜格装饰工程有限公司建水分公司 
 红河-建水县
 1-3年
 学历不限
 曾女士
 ·
 老板
 AI全栈开发工程师 30-60k
 某合肥互联网公司 
 合肥
 3-5年
 学历不限
 赵女士
 ·
 客户经理
 董事长秘书 8-15k·13薪
 台山市金桥铝型材厂有限公司 融资未公开
 江门-台山
 3-5年
 本科
 陈女士
 高级硬件工程师 20-30k·13薪
 瑞驰博方(北京)科技有限公司 融资未公开
 北京-朝阳区
 5-10年
 硕士
 冯先生
 ·
 Sr. Manager
 TMS系统销售经理 7-20k
 快而捷 已上市
 苏州-工业园区
 3-5年
 大专
 吴女士
 ·
 人事经理
 嵌入式系统工程师 10-15k
 广州路以科技有限公司 
 广州-白云区
 3-5年
 本科
 莫先生
 ·
 首席执行官CEO/总裁/总经理
 AI高级经理 20-25k·18薪
 湖北亿纬动力有限公司 战略融资
 荆门-掇刀区
 5年以上
 硕士
 刘女士
 私行财富客户经理 薪资面议
 平安银行北京分行 已上市
 北京-东城区
 1-3年
 本科
 王先生
 直播运营经理 7-10k
 芝麻开门(厦门)科技有限公司 融资未公开
 厦门
 1-3年
 大专
 郑女士
 ·
 人事
 中餐主厨 10-12k
 上海胜峰康养项目管理工作室(有限合伙) 
 红河-弥勒
 5-10年
 中专/中技
 张先生
 ·
 总经理
 企业级 Skill 集成开发高级工程师 40-60k
 诺亚控股 融资未公开
 上海-闵行区
 5年以上
 统招本科
 李女士
 ·
 业务人力资源总监
 slam算法工程师 10-15k·13薪
 无锡江南智造科技股份有限公司 
 上海
 1-3年
 硕士
 计先生
 ·
 技术负责人
 资深投资经理（FOF及CTA方向） 15-25k
 方正中期期货 战略融资
 北京-朝阳区
 2年以上
 硕士
 郑女士
 ·
 人力资源部专员
 直播运营总监 10-15k
 芝麻开门(厦门)科技有限公司 融资未公开
 厦门
 1-3年
 大专
 郑女士
 ·
 人事
 销售工程师 6-9k·13薪
 深圳市铨顺宏科技有限公司 融资未公开
 深圳-福田区
 1-3年
 大专
 石女士
 ·
 总经理
 DDIC系统架构师 35-65k·14薪
 芯璨科技 B轮
 合肥-高新区
 8年以上
 本科
 邱女士
 ·
 人力资源经理
 解决方案经理 25-40k
 深睿医疗 D轮及以上
 北京-海淀区
 3年以上
 统招本科
 陈女士
 ·
 HRBP
 llm算法工程师 20-45k·14薪
 险峰(K2VC) 融资未公开
 北京-海淀区
 5-10年
 本科
 程女士
 高级嵌入式软件工程师 8-13k·13薪
 无锡真源科技有限公司 融资未公开
 无锡
 3-5年
 本科
 毛先生
 ·
 高级嵌入式软件研发工程师
 （德国）售前技术支持 15-40k
 上海赛弘众智 不需要融资
 北京-朝阳区
 2年以上
 统招本科
 杨女士
 嵌入式软件工程师 10-15k
 深圳乾坤物联科技有限公司 
 深圳-南山区
 3-5年
 本科
 弓女士
 ·
 HR
 AI 平台开发 · 高级顾问 45-70k·14薪
 诺亚控股 融资未公开
 深圳-福田区
 10年以上
 统招本科
 李女士
 ·
 业务人力资源总监",/,CSS / 项目管理 / React / PMP / 算法 / HTML / jQuery / UG / AI,其他商务服务业,https://www.liepin.com/job/1966057637.shtml
643,猎聘,能源/化工/环保,矿物加工,办公室文员,猎头,南京方延载企业管理有限公司,/,南京-栖霞区,南京-栖霞区,南京-栖霞区,6-8k,大专,1-3年,20240402155054,团队聚餐 / 年终奖金 / 带薪年假 / 餐费补贴 / 年终奖 / 五险一金 / 交通补助 / 13薪 / 15薪 / 五险 / 聚餐 / 年度旅游 / 车辆津贴 / 14薪,"：
1、处理行政部门日常事务，配合其他部门工作；
2、负责日常行政表单汇总、数据报表统计工作；
3、配合行政经理完成业务招待、公司团体活动、会议组织安排等工作；
4、完成领导交办的其他工作。","1、相关行政工作经验；
2、有较强的责任心及服务意识，良好的学习能力、沟通能力和表达能力；
3、具备一定的临场应变能力，注重细节。
4、亲和力强，乐于助人、有耐心
 查看全部",JavaScript / CSS / Java / C# / React / PMP / Go / HTML / jQuery / UG / AI,其他商务服务业,https://www.liepin.com/job/1965966031.shtml
644,猎聘,能源/化工/环保,矿物加工,化工实验室研究员/技术员,企业,某国内矿产开采公司,50-99人,商洛-洛南县,商洛-洛南县,商洛-洛南县,8-13k,大专,1-3年,20260610135350,包住 / 13薪 / 包吃,"一、学历与专业：大专及以上，2年以上金属、非金属矿研发中心、实验室工作经验。应用化工、分析化学、矿物加工、地质、材料、非金属矿等相关专业优先。有化验员证、检验检测资格证者、商洛地区从事相关检验工作经历者优先。
二、","1、熟悉实验室安全规范，掌握化学品、高温、用电安全常识。能正确佩戴劳保用品，规范处理废液、废渣。掌握基础分析化学、无机化学常识。
2、熟悉非金属矿物国标行标中原料、中间体和产品常规检测项目、检验方法及允许误差。
3、熟练完成样品制备：破碎、研磨、筛分、缩分、烘干，独立进行常规化学分析，懂相关仪器设备操作规程；负责仪器日常清洁、简单维护与登记。
4、能独立操作常用仪器：天平、干燥箱、马弗炉、分光光度计、白度仪、粒度仪、酸度计、破碎机、球磨机、反应釜等。规范填写原始记录，出具检验报告单，数据计算准确。
5、能熟练掌握分析规程，能判断数据是否异常并设法解决异常问题。
三、职业素养
1、工作严谨细致、责任心强，数据真实可靠，不弄虚作假。
2、遵守公司纪律，服从安排，团结集体，有团队协作意识。
3、能吃苦耐劳，适应倒班、临时加班、批量样品检测等工作。
 查看全部",JavaScript / CSS / Java / React / PMP / Go / HTML / jQuery / UG / AI,矿产开采,https://www.liepin.com/a/74234539.shtml
645,猎聘,能源/化工/环保,矿物加工,选矿工程师,企业,某国内矿产开采公司,100-499人,商洛-洛南县,商洛-洛南县,商洛-洛南县,35-45k,本科,3-5年,20260506144201,/,"：
1. 工艺设计与优化
流程制定：根据矿石性质（硬度、嵌布粒度、矿物组成），设计或优化破碎、磨矿、分级、选别（浮选/磁选/重选）及脱水工艺流程。
参数控制：确定各工序的关键技术参数，如磨矿细度、药剂制度（种类、用量、添加点）、磁场强度、浮选液位与充气量等。
试验研究：组织或参与矿石可选性试验、新药剂试验、流程考察，为工艺改进提供数据支撑。
2. 生产运行管理
现场指导：深入选矿车间，指导操作工调整设备运行状态，解决生产中的技术难题（如跑粗、沉槽、精矿品位波动等）。
质量控制：监控原矿、精矿、尾矿品位，确保精矿产品达到销售标准，控制尾矿品位以降低金属流失。
指标统计：计算并分析原矿处理量、精矿产量、回收率、选矿比、材料单耗等经济技术指标。
3. 设备与成本管理
设备选型与维护：参与关键设备（破碎机、球磨机、浮选机、磁选机）的选型、安装调试及检修方案制定。
成本控制：通过优化药剂配比、降低钢球/衬板消耗、提高设备运转率等措施，降低选矿加工成本。
技术改造：针对流程瓶颈，提出并实施技术改造方案，提升系统处理能力与自动化水平。
4. 安全与环保
安全管理：识别破碎、磨矿、药剂储存等环节的安全风险，制定操作规程，防止机械伤害与中毒事故。
环保合规：负责尾矿库回水利用、废水处理达标排放及危化品（如选矿药剂）的合规管理。
5. 技术资料管理
台账记录：建立完整的生产日报、月报及技术台账。
软件应用：使用CAD绘制工艺流程图、设备配置图；使用Excel或专业软件进行数据建模与平衡计算。","1、学历专业：矿物加工工程、冶金工程、化工工艺等相关专业，本科及以上学历（核心岗位硬性要求）。
工作经验：3年以上金属矿（如铜、铁、铅锌、金矿）选矿厂技术管理或生产操作经验，熟悉目标矿种（如应聘铜矿需懂铜浮选）的选别特性。
核心证书：持有注册安全工程师（化工安全/其他安全方向）或中级/高级选矿工程师职称者优先。
2. 专业技能
工艺精通：精通目标矿种的选矿原理与药剂作用机理（如铜矿捕收剂/抑制剂、铁矿磁选/反浮选）。
设备认知：熟悉破碎筛分、磨矿分级、浮选磁选、浓缩过滤等主要设备的构造、原理及性能。
数据分析：能通过原矿、精矿、尾矿化验数据快速判断流程状况，并制定调整方案。
软件操作：熟练使用CAD（绘制流程图）、Office（数据分析），了解JKSimMet、USIM PAC等选矿模拟软件者更佳。
3. 综合素质
动手能力：具备较强的现场实操能力，能通过“看、摸、闻”判断矿浆浓度、泡沫状态等。
 查看全部",JavaScript / CSS / Java / React / CAD / PMP / 数据分析 / Go / HTML / jQuery / UG / AI / Excel,矿产开采,https://www.liepin.com/a/75296865.shtml
646,猎聘,能源/化工/环保,矿物加工,技术员（钾肥方向）,企业,某国内矿产开采公司,50-99人,商洛-洛南县,商洛-洛南县,商洛-洛南县,30-40k,本科,2年以上,20260506142845,/,"：
1、工艺路线研发与优化：
负责高温焙烧法（如钾钙烧结法、钾钠烧结法）、酸解法或微生物活化法等提钾工艺的小试与中试实验。
研究助剂（如石灰石、石膏、氯化钠、碳酸钠）的配比与反应机理，优化焙烧温度曲线，提高钾的转化率与溶出率。
探索尾渣（硅钙渣）的资源化利用途径，如制备土壤调理剂、建材原料，解决环保瓶颈。
2、产品配方设计与肥效验证：
将提钾产物（如硅酸钾、硫酸钾混合物）与氮、磷及中微量元素复配，设计含钾硅钙肥、缓释钾肥或土壤调理剂配方。
设计并执行盆栽试验与田间小区试验，验证产品在特定土壤（如酸性土、缺硅土）上的增产效果、抗逆性及土壤改良效果。
3、质量体系与标准建立：
建立钾长石原矿、中间品及成品肥料的企业内控标准，明确K₂O含量、枸溶率、pH值、重金属限量等指标。
制定原料验收、生产过程控制及成品检验的标准化操作规程（SOP）。
4、成本核算与工业化转化：
核算单吨产品的能耗（煤耗、电耗）、辅料消耗及综合成本，为生产线建设提供经济性数据支撑。
配合生产部门进行工艺放大，解决中试到工业化生产过程中的技术瓶颈（如结圈、粉尘、腐蚀等）。","1、学历、专业、经验：
学历专业：本科及以上学历，化学工程与工艺、无机非金属材料、矿物加工工程、植物营养学或土壤学相关专业。
经验要求：2年以上非金属矿深加工、无机盐化工或新型肥料研发经验。有钾长石、霞石正长岩提钾项目经历者优先。
2、专业技能：
懂化学：精通硅酸盐化学与热力学，熟悉钾长石在高温或强酸条件下的结构破坏与钾释放机理。
懂分析：熟练操作高温炉（马弗炉/管式炉）、火焰光度计、XRF/XRD等设备，掌握四苯硼钠重量法或火焰光度法测定钾含量的技能。
懂农业：了解作物需钾规律及土壤钾素形态转化，能设计科学的肥效验证方案。3、综合素质：
创新与抗压：钾长石提钾工业化技术壁垒高，需具备较强的探索精神和解决复杂技术问题的能力。
成本意识：民企研发需兼顾技术先进性与经济可行性，需具备强烈的降本增效意识。
动手能力：能独立完成从配料、焙烧、浸出到检测的全流程实验操作。
 查看全部",JavaScript / CSS / Java / React / PMP / Go / HTML / jQuery / UG / AI,矿产开采,https://www.liepin.com/a/75295177.shtml
647,猎聘,能源/化工/环保,矿物加工,研发工程师,企业,某国内矿产开采公司,50-99人,商洛-洛南县,商洛-洛南县,商洛-洛南县,20-40k,本科,2年以上,20260506143044,/,"学历与专业：
本科及以上，2年以上金属、非金属矿研发中心、实验室工作经验。应用化工、分析化学、矿物加工、地质、材料、非金属矿等相关专业优先。有化验员证、检验检测资格证者、商洛地区从事相关检验工作经历者优先。
职业素养
1、工作严谨细致、责任心强，数据真实可靠，不弄虚作假。
2、遵守公司纪律，服从安排，团结集体，有团队协作意识。
3、能吃苦耐劳，适应倒班、临时加班、批量样品检测等工作。
 查看全部","2. 如您应聘的岗位属于涉外劳务合作/海外岗位的，请务必核实招聘方对外劳务合作资质取得情况，同时注意自身资金安全，防范招聘欺诈。
 3. 本平台招聘方不向求职者提供任何收费服务。
 查看全部
 相关推荐
 展开
 水性涂料研发工程师招聘
 涂料研发岗招聘
 涂布研发岗招聘
 外墙涂料研发招聘
 涂料技术研发招聘
 涂料调色技术员招聘
 汽车涂料研发总监招聘
 外墙涂料研发部长招聘
 涂装工艺材料工程师招聘
 防水涂料研发工程师招聘
 涂料研发助理工程师招聘
 铝板涂料研发工程师招聘
 外墙涂料研发工程师招聘
 防腐涂料研发工程师招聘
 涂料研究师招聘
 离型膜领域招聘
 建筑涂料技术经理或储备总工招聘
 喷雾研发工程师招聘
 染色研发经理招聘
 换能器研发工程师招聘
 膜材料研发工程师招聘
 粉料研发技术经理招聘
 光伏材料研发科学家招聘
 CHEMIST重防腐招聘
 工程师研发招聘
 石墨烯研究招聘
 聚酯研发经理招聘
 喷涂负责人招聘
 涂附磨具总工招聘
 涂料色彩工程师招聘
 相关公司
 深圳市弗赛特科技股份有限公司
 联想控股
 河北唐隆投资有限公司
 热门城市
 北京招聘网
 上海招聘网
 广州招聘网
 厦门招聘网
 杭州招聘网
 郑州招聘网
 南京招聘网
 天津招聘网
 重庆招聘网
 成都招聘网
 苏州招聘网
 商丘招聘网
 大连招聘网
 济南招聘网
 宁波招聘网
 无锡招聘网
 青岛招聘网
 沈阳招聘网
 台州招聘网
 西安招聘网
 武汉招聘网
 周边城市
 商洛招聘网
 >
 商洛涂料研发招聘
 >
 研发工程师招聘
 收藏职位
 立即沟通
 更新时间：2026-06-08",JavaScript / CSS / Java / React / PMP / Go / HTML / jQuery / UG / AI,矿产开采,https://www.liepin.com/a/75295439.shtml
648,猎聘,能源/化工/环保,矿物加工,其他生产/制造/研发职位,企业,某国内矿产开采公司,50-99人,商洛-洛南县,商洛-洛南县,商洛-洛南县,35-45k,学历不限,经验不限,20260506145837,零食,"学历与专业：
本科及以上，2年以上金属、非金属矿研发中心、实验室工作经验。应用化工、分析化学、矿物加工、地质、材料、非金属矿等相关专业优先。有化验员证、检验检测资格证者、商洛地区从事相关检验工作经历者优先。
职业素养
1、工作严谨细致、责任心强，数据真实可靠，不弄虚作假。
2、遵守公司纪律，服从安排，团结集体，有团队协作意识。
3、能吃苦耐劳，适应倒班、临时加班、批量样品检测等工作。
 查看全部","2. 如您应聘的岗位属于涉外劳务合作/海外岗位的，请务必核实招聘方对外劳务合作资质取得情况，同时注意自身资金安全，防范招聘欺诈。
 3. 本平台招聘方不向求职者提供任何收费服务。
 查看全部
 相关推荐
 展开
 网站制作IT专员招聘
 课程研发专家招聘
 团购网站产品招聘
 测评研发招聘
 灯具研发项目招聘
 化学研发管理招聘
 制造技术招聘
 TOPCON研发技术员招聘
 塑钢门窗师傅招聘
 高级持续改善专员招聘
 纺织化学品研发招聘
 糕点零食研发人员招聘
 沥青拌合站操作手招聘
 工业硅研发中心副主任招聘
 等离子体技术研发员招聘
 大数据平台研发专家招聘
 样品试制员招聘
 五金丝印师傅招聘
 碳酸锂博士招聘
 碳交易研究主任招聘
 注塑工段长招聘
 集成研发总监招聘
 规划部副主任招聘
 蓄热工程师招聘
 蒸汽技术专家招聘
 首饰起版师招聘
 断桥门窗技术工招聘
 电芯研发中心总经理招聘
 基因技术研发科学家招聘
 传热传质高级工程师招聘
 相关公司
 深圳市弗赛特科技股份有限公司
 联想控股
 河北唐隆投资有限公司
 热门城市
 北京招聘网
 上海招聘网
 广州招聘网
 厦门招聘网
 杭州招聘网
 郑州招聘网
 南京招聘网
 天津招聘网
 重庆招聘网
 成都招聘网
 苏州招聘网
 商丘招聘网
 大连招聘网
 济南招聘网
 宁波招聘网
 无锡招聘网
 青岛招聘网
 沈阳招聘网
 台州招聘网
 西安招聘网
 武汉招聘网
 周边城市
 商洛招聘网
 >
 商洛其他生产/制造/研发职位招聘
 >
 其他生产/制造/研发职位招聘
 收藏职位
 立即沟通
 更新时间：2026-06-08",JavaScript / CSS / Java / React / PMP / Go / HTML / jQuery / UG / AI,矿产开采,https://www.liepin.com/a/75299013.shtml
649,猎聘,能源/化工/环保,矿物加工,矿业公司项目总经理,企业,万邦宏盛,100-499人,咸阳-泾阳县,咸阳-泾阳县,咸阳-泾阳县,30-60k,大专,8年以上,20260604093334,16薪 / 13薪 / 14薪 / 15薪,"：
1、负责统筹地质探矿、采掘计划、选矿生产、尾矿运维，管控采掘贫化率、选矿回收率、产能达标，优化开采工艺降本增效；
2、负责采矿生产日常运营，落实公司年度、月度产量、采掘进尺、剥离量等生产指标，拆解任务至采掘班组、施工队伍，跟踪每日、每周生产进度，及时解决生产堵点；
3、负责采掘现场施工管理，监督巷道掘进、矿石开采、爆破作业、装车运输、边坡修整等全流程作业，把控施工质量，杜绝不合格工程。
4、负责建立全员安全生产责任制、安全规程、双重预防体系，保障安全投入落地；每月主持安全专题会，常态化隐患排查治理，督办重大隐患整改；
5、负责各项手续批复、办理相关证照以及协调各方资源，保证项目顺利落地；
6、负责协调征地、林地、矿权纠纷、矿山检查迎审。","1、专科及以上学历，采矿工程、地质、选矿、安全工程、矿物加工等相关专业优先；
2、八年以上矿业行业工作经验，3 年以上矿山总经理 / 矿长 / 生产副总同等管理岗位经验，有完整矿山运营管理经历；
3、熟悉地质、采矿、选矿、机电、安全、环保全链条业务；
4、责任心极强，原则性强，廉洁自律，无重大安全责任事故记录；
5、能接受长期驻外（哈萨克斯坦）。
 查看全部",CSS / 项目管理 / React / CAD / PMP / Go / HTML / jQuery / UG / AI,矿产开采,https://www.liepin.com/job/1983135485.shtml
650,猎聘,能源/化工/环保,矿物加工,选矿工程师,企业,某知名公司,10000人以上,陕西省,商洛,商洛,15-30k,本科,10年以上,20260403104602,/,". 工艺设计与优化
流程制定：根据矿石性质（硬度、嵌布粒度、矿物组成），设计或优化破碎、磨矿、分级、选别（浮选/磁选/重选）及脱水工艺流程。
参数控制：确定各工序的关键技术参数，如磨矿细度、药剂制度（种类、用量、添加点）、磁场强度、浮选液位与充气量等。
试验研究：组织或参与矿石可选性试验、新药剂试验、流程考察，为工艺改进提供数据支撑。
2. 生产运行管理
现场指导：深入选矿车间，指导操作工调整设备运行状态，解决生产中的技术难题（如跑粗、沉槽、精矿品位波动等）。
质量控制：监控原矿、精矿、尾矿品位，确保精矿产品达到销售标准，控制尾矿品位以降低金属流失。
指标统计：计算并分析原矿处理量、精矿产量、回收率、选矿比、材料单耗等经济技术指标。
3. 设备与成本管理
设备选型与维护：参与关键设备（破碎机、球磨机、浮选机、磁选机）的选型、安装调试及检修方案制定。
成本控制：通过优化药剂配比、降低钢球/衬板消耗、提高设备运转率等措施，降低选矿加工成本。
技术改造：针对流程瓶颈，提出并实施技术改造方案，提升系统处理能力与自动化水平。
4. 安全与环保
安全管理：识别破碎、磨矿、药剂储存等环节的安全风险，制定操作规程，防止机械伤害与中毒事故。
环保合规：负责尾矿库回水利用、废水处理达标排放及危化品（如选矿药剂）的合规管理。
5. 技术资料管理
台账记录：建立完整的生产日报、月报及技术台账。
软件应用：使用CAD绘制工艺流程图、设备配置图；使用Excel或专业软件进行数据建模与平衡计算。","1、学历专业：矿物加工工程、冶金工程、化工工艺等相关专业，本科及以上学历（核心岗位硬性要求）。
工作经验：3年以上金属矿（如铜、铁、铅锌、金矿）选矿厂技术管理或生产操作经验，熟悉目标矿种（如应聘铜矿需懂铜浮选）的选别特性。
核心证书：持有注册安全工程师（化工安全/其他安全方向）或中级/高级选矿工程师职称者优先。
2. 专业技能
工艺精通：精通目标矿种的选矿原理与药剂作用机理（如铜矿捕收剂/抑制剂、铁矿磁选/反浮选）。
设备认知：熟悉破碎筛分、磨矿分级、浮选磁选、浓缩过滤等主要设备的构造、原理及性能。
数据分析：能通过原矿、精矿、尾矿化验数据快速判断流程状况，并制定调整方案。
软件操作：熟练使用CAD（绘制流程图）、Office（数据分析），了解JKSimMet、USIM PAC等选矿模拟软件者更佳。
3. 综合素质
动手能力：具备较强的现场实操能力，能通过“看、摸、闻”判断矿浆浓度、泡沫状态等。
严谨细致：对数据敏感，具备严谨的科学态度，能通过细微的指标变化发现系统问题。
沟通协调：能与采矿、地质、化验及设备维修部门高效协作，解决上下游衔接问题。
抗压能力：能适应选矿厂24小时连续生产的工作节奏，处理突发性生产故障。
核心要点：
露天金属矿选矿工程师是连接“采矿”与“销售”的关键枢纽，负责将采出的原矿石通过物理或化学方法分离出有价值的精矿产品。其核心目标是在保证产品质量的前提下，最大化回收率、降低生产成本。
 查看全部",JavaScript / 沟通协调 / CSS / Java / React / CAD / PMP / 数据分析 / Go / HTML / jQuery / UG / AI / Excel,矿产开采,https://www.liepin.com/a/74233337.shtml
