序号,招聘平台,岗位类型一级,岗位类型二级,岗位名称,岗位类型企业/公务员/事业单位/军队文职,公司名称,公司规模,所在省份,城市,详细地址,学历要求,经验要求,薪资范围,福利标签,工作内容,任职要求,岗位链接,发布时间,投递起始时间,投递截止时间,证书要求,备注（技能要求）
153667,猎聘,能源/化工/环保,化学,材料工程师（制氢设备）,猎头职位,某知名公司,100-499人,,杭州,南京,本科,3-5年,15-25k,,,,https://www.liepin.com/a/74362807.shtml,20260608080340,,,,
153668,猎聘,能源/化工/环保,化学,核苷酸研究员,猎头职位,某苏州知名制药公司,100-499人,,杭州,苏州,本科,1-3年,15-20k,,,,https://www.liepin.com/a/74637879.shtml,20260609161914,,,,
153669,猎聘,能源/化工/环保,化学,分析测试工程师,猎头职位,某北京金属制品上市公司,1000-2000人,,杭州,南通,统招本科,3-5年,15-30k,,,,https://www.liepin.com/a/76036583.shtml,20260609163722,,,,
153670,猎聘,能源/化工/环保,化学,理化实验室测试工程师,猎头职位,世界知名500强集团新能源事业部,5000-10000人,,杭州,南京-江宁区,统招本科,1-3年,15-25k·16薪,,,,https://www.liepin.com/a/73970523.shtml,20260609111951,,,,
153671,猎聘,能源/化工/环保,化学,连续流合成研究员,猎头职位,某南京制药上市公司,1000-2000人,,杭州,南京-浦口区,统招本科,3-5年,12-18k·14薪,,,,https://www.liepin.com/a/73499185.shtml,20260608164736,,,,
153672,猎聘,能源/化工/环保,化学,有机合成研究员（中间体 CDMO）,猎头职位,某上海制药上市公司,100-499人,,杭州,南通,硕士,3-5年,15-18k·13薪,,,,https://www.liepin.com/a/76141265.shtml,20260604091710,,,,
153673,猎聘,能源/化工/环保,化学,车间主任,猎头职位,某国内制药公司,50-99人,,杭州,泰州-泰兴,学历不限,3-5年,15-30k,,,,https://www.liepin.com/a/75573227.shtml,20260512144314,,,,
153674,猎聘,能源/化工/环保,化学,药化研究员,猎头职位,某苏州知名公司,100-499人,,杭州,苏州,本科,3年以上,14-20k,,,,https://www.liepin.com/a/75632947.shtml,20260513170538,,,,
153675,猎聘,能源/化工/环保,化学,合成研究员,猎头职位,某知名公司,100-499人,,杭州,苏州,硕士,3-5年,13-21k·14薪,,,,https://www.liepin.com/a/74740661.shtml,20260513171538,,,,
153676,猎聘,能源/化工/环保,化学,分析工程师（上市公司）,猎头职位,某苏州大型新能源公司,5000-10000人,,杭州,苏州-张家港,硕士,1-3年,12-18k·14薪,,,,https://www.liepin.com/a/76312209.shtml,20260609104002,,,,
153677,猎聘,能源/化工/环保,化学,理化实验室测试工程师,猎头职位,某南京大型新能源公司,1000-2000人,,杭州,南京-江宁区,本科,2年以上,15-25k·16薪,,,,https://www.liepin.com/a/73930565.shtml,20260609131058,,,,
153678,猎聘,能源/化工/环保,化学,材料工程师,猎头职位,某大型新能源公司,5000-10000人,,杭州,南京-栖霞区,本科,3年以上,20-30k,,,,https://www.liepin.com/a/75690711.shtml,20260514183754,,,,
153679,猎聘,能源/化工/环保,化学,合成工艺研究员,猎头职位,某苏州知名公司,100-499人,,杭州,苏州,本科,3年以上,14-15k,,,,https://www.liepin.com/a/75633265.shtml,20260513162604,,,,
153680,猎聘,能源/化工/环保,化学,保护膜涂布工艺工程师（光学膜、胶带、保护膜、硬化膜）,猎头职位,某大型世界500强化工公司,5000-10000人,,杭州,苏州,大专,5-10年,22-30k·15薪,,,,https://www.liepin.com/a/75305253.shtml,20260609084138,,,,
153681,猎聘,能源/化工/环保,化学,电池辅材开发工程师,猎头职位,某南京大型新能源公司,5000-10000人,,杭州,南京,统招本科,1-3年,20-30k·16薪,,,,https://www.liepin.com/a/73644309.shtml,20260609084836,,,,
153682,猎聘,能源/化工/环保,化学,质量研究员,猎头职位,某国内制药上市公司,5000-10000人,,杭州,常州-新北区,本科,1-3年,10-15k,,,,https://www.liepin.com/a/75575361.shtml,20260512150332,,,,
153683,猎聘,能源/化工/环保,化学,供应商质量管理,猎头职位,某国内大型新能源公司,5000-10000人,,杭州,常州-金坛区,学历不限,3-5年,25-35k·17薪,,,,https://www.liepin.com/a/75942503.shtml,20260609135539,,,,
153684,猎聘,能源/化工/环保,化学,固态电池研发专家,猎头职位,某国内大型新能源公司,5000-10000人,,杭州,无锡,本科,5-10年,50-80k·20薪,,,,https://www.liepin.com/a/75924925.shtml,20260601161337,,,,
153685,猎聘,能源/化工/环保,化学,电芯研发总监,猎头职位,某国内新能源上市公司,10000人以上,,杭州,常州-金坛区,硕士,10年以上,40-60k·15薪,,,,https://www.liepin.com/a/76105173.shtml,20260609114203,,,,
153686,猎聘,能源/化工/环保,化学,研发工程师（聚氨酯弹性体、聚氨酯预聚体）,猎头职位,某国内橡胶/塑料制品公司,50-99人,,杭州,泰州,学历不限,经验不限,15-25k,,,,https://www.liepin.com/a/76256493.shtml,20260601134558,,,,
153687,猎聘,能源/化工/环保,化学,EHS Manager,猎头职位,某苏州知名公司,100-499人,,杭州,苏州,统招本科,10年以上,20-30k·15薪,,,,https://www.liepin.com/a/74638957.shtml,20260603173314,,,,
153688,猎聘,能源/化工/环保,化学,合成工艺研究员,猎头职位,某苏州学术/科研公司,100-499人,,杭州,苏州,硕士,3-10年,14-20k,,,,https://www.liepin.com/a/75632793.shtml,20260514081910,,,,
153689,猎聘,能源/化工/环保,化学,合成工艺研究员,猎头职位,某知名公司,100-499人,,杭州,苏州,学历不限,经验不限,20-23k·13薪,,,,https://www.liepin.com/a/74928629.shtml,20260520103327,,,,
153690,猎聘,能源/化工/环保,化学,研发工程师（聚氨酯，弹性体、预聚体，高铁、脚轮）,猎头职位,某国内电子/半导体/集成电路公司,50-99人,,杭州,泰州,大专,经验不限,15-30k,,,,https://www.liepin.com/a/76288123.shtml,20260609095642,,,,
153691,猎聘,能源/化工/环保,化学,药化合成高级研究员,猎头职位,某国内大型制药公司,1000-2000人,,杭州,苏州,博士,5年以下,25-30k·13薪,,,,https://www.liepin.com/a/75787867.shtml,20260604170930,,,,
153692,猎聘,能源/化工/环保,化学,有机合成研究员,猎头职位,某上海大型制药公司,500-999人,,杭州,无锡,本科,2年以上,15-30k,,,,https://www.liepin.com/a/74965709.shtml,20260609091810,,,,
153693,猎聘,能源/化工/环保,化学,测试工程师,猎头职位,某国内新能源公司,50-99人,,杭州,常州,本科,3-5年,8-13k·14薪,,,,https://www.liepin.com/a/76076599.shtml,20260605182622,,,,
153694,猎聘,能源/化工/环保,化学,质量分析研究员（大分子 ADC）,猎头职位,某苏州大型制药公司,500-999人,,杭州,苏州,硕士,3-5年,17-25k·14薪,,,,https://www.liepin.com/a/75828405.shtml,20260520133617,,,,
153695,猎聘,能源/化工/环保,化学,药物分析研究员,猎头职位,某苏州知名公司,100-499人,,杭州,苏州,本科,3-5年,14-20k,,,,https://www.liepin.com/a/75653819.shtml,20260514094953,,,,
153696,猎聘,能源/化工/环保,化学,环安经理（制造业）,猎头职位,某苏州大型电子/半导体/集成电路公司,5000-10000人,,杭州,苏州,本科,10年以上,18-26k·14薪,,,,https://www.liepin.com/a/75113213.shtml,20260427180059,,,,
153697,猎聘,能源/化工/环保,化学,材料研发岗（固态）,猎头职位,某国内大型新能源公司,5000-10000人,,杭州,常州,博士,5-10年,40-60k·20薪,,,,https://www.liepin.com/a/73912539.shtml,20260602151626,,,,
153698,猎聘,能源/化工/环保,化学,合成工艺研究员-高级研究员,猎头职位,某苏州知名公司,100-499人,,杭州,苏州-工业园区,本科,3-5年,15-25k,,,,https://www.liepin.com/a/74836499.shtml,20260420152430,,,,
153699,猎聘,能源/化工/环保,化学,Biology-SM/AD,猎头职位,某苏州制药公司,1-49人,,杭州,苏州-工业园区,硕士,5-10年,30-50k·14薪,,,,https://www.liepin.com/a/75841839.shtml,20260609093527,,,,
153700,猎聘,能源/化工/环保,化学,合成研究员,猎头职位,某南京制药上市公司,1000-2000人,,杭州,南京,本科,5-10年,15-30k·14薪,,,,https://www.liepin.com/a/75455213.shtml,20260522173457,,,,
153701,猎聘,能源/化工/环保,化学,电镀工艺工程师,猎头职位,某知名公司,1-49人,,杭州,苏州-昆山,学历不限,经验不限,20-30k·13薪,,,,https://www.liepin.com/a/75927259.shtml,20260525100542,,,,
153702,猎聘,能源/化工/环保,化学,电镀工艺工程师,猎头职位,某知名公司,,,杭州,苏州-昆山,学历不限,经验不限,20-30k·13薪,,,,https://www.liepin.com/a/75909147.shtml,20260609105447,,,,
153703,猎聘,能源/化工/环保,化学,LNP 递送科学家/总监,猎头职位,某南京制药公司,100-499人,,杭州,南京-栖霞区,博士,1-3年,25-35k·14薪,,,,https://www.liepin.com/a/76275025.shtml,20260601171000,,,,
153704,猎聘,能源/化工/环保,化学,知识产权经理,猎头职位,某南京医疗器械上市公司,5000-10000人,,杭州,南京-玄武区,统招本科,5年以上,25-40k·14薪,,,,https://www.liepin.com/a/76113395.shtml,20260527142354,,,,
153705,猎聘,能源/化工/环保,化学,合成工艺研究员/高级研究员/科学家,猎头职位,某国内大型制药公司,10000人以上,,杭州,苏州,学历不限,3-5年,16-30k,,,,https://www.liepin.com/a/75453405.shtml,20260509113126,,,,
153706,猎聘,能源/化工/环保,化学,电池失效分析工程师,猎头职位,某南京大型新能源公司,1000-2000人,,杭州,南京-江宁区,硕士,3-5年,20-40k·14薪,,,,https://www.liepin.com/a/76359605.shtml,20260609203854,,,,
153707,猎聘,能源/化工/环保,化学,研发主管,猎头职位,某苏州制药公司,100-499人,,杭州,苏州,硕士,5-10年,20-35k·14薪,,,,https://www.liepin.com/a/76277245.shtml,20260608093542,,,,
153708,猎聘,能源/化工/环保,化学,电芯研发主任工程师,猎头职位,某苏州新能源上市公司,5000-10000人,,杭州,苏州,硕士,5-10年,35-60k·18薪,,,,https://www.liepin.com/a/75612341.shtml,20260603173819,,,,
153709,猎聘,能源/化工/环保,化学,非天然氨基酸研究员,猎头职位,某郑州其他生活服务公司,50-99人,,杭州,苏州,统招本科,3-5年,15-25k,,,,https://www.liepin.com/a/74358435.shtml,20260604092813,,,,
153710,猎聘,能源/化工/环保,化学,电芯研发总监,猎头职位,某苏州新能源公司,100-499人,,杭州,苏州,统招本科,5-10年,50-60k·14薪,,,,https://www.liepin.com/a/76119591.shtml,20260603091438,,,,
153711,猎聘,能源/化工/环保,化学,工艺/制程工程师(PE),猎头职位,某知名公司,,,杭州,苏州-昆山,学历不限,3-5年,13-20k·13薪,,,,https://www.liepin.com/a/75919261.shtml,20260605105324,,,,
153712,猎聘,能源/化工/环保,化学,磷酸铁锂材料研发工程师（正极材料）,猎头职位,世界知名500强集团新能源事业部,5000-10000人,,杭州,南京-栖霞区,硕士,1-3年,20-40k·16薪,,,,https://www.liepin.com/a/71193481.shtml,20260609111952,,,,
153713,猎聘,能源/化工/环保,化学,电镀工艺工程师,猎头职位,某知名公司,1-49人,,杭州,苏州,学历不限,经验不限,20-25k·13薪,,,,https://www.liepin.com/a/75259573.shtml,20260525093356,,,,
153714,猎聘,能源/化工/环保,化学,铁锂/钠电电芯研发,猎头职位,某南京大型新能源公司,5000-10000人,,杭州,南京,硕士,1-3年,30-40k·16薪,,,,https://www.liepin.com/a/73848789.shtml,20260608093315,,,,
153715,猎聘,能源/化工/环保,化学,常州国际学校教师,猎头职位,某知名公司,100-499人,,杭州,常州,硕士,经验不限,15-25k·13薪,,,,https://www.liepin.com/a/74591773.shtml,20260519122138,,,,
153716,猎聘,能源/化工/环保,化学,结晶工程师,猎头职位,某苏州制药公司,100-499人,,杭州,苏州,硕士,3-5年,17-22k,,,,https://www.liepin.com/a/75530493.shtml,20260609094351,,,,
153717,猎聘,能源/化工/环保,化学,材料工程师,猎头职位,某大型新能源公司,5000-10000人,,杭州,南京,硕士,3-5年,20-40k·13薪,,,,https://www.liepin.com/a/75259535.shtml,20260506085745,,,,
153718,猎聘,能源/化工/环保,化学,（高级）制造工程师 (表面处理),猎头职位,某苏州批发/零售公司,100-499人,,杭州,苏州,本科,经验不限,20-25k·13薪,,,,https://www.liepin.com/a/74454139.shtml,20260601133928,,,,
153719,猎聘,能源/化工/环保,化学,合成工程师,猎头职位,某苏州大型制药公司,500-999人,,杭州,苏州,本科,3-5年,18-24k,,,,https://www.liepin.com/a/75389511.shtml,20260609161914,,,,
153720,猎聘,能源/化工/环保,化学,质量检测员/测试员,猎头职位,某日化公司,100-499人,,杭州,常州,大专,经验不限,7-9k·14薪,,,,https://www.liepin.com/a/75938483.shtml,20260522145127,,,,
153721,猎聘,能源/化工/环保,化学,合成工程师,猎头职位,某苏州大型制药公司,500-999人,,杭州,苏州,统招本科,6-10年,14-22k,,,,https://www.liepin.com/a/75382973.shtml,20260608152319,,,,
153722,猎聘,能源/化工/环保,化学,工艺技术负责人,猎头职位,某国内化工公司,,,杭州,连云港,学历不限,经验不限,20-25k·13薪,,,,https://www.liepin.com/a/76027193.shtml,20260528092652,,,,
153723,猎聘,能源/化工/环保,化学,药物分析与稳定性研究专员,猎头职位,某苏州大型制药公司,1000-2000人,,杭州,苏州-吴中区,统招本科,3-5年,12-15k·13薪,,,,https://www.liepin.com/a/74712529.shtml,20260416111606,,,,
153724,猎聘,能源/化工/环保,化学,高级分析研究员,猎头职位,某南京知名公司,1000-2000人,,杭州,南京,统招本科,5-10年,18-25k,,,,https://www.liepin.com/a/75132307.shtml,20260428105131,,,,
153725,猎聘,能源/化工/环保,化学,工艺技术负责人,猎头职位,某国内化工公司,,,杭州,连云港,本科,5-10年,15-30k,,,,https://www.liepin.com/a/76125401.shtml,20260608093542,,,,
153726,猎聘,能源/化工/环保,化学, ADC偶联高级研究员,猎头职位,某知名公司,100-499人,,杭州,南京,硕士,5-10年,25-35k·14薪,,,,https://www.liepin.com/a/74141849.shtml,20260519100813,,,,
153727,猎聘,能源/化工/环保,化学,水处理药剂研发专员,猎头职位,某国内大型环保公司,500-999人,,杭州,无锡,硕士,3-5年,12-20k,,,,https://www.liepin.com/a/75503551.shtml,20260604142628,,,,
153728,猎聘,能源/化工/环保,化学,工艺专家，工艺博士,猎头职位,知名半导体公司,100-499人,,杭州,苏州,博士,经验不限,45-60k·13薪,,,,https://www.liepin.com/a/74412403.shtml,20260606224621,,,,
153729,猎聘,能源/化工/环保,化学,工艺和持续改善工程师,猎头职位,某知名公司,1-49人,,杭州,苏州,本科,5-10年,20-26k·15薪,,,,https://www.liepin.com/a/76188185.shtml,20260609094400,,,,
153730,猎聘,能源/化工/环保,化学,质量总监（密封条，英语要好）,猎头职位,某苏州大型橡胶/塑料制品公司,5000-10000人,,杭州,苏州,统招本科,5-10年,30-40k,,,,https://www.liepin.com/a/76093959.shtml,20260527100304,,,,
153731,猎聘,能源/化工/环保,化学,研发总监（薄膜沉积）,猎头职位,某国内化工公司,50-99人,,杭州,南京,硕士,10年以上,80-100k,,,,https://www.liepin.com/a/75109983.shtml,20260602174901,,,,
153732,猎聘,能源/化工/环保,化学,药化科学家/经理/总监,猎头职位,某苏州知名公司,100-499人,,杭州,苏州-工业园区,博士,5-10年,40-70k·14薪,,,,https://www.liepin.com/a/76163631.shtml,20260528143142,,,,
153733,猎聘,能源/化工/环保,化学,电子浆料研发工程师,猎头职位,外资化工企业,5000-10000人,,杭州,苏州,硕士,经验不限,20-35k·14薪,,,,https://www.liepin.com/a/76335225.shtml,20260607103653,,,,
153734,猎聘,能源/化工/环保,化学,技术经理,猎头职位,某知名化工公司,50-99人,,杭州,徐州,学历不限,10年以上,20-25k·13薪,,,,https://www.liepin.com/a/74873533.shtml,20260603193017,,,,
153735,猎聘,能源/化工/环保,化学,电解质材料开发,猎头职位,某国内矿产开采上市公司,1000-2000人,,杭州,苏州,博士,2年以上,30-60k·15薪,,,,https://www.liepin.com/a/75897267.shtml,20260604113239,,,,
153736,猎聘,能源/化工/环保,化学,苏州拓界-药化总监ADC-苏州,猎头职位,某苏州学术/科研公司,,,杭州,苏州-工业园区,博士,5-10年,80-100k,,,,https://www.liepin.com/a/76264413.shtml,20260601151205,,,,
153737,猎聘,能源/化工/环保,化学,知识产权工程师,猎头职位,某南京医疗器械上市公司,5000-10000人,,杭州,南京,统招本科,5-7年,30-40k,,,,https://www.liepin.com/a/76423377.shtml,20260604164251,,,,
153738,猎聘,能源/化工/环保,化学,安环总监,猎头职位,某上海制药公司,1-49人,,杭州,连云港,统招本科,10年以上,20-35k,,,,https://www.liepin.com/a/76158279.shtml,20260605094741,,,,
153739,猎聘,能源/化工/环保,化学,药化合成高级研究员,猎头职位,某知名制药上市公司,10000人以上,,杭州,苏州,博士,经验不限,30-40k·14薪,,,,https://www.liepin.com/a/75762493.shtml,20260609091227,,,,
153740,猎聘,能源/化工/环保,化学,连续流高级研究员,猎头职位,某大型知名制药公司,500-999人,,杭州,南京,本科,3-5年,15-30k,,,,https://www.liepin.com/a/73445027.shtml,20260609101048,,,,
153741,猎聘,能源/化工/环保,化学,原料药技术负责人,猎头职位,某上海制药公司,100-499人,,杭州,南通,硕士,5-10年,30-60k,,,,https://www.liepin.com/a/73918445.shtml,20260608093542,,,,
153742,猎聘,能源/化工/环保,化学,有机合成研究员,猎头职位,某国内大型制药公司,5000-10000人,,杭州,无锡,学历不限,8年以下,7-12k,,,,https://www.liepin.com/a/75565787.shtml,20260512130730,,,,
153743,猎聘,能源/化工/环保,化学,研发质量管理 - 医疗器械/IVD/无缘/有缘,猎头职位,某医疗器械公司,500-999人,,杭州,南京,统招本科,7年以上,20-35k·14薪,,,,https://www.liepin.com/a/76234489.shtml,20260531184845,,,,
153744,猎聘,能源/化工/环保,化学,小核酸设计科学家,猎头职位,某北京制药公司,100-499人,,杭州,苏州,博士,1年以上,40-70k,,,,https://www.liepin.com/a/74709887.shtml,20260608181939,,,,
153745,猎聘,能源/化工/环保,化学,小核酸高级研究员,猎头职位,某大型知名制药公司,500-999人,,杭州,南京,本科,5-10年,20-40k·14薪,,,,https://www.liepin.com/a/76113419.shtml,20260609101047,,,,
153746,猎聘,能源/化工/环保,化学,CADD,猎头职位,某制药公司,50-99人,,杭州,苏州,博士,经验不限,25-35k·14薪,,,,https://www.liepin.com/a/75701729.shtml,20260604090601,,,,
153747,猎聘,能源/化工/环保,化学,药化科学家,猎头职位,某苏州知名公司,100-499人,,杭州,苏州-工业园区,硕士,5-10年,23-35k·14薪,,,,https://www.liepin.com/a/75660243.shtml,20260514105247,,,,
153748,猎聘,能源/化工/环保,化学,硅负极材料资深工程师,猎头职位,某国内大型新能源公司,2000-5000人,,杭州,常州-新北区,本科,3-5年,22-35k·13薪,,,,https://www.liepin.com/a/75760577.shtml,20260608091026,,,,
153749,猎聘,能源/化工/环保,化学,药化总监,猎头职位,某苏州医疗机构公司,50-99人,,杭州,苏州,博士,5-10年,60-90k·14薪,,,,https://www.liepin.com/a/75704999.shtml,20260603185354,,,,
153750,猎聘,能源/化工/环保,化学,材料博士,猎头职位,某国内大型机械制造公司,500-999人,,杭州,无锡-锡山区,博士,经验不限,30-40k,,,,https://www.liepin.com/a/75571985.shtml,20260608100956,,,,
153751,猎聘,能源/化工/环保,化学,药化设计科学家（ADC方向）,猎头职位,某南京大型制药公司,2000-5000人,,杭州,南京,学历不限,5-10年,30-40k,,,,https://www.liepin.com/a/75129975.shtml,20260609092950,,,,
153752,猎聘,能源/化工/环保,化学,有机合成高级研究员,猎头职位,某上海大型制药公司,10000人以上,,杭州,常州,博士,1-3年,27-35k·14薪,,,,https://www.liepin.com/a/76359013.shtml,20260603134410,,,,
153753,猎聘,能源/化工/环保,化学,药化科学家/D/ED/VP,猎头职位,某知名公司,100-499人,,杭州,苏州,博士,3年以上,40-60k·14薪,,,,https://www.liepin.com/a/75965373.shtml,20260601092242,,,,
153754,猎聘,能源/化工/环保,化学,小核酸设计Leader,猎头职位,某苏州学术/科研公司,1-49人,,杭州,苏州,博士,3-5年,40-60k,,,,https://www.liepin.com/a/75639989.shtml,20260609165909,,,,
153755,猎聘,能源/化工/环保,化学,核酸药物研发技术负责人,猎头职位,某南京科技推广服务公司,50-99人,,杭州,南京,本科,10年以上,50-60k·15薪,,,,https://www.liepin.com/a/75535947.shtml,20260608141754,,,,
153756,猎聘,能源/化工/环保,化学,药物分析研究员,猎头职位,某苏州学术/科研公司,100-499人,,杭州,苏州,硕士,3-10年,14-18k,,,,https://www.liepin.com/a/75654895.shtml,20260514100021,,,,
153757,猎聘,能源/化工/环保,化学,研发研究员,猎头职位,某南京大型石化公司,500-999人,,杭州,南京,硕士,5-10年,20-30k·14薪,,,,https://www.liepin.com/a/74907995.shtml,20260604145938,,,,
153758,猎聘,能源/化工/环保,化学,研发工程师,猎头职位,某国内知名新能源公司,10000人以上,,杭州,常州-溧阳,硕士,1-3年,15-25k,,,,https://www.liepin.com/a/75648103.shtml,20260522104500,,,,
153759,猎聘,能源/化工/环保,化学,LFP体系电解液开发工程师,猎头职位,世界知名500强集团新能源事业部,5000-10000人,,杭州,南京-栖霞区,硕士,3-5年,20-40k·16薪,,,,https://www.liepin.com/a/73817323.shtml,20260609111952,,,,
153760,猎聘,能源/化工/环保,化学,连续流研发,猎头职位,某南京知名公司,1000-2000人,,杭州,南京,统招本科,3-5年,12-20k,,,,https://www.liepin.com/a/76354373.shtml,20260603113842,,,,
153761,猎聘,能源/化工/环保,化学,电池辅材研发工程师,猎头职位,世界知名500强集团新能源事业部,5000-10000人,,杭州,南京-栖霞区,硕士,3-5年,20-40k·16薪,,,,https://www.liepin.com/a/75174997.shtml,20260609111951,,,,
153762,猎聘,能源/化工/环保,化学,电解液研发,猎头职位,某南京大型新能源公司,5000-10000人,,杭州,南京,硕士,5-10年,30-60k·14薪,,,,https://www.liepin.com/a/76105533.shtml,20260608093315,,,,
153763,猎聘,能源/化工/环保,化学,Plant Manager运营经理/工厂长（挤出模压成型/工程塑料/英语商务）,猎头职位,某上海化工公司,100-499人,,杭州,苏州-常熟,统招本科,10年以上,40-60k,,,,https://www.liepin.com/a/74911927.shtml,20260609081054,,,,
153764,猎聘,能源/化工/环保,化学,InP 外延工艺专家,猎头职位,某苏州电子/半导体/集成电路公司,100-499人,,杭州,苏州,本科,10年以上,50-70k·13薪,,,,https://www.liepin.com/a/76131105.shtml,20260527175811,,,,
153765,猎聘,能源/化工/环保,化学,ECP工艺研发工程师,猎头职位,某苏州知名公司,100-499人,,杭州,苏州-昆山,学历不限,经验不限,25-30k·13薪,,,,https://www.liepin.com/a/75955537.shtml,20260525100542,,,,
153766,猎聘,能源/化工/环保,化学,药化科学家,猎头职位,某南京大型制药公司,2000-5000人,,杭州,南京,博士,5-10年,40-60k,,,,https://www.liepin.com/a/75516873.shtml,20260604111321,,,,
153767,猎聘,能源/化工/环保,化学,核酸药物研发技术负责人,猎头职位,某南京科技推广服务公司,50-99人,,杭州,南京,博士,5-10年,50-60k·15薪,,,,https://www.liepin.com/a/75537563.shtml,20260608153421,,,,
153768,猎聘,能源/化工/环保,化学,方形电芯产品开发（商用车方向）,猎头职位,某南京大型新能源公司,5000-10000人,,杭州,南京,硕士,3-5年,30-40k·16薪,,,,https://www.liepin.com/a/76170513.shtml,20260608093315,,,,
153769,猎聘,能源/化工/环保,化学,工艺研发工程师,猎头职位,某知名公司,,,杭州,苏州-相城区,博士,经验不限,25-30k·13薪,,,,https://www.liepin.com/a/75812121.shtml,20260609100504,,,,
153770,猎聘,能源/化工/环保,化学,助理供应链协调员,猎头职位,苏州业格企业管理咨询有限公司,1-49人,,杭州,苏州,统招本科,1-3年,6-10k·13薪,,,,https://www.liepin.com/a/74650423.shtml,20260527224327,,,,
153771,猎聘,能源/化工/环保,化学,研发总监（半导体材料）,猎头职位,某国内电子/半导体/集成电路公司,100-499人,,杭州,南京,统招本科,10年以上,55-85k,,,,https://www.liepin.com/a/75257973.shtml,20260601151609,,,,
153772,猎聘,能源/化工/环保,化学,有机合成高级研究员,猎头职位,某上海专业技术服务公司,100-499人,,杭州,苏州-工业园区,硕士,3年以上,25-30k,,,,https://www.liepin.com/a/75569711.shtml,20260512140929,,,,
153773,猎聘,能源/化工/环保,化学,药化总监,猎头职位,某南京咨询服务公司,50-99人,,杭州,苏州,硕士,5-10年,50-70k·15薪,,,,https://www.liepin.com/a/74539835.shtml,20260608173616,,,,
153774,猎聘,能源/化工/环保,化学,LNP递送系统开发（LNP配方）,猎头职位,某南京制药公司,100-499人,,杭州,南京,博士,经验不限,30-45k·13薪,,,,https://www.liepin.com/a/76031325.shtml,20260525173028,,,,
153775,猎聘,能源/化工/环保,化学,电镀工艺工程师,猎头职位,某苏州知名上市公司,100-499人,,杭州,苏州-昆山,统招本科,5年以上,13-20k·14薪,,,,https://www.liepin.com/a/75199171.shtml,20260527114237,,,,
153776,猎聘,能源/化工/环保,化学,药化总监,猎头职位,某南京制药公司,50-99人,,杭州,南京,硕士,10年以上,70-90k,,,,https://www.liepin.com/a/74081133.shtml,20260608131338,,,,
153777,猎聘,能源/化工/环保,化学,镀铜研发,猎头职位,某知名公司,1-49人,,杭州,苏州,硕士,3-5年,25-40k·13薪,,,,https://www.liepin.com/a/75956759.shtml,20260605105323,,,,
153778,猎聘,能源/化工/环保,化学,药化组长,猎头职位,某南京制药上市公司,1000-2000人,,杭州,南京,学历不限,经验不限,20-35k·13薪,,,,https://www.liepin.com/a/74180787.shtml,20260603111202,,,,
153779,猎聘,能源/化工/环保,化学,电池辅材研发工程师,猎头职位,某南京大型新能源公司,5000-10000人,,杭州,南京-栖霞区,硕士,2年以上,35-45k,,,,https://www.liepin.com/a/76104999.shtml,20260609085628,,,,
153780,猎聘,能源/化工/环保,化学, 分析部主任/经理(Analytical R&D),猎头职位,某原料药企业,10000人以上,,杭州,南京,硕士,3年以上,25-45k·15薪,,,,https://www.liepin.com/a/73858119.shtml,20260609114922,,,,
153781,猎聘,能源/化工/环保,化学,胶粘剂研发（电子胶、车身胶、内饰胶、电池胶、“南通/上海/北京/广州”）,猎头职位,某国内知名公司,100-499人,,杭州,南通,统招本科,经验不限,20-40k·14薪,,,,https://www.liepin.com/a/75595419.shtml,20260512200636,,,,
153782,猎聘,能源/化工/环保,化学,研发总监（环氧树脂胶粘剂）,猎头职位,某国内金属制品公司,100-499人,,杭州,镇江,博士,10年以上,50-80k·15薪,,,,https://www.liepin.com/a/75532241.shtml,20260608154337,,,,
153783,猎聘,能源/化工/环保,化学,合成工艺经理,猎头职位,某苏州大型制药公司,500-999人,,杭州,苏州,统招本科,5-10年,21-30k,,,,https://www.liepin.com/a/76204741.shtml,20260609094351,,,,
153784,猎聘,能源/化工/环保,化学,理化实验室主管,猎头职位,某大型知名机械/设备公司,2000-5000人,,杭州,苏州-张家港,本科,3-5年,11-20k,,,,https://www.liepin.com/a/73302325.shtml,20260604093513,,,,
153785,猎聘,能源/化工/环保,化学,电解液研发工程师,猎头职位,世界知名500强集团新能源事业部,5000-10000人,,杭州,南京-栖霞区,硕士,3-5年,20-40k·16薪,,,,https://www.liepin.com/a/73301035.shtml,20260609111952,,,,
153786,猎聘,能源/化工/环保,化学,LFP电芯主任,猎头职位,某南京大型新能源公司,5000-10000人,,杭州,南京,硕士,5-10年,40-50k·16薪,,,,https://www.liepin.com/a/75077965.shtml,20260608093315,,,,
153787,猎聘,能源/化工/环保,化学,高级研发科学家（生物传感器方向）,猎头职位,某知名公司,50-99人,,杭州,南京,博士,3年以上,60-80k,,,,https://www.liepin.com/a/76042787.shtml,20260526092718,,,,
153788,猎聘,能源/化工/环保,化学,钠电平台电芯研发工程师,猎头职位,世界知名500强集团新能源事业部,5000-10000人,,杭州,南京-栖霞区,硕士,5-10年,20-40k·16薪,,,,https://www.liepin.com/a/75174981.shtml,20260609111951,,,,
153789,猎聘,能源/化工/环保,化学,Operation Manager运营经理/工厂长（挤出模压成型/工程塑料/英语商务）,猎头职位,某上海化工公司,100-499人,,杭州,苏州-常熟,统招本科,10年以上,40-60k,,,,https://www.liepin.com/a/74911941.shtml,20260609081054,,,,
153790,猎聘,能源/化工/环保,化学,钠电电解液开发工程师,猎头职位,世界知名500强集团新能源事业部,5000-10000人,,杭州,南京-栖霞区,硕士,3-5年,20-40k·16薪,,,,https://www.liepin.com/a/73816429.shtml,20260609111952,,,,
153791,猎聘,能源/化工/环保,化学,流化工艺研究员 高薪+五险一金,猎头职位,某苏州大型医疗机构公司,5000-10000人,,杭州,苏州,本科,1-3年,8-10k·13薪,,,,https://www.liepin.com/a/75841023.shtml,20260528185546,,,,
153792,猎聘,能源/化工/环保,化学,Project Manager 项目经理（考虑销售/售前/售后/应用背景）,猎头职位,某苏州化工公司,,,杭州,苏州,本科,经验不限,13-22k·13薪,,,,https://www.liepin.com/a/74061253.shtml,20260609191130,,,,
153793,猎聘,能源/化工/环保,化学,硅负极材料资深工程师,猎头职位,某国内大型新能源公司,2000-5000人,,杭州,常州,博士,3年以上,40-70k·13薪,,,,https://www.liepin.com/a/75362861.shtml,20260507155419,,,,
153794,猎聘,能源/化工/环保,化学,药化设计高级研究员,猎头职位,某大型知名制药公司,500-999人,,杭州,南京,学历不限,3-5年,30-40k·16薪,,,,https://www.liepin.com/a/75425697.shtml,20260609101047,,,,
153795,猎聘,能源/化工/环保,化学,药化设计科学家（小分子化药方向）,猎头职位,某南京大型制药公司,2000-5000人,,杭州,南京,博士,5-10年,30-45k,,,,https://www.liepin.com/a/75679073.shtml,20260609182940,,,,
153796,猎聘,能源/化工/环保,化学,锂电工艺,猎头职位,某大型新能源公司,10000人以上,,杭州,南京,大专,经验不限,20-30k·14薪,,,,https://www.liepin.com/a/72732095.shtml,20260609104523,,,,
153797,猎聘,能源/化工/环保,化学,电芯设计工程师,猎头职位,某国内大型新能源公司,5000-10000人,,杭州,无锡,统招本科,5年以上,20-40k·17薪,,,,https://www.liepin.com/a/73283157.shtml,20260608104337,,,,
153798,猎聘,能源/化工/环保,化学,药化设计科学家,猎头职位,某南京大型制药公司,2000-5000人,,杭州,南京-玄武区,学历不限,5-7年,30-45k,,,,https://www.liepin.com/a/73816133.shtml,20260602093301,,,,
153799,猎聘,能源/化工/环保,化学,研究院副院长,猎头职位,某苏州大型电子/半导体/集成电路公司,5000-10000人,,杭州,苏州,博士,经验不限,35-55k·13薪,,,,https://www.liepin.com/a/73256189.shtml,20260608112655,,,,
153800,猎聘,能源/化工/环保,化学,材料研发经理,猎头职位,某国内橡胶/塑料制品公司,100-499人,,杭州,扬州,统招本科,6年以上,30-45k,,,,https://www.liepin.com/a/76302715.shtml,20260602113110,,,,
153801,猎聘,能源/化工/环保,化学,有机合成研究员,猎头职位,某上海大型制药公司,500-999人,,杭州,无锡,统招本科,2-8年,11-20k,,,,https://www.liepin.com/a/71119905.shtml,20260509011408,,,,
153802,猎聘,能源/化工/环保,化学,多肽连续流研究员,猎头职位,某大型知名制药公司,500-999人,,杭州,南京,学历不限,3-5年,15-30k,,,,https://www.liepin.com/a/73463159.shtml,20260609101048,,,,
153803,猎聘,能源/化工/环保,化学,药化设计科学家（小分子化药方向）,猎头职位,某南京大型制药公司,2000-5000人,,杭州,南京,学历不限,5-10年,30-45k·13薪,,,,https://www.liepin.com/a/75675571.shtml,20260609145621,,,,
153804,猎聘,能源/化工/环保,化学,QA Head（生物药，英语流利）,猎头职位,某生物药上市公司（肿瘤免疫方向）,2000-5000人,,杭州,苏州,硕士,10年以上,50-80k·15薪,,,,https://www.liepin.com/a/76377369.shtml,20260603171323,,,,
153805,猎聘,能源/化工/环保,化学,理化分析高级科学家,猎头职位,某知名公司,50-99人,,杭州,苏州,学历不限,6年以上,20-25k·15薪,,,,https://www.liepin.com/a/74111509.shtml,20260409131140,,,,
153806,猎聘,能源/化工/环保,化学,合成总监,猎头职位,某苏州大型制药公司,500-999人,,杭州,苏州,硕士,10年以上,35-50k,,,,https://www.liepin.com/a/76329353.shtml,20260602172906,,,,
153807,猎聘,能源/化工/环保,化学,海外销售,猎头职位,某南京大型医疗器械公司,5000-10000人,,杭州,南京,统招本科,3-5年,15-25k,,,,https://www.liepin.com/a/74757209.shtml,20260603115911,,,,
153808,猎聘,能源/化工/环保,化学,静设备可靠性工程师,猎头职位,某知名公司,100-499人,,杭州,南京-六合区,本科,经验不限,15-22k·15薪,,,,https://www.liepin.com/a/76195903.shtml,20260603113153,,,,
153809,猎聘,能源/化工/环保,化学,药化合成总监,猎头职位,某苏州制药公司,1-49人,,杭州,苏州,博士,10年以上,60-80k,,,,https://www.liepin.com/a/76209231.shtml,20260529152107,,,,
153810,猎聘,能源/化工/环保,化学,过程安全管理经理,猎头职位,新药研发行业上市企业,2000-5000人,,杭州,常州,统招本科,经验不限,30-40k·15薪,,,,https://www.liepin.com/a/73613775.shtml,20260609085417,,,,
153811,猎聘,能源/化工/环保,化学,非天然氨基酸研究员,猎头职位,某苏州制药公司,100-499人,,杭州,苏州-常熟,本科,经验不限,11-17k,,,,https://www.liepin.com/a/74808505.shtml,20260608152319,,,,
153812,猎聘,能源/化工/环保,化学,车间工艺主管/工程师（多肽-泰兴）,猎头职位,某国内制药公司,50-99人,,杭州,泰州,本科,3-5年,15-30k,,,,https://www.liepin.com/a/76260067.shtml,20260601142429,,,,
153813,猎聘,能源/化工/环保,化学,电芯设计,猎头职位,某国内大型新能源公司,5000-10000人,,杭州,无锡,博士,5-10年,50-80k·17薪,,,,https://www.liepin.com/a/75817975.shtml,20260609094356,,,,
153814,猎聘,能源/化工/环保,化学,有机合成研发员,猎头职位,某国内制药公司,50-99人,,杭州,南通,统招本科,5-10年,12-20k,,,,https://www.liepin.com/a/73672191.shtml,20260520175201,,,,
153815,猎聘,能源/化工/环保,化学,总经理 ,猎头职位,某杭州专业服务公司,50-99人,,杭州,扬州,硕士,10年以上,70-100k,,,,https://www.liepin.com/a/74694497.shtml,20260609173540,,,,
153816,猎聘,能源/化工/环保,化学,药化总监,猎头职位,某苏州学术/科研公司,100-499人,,杭州,苏州,博士,5-10年,80-100k,,,,https://www.liepin.com/a/75903807.shtml,20260521113522,,,,
153817,猎聘,能源/化工/环保,化学,大健康研发经理--天然外用凝胶产品,猎头职位,某南京学术/科研公司,1-49人,,杭州,南京-江宁区,硕士,5年以上,20-28k,,,,https://www.liepin.com/a/76158937.shtml,20260528142531,,,,
153818,猎聘,能源/化工/环保,化学,SMQC质量事件调查员,猎头职位,某大型制药公司,2000-5000人,,杭州,无锡,统招本科,6年以上,16-25k·14薪,,,,https://www.liepin.com/a/74769825.shtml,20260609101827,,,,
153819,猎聘,能源/化工/环保,化学,药物合成研究员,猎头职位,某南京制药公司,1-49人,,杭州,南京-栖霞区,硕士,3-5年,15-20k,,,,https://www.liepin.com/a/76422471.shtml,20260604163233,,,,
153820,猎聘,能源/化工/环保,化学,电池工程师（失效性分析研发）,猎头职位,某国内大型新能源公司,10000人以上,,杭州,常州,统招本科,2年以上,15-20k·16薪,,,,https://www.liepin.com/a/74922279.shtml,20260422102304,,,,
153821,猎聘,能源/化工/环保,化学,研发专家,猎头职位,某苏州汽车零部件及配件公司,100-499人,,杭州,苏州-吴江区,博士,5-10年,35-50k,,,,https://www.liepin.com/a/75876783.shtml,20260609165737,,,,
153822,猎聘,能源/化工/环保,化学,ADC研究员,猎头职位,某郑州其他生活服务公司,50-99人,,杭州,苏州,统招本科,3-5年,15-25k,,,,https://www.liepin.com/a/74358599.shtml,20260604092813,,,,
153823,猎聘,能源/化工/环保,化学,小分子有机合成高级科学家,猎头职位,某苏州制药公司,50-99人,,杭州,苏州,博士,3-5年,30-40k·14薪,,,,https://www.liepin.com/a/74038439.shtml,20260604154043,,,,
153824,猎聘,能源/化工/环保,化学,ADC药化科学家,猎头职位,某苏州知名公司,100-499人,,杭州,苏州,博士,经验不限,40-60k·14薪,,,,https://www.liepin.com/a/75810953.shtml,20260519112041,,,,
153825,猎聘,能源/化工/环保,化学,表面工艺工程师,猎头职位,某国内大型电气机械/器材公司,500-999人,,杭州,南通-启东,学历不限,经验不限,15-25k,,,,https://www.liepin.com/a/76173701.shtml,20260528162733,,,,
153826,猎聘,能源/化工/环保,化学,总经理,猎头职位,某知名公司,1000-2000人,,杭州,苏州-太仓,本科,10年以上,70-100k,,,,https://www.liepin.com/a/74631815.shtml,20260609171333,,,,
153827,猎聘,能源/化工/环保,化学,食品安全与质量专员（江浙沪）,企业职位,都乐包装食品(上海)有限公司,1-49人,,武汉,金华-金东区,统招本科,3-5年,7-9k·15薪,,,,https://www.liepin.com/job/1982862737.shtml,20260609140755,,,,
153828,猎聘,能源/化工/环保,化学,高级电化学材料研发工程师,企业职位,某杭州新能源公司,50-99人,,武汉,杭州-萧山区,硕士,经验不限,30-60k·15薪,,,,https://www.liepin.com/a/74099817.shtml,20260514113934,,,,
153829,猎聘,能源/化工/环保,化学,电化学研究员（电池/电解液/AI材料/电化学，杭州，40－80W，硕士5年，博士２年）,企业职位,某杭州专业技术服务公司,1-49人,,武汉,杭州,硕士,1-3年,30-50k·16薪,,,,https://www.liepin.com/a/74508253.shtml,20260531154150,,,,
153830,猎聘,能源/化工/环保,化学,计算化学工程师（AIDD）,企业职位,扬厉医药,50-99人,,武汉,杭州-拱墅区,硕士,3-5年,薪资面议,,,,https://www.liepin.com/job/1982960987.shtml,20260528172902,,,,
153831,猎聘,能源/化工/环保,化学,高级电化学材料研发工程师（博士，一定是电解水制氢AEM研发方向的）,企业职位,某杭州新能源公司,50-99人,,武汉,杭州-萧山区,硕士,1-3年,26-50k·15薪,,,,https://www.liepin.com/a/73033833.shtml,20260609085412,,,,
153832,猎聘,能源/化工/环保,化学,化学分析工程师,企业职位,力炻电极技术,50-99人,,武汉,杭州-萧山区,本科,2年以上,6-10k·15薪,,,,https://www.liepin.com/job/1982260105.shtml,20260601173041,,,,
153833,猎聘,能源/化工/环保,化学,化学发光试剂研发主管,企业职位,某杭州制药公司,100-499人,,武汉,杭州,硕士,5-10年,20-30k,,,,https://www.liepin.com/a/71130373.shtml,20260522113404,,,,
153834,猎聘,能源/化工/环保,化学,高级电化学材料研发工程师,企业职位,某杭州新能源公司,50-99人,,武汉,杭州-萧山区,博士,经验不限,25-50k·16薪,,,,https://www.liepin.com/a/75982799.shtml,20260531161841,,,,
153835,猎聘,能源/化工/环保,化学,化学分析测试员,企业职位,某杭州知名公司,10000人以上,,武汉,杭州,本科,1-3年,15-30k·14薪,,,,https://www.liepin.com/a/75986881.shtml,20260609130916,,,,
153836,猎聘,能源/化工/环保,化学,化学实验员,企业职位,深度原理,1-49人,,武汉,杭州-萧山区,硕士,经验不限,10-13k·17薪,,,,https://www.liepin.com/job/1978456067.shtml,20260523180720,,,,
153837,猎聘,能源/化工/环保,化学,高级电化学材料研发工程师,企业职位,力炻电极技术,50-99人,,武汉,杭州-萧山区,博士,经验不限,16-30k·15薪,,,,https://www.liepin.com/job/1980054037.shtml,20260601173057,,,,
153838,猎聘,能源/化工/环保,化学,多肽化学助理研究员 (MJ000261),企业职位,先为达生物,100-499人,,武汉,杭州-钱塘区,本科,1-3年,7-15k,,,,https://www.liepin.com/job/1983075131.shtml,20260604155327,,,,
153839,猎聘,能源/化工/环保,化学,高级研发工程师-神经/IVD/科研/电化学/发光/流式/外泌体/试剂,企业职位,某知名公司,1-49人,,武汉,杭州,硕士,经验不限,25-40k,,,,https://www.liepin.com/a/75455947.shtml,20260509130610,,,,
153840,猎聘,能源/化工/环保,化学,化学发光试剂研发总监,企业职位,某生物科技公司,100-499人,,武汉,杭州,硕士,10年以上,30-45k,,,,https://www.liepin.com/a/66201629.shtml,20260522113807,,,,
153841,猎聘,能源/化工/环保,化学,化学工艺合成研究员,企业职位,华东医药,10000人以上,,武汉,杭州,博士,1年以下,薪资面议,,,,https://www.liepin.com/job/1981028119.shtml,20260604152010,,,,
153842,猎聘,能源/化工/环保,化学,研发工程师（化学合成方向）,企业职位,杭州佳嘉乐生物技术有限公司,50-99人,,武汉,杭州-钱塘区,本科,1-3年,9-13k,,,,https://www.liepin.com/job/1980525447.shtml,20260601101501,,,,
153843,猎聘,能源/化工/环保,化学,销售主任-纺织品、玩具、化学服务,企业职位,莱茵技术,2000-5000人,,武汉,宁波-鄞州区,大专,3-5年,7-9k·13薪,,,,https://www.liepin.com/job/1980950505.shtml,20260507084046,,,,
153844,猎聘,能源/化工/环保,化学,化学燃料专家（甲醇）,企业职位,某世界500强上市公司,10000人以上,,武汉,宁波,统招本科,5年以上,85-100k,,,,https://www.liepin.com/a/74305813.shtml,20260603094853,,,,
153845,猎聘,能源/化工/环保,化学,化学分析课题负责人,企业职位,某知名公司,500-999人,,武汉,杭州-钱塘区,硕士,5-10年,20-40k,,,,https://www.liepin.com/a/74698639.shtml,20260416082112,,,,
153846,猎聘,能源/化工/环保,化学,化学合成与工艺研发工程师（杭州）,企业职位,九洲药业(杭州)有限公司,,,武汉,杭州-钱塘区,硕士,3-5年,12-25k,,,,https://www.liepin.com/job/1974948051.shtml,20260528091548,,,,
153847,猎聘,能源/化工/环保,化学,有机化学高级研发工程师,企业职位,某国内制药上市公司,1000-2000人,,武汉,杭州,博士,经验不限,25-35k,,,,https://www.liepin.com/a/76238567.shtml,20260601100327,,,,
153848,猎聘,能源/化工/环保,化学,CMP（化学机械抛光）浆料/抛光液研发工程师,企业职位,某国内学术/科研公司,50-99人,,武汉,衢州,学历不限,经验不限,11-22k,,,,https://www.liepin.com/a/75938291.shtml,20260522095949,,,,
153849,猎聘,能源/化工/环保,化学,化学合成研发经理-熟悉mRNA核酸技术,企业职位,某国内制药公司,1-49人,,武汉,杭州,硕士,经验不限,20-30k,,,,https://www.liepin.com/a/76395269.shtml,20260604101028,,,,
153850,猎聘,能源/化工/环保,化学,核酸化学合成,企业职位,某杭州制药公司,100-499人,,武汉,杭州-钱塘区,硕士,1-3年,20-40k·14薪,,,,https://www.liepin.com/a/74778241.shtml,20260604173712,,,,
153851,猎聘,能源/化工/环保,化学,连续流化学工艺研究员,企业职位,浙江弘流科技有限公司,50-99人,,武汉,绍兴-上虞区,硕士,1-3年,10-20k,,,,https://www.liepin.com/job/1969505027.shtml,20260609094930,,,,
153852,猎聘,能源/化工/环保,化学,药物化学副总裁,企业职位,某杭州专业服务公司,50-99人,,武汉,杭州,博士,10年以上,100-150k,,,,https://www.liepin.com/a/74634207.shtml,20260609173540,,,,
153853,猎聘,能源/化工/环保,化学,电子电气产品化学项目工程师Project Engineer,企业职位,莱茵技术,2000-5000人,,武汉,宁波-鄞州区,统招本科,3-5年,7-13k·13薪,,,,https://www.liepin.com/job/1982609425.shtml,20260518114032,,,,
153854,猎聘,能源/化工/环保,化学,化学有机合成研究员,企业职位,深度原理,1-49人,,武汉,杭州-萧山区,硕士,经验不限,20-25k·17薪,,,,https://www.liepin.com/job/1977581607.shtml,20260311124928,,,,
153855,猎聘,能源/化工/环保,化学,IBDP化学教师,企业职位,杭州鼎文学校,,,武汉,杭州-钱塘区,本科,3-5年,18-24k,,,,https://www.liepin.com/job/1982858071.shtml,20260526101814,,,,
153856,猎聘,能源/化工/环保,化学,连续化学工程师,企业职位,合力科技股份有限公司,1000-2000人,,武汉,杭州-滨江区,统招本科,2年以上,15-25k·13薪,,,,https://www.liepin.com/job/1976104521.shtml,20260609110633,,,,
153857,猎聘,能源/化工/环保,化学,AI4S（应届博士，计算化学/分子模拟/分子预测/计算机辅助合成设计/逆合成，杭州，30-60K*17）,企业职位,某杭州专业技术服务公司,1-49人,,武汉,杭州,博士,经验不限,40-60k·17薪,,,,https://www.liepin.com/a/75364547.shtml,20260531154150,,,,
153858,猎聘,能源/化工/环保,化学,研发技术员-化学发光,企业职位,隆基生物,100-499人,,武汉,杭州,统招本科,3-5年,8-16k·13薪,,,,https://www.liepin.com/job/1974946939.shtml,20260609143842,,,,
153859,猎聘,能源/化工/环保,化学,化学实验员,企业职位,浙江嘉熹环保科技有限公司,50-99人,,武汉,嘉兴-南湖区,大专,1-3年,4-7k,,,,https://www.liepin.com/job/1982762195.shtml,20260522100938,,,,
153860,猎聘,能源/化工/环保,化学,化学气体检测工程师,企业职位,先导科技集团,10000人以上,,武汉,衢州-柯城区,本科,3-5年,10-15k,,,,https://www.liepin.com/job/1965102973.shtml,20260603133614,,,,
153861,猎聘,能源/化工/环保,化学,化学发光试剂研发总监,企业职位,杭州某医学检验公司,100-499人,,武汉,杭州,硕士,5-10年,35-50k,,,,https://www.liepin.com/a/73233279.shtml,20260522113356,,,,
153862,猎聘,能源/化工/环保,化学,化学工艺工程师（嘉兴海宁）,企业职位,某国内大型电子/半导体/集成电路公司,500-999人,,武汉,嘉兴-海宁,本科,5-10年,13-18k·13薪,,,,https://www.liepin.com/a/74484067.shtml,20260609103111,,,,
153863,猎聘,能源/化工/环保,化学,化学气相沉积制程课经理（CVD PE Manager）,企业职位,杭州富芯半导体有限公司,500-999人,,武汉,杭州-富阳区,统招本科,10年以上,薪资面议,,,,https://www.liepin.com/job/1981566285.shtml,20260529154756,,,,
153864,猎聘,能源/化工/环保,化学,高级分析化学工程师,企业职位,中康视明,1-49人,,武汉,杭州-余杭区,硕士,5-10年,20-35k·14薪,,,,https://www.liepin.com/job/1979698879.shtml,20260326141716,,,,
153865,猎聘,能源/化工/环保,化学,化学燃料试验专家,企业职位,某宁波大型整车制造公司,10000人以上,,武汉,宁波,本科,8年以上,30-60k,,,,https://www.liepin.com/a/73486127.shtml,20260529134356,,,,
153866,猎聘,能源/化工/环保,化学,仿制药化学药厂总经理,企业职位,某国内制药公司,,,武汉,温州,学历不限,5-10年,70-100k,,,,https://www.liepin.com/a/75396911.shtml,20260609212255,,,,
153867,猎聘,能源/化工/环保,化学,生产操作工（化学合成制药车间）,企业职位,朗华制药,500-999人,,武汉,台州-临海,中专/中技,经验不限,6-10k,,,,https://www.liepin.com/job/1970708249.shtml,20260602150259,,,,
153868,猎聘,能源/化工/环保,化学,实验室化学师（化学品）,企业职位,某宁波大型石化公司,2000-5000人,,武汉,衢州,学历不限,3-5年,20-27k·15薪,,,,https://www.liepin.com/a/74167405.shtml,20260529092935,,,,
153869,猎聘,能源/化工/环保,化学,化学处理工程师,企业职位,绍兴德汇半导体材料有限公司,50-99人,,武汉,绍兴-越城区,本科,3年以上,8-9k,,,,https://www.liepin.com/job/1981231975.shtml,20260602164113,,,,
153870,猎聘,能源/化工/环保,化学,双语化学/生物老师 (A-level Chemistry/Biology Teacher)--杭州名校,企业职位,狄邦教育集团,1000-2000人,,武汉,杭州-西湖区,本科,3-5年,10-20k,,,,https://www.liepin.com/job/1979478285.shtml,20260331161251,,,,
153871,猎聘,能源/化工/环保,化学,API生产经理（多肽与化学合成方向）,企业职位,百明信康,100-499人,,武汉,湖州-安吉县,本科,5-10年,20-30k·15薪,,,,https://www.liepin.com/job/1982934915.shtml,20260528190717,,,,
153872,猎聘,能源/化工/环保,化学,双语化学教师,企业职位,某国内教育培训公司,100-499人,,武汉,金华-义乌,学历不限,经验不限,15-25k,,,,https://www.liepin.com/a/75989713.shtml,20260525083527,,,,
153873,猎聘,能源/化工/环保,化学,双语生物化学老师-瑞安中学国际部,企业职位,光华教育,100-499人,,武汉,温州-瑞安,统招本科,经验不限,8-13k·13薪,,,,https://www.liepin.com/job/1980996041.shtml,20260604164929,,,,
153874,猎聘,能源/化工/环保,化学,AI教育-学科教研专家（语文、数学、英语、化学）-合肥,企业职位,科大讯飞,10000人以上,,武汉,杭州-萧山区,本科,3年以上,12-30k·14薪,,,,https://www.liepin.com/job/1983086013.shtml,20260602183656,,,,
153875,猎聘,能源/化工/环保,化学,化学合成,企业职位,恒敬合创生物医药(浙江)有限公司,100-499人,,武汉,嘉兴-南湖区,大专,1年以上,4-8k,,,,https://www.liepin.com/job/1982676333.shtml,20260519165224,,,,
153876,猎聘,能源/化工/环保,化学,小分子药物化学项目经理,企业职位,扬厉医药,50-99人,,武汉,杭州-拱墅区,博士,1年以上,25-40k,,,,https://www.liepin.com/job/1982411437.shtml,20260511103859,,,,
153877,猎聘,能源/化工/环保,化学,电化学气体传感器研发工程师,企业职位,亿联康医疗,100-499人,,武汉,杭州-西湖区,本科,5-10年,25-40k,,,,https://www.liepin.com/job/1982725747.shtml,20260521095310,,,,
153878,猎聘,能源/化工/环保,化学,首席化学师,企业职位,某知名公司,50-99人,,武汉,衢州,学历不限,5-10年,25-35k,,,,https://www.liepin.com/a/75834757.shtml,20260609090718,,,,
153879,猎聘,能源/化工/环保,化学,化学工程师,企业职位,浙江飞剑科技有限公司,1000-2000人,,武汉,金华-永康,本科,1年以上,8-15k·13薪,,,,https://www.liepin.com/job/1981598021.shtml,20260511133211,,,,
153880,猎聘,能源/化工/环保,化学,化学分析测试员,企业职位,某国内知名公司,10000人以上,,武汉,金华,学历不限,1-3年,15-30k·14薪,,,,https://www.liepin.com/a/76492599.shtml,20260609141009,,,,
153881,猎聘,能源/化工/环保,化学,高中双语化学教师Bilingual Chemistry Teacher,企业职位,杭州瑅客企业管理咨询服务有限公司,1-49人,,武汉,宁波-鄞州区,本科,2年以上,10-22k,,,,https://www.liepin.com/job/1968166295.shtml,20260603085615,,,,
153882,猎聘,能源/化工/环保,化学,浙江大学/良渚实验室 诚聘化学合成方向博士后,企业职位,良渚实验室,500-999人,,武汉,杭州-余杭区,博士,经验不限,30-45k,,,,https://www.liepin.com/job/1982654719.shtml,20260526092743,,,,
153883,猎聘,能源/化工/环保,化学,化学洗净研发,企业职位,盾源聚芯,1000-2000人,,武汉,杭州-滨江区,硕士,3-5年,10-15k·14薪,,,,https://www.liepin.com/job/1983153377.shtml,20260604144609,,,,
153884,猎聘,能源/化工/环保,化学,化学发光仪器工程师  ,企业职位,某宁波医疗器械上市公司,2000-5000人,,武汉,宁波,硕士,2-10年,15-23k·13薪,,,,https://www.liepin.com/a/76268845.shtml,20260601155942,,,,
153885,猎聘,能源/化工/环保,化学,首席化学研究员,企业职位,某苏州石化公司,1-49人,,武汉,衢州,本科,5-10年,25-30k·13薪,,,,https://www.liepin.com/a/73609231.shtml,20260609095520,,,,
153886,猎聘,能源/化工/环保,化学,博士后（AI化学方向）,企业职位,甬江实验室,100-499人,,武汉,宁波-镇海区,博士,经验不限,30-35k,,,,https://www.liepin.com/job/1980546983.shtml,20260429172600,,,,
153887,猎聘,能源/化工/环保,化学,计算化学研究工程师,企业职位,深度原理,1-49人,,武汉,杭州-萧山区,硕士,经验不限,12-24k·17薪,,,,https://www.liepin.com/job/1974984171.shtml,20260407162448,,,,
153888,猎聘,能源/化工/环保,化学,电化学工艺工程师,企业职位,浙江健拓医疗仪器科技有限公司,1000-2000人,,武汉,杭州,本科,3-5年,6-11k·15薪,,,,https://www.liepin.com/job/1983038869.shtml,20260601161913,,,,
153889,猎聘,能源/化工/环保,化学,市场经理（材料化学专业）,企业职位,浙江耀阳新材料科技有限公司,500-999人,,武汉,嘉兴-桐乡,硕士,经验不限,8-12k·13薪,,,,https://www.liepin.com/job/1982222101.shtml,20260609084948,,,,
153890,猎聘,能源/化工/环保,化学,电池电化学研究员,企业职位,某杭州专业技术服务公司,1-49人,,武汉,杭州-滨江区,学历不限,1-3年,20-35k·15薪,,,,https://www.liepin.com/a/74452217.shtml,20260409161542,,,,
153891,猎聘,能源/化工/环保,化学,化学镀镍经理,企业职位,君原电子科技(海宁)有限公司,100-499人,,武汉,嘉兴-海宁,统招本科,3-5年,15-25k·13薪,,,,https://www.liepin.com/job/1982396973.shtml,20260518140425,,,,
153892,猎聘,能源/化工/环保,化学,高中老师（数学/化学/历史/地理/生物/）（高考线）,企业职位,某杭州大型IT服务公司,5000-10000人,,武汉,杭州,统招本科,经验不限,15-25k,,,,https://www.liepin.com/a/76079293.shtml,20260526170616,,,,
153893,猎聘,能源/化工/环保,化学,化学发光生产经理,企业职位,杭州某医学检验公司,100-499人,,武汉,杭州,本科,5-10年,20-40k,,,,https://www.liepin.com/a/73233379.shtml,20260331110835,,,,
153894,猎聘,能源/化工/环保,化学,研发工程师（水化学）,企业职位,杭州景业智能科技股份有限公司,100-499人,,武汉,杭州-滨江区,本科,2年以上,30-60k,,,,https://www.liepin.com/job/1982324383.shtml,20260516131051,,,,
153895,猎聘,能源/化工/环保,化学,中学双语化学&双语经济老师,企业职位,某国内大型培训服务公司,500-999人,,武汉,金华-义乌,统招本科,3-5年,15-25k,,,,https://www.liepin.com/a/75744511.shtml,20260609091251,,,,
153896,猎聘,能源/化工/环保,化学,化学材料合成工程师,企业职位,杭州晙杨科技有限公司,1-49人,,武汉,杭州,本科,3-5年,10-15k,,,,https://www.liepin.com/job/1982597419.shtml,20260528141309,,,,
153897,猎聘,能源/化工/环保,化学,Alevel 生物/化学教师G00245,企业职位,狄邦教育集团,1000-2000人,,武汉,杭州-余杭区,硕士,3年以上,15-25k,,,,https://www.liepin.com/job/1981582859.shtml,20260408155212,,,,
153898,猎聘,能源/化工/环保,化学,CMP PE/化学机械抛光工艺工程师（ J10176）,企业职位,芯联集成电路制造股份有限公司,2000-5000人,,武汉,绍兴-越城区,本科,1-3年,10-20k,,,,https://www.liepin.com/job/1963110381.shtml,20260525183218,,,,
153899,猎聘,能源/化工/环保,化学,市场总监（AI4S/计算化学/工业软件/agent等，杭州，可谈期权）,企业职位,某杭州专业技术服务公司,1-49人,,武汉,杭州,本科,5-10年,40-60k·17薪,,,,https://www.liepin.com/a/75682413.shtml,20260531154150,,,,
153900,猎聘,能源/化工/环保,化学,高级化学师-胶粘剂方向,企业职位,优沃德(北京)粘合剂有限公司,50-99人,,武汉,嘉兴-平湖,硕士,5-10年,薪资面议,,,,https://www.liepin.com/job/1963626143.shtml,20260527173329,,,,
153901,猎聘,能源/化工/环保,化学,化学发光试剂研发,企业职位,某宁波医疗器械公司,100-499人,,武汉,宁波,学历不限,经验不限,15-25k,,,,https://www.liepin.com/a/73751503.shtml,20260323173441,,,,
153902,猎聘,能源/化工/环保,化学,涂布工艺主管（涂布+化学/材料专业+光学膜）,企业职位,某国内电子/半导体/集成电路公司,,,武汉,嘉兴,统招本科,5-10年,20-35k,,,,https://www.liepin.com/a/76297151.shtml,20260602103702,,,,
153903,猎聘,能源/化工/环保,化学,电池电化学研究员,企业职位,深度原理,1-49人,,武汉,杭州-萧山区,硕士,2年以上,18-30k·17薪,,,,https://www.liepin.com/job/1980971539.shtml,20260331111712,,,,
153904,猎聘,能源/化工/环保,化学,化学合成研发人员,企业职位,我武生物科技,2000-5000人,,武汉,湖州-德清县,硕士,经验不限,9-12k,,,,https://www.liepin.com/job/1982646317.shtml,20260519102458,,,,
153905,猎聘,能源/化工/环保,化学,化学分析测试员,企业职位,某知名公司,10000人以上,,武汉,金华,大专,1-3年,15-29k·14薪,,,,https://www.liepin.com/a/76492673.shtml,20260609141143,,,,
153906,猎聘,能源/化工/环保,化学,核酸化学合成,企业职位,某杭州制药公司,100-499人,,武汉,杭州-钱塘区,学历不限,3年以上,25-40k·13薪,,,,https://www.liepin.com/a/74781383.shtml,20260417171140,,,,
153907,猎聘,能源/化工/环保,化学,化学仿制药生产负责人,企业职位,某知名公司,500-999人,,武汉,温州,统招本科,8年以上,30-50k,,,,https://www.liepin.com/a/73894949.shtml,20260529103727,,,,
153908,猎聘,能源/化工/环保,化学,化学气相沉积工艺工程师/CVD PE（J10011）,企业职位,芯联集成电路制造股份有限公司,2000-5000人,,武汉,绍兴,本科,3-5年,10-25k,,,,https://www.liepin.com/job/1955088353.shtml,20260525183218,,,,
153909,猎聘,能源/化工/环保,化学,材料分析工程师（化学分析领域）,企业职位,中达集团,2000-5000人,,武汉,嘉兴-海盐县,本科,5年以上,4-8k,,,,https://www.liepin.com/job/1982565085.shtml,20260515111943,,,,
153910,猎聘,能源/化工/环保,化学,化学分析员,企业职位,福州恒瑞通商贸有限公司,50-99人,,武汉,杭州-上城区,本科,3年以上,8-12k·13薪,,,,https://www.liepin.com/job/1982773801.shtml,20260609083013,,,,
153911,猎聘,能源/化工/环保,化学,双语化学老师,企业职位,杭州瑅客企业管理咨询服务有限公司,1-49人,,武汉,金华-义乌,本科,3年以上,15-20k,,,,https://www.liepin.com/job/1974107221.shtml,20260603085557,,,,
153912,猎聘,能源/化工/环保,化学,化学质量工程师,企业职位,杭州益利素勒精线有限公司,500-999人,,武汉,杭州-余杭区,统招本科,2-4年,7-14k,,,,https://www.liepin.com/job/1980200295.shtml,20260526100200,,,,
153913,猎聘,能源/化工/环保,化学,实验室化学师,企业职位,某知名公司,1-49人,,武汉,嘉兴,本科,5年以上,15-20k·14薪,,,,https://www.liepin.com/a/75221345.shtml,20260430120308,,,,
153914,猎聘,能源/化工/环保,化学,化学研发专家,企业职位,京新药业,2000-5000人,,武汉,杭州-萧山区,博士,5年以上,70-100k,,,,https://www.liepin.com/job/1978259479.shtml,20260416142257,,,,
153915,猎聘,能源/化工/环保,化学,销售总监（化学材料）,企业职位,浙江瑞宝新能源有限公司,1-49人,,武汉,杭州-上城区,统招本科,5年以上,薪资面议,,,,https://www.liepin.com/job/1981548857.shtml,20260521155120,,,,
153916,猎聘,能源/化工/环保,化学,中学化学老师 - 储备,企业职位,诺德安达(Nord Anglia Education),10000人以上,,武汉,嘉兴-南湖区,本科,3-5年,10-15k,,,,https://www.liepin.com/job/1979534887.shtml,20260609163105,,,,
153917,猎聘,能源/化工/环保,化学,化学测试项目协调员Project Coordinator,企业职位,莱茵技术,2000-5000人,,武汉,宁波-鄞州区,本科,3-5年,6-8k·13薪,,,,https://www.liepin.com/job/1980556803.shtml,20260304094758,,,,
153918,猎聘,能源/化工/环保,化学,大客户销售（药企CRO&化妆品&材料化学）,企业职位,微谱,1000-2000人,,武汉,杭州-钱塘区,统招本科,1-3年,15-25k·13薪,,,,https://www.liepin.com/job/1970771233.shtml,20260609094812,,,,
153919,猎聘,能源/化工/环保,化学,双语高中物理化学生物老师,企业职位,杭州瑅客企业管理咨询服务有限公司,1-49人,,武汉,宁波-鄞州区,学历不限,1-3年,20-30k,,,,https://www.liepin.com/job/1969203409.shtml,20260603085606,,,,
153920,猎聘,能源/化工/环保,化学,化学教师,企业职位,某上海人力资源服务公司,1-49人,,武汉,宁波,本科,1-3年,13-22k,,,,https://www.liepin.com/a/76019167.shtml,20260609115334,,,,
153921,猎聘,能源/化工/环保,化学,镇海中学双语化学老师 (A-level Chemistry teacher),企业职位,狄邦教育集团,1000-2000人,,武汉,宁波-镇海区,本科,3-5年,10-21k,,,,https://www.liepin.com/job/1979717037.shtml,20260113104926,,,,
153922,猎聘,能源/化工/环保,化学,化学操作员-绍兴,企业职位,康龙化成,10000人以上,,武汉,绍兴-上虞区,中专/中技,1年以上,6-9k,,,,https://www.liepin.com/job/1966391485.shtml,20260109112341,,,,
153923,猎聘,能源/化工/环保,化学,化学合成,企业职位,某国内专业技术服务公司,1-49人,,武汉,嘉兴,博士,经验不限,65-90k,,,,https://www.liepin.com/a/76266809.shtml,20260601153645,,,,
153924,猎聘,能源/化工/环保,化学,药物化学科学家,企业职位,杭州阿诺生物医药科技有限公司,100-499人,,武汉,杭州-余杭区,硕士,1-3年,薪资面议,,,,https://www.liepin.com/job/1980837069.shtml,20260609144542,,,,
153925,猎聘,能源/化工/环保,化学,应用技术开发工程师ADE-高分子/化学应届生,企业职位,浙江耀阳新材料科技有限公司,500-999人,,武汉,嘉兴-桐乡,本科,经验不限,8-12k·14薪,,,,https://www.liepin.com/job/1981910171.shtml,20260420151221,,,,
153926,猎聘,能源/化工/环保,化学,化学发光 试剂研发,企业职位,杭州艾普佳臻生物科技有限公司,1-49人,,武汉,杭州-钱塘区,统招本科,1-3年,6-9k,,,,https://www.liepin.com/job/1982520731.shtml,20260514092624,,,,
153927,猎聘,能源/化工/环保,化学,药物化学研究员,企业职位,传化集团,10000人以上,,武汉,杭州,博士,3-5年,30-45k·13薪,,,,https://www.liepin.com/job/1982061565.shtml,20260426232036,,,,
153928,猎聘,能源/化工/环保,化学,化学发光研发资深工程师,企业职位,杭州华葵金配生物科技有限公司,50-99人,,武汉,杭州-临平区,本科,5-10年,12-17k,,,,https://www.liepin.com/job/1981973307.shtml,20260422094208,,,,
153929,猎聘,能源/化工/环保,化学,血糖试剂研发工程师（电化学/生物传感）,企业职位,浙江健拓医疗仪器科技有限公司,1000-2000人,,武汉,杭州,硕士,经验不限,9-18k·15薪,,,,https://www.liepin.com/job/1957065735.shtml,20250731162719,,,,
153930,猎聘,能源/化工/环保,化学,化学分析员,企业职位,某国内制药公司,100-499人,,武汉,绍兴-嵊州,博士,3-5年,25-26k,,,,https://www.liepin.com/a/73974893.shtml,20260331181309,,,,
153931,猎聘,能源/化工/环保,化学,计算化学总监,企业职位,某知名公司,50-99人,,武汉,宁波,博士,5-10年,1-2k,,,,https://www.liepin.com/a/75083383.shtml,20260427111340,,,,
153932,猎聘,能源/化工/环保,化学,化学过滤材料研发工程师,企业职位,富瑞邦新材料,100-499人,,武汉,嘉兴-平湖,本科,5年以上,10-15k,,,,https://www.liepin.com/job/1983227125.shtml,20260607210434,,,,
153933,猎聘,能源/化工/环保,化学,化学工艺开发研究员,企业职位,浙江弘流科技有限公司,50-99人,,武汉,绍兴-上虞区,本科,3-5年,10-25k,,,,https://www.liepin.com/job/1979479837.shtml,20260609094327,,,,
153934,猎聘,能源/化工/环保,化学,高中生物化学老师,企业职位,宁波前洋信息技术服务有限公司,1-49人,,武汉,宁波-海曙区,硕士,5年以上,15-25k,,,,https://www.liepin.com/job/1982897089.shtml,20260527094422,,,,
153935,猎聘,能源/化工/环保,化学,高级UV化学师,企业职位,某国内新材料公司,50-99人,,武汉,湖州,本科,5-10年,20-30k,,,,https://www.liepin.com/a/73842615.shtml,20260608140507,,,,
153936,猎聘,能源/化工/环保,化学,化学研究院副院长（原料药方向，上市药企）,企业职位,某国内制药上市公司,2000-5000人,,武汉,杭州,硕士,10年以上,70-100k·13薪,,,,https://www.liepin.com/a/71636477.shtml,20260608092230,,,,
153937,猎聘,能源/化工/环保,化学,算法博士（AI4S/AI4M/计算化学/分子模拟/分子预测，杭州，50-80W，可谈期权）,企业职位,某杭州人工智能公司,1-49人,,武汉,杭州,博士,经验不限,40-60k·17薪,,,,https://www.liepin.com/a/75773719.shtml,20260531142411,,,,
153938,猎聘,能源/化工/环保,化学,化学信息工程师,企业职位,深度原理,1-49人,,武汉,杭州-萧山区,硕士,经验不限,12-24k·17薪,,,,https://www.liepin.com/job/1980412475.shtml,20260407162504,,,,
153939,猎聘,能源/化工/环保,化学,电化学博士,企业职位,某杭州专业技术服务公司,,,武汉,绍兴,学历不限,3-5年,30-60k·15薪,,,,https://www.liepin.com/a/74237733.shtml,20260403113606,,,,
153940,猎聘,能源/化工/环保,化学,电化学测试工程师,企业职位,致德新能源,500-999人,,武汉,金华-兰溪,硕士,2年以上,10-15k,,,,https://www.liepin.com/job/1982036333.shtml,20260423155420,,,,
153941,猎聘,能源/化工/环保,化学,计算化学研究科学家,企业职位,深度原理,1-49人,,武汉,杭州-萧山区,博士,经验不限,20-35k·17薪,,,,https://www.liepin.com/job/1974982669.shtml,20260311125052,,,,
153942,猎聘,能源/化工/环保,化学,电化学应用专家,企业职位,海兴电力,2000-5000人,,武汉,杭州-拱墅区,本科,5-10年,20-40k,,,,https://www.liepin.com/job/1973888225.shtml,20250416170837,,,,
153943,猎聘,能源/化工/环保,化学,化学燃料专家,企业职位,某大型知名整车制造公司,10000人以上,,武汉,宁波,硕士,8年以上,40-70k·15薪,,,,https://www.liepin.com/a/73580513.shtml,20260608093632,,,,
153944,猎聘,能源/化工/环保,化学,药物化学科学家,企业职位,西湖制药(杭州)有限公司,1-49人,,武汉,杭州-西湖区,博士,经验不限,35-60k·14薪,,,,https://www.liepin.com/job/1955110141.shtml,20251218163007,,,,
153945,猎聘,能源/化工/环保,化学,科研助理（材料化学方向）,企业职位,宁波东方理工大学,100-499人,,武汉,宁波-镇海区,本科,1年以上,5-8k,,,,https://www.liepin.com/job/1980685213.shtml,20260408150119,,,,
153946,猎聘,能源/化工/环保,化学,化学分析-代谢产物鉴定方向,企业职位,多禧生物,100-499人,,武汉,杭州-钱塘区,本科,1-3年,8-15k,,,,https://www.liepin.com/job/1981412945.shtml,20260421091958,,,,
153947,猎聘,能源/化工/环保,化学,化学实验室工程师 (MJ002162),企业职位,均胜安全,10000人以上,,武汉,湖州-长兴县,统招本科,3-5年,10-13k,,,,https://www.liepin.com/job/1979908151.shtml,20260121142413,,,,
153948,猎聘,能源/化工/环保,化学,表面处理工程师（电化学抛光）,企业职位,某国内其他制造业公司,50-99人,,武汉,嘉兴,本科,1-3年,15-18k,,,,https://www.liepin.com/a/75388841.shtml,20260521111736,,,,
153949,猎聘,能源/化工/环保,化学,化学工艺研究员,企业职位,领泰生物,1-49人,,武汉,绍兴-柯桥区,统招本科,3年以上,10-15k·14薪,,,,https://www.liepin.com/job/1978146837.shtml,20260423134905,,,,
153950,猎聘,能源/化工/环保,化学,化学研发分析副经理,企业职位,京新药业,2000-5000人,,武汉,杭州-萧山区,硕士,5年以上,30-35k·15薪,,,,https://www.liepin.com/job/1978107039.shtml,20260603111029,,,,
153951,猎聘,能源/化工/环保,化学,化学发光研发高级工程师,企业职位,杭州华葵金配生物科技有限公司,50-99人,,武汉,杭州-临平区,本科,3年以上,8-12k,,,,https://www.liepin.com/job/1981973445.shtml,20260422094416,,,,
153952,猎聘,能源/化工/环保,化学,生化研发工程师（电化学方向）,企业职位,浙江健拓医疗仪器科技有限公司,1000-2000人,,武汉,杭州,硕士,1-3年,薪资面议,,,,https://www.liepin.com/job/1956298395.shtml,20250731162719,,,,
153953,猎聘,能源/化工/环保,化学,核酸化学合成,企业职位,海昶生物,100-499人,,武汉,杭州-钱塘区,博士,1-3年,25-40k·14薪,,,,https://www.liepin.com/job/1981842597.shtml,20260601153731,,,,
153954,猎聘,能源/化工/环保,化学,高中教师（数学、历史、物理、化学）,企业职位,某杭州大型在线教育公司,1000-2000人,,武汉,杭州,本科,3-10年,15-30k,,,,https://www.liepin.com/a/74899725.shtml,20260421165037,,,,
153955,猎聘,能源/化工/环保,化学,实验室化学师（树脂）,企业职位,某宁波大型石化公司,2000-5000人,,武汉,衢州,学历不限,3-5年,20-27k·15薪,,,,https://www.liepin.com/a/74167241.shtml,20260529092942,,,,
153956,猎聘,能源/化工/环保,化学,AP化学老师,企业职位,某杭州培训服务公司,100-499人,,武汉,杭州,本科,5-10年,15-30k,,,,https://www.liepin.com/a/74183161.shtml,20260602122214,,,,
153957,猎聘,能源/化工/环保,化学,化学师,企业职位,海维特化工,100-499人,,武汉,杭州-余杭区,本科,1-3年,6-15k,,,,https://www.liepin.com/job/1982751049.shtml,20260609162106,,,,
153958,猎聘,能源/化工/环保,化学,化学分析研究员-硕士-宁波,企业职位,康龙化成,10000人以上,,武汉,宁波-慈溪,硕士,1-3年,10-15k,,,,https://www.liepin.com/job/1967188081.shtml,20250723162451,,,,
153959,猎聘,能源/化工/环保,化学,化学研究院负责人,企业职位,某国内制药上市公司,2000-5000人,,武汉,杭州-萧山区,硕士,10年以上,70-100k,,,,https://www.liepin.com/a/74372603.shtml,20260408114121,,,,
153960,猎聘,能源/化工/环保,化学,IBDP化学老师,企业职位,某宁波大型培训服务公司,500-999人,,武汉,宁波,本科,1-3年,15-30k,,,,https://www.liepin.com/a/74183333.shtml,20260602122214,,,,
153961,猎聘,能源/化工/环保,化学,工艺化学副总监/总监,企业职位,安道药业,50-99人,,武汉,杭州-临平区,硕士,5年以上,25-35k·14薪,,,,https://www.liepin.com/job/1982945245.shtml,20260528124948,,,,
153962,猎聘,能源/化工/环保,化学,制剂工艺研究员 （化学合成）(J26558),企业职位,信达生物制药(苏州)有限公司,5000-10000人,,武汉,杭州-临平区,硕士,3年以上,11-18k·14薪,,,,https://www.liepin.com/job/1980732007.shtml,20260307155829,,,,
153963,猎聘,能源/化工/环保,化学,化学分析测试员,企业职位,某知名公司,10000人以上,,武汉,嘉兴,本科,1-3年,15-30k·30薪,,,,https://www.liepin.com/a/76464489.shtml,20260609140203,,,,
153964,猎聘,能源/化工/环保,化学,化学工程与工艺设计(熟练专业设计人员）,企业职位,浙江华亿工程设计股份有限公司,100-499人,,武汉,绍兴-上虞区,本科,3-5年,20-50k,,,,https://www.liepin.com/job/1973740921.shtml,20260506112811,,,,
153965,猎聘,能源/化工/环保,化学,药物化学高级研究员,企业职位,多禧生物,100-499人,,武汉,杭州-钱塘区,博士,1年以上,20-35k,,,,https://www.liepin.com/job/1978467195.shtml,20260203084913,,,,
153966,猎聘,能源/化工/环保,化学,工艺化学研究员/合成研究员,企业职位,安道药业,50-99人,,武汉,杭州-临平区,本科,5-10年,12-18k,,,,https://www.liepin.com/job/1981589289.shtml,20260528124331,,,,
153967,猎聘,能源/化工/环保,化学,化学气相沉积制程课经理（CVD PE Manager）,企业职位,某杭州大型电子/半导体/集成电路公司,500-999人,,武汉,杭州-富阳区,本科,10年以上,50-60k·16薪,,,,https://www.liepin.com/a/74391423.shtml,20260408160136,,,,
153968,猎聘,能源/化工/环保,化学,化学工程师,企业职位,浙江大学杭州国际科创中心,500-999人,,武汉,杭州-萧山区,硕士,经验不限,10-20k,,,,https://www.liepin.com/job/1976888669.shtml,20260512163118,,,,
153969,猎聘,能源/化工/环保,化学,化学工程与工艺设计,企业职位,浙江华亿工程设计股份有限公司,100-499人,,武汉,绍兴-上虞区,本科,1-3年,13-30k,,,,https://www.liepin.com/job/1973740377.shtml,20260506112811,,,,
153970,猎聘,能源/化工/环保,化学,AP化学老师,企业职位,某知名公司,100-499人,,武汉,宁波,统招本科,1-3年,20-21k,,,,https://www.liepin.com/a/73315673.shtml,20260312170213,,,,
153971,猎聘,能源/化工/环保,化学,核酸化学研究员,企业职位,海昶生物,100-499人,,武汉,杭州-钱塘区,硕士,3年以上,13-26k·14薪,,,,https://www.liepin.com/job/1982496183.shtml,20260513135040,,,,
153972,猎聘,能源/化工/环保,化学,车间负责人（绿色化学合成）,企业职位,浙江博崤生物制药有限公司,100-499人,,武汉,杭州-富阳区,大专,5年以上,10-20k,,,,https://www.liepin.com/job/1981372711.shtml,20260609095737,,,,
153973,猎聘,能源/化工/环保,化学,化学分析主管-宁波,企业职位,康龙化成,10000人以上,,武汉,宁波-慈溪,本科,10年以上,13-20k,,,,https://www.liepin.com/job/1967188257.shtml,20250723162411,,,,
153974,猎聘,能源/化工/环保,化学,化学研究院院长,企业职位,京新药业,2000-5000人,,武汉,杭州-萧山区,博士,10年以上,50-80k,,,,https://www.liepin.com/job/1981833511.shtml,20260416170339,,,,
153975,猎聘,能源/化工/环保,化学,DSE化学生物老师,企业职位,某知名公司,100-499人,,武汉,温州,本科,1-3年,10-15k,,,,https://www.liepin.com/a/76472213.shtml,20260605174433,,,,
153976,猎聘,能源/化工/环保,化学,化学分析研究员,企业职位,京新药业,2000-5000人,,武汉,杭州-萧山区,本科,1-3年,8-10k,,,,https://www.liepin.com/job/1980957639.shtml,20260316133728,,,,
153977,猎聘,能源/化工/环保,化学,化学生产工程师,企业职位,杭州微远生物科技有限公司,50-99人,,武汉,杭州-滨江区,统招本科,5年以上,8-20k·14薪,,,,https://www.liepin.com/job/1981948445.shtml,20260527100218,,,,
153978,猎聘,能源/化工/环保,化学,国际理科老师（数学、物理、化学、经济等）,企业职位,杭州朗思教育咨询有限公司,50-99人,,武汉,杭州-拱墅区,统招本科,经验不限,15-30k·14薪,,,,https://www.liepin.com/job/1980962041.shtml,20260316143850,,,,
153979,猎聘,能源/化工/环保,化学,化学工程与工艺设计（应届生）,企业职位,浙江华亿工程设计股份有限公司,100-499人,,武汉,绍兴-上虞区,本科,经验不限,13-35k,,,,https://www.liepin.com/job/1973739113.shtml,20260506112811,,,,
153980,猎聘,能源/化工/环保,化学,化学分析员,企业职位,杭州拜斯化工科技有限公司,1-49人,,武汉,杭州-临安区,本科,1-3年,5-8k,,,,https://www.liepin.com/job/1975170471.shtml,20260605184241,,,,
153981,猎聘,能源/化工/环保,化学,化学测试工程师（科学仪器）,企业职位,海康威视,10000人以上,,武汉,杭州-滨江区,本科,5年以上,12-24k·15薪,,,,https://www.liepin.com/job/1973958429.shtml,20250419133948,,,,
153982,猎聘,能源/化工/环保,化学,表面化学工程师,企业职位,祥符实验室,50-99人,,武汉,嘉兴-嘉善县,硕士,经验不限,12-20k,,,,https://www.liepin.com/job/1976509859.shtml,20250815092050,,,,
153983,猎聘,能源/化工/环保,化学,化学气相沉积制程课经理,企业职位,某杭州大型电子/半导体/集成电路公司,500-999人,,武汉,杭州-富阳区,本科,5-10年,50-55k·15薪,,,,https://www.liepin.com/a/74425451.shtml,20260409104334,,,,
153984,猎聘,能源/化工/环保,化学,光化学研发工程师,企业职位,浙江仙琚制药股份有限公司,2000-5000人,,武汉,台州-仙居县,硕士,3-5年,15-20k,,,,https://www.liepin.com/job/1977717267.shtml,20251203164700,,,,
153985,猎聘,能源/化工/环保,化学,胶水/助剂类化学工程师/师傅,企业职位,吉邦玮永盛集团,50-99人,,武汉,杭州-萧山区,本科,5年以上,15-25k,,,,https://www.liepin.com/job/1969267565.shtml,20260604080458,,,,
153986,猎聘,能源/化工/环保,化学,化学气相沉积制程工程师（CVD PE）,企业职位,杭州富芯半导体有限公司,500-999人,,武汉,杭州-富阳区,统招本科,1-3年,12-18k·14薪,,,,https://www.liepin.com/job/1979266187.shtml,20260527105957,,,,
153987,猎聘,能源/化工/环保,化学,药物化学研究员,企业职位,杭州西子芯连科技有限公司,1-49人,,武汉,杭州-钱塘区,博士,1-3年,70-100k,,,,https://www.liepin.com/job/1977929249.shtml,20251022132235,,,,
153988,猎聘,能源/化工/环保,化学,化学分析,企业职位,普洛药业股份有限公司,5000-10000人,,武汉,金华,本科,2年以上,8-13k,,,,https://www.liepin.com/job/1963172671.shtml,20260511105812,,,,
153989,猎聘,能源/化工/环保,化学,化学研发科学家,企业职位,浙江梓晨控股集团有限公司,500-999人,,武汉,杭州-滨江区,博士,8年以上,30-45k,,,,https://www.liepin.com/job/1979417889.shtml,20251227113127,,,,
153990,猎聘,能源/化工/环保,化学,电化学研发负责人,企业职位,浙江健拓医疗仪器科技有限公司,1000-2000人,,武汉,杭州-临平区,硕士,5-10年,15-25k·15薪,,,,https://www.liepin.com/job/1960681225.shtml,20260227172101,,,,
153991,猎聘,能源/化工/环保,化学,化学研发负责人-小核酸方向,企业职位,某知名公司,1-49人,,武汉,杭州,博士,10年以上,80-100k,,,,https://www.liepin.com/a/75306623.shtml,20260513144047,,,,
153992,猎聘,能源/化工/环保,化学,检测销售经理/总监（材料化学及失效&可靠性）,企业职位,微谱,1000-2000人,,武汉,宁波-镇海区,本科,5-10年,25-40k·13薪,,,,https://www.liepin.com/job/1977596259.shtml,20260609094753,,,,
153993,猎聘,能源/化工/环保,化学,化学分析员,企业职位,宁波萃英化学技术有限公司,100-499人,,武汉,宁波-鄞州区,硕士,2年以上,12-15k·13薪,,,,https://www.liepin.com/job/1981374401.shtml,20260331104918,,,,
153994,猎聘,能源/化工/环保,化学,电化学气体传感器研发工程师,企业职位,亿联康医疗,100-499人,,武汉,杭州-西湖区,本科,3-5年,25-40k,,,,https://www.liepin.com/job/1979226377.shtml,20251218102211,,,,
153995,猎聘,能源/化工/环保,化学,化学工艺总监,企业职位,某宁波大型制药公司,5000-10000人,,武汉,宁波,博士,5-10年,40-65k,,,,https://www.liepin.com/a/73338891.shtml,20260511093732,,,,
153996,猎聘,能源/化工/环保,化学,高级药物化学研究员,企业职位,杭州西子芯连科技有限公司,1-49人,,武汉,绍兴-柯桥区,博士,3年以上,50-80k,,,,https://www.liepin.com/job/1978273083.shtml,20251112104340,,,,
153997,猎聘,能源/化工/环保,化学,化学工艺技术员,企业职位,览锐光电(宁波)有限公司,100-499人,,武汉,宁波-鄞州区,本科,1年以上,6-8k·13薪,,,,https://www.liepin.com/job/1982284063.shtml,20260506163713,,,,
153998,猎聘,能源/化工/环保,化学,合成化学工程师,企业职位,甬江实验室,100-499人,,武汉,宁波-镇海区,硕士,3年以上,7-11k·14薪,,,,https://www.liepin.com/job/1980546103.shtml,20260429172600,,,,
153999,猎聘,能源/化工/环保,化学,电化学传感器工程师,企业职位,浙江健拓医疗仪器科技有限公司,1000-2000人,,武汉,杭州-临平区,硕士,经验不限,8-10k·15薪,,,,https://www.liepin.com/job/1980317189.shtml,20260227172101,,,,
154000,猎聘,能源/化工/环保,化学,流体化学工程师,企业职位,科百特,5000-10000人,,武汉,杭州-萧山区,本科,2年以上,15-20k,,,,https://www.liepin.com/job/1954008813.shtml,20260601114444,,,,
154001,猎聘,能源/化工/环保,化学,资深电化学博士,企业职位,某杭州专业技术服务公司,,,武汉,绍兴,博士,3年以上,55-60k,,,,https://www.liepin.com/a/74248295.shtml,20260403144625,,,,
154002,猎聘,能源/化工/环保,化学,IVD销售经理（化学发光）,企业职位,某知名医疗器械上市公司,1000-2000人,,武汉,杭州,统招本科,5-10年,10-15k,,,,https://www.liepin.com/a/76470027.shtml,20260609173330,,,,
154003,猎聘,能源/化工/环保,化学,化学镀工程师/高级化学镀工程师,企业职位,飞锃半导体(上海)有限公司,100-499人,,武汉,杭州-钱塘区,本科,3-5年,12-30k,,,,https://www.liepin.com/job/1979845535.shtml,20260119140103,,,,
154004,猎聘,能源/化工/环保,化学,化学药剂工程师,企业职位,浙江莱宝显示科技有限公司,1000-2000人,,武汉,湖州-南浔区,本科,3年以上,12-16k·15薪,,,,https://www.liepin.com/job/1973625017.shtml,20250909164820,,,,
154005,猎聘,能源/化工/环保,化学,药物化学研究员（博士）--衢州复旦研究院,企业职位,衢州复旦研究院,1-49人,,武汉,衢州-柯城区,博士,经验不限,20-35k,,,,https://www.liepin.com/job/1972660263.shtml,20260227155544,,,,
154006,猎聘,能源/化工/环保,化学,计算化学/材料研究员,企业职位,与同技术(无锡)有限公司,1-49人,,武汉,宁波-镇海区,博士,经验不限,20-40k,,,,https://www.liepin.com/job/1979456781.shtml,20260228170558,,,,
154007,猎聘,能源/化工/环保,化学,化学燃料专家,企业职位,某宁波大型整车制造公司,10000人以上,,武汉,宁波,博士,10年以上,50-80k,,,,https://www.liepin.com/a/76199665.shtml,20260529114900,,,,
154008,猎聘,能源/化工/环保,化学,Procurement Supervisor 采购主管 - 化学品/化学原材料/Chemicals/Raw Materials,企业职位,某大型世界500强化工公司,5000-10000人,,武汉,衢州,统招本科,经验不限,20-25k·15薪,,,,https://www.liepin.com/a/75054079.shtml,20260609103155,,,,
154009,猎聘,能源/化工/环保,化学,核酸化学总监,企业职位,某杭州生物技术公司,1-49人,,武汉,杭州,博士,5-10年,70-90k,,,,https://www.liepin.com/a/75099643.shtml,20260427151801,,,,
154010,猎聘,能源/化工/环保,化学,A LEVEL化学教师,企业职位,杭州唯明文化艺术传播有限公司,,,武汉,杭州,本科,1-3年,12-19k,,,,https://www.liepin.com/job/1975863691.shtml,20260312091108,,,,
154011,猎聘,能源/化工/环保,化学,药物化学研究员--衢州复旦研究院,企业职位,衢州复旦研究院,1-49人,,武汉,衢州-柯城区,硕士,1-3年,15-25k,,,,https://www.liepin.com/job/1969904405.shtml,20260227155544,,,,
154012,猎聘,能源/化工/环保,化学,分析项目主管（化学原料药研发）,企业职位,京新药业,2000-5000人,,武汉,杭州-萧山区,硕士,5年以上,15-25k·13薪,,,,https://www.liepin.com/job/1974088165.shtml,20250424163233,,,,
154013,猎聘,能源/化工/环保,化学,化学分析工程师（电镀）,企业职位,宁波埃斯科光电有限公司,100-499人,,武汉,宁波,中专/中技,经验不限,7-9k,,,,https://www.liepin.com/job/1978132269.shtml,20260602103328,,,,
154014,猎聘,能源/化工/环保,化学,有机合成（药物化学）高级研究员,企业职位,凌科药业(杭州)有限公司,50-99人,,武汉,杭州,硕士,5-10年,11-18k,,,,https://www.liepin.com/job/1954897555.shtml,20240118151900,,,,
154015,猎聘,能源/化工/环保,化学,化学发光研发工程师,企业职位,杭州艾普佳臻生物科技有限公司,1-49人,,武汉,杭州-钱塘区,本科,1年以上,7-9k,,,,https://www.liepin.com/job/1981935515.shtml,20260518084130,,,,
154016,猎聘,能源/化工/环保,化学,Procurement Supervisor 采购主管 - 化学品/化学原材料/Chemicals/Raw Materials,企业职位,某大型世界500强化工公司,5000-10000人,,武汉,宁波,统招本科,经验不限,20-25k·15薪,,,,https://www.liepin.com/a/75054071.shtml,20260609103155,,,,
154017,猎聘,能源/化工/环保,化学,化学分析研究员,企业职位,多禧生物,100-499人,,武汉,杭州,本科,3-5年,8-16k·14薪,,,,https://www.liepin.com/job/1931919311.shtml,20251124085211,,,,
154018,猎聘,能源/化工/环保,化学,化学分析研究员（制备分离）,企业职位,高维医药,1-49人,,武汉,杭州-余杭区,本科,1-3年,8-13k·13薪,,,,https://www.liepin.com/job/1978371751.shtml,20260310103339,,,,
154019,猎聘,能源/化工/环保,化学,化学合成工程师,企业职位,上海智峪生物科技有限公司,1-49人,,武汉,杭州-钱塘区,本科,5年以上,10-15k,,,,https://www.liepin.com/job/1974447375.shtml,20250514104520,,,,
154020,猎聘,能源/化工/环保,化学,化学研发工程师,企业职位,天砥科技(嘉兴)有限公司,1-49人,,武汉,嘉兴-南湖区,硕士,经验不限,12-18k·13薪,,,,https://www.liepin.com/job/1974371503.shtml,20250511075717,,,,
154021,猎聘,能源/化工/环保,化学,高级研究员（药物化学）,企业职位,浙江迈同生物医药有限公司,1-49人,,武汉,杭州-萧山区,博士,3-5年,30-35k,,,,https://www.liepin.com/job/1947878715.shtml,20250528112819,,,,
154022,猎聘,能源/化工/环保,化学,化学工程师,企业职位,斯诺科手性(杭州)生物科技有限公司,1-49人,,武汉,杭州-临安区,本科,经验不限,6-12k,,,,https://www.liepin.com/job/1956054175.shtml,20230213153025,,,,
154023,猎聘,能源/化工/环保,化学,小核酸药物化学高级研究员,企业职位,某杭州制药公司,100-499人,,武汉,杭州,硕士,5年以上,40-45k,,,,https://www.liepin.com/a/73853751.shtml,20260409090530,,,,
154024,猎聘,能源/化工/环保,化学,化学分析研究员,企业职位,元嘉生物科技(广东)有限公司,,,武汉,杭州,统招本科,3-5年,10-30k,,,,https://www.liepin.com/job/1935550835.shtml,20210201111636,,,,
154025,猎聘,能源/化工/环保,化学,化学发光研发经理,企业职位,某国内大型生物技术公司,500-999人,,武汉,宁波,硕士,5-10年,25-35k·15薪,,,,https://www.liepin.com/a/76540847.shtml,20260608170755,,,,
154026,猎聘,能源/化工/环保,化学,化学合成高级研究员,企业职位,杭州微远生物科技有限公司,50-99人,,武汉,杭州-滨江区,本科,5年以上,8-20k·14薪,,,,https://www.liepin.com/job/1976727631.shtml,20260226154336,,,,
154027,猎聘,能源/化工/环保,化学,ADC化学总监,企业职位,某制药公司,100-499人,,武汉,湖州,博士,5-10年,60-70k·14薪,,,,https://www.liepin.com/a/74631245.shtml,20260514161740,,,,
154028,猎聘,能源/化工/环保,化学,电化学仿真工程师,企业职位,ATL,10000人以上,,武汉,杭州-上城区,硕士,经验不限,16-24k·13薪,,,,https://www.liepin.com/job/1967382361.shtml,20240708162650,,,,
154029,猎聘,能源/化工/环保,化学,研发工程师（计算化学聚合方向）,企业职位,浙江省化工研究院有限公司,500-999人,,武汉,杭州-西湖区,博士,经验不限,10-20k·18薪,,,,https://www.liepin.com/job/1978363991.shtml,20251111101123,,,,
154030,猎聘,能源/化工/环保,化学,化学合成主管/经理,企业职位,杭州微远生物科技有限公司,50-99人,,武汉,杭州-滨江区,博士,5-10年,20-35k,,,,https://www.liepin.com/job/1977131007.shtml,20260226154336,,,,
154031,猎聘,能源/化工/环保,化学,化学实验室主管,企业职位,浙江创豪,500-999人,,武汉,金华-义乌,本科,5-10年,12-18k·14薪,,,,https://www.liepin.com/job/1978719923.shtml,20251126001653,,,,
154032,猎聘,能源/化工/环保,化学,汽车涂料研发化学师,企业职位,上海薪涂新材料有限公司,500-999人,,武汉,嘉兴-平湖,统招本科,3年以上,20-25k·13薪,,,,https://www.liepin.com/job/1982848943.shtml,20260605090412,,,,
154033,猎聘,能源/化工/环保,化学,【Procurement Supervisor 采购主管 - 化学品/化学原材料/Chemicals/Raw Materials】,企业职位,某大型世界500强化工公司,5000-10000人,,武汉,衢州,统招本科,经验不限,20-25k·15薪,,,,https://www.liepin.com/a/74764611.shtml,20260609103155,,,,
154034,猎聘,能源/化工/环保,化学,有机合成（药物化学）研究员,企业职位,凌科药业(杭州)有限公司,50-99人,,武汉,杭州,本科,3-5年,8-11k,,,,https://www.liepin.com/job/1954897529.shtml,20240118151900,,,,
154035,猎聘,能源/化工/环保,化学,化学镀镍师傅,企业职位,台州市海之恩化学镀有限公司,1-49人,,武汉,台州,中专/中技,1-3年,12-20k,,,,https://www.liepin.com/job/1919307697.shtml,20240912092848,,,,
154036,猎聘,能源/化工/环保,化学,双语数学/化学教师,企业职位,北京顶思致远教育咨询有限公司,1-49人,,武汉,宁波,本科,1-3年,15-20k,,,,https://www.liepin.com/job/1945410645.shtml,20260413150516,,,,
154037,猎聘,能源/化工/环保,化学,化学发光研发经理,企业职位,杭州凯保罗生物科技有限公司,100-499人,,武汉,杭州,本科,3-5年,18-25k,,,,https://www.liepin.com/job/1962399233.shtml,20240314101856,,,,
154038,猎聘,能源/化工/环保,化学,电化学博士,企业职位,国科绿氢,50-99人,,武汉,湖州,博士,1-3年,20-40k,,,,https://www.liepin.com/job/1961291983.shtml,20240104141749,,,,
154039,猎聘,能源/化工/环保,化学,化学研发工程师,企业职位,浙江国能科技有限公司,100-499人,,武汉,湖州-吴兴区,本科,1-3年,6-10k,,,,https://www.liepin.com/job/1963302691.shtml,20240307110443,,,,
154040,猎聘,能源/化工/环保,化学,电化学方法开发工程师,企业职位,宁波容百新能源科技股份有限公司,2000-5000人,,武汉,宁波,统招本科,3年以上,15-25k,,,,https://www.liepin.com/job/1983268033.shtml,20260609095258,,,,
154041,猎聘,能源/化工/环保,化学,化学研发副院长,企业职位,浙江XX药业股份,2000-5000人,,武汉,杭州,博士,10年以上,60-90k,,,,https://www.liepin.com/a/76540531.shtml,20260608170418,,,,
154042,猎聘,能源/化工/环保,化学,药物化学科学家,企业职位,浙江叉异科技有限公司,,,武汉,宁波-慈溪,博士,3-5年,20-50k·20薪,,,,https://www.liepin.com/job/1979283839.shtml,20251222093141,,,,
154043,猎聘,能源/化工/环保,化学,智能化学研究专家,企业职位,青葵智造(北京)科技有限公司,1-49人,,武汉,杭州-余杭区,硕士,3-5年,30-45k·14薪,,,,https://www.liepin.com/job/1982120911.shtml,20260428101019,,,,
154044,猎聘,能源/化工/环保,化学,有机化学工艺研究员,企业职位,嘉兴和剂药业有限公司,1-49人,,武汉,嘉兴-南湖区,本科,1-3年,10-16k,,,,https://www.liepin.com/job/1964611247.shtml,20240729145555,,,,
154045,猎聘,能源/化工/环保,化学,化学生产负责人,企业职位,杭州微远生物科技有限公司,50-99人,,武汉,杭州-滨江区,硕士,5年以上,20-50k·14薪,,,,https://www.liepin.com/job/1980674265.shtml,20260527100218,,,,
154046,猎聘,能源/化工/环保,化学,电化学仿真高级工程师,企业职位,晶科能源有限公司,10000人以上,,武汉,嘉兴-海宁,硕士,5-10年,20-35k·14薪,,,,https://www.liepin.com/job/1977478285.shtml,20250925112822,,,,
154047,猎聘,能源/化工/环保,化学,项目研发工程师（化学类）,企业职位,宁波海尔施基因科技股份有限公司,500-999人,,武汉,宁波,本科,经验不限,7-12k,,,,https://www.liepin.com/job/1936936369.shtml,20240118094410,,,,
154048,猎聘,能源/化工/环保,化学,药物化学总监,企业职位,艾港生物科技(杭州)有限公司,1-49人,,武汉,杭州-钱塘区,博士,3年以上,20-40k,,,,https://www.liepin.com/job/1976687089.shtml,20250822150126,,,,
154049,猎聘,能源/化工/环保,化学,药物化学研究员,企业职位,艾港生物科技(杭州)有限公司,1-49人,,武汉,杭州-钱塘区,本科,3年以上,9-16k,,,,https://www.liepin.com/job/1976687259.shtml,20250822150445,,,,
154050,猎聘,能源/化工/环保,化学,化学技术工程师,企业职位,湖州纯一生物科技有限公司,50-99人,,武汉,湖州-吴兴区,本科,3-5年,10-11k,,,,https://www.liepin.com/job/1977110311.shtml,20251009092759,,,,
154051,猎聘,能源/化工/环保,化学,药物化学高级研究员,企业职位,春禾医药,1-49人,,武汉,杭州-余杭区,博士,1-3年,25-40k,,,,https://www.liepin.com/job/1967039031.shtml,20250114165600,,,,
154052,猎聘,能源/化工/环保,化学,产品化学实验员,企业职位,浙江爱索拓科技有限公司,100-499人,,武汉,杭州-西湖区,大专,1-3年,6-9k,,,,https://www.liepin.com/job/1982693913.shtml,20260520110027,,,,
154053,猎聘,能源/化工/环保,化学,研发工程师（电化学）,企业职位,宁波博雅聚力新材料科技有限公司,100-499人,,武汉,宁波-鄞州区,硕士,经验不限,9-15k·13薪,,,,https://www.liepin.com/job/1979784011.shtml,20260306144801,,,,
154054,猎聘,能源/化工/环保,化学,初高中双语科学（化学）教师,企业职位,桐乡市耀华学校,100-499人,,武汉,嘉兴-桐乡,本科,3-5年,8-15k,,,,https://www.liepin.com/job/1977220335.shtml,20250915110301,,,,
154055,猎聘,能源/化工/环保,化学,化学体系开发工程师,企业职位,零跑科技,10000人以上,,武汉,杭州-滨江区,本科,3-5年,20-35k·14薪,,,,https://www.liepin.com/job/1977713365.shtml,20251208150240,,,,
154056,猎聘,能源/化工/环保,化学,化学检测资深工程师/主管  双休,企业职位,杭州杭美质量技术服务有限公司,50-99人,,武汉,杭州-西湖区,本科,3-5年,8-18k,,,,https://www.liepin.com/job/1965878053.shtml,20240329105503,,,,
154057,猎聘,能源/化工/环保,化学,博士后研究员-化学方向,企业职位,浙江大学杭州国际科创中心,500-999人,,武汉,杭州-萧山区,博士,经验不限,30-35k,,,,https://www.liepin.com/job/1965928423.shtml,20240401145645,,,,
154058,猎聘,能源/化工/环保,化学,化学实验室测试工程师,企业职位,Intertek天祥集团,1000-2000人,,武汉,宁波-鄞州区,大专,1-3年,6-8k·13薪,,,,https://www.liepin.com/job/1946553083.shtml,20220120164534,,,,
154059,猎聘,能源/化工/环保,化学,化学分析,企业职位,嘉善华豪建材有限公司,50-99人,,武汉,嘉兴,本科,经验不限,5-6k·13薪,,,,https://www.liepin.com/job/1935676045.shtml,20210204004930,,,,
154060,猎聘,能源/化工/环保,化学,化学操作,企业职位,浙江铭天电子新材料有限公司,50-99人,,武汉,湖州-安吉县,大专,经验不限,6-9k,,,,https://www.liepin.com/job/1969284641.shtml,20240826123353,,,,
154061,猎聘,能源/化工/环保,化学,化学仪器售后工程师,企业职位,北京普立泰科仪器有限公司,100-499人,,武汉,杭州-上城区,大专,1-3年,6-8k·13薪,,,,https://www.liepin.com/job/1929236853.shtml,20210910111753,,,,
154062,猎聘,能源/化工/环保,化学,化学实验室助理,企业职位,氢杉亿林(宁波)新能源科技有限公司,1-49人,,武汉,宁波-海曙区,学历不限,经验不限,4-8k,,,,https://www.liepin.com/job/1952845539.shtml,20220927131654,,,,
154063,猎聘,能源/化工/环保,化学,试剂研发（化学发光）,企业职位,某宁波医疗器械公司,100-499人,,武汉,宁波,硕士,5-10年,20-30k·13薪,,,,https://www.liepin.com/a/76558087.shtml,20260609094657,,,,
154064,猎聘,能源/化工/环保,化学,DSE数学/化学教师,企业职位,杭州朗思教育咨询有限公司,50-99人,,武汉,杭州,统招本科,2年以上,20-35k,,,,https://www.liepin.com/job/1982625275.shtml,20260518160642,,,,
154065,猎聘,能源/化工/环保,化学,工业涂料研发化学师,企业职位,上海薪涂新材料有限公司,500-999人,,武汉,嘉兴-平湖,统招本科,3年以上,18-25k·13薪,,,,https://www.liepin.com/job/1982848995.shtml,20260605090412,,,,
154066,猎聘,能源/化工/环保,化学,化学燃料专家,企业职位,某杭州整车制造上市公司,10000人以上,,武汉,宁波,硕士,10年以上,70-75k·15薪,,,,https://www.liepin.com/a/73872037.shtml,20260422151950,,,,
154067,猎聘,能源/化工/环保,化学,化学研发部文件管理员,企业职位,多禧生物,100-499人,,武汉,杭州,大专,1年以下,6-9k,,,,https://www.liepin.com/job/1945405251.shtml,20240830090542,,,,
154068,猎聘,能源/化工/环保,化学,化学实验室技术员(J10149),企业职位,杭州积海半导体有限公司,1000-2000人,,武汉,杭州-钱塘区,大专,2年以上,5-10k,,,,https://www.liepin.com/job/1980139345.shtml,20260202183444,,,,
154069,猎聘,能源/化工/环保,化学,药品研发（化学助理研究员）,企业职位,浙江鉴湖海外才智开发有限公司,1-49人,,武汉,绍兴-柯桥区,博士,1-4年,30-50k,,,,https://www.liepin.com/job/1981339051.shtml,20260330110531,,,,
154070,猎聘,能源/化工/环保,化学,CMP EE/化学机械抛光设备工程师(J10225),企业职位,芯联集成电路制造股份有限公司,2000-5000人,,武汉,绍兴-越城区,本科,1-3年,10-20k,,,,https://www.liepin.com/job/1966279243.shtml,20251225164945,,,,
154071,猎聘,能源/化工/环保,化学,教学管培生（高中数学物理化学）项目管理(A178153),企业职位,海亮教育科技服务集团,10000人以上,,武汉,杭州-滨江区,本科,1-3年,10-20k,,,,https://www.liepin.com/job/1980145177.shtml,20260203100743,,,,
154072,猎聘,能源/化工/环保,化学,分析工程师（化学）,企业职位,览锐光电(宁波)有限公司,100-499人,,武汉,宁波-鄞州区,本科,5年以上,12-18k·13薪,,,,https://www.liepin.com/job/1979408313.shtml,20260228101646,,,,
154073,猎聘,能源/化工/环保,化学,化学工程师,企业职位,昆山美淼新材料科技有限公司,1-49人,,武汉,嘉兴-南湖区,硕士,1年以下,9-13k·13薪,,,,https://www.liepin.com/job/1978416615.shtml,20260423145325,,,,
154074,猎聘,能源/化工/环保,化学,电化学博士,企业职位,阳光照明,10000人以上,,武汉,绍兴-上虞区,博士,2年以上,25-40k·13薪,,,,https://www.liepin.com/job/1977472777.shtml,20250925095526,,,,
154075,猎聘,能源/化工/环保,化学,化学分析,企业职位,聚立生物医药科技(丽水)有限公司,1-49人,,武汉,丽水-遂昌县,本科,1-3年,6-10k,,,,https://www.liepin.com/job/1949014303.shtml,20250822084114,,,,
154076,猎聘,能源/化工/环保,化学,化学工程师-生物与分子智造研究院（莫一鸣团队） J10389,企业职位,浙江大学杭州国际科创中心,500-999人,,武汉,杭州-萧山区,本科,2年以上,10-12k,,,,https://www.liepin.com/job/1979908093.shtml,20260121142314,,,,
154077,猎聘,能源/化工/环保,化学,化学教师,企业职位,金华市新东方双语学校,100-499人,,武汉,金华-婺城区,本科,5-10年,15-20k·13薪,,,,https://www.liepin.com/job/1956943817.shtml,20230314111750,,,,
154078,猎聘,能源/化工/环保,化学,高级化学分析研究员,企业职位,康龙化成,10000人以上,,武汉,宁波-慈溪,博士,经验不限,25-35k,,,,https://www.liepin.com/job/1968393439.shtml,20250914101100,,,,
154079,猎聘,能源/化工/环保,化学,Sales Director销售总监-带团队 需要化学专业背景,企业职位,某大型石化公司,2000-5000人,,武汉,宁波,本科,10年以上,50-70k·14薪,,,,https://www.liepin.com/a/75393635.shtml,20260609184540,,,,
154080,猎聘,能源/化工/环保,化学,Alevel化学老师,企业职位,浙江常春藤教育科技研究院,100-499人,,武汉,杭州-西湖区,硕士,2年以上,9-14k,,,,https://www.liepin.com/job/1977321609.shtml,20260309140302,,,,
154081,猎聘,能源/化工/环保,化学,化学分析员,企业职位,杭州精构生物科技有限责任公司,50-99人,,武汉,杭州-钱塘区,大专,1-3年,6-8k,,,,https://www.liepin.com/job/1979254439.shtml,20251219101955,,,,
154082,猎聘,能源/化工/环保,化学,化学镀镍熟练工,企业职位,台州市海之恩化学镀有限公司,1-49人,,武汉,台州,中专/中技,经验不限,8-13k,,,,https://www.liepin.com/job/1931077605.shtml,20240912092848,,,,
154083,猎聘,能源/化工/环保,化学,化学竞赛教练,企业职位,乐清市知临中学,5000-10000人,,武汉,温州-乐清,本科,经验不限,40-70k,,,,https://www.liepin.com/job/1977247179.shtml,20250916090556,,,,
154084,猎聘,能源/化工/环保,化学,化学分析编制,企业职位,绿生环境科技(浙江)有限公司,50-99人,,武汉,宁波-鄞州区,硕士,经验不限,8-10k,,,,https://www.liepin.com/job/1972479877.shtml,20250807095335,,,,
154085,猎聘,能源/化工/环保,化学,化学实验室经理,企业职位,杭州杭美质量技术服务有限公司,50-99人,,武汉,杭州-西湖区,本科,5年以上,20-30k,,,,https://www.liepin.com/job/1974652465.shtml,20250522162510,,,,
154086,猎聘,能源/化工/环保,化学,化学仪表维护技术员,企业职位,江苏佰能电力有限公司,100-499人,,武汉,宁波-宁海县,大专,经验不限,5-10k,,,,https://www.liepin.com/job/1965720733.shtml,20240323141045,,,,
154087,猎聘,能源/化工/环保,化学,高分子化学研发人员,企业职位,元嘉生物科技(广东)有限公司,,,武汉,杭州,统招本科,3-5年,10-30k,,,,https://www.liepin.com/job/1935550729.shtml,20210201111653,,,,
154088,猎聘,能源/化工/环保,化学,化学分析,企业职位,聚立生物医药科技(丽水)有限公司,1-49人,,武汉,丽水,本科,经验不限,10-15k·13薪,,,,https://www.liepin.com/job/1946189323.shtml,20220815110228,,,,
154089,猎聘,能源/化工/环保,化学,有机化学采购,企业职位,宁波盈农利德贸易有限公司,50-99人,,武汉,宁波-鄞州区,本科,1-3年,7-10k,,,,https://www.liepin.com/job/1966643815.shtml,20240823161053,,,,
154090,猎聘,能源/化工/环保,化学,化学实验员,企业职位,台州白泽医药科技有限公司,1-49人,,武汉,台州,大专,经验不限,3-5k,,,,https://www.liepin.com/job/1974171019.shtml,20250428152352,,,,
154091,猎聘,能源/化工/环保,化学,化学分析,企业职位,浙江瑞亨电子材料有限公司,100-499人,,武汉,绍兴,中专/中技,经验不限,6-8k·14薪,,,,https://www.liepin.com/job/1938946327.shtml,20221109110256,,,,
154092,猎聘,能源/化工/环保,化学,危险化学品仓库管理员,企业职位,国科产融(杭州)科技发展集团有限公司,1-49人,,武汉,杭州-西湖区,学历不限,经验不限,5-8k,,,,https://www.liepin.com/job/1957102967.shtml,20231017132117,,,,
154093,猎聘,能源/化工/环保,化学,高温电化学/能源材料博士后,企业职位,中国科学院宁波材料技术与工程研究所,1-49人,,武汉,宁波-镇海区,博士,经验不限,30-45k,,,,https://www.liepin.com/job/1972854969.shtml,20250304164523,,,,
154094,猎聘,能源/化工/环保,化学,化学燃料专家,企业职位,某世界500强整车制造上市公司,10000人以上,,武汉,宁波,学历不限,10年以上,60-80k,,,,https://www.liepin.com/a/75426923.shtml,20260520154452,,,,
154095,猎聘,能源/化工/环保,化学,Procurement Supervisor 采购主管 - 化学品/化学原材料/Chemicals/Raw Materials,企业职位,某大型世界500强化工公司,5000-10000人,,武汉,衢州,统招本科,经验不限,20-25k·15薪,,,,https://www.liepin.com/a/75054067.shtml,20260609103155,,,,
154096,猎聘,能源/化工/环保,化学,Sales Director销售总监-带团队 需要化学专业背景,企业职位,某大型石化公司,2000-5000人,,武汉,宁波,本科,10年以上,50-70k·14薪,,,,https://www.liepin.com/a/75394987.shtml,20260609184540,,,,
154097,猎聘,能源/化工/环保,化学,Sales Director销售总监-带团队 需要化学专业背景,企业职位,某大型石化公司,2000-5000人,,武汉,宁波,本科,10年以上,50-70k·14薪,,,,https://www.liepin.com/a/75394163.shtml,20260609184540,,,,
154098,猎聘,能源/化工/环保,化学,博士---纺织化学研究,企业职位,世源科技(嘉兴)医疗电子有限公司,1000-2000人,,武汉,嘉兴,博士,经验不限,25-40k,,,,https://www.liepin.com/job/1966926423.shtml,20260202171123,,,,
154099,猎聘,能源/化工/环保,化学,研发工程师（有机化学方向）,企业职位,某知名公司,100-499人,,武汉,嘉兴-平湖,硕士,3-5年,10-15k,,,,https://www.liepin.com/a/74405663.shtml,20260609181502,,,,
154100,猎聘,能源/化工/环保,化学,化学材料类项目专员,企业职位,迈得医疗,500-999人,,武汉,杭州-上城区,硕士,经验不限,10-30k,,,,https://www.liepin.com/job/1976387323.shtml,20260313132253,,,,
154101,猎聘,能源/化工/环保,化学,Sales Director销售总监-带团队 需要化学专业背景,企业职位,某大型石化公司,2000-5000人,,武汉,宁波,本科,10年以上,50-70k·14薪,,,,https://www.liepin.com/a/75394495.shtml,20260609184540,,,,
154102,猎聘,能源/化工/环保,化学,药物化学助理研究员-衢州复旦研究院,企业职位,衢州复旦研究院,1-49人,,武汉,衢州-柯城区,硕士,经验不限,10-15k,,,,https://www.liepin.com/job/1968057855.shtml,20260227155544,,,,
154103,猎聘,能源/化工/环保,化学,化学编辑,企业职位,浙江良品图书有限公司,50-99人,,武汉,杭州-拱墅区,本科,1-3年,7-9k,,,,https://www.liepin.com/job/1981544103.shtml,20260407163546,,,,
154104,猎聘,能源/化工/环保,化学,化学兼容性开发工程师,企业职位,海康威视,10000人以上,,武汉,杭州-滨江区,硕士,经验不限,15-25k·15薪,,,,https://www.liepin.com/job/1978327425.shtml,20251109202329,,,,
154105,猎聘,能源/化工/环保,化学,双语化学老师,企业职位,某国内大型学校教育公司,500-999人,,武汉,金华,统招本科,经验不限,15-25k,,,,https://www.liepin.com/a/76405637.shtml,20260609105446,,,,
154106,猎聘,能源/化工/环保,化学,国内临床推广专员（体外诊断产品-化学发光）(J12978),企业职位,迈瑞医疗,10000人以上,,武汉,杭州-上城区,本科,3-5年,10-15k·18薪,,,,https://www.liepin.com/job/1960191323.shtml,20250214110918,,,,
154107,猎聘,能源/化工/环保,化学,化学操作工,企业职位,浙江花园营养科技有限公司,,,武汉,金华-婺城区,中专/中技,经验不限,5-6k,,,,https://www.liepin.com/job/1976043567.shtml,20250725154316,,,,
154108,猎聘,能源/化工/环保,化学,药物化学高级经理/副总监,企业职位,某知名上市公司,100-499人,,武汉,杭州,博士,5-10年,40-55k·14薪,,,,https://www.liepin.com/a/76497711.shtml,20260609231207,,,,
154109,猎聘,能源/化工/环保,化学,绍兴地区化学分析员,企业职位,南京药石科技,1000-2000人,,武汉,绍兴-上虞区,统招本科,3年以上,7-10k,,,,https://www.liepin.com/job/1981579033.shtml,20260408145846,,,,
154110,猎聘,能源/化工/环保,化学,化学研发部门经理,企业职位,京新药业,2000-5000人,,武汉,杭州-萧山区,硕士,8年以上,35-45k·14薪,,,,https://www.liepin.com/job/1974088041.shtml,20260127135809,,,,
154111,猎聘,能源/化工/环保,化学,固废工程师（化学）,企业职位,浙江波普环境服务有限公司,5000-10000人,,武汉,杭州-上城区,硕士,3年以上,15-25k,,,,https://www.liepin.com/job/1973444709.shtml,20260608104447,,,,
154112,猎聘,能源/化工/环保,化学,化学工艺设计工程师,企业职位,宁波萃英化学技术有限公司,100-499人,,武汉,宁波-鄞州区,本科,1年以上,15-30k·13薪,,,,https://www.liepin.com/job/1974463303.shtml,20260121103252,,,,
154113,猎聘,能源/化工/环保,化学,产品化学全组分分析SD,企业职位,浙江爱索拓科技有限公司,100-499人,,武汉,杭州-西湖区,本科,5-10年,10-15k,,,,https://www.liepin.com/job/1976874827.shtml,20260104161507,,,,
154114,猎聘,能源/化工/环保,化学,计算化学工程师,企业职位,青葵智造(北京)科技有限公司,1-49人,,武汉,杭州-余杭区,硕士,3-5年,15-25k·14薪,,,,https://www.liepin.com/job/1982127119.shtml,20260427165113,,,,
154115,猎聘,能源/化工/环保,化学,化学检测员,企业职位,乔顿服饰,1000-2000人,,武汉,温州-龙湾区,本科,经验不限,5-8k,,,,https://www.liepin.com/job/1980433987.shtml,20260226132301,,,,
154116,猎聘,能源/化工/环保,化学,alevel数学/物理/化学/经济老师,企业职位,朗阁教育,1000-2000人,,武汉,宁波-海曙区,本科,3-5年,18-25k,,,,https://www.liepin.com/job/1953355941.shtml,20260320114400,,,,
154117,猎聘,能源/化工/环保,化学,化学分析主管,企业职位,浙江闰华数码喷印科技有限公司,50-99人,,武汉,绍兴-上虞区,大专,5年以上,8-12k·13薪,,,,https://www.liepin.com/job/1976670363.shtml,20250821194057,,,,
154118,猎聘,能源/化工/环保,化学,化学合成研发组长,企业职位,普洛药业股份有限公司,5000-10000人,,武汉,金华-东阳,硕士,3-5年,11-20k·15薪,,,,https://www.liepin.com/job/1975791339.shtml,20251216153900,,,,
154119,猎聘,能源/化工/环保,化学,实验室化学分析员,企业职位,浙江聚威高分子材料有限公司,50-99人,,武汉,绍兴-嵊州,中专/中技,2年以上,5-8k,,,,https://www.liepin.com/job/1979378375.shtml,20251225150305,,,,
154120,猎聘,能源/化工/环保,化学,化学检测工程师（有机方向）,企业职位,中汽零部件技术(宁波)有限公司,100-499人,,武汉,宁波-鄞州区,本科,1-3年,8-11k·13薪,,,,https://www.liepin.com/job/1976818511.shtml,20250828190756,,,,
154121,猎聘,能源/化工/环保,化学,助理研究员（材料科学与化学方向）,企业职位,杭州维桢新材料科技有限责任公司,1-49人,,武汉,杭州-萧山区,博士,经验不限,12-20k,,,,https://www.liepin.com/job/1977689323.shtml,20251013165341,,,,
154122,猎聘,能源/化工/环保,化学,化学研发经理,企业职位,光昊光电,50-99人,,武汉,台州-黄岩区,博士,经验不限,20-40k,,,,https://www.liepin.com/job/1971266923.shtml,20250214153521,,,,
154123,猎聘,能源/化工/环保,化学,化学洗净工程师,企业职位,大和热磁,2000-5000人,,武汉,杭州,本科,1-3年,7-10k·14薪,,,,https://www.liepin.com/job/1949113207.shtml,20220421154921,,,,
154124,猎聘,能源/化工/环保,化学,化学工程师,企业职位,得力,10000人以上,,武汉,宁波-宁海县,硕士,经验不限,10-11k·13薪,,,,https://www.liepin.com/job/1962582137.shtml,20231031134905,,,,
154125,猎聘,能源/化工/环保,化学,双语老师（数学、物理、生物、化学）,企业职位,渊学通教育,100-499人,,武汉,宁波-鄞州区,本科,经验不限,13-20k,,,,https://www.liepin.com/job/1962241131.shtml,20240115102756,,,,
154126,猎聘,能源/化工/环保,化学,化学工程师,企业职位,苏州海仟汇科技有限公司,50-99人,,武汉,宁波-奉化区,博士,3-5年,250-300k,,,,https://www.liepin.com/job/1961599791.shtml,20230913152114,,,,
154127,猎聘,能源/化工/环保,化学,化学发光试剂研发,企业职位,杭州康知生物科技有限公司,,,武汉,杭州-临平区,统招本科,1-3年,6-10k·13薪,,,,https://www.liepin.com/job/1955431253.shtml,20230111134833,,,,
154128,猎聘,能源/化工/环保,化学,研发工程师（电化学、陶瓷膜、臭氧、气浮方向）,企业职位,浙江天行健水务有限公司,100-499人,,武汉,杭州-上城区,本科,1-3年,10-20k,,,,https://www.liepin.com/job/1966235437.shtml,20240612133753,,,,
154129,猎聘,能源/化工/环保,化学,研发岗（有机化学合成）,企业职位,博格隆(浙江)生物技术有限公司,100-499人,,武汉,嘉兴,硕士,经验不限,10-13k,,,,https://www.liepin.com/job/1954281251.shtml,20240124091946,,,,
154130,猎聘,能源/化工/环保,化学,药物化学研究,企业职位,杭州肽佳生物科技有限公司,1-49人,,武汉,杭州-滨江区,本科,经验不限,6-12k·13薪,,,,https://www.liepin.com/job/1955015697.shtml,20230423145413,,,,
154131,猎聘,能源/化工/环保,化学,化学工程师,企业职位,科米诺新材料科技(浙江)有限公司,50-99人,,武汉,衢州-常山县,本科,3-5年,10-15k,,,,https://www.liepin.com/job/1961172811.shtml,20231124145307,,,,
154132,猎聘,能源/化工/环保,化学,危险化学品押运员,企业职位,浙江威宝高科涂料有限公司,100-499人,,武汉,宁波,中专/中技,1-3年,6-9k,,,,https://www.liepin.com/job/1967712773.shtml,20240615084559,,,,
154133,猎聘,能源/化工/环保,化学,化学实验室经理,企业职位,启迈(杭州)检测有限公司,100-499人,,武汉,杭州-滨江区,本科,5-10年,薪资面议,,,,https://www.liepin.com/job/1934580757.shtml,20210125111419,,,,
154134,猎聘,能源/化工/环保,化学,化学合成研发工程师,企业职位,浙江辉凯鼎瑞新材料有限公司,1-49人,,武汉,杭州-余杭区,硕士,经验不限,8-16k·13薪,,,,https://www.liepin.com/job/1941995149.shtml,20220506152753,,,,
154135,猎聘,能源/化工/环保,化学,化学镀镍操作师傅,企业职位,台州涌恩化学镀有限公司,1-49人,,武汉,台州-路桥区,博士,经验不限,10-15k,,,,https://www.liepin.com/job/1955633449.shtml,20230130165637,,,,
154136,猎聘,能源/化工/环保,化学,化学实验室检测工程师,企业职位,启迈(杭州)检测有限公司,100-499人,,武汉,杭州-滨江区,本科,1-3年,5-10k,,,,https://www.liepin.com/job/1949245961.shtml,20220426142939,,,,
154137,猎聘,能源/化工/环保,化学,化学仪表维护技术员,企业职位,浙江赫能环境科技有限公司,1-49人,,武汉,杭州-萧山区,大专,1-3年,5-9k,,,,https://www.liepin.com/job/1953849819.shtml,20221111162817,,,,
154138,猎聘,能源/化工/环保,化学,危险化学品车辆司机,企业职位,浙江威宝高科涂料有限公司,100-499人,,武汉,宁波,中专/中技,1-3年,8-12k,,,,https://www.liepin.com/job/1967712677.shtml,20240615082940,,,,
154139,猎聘,能源/化工/环保,化学,化学实验室技术员,企业职位,杭州肽佳生物科技有限公司,1-49人,,武汉,杭州-滨江区,本科,经验不限,6-12k,,,,https://www.liepin.com/job/1955015689.shtml,20230423145413,,,,
154140,猎聘,能源/化工/环保,化学,化学仪表维护技术员,企业职位,浙江赫能环境科技有限公司,1-49人,,武汉,宁波-镇海区,大专,1-3年,5-9k,,,,https://www.liepin.com/job/1953850029.shtml,20221111163044,,,,
154141,猎聘,能源/化工/环保,化学,有机化学,企业职位,桐乡市龙翔纺织有限责任公司,500-999人,,武汉,嘉兴-桐乡,大专,经验不限,5-7k,,,,https://www.liepin.com/job/1945252667.shtml,20220224094138,,,,
154142,猎聘,能源/化工/环保,化学,化学分析,企业职位,杭州烯鲸新材料科技有限公司,1-49人,,武汉,杭州-萧山区,大专,1-3年,5-10k,,,,https://www.liepin.com/job/1931718989.shtml,20220104164827,,,,
154143,猎聘,能源/化工/环保,化学,化学分析,企业职位,浙江月旭材料科技有限公司,50-99人,,武汉,金华,大专,经验不限,4-6k·14薪,,,,https://www.liepin.com/job/1935099197.shtml,20210114152735,,,,
154144,猎聘,能源/化工/环保,化学,化学研发总监,企业职位,某国内制药上市公司,2000-5000人,,武汉,杭州-萧山区,硕士,5年以上,45-70k,,,,https://www.liepin.com/a/76601505.shtml,20260609185852,,,,
154145,猎聘,能源/化工/环保,化学,化学分析测试员,企业职位,某知名公司,10000人以上,,武汉,台州,大专,1-3年,15-30k·14薪,,,,https://www.liepin.com/a/76548773.shtml,20260608195604,,,,
154146,猎聘,能源/化工/环保,化学,高中各科目教师（历史、数学、化学）,企业职位,某国内专业服务公司,100-499人,,武汉,杭州-拱墅区,统招本科,5-10年,15-25k,,,,https://www.liepin.com/a/74553337.shtml,20260608170732,,,,
154147,猎聘,能源/化工/环保,化学,AP化学老师/AP chemistry teacher,企业职位,狄邦教育集团,1000-2000人,,武汉,杭州-拱墅区,统招本科,3-5年,10-20k,,,,https://www.liepin.com/job/1961530293.shtml,20240422152733,,,,
154148,猎聘,能源/化工/环保,化学,材料科学与工程、化学博士,企业职位,浙江大学台州研究院,100-499人,,武汉,台州-椒江区,博士,经验不限,25-30k,,,,https://www.liepin.com/job/1966688533.shtml,20260601112652,,,,
154149,猎聘,能源/化工/环保,化学,动力工程及工程热物理、材料科学与工程、环境科学与工程、化学、化学工程与技术博士,企业职位,浙江大学台州研究院,100-499人,,武汉,台州-椒江区,博士,经验不限,25-30k,,,,https://www.liepin.com/job/1966688567.shtml,20260601112652,,,,
154150,猎聘,能源/化工/环保,化学,化学合成技术员,企业职位,恒敬合创生物医药(浙江)有限公司,100-499人,,武汉,嘉兴-南湖区,大专,1-3年,5-8k,,,,https://www.liepin.com/job/1980916961.shtml,20260313151231,,,,
154151,猎聘,能源/化工/环保,化学,生物医学工程、材料科学与工程、化学、物理学等相关专业博士,企业职位,浙江大学台州研究院,100-499人,,武汉,台州-椒江区,博士,经验不限,25-30k,,,,https://www.liepin.com/job/1966688621.shtml,20260601112652,,,,
154152,猎聘,能源/化工/环保,化学,寒暑假高中英语/化学/历史学科老师,企业职位,某杭州大型IT服务公司,5000-10000人,,武汉,杭州,本科,10年以上,15-25k·13薪,,,,https://www.liepin.com/a/73449939.shtml,20260316215026,,,,
154153,猎聘,能源/化工/环保,化学,汽车化学法规工程师,企业职位,钛和检测认证集团股份有限公司,2000-5000人,,武汉,杭州-钱塘区,本科,3年以上,15-25k,,,,https://www.liepin.com/job/1978865193.shtml,20260529132323,,,,
154154,猎聘,能源/化工/环保,化学,普高科学（物理、化学、生物）教师,企业职位,耀华国际教育,1000-2000人,,武汉,嘉兴-桐乡,本科,1-3年,10-20k,,,,https://www.liepin.com/job/1974511107.shtml,20260420104744,,,,
154155,猎聘,能源/化工/环保,化学,A-LEVEL双语理科教师（物理化学数学）,企业职位,海亮教育科技服务集团,10000人以上,,武汉,绍兴-诸暨,统招本科,经验不限,12-22k,,,,https://www.liepin.com/job/1929216899.shtml,20260422100234,,,,
154156,猎聘,能源/化工/环保,化学,化学气相沉积工艺工程师/CVD PE(J10011),企业职位,芯联集成电路制造股份有限公司,2000-5000人,,武汉,绍兴-越城区,本科,2年以上,10-20k,,,,https://www.liepin.com/job/1979026339.shtml,20251209164220,,,,
154157,猎聘,能源/化工/环保,化学,国际高中IGCSE/A-Level化学双语教师,企业职位,温州森马协和国际学校,100-499人,,武汉,温州-瓯海区,本科,3-5年,12-25k,,,,https://www.liepin.com/job/1962283059.shtml,20260413110349,,,,
154158,猎聘,能源/化工/环保,化学,CMP PE/化学机械抛光工艺工程师(J10176),企业职位,芯联集成电路制造股份有限公司,2000-5000人,,武汉,绍兴-越城区,本科,2年以上,10-20k,,,,https://www.liepin.com/job/1979022423.shtml,20251209154119,,,,
154159,猎聘,能源/化工/环保,化学,采购专员（化学方向）,企业职位,河南逸祥卫生科技有限公司,2000-5000人,,武汉,杭州-滨江区,本科,3-5年,6-9k,,,,https://www.liepin.com/job/1983177255.shtml,20260605094251,,,,
154160,猎聘,能源/化工/环保,化学,计量校准工程师（几何量/热工/力学/化学/电学/医疗）,企业职位,深检集团(浙江)质量技术服务有限公司,100-499人,,武汉,绍兴-越城区,硕士,1-3年,7-12k,,,,https://www.liepin.com/job/1978080173.shtml,20251117143321,,,,
154161,猎聘,能源/化工/环保,化学,化学分析研究员,企业职位,浙江湃肽生物股份有限公司,100-499人,,武汉,杭州-钱塘区,统招本科,3-5年,6-13k·13薪,,,,https://www.liepin.com/job/1964667509.shtml,20260323162701,,,,
154162,猎聘,能源/化工/环保,化学,化学原料药销售,企业职位,安信医药,100-499人,,武汉,杭州-拱墅区,大专,1-3年,6-14k·13薪,,,,https://www.liepin.com/job/1965099815.shtml,20240507171619,,,,
154163,猎聘,能源/化工/环保,化学,化学检测销售经理,企业职位,广电计量检测集团股份有限公司,2000-5000人,,武汉,杭州-钱塘区,大专,3-5年,10-15k,,,,https://www.liepin.com/job/1947627819.shtml,20260409102944,,,,
154164,猎聘,能源/化工/环保,化学,化学分析员,企业职位,浙江洁华新材料股份有限公司,100-499人,,武汉,绍兴-上虞区,统招本科,1-3年,5-8k,,,,https://www.liepin.com/job/1978634289.shtml,20260105132003,,,,
154165,猎聘,能源/化工/环保,化学,分子生物学与蛋白质化学实验员,企业职位,拿因生物,1-49人,,武汉,杭州-余杭区,硕士,3-5年,15-18k·14薪,,,,https://www.liepin.com/job/1956071703.shtml,20231012150023,,,,
154166,猎聘,能源/化工/环保,化学,外贸业务员（化学、药学、生物）,企业职位,杭州维康科技有限公司,50-99人,,武汉,杭州-西湖区,统招本科,1年以上,8-15k,,,,https://www.liepin.com/job/1969677741.shtml,20260113102117,,,,
154167,猎聘,能源/化工/环保,化学,分子生物学与蛋白质化学实验员,企业职位,拿因生物,1-49人,,武汉,杭州-余杭区,硕士,3-5年,15-18k·14薪,,,,https://www.liepin.com/job/1956534775.shtml,20240111172527,,,,
154168,猎聘,能源/化工/环保,化学,工艺工程师（无机化学）,企业职位,宁波福至新材料有限公司,50-99人,,武汉,宁波-北仑区,硕士,经验不限,12-24k,,,,https://www.liepin.com/job/1981153783.shtml,20260327100452,,,,
154169,猎聘,能源/化工/环保,化学,专利代理人（电学、化学）,企业职位,深圳市世纪恒程知识产权代理事务所,500-999人,,武汉,杭州-滨江区,本科,5年以上,12-16k,,,,https://www.liepin.com/job/1978543125.shtml,20260409112853,,,,
154170,猎聘,能源/化工/环保,化学,化学研发工程师,企业职位,杭州三荣材保新材料科技有限公司,1-49人,,武汉,杭州-萧山区,硕士,3-5年,15-20k,,,,https://www.liepin.com/job/1981083217.shtml,20260319143529,,,,
154171,猎聘,能源/化工/环保,化学,化学合成高级研究员,企业职位,浙江科聚生物医药有限公司,50-99人,,武汉,杭州-钱塘区,本科,5-10年,13-22k,,,,https://www.liepin.com/job/1976047345.shtml,20250725165109,,,,
154172,猎聘,能源/化工/环保,化学,化学分析员,企业职位,杭州精构生物科技有限责任公司,50-99人,,武汉,杭州-钱塘区,本科,3-5年,6-8k,,,,https://www.liepin.com/job/1971844721.shtml,20250625151706,,,,
154173,猎聘,能源/化工/环保,化学,高中物理/化学/生物,企业职位,群芳教育,100-499人,,武汉,温州,本科,1-3年,12-24k,,,,https://www.liepin.com/job/1965158167.shtml,20250304113255,,,,
154174,猎聘,能源/化工/环保,化学,Alevel 生物/化学双语教师,企业职位,浙中阿德科特学校,100-499人,,武汉,金华-浦江县,硕士,3-5年,20-25k·13薪,,,,https://www.liepin.com/job/1946079021.shtml,20220518163610,,,,
154175,猎聘,能源/化工/环保,化学,国际学科老师(数学/物理/化学),企业职位,新东方教育科技集团有限公司,10000人以上,,武汉,温州-鹿城区,本科,经验不限,12-20k,,,,https://www.liepin.com/job/1973169489.shtml,20250317135912,,,,
154176,猎聘,能源/化工/环保,化学,化学计量校准工程师,企业职位,中测测试科技(杭州)有限公司,100-499人,,武汉,杭州-钱塘区,大专,1-3年,6-15k,,,,https://www.liepin.com/job/1969680313.shtml,20240912142726,,,,
154177,猎聘,能源/化工/环保,化学,A-level生物/化学教师(J10553),企业职位,雅力教育,100-499人,,武汉,金华-浦江县,统招本科,3-5年,10-30k,,,,https://www.liepin.com/job/1977426521.shtml,20250923134838,,,,
154178,猎聘,能源/化工/环保,化学,化学分析员,企业职位,江山富达化工股份有限公司,50-99人,,武汉,衢州-江山,中专/中技,3-5年,4-7k,,,,https://www.liepin.com/job/1978476227.shtml,20251120165455,,,,
154179,猎聘,能源/化工/环保,化学,文物保护研究员（化学）,企业职位,浙江励行文化科技有限公司,50-99人,,武汉,杭州-萧山区,硕士,1-3年,8-12k·15薪,,,,https://www.liepin.com/job/1937931237.shtml,20260112135234,,,,
154180,猎聘,能源/化工/环保,化学,化学助剂销售工程师,企业职位,陕西华润实业公司,,,武汉,杭州-上城区,大专,经验不限,10-15k,,,,https://www.liepin.com/job/1973188823.shtml,20250318180534,,,,
154181,猎聘,能源/化工/环保,化学,化学分析测试员,企业职位,科巢生物,100-499人,,武汉,杭州-余杭区,本科,经验不限,6-12k·14薪,,,,https://www.liepin.com/job/1944602299.shtml,20230222130738,,,,
154182,猎聘,能源/化工/环保,化学,学科老师（数学/物理/化学强基）,企业职位,浙江培尖科技有限公司,100-499人,,武汉,杭州-西湖区,本科,1-3年,20-40k,,,,https://www.liepin.com/job/1959001927.shtml,20230601095108,,,,
154183,猎聘,能源/化工/环保,化学,化学分析,企业职位,元颉新材料科技(浙江)有限公司,50-99人,,武汉,嘉兴-海宁,大专,1-3年,7-10k·13薪,,,,https://www.liepin.com/job/1968223089.shtml,20240709103101,,,,
154184,猎聘,能源/化工/环保,化学,化学工程师,企业职位,杭州锐毅新材料,1-49人,,武汉,杭州-余杭区,统招本科,经验不限,8-13k,,,,https://www.liepin.com/job/1944099137.shtml,20220617160536,,,,
154185,猎聘,能源/化工/环保,化学,化学工程师,企业职位,聚立生物医药科技(丽水)有限公司,1-49人,,武汉,丽水,本科,经验不限,10-15k·13薪,,,,https://www.liepin.com/job/1946174973.shtml,20220815110228,,,,
154186,猎聘,能源/化工/环保,化学,无机化学专业研发工程师,企业职位,四川丁丁文化传媒有限公司,5000-10000人,,武汉,湖州-安吉县,博士,经验不限,30-50k·20薪,,,,https://www.liepin.com/job/1930357831.shtml,20200729144833,,,,
154187,猎聘,能源/化工/环保,化学,化学工程清洗工程师,企业职位,杭州甘德企业管理咨询有限公司,1-49人,,武汉,杭州-上城区,学历不限,经验不限,4-5k,,,,https://www.liepin.com/job/1971684191.shtml,20241230153437,,,,
154188,猎聘,能源/化工/环保,化学,电化学工程师,企业职位,氢杉亿林(宁波)新能源科技有限公司,1-49人,,武汉,宁波-海曙区,硕士,1-3年,5-6k,,,,https://www.liepin.com/job/1937719431.shtml,20210819152904,,,,
154189,猎聘,能源/化工/环保,化学,研发部化学合成研究员,企业职位,杭州美博医药化工有限公司,1-49人,,武汉,杭州-临安区,本科,经验不限,6-10k,,,,https://www.liepin.com/job/1951995957.shtml,20220928093013,,,,
154190,猎聘,能源/化工/环保,化学,化学分析,企业职位,浙江新华新材料科技有限责任公司,100-499人,,武汉,衢州,中专/中技,经验不限,6-8k,,,,https://www.liepin.com/job/1960822345.shtml,20230914133714,,,,
154191,猎聘,能源/化工/环保,化学,负责教师资格考试和教师招聘考试学科专业笔试、面试课程的授课；专业：科学、物理、化学、信息技术、语文、历史、政治、数学、英语、幼儿（师范,企业职位,北京中公教育科技有限公司杭州分公司,5000-10000人,,武汉,杭州-拱墅区,本科,经验不限,7-10k,,,,https://www.liepin.com/job/1927765935.shtml,20200426093206,,,,
154192,猎聘,能源/化工/环保,化学,化学项目经理,企业职位,宁波微芯新材料科技有限公司,50-99人,,武汉,宁波,本科,经验不限,5-8k·13薪,,,,https://www.liepin.com/job/1953549701.shtml,20221102145419,,,,
154193,猎聘,能源/化工/环保,化学,化学分析班长,企业职位,浙江瑞亨电子材料有限公司,100-499人,,武汉,绍兴,本科,3-5年,7-9k·14薪,,,,https://www.liepin.com/job/1938657107.shtml,20221109110256,,,,
154194,猎聘,能源/化工/环保,化学,化学销售（驻地杭州）,企业职位,安耐吉化学,100-499人,,武汉,杭州-钱塘区,本科,经验不限,6-10k,,,,https://www.liepin.com/job/1966831297.shtml,20240510134254,,,,
154195,猎聘,能源/化工/环保,化学,化学分析,企业职位,萧山雅马哈乐器有限公司,500-999人,,武汉,杭州,大专,经验不限,4-6k·13薪,,,,https://www.liepin.com/job/1926902605.shtml,20200324104723,,,,
154196,猎聘,能源/化工/环保,化学,高中物理/化学/生物老师,企业职位,衢州市择成网络技术有限公司,50-99人,,武汉,衢州,本科,经验不限,6-8k,,,,https://www.liepin.com/job/1923996049.shtml,20210410094723,,,,
154197,猎聘,能源/化工/环保,化学,物理、化学检测员,企业职位,万邦德医药控股集团股份有限公司,1000-2000人,,武汉,台州-温岭,大专,1-3年,4-6k,,,,https://www.liepin.com/job/1955550357.shtml,20230127123114,,,,
154198,猎聘,能源/化工/环保,化学,化学实验员,企业职位,浙江华宝油墨有限公司,100-499人,,武汉,湖州-吴兴区,统招本科,经验不限,7-10k,,,,https://www.liepin.com/job/1983292115.shtml,20260609164254,,,,
154199,猎聘,能源/化工/环保,化学,化学工艺工程师,企业职位,联化昂健(浙江)医药股份有限公司,1000-2000人,,武汉,台州-临海,大专,3-5年,8-12k·15薪,,,,https://www.liepin.com/job/1983265353.shtml,20260609091051,,,,
154200,猎聘,能源/化工/环保,化学,化学气相沉积制程课经理（面议）,企业职位,某杭州大型电子/半导体/集成电路公司,500-999人,,武汉,杭州,本科,经验不限,30-60k,,,,https://www.liepin.com/a/76587437.shtml,20260609154619,,,,
154201,猎聘,能源/化工/环保,化学,化学分析员,企业职位,某杭州人工智能公司,1-49人,,武汉,杭州-余杭区,大专,1-3年,9-13k,,,,https://www.liepin.com/a/76553643.shtml,20260609090237,,,,
154202,猎聘,能源/化工/环保,化学,化学气相沉积制程课经理（CVD PE Manager）,企业职位,某杭州大型电子/半导体/集成电路公司,500-999人,,武汉,杭州,统招本科,10年以上,50-70k·14薪,,,,https://www.liepin.com/a/76515227.shtml,20260608112323,,,,
154203,猎聘,能源/化工/环保,化学,ADC化学总监,企业职位,某国内制药上市公司,100-499人,,武汉,杭州,学历不限,10年以上,50-80k,,,,https://www.liepin.com/a/75585729.shtml,20260512165056,,,,
154204,猎聘,能源/化工/环保,化学,化学分析员,企业职位,九洲药业,2000-5000人,,武汉,台州-临海,统招本科,1-3年,6-9k·13薪,,,,https://www.liepin.com/job/1983188677.shtml,20260605141219,,,,
154205,猎聘,能源/化工/环保,化学,ADC化学副总监-总监,企业职位,某国内制药公司,,,武汉,湖州,博士,3-5年,40-70k·14薪,,,,https://www.liepin.com/a/74101819.shtml,20260609084152,,,,
154206,猎聘,能源/化工/环保,化学,研发工程师 / 化学纤维,企业职位,某大型企业,1-49人,,武汉,金华,本科,10年以上,20-30k,,,,https://www.liepin.com/a/74605707.shtml,20260609152340,,,,
154207,猎聘,能源/化工/环保,化学,化学工程师,企业职位,某国内化工上市公司,100-499人,,武汉,衢州,博士,经验不限,27-30k,,,,https://www.liepin.com/a/73420487.shtml,20260316133442,,,,
154208,猎聘,能源/化工/环保,化学,ADC 化学（副）总监,企业职位,某国内制药上市公司,100-499人,,武汉,杭州-余杭区,硕士,5-10年,50-80k·14薪,,,,https://www.liepin.com/a/75436929.shtml,20260608233646,,,,
154209,猎聘,能源/化工/环保,化学,药学、化学、生物学、工程学等相关专业博士,企业职位,浙江大学台州研究院,100-499人,,武汉,台州-椒江区,博士,经验不限,25-30k,,,,https://www.liepin.com/job/1966688641.shtml,20260601112652,,,,
154210,猎聘,能源/化工/环保,化学,化学分析员,企业职位,杭州西子芯连科技有限公司,1-49人,,武汉,绍兴-柯桥区,博士,经验不限,50-60k,,,,https://www.liepin.com/job/1980032255.shtml,20260129133227,,,,
154211,猎聘,能源/化工/环保,化学,化学气相沉积设备工程师/CVD EE(J10153),企业职位,芯联集成电路制造股份有限公司,2000-5000人,,武汉,绍兴-越城区,统招本科,1-3年,8-15k,,,,https://www.liepin.com/job/1950784537.shtml,20251225164956,,,,
154212,猎聘,能源/化工/环保,化学,Alevel 双语物理 经济 数学 化学  艺术老师 (MJ000023),企业职位,荣怀集团有限公司,2000-5000人,,武汉,绍兴-诸暨,统招本科,经验不限,12-24k,,,,https://www.liepin.com/job/1973881531.shtml,20250416152020,,,,
154213,猎聘,能源/化工/环保,化学,家居用品及化学材料检测销售代表,企业职位,深检集团(浙江)质量技术服务有限公司,100-499人,,武汉,绍兴-越城区,大专,1年以上,6-12k·14薪,,,,https://www.liepin.com/job/1972993045.shtml,20260213090025,,,,
154214,猎聘,能源/化工/环保,化学,材料研究院院长,猎头职位,某知名新能源公司,100-499人,,武汉,杭州,硕士,10年以上,70-100k,,,,https://www.liepin.com/a/74130219.shtml,20260601172603,,,,
154215,猎聘,能源/化工/环保,化学,电极材料研发工程师,猎头职位,某知名公司,1000-2000人,,武汉,杭州-上城区,学历不限,3-5年,25-35k·14薪,,,,https://www.liepin.com/a/74231401.shtml,20260601104219,,,,
154216,猎聘,能源/化工/环保,化学,材料研发工程师（胶黏剂类）,猎头职位,某杭州新材料公司,50-99人,,武汉,杭州,统招本科,3年以上,12-20k·13薪,,,,https://www.liepin.com/a/75389261.shtml,20260606084913,,,,
154217,猎聘,能源/化工/环保,化学,质量总监,猎头职位,某国内大型新能源公司,10000人以上,,武汉,湖州,本科,5-10年,60-80k,,,,https://www.liepin.com/a/74833071.shtml,20260609112337,,,,
154218,猎聘,能源/化工/环保,化学,电极材料研发工程师,猎头职位,某杭州新能源公司,50-99人,,武汉,杭州,硕士,5-10年,20-25k,,,,https://www.liepin.com/a/73845637.shtml,20260609195217,,,,
154219,猎聘,能源/化工/环保,化学,金属材料工程师（表面处理）,猎头职位,某杭州医疗器械上市公司,500-999人,,武汉,杭州,硕士,5-10年,15-25k,,,,https://www.liepin.com/a/76031687.shtml,20260525173454,,,,
154220,猎聘,能源/化工/环保,化学,质谱研发工程师,猎头职位,某生物科技公司,100-499人,,武汉,杭州,硕士,3-5年,20-25k,,,,https://www.liepin.com/a/76219785.shtml,20260529181350,,,,
154221,猎聘,能源/化工/环保,化学,Project Manager （项目经理）,猎头职位,某国内制药上市公司,5000-10000人,,武汉,金华-东阳,学历不限,1-3年,15-30k·15薪,,,,https://www.liepin.com/a/75956243.shtml,20260601094647,,,,
154222,猎聘,能源/化工/环保,化学,高级研发工程师,猎头职位,某杭州医疗器械公司,1-49人,,武汉,杭州,硕士,5-10年,20-30k·18薪,,,,https://www.liepin.com/a/74669041.shtml,20260521194936,,,,
154223,猎聘,能源/化工/环保,化学,结晶首席科学家,猎头职位,某制药上市公司,5000-10000人,,武汉,杭州,博士,10年以上,70-90k·14薪,,,,https://www.liepin.com/a/75762371.shtml,20260609091227,,,,
154224,猎聘,能源/化工/环保,化学,电池科学家，博士后,猎头职位,某杭州新能源公司,50-99人,,武汉,杭州,博士,经验不限,50-80k,,,,https://www.liepin.com/a/76118055.shtml,20260527151323,,,,
154225,猎聘,能源/化工/环保,化学,有机合成研究员,猎头职位,某国内制药公司,1000-2000人,,武汉,台州,本科,经验不限,12-18k,,,,https://www.liepin.com/a/76115381.shtml,20260527144439,,,,
154226,猎聘,能源/化工/环保,化学,抛光液研发工程师,猎头职位,某国内学术/科研公司,50-99人,,武汉,衢州,大专,3-5年,15-30k,,,,https://www.liepin.com/a/75570641.shtml,20260512141818,,,,
154227,猎聘,能源/化工/环保,化学,高分子材料研发工程师,猎头职位,某国内化工公司,100-499人,,武汉,嘉兴-嘉善县,博士,经验不限,20-30k·16薪,,,,https://www.liepin.com/a/76383109.shtml,20260603185918,,,,
154228,猎聘,能源/化工/环保,化学,连续流转化工艺研究员,猎头职位,某大型知名制药公司,500-999人,,武汉,绍兴,学历不限,3-5年,20-40k,,,,https://www.liepin.com/a/75642323.shtml,20260609101047,,,,
154229,猎聘,能源/化工/环保,化学,材料研发工程师,猎头职位,宁波知名外资汽配行业,100-499人,,武汉,宁波,统招本科,1-3年,13-22k·15薪,,,,https://www.liepin.com/a/75410097.shtml,20260609083155,,,,
154230,猎聘,能源/化工/环保,化学,胶粘剂研发工程师,猎头职位,某杭州新材料公司,50-99人,,武汉,杭州,大专,3年以上,15-25k·13薪,,,,https://www.liepin.com/a/76055553.shtml,20260526112819,,,,
154231,猎聘,能源/化工/环保,化学,多肽研发主任/高级主任/总监/高级总监,猎头职位,某杭州大型制药公司,500-999人,,武汉,杭州-余杭区,硕士,经验不限,35-60k,,,,https://www.liepin.com/a/75937701.shtml,20260522095300,,,,
154232,猎聘,能源/化工/环保,化学,钠离子产品研发,猎头职位,某杭州整车制造上市公司,10000人以上,,武汉,宁波-慈溪,学历不限,3-5年,22-30k,,,,https://www.liepin.com/a/75283675.shtml,20260506112857,,,,
154233,猎聘,能源/化工/环保,化学,EHS主管,猎头职位,某世界500强化工上市公司,5000-10000人,,武汉,嘉兴,统招本科,5-10年,16-20k·16薪,,,,https://www.liepin.com/a/76240187.shtml,20260601093933,,,,
154234,猎聘,能源/化工/环保,化学,聚酰亚胺（PI/CPI）研发专家,猎头职位,某宁波化工上市公司,1000-2000人,,武汉,宁波,博士,3年以上,35-45k·13薪,,,,https://www.liepin.com/a/75227415.shtml,20260601135505,,,,
154235,猎聘,能源/化工/环保,化学,质量保证经理/总监,猎头职位,某北京制药上市公司,10000人以上,,武汉,杭州,本科,经验不限,45-75k,,,,https://www.liepin.com/a/76090767.shtml,20260527091004,,,,
154236,猎聘,能源/化工/环保,化学,国企研究总院-新材料工程师,猎头职位,某杭州政府/公共事业公司,100-499人,,武汉,杭州,硕士,5-10年,25-40k·14薪,,,,https://www.liepin.com/a/71987273.shtml,20260609132908,,,,
154237,猎聘,能源/化工/环保,化学,实验室工程师,猎头职位,某宁波大型机械/设备公司,1000-2000人,,武汉,宁波-镇海区,统招本科,3-5年,15-20k,,,,https://www.liepin.com/a/76191011.shtml,20260529095701,,,,
154238,猎聘,能源/化工/环保,化学,胶粘剂研发工程师,猎头职位,某杭州新材料公司,50-99人,,武汉,杭州-临平区,统招本科,3年以上,16-25k,,,,https://www.liepin.com/a/74705679.shtml,20260525141651,,,,
154239,猎聘,能源/化工/环保,化学,电池研发科学家（联合培养博士后）,猎头职位,某杭州新能源公司,50-99人,,武汉,杭州,博士,经验不限,50-55k,,,,https://www.liepin.com/a/76337565.shtml,20260602224931,,,,
154240,猎聘,能源/化工/环保,化学,自免试剂研发工程师,猎头职位,某宁波医疗器械上市公司,2000-5000人,,武汉,宁波,硕士,经验不限,15-25k,,,,https://www.liepin.com/a/76176199.shtml,20260604090303,,,,
154241,猎聘,能源/化工/环保,化学,J合成工艺经理,猎头职位,某国内制药上市公司,2000-5000人,,武汉,嘉兴-桐乡,硕士,5-10年,20-35k·14薪,,,,https://www.liepin.com/a/76192727.shtml,20260609073828,,,,
154242,猎聘,能源/化工/环保,化学,无机纳米材料项目负责人,猎头职位,某知名公司,500-999人,,武汉,杭州-钱塘区,硕士,3-5年,20-40k,,,,https://www.liepin.com/a/75444143.shtml,20260511141202,,,,
154243,猎聘,能源/化工/环保,化学,高分子材料研发工程师（薄膜方向）,猎头职位,某上海化工公司,1-49人,,武汉,嘉兴,硕士,经验不限,20-30k,,,,https://www.liepin.com/a/76128547.shtml,20260609102721,,,,
154244,猎聘,能源/化工/环保,化学,研发工程师（电解水制氢AEM研发）,猎头职位,某杭州新能源公司,50-99人,,武汉,杭州,博士,3-5年,30-35k·15薪,,,,https://www.liepin.com/a/73037243.shtml,20260513164241,,,,
154245,猎聘,能源/化工/环保,化学,阳极氧化主管,猎头职位,某国内机械/设备上市公司,1000-2000人,,武汉,衢州,大专,5-10年,15-22k·13薪,,,,https://www.liepin.com/a/76353135.shtml,20260609085637,,,,
154246,猎聘,能源/化工/环保,化学,工程师,猎头职位,某国内知名公司,5000-10000人,,武汉,杭州,硕士,5-10年,23-35k·15薪,,,,https://www.liepin.com/a/74668333.shtml,20260601180807,,,,
154247,猎聘,能源/化工/环保,化学,医药研发总监,猎头职位,药企二,2000-5000人,,武汉,杭州,博士,10年以上,40-50k·16薪,,,,https://www.liepin.com/a/75888585.shtml,20260608082803,,,,
154248,猎聘,能源/化工/环保,化学,抛光液研发工程师（氧化硅、五险一金实缴、双休）,猎头职位,某国内学术/科研公司,50-99人,,武汉,衢州,硕士,1-3年,15-30k,,,,https://www.liepin.com/a/76287757.shtml,20260602091652,,,,
154249,猎聘,能源/化工/环保,化学,胶黏剂研发工程师,猎头职位,某杭州新材料公司,50-99人,,武汉,杭州-临平区,统招本科,3-5年,16-26k,,,,https://www.liepin.com/a/76040909.shtml,20260526090121,,,,
154250,猎聘,能源/化工/环保,化学,合成生物研发负责人,猎头职位,某国内制药公司,1-49人,,武汉,杭州-萧山区,硕士,8年以上,30-50k,,,,https://www.liepin.com/a/75685965.shtml,20260609142243,,,,
154251,猎聘,能源/化工/环保,化学,小核酸研发,猎头职位,某杭州制药公司,100-499人,,武汉,杭州,硕士,3-5年,15-20k,,,,https://www.liepin.com/a/75545619.shtml,20260512082920,,,,
154252,猎聘,能源/化工/环保,化学,合成研究员（职级可以谈到总监）,猎头职位,某国内制药上市公司,500-999人,,武汉,台州,博士,5-10年,30-35k,,,,https://www.liepin.com/a/75841583.shtml,20260608115156,,,,
154253,猎聘,能源/化工/环保,化学,半导体工艺工程师,猎头职位,某国内化工公司,100-499人,,武汉,衢州-柯城区,博士,经验不限,25-40k,,,,https://www.liepin.com/a/74901087.shtml,20260609090635,,,,
154254,猎聘,能源/化工/环保,化学,新品质量高级经理,猎头职位,某大型日化公司,500-999人,,武汉,杭州,本科,5-10年,25-40k·14薪,,,,https://www.liepin.com/a/76334771.shtml,20260609191113,,,,
154255,猎聘,能源/化工/环保,化学,IVD-自免试剂研发工程师（宁波）,猎头职位,某宁波医疗器械上市公司,2000-5000人,,武汉,宁波,硕士,经验不限,20-35k,,,,https://www.liepin.com/a/76168209.shtml,20260528152434,,,,
154256,猎聘,能源/化工/环保,化学,小核酸药物高级研究员,猎头职位,某制药公司,100-499人,,武汉,杭州,硕士,10年以上,30-50k·14薪,,,,https://www.liepin.com/a/72767983.shtml,20260604172314,,,,
154257,猎聘,能源/化工/环保,化学,质量管理经理,猎头职位,某大型日化公司,500-999人,,武汉,杭州-滨江区,统招本科,经验不限,40-55k,,,,https://www.liepin.com/a/76360893.shtml,20260608110436,,,,
154258,猎聘,能源/化工/环保,化学,浸没式冷却液技术员,猎头职位,某国内机械/设备上市公司,100-499人,,武汉,嘉兴,大专,经验不限,35-45k,,,,https://www.liepin.com/a/76277425.shtml,20260601174019,,,,
154259,猎聘,能源/化工/环保,化学,材料研发工程师,猎头职位,某智能硬件/消费电子公司,100-499人,,武汉,杭州,硕士,1年以上,15-25k,,,,https://www.liepin.com/a/73713335.shtml,20260609083747,,,,
154260,猎聘,能源/化工/环保,化学,寡核苷酸研发（职级可以谈部门负责人，合成，分析，纯化都需要）,猎头职位,某国内制药上市公司,500-999人,,武汉,台州,本科,1年以上,30-45k·17薪,,,,https://www.liepin.com/a/74743513.shtml,20260608115156,,,,
154261,猎聘,能源/化工/环保,化学,合技术经理（放大）,猎头职位,某国内制药上市公司,5000-10000人,,武汉,台州-临海,本科,5-10年,20-22k·14薪,,,,https://www.liepin.com/a/76426569.shtml,20260608173915,,,,
154262,猎聘,能源/化工/环保,化学,电芯工艺资深工程师（义乌）,猎头职位,某深圳大型新能源公司,10000人以上,,武汉,金华-义乌,统招本科,8年以上,20-35k·14薪,,,,https://www.liepin.com/a/76216177.shtml,20260609104852,,,,
154263,猎聘,能源/化工/环保,化学,胶黏剂研发工程师,猎头职位,某杭州新材料公司,50-99人,,武汉,杭州-临平区,本科,3-5年,12-20k·13薪,,,,https://www.liepin.com/a/74722251.shtml,20260525143726,,,,
154264,猎聘,能源/化工/环保,化学,电池技术研究院院长,猎头职位,某国内新能源上市公司,10000人以上,,武汉,湖州-长兴县,统招本科,10年以上,90-120k·15薪,,,,https://www.liepin.com/a/75390587.shtml,20260603101145,,,,
154265,猎聘,能源/化工/环保,化学,护肤品研发工程师（护肤功效）,猎头职位,某杭州知名公司,100-499人,,武汉,杭州-临平区,学历不限,5年以上,20-40k·13薪,,,,https://www.liepin.com/a/75400733.shtml,20260603175509,,,,
154266,猎聘,能源/化工/环保,化学,新型材料研究院院长,猎头职位,某国内新能源上市公司,10000人以上,,武汉,湖州-长兴县,硕士,10年以上,90-120k·15薪,,,,https://www.liepin.com/a/75391753.shtml,20260603101145,,,,
154267,猎聘,能源/化工/环保,化学,材料研发工程师（配方开发）,猎头职位,某知名智能硬件/消费电子公司,100-499人,,武汉,杭州,本科,经验不限,15-25k·14薪,,,,https://www.liepin.com/a/76202573.shtml,20260529134135,,,,
154268,猎聘,能源/化工/环保,化学,传感器高级工程师,猎头职位,某杭州科技推广服务公司,1-49人,,武汉,杭州-余杭区,本科,5-10年,20-35k,,,,https://www.liepin.com/a/75770103.shtml,20260518141432,,,,
154269,猎聘,能源/化工/环保,化学,质谱试剂研发工程师,猎头职位,杭州某医学检验公司,100-499人,,武汉,杭州,博士,5-10年,25-35k,,,,https://www.liepin.com/a/75194559.shtml,20260601111603,,,,
154270,猎聘,能源/化工/环保,化学,金属材料工程师（表面处理）,猎头职位,某杭州知名医疗器械公司,500-999人,,武汉,杭州,统招本科,2年以上,15-25k·15薪,,,,https://www.liepin.com/a/76130745.shtml,20260527175225,,,,
154271,猎聘,能源/化工/环保,化学,制剂工艺开发经理,猎头职位,某制药公司,50-99人,,武汉,杭州,统招本科,5-10年,20-30k·14薪,,,,https://www.liepin.com/a/75210785.shtml,20260430091312,,,,
154272,猎聘,能源/化工/环保,化学,集团董事长助理,猎头职位,某国内知名公司,2000-5000人,,武汉,台州,博士,1-3年,35-55k,,,,https://www.liepin.com/a/75641989.shtml,20260513180046,,,,
154273,猎聘,能源/化工/环保,化学,合成总监,猎头职位,某国内制药上市公司,500-999人,,武汉,台州,硕士,5-10年,20-40k,,,,https://www.liepin.com/a/75885065.shtml,20260609093747,,,,
154274,猎聘,能源/化工/环保,化学,中间体合成经理,猎头职位,某国内制药公司,1000-2000人,,武汉,嘉兴,硕士,5年以上,20-35k·13薪,,,,https://www.liepin.com/a/75265419.shtml,20260512185611,,,,
154275,猎聘,能源/化工/环保,化学,质量总监,猎头职位,某国内新能源上市公司,10000人以上,,武汉,湖州-长兴县,统招本科,10年以上,40-50k·15薪,,,,https://www.liepin.com/a/75173381.shtml,20260603101145,,,,
154276,猎聘,能源/化工/环保,化学,有机颜料工程师,猎头职位,某杭州化工上市公司,5000-10000人,,武汉,衢州,学历不限,经验不限,10-15k,,,,https://www.liepin.com/a/75198061.shtml,20260602093004,,,,
154277,猎聘,能源/化工/环保,化学,蛋白纯化主管,猎头职位,某杭州生物技术公司,100-499人,,武汉,杭州,本科,5年以上,20-35k,,,,https://www.liepin.com/a/76431583.shtml,20260608093631,,,,
154278,猎聘,能源/化工/环保,化学,多肽技术员,猎头职位,某国内制药上市公司,5000-10000人,,武汉,金华,学历不限,3-5年,12-20k,,,,https://www.liepin.com/a/74845733.shtml,20260523142059,,,,
154279,猎聘,能源/化工/环保,化学,多肽研究员,猎头职位,某南京制药上市公司,1000-2000人,,武汉,杭州,统招本科,1-3年,13-18k·14薪,,,,https://www.liepin.com/a/75158535.shtml,20260428171614,,,,
154280,猎聘,能源/化工/环保,化学,新药CMC负责人,猎头职位,角逐者猎头,100-499人,,武汉,杭州,硕士,10年以上,50-80k·14薪,,,,https://www.liepin.com/a/76094479.shtml,20260527095113,,,,
154281,猎聘,能源/化工/环保,化学,多肽工艺主任研究员,猎头职位,某杭州制药公司,100-499人,,武汉,杭州,硕士,5-10年,20-40k·14薪,,,,https://www.liepin.com/a/75154779.shtml,20260520135510,,,,
154282,猎聘,能源/化工/环保,化学,研发工程师（电解水制气AEM方向）,猎头职位,某杭州新能源公司,50-99人,,武汉,杭州-萧山区,博士,3-5年,30-35k,,,,https://www.liepin.com/a/75675907.shtml,20260609140454,,,,
154283,猎聘,能源/化工/环保,化学,博士人才（多名）,猎头职位,宁波市某人力资源服务有限公司,50-99人,,武汉,宁波,博士,经验不限,40-65k,,,,https://www.liepin.com/a/76174599.shtml,20260609141446,,,,
154284,猎聘,能源/化工/环保,化学,【有编制】浙江人才引进计划,猎头职位,某国内知名公司,100-499人,,武汉,金华,博士,经验不限,20-25k,,,,https://www.liepin.com/a/72359977.shtml,20260609085734,,,,
154285,猎聘,能源/化工/环保,化学,抛光液研发工程师,猎头职位,某国内学术/科研公司,50-99人,,武汉,衢州,统招本科,5-10年,12-20k·14薪,,,,https://www.liepin.com/a/75562057.shtml,20260522171341,,,,
154286,猎聘,能源/化工/环保,化学,浸没式冷却液技术员,猎头职位,某国内机械/设备上市公司,100-499人,,武汉,嘉兴,大专,经验不限,20-30k,,,,https://www.liepin.com/a/76265051.shtml,20260601151850,,,,
154287,猎聘,能源/化工/环保,化学,PQM质量管理工程师,猎头职位,某国内大型新能源公司,10000人以上,,武汉,杭州,统招本科,3-5年,15-25k·18薪,,,,https://www.liepin.com/a/76366711.shtml,20260603151029,,,,
154288,猎聘,能源/化工/环保,化学,研发负责人 （培养基配方开发方向）,猎头职位,某杭州制药公司,,,武汉,杭州,本科,5-10年,20-35k,,,,https://www.liepin.com/a/73242557.shtml,20260609101827,,,,
154289,猎聘,能源/化工/环保,化学,医药研发总监,猎头职位,某生物医药公司,100-499人,,武汉,杭州,博士,5-10年,70-90k,,,,https://www.liepin.com/a/73619031.shtml,20260608184926,,,,
154290,猎聘,能源/化工/环保,化学,ADC合成高级工程师,猎头职位,某知名制药上市公司,5000-10000人,,武汉,杭州,硕士,3-5年,30-50k,,,,https://www.liepin.com/a/75814601.shtml,20260608165742,,,,
154291,猎聘,能源/化工/环保,化学,材料研发经理（生产经理）,猎头职位,某国内新材料公司,1-49人,,武汉,湖州,本科,经验不限,15-30k,,,,https://www.liepin.com/a/75770293.shtml,20260518141621,,,,
154292,猎聘,能源/化工/环保,化学,电解液研发工程师,猎头职位,某杭州新能源公司,50-99人,,武汉,杭州,博士,5-10年,20-25k,,,,https://www.liepin.com/a/73845547.shtml,20260609195217,,,,
154293,猎聘,能源/化工/环保,化学,固态电池研发,猎头职位,某知名公司,2000-5000人,,武汉,杭州,博士,经验不限,50-80k,,,,https://www.liepin.com/a/75730961.shtml,20260515205127,,,,
154294,猎聘,能源/化工/环保,化学,纯化工程师,猎头职位,某国内化工公司,100-499人,,武汉,衢州-柯城区,博士,经验不限,25-40k,,,,https://www.liepin.com/a/74901393.shtml,20260609090635,,,,
154295,猎聘,能源/化工/环保,化学,蛋白纯化主管,猎头职位,某杭州生物技术公司,100-499人,,武汉,杭州,硕士,10年以上,20-35k,,,,https://www.liepin.com/a/76428811.shtml,20260604175807,,,,
154296,猎聘,能源/化工/环保,化学,药化总监,猎头职位,某上海制药公司,500-999人,,武汉,杭州,博士,5-10年,45-70k,,,,https://www.liepin.com/a/75134325.shtml,20260603174809,,,,
154297,猎聘,能源/化工/环保,化学,中间体合成总监,猎头职位,某国内制药上市公司,100-499人,,武汉,嘉兴-嘉善县,博士,10年以上,75-95k,,,,https://www.liepin.com/a/74681249.shtml,20260527093100,,,,
154298,猎聘,能源/化工/环保,化学,分析主管（职级可谈）,猎头职位,某国内制药上市公司,500-999人,,武汉,台州,本科,3-5年,18-23k,,,,https://www.liepin.com/a/76120497.shtml,20260608115156,,,,
154299,猎聘,能源/化工/环保,化学,电池技术研究院院长,猎头职位,某知名新能源公司,100-499人,,武汉,杭州,统招本科,10年以上,80-100k,,,,https://www.liepin.com/a/74129899.shtml,20260601172603,,,,
154300,猎聘,能源/化工/环保,化学,研发总工程师（大储方向）,猎头职位,某杭州大型汽车零部件及配件公司,5000-10000人,,武汉,宁波,硕士,3-5年,100-150k·16薪,,,,https://www.liepin.com/a/75458241.shtml,20260602181211,,,,
154301,猎聘,能源/化工/环保,化学,合成研究院副院长,猎头职位,某国内制药上市公司,2000-5000人,,武汉,杭州,博士,10年以上,40-70k,,,,https://www.liepin.com/a/75488099.shtml,20260528195149,,,,
154302,猎聘,能源/化工/环保,化学,技术/研发总监,猎头职位,某国内环保公司,1-49人,,武汉,绍兴,博士,3年以上,50-80k·14薪,,,,https://www.liepin.com/a/76418543.shtml,20260604154545,,,,
154303,猎聘,能源/化工/环保,化学,自免试剂研发工程师       ,猎头职位,某宁波医疗器械上市公司,2000-5000人,,武汉,宁波,统招本科,2-10年,15-22k·13薪,,,,https://www.liepin.com/a/76268675.shtml,20260601155719,,,,
154304,猎聘,能源/化工/环保,化学, 药化总监,猎头职位,某杭州医疗健康公司,50-99人,,武汉,杭州,博士,5-10年,29-50k,,,,https://www.liepin.com/a/75994037.shtml,20260603142934,,,,
154305,猎聘,能源/化工/环保,化学,高级研发工程师（项目经理）,猎头职位,某国内新材料公司,100-499人,,武汉,绍兴,硕士,5-10年,15-30k·13薪,,,,https://www.liepin.com/a/75915925.shtml,20260609083708,,,,
154306,猎聘,能源/化工/环保,化学, 药化总监,猎头职位,某杭州医疗健康公司,50-99人,,武汉,杭州,博士,3-5年,400-500k,,,,https://www.liepin.com/a/75747739.shtml,20260603141704,,,,
154307,猎聘,能源/化工/环保,化学,小核酸事业部负责人/寡核苷酸商务研发生产副总裁,猎头职位,某杭州大型制药公司,500-999人,,武汉,杭州,博士,10年以上,55-80k,,,,https://www.liepin.com/a/75691249.shtml,20260514185648,,,,
154308,猎聘,能源/化工/环保,化学,抛光液研发工程师,猎头职位,某国内学术/科研公司,50-99人,,武汉,衢州,硕士,3-5年,15-25k,,,,https://www.liepin.com/a/75468945.shtml,20260522162514,,,,
154309,猎聘,能源/化工/环保,化学,偏农科方向的生物学科博士,猎头职位,某上海其他商务服务业公司,1-49人,,武汉,杭州,博士,经验不限,30-35k,,,,https://www.liepin.com/a/75783679.shtml,20260518163543,,,,
154310,猎聘,能源/化工/环保,化学,胶黏剂研发工程师（热熔胶及胶带）,猎头职位,某杭州新材料公司,50-99人,,武汉,杭州,学历不限,3-5年,12-20k·15薪,,,,https://www.liepin.com/a/76109031.shtml,20260527132832,,,,
154311,猎聘,能源/化工/环保,化学,寡核苷酸研发生产商业化VP,猎头职位,某杭州制药上市公司,1-49人,,武汉,杭州,博士,10年以上,100-130k·15薪,,,,https://www.liepin.com/a/75007231.shtml,20260603085206,,,,
154312,猎聘,能源/化工/环保,化学,自免试剂研发工程师,猎头职位,某宁波医疗器械上市公司,2000-5000人,,武汉,宁波,硕士,5-10年,25-35k,,,,https://www.liepin.com/a/76317235.shtml,20260602155449,,,,
154313,猎聘,能源/化工/环保,化学,合成生物研发负责人,猎头职位,某国内制药公司,1-49人,,武汉,杭州-萧山区,硕士,5-10年,30-45k,,,,https://www.liepin.com/a/75693533.shtml,20260609173803,,,,
154314,猎聘,能源/化工/环保,化学,抛光液研发工程师,猎头职位,某国内学术/科研公司,50-99人,,武汉,衢州,本科,3-5年,15-25k,,,,https://www.liepin.com/a/75472707.shtml,20260509165900,,,,
154315,猎聘,能源/化工/环保,化学,电诱导解凝胶工艺工程师,猎头职位,某国内化工公司,,,武汉,温州,硕士,3-5年,15-20k,,,,https://www.liepin.com/a/75695843.shtml,20260603130513,,,,
154316,猎聘,能源/化工/环保,化学,固态电池研发（电芯/材料）,猎头职位,某杭州整车制造上市公司,10000人以上,,武汉,宁波,硕士,5-10年,60-90k,,,,https://www.liepin.com/a/75347129.shtml,20260608102327,,,,
154317,猎聘,能源/化工/环保,化学,博士后,猎头职位,某宁波化工上市公司,1000-2000人,,武汉,宁波-江北区,博士,1年以下,20-30k,,,,https://www.liepin.com/a/75926387.shtml,20260525112929,,,,
154318,猎聘,能源/化工/环保,化学,合成博士,猎头职位,某国内制药上市公司,5000-10000人,,武汉,杭州,硕士,5-10年,25-50k,,,,https://www.liepin.com/a/76329239.shtml,20260602172746,,,,
154319,猎聘,能源/化工/环保,化学,电池技术研究院院长,猎头职位,某国内新能源上市公司,10000人以上,,武汉,湖州,统招本科,10年以上,150-200k,,,,https://www.liepin.com/a/75294453.shtml,20260609094734,,,,
154320,猎聘,能源/化工/环保,化学,有机合成研究员,猎头职位,浙江某知名药业有限公司,500-999人,,武汉,台州-仙居县,硕士,3-5年,12-24k,,,,https://www.liepin.com/a/76115503.shtml,20260604100750,,,,
154321,猎聘,能源/化工/环保,化学,蛋白纯化主管,猎头职位,某知名生物技术公司,100-499人,,武汉,杭州,统招本科,5年以上,20-30k,,,,https://www.liepin.com/a/76425599.shtml,20260604171114,,,,
154322,猎聘,能源/化工/环保,化学,环保实验室经理,猎头职位,某国内化工公司,5000-10000人,,武汉,台州,本科,10年以上,20-30k,,,,https://www.liepin.com/a/72714435.shtml,20260513080402,,,,
154323,猎聘,能源/化工/环保,化学,质谱研发工程师,猎头职位,某杭州医疗器械公司,100-499人,,武汉,杭州,博士,3-5年,18-25k,,,,https://www.liepin.com/a/76363957.shtml,20260603144042,,,,
154324,猎聘,能源/化工/环保,化学,PUR高级工程师,猎头职位,某国内贸易进出口公司,100-499人,,武汉,湖州,博士,经验不限,25-30k·15薪,,,,https://www.liepin.com/a/76186365.shtml,20260529081627,,,,
154325,猎聘,能源/化工/环保,化学,电气自动化工程师,猎头职位,某国内金属制品公司,50-99人,,武汉,宁波-余姚,本科,经验不限,18-20k,,,,https://www.liepin.com/a/75727457.shtml,20260515174807,,,,
154326,猎聘,能源/化工/环保,化学,自免试剂研发工程师,猎头职位,某大型知名医疗器械公司,2000-5000人,,武汉,宁波,硕士,5-10年,15-30k,,,,https://www.liepin.com/a/76210501.shtml,20260609211907,,,,
154327,猎聘,能源/化工/环保,化学,高级研发工程师（口腔治疗/护理产品）,猎头职位,某宁波医疗器械公司,50-99人,,武汉,宁波-奉化区,本科,3年以上,12-20k,,,,https://www.liepin.com/a/76156765.shtml,20260528120915,,,,
154328,猎聘,能源/化工/环保,化学,AI4S算法科学家,猎头职位,某杭州专业技术服务公司,1-49人,,武汉,杭州-滨江区,博士,经验不限,35-65k·17薪,,,,https://www.liepin.com/a/75446171.shtml,20260509101926,,,,
154329,猎聘,能源/化工/环保,化学,PCB电镀专家（博士）,猎头职位,某国内化工公司,100-499人,,武汉,衢州,博士,5年以上,40-60k·13薪,,,,https://www.liepin.com/a/75002649.shtml,20260526221030,,,,
154330,猎聘,能源/化工/环保,化学,总经理助理,猎头职位,某国内制药公司,1-49人,,武汉,杭州,硕士,3-5年,25-30k,,,,https://www.liepin.com/a/75451437.shtml,20260609142243,,,,
154331,猎聘,能源/化工/环保,化学,自免试剂研发工程师,猎头职位,某宁波医疗器械上市公司,2000-5000人,,武汉,宁波,学历不限,3-5年,20-30k,,,,https://www.liepin.com/a/76368753.shtml,20260603153304,,,,
154332,猎聘,能源/化工/环保,化学,多肽纯化,猎头职位,某国内大型制药公司,2000-5000人,,武汉,杭州,硕士,5-10年,18-28k,,,,https://www.liepin.com/a/76277807.shtml,20260601174558,,,,
154333,猎聘,能源/化工/环保,化学,多肽高级研发工程师（职级可以谈）,猎头职位,某国内制药上市公司,500-999人,,武汉,台州,硕士,5-10年,25-35k,,,,https://www.liepin.com/a/74433083.shtml,20260608115156,,,,
154334,猎聘,能源/化工/环保,化学,胶黏剂工艺工程师,猎头职位,某国内机械/设备公司,100-499人,,武汉,温州-平阳县,学历不限,1-3年,12-20k,,,,https://www.liepin.com/a/75766235.shtml,20260609141517,,,,
154335,猎聘,能源/化工/环保,化学,高级研发工程师（特种硅油、硅橡胶方向）,猎头职位,某国内化工公司,,,武汉,绍兴,本科,3-5年,20-30k,,,,https://www.liepin.com/a/74198543.shtml,20260603090901,,,,
154336,猎聘,能源/化工/环保,化学,偶联研究员,猎头职位,某国内专业技术服务公司,50-99人,,武汉,绍兴-上虞区,硕士,1-3年,9-13k,,,,https://www.liepin.com/a/75816503.shtml,20260609161538,,,,
154337,猎聘,能源/化工/环保,化学,研发项目经理,猎头职位,某杭州人工智能上市公司,10000人以上,,武汉,杭州,学历不限,5-10年,25-40k,,,,https://www.liepin.com/a/76146623.shtml,20260609090133,,,,
154338,猎聘,能源/化工/环保,化学,EHS主管,猎头职位,某知名公司,50-99人,,武汉,杭州,大专,1-3年,19-23k,,,,https://www.liepin.com/a/75598661.shtml,20260513085806,,,,
154339,猎聘,能源/化工/环保,化学,安全体系/ERC工程师,猎头职位,某上海电子/半导体/集成电路公司,100-499人,,武汉,杭州,本科,3年以上,15-30k,,,,https://www.liepin.com/a/76133809.shtml,20260527191852,,,,
154340,猎聘,能源/化工/环保,化学,实验室技术员,猎头职位,某杭州专业技术服务公司,1-49人,,武汉,杭州,本科,1-3年,10-15k,,,,https://www.liepin.com/a/75844885.shtml,20260608091344,,,,
154341,猎聘,能源/化工/环保,化学,UV高级工程师,猎头职位,某国内贸易进出口公司,100-499人,,武汉,湖州,博士,经验不限,30-35k,,,,https://www.liepin.com/a/75762201.shtml,20260518113640,,,,
154342,猎聘,能源/化工/环保,化学,工艺技术员,猎头职位,某国内石化公司,100-499人,,武汉,衢州-柯城区,统招本科,1-3年,7-9k·13薪,,,,https://www.liepin.com/a/76222679.shtml,20260529222518,,,,
154343,猎聘,能源/化工/环保,化学,自免试剂研发工程师,猎头职位,某宁波医疗器械上市公司,2000-5000人,,武汉,宁波,硕士,1-3年,20-40k,,,,https://www.liepin.com/a/76321483.shtml,20260602155758,,,,
154344,猎聘,能源/化工/环保,化学,小核酸药物高级研究员,猎头职位,某北京人力资源服务上市公司,10000人以上,,武汉,杭州,博士,3年以上,60-70k,,,,https://www.liepin.com/a/76087635.shtml,20260526213432,,,,
154345,猎聘,能源/化工/环保,化学,上游生产经理/主管,猎头职位,某杭州制药上市公司,10000人以上,,武汉,杭州,统招本科,5-7年,17-23k·15薪,,,,https://www.liepin.com/a/76089669.shtml,20260609091503,,,,
154346,猎聘,能源/化工/环保,化学,工艺/制程工程师(PE),猎头职位,某杭州新能源公司,50-99人,,武汉,杭州,本科,5-10年,30-50k,,,,https://www.liepin.com/a/73845455.shtml,20260609195217,,,,
154347,猎聘,能源/化工/环保,化学,AI4S算法科学家,猎头职位,某杭州专业技术服务公司,1-49人,,武汉,杭州-滨江区,博士,1-3年,30-60k·17薪,,,,https://www.liepin.com/a/75468029.shtml,20260509155353,,,,
154348,猎聘,能源/化工/环保,化学,自动化工程师,猎头职位,某上海大型人力资源服务公司,500-999人,,武汉,台州,学历不限,5-10年,20-40k,,,,https://www.liepin.com/a/75668305.shtml,20260514133650,,,,
154349,猎聘,能源/化工/环保,化学,烫金胶黏剂研发员,猎头职位,某国内知名公司,100-499人,,武汉,台州,大专,5-10年,20-30k,,,,https://www.liepin.com/a/73934445.shtml,20260604150640,,,,
154350,猎聘,能源/化工/环保,化学,新药研发总监,猎头职位,某知名公司,50-99人,,武汉,温州,学历不限,10年以上,60-90k,,,,https://www.liepin.com/a/74173297.shtml,20260609101827,,,,
154351,猎聘,能源/化工/环保,化学,高活车间主任,猎头职位,某知名公司,5000-10000人,,武汉,绍兴,本科,5-10年,40-50k,,,,https://www.liepin.com/a/74419601.shtml,20260608093546,,,,
154352,猎聘,能源/化工/环保,化学,生物药药物分析负责人,猎头职位,某知名公司,50-99人,,武汉,杭州,博士,5-10年,40-50k·15薪,,,,https://www.liepin.com/a/73245363.shtml,20260609091227,,,,
154353,猎聘,能源/化工/环保,化学,杭州教师职位,猎头职位,某知名公司,100-499人,,武汉,杭州,本科,经验不限,15-30k·13薪,,,,https://www.liepin.com/a/74423989.shtml,20260519122138,,,,
154354,猎聘,能源/化工/环保,化学,水汽化值班工程师,猎头职位,某国内IT服务公司,100-499人,,武汉,嘉兴,大专,3-5年,20-40k·15薪,,,,https://www.liepin.com/a/75122985.shtml,20260525130610,,,,
154355,猎聘,能源/化工/环保,化学,金属材料工程师,猎头职位,某杭州医疗器械上市公司,500-999人,,武汉,杭州-滨江区,硕士,5-10年,15-25k·14薪,,,,https://www.liepin.com/a/76320109.shtml,20260602154452,,,,
154356,猎聘,能源/化工/环保,化学,护肤品研发工程师(功效产品配方研发),猎头职位,某国内知名医疗器械公司,50-99人,,武汉,杭州,学历不限,5-10年,20-30k,,,,https://www.liepin.com/a/75494615.shtml,20260511095206,,,,
154357,猎聘,能源/化工/环保,化学,研发经理（低温热熔胶膜）,猎头职位,某杭州机械/设备公司,100-499人,,武汉,杭州,本科,5-10年,20-40k,,,,https://www.liepin.com/a/76202657.shtml,20260602153505,,,,
154358,猎聘,能源/化工/环保,化学,生产总监（泰国）,猎头职位,某食品/饮料/酒水公司,100-499人,,武汉,杭州,统招本科,10年以上,30-50k·14薪,,,,https://www.liepin.com/a/74102149.shtml,20260609125209,,,,
154359,猎聘,能源/化工/环保,化学,工艺工程师,猎头职位,某知名公司,1-49人,,武汉,绍兴,大专,2年以上,10-15k·13薪,,,,https://www.liepin.com/a/76335105.shtml,20260602195402,,,,
154360,猎聘,能源/化工/环保,化学,中间体有机合成研究员（带项目组）,猎头职位,某国内制药上市公司,100-499人,,武汉,嘉兴,博士,3年以上,25-35k,,,,https://www.liepin.com/a/75261575.shtml,20260608202210,,,,
154361,猎聘,能源/化工/环保,化学,活性墨水研发工程师,猎头职位,某知名公司,50-99人,,武汉,杭州-萧山区,本科,1-3年,20-40k,,,,https://www.liepin.com/a/76196225.shtml,20260529110116,,,,
154362,猎聘,能源/化工/环保,化学,聚合工艺技术,猎头职位,某国内大型化工公司,10000人以上,,武汉,温州,学历不限,10年以上,40-60k·15薪,,,,https://www.liepin.com/a/74130519.shtml,20260608155659,,,,
154363,猎聘,能源/化工/环保,化学,QC工程师,猎头职位,某国内知名制药公司,500-999人,,武汉,绍兴-上虞区,本科,3年以上,10-15k·14薪,,,,https://www.liepin.com/a/74753773.shtml,20260609161538,,,,
154364,猎聘,能源/化工/环保,化学,供应链计划经理-杭州（医药行业）,猎头职位,某知名制药公司,100-499人,,武汉,杭州,统招本科,2年以上,15-20k,,,,https://www.liepin.com/a/75455253.shtml,20260609084743,,,,
154365,猎聘,能源/化工/环保,化学,代招-某具身智能机器人公司-动力电池系统工程师,猎头职位,某知名公司,100-499人,,武汉,杭州-西湖区,学历不限,经验不限,30-60k·14薪,,,,https://www.liepin.com/a/76051825.shtml,20260603161829,,,,
154366,猎聘,能源/化工/环保,化学,聚酰亚胺（PI/CPI）研发专家 / 高级科学家,猎头职位,某宁波石化上市公司,1000-2000人,,武汉,宁波,博士,3-5年,30-40k·13薪,,,,https://www.liepin.com/a/75225341.shtml,20260430141901,,,,
154367,猎聘,能源/化工/环保,化学,表面处理工程师,猎头职位,某国内其他制造业公司,50-99人,,武汉,嘉兴-海宁,本科,1-3年,15-20k·13薪,,,,https://www.liepin.com/a/74383117.shtml,20260507113548,,,,
154368,猎聘,能源/化工/环保,化学,医学经理（中药）,猎头职位,某杭州大型制药公司,1000-2000人,,武汉,杭州,硕士,1-3年,15-25k·13薪,,,,https://www.liepin.com/a/76321565.shtml,20260609091529,,,,
154369,猎聘,能源/化工/环保,化学,电气自动化工程师,猎头职位,某杭州学术/科研公司,,,武汉,台州-椒江区,本科,3-5年,15-20k,,,,https://www.liepin.com/a/75606387.shtml,20260513101142,,,,
154370,猎聘,能源/化工/环保,化学,焊接工艺工程师,猎头职位,某国内大型新能源公司,5000-10000人,,武汉,湖州,大专,5-10年,20-27k·17薪,,,,https://www.liepin.com/a/75075719.shtml,20260609092355,,,,
154371,猎聘,能源/化工/环保,化学,特种工艺QA,猎头职位,某杭州航空/航天设备公司,100-499人,,武汉,杭州,本科,2年以上,15-18k·13薪,,,,https://www.liepin.com/a/76071711.shtml,20260526155602,,,,
154372,猎聘,能源/化工/环保,化学,总裁助理,猎头职位,某国内化工上市公司,2000-5000人,,武汉,嘉兴-海宁,本科,10年以上,45-60k,,,,https://www.liepin.com/a/75424779.shtml,20260521153109,,,,
154373,猎聘,能源/化工/环保,化学,纯化主管,猎头职位,某杭州生物技术公司,100-499人,,武汉,杭州,本科,5-10年,20-25k·14薪,,,,https://www.liepin.com/a/76428971.shtml,20260604180043,,,,
154374,猎聘,能源/化工/环保,化学,宁波国际学校招聘高中化学老师;,猎头职位,某上海人力资源服务公司,1-49人,,武汉,宁波,学历不限,1-3年,11-17k,,,,https://www.liepin.com/a/76019385.shtml,20260525152050,,,,
154375,猎聘,能源/化工/环保,化学,生产总监,猎头职位,某国内大型新能源公司,5000-10000人,,武汉,湖州,本科,10年以上,25-30k·20薪,,,,https://www.liepin.com/a/75979429.shtml,20260608220428,,,,
154376,猎聘,能源/化工/环保,化学,QA,猎头职位,美资500强医药公司,5000-10000人,,武汉,杭州-钱塘区,统招本科,3-5年,8-11k,,,,https://www.liepin.com/a/76286553.shtml,20260602085912,,,,
154377,猎聘,能源/化工/环保,化学,QC经理（制剂和原料药都需要）,猎头职位,某国内制药上市公司,500-999人,,武汉,台州,本科,5-10年,15-24k·15薪,,,,https://www.liepin.com/a/75216189.shtml,20260608115156,,,,
154378,猎聘,能源/化工/环保,化学,总裁助理（医药行业）,猎头职位,某国内化工上市公司,2000-5000人,,武汉,杭州,本科,10年以上,45-60k,,,,https://www.liepin.com/a/75127581.shtml,20260428100823,,,,
154379,猎聘,能源/化工/环保,化学,pack模组工艺经理,猎头职位,某东莞人力资源服务公司,1-49人,,武汉,湖州,大专,5-10年,22-30k·17薪,,,,https://www.liepin.com/a/75126361.shtml,20260609152206,,,,
154380,猎聘,能源/化工/环保,化学,研发工程师/项目经理（特种硅油/硅橡胶）,猎头职位,某国内化工公司,,,武汉,绍兴,硕士,经验不限,15-20k,,,,https://www.liepin.com/a/75329433.shtml,20260603144310,,,,
154381,猎聘,能源/化工/环保,化学,电气自动化工程师,猎头职位,某杭州学术/科研公司,,,武汉,台州,学历不限,经验不限,16-22k·14薪,,,,https://www.liepin.com/a/75702605.shtml,20260515102942,,,,
154382,猎聘,能源/化工/环保,化学,药品注册,猎头职位,某杭州制药公司,100-499人,,武汉,杭州,学历不限,3年以上,20-30k·14薪,,,,https://www.liepin.com/a/75496873.shtml,20260609111112,,,,
154383,猎聘,能源/化工/环保,化学,小核酸药物高级研究员,猎头职位,某北京人力资源服务上市公司,10000人以上,,武汉,杭州,博士,3年以上,60-70k,,,,https://www.liepin.com/a/76087629.shtml,20260526213417,,,,
154384,猎聘,能源/化工/环保,化学,合成经理,猎头职位,某国内化工公司,100-499人,,武汉,台州-临海,统招本科,7年以上,18-21k,,,,https://www.liepin.com/a/75679845.shtml,20260528092714,,,,
154385,猎聘,能源/化工/环保,化学,厂长-医药质量方向,猎头职位,某杭州生物技术公司,50-99人,,武汉,杭州,本科,10年以上,60-90k·14薪,,,,https://www.liepin.com/a/73530333.shtml,20260603154127,,,,
154386,猎聘,能源/化工/环保,化学,现场QA工程师/高级工程师,猎头职位,某杭州生物技术公司,100-499人,,武汉,杭州,统招本科,3年以上,10-15k·14薪,,,,https://www.liepin.com/a/74131889.shtml,20260401142057,,,,
154387,猎聘,能源/化工/环保,化学,合成生物学博士,猎头职位,某国内农林牧渔公司,50-99人,,武汉,杭州,博士,5-10年,35-40k,,,,https://www.liepin.com/a/73115427.shtml,20260608125959,,,,
154388,猎聘,能源/化工/环保,化学,QA经理/总监,猎头职位,某杭州制药公司,100-499人,,武汉,杭州,本科,3-5年,40-70k·14薪,,,,https://www.liepin.com/a/74196127.shtml,20260609165923,,,,
154389,猎聘,能源/化工/环保,化学,Project Manager（项目经理）,猎头职位,某国内制药上市公司,5000-10000人,,武汉,金华,硕士,3-5年,20-35k·14薪,,,,https://www.liepin.com/a/75202357.shtml,20260528102856,,,,
154390,猎聘,能源/化工/环保,化学,化妆品配方研发经理/总监,猎头职位,某知名公司,,,武汉,湖州,本科,10年以上,20-35k,,,,https://www.liepin.com/a/75798219.shtml,20260608090406,,,,
154391,猎聘,能源/化工/环保,化学,AI for Science研究科学家 ,猎头职位,某杭州人工智能公司,1-49人,,武汉,杭州,博士,经验不限,50-80k·14薪,,,,https://www.liepin.com/a/75056633.shtml,20260607084602,,,,
154392,猎聘,能源/化工/环保,化学,材料工程师（液晶、全息、光敏）,猎头职位,某杭州计算机硬件公司,100-499人,,武汉,杭州-西湖区,硕士,3年以上,20-40k,,,,https://www.liepin.com/a/76389975.shtml,20260608095055,,,,
154393,猎聘,能源/化工/环保,化学,质量保证主管（原料药）,猎头职位,某杭州大型制药公司,500-999人,,武汉,杭州-钱塘区,统招本科,3-5年,15-25k,,,,https://www.liepin.com/a/75480471.shtml,20260601182438,,,,
154394,猎聘,能源/化工/环保,化学,【猎头代招｜急】项目经理（Project Manager）,猎头职位,某国内制药上市公司,5000-10000人,,武汉,金华-东阳,硕士,5-10年,15-30k·15薪,,,,https://www.liepin.com/a/75828047.shtml,20260519160636,,,,
154395,猎聘,能源/化工/环保,化学,研发工程师,猎头职位,某杭州医疗器械公司,100-499人,,武汉,杭州,本科,1-3年,17-25k,,,,https://www.liepin.com/a/75808429.shtml,20260521112250,,,,
154396,猎聘,能源/化工/环保,化学,蛋白纯化与偶联研究员,猎头职位,某上海制药上市公司,5000-10000人,,武汉,杭州,统招本科,3-5年,15-30k,,,,https://www.liepin.com/a/76020833.shtml,20260525153604,,,,
154397,猎聘,能源/化工/环保,化学,工艺整合工程师-PIE,猎头职位,某杭州大型电子/半导体/集成电路公司,5000-10000人,,武汉,杭州,学历不限,5-10年,40-60k·13薪,,,,https://www.liepin.com/a/74198717.shtml,20260526172138,,,,
154398,猎聘,能源/化工/环保,化学,电镀技术专家/资深电镀工程师,猎头职位,某国内电子/半导体/集成电路公司,100-499人,,武汉,湖州,学历不限,经验不限,20-40k,,,,https://www.liepin.com/a/76064929.shtml,20260609102404,,,,
154399,猎聘,能源/化工/环保,化学,研发博士,猎头职位,某知名公司,1-49人,,武汉,台州,博士,1-3年,30-50k,,,,https://www.liepin.com/a/74628703.shtml,20260529153353,,,,
154400,猎聘,能源/化工/环保,化学,环保监管副总监,猎头职位,某国内大型其他行业公司,10000人以上,,武汉,金华,硕士,10年以上,30-40k,,,,https://www.liepin.com/a/72166353.shtml,20260518080735,,,,
154401,猎聘,能源/化工/环保,化学,蛋白纯化与偶联研究员,猎头职位,某杭州其他生活服务公司,50-99人,,武汉,杭州-钱塘区,本科,3-5年,24-25k,,,,https://www.liepin.com/a/76021865.shtml,20260603104141,,,,
154402,猎聘,能源/化工/环保,化学,仪器研发总监,猎头职位,某杭州知名公司,500-999人,,武汉,杭州,硕士,5-10年,25-35k,,,,https://www.liepin.com/a/74331613.shtml,20260525143440,,,,
154403,猎聘,能源/化工/环保,化学,研发工程师,猎头职位,某国内食品/饮料/酒水公司,100-499人,,武汉,嘉兴,学历不限,3-5年,18-22k,,,,https://www.liepin.com/a/76427713.shtml,20260604174143,,,,
154404,猎聘,能源/化工/环保,化学,高级项目经理,猎头职位,某知名公司,10000人以上,,武汉,杭州,硕士,5-10年,30-50k·16薪,,,,https://www.liepin.com/a/75080383.shtml,20260602092309,,,,
154405,猎聘,能源/化工/环保,化学,光谱应用研究工程师,猎头职位,某国内计算机软件公司,,,武汉,杭州,本科,5-10年,20-40k·15薪,,,,https://www.liepin.com/a/76359559.shtml,20260603135100,,,,
154406,猎聘,能源/化工/环保,化学,工艺经理,猎头职位,某国内大型新能源公司,5000-10000人,,武汉,湖州,大专,5-10年,20-29k·17薪,,,,https://www.liepin.com/a/75114773.shtml,20260609092355,,,,
154407,猎聘,能源/化工/环保,化学,生物总监,猎头职位,某国内大型制药公司,10000人以上,,武汉,杭州,博士,5-10年,50-80k,,,,https://www.liepin.com/a/76297549.shtml,20260602104010,,,,
154408,猎聘,能源/化工/环保,化学,QC分析师（生化活性）,猎头职位,某浙江龙头医药企业,5000-10000人,,武汉,杭州,统招本科,1-3年,7-12k·14薪,,,,https://www.liepin.com/a/73645857.shtml,20260608114955,,,,
154409,猎聘,能源/化工/环保,化学,药厂工程项目总监,猎头职位,某国内制药公司,100-499人,,武汉,台州-椒江区,学历不限,5-10年,30-50k·14薪,,,,https://www.liepin.com/a/74738395.shtml,20260609160053,,,,
154410,猎聘,能源/化工/环保,化学,传感器研发工程师：,猎头职位,某杭州科技推广服务公司,1-49人,,武汉,杭州,本科,3-5年,15-25k,,,,https://www.liepin.com/a/74585195.shtml,20260413184440,,,,
154411,猎聘,能源/化工/环保,化学,特种涂层技术支持工程师,猎头职位,某杭州化工公司,100-499人,,武汉,杭州,统招本科,3-5年,15-20k·15薪,,,,https://www.liepin.com/a/75778887.shtml,20260518154309,,,,
154412,猎聘,能源/化工/环保,化学,系统集成研究院院长,猎头职位,某知名新能源公司,100-499人,,武汉,杭州,硕士,10年以上,80-110k,,,,https://www.liepin.com/a/74130371.shtml,20260601172603,,,,
154413,猎聘,能源/化工/环保,化学,Lab Chemist,猎头职位,某上海大型石化公司,1000-2000人,,武汉,嘉兴,学历不限,3-5年,15-25k·13薪,,,,https://www.liepin.com/a/76106763.shtml,20260604145938,,,,
154414,猎聘,能源/化工/环保,化学,硅碳负极研发总监,猎头职位,某杭州电子/半导体/集成电路公司,,,武汉,杭州-建德,硕士,3-5年,60-90k,,,,https://www.liepin.com/a/75936905.shtml,20260522094316,,,,
154415,猎聘,能源/化工/环保,化学,镀膜工艺工程师（光学、半导体）,猎头职位,某知名公司,50-99人,,武汉,杭州,学历不限,3-5年,13-20k·13薪,,,,https://www.liepin.com/a/75248611.shtml,20260522222434,,,,
154416,猎聘,能源/化工/环保,化学,材料研发工程师,猎头职位,某杭州智能硬件/消费电子公司,100-499人,,武汉,杭州-西湖区,硕士,3-5年,20-25k·14薪,,,,https://www.liepin.com/a/73782365.shtml,20260525160222,,,,
154417,猎聘,能源/化工/环保,化学,大学老师（公办）,猎头职位,某南京其他商务服务业公司,50-99人,,武汉,宁波,博士,经验不限,15-20k,,,,https://www.liepin.com/a/73353457.shtml,20260604114553,,,,
154418,猎聘,能源/化工/环保,化学,小核酸研发经理/总监,猎头职位,某国内制药上市公司,2000-5000人,,武汉,杭州,博士,3-5年,35-65k,,,,https://www.liepin.com/a/75873971.shtml,20260609094351,,,,
154419,猎聘,能源/化工/环保,化学,复杂制剂分析开发SM/M,猎头职位,某苏州制药上市公司,5000-10000人,,武汉,杭州,博士,3-5年,40-50k·14薪,,,,https://www.liepin.com/a/75958129.shtml,20260608155629,,,,
154420,猎聘,能源/化工/环保,化学,原料药有机合成组长/研究员2,猎头职位,某国内制药上市公司,5000-10000人,,武汉,金华,统招本科,1-3年,15-28k·15薪,,,,https://www.liepin.com/a/76363853.shtml,20260604094155,,,,
154421,猎聘,能源/化工/环保,化学,工艺经理,猎头职位,某国内新能源上市公司,10000人以上,,武汉,杭州,统招本科,5年以上,30-45k,,,,https://www.liepin.com/a/74189111.shtml,20260609104016,,,,
154422,猎聘,能源/化工/环保,化学,聚酰亚胺（PI/CPI）研发专家,猎头职位,某宁波知名上市公司,1000-2000人,,武汉,宁波,博士,3-5年,30-40k·14薪,,,,https://www.liepin.com/a/75498269.shtml,20260608090521,,,,
154423,猎聘,能源/化工/环保,化学,OCS光学膜-硅胶OCA光学膜涂布工艺,猎头职位,某国内大型化工公司,500-999人,,武汉,湖州,学历不限,经验不限,17-27k·13薪,,,,https://www.liepin.com/a/74680655.shtml,20260601175828,,,,
154424,猎聘,能源/化工/环保,化学,药品研发,猎头职位,某国内制药公司,100-499人,,武汉,杭州,博士,1-3年,40-45k,,,,https://www.liepin.com/a/76031059.shtml,20260525172645,,,,
154425,猎聘,能源/化工/环保,化学,多肽研发主任/高级主任,猎头职位,某杭州大型制药公司,2000-5000人,,武汉,杭州,硕士,5-7年,40-50k,,,,https://www.liepin.com/a/75937255.shtml,20260522094716,,,,
154426,猎聘,能源/化工/环保,化学,高分子材料研发工程师,猎头职位,某国内电气机械/器材上市公司,500-999人,,武汉,杭州,博士,经验不限,30-50k,,,,https://www.liepin.com/a/76266789.shtml,20260601153634,,,,
154427,猎聘,能源/化工/环保,化学,大区销售总监+医药,猎头职位,某杭州大型制药公司,5000-10000人,,武汉,杭州-西湖区,统招本科,5-10年,40-60k,,,,https://www.liepin.com/a/74316411.shtml,20260512105358,,,,
154428,猎聘,能源/化工/环保,化学,BMS系统开发专家,猎头职位,某杭州整车制造上市公司,10000人以上,,武汉,宁波,统招本科,5年以上,50-80k,,,,https://www.liepin.com/a/76316813.shtml,20260602151238,,,,
154429,猎聘,能源/化工/环保,化学,3D ic工艺工程师,猎头职位,某杭州电子/半导体/集成电路公司,50-99人,,武汉,杭州,本科,3-5年,30-35k,,,,https://www.liepin.com/a/74491355.shtml,20260604142556,,,,
154430,猎聘,能源/化工/环保,化学,质量保证主管/质量保证QA（必须有原料药FDA检查经验）,猎头职位,某杭州大型制药公司,10000人以上,,武汉,杭州,统招本科,经验不限,15-25k,,,,https://www.liepin.com/a/76057095.shtml,20260602115748,,,,
154431,猎聘,能源/化工/环保,化学,分析组长/主管（化学小分子）,企业职位,皓元医药,2000-5000人,,西安,合肥-高新区,学历不限,经验不限,10-15k·13薪,,,,https://www.liepin.com/job/1983112313.shtml,20260603145822,,,,
154432,猎聘,能源/化工/环保,化学,流体化学负责人,企业职位,安徽联创生物医药股份有限公司,100-499人,,西安,合肥-肥西县,本科,5年以上,30-50k,,,,https://www.liepin.com/job/1977586035.shtml,20260602133538,,,,
154433,猎聘,能源/化工/环保,化学,研发化学师Chemist（涂料配方）,企业职位,库尔兹压烫科技(合肥)有限公司,500-999人,,西安,合肥-经开区,硕士,1-10年,10-14k,,,,https://www.liepin.com/job/1982138919.shtml,20260609085910,,,,
154434,猎聘,能源/化工/环保,化学,车间副主任（化学工艺）,企业职位,苏州引航生物科技有限公司,500-999人,,西安,芜湖-鸠江区,统招本科,5-10年,10-15k·13薪,,,,https://www.liepin.com/job/1978372231.shtml,20260609085147,,,,
154435,猎聘,能源/化工/环保,化学,研发化学师（薄膜/光学/涂层）,企业职位,库尔兹压烫科技(合肥)有限公司,500-999人,,西安,合肥-经开区,硕士,1-3年,10-14k,,,,https://www.liepin.com/job/1982106645.shtml,20260609085910,,,,
154436,猎聘,能源/化工/环保,化学,化学AI产品专家,企业职位,科学智能物质创制中心,100-499人,,西安,合肥-高新区,硕士,经验不限,15-30k,,,,https://www.liepin.com/job/1983138003.shtml,20260604100748,,,,
154437,猎聘,能源/化工/环保,化学,化学机械研磨工艺工程师 | CMP Process Engineer,企业职位,安徽聚合微电子有限公司,,,西安,合肥-蜀山区,统招本科,3年以上,15-23k·15薪,,,,https://www.liepin.com/job/1982355003.shtml,20260508154944,,,,
154438,猎聘,能源/化工/环保,化学,SQE供应商质量工程师（辅材、结构类、化学类）,企业职位,某合肥科技推广服务公司,,,西安,合肥,统招本科,3-5年,11-18k·15薪,,,,https://www.liepin.com/a/76163827.shtml,20260528143356,,,,
154439,猎聘,能源/化工/环保,化学,AI教育-学科教研专家（语文、数学、英语、化学）-合肥,企业职位,科大讯飞,10000人以上,,西安,合肥-高新区,本科,3年以上,12-30k·14薪,,,,https://www.liepin.com/job/1983086017.shtml,20260602183656,,,,
154440,猎聘,能源/化工/环保,化学,化学工程师,企业职位,合肥国家实验室,1000-2000人,,西安,合肥-高新区,统招本科,5-10年,15-24k,,,,https://www.liepin.com/job/1983182195.shtml,20260605111109,,,,
154441,猎聘,能源/化工/环保,化学,化学合成组长/高级研究员,企业职位,华东医药,10000人以上,,西安,芜湖-弋江区,硕士,3-5年,10-16k·14薪,,,,https://www.liepin.com/job/1960079957.shtml,20260609112846,,,,
154442,猎聘,能源/化工/环保,化学,化学合成工段长(J10188),企业职位,苏州引航生物科技有限公司,500-999人,,西安,芜湖-鸠江区,大专,3-5年,8-12k·13薪,,,,https://www.liepin.com/job/1975176665.shtml,20260609085147,,,,
154443,猎聘,能源/化工/环保,化学,电化学仿真工程师（工研总院岗）(J11893),企业职位,国轩高科,10000人以上,,西安,合肥-包河区,硕士,5年以上,15-30k·13薪,,,,https://www.liepin.com/job/1966857019.shtml,20260318084444,,,,
154444,猎聘,能源/化工/环保,化学,电化学仿真专家(J13339),企业职位,国轩高科,10000人以上,,西安,合肥-包河区,博士,5年以上,30-50k·13薪,,,,https://www.liepin.com/job/1973498061.shtml,20260609085805,,,,
154445,猎聘,能源/化工/环保,化学,化学分析员,企业职位,大连赛隆嘉信传媒有限公司,50-99人,,西安,合肥-高新区,大专,1年以上,8-12k·13薪,,,,https://www.liepin.com/job/1982076531.shtml,20260609083032,,,,
154446,猎聘,能源/化工/环保,化学,电芯工艺工程师（偏化学）,企业职位,某国内新能源上市公司,10000人以上,,西安,芜湖,本科,1-3年,15-28k·16薪,,,,https://www.liepin.com/a/74875303.shtml,20260421112044,,,,
154447,猎聘,能源/化工/环保,化学,核酸化学leader,企业职位,某合肥制药公司,100-499人,,西安,合肥,博士,2年以上,30-55k,,,,https://www.liepin.com/a/74366591.shtml,20260609091810,,,,
154448,猎聘,能源/化工/环保,化学,化学机械研磨总监,企业职位,某知名公司,1-49人,,西安,合肥,统招本科,10年以上,70-100k·16薪,,,,https://www.liepin.com/a/75385091.shtml,20260508091946,,,,
154449,猎聘,能源/化工/环保,化学,化学计算研究员,企业职位,机数量子,50-99人,,西安,合肥-高新区,博士,1-3年,25-35k·14薪,,,,https://www.liepin.com/job/1979522477.shtml,20260407085939,,,,
154450,猎聘,能源/化工/环保,化学, 薄膜化学气相沉积制程经理-TF CVD PE,企业职位,某知名公司,1-49人,,西安,合肥-蜀山区,本科,5-10年,25-50k·16薪,,,,https://www.liepin.com/a/75377299.shtml,20260508110510,,,,
154451,猎聘,能源/化工/环保,化学,国内临床推广专员（体外诊断产品-化学发光）,企业职位,迈瑞医疗,10000人以上,,西安,合肥-庐阳区,统招本科,5-10年,10-18k·25薪,,,,https://www.liepin.com/job/1982351647.shtml,20260508145827,,,,
154452,猎聘,能源/化工/环保,化学,化学实验员,企业职位,上海三桐材料科技有限公司,1-49人,,西安,安庆-大观区,本科,经验不限,5-8k,,,,https://www.liepin.com/job/1982703027.shtml,20260520155519,,,,
154453,猎聘,能源/化工/环保,化学,电化学仿真主管工程师,企业职位,奇瑞汽车,10000人以上,,西安,芜湖-弋江区,硕士,3年以上,15-30k·15薪,,,,https://www.liepin.com/job/1980210085.shtml,20260319131701,,,,
154454,猎聘,能源/化工/环保,化学,电化学仿真资深工程师,企业职位,上海轩邑,10000人以上,,西安,合肥-新站区,统招本科,5年以上,15-35k·13薪,,,,https://www.liepin.com/job/1979699465.shtml,20260508084524,,,,
154455,猎聘,能源/化工/环保,化学,电化学仿真资深/高级工程师,企业职位,国轩高科,10000人以上,,西安,合肥-包河区,本科,5-10年,20-40k·13薪,,,,https://www.liepin.com/job/1977140665.shtml,20260311165246,,,,
154456,猎聘,能源/化工/环保,化学,化学分析员,企业职位,杭州继瑾机械设备有限公司,50-99人,,西安,芜湖-鸠江区,学历不限,经验不限,8-12k·13薪,,,,https://www.liepin.com/job/1983160373.shtml,20260609083004,,,,
154457,猎聘,能源/化工/环保,化学,炉管化学沉积设备工程师(J10339),企业职位,长飞先进半导体(武汉)有限公司,1000-2000人,,西安,芜湖-弋江区,统招本科,3年以上,12-25k·15薪,,,,https://www.liepin.com/job/1976562375.shtml,20260602133740,,,,
154458,猎聘,能源/化工/环保,化学,化学热分析检测人员,企业职位,上海新核源生物技术有限公司,1-49人,,西安,安庆-大观区,本科,1-3年,4-7k,,,,https://www.liepin.com/job/1980822511.shtml,20260311100316,,,,
154459,猎聘,能源/化工/环保,化学,化学分析助理工程师(J10702),企业职位,合肥晶合集成电路股份有限公司,5000-10000人,,西安,合肥-新站区,大专,1-3年,5-8k·15薪,,,,https://www.liepin.com/job/1972533949.shtml,20250224170839,,,,
154460,猎聘,能源/化工/环保,化学,炉管化学沉积设备工程师,企业职位,某国内大型电子/半导体/集成电路公司,1000-2000人,,西安,芜湖-弋江区,统招本科,3年以上,15-25k·15薪,,,,https://www.liepin.com/a/76380357.shtml,20260603175210,,,,
154461,猎聘,能源/化工/环保,化学,电化学仿真（高级）工程师 (MJ005483),企业职位,阳光电源,10000人以上,,西安,合肥-肥西县,硕士,3-5年,薪资面议,,,,https://www.liepin.com/job/1980592489.shtml,20260303135809,,,,
154462,猎聘,能源/化工/环保,化学,诚聘初中数学语文物理化学英语老师+高薪+五险,企业职位,合肥恒升教育培训学校有限公司,500-999人,,西安,合肥-经开区,本科,1-3年,10-15k,,,,https://www.liepin.com/job/1954842133.shtml,20260310173603,,,,
154463,猎聘,能源/化工/环保,化学,化学分析员,企业职位,大连顺奥达丰科技有限公司,50-99人,,西安,合肥-庐阳区,本科,2年以上,8-12k·13薪,,,,https://www.liepin.com/job/1982204885.shtml,20260609083040,,,,
154464,猎聘,能源/化工/环保,化学,设备运维经理（化学原料药）,企业职位,某制药公司,100-499人,,西安,芜湖,统招本科,10年以上,18-25k,,,,https://www.liepin.com/a/73805253.shtml,20260528085255,,,,
154465,猎聘,能源/化工/环保,化学,电化学工程师,企业职位,安徽枡水新能源科技有限公司,100-499人,,西安,合肥-高新区,本科,1-3年,9-16k,,,,https://www.liepin.com/job/1981580381.shtml,20260528144038,,,,
154466,猎聘,能源/化工/环保,化学,售前中后工程师（熟悉FFU、化学过滤器的优先）,企业职位,安徽奥雅纳科技有限公司,1-49人,,西安,合肥-肥西县,本科,2年以上,15-45k,,,,https://www.liepin.com/job/1979052581.shtml,20251216095836,,,,
154467,猎聘,能源/化工/环保,化学,化学工艺工程师 (MJ005062),企业职位,阳光电源,10000人以上,,西安,合肥,本科,3-5年,薪资面议,,,,https://www.liepin.com/job/1978717319.shtml,20251125183541,,,,
154468,猎聘,能源/化工/环保,化学,化学机械研磨研发专家 I TD CMP Expert(J18516),企业职位,长鑫存储技术有限公司,2000-5000人,,西安,合肥-蜀山区,硕士,5年以上,30-60k·16薪,,,,https://www.liepin.com/job/1979875589.shtml,20260120132000,,,,
154469,猎聘,能源/化工/环保,化学,化学需求工程师,企业职位,机数量子,50-99人,,西安,合肥-包河区,硕士,3-5年,8-12k·14薪,,,,https://www.liepin.com/job/1979963229.shtml,20260123140556,,,,
154470,猎聘,能源/化工/环保,化学,化学工艺工程师,企业职位,原力新材料(合肥)有限公司,1-49人,,西安,合肥-高新区,本科,5年以上,7-10k·13薪,,,,https://www.liepin.com/job/1974744439.shtml,20251023151650,,,,
154471,猎聘,能源/化工/环保,化学,流体化学主管,企业职位,安耐吉化学,100-499人,,西安,安庆-大观区,统招本科,3-5年,12-20k,,,,https://www.liepin.com/job/1969878759.shtml,20260507145638,,,,
154472,猎聘,能源/化工/环保,化学,计算化学研究员,企业职位,北京鼎材科技有限公司,100-499人,,西安,合肥-新站区,硕士,1-3年,12-18k,,,,https://www.liepin.com/job/1978384031.shtml,20260609100445,,,,
154473,猎聘,能源/化工/环保,化学,智能电化学检测仪器产品负责人,企业职位,合肥亚慕信息科技有限公司,50-99人,,西安,合肥-高新区,本科,3-5年,25-40k,,,,https://www.liepin.com/job/1982077429.shtml,20260424165131,,,,
154474,猎聘,能源/化工/环保,化学,化学实验室技术员,企业职位,安徽亚龙新材料有限公司,1-49人,,西安,合肥-肥东县,本科,经验不限,4-5k,,,,https://www.liepin.com/job/1981463675.shtml,20260402155924,,,,
154475,猎聘,能源/化工/环保,化学,药物化学/有机合成副研究员、助理研究员或博后,企业职位,合肥综合性国家科学中心大健康研究院,100-499人,,西安,合肥-经开区,博士,经验不限,26-35k,,,,https://www.liepin.com/job/1980357025.shtml,20260224114139,,,,
154476,猎聘,能源/化工/环保,化学,化学分析员,企业职位,广州议兰信息咨询有限公司,50-99人,,西安,蚌埠-蚌山区,本科,2年以上,8-12k·13薪,,,,https://www.liepin.com/job/1983160269.shtml,20260609083005,,,,
154477,猎聘,能源/化工/环保,化学,电化学研发工程师,企业职位,国瓷赛创电气(铜陵)有限公司,100-499人,,西安,铜陵-铜官区,硕士,1-3年,10-25k·13薪,,,,https://www.liepin.com/job/1973838133.shtml,20250415113316,,,,
154478,猎聘,能源/化工/环保,化学,胶体化学方向博士后（合肥物质院）,企业职位,中欧电子材料国际创新中心(合肥)有限公司,50-99人,,西安,合肥-高新区,博士,3年以上,16-17k,,,,https://www.liepin.com/job/1982797287.shtml,20260523112442,,,,
154479,猎聘,能源/化工/环保,化学,化学分析员,企业职位,瑞柏集团,1000-2000人,,西安,淮北-濉溪县,大专,1-3年,4-7k,,,,https://www.liepin.com/job/1982639041.shtml,20260519082919,,,,
154480,猎聘,能源/化工/环保,化学,化学技术员（导电/涂料/油墨/塑胶方向）,企业职位,安徽黑猫新材料有限公司,100-499人,,西安,合肥-瑶海区,大专,1-3年,7-12k,,,,https://www.liepin.com/job/1956522455.shtml,20240815152107,,,,
154481,猎聘,能源/化工/环保,化学,化学分析员,企业职位,合肥高尔生命健康科学研究院有限公司,100-499人,,西安,合肥-高新区,本科,1-3年,4-7k·13薪,,,,https://www.liepin.com/job/1963380975.shtml,20231219212544,,,,
154482,猎聘,能源/化工/环保,化学,化学研发工程师,企业职位,安徽兴宙医药有限公司,100-499人,,西安,合肥-高新区,硕士,5-10年,35-50k,,,,https://www.liepin.com/job/1960198523.shtml,20230721155416,,,,
154483,猎聘,能源/化工/环保,化学,化学实验室研究员（五险双休）,企业职位,湖北省策故睿传媒有限公司,50-99人,,西安,合肥-瑶海区,本科,3年以上,10-20k·13薪,,,,https://www.liepin.com/job/1982030951.shtml,20260609083009,,,,
154484,猎聘,能源/化工/环保,化学,中国化学环保研究院——环保研发人才,企业职位,东华工程科技股份有限公司,1000-2000人,,西安,合肥-包河区,博士,经验不限,25-40k,,,,https://www.liepin.com/job/1952114599.shtml,20250708102653,,,,
154485,猎聘,能源/化工/环保,化学,湿电子化学工艺工程师,企业职位,某国内化工公司,100-499人,,西安,淮北,本科,3-5年,15-20k·15薪,,,,https://www.liepin.com/a/75238675.shtml,20260430185115,,,,
154486,猎聘,能源/化工/环保,化学,湿电子化学工艺工程师,企业职位,某国内化工公司,100-499人,,西安,淮北,本科,3-5年,15-20k·13薪,,,,https://www.liepin.com/a/75238623.shtml,20260430184446,,,,
154487,猎聘,能源/化工/环保,化学,兼职-理科标注岗（化学研究类）,企业职位,安徽飞数信息科技有限公司,1000-2000人,,西安,合肥-高新区,本科,经验不限,6-15k,,,,https://www.liepin.com/job/1979605977.shtml,20260107150137,,,,
154488,猎聘,能源/化工/环保,化学,炉管化学沉积工艺工程师(J10354),企业职位,长飞先进半导体(武汉)有限公司,1000-2000人,,西安,芜湖-弋江区,本科,3年以上,12-24k·15薪,,,,https://www.liepin.com/job/1976560877.shtml,20260420100701,,,,
154489,猎聘,能源/化工/环保,化学,合肥物质院博士后（胶体化学方向）,企业职位,中欧电子材料国际创新中心(合肥)有限公司,50-99人,,西安,合肥-高新区,博士,3年以上,25-26k,,,,https://www.liepin.com/job/1982827015.shtml,20260525140511,,,,
154490,猎聘,能源/化工/环保,化学,产品化学试验人员,企业职位,安徽阳泽农业科技有限公司,1-49人,,西安,合肥-蜀山区,本科,1-3年,5-7k·13薪,,,,https://www.liepin.com/job/1982581695.shtml,20260515171144,,,,
154491,猎聘,能源/化工/环保,化学,电化学测试工程师,企业职位,电堆科技(合肥)有限公司,1-49人,,西安,合肥-高新区,硕士,1-3年,12-25k·13薪,,,,https://www.liepin.com/job/1979238305.shtml,20260508092823,,,,
154492,猎聘,能源/化工/环保,化学,化学工艺工程师,企业职位,至微半导体(上海)有限公司,,,西安,合肥-瑶海区,大专,3年以上,8-10k·13薪,,,,https://www.liepin.com/job/1979134215.shtml,20251215104319,,,,
154493,猎聘,能源/化工/环保,化学,化学工程师,企业职位,先进半导体材料(安徽)有限公司,1000-2000人,,西安,滁州-南谯区,硕士,1-3年,8-12k,,,,https://www.liepin.com/job/1973913105.shtml,20250417143649,,,,
154494,猎聘,能源/化工/环保,化学,药物化学科学家,企业职位,福石生物,1-49人,,西安,合肥-经开区,统招本科,经验不限,10-14k·14薪,,,,https://www.liepin.com/job/1962295509.shtml,20231018123924,,,,
154495,猎聘,能源/化工/环保,化学,软件与算法工程师（计算生物化学）,企业职位,神农量子,1-49人,,西安,宿州,硕士,1-3年,12-15k,,,,https://www.liepin.com/job/1954330277.shtml,20230817141257,,,,
154496,猎聘,能源/化工/环保,化学,流体化学负责人,企业职位,安徽联创生物医药股份有限公司,100-499人,,西安,合肥-肥西县,硕士,3-5年,15-30k·13薪,,,,https://www.liepin.com/job/1966651833.shtml,20240626091421,,,,
154497,猎聘,能源/化工/环保,化学,化学分析,企业职位,阜阳攀业氢能源科技有限公司,50-99人,,西安,阜阳,本科,1-3年,3-6k,,,,https://www.liepin.com/job/1959677477.shtml,20230630114652,,,,
154498,猎聘,能源/化工/环保,化学,炉管化学沉积设备工程师,企业职位,某武汉电子/半导体/集成电路公司,1000-2000人,,西安,芜湖,统招本科,3-5年,20-30k·15薪,,,,https://www.liepin.com/a/75007423.shtml,20260605155435,,,,
154499,猎聘,能源/化工/环保,化学,物理化学生物教研员,企业职位,某合肥大型互联网公司,1000-2000人,,西安,合肥-蜀山区,统招本科,经验不限,80-110k,,,,https://www.liepin.com/a/73993381.shtml,20260328110606,,,,
154500,猎聘,能源/化工/环保,化学,化学机械研磨制程经理,企业职位,某合肥大型电子/半导体/集成电路公司,5000-10000人,,西安,合肥-经开区,统招本科,10年以上,50-80k·15薪,,,,https://www.liepin.com/a/76124205.shtml,20260609093459,,,,
154501,猎聘,能源/化工/环保,化学,alevel化学老师,企业职位,合肥中教基石教育科技有限公司,50-99人,,西安,合肥-经开区,本科,2年以上,10-15k,,,,https://www.liepin.com/job/1978237343.shtml,20251105114225,,,,
154502,猎聘,能源/化工/环保,化学,强化学算法习工程师,企业职位,某国内大型整车制造公司,10000人以上,,西安,芜湖,硕士,3-5年,20-40k·16薪,,,,https://www.liepin.com/a/76491467.shtml,20260609081147,,,,
154503,猎聘,能源/化工/环保,化学,化学机械研磨制程工程师-CMP PE Engineer(J17705),企业职位,长鑫存储技术有限公司,2000-5000人,,西安,合肥-蜀山区,本科,5年以上,15-30k·15薪,,,,https://www.liepin.com/job/1982338055.shtml,20260508104213,,,,
154504,猎聘,能源/化工/环保,化学,有机化学高级科学家,企业职位,福石生物,1-49人,,西安,合肥-经开区,博士,1-3年,20-35k·14薪,,,,https://www.liepin.com/job/1962793219.shtml,20260508174100,,,,
154505,猎聘,能源/化工/环保,化学,化学研发总监,企业职位,安徽中科元贞科技有限责任公司,,,西安,合肥-高新区,硕士,5年以上,15-20k,,,,https://www.liepin.com/job/1978896753.shtml,20251203160116,,,,
154506,猎聘,能源/化工/环保,化学,车间主任—化学合成 (MJ000311),企业职位,江苏欣诺科催化剂股份有限公司,100-499人,,西安,铜陵-铜官区,本科,5-10年,18-25k·13薪,,,,https://www.liepin.com/job/1978585497.shtml,20251119165649,,,,
154507,猎聘,能源/化工/环保,化学,博士研究生（化学、材料类专业）,企业职位,安徽安利材料科技股份有限公司,2000-5000人,,西安,合肥-肥西县,博士,经验不限,20-40k·13薪,,,,https://www.liepin.com/job/1977418903.shtml,20251121095428,,,,
154508,猎聘,能源/化工/环保,化学,化学分析员,企业职位,安耐吉化学,100-499人,,西安,马鞍山-花山区,本科,3-5年,5-8k,,,,https://www.liepin.com/job/1956599459.shtml,20250527141524,,,,
154509,猎聘,能源/化工/环保,化学,电镀化学分析员,企业职位,常熟立讯,10000人以上,,西安,滁州-琅琊区,大专,5-10年,10-20k,,,,https://www.liepin.com/job/1970525837.shtml,20241030150625,,,,
154510,猎聘,能源/化工/环保,化学,化学分析,企业职位,合肥金锤计量有限公司,1-49人,,西安,合肥,大专,经验不限,5-9k,,,,https://www.liepin.com/job/1944647751.shtml,20211108182906,,,,
154511,猎聘,能源/化工/环保,化学,化学工程师,企业职位,北京华美沃特分析仪器科技有限公司,50-99人,,西安,淮北-濉溪县,大专,1-3年,4-5k,,,,https://www.liepin.com/job/1955243493.shtml,20231127160944,,,,
154512,猎聘,能源/化工/环保,化学,化学实验室技术员,企业职位,原力新材料(合肥)有限公司,1-49人,,西安,合肥,本科,经验不限,5-10k,,,,https://www.liepin.com/job/1957023055.shtml,20240625152152,,,,
154513,猎聘,能源/化工/环保,化学,化学工程师,企业职位,谷柏特,50-99人,,西安,蚌埠-龙子湖区,本科,1年以下,4-8k,,,,https://www.liepin.com/job/1960468075.shtml,20240929115219,,,,
154514,猎聘,能源/化工/环保,化学,质量负责人（药学、生物、化学专业）,企业职位,高济,10000人以上,,西安,滁州-琅琊区,本科,1-3年,6-10k,,,,https://www.liepin.com/job/1983232173.shtml,20260608101419,,,,
154515,猎聘,能源/化工/环保,化学,薄膜化学气相沉积制程经理-TF CVD PE Section Manager,企业职位,某合肥大型电子/半导体/集成电路公司,5000-10000人,,西安,合肥,大专,5年以上,45-55k·15薪,,,,https://www.liepin.com/a/76583083.shtml,20260609150140,,,,
154516,猎聘,能源/化工/环保,化学,化学机械研磨工艺研发工程师-TD CMP Process Engineer(J18441),企业职位,长鑫存储技术有限公司,2000-5000人,,西安,合肥-蜀山区,硕士,3年以上,25-50k,,,,https://www.liepin.com/job/1982600113.shtml,20260526104446,,,,
154517,猎聘,能源/化工/环保,化学,化学机械研磨工艺研发主任工程师-TD CMP Process Staff Engineer(J19217),企业职位,长鑫存储技术有限公司,2000-5000人,,西安,合肥-蜀山区,硕士,6年以上,25-50k·16薪,,,,https://www.liepin.com/job/1981598803.shtml,20260409093548,,,,
154518,猎聘,能源/化工/环保,化学,物理化学生物教研员,企业职位,某合肥大型互联网公司,1000-2000人,,西安,合肥-蜀山区,统招本科,经验不限,15-20k·13薪,,,,https://www.liepin.com/a/73378005.shtml,20260314173333,,,,
154519,猎聘,能源/化工/环保,化学,物理化学教师,企业职位,六安求学托管服务有限公司,1-49人,,西安,六安-金安区,本科,3-5年,5-9k,,,,https://www.liepin.com/job/1979987175.shtml,20260126102129,,,,
154520,猎聘,能源/化工/环保,化学,化学分析员,企业职位,铜陵安德科铭电子材料科技有限公司,100-499人,,西安,铜陵-义安区,学历不限,经验不限,5-7k·13薪,,,,https://www.liepin.com/job/1981333913.shtml,20260330110646,,,,
154521,猎聘,能源/化工/环保,化学,物理化学生物教研员,企业职位,某合肥大型互联网公司,1000-2000人,,西安,合肥,统招本科,1-3年,15-20k,,,,https://www.liepin.com/a/73664197.shtml,20260324114559,,,,
154522,猎聘,能源/化工/环保,化学,化学机械研磨工艺研发专家-TD CMP Process Expert,企业职位,某合肥大型电子/半导体/集成电路公司,5000-10000人,,西安,合肥,硕士,5-10年,20-21k·15薪,,,,https://www.liepin.com/a/73886771.shtml,20260325163857,,,,
154523,猎聘,能源/化工/环保,化学,物理化学生物教研员,企业职位,某合肥大型互联网公司,1000-2000人,,西安,合肥,统招本科,1-3年,10-15k,,,,https://www.liepin.com/a/73541375.shtml,20260318125332,,,,
154524,猎聘,能源/化工/环保,化学,化学机械研磨开发工程师(J10324),企业职位,合肥晶合集成电路股份有限公司,5000-10000人,,西安,合肥,本科,3-5年,11-20k·15薪,,,,https://www.liepin.com/job/1969205989.shtml,20250113165100,,,,
154525,猎聘,能源/化工/环保,化学,化学工程,企业职位,安徽鑫野新材料科技有限公司,1-49人,,西安,滁州-来安县,本科,经验不限,6-7k,,,,https://www.liepin.com/job/1963969395.shtml,20240103105354,,,,
154526,猎聘,能源/化工/环保,化学,化学教师(J10189),企业职位,雅力教育,100-499人,,西安,合肥-包河区,硕士,1-3年,10-15k,,,,https://www.liepin.com/job/1966979687.shtml,20240516083424,,,,
154527,猎聘,能源/化工/环保,化学,化学工程工艺设计,企业职位,铜陵化工集团化工研究设计院有限责任公司,50-99人,,西安,铜陵,本科,5-10年,15-30k,,,,https://www.liepin.com/job/1972024975.shtml,20250218175747,,,,
154528,猎聘,能源/化工/环保,化学,高中物理 化学 数学老师,企业职位,蚌埠市拓维科技有限公司,1-49人,,西安,蚌埠-五河县,本科,经验不限,7-12k,,,,https://www.liepin.com/job/1965002557.shtml,20240227171919,,,,
154529,猎聘,能源/化工/环保,化学,初高中物理化学老师,企业职位,合肥恒升教育培训学校有限公司,500-999人,,西安,合肥-庐阳区,本科,1-3年,6-15k,,,,https://www.liepin.com/job/1963422971.shtml,20231206111449,,,,
154530,猎聘,能源/化工/环保,化学,六险一金--合肥数学化学学业规划师,企业职位,网易集团,10000人以上,,西安,合肥-高新区,本科,经验不限,7-10k,,,,https://www.liepin.com/job/1970613471.shtml,20241104181940,,,,
154531,猎聘,能源/化工/环保,化学,初高中物理化学老师,企业职位,合肥恒升教育培训学校有限公司,500-999人,,西安,合肥-蜀山区,本科,1-3年,6-15k,,,,https://www.liepin.com/job/1963422917.shtml,20231206111409,,,,
154532,猎聘,能源/化工/环保,化学,初高中物理化学老师,企业职位,合肥恒升教育培训学校有限公司,500-999人,,西安,合肥-包河区,本科,1-3年,6-15k,,,,https://www.liepin.com/job/1963423103.shtml,20231206111628,,,,
154533,猎聘,能源/化工/环保,化学,初高中物理化学老师,企业职位,合肥恒升教育培训学校有限公司,500-999人,,西安,合肥-经开区,本科,1-3年,6-15k,,,,https://www.liepin.com/job/1963422947.shtml,20231206111428,,,,
154534,猎聘,能源/化工/环保,化学,期刊编辑（物理化学专业）,企业职位,哈尔滨群润文化传播有限公司,50-99人,,西安,合肥-瑶海区,硕士,经验不限,8-9k,,,,https://www.liepin.com/job/1972872309.shtml,20250305104833,,,,
154535,猎聘,能源/化工/环保,化学,初中物理化学老师,企业职位,宿松县弘迈建材销售有限公司,1-49人,,西安,安庆-宿松县,本科,经验不限,3-8k,,,,https://www.liepin.com/job/1969412753.shtml,20240830165757,,,,
154536,猎聘,能源/化工/环保,化学,化学设计工程师,企业职位,阁壹系统集成设备(滁州)有限公司,1-49人,,西安,滁州-南谯区,本科,3-5年,10-18k·13薪,,,,https://www.liepin.com/job/1963208755.shtml,20231228092109,,,,
154537,猎聘,能源/化工/环保,化学,化学老师,企业职位,歙县紫阳学校,2000-5000人,,西安,黄山-歙县,本科,经验不限,8-12k,,,,https://www.liepin.com/job/1960904639.shtml,20230817161919,,,,
154538,猎聘,能源/化工/环保,化学,研究助理（电堆，燃料电池）,企业职位,某合肥化工公司,1-49人,,西安,合肥,硕士,1-3年,12-24k,,,,https://www.liepin.com/a/75502513.shtml,20260608091027,,,,
154539,猎聘,能源/化工/环保,化学,材料测试工程师【固态电池方向】（工程研究总院）,企业职位,国轩高科,10000人以上,,西安,合肥-包河区,统招本科,4年以上,11-20k·13薪,,,,https://www.liepin.com/job/1982705129.shtml,20260528164507,,,,
154540,猎聘,能源/化工/环保,化学,半导体工艺工程师,企业职位,合肥天曜新材料科技有限公司,1-49人,,西安,合肥-经开区,本科,3年以上,14-25k·13薪,,,,https://www.liepin.com/job/1964790297.shtml,20260603102504,,,,
154541,猎聘,能源/化工/环保,化学,电芯失效分析工程师,企业职位,国轩高科,10000人以上,,西安,合肥-新站区,本科,3年以上,14-20k·13薪,,,,https://www.liepin.com/job/1983028003.shtml,20260601134320,,,,
154542,猎聘,能源/化工/环保,化学,科研主管,企业职位,科学智能物质创制中心,100-499人,,西安,合肥-高新区,统招本科,经验不限,8-15k,,,,https://www.liepin.com/job/1983057459.shtml,20260602102005,,,,
154543,猎聘,能源/化工/环保,化学,理化测试工程师,企业职位,奇瑞汽车,10000人以上,,西安,铜陵-枞阳县,统招本科,3-5年,10-15k·15薪,,,,https://www.liepin.com/job/1978403545.shtml,20260307094146,,,,
154544,猎聘,能源/化工/环保,化学,有机合成研究员,企业职位,皓元医药,2000-5000人,,西安,合肥-高新区,本科,经验不限,8-13k,,,,https://www.liepin.com/job/1981741993.shtml,20260520114516,,,,
154545,猎聘,能源/化工/环保,化学,质量工程师,企业职位,雅迪科技,2000-5000人,,西安,阜阳-界首,大专,1年以上,10-20k,,,,https://www.liepin.com/job/1982960535.shtml,20260528171848,,,,
154546,猎聘,能源/化工/环保,化学,研究助理或研究员,企业职位,某合肥化工公司,1-49人,,西安,合肥,硕士,经验不限,18-27k,,,,https://www.liepin.com/a/75526045.shtml,20260601125414,,,,
154547,猎聘,能源/化工/环保,化学,SOC岗位 (MJ001783),企业职位,阳光电源,10000人以上,,西安,合肥,统招本科,经验不限,薪资面议,,,,https://www.liepin.com/job/1979871789.shtml,20260120111506,,,,
154548,猎聘,能源/化工/环保,化学,合成研究员（工作地点：合肥）,企业职位,安徽联创生物医药股份有限公司,100-499人,,西安,合肥,统招本科,1-3年,10-15k,,,,https://www.liepin.com/job/1946550021.shtml,20260602133602,,,,
154549,猎聘,能源/化工/环保,化学,质检员,企业职位,合肥鼎材科技有限公司,100-499人,,西安,合肥-瑶海区,本科,1-3年,7-11k,,,,https://www.liepin.com/job/1978384857.shtml,20260514113440,,,,
154550,猎聘,能源/化工/环保,化学,销售经理（IVD、免疫、质谱）,企业职位,美康生物科技股份有限公司,2000-5000人,,西安,合肥-庐阳区,本科,3年以上,8-18k,,,,https://www.liepin.com/job/1981184981.shtml,20260602090901,,,,
154551,猎聘,能源/化工/环保,化学,钠电正极材料研发工程师（工程研究总院）,企业职位,国轩高科,10000人以上,,西安,合肥-包河区,本科,4-10年,13-23k·13薪,,,,https://www.liepin.com/job/1982687415.shtml,20260526214444,,,,
154552,猎聘,能源/化工/环保,化学,小核酸药物分析研究员,企业职位,某合肥生物技术公司,100-499人,,西安,合肥,硕士,经验不限,15-25k,,,,https://www.liepin.com/a/75377565.shtml,20260603201408,,,,
154553,猎聘,能源/化工/环保,化学,合成研究员,企业职位,安徽联创生物医药股份有限公司,100-499人,,西安,合肥,本科,1-3年,8-20k·13薪,,,,https://www.liepin.com/job/1943954727.shtml,20260602133602,,,,
154554,猎聘,能源/化工/环保,化学,助理合成研究员,企业职位,安徽联创生物医药股份有限公司,100-499人,,西安,合肥,统招本科,1年以下,6-8k·13薪,,,,https://www.liepin.com/job/1943955103.shtml,20260602133602,,,,
154555,猎聘,能源/化工/环保,化学,药物合成高级研究员,企业职位,安徽联创生物医药股份有限公司,100-499人,,西安,合肥-肥西县,统招本科,5-10年,15-30k·13薪,,,,https://www.liepin.com/job/1957529235.shtml,20260602133602,,,,
154556,猎聘,能源/化工/环保,化学,FAE现场应用工程师,企业职位,某深圳大型电子/半导体/集成电路公司,2000-5000人,,西安,合肥,统招本科,1-3年,15-30k·15薪,,,,https://www.liepin.com/a/74444645.shtml,20260527153347,,,,
154557,猎聘,能源/化工/环保,化学,环境/健康/安全管理,企业职位,长鑫存储技术有限公司,2000-5000人,,西安,合肥-蜀山区,本科,10年以上,20-30k·16薪,,,,https://www.liepin.com/job/1976354691.shtml,20251210145341,,,,
154558,猎聘,能源/化工/环保,化学,电芯研发工程师（钠电方向）,企业职位,上海轩邑,10000人以上,,西安,合肥-新站区,本科,3年以上,10-30k·13薪,,,,https://www.liepin.com/job/1979958613.shtml,20260609090715,,,,
154559,猎聘,能源/化工/环保,化学,药物合成研发总监,企业职位,安徽联创生物医药股份有限公司,100-499人,,西安,合肥-肥西县,博士,3年以上,35-65k,,,,https://www.liepin.com/job/1982557209.shtml,20260602133538,,,,
154560,猎聘,能源/化工/环保,化学,钠离子电池体系研发工程师,企业职位,国轩高科,10000人以上,,西安,合肥-包河区,硕士,3年以上,16-25k·13薪,,,,https://www.liepin.com/job/1982102085.shtml,20260525155206,,,,
154561,猎聘,能源/化工/环保,化学,滚镀工程师（上市半导体电子元器件）,企业职位,某国内电子/半导体/集成电路上市公司,100-499人,,西安,铜陵,本科,5-10年,16-20k·13薪,,,,https://www.liepin.com/a/75168619.shtml,20260608083829,,,,
154562,猎聘,能源/化工/环保,化学,CVD设备工程师 l CVD Equipment Engineer(J14532),企业职位,长鑫存储技术有限公司,2000-5000人,,西安,合肥-蜀山区,大专,3-5年,15-30k·15薪,,,,https://www.liepin.com/job/1975848441.shtml,20250717145738,,,,
154563,猎聘,能源/化工/环保,化学, 研发技术工程师,企业职位,某国内石化上市公司,100-499人,,西安,合肥,博士,3-5年,20-40k,,,,https://www.liepin.com/a/76115533.shtml,20260529103914,,,,
154564,猎聘,能源/化工/环保,化学,实验室领班,企业职位,某国内大型电子/半导体/集成电路公司,1000-2000人,,西安,宣城-广德,中专/中技,3-5年,8-13k,,,,https://www.liepin.com/a/75021995.shtml,20260609200208,,,,
154565,猎聘,能源/化工/环保,化学,电芯仿真主任工程师（电池研究院）,企业职位,某国内整车制造上市公司,10000人以上,,西安,芜湖,学历不限,5-10年,26-40k·15薪,,,,https://www.liepin.com/a/73676279.shtml,20260609083422,,,,
154566,猎聘,能源/化工/环保,化学,设备工程师,企业职位,中用科技有限公司,100-499人,,西安,合肥-经开区,统招本科,5-10年,8-20k,,,,https://www.liepin.com/job/1983143145.shtml,20260604112313,,,,
154567,猎聘,能源/化工/环保,化学,高级合成研究员,企业职位,安徽联创生物医药股份有限公司,100-499人,,西安,合肥,统招本科,3-5年,15-30k·13薪,,,,https://www.liepin.com/job/1937476075.shtml,20260602133602,,,,
154568,猎聘,能源/化工/环保,化学,电解液研发工程师,企业职位,上海轩邑,10000人以上,,西安,合肥-包河区,统招本科,5年以上,15-35k·13薪,,,,https://www.liepin.com/job/1973195027.shtml,20260609090715,,,,
154569,猎聘,能源/化工/环保,化学,小核酸药物合成负责人,企业职位,某合肥制药公司,100-499人,,西安,合肥,本科,10年以上,50-80k,,,,https://www.liepin.com/a/73231325.shtml,20260601142701,,,,
154570,猎聘,能源/化工/环保,化学,农药登记SD/试验项目负责人,企业职位,华辰检测,500-999人,,西安,合肥-包河区,本科,3年以上,12-20k·15薪,,,,https://www.liepin.com/job/1980868141.shtml,20260609164014,,,,
154571,猎聘,能源/化工/环保,化学,电池结构工程师,企业职位,苏州灵动佳芯科技有限公司,50-99人,,西安,合肥-庐江县,统招本科,2-5年,15-25k,,,,https://www.liepin.com/job/1980438879.shtml,20260602115054,,,,
154572,猎聘,能源/化工/环保,化学,半导体材料/设备专家-合肥,企业职位,某合肥大型电子/半导体/集成电路公司,2000-5000人,,西安,合肥,学历不限,5年以上,60-90k·16薪,,,,https://www.liepin.com/a/75712837.shtml,20260526095710,,,,
154573,猎聘,能源/化工/环保,化学,博士（材料类）(J15312),企业职位,国轩高科,10000人以上,,西安,合肥-新站区,博士,经验不限,15-26k·13薪,,,,https://www.liepin.com/job/1982123901.shtml,20260609085117,,,,
154574,猎聘,能源/化工/环保,化学,PSPI光刻胶开发研究员（先进封装方向）,企业职位,合肥鼎材科技有限公司,100-499人,,西安,合肥-瑶海区,硕士,3年以下,15-30k,,,,https://www.liepin.com/job/1982539291.shtml,20260514152440,,,,
154575,猎聘,能源/化工/环保,化学,电芯开发工程师,企业职位,摩芮思科技咨询,100-499人,,西安,合肥-经开区,硕士,5年以上,15-25k·13薪,,,,https://www.liepin.com/job/1964793995.shtml,20260513151222,,,,
154576,猎聘,能源/化工/环保,化学,新材料开发研究员,企业职位,合肥鼎材科技有限公司,100-499人,,西安,合肥-瑶海区,博士,8年以上,25-40k,,,,https://www.liepin.com/job/1982529261.shtml,20260514113039,,,,
154577,猎聘,能源/化工/环保,化学,资深电镀工程师（上市企业精密五金件）,企业职位,某国内电子/半导体/集成电路上市公司,100-499人,,西安,铜陵,本科,10年以上,17-20k·13薪,,,,https://www.liepin.com/a/76280293.shtml,20260609084245,,,,
154578,猎聘,能源/化工/环保,化学,博士（材料类）(J15312),企业职位,国轩高科,10000人以上,,西安,合肥-包河区,博士,经验不限,15-26k·13薪,,,,https://www.liepin.com/job/1982123903.shtml,20260609085117,,,,
154579,猎聘,能源/化工/环保,化学,分析经理（芜湖 博士 HNMR、LC  管理经验）,企业职位,某国内知名电子/半导体/集成电路公司,100-499人,,西安,芜湖,博士,5-10年,35-40k,,,,https://www.liepin.com/a/75554127.shtml,20260609092043,,,,
154580,猎聘,能源/化工/环保,化学,测试主管工程师（实验室）,企业职位,浙江吉利控股集团,10000人以上,,西安,宣城-宁国,本科,3年以上,13-20k,,,,https://www.liepin.com/job/1982450627.shtml,20260521152343,,,,
154581,猎聘,能源/化工/环保,化学,树脂研发工程师,企业职位,威迈芯材,100-499人,,西安,合肥-新站区,统招本科,3-5年,7-15k·13薪,,,,https://www.liepin.com/job/1976636929.shtml,20260519103555,,,,
154582,猎聘,能源/化工/环保,化学,有机合成高级研究员-安徽芜湖,企业职位,北京安必奇生物科技有限公司,100-499人,,西安,芜湖-鸠江区,硕士,5年以上,15-22k·13薪,,,,https://www.liepin.com/job/1981190621.shtml,20260609093318,,,,
154583,猎聘,能源/化工/环保,化学,多肽合成经理,企业职位,某合肥生物技术公司,100-499人,,西安,合肥,博士,经验不限,30-50k,,,,https://www.liepin.com/a/75387741.shtml,20260603201408,,,,
154584,猎聘,能源/化工/环保,化学,有机合成研究员--合肥,企业职位,上海德浦生物医药科技有限公司,50-99人,,西安,合肥-蜀山区,统招本科,1-3年,7-10k·13薪,,,,https://www.liepin.com/job/1968940667.shtml,20260429130358,,,,
154585,猎聘,能源/化工/环保,化学,分析经理/主管（小分子）,企业职位,皓元医药,2000-5000人,,西安,合肥-高新区,硕士,经验不限,10-20k·13薪,,,,https://www.liepin.com/job/1983110273.shtml,20260603143025,,,,
154586,猎聘,能源/化工/环保,化学,高级合成研究员（工作地点：合肥）,企业职位,安徽联创生物医药股份有限公司,100-499人,,西安,合肥,统招本科,3-5年,15-30k·13薪,,,,https://www.liepin.com/job/1946549873.shtml,20260602133602,,,,
154587,猎聘,能源/化工/环保,化学, 多肽合成负责人,企业职位,某国内制药上市公司,2000-5000人,,西安,合肥,学历不限,5-10年,50-80k,,,,https://www.liepin.com/a/74496553.shtml,20260601142701,,,,
154588,猎聘,能源/化工/环保,化学,辐射分析监测主管/工程师,企业职位,聚变新能(安徽)有限公司,100-499人,,西安,合肥-庐阳区,本科,经验不限,薪资面议,,,,https://www.liepin.com/job/1982393959.shtml,20260509173237,,,,
154589,猎聘,能源/化工/环保,化学,材料仿真研发工程师,企业职位,安徽安德科铭半导体科技股份有限公司,100-499人,,西安,合肥-肥西县,硕士,经验不限,10-30k·14薪,,,,https://www.liepin.com/job/1981051045.shtml,20260326205952,,,,
154590,猎聘,能源/化工/环保,化学,催化剂研发工程师（有机合成）,企业职位,安徽金禾化学材料研究所有限公司,50-99人,,西安,合肥-经开区,硕士,3年以上,10-20k·15薪,,,,https://www.liepin.com/job/1980932063.shtml,20260314095505,,,,
154591,猎聘,能源/化工/环保,化学,多肽合成研究员,企业职位,药明合联,2000-5000人,,西安,合肥-高新区,硕士,1年以上,11-14k·14薪,,,,https://www.liepin.com/job/1982718209.shtml,20260520184136,,,,
154592,猎聘,能源/化工/环保,化学,生产工艺工程师（长期出差合肥）,企业职位,上海新阳,500-999人,,西安,合肥-新站区,本科,3年以上,10-15k·14薪,,,,https://www.liepin.com/job/1980515923.shtml,20260318093521,,,,
154593,猎聘,能源/化工/环保,化学,研发工程师,企业职位,杭州天地数码科技股份有限公司,500-999人,,西安,芜湖-弋江区,本科,经验不限,8-16k·13薪,,,,https://www.liepin.com/job/1961046261.shtml,20260601143437,,,,
154594,猎聘,能源/化工/环保,化学,锂电分析实验室负责人,企业职位,微谱,1000-2000人,,西安,合肥-蜀山区,本科,3-5年,16-25k,,,,https://www.liepin.com/job/1980358517.shtml,20260609094739,,,,
154595,猎聘,能源/化工/环保,化学,气体工程师,企业职位,合肥国家实验室,1000-2000人,,西安,合肥-高新区,统招本科,5-10年,15-24k,,,,https://www.liepin.com/job/1983182455.shtml,20260605111446,,,,
154596,猎聘,能源/化工/环保,化学,CMP/干刻/CVD工程师,企业职位,某合肥电子/半导体/集成电路公司,1-49人,,西安,合肥,统招本科,3年以上,25-30k·14薪,,,,https://www.liepin.com/a/76446725.shtml,20260609165356,,,,
154597,猎聘,能源/化工/环保,化学,钠离子电池工艺研发工程师,企业职位,国轩高科,10000人以上,,西安,合肥-包河区,硕士,3年以上,16-25k·13薪,,,,https://www.liepin.com/job/1982102061.shtml,20260525155235,,,,
154598,猎聘,能源/化工/环保,化学,CVD设备工程师,企业职位,某知名公司,1-49人,,西安,合肥-蜀山区,本科,5-10年,25-50k·16薪,,,,https://www.liepin.com/a/75377255.shtml,20260508110510,,,,
154599,猎聘,能源/化工/环保,化学,锂离子电池机理研究工程师,企业职位,合肥综合性国家科学中心能源研究院(安徽省能源实验室),100-499人,,西安,合肥-庐阳区,硕士,经验不限,10-15k,,,,https://www.liepin.com/job/1983120035.shtml,20260603165338,,,,
154600,猎聘,能源/化工/环保,化学,电芯仿真主任工程师,企业职位,某国内整车制造上市公司,10000人以上,,西安,芜湖,统招本科,5-10年,20-35k·15薪,,,,https://www.liepin.com/a/75626765.shtml,20260513150351,,,,
154601,猎聘,能源/化工/环保,化学,厂务运营总监 19531,企业职位,长鑫存储技术有限公司,2000-5000人,,西安,合肥-经开区,统招本科,10年以上,50-70k·16薪,,,,https://www.liepin.com/job/1982771115.shtml,20260609081609,,,,
154602,猎聘,能源/化工/环保,化学,招标及工程采购,企业职位,凯赛生物,100-499人,,西安,合肥-蜀山区,统招本科,3年以上,8-15k,,,,https://www.liepin.com/job/1976125795.shtml,20260609092415,,,,
154603,猎聘,能源/化工/环保,化学,生产总监,企业职位,安徽元琛环保科技股份有限公司,100-499人,,西安,合肥-新站区,统招本科,5年以上,30-50k,,,,https://www.liepin.com/job/1955217131.shtml,20260513173448,,,,
154604,猎聘,能源/化工/环保,化学,实验室材料工程师,企业职位,融捷股份有限公司,500-999人,,西安,合肥-巢湖,统招本科,1-3年,8-12k,,,,https://www.liepin.com/job/1982983081.shtml,20260609085442,,,,
154605,猎聘,能源/化工/环保,化学,pack结构工程师(J15440),企业职位,国轩高科,10000人以上,,西安,合肥,本科,1-3年,12-20k,,,,https://www.liepin.com/job/1982736317.shtml,20260526081747,,,,
154606,猎聘,能源/化工/环保,化学,研发工艺整合工程师 | TD PIE(J13703),企业职位,长鑫存储技术有限公司,2000-5000人,,西安,合肥-蜀山区,硕士,2年以上,20-40k·15薪,,,,https://www.liepin.com/job/1977651753.shtml,20251212143347,,,,
154607,猎聘,能源/化工/环保,化学,仓库经理/主管,企业职位,江苏中兴派能电池有限公司,2000-5000人,,西安,合肥-肥西县,大专,3年以上,11-16k·16薪,,,,https://www.liepin.com/job/1982728321.shtml,20260521103415,,,,
154608,猎聘,能源/化工/环保,化学,电芯测试工程师,企业职位,摩芮思科技咨询,100-499人,,西安,合肥-经开区,本科,3年以上,13-18k·13薪,,,,https://www.liepin.com/job/1981183889.shtml,20260324110248,,,,
154609,猎聘,能源/化工/环保,化学,品质副总经理,企业职位,国科能源技术创新中心(合肥)有限公司,100-499人,,西安,合肥-蜀山区,本科,5年以上,20-40k,,,,https://www.liepin.com/job/1983019433.shtml,20260601104344,,,,
154610,猎聘,能源/化工/环保,化学,能源管理工程师,企业职位,国轩高科,10000人以上,,西安,合肥-包河区,本科,3年以上,13-20k,,,,https://www.liepin.com/job/1982725225.shtml,20260521094448,,,,
154611,猎聘,能源/化工/环保,化学,区域销售经理（安徽）,企业职位,携光生物,100-499人,,西安,合肥-高新区,大专,2年以上,7-15k,,,,https://www.liepin.com/job/1982670889.shtml,20260519153811,,,,
154612,猎聘,能源/化工/环保,化学,库房助理经理,企业职位,某合肥整车制造公司,100-499人,,西安,合肥,大专,3-5年,13-18k·15薪,,,,https://www.liepin.com/a/76349505.shtml,20260603104958,,,,
154613,猎聘,能源/化工/环保,化学,设备装机经理/工程师,企业职位,某合肥大型电子/半导体/集成电路公司,2000-5000人,,西安,合肥,统招本科,5年以上,25-50k·15薪,,,,https://www.liepin.com/a/76238083.shtml,20260601090511,,,,
154614,猎聘,能源/化工/环保,化学,气化工程师,企业职位,翌光科技有限公司,100-499人,,西安,淮北-相山区,本科,3年以上,10-13k·13薪,,,,https://www.liepin.com/job/1969535215.shtml,20260515103434,,,,
154615,猎聘,能源/化工/环保,化学,水处理技术员 I WT Technician(J17246),企业职位,长鑫存储技术有限公司,2000-5000人,,西安,合肥-蜀山区,大专,经验不限,5-8k·15薪,,,,https://www.liepin.com/job/1977217837.shtml,20251210145341,,,,
154616,猎聘,能源/化工/环保,化学,正极材料研发工程师【富锂锰基方向】（工程研究总院）,企业职位,国轩高科,10000人以上,,西安,合肥-包河区,统招本科,4-6年,15-25k·13薪,,,,https://www.liepin.com/job/1982972755.shtml,20260529101027,,,,
154617,猎聘,能源/化工/环保,化学,材料测试工程师（base武汉）,企业职位,合肥阿基米德电子科技有限公司,100-499人,,西安,合肥-高新区,本科,2年以上,15-25k,,,,https://www.liepin.com/job/1980603979.shtml,20260520141315,,,,
154618,猎聘,能源/化工/环保,化学,电芯仿真主任工程师,企业职位,某国内整车制造上市公司,10000人以上,,西安,芜湖,学历不限,5-10年,20-25k·15薪,,,,https://www.liepin.com/a/75471887.shtml,20260509164900,,,,
154619,猎聘,能源/化工/环保,化学,大宗气工程师 | Gas Engineer(J10151),企业职位,安徽聚合微电子有限公司,,,西安,合肥-蜀山区,大专,3年以上,12-20k,,,,https://www.liepin.com/job/1982683587.shtml,20260519200904,,,,
154620,猎聘,能源/化工/环保,化学,物性失效分析工程师-PFA Lab Engineer(J18481),企业职位,长鑫存储技术有限公司,2000-5000人,,西安,合肥-蜀山区,本科,3年以上,15-30k·15薪,,,,https://www.liepin.com/job/1982013313.shtml,20260506092917,,,,
154621,猎聘,能源/化工/环保,化学,磷酸铁锂材料资深/高级研发工程师（工研总院）,企业职位,国轩高科,10000人以上,,西安,合肥-包河区,硕士,4年以上,15-24k·13薪,,,,https://www.liepin.com/job/1982137323.shtml,20260529104423,,,,
154622,猎聘,能源/化工/环保,化学,研发值班工程师,企业职位,长鑫存储技术有限公司,2000-5000人,,西安,合肥-蜀山区,统招本科,1-3年,10-15k·15薪,,,,https://www.liepin.com/job/1979716931.shtml,20260330110854,,,,
154623,猎聘,能源/化工/环保,化学,助理材料工程师,企业职位,某知名上市公司,10000人以上,,西安,合肥,统招本科,1-3年,9-14k,,,,https://www.liepin.com/a/74088951.shtml,20260609164839,,,,
154624,猎聘,能源/化工/环保,化学,大客户经理（半导体）,企业职位,某合肥电子/半导体/集成电路公司,100-499人,,西安,合肥,本科,3-5年,30-50k,,,,https://www.liepin.com/a/75914297.shtml,20260521150023,,,,
154625,猎聘,能源/化工/环保,化学,库房助理经理,企业职位,某合肥大型汽车零部件及配件公司,5000-10000人,,西安,合肥,学历不限,经验不限,13-18k·16薪,,,,https://www.liepin.com/a/76306829.shtml,20260602131514,,,,
154626,猎聘,能源/化工/环保,化学,薄膜工艺工程师,企业职位,安徽安德科铭半导体科技股份有限公司,100-499人,,西安,合肥-肥西县,硕士,3-5年,8-14k·14薪,,,,https://www.liepin.com/job/1982559241.shtml,20260515095933,,,,
154627,猎聘,能源/化工/环保,化学,供应商质量发展专家 | SQD Snr Staff Engineer(J17948),企业职位,长鑫存储技术有限公司,2000-5000人,,西安,合肥-蜀山区,本科,5年以上,20-35k·16薪,,,,https://www.liepin.com/job/1979766703.shtml,20260114170918,,,,
154628,猎聘,能源/化工/环保,化学,质谱分析工程师6-10k,企业职位,中轻合盛,100-499人,,西安,滁州-南谯区,本科,3年以上,6-10k,,,,https://www.liepin.com/job/1981854069.shtml,20260608144822,,,,
154629,猎聘,能源/化工/环保,化学,MR-突破性多适应症生物制剂-合肥,企业职位,阿斯利康,10000人以上,,西安,合肥-新站区,大专,1-3年,10-18k·13薪,,,,https://www.liepin.com/job/1983165841.shtml,20260604174320,,,,
154630,猎聘,能源/化工/环保,化学,材料分析专家（base武汉）,企业职位,合肥阿基米德电子科技有限公司,100-499人,,西安,合肥-高新区,本科,2年以上,30-60k,,,,https://www.liepin.com/job/1980604877.shtml,20260520141258,,,,
154631,猎聘,能源/化工/环保,化学,复合材料成型和检测技术员,企业职位,凯赛生物,100-499人,,西安,合肥-蜀山区,大专,2年以上,10-20k,,,,https://www.liepin.com/job/1976363323.shtml,20260609092353,,,,
154632,猎聘,能源/化工/环保,化学,二次配工程师-Hookup Engineer,企业职位,安徽聚合微电子有限公司,,,西安,合肥-蜀山区,统招本科,2年以上,12-20k·15薪,,,,https://www.liepin.com/job/1980799035.shtml,20260310144932,,,,
154633,猎聘,能源/化工/环保,化学,质量高级业务主管（电芯）,企业职位,江苏中兴派能电池有限公司,2000-5000人,,西安,合肥-肥西县,本科,5年以上,20-25k·14薪,,,,https://www.liepin.com/job/1982431029.shtml,20260519162520,,,,
154634,猎聘,能源/化工/环保,化学,厂务机械工程师（动力房HVAC）,企业职位,合肥国家实验室,1000-2000人,,西安,合肥-高新区,统招本科,5年以上,15-24k,,,,https://www.liepin.com/job/1982882971.shtml,20260526164925,,,,
154635,猎聘,能源/化工/环保,化学,废水处理工程师,企业职位,合肥国家实验室,1000-2000人,,西安,合肥-高新区,统招本科,5-10年,15-24k,,,,https://www.liepin.com/job/1983182003.shtml,20260605110731,,,,
154636,猎聘,能源/化工/环保,化学,电芯方案,企业职位,国轩高科,10000人以上,,西安,合肥-包河区,本科,5-10年,14-25k,,,,https://www.liepin.com/job/1982690379.shtml,20260520100918,,,,
154637,猎聘,能源/化工/环保,化学,生产技术员,企业职位,中汽新能(滁州)电池科技有限公司,2000-5000人,,西安,滁州-全椒县,大专,1-3年,7-9k,,,,https://www.liepin.com/job/1982794945.shtml,20260602135815,,,,
154638,猎聘,能源/化工/环保,化学,药物合成研究员,企业职位,华东医药,10000人以上,,西安,芜湖-弋江区,本科,1-3年,7-10k·14薪,,,,https://www.liepin.com/job/1976316443.shtml,20260609112846,,,,
154639,猎聘,能源/化工/环保,化学,有机合成高级研究员,企业职位,安徽联创生物医药股份有限公司,100-499人,,西安,淮南-大通区,本科,3-5年,12-24k·13薪,,,,https://www.liepin.com/job/1961820303.shtml,20260602133602,,,,
154640,猎聘,能源/化工/环保,化学,水性树脂应用工程师,企业职位,浙江材华科技有限公司,100-499人,,西安,合肥-经开区,本科,2-5年,12-25k,,,,https://www.liepin.com/job/1980996493.shtml,20260609090454,,,,
154641,猎聘,能源/化工/环保,化学,光刻工艺工程师-Litho Process Engineer(J19364),企业职位,长鑫存储技术有限公司,2000-5000人,,西安,合肥-蜀山区,统招本科,1-3年,15-30k·15薪,,,,https://www.liepin.com/job/1982079381.shtml,20260424172902,,,,
154642,猎聘,能源/化工/环保,化学,ESG供应端,企业职位,某合肥新能源上市公司,10000人以上,,西安,合肥-蜀山区,本科,3年以上,18-23k,,,,https://www.liepin.com/a/76282159.shtml,20260601200102,,,,
154643,猎聘,能源/化工/环保,化学,电池材料开发工程师,企业职位,摩芮思科技咨询,100-499人,,西安,合肥-经开区,硕士,3年以上,13-23k·13薪,,,,https://www.liepin.com/job/1981184021.shtml,20260324110430,,,,
154644,猎聘,能源/化工/环保,化学,质量总监,企业职位,某国内化工公司,100-499人,,西安,合肥,硕士,10年以上,60-90k,,,,https://www.liepin.com/a/75110091.shtml,20260602174901,,,,
154645,猎聘,能源/化工/环保,化学,半导体工艺技术员,企业职位,合肥矽迈微电子科技有限公司,100-499人,,西安,合肥-高新区,大专,1-3年,6-10k·13薪,,,,https://www.liepin.com/job/1976037395.shtml,20260603103105,,,,
154646,猎聘,能源/化工/环保,化学,理化检测工程师,企业职位,中轻合盛,100-499人,,西安,滁州-南谯区,本科,5年以上,6-10k,,,,https://www.liepin.com/job/1981854259.shtml,20260608144822,,,,
154647,猎聘,能源/化工/环保,化学,光刻工艺工程师,企业职位,四川益丰电子科技有限公司,50-99人,,西安,合肥-新站区,统招本科,3年以上,15-20k·15薪,,,,https://www.liepin.com/job/1982984045.shtml,20260529142957,,,,
154648,猎聘,能源/化工/环保,化学,电池寿命仿真,企业职位,上海轩邑,10000人以上,,西安,合肥-新站区,统招本科,5年以上,15-35k·13薪,,,,https://www.liepin.com/job/1972631693.shtml,20260519084501,,,,
154649,猎聘,能源/化工/环保,化学,研磨设备工程师 I CMP Equipment Engineer(J11093),企业职位,长鑫存储技术有限公司,2000-5000人,,西安,合肥-蜀山区,本科,1年以上,12-20k·15薪,,,,https://www.liepin.com/job/1971933273.shtml,20250114172634,,,,
154650,猎聘,能源/化工/环保,化学,博士/博士后人才,企业职位,安徽联创生物医药股份有限公司,100-499人,,西安,合肥-肥西县,博士,经验不限,15-45k,,,,https://www.liepin.com/job/1966298923.shtml,20260602133557,,,,
154651,猎聘,能源/化工/环保,化学,量测技术研发工程师(J10901),企业职位,合肥晶合集成电路股份有限公司,5000-10000人,,西安,合肥,本科,1年以上,8-16k·15薪,,,,https://www.liepin.com/job/1983133205.shtml,20260604083703,,,,
154652,猎聘,能源/化工/环保,化学,电芯研发工程师(J11129),企业职位,江苏中兴派能电池有限公司,2000-5000人,,西安,合肥-肥西县,本科,2年以上,12-16k·14薪,,,,https://www.liepin.com/job/1982783531.shtml,20260522165910,,,,
154653,猎聘,能源/化工/环保,化学,正极材料研发工程师/主任/专家（锰铁锂/铁锂）,企业职位,上海轩邑,10000人以上,,西安,合肥-包河区,硕士,3年以上,15-35k·13薪,,,,https://www.liepin.com/job/1980092007.shtml,20260609090715,,,,
154654,猎聘,能源/化工/环保,化学,工艺工程师,企业职位,会通新材料股份有限公司,2000-5000人,,西安,合肥-蜀山区,本科,1-3年,10-15k·14薪,,,,https://www.liepin.com/job/1972667947.shtml,20260523102344,,,,
154655,猎聘,能源/化工/环保,化学,IE产能规划工程师,企业职位,某合肥大型电子/半导体/集成电路公司,5000-10000人,,西安,合肥,学历不限,5年以上,20-40k·15薪,,,,https://www.liepin.com/a/76220721.shtml,20260603192050,,,,
154656,猎聘,能源/化工/环保,化学,半导体工艺研发岗位,企业职位,某合肥专业技术服务公司,1-49人,,西安,合肥,统招本科,5-10年,22-40k·15薪,,,,https://www.liepin.com/a/74398525.shtml,20260608111800,,,,
154657,猎聘,能源/化工/环保,化学,硅碳负极材料高级/资深工程师,企业职位,合肥星拓技术有限公司,1-49人,,西安,合肥-庐江县,统招本科,1年以上,10-30k·14薪,,,,https://www.liepin.com/job/1981512973.shtml,20260406000945,,,,
154658,猎聘,能源/化工/环保,化学,医药专利专员,企业职位,某合肥制药公司,1-49人,,西安,合肥,本科,1-3年,9-14k,,,,https://www.liepin.com/a/75051883.shtml,20260605113620,,,,
154659,猎聘,能源/化工/环保,化学, 研发技术工程师,企业职位,某国内石化上市公司,100-499人,,西安,合肥,博士,3-5年,40-45k,,,,https://www.liepin.com/a/76110359.shtml,20260527135324,,,,
154660,猎聘,能源/化工/环保,化学,FAE现场应用工程师（合肥）,企业职位,上海精测半导体,500-999人,,西安,合肥-蜀山区,统招本科,3年以上,12-20k·16薪,,,,https://www.liepin.com/job/1978303731.shtml,20260603155154,,,,
154661,猎聘,能源/化工/环保,化学,钠电体系研发工程师(J14383),企业职位,国轩高科,10000人以上,,西安,合肥-包河区,硕士,3-5年,15-25k·13薪,,,,https://www.liepin.com/job/1977614435.shtml,20260511110201,,,,
154662,猎聘,能源/化工/环保,化学,材料匹配资深/高级开发工程师（工研总院）,企业职位,国轩高科,10000人以上,,西安,合肥-包河区,硕士,4年以上,14-25k·13薪,,,,https://www.liepin.com/job/1979713567.shtml,20260330100902,,,,
154663,猎聘,能源/化工/环保,化学,大客户销售（高校科研）,企业职位,欧世盛科技,100-499人,,西安,合肥-瑶海区,本科,5-10年,10-18k,,,,https://www.liepin.com/job/1979142841.shtml,20260609134023,,,,
154664,猎聘,能源/化工/环保,化学,制剂研究员,企业职位,某合肥制药公司,1-49人,,西安,合肥,本科,1-3年,16-22k,,,,https://www.liepin.com/a/75051807.shtml,20260605113620,,,,
154665,猎聘,能源/化工/环保,化学,销售经理,企业职位,某大型知名医疗器械公司,1000-2000人,,西安,合肥,学历不限,3-5年,8-12k,,,,https://www.liepin.com/a/75929501.shtml,20260526092718,,,,
154666,猎聘,能源/化工/环保,化学,电芯仿真主任工程师,企业职位,某国内整车制造上市公司,10000人以上,,西安,芜湖,硕士,1-3年,25-40k·15薪,,,,https://www.liepin.com/a/73288401.shtml,20260312104717,,,,
154667,猎聘,能源/化工/环保,化学,有机合成组长,企业职位,华东医药,10000人以上,,西安,芜湖-弋江区,博士,1-3年,20-25k·14薪,,,,https://www.liepin.com/job/1981642927.shtml,20260609112846,,,,
154668,猎聘,能源/化工/环保,化学,半导体工程师,企业职位,合肥露笑半导体材料有限公司,50-99人,,西安,合肥-长丰县,硕士,经验不限,10-30k,,,,https://www.liepin.com/job/1978691983.shtml,20260516104146,,,,
154669,猎聘,能源/化工/环保,化学,合成工艺技术员,企业职位,安徽英纳威迅科技有限公司,1-49人,,西安,合肥-高新区,本科,3年以上,7-10k,,,,https://www.liepin.com/job/1981560041.shtml,20260526131910,,,,
154670,猎聘,能源/化工/环保,化学,QC质量经理,企业职位,某苏州新能源公司,100-499人,,西安,淮南,本科,5-10年,15-18k,,,,https://www.liepin.com/a/75700529.shtml,20260604142628,,,,
154671,猎聘,能源/化工/环保,化学,材料开发工程师（微球开发）,企业职位,仪器仪表上市公司,500-999人,,西安,合肥,学历不限,10年以上,25-40k,,,,https://www.liepin.com/a/74348041.shtml,20260521110118,,,,
154672,猎聘,能源/化工/环保,化学,滚镀电镀工程师（上市半导体封装企业）,企业职位,某国内电子/半导体/集成电路上市公司,100-499人,,西安,铜陵,大专,5-10年,12-20k·13薪,,,,https://www.liepin.com/a/75048557.shtml,20260609082919,,,,
154673,猎聘,能源/化工/环保,化学,供应商 ESG/可持续发展管理/社会责任管理专员,企业职位,某合肥新能源上市公司,10000人以上,,西安,合肥-蜀山区,统招本科,3年以上,15-20k,,,,https://www.liepin.com/a/76036615.shtml,20260525194015,,,,
154674,猎聘,能源/化工/环保,化学,特气工程师（有硅烷气体管理经验优先）,企业职位,合肥星拓技术有限公司,1-49人,,西安,合肥-庐江县,大专,1年以上,7-15k,,,,https://www.liepin.com/job/1983035483.shtml,20260601152855,,,,
154675,猎聘,能源/化工/环保,化学,研发工程师（香精香料）,企业职位,某国内石化上市公司,100-499人,,西安,合肥-肥东县,博士,经验不限,25-45k,,,,https://www.liepin.com/a/76153339.shtml,20260528112030,,,,
154676,猎聘,能源/化工/环保,化学,IQC工程师,企业职位,某国内新能源上市公司,10000人以上,,西安,合肥,统招本科,2年以上,13-23k·16薪,,,,https://www.liepin.com/a/75784643.shtml,20260518164546,,,,
154677,猎聘,能源/化工/环保,化学,半导体设备工程师,企业职位,某深圳大型电子/半导体/集成电路公司,2000-5000人,,西安,合肥,统招本科,1-3年,15-30k·15薪,,,,https://www.liepin.com/a/74407547.shtml,20260527153347,,,,
154678,猎聘,能源/化工/环保,化学,供应商质量管理系列岗位,企业职位,某合肥整车制造上市公司,10000人以上,,西安,合肥,本科,5年以上,25-40k,,,,https://www.liepin.com/a/75831717.shtml,20260519163516,,,,
154679,猎聘,能源/化工/环保,化学,有机合成研究员,企业职位,药明合联,2000-5000人,,西安,合肥-高新区,硕士,2-5年,11-13k·14薪,,,,https://www.liepin.com/job/1981225543.shtml,20260511201756,,,,
154680,猎聘,能源/化工/环保,化学,项目管理师-海外电芯项目,企业职位,国轩高科,10000人以上,,西安,合肥-包河区,硕士,1-3年,15-25k·13薪,,,,https://www.liepin.com/job/1974863871.shtml,20260519152827,,,,
154681,猎聘,能源/化工/环保,化学,电解液研发工程师,企业职位,上海轩邑,10000人以上,,西安,合肥-包河区,统招本科,5-10年,20-30k·13薪,,,,https://www.liepin.com/job/1972131457.shtml,20260529112717,,,,
154682,猎聘,能源/化工/环保,化学,光刻工艺工程师,企业职位,某知名公司,10000人以上,,西安,合肥,统招本科,2年以上,20-40k·15薪,,,,https://www.liepin.com/a/74683261.shtml,20260609120703,,,,
154683,猎聘,能源/化工/环保,化学,工艺现场工程师,企业职位,某深圳大型电子/半导体/集成电路公司,2000-5000人,,西安,合肥,统招本科,1-3年,15-30k·15薪,,,,https://www.liepin.com/a/74407453.shtml,20260527153347,,,,
154684,猎聘,能源/化工/环保,化学,串联质谱产线大区经理,企业职位,安图生物,5000-10000人,,西安,合肥-高新区,统招本科,2年以上,10-20k,,,,https://www.liepin.com/job/1980933511.shtml,20260314112404,,,,
154685,猎聘,能源/化工/环保,化学,实验员（研发）,企业职位,合肥国轩循环科技有限公司,100-499人,,西安,合肥-肥东县,统招本科,1-3年,5-7k·13薪,,,,https://www.liepin.com/job/1981622081.shtml,20260603111644,,,,
154686,猎聘,能源/化工/环保,化学,材料表征与分析工程师(研发部）,企业职位,合肥国轩循环科技有限公司,100-499人,,西安,合肥-肥东县,统招本科,1-3年,8-12k·13薪,,,,https://www.liepin.com/job/1981622391.shtml,20260603111634,,,,
154687,猎聘,能源/化工/环保,化学,研发技术工程师,企业职位,某国内石化上市公司,100-499人,,西安,合肥,博士,3年以上,20-40k,,,,https://www.liepin.com/a/76101363.shtml,20260527105722,,,,
154688,猎聘,能源/化工/环保,化学,赤泥资源化工艺开发工程师,企业职位,某国内知名专业技术服务公司,1-49人,,西安,芜湖,硕士,3-5年,20-35k,,,,https://www.liepin.com/a/74645149.shtml,20260509145552,,,,
154689,猎聘,能源/化工/环保,化学,研发专家,企业职位,某国内新材料公司,100-499人,,西安,合肥,博士,10年以上,50-80k·18薪,,,,https://www.liepin.com/a/76176623.shtml,20260601152727,,,,
154690,猎聘,能源/化工/环保,化学,研发专家,企业职位,某国内新材料公司,100-499人,,西安,合肥,博士,5-10年,60-90k,,,,https://www.liepin.com/a/76049729.shtml,20260526103235,,,,
154691,猎聘,能源/化工/环保,化学,原料药国际BD,企业职位,安徽联创生物医药股份有限公司,100-499人,,西安,合肥-肥西县,本科,经验不限,8-15k·13薪,,,,https://www.liepin.com/job/1960404207.shtml,20260602133557,,,,
154692,猎聘,能源/化工/环保,化学,项目工程师（CDMO）,企业职位,安徽皓元药业有限公司,100-499人,,西安,马鞍山-花山区,本科,3年以上,10-20k·13薪,,,,https://www.liepin.com/job/1977640719.shtml,20260527130600,,,,
154693,猎聘,能源/化工/环保,化学,多肽纯化研究员,企业职位,药明合联,2000-5000人,,西安,合肥-高新区,硕士,5年以上,13-17k·14薪,,,,https://www.liepin.com/job/1981380601.shtml,20260511201756,,,,
154694,猎聘,能源/化工/环保,化学,生物基尼龙改性研发技术员,企业职位,凯赛生物,100-499人,,西安,合肥-蜀山区,大专,1-3年,5-10k,,,,https://www.liepin.com/job/1976354743.shtml,20260609092411,,,,
154695,猎聘,能源/化工/环保,化学,多肽项目经理,企业职位,安徽联创生物医药股份有限公司,100-499人,,西安,合肥,硕士,5-10年,15-30k·13薪,,,,https://www.liepin.com/job/1960398039.shtml,20260602133602,,,,
154696,猎聘,能源/化工/环保,化学,AI 开发及应用工程师,企业职位,某合肥学术/科研公司,1-49人,,西安,合肥-高新区,学历不限,3-5年,15-25k,,,,https://www.liepin.com/a/75535827.shtml,20260511175242,,,,
154697,猎聘,能源/化工/环保,化学,催化研发工程师（碳捕集方向）,企业职位,某国内知名专业技术服务公司,1-49人,,西安,芜湖,硕士,3-5年,20-35k,,,,https://www.liepin.com/a/74645269.shtml,20260509145552,,,,
154698,猎聘,能源/化工/环保,化学,电池系统工程师(J24609),企业职位,奇瑞集团,5000-10000人,,西安,芜湖-弋江区,本科,5年以上,20-40k·15薪,,,,https://www.liepin.com/job/1980148119.shtml,20260604083346,,,,
154699,猎聘,能源/化工/环保,化学,电芯体系开发,企业职位,奇瑞汽车,10000人以上,,西安,芜湖-弋江区,硕士,7年以上,20-28k·15薪,,,,https://www.liepin.com/job/1981517207.shtml,20260609181814,,,,
154700,猎聘,能源/化工/环保,化学,电芯研发工程师/主任/专家,企业职位,上海轩邑,10000人以上,,西安,合肥-新站区,硕士,4年以上,15-35k·13薪,,,,https://www.liepin.com/job/1981558041.shtml,20260609090715,,,,
154701,猎聘,能源/化工/环保,化学,OLED新材料研究员(博士),企业职位,合肥鼎材科技有限公司,100-499人,,西安,合肥-瑶海区,博士,3-5年,20-40k,,,,https://www.liepin.com/job/1979058317.shtml,20251210172203,,,,
154702,猎聘,能源/化工/环保,化学,CO₂基聚合物工艺开发工程师,企业职位,某国内知名专业技术服务公司,1-49人,,西安,芜湖,硕士,3-5年,20-35k,,,,https://www.liepin.com/a/74644945.shtml,20260509145552,,,,
154703,猎聘,能源/化工/环保,化学,工艺主管,企业职位,上海轩邑,10000人以上,,西安,合肥-肥东县,硕士,3年以上,30-50k·13薪,,,,https://www.liepin.com/job/1980395345.shtml,20260514170702,,,,
154704,猎聘,能源/化工/环保,化学,光刻设备工程师,企业职位,某合肥电子/半导体/集成电路上市公司,500-999人,,西安,合肥,统招本科,3-5年,25-50k·16薪,,,,https://www.liepin.com/a/76059049.shtml,20260609114533,,,,
154705,猎聘,能源/化工/环保,化学,生产制造工程师,企业职位,安徽晶镁光罩,100-499人,,西安,合肥-新站区,大专,1-3年,6-10k·14薪,,,,https://www.liepin.com/job/1982496129.shtml,20260604145033,,,,
154706,猎聘,能源/化工/环保,化学,工艺整合工程师,企业职位,某合肥专业技术服务公司,1-49人,,西安,合肥,统招本科,5-10年,17-30k,,,,https://www.liepin.com/a/73351331.shtml,20260526135822,,,,
154707,猎聘,能源/化工/环保,化学,AMC研发工程师,企业职位,中用科技有限公司,100-499人,,西安,合肥-经开区,硕士,5-10年,15-45k,,,,https://www.liepin.com/job/1983149361.shtml,20260604134837,,,,
154708,猎聘,能源/化工/环保,化学,环境/健康/安全管理,企业职位,韩拓科技,100-499人,,西安,滁州-全椒县,本科,3年以上,8-13k,,,,https://www.liepin.com/job/1979745007.shtml,20260608143353,,,,
154709,猎聘,能源/化工/环保,化学,设备装机工程师,猎头职位,某大型知名电子/半导体/集成电路公司,2000-5000人,,西安,合肥,统招本科,3-5年,20-30k·16薪,,,,https://www.liepin.com/a/76194913.shtml,20260608092751,,,,
154710,猎聘,能源/化工/环保,化学,研发专家,猎头职位,某国内知名新材料公司,100-499人,,西安,芜湖,博士,10年以上,70-95k,,,,https://www.liepin.com/a/76103257.shtml,20260527111424,,,,
154711,猎聘,能源/化工/环保,化学,省属国企水泥窑炉（燃料代替）,猎头职位,某国内知名专业技术服务公司,1-49人,,西安,芜湖,硕士,3-5年,20-40k,,,,https://www.liepin.com/a/75183855.shtml,20260509145552,,,,
154712,猎聘,能源/化工/环保,化学,世界百强德资主机厂-价值工程师（ADAS）,猎头职位,某国内大型整车制造公司,5000-10000人,,西安,合肥,统招本科,5-10年,25-30k·15薪,,,,https://www.liepin.com/a/75863963.shtml,20260526100530,,,,
154713,猎聘,能源/化工/环保,化学,PI浆料销售工程师（聚酰亚胺浆料方向/新材料行业）,猎头职位,某合肥新材料公司,50-99人,,西安,合肥,统招本科,3-5年,13-20k,,,,https://www.liepin.com/a/76344413.shtml,20260603095935,,,,
154714,猎聘,能源/化工/环保,化学,【国企】质量工程师（电子特气方向/外包岗位）,猎头职位,某国内化工公司,1-49人,,西安,安庆-桐城,统招本科,3-5年,18-22k,,,,https://www.liepin.com/a/75630167.shtml,20260513154109,,,,
154715,猎聘,能源/化工/环保,化学,研究员,猎头职位,某国内计算机软件公司,50-99人,,西安,合肥,博士,经验不限,26-40k,,,,https://www.liepin.com/a/76013501.shtml,20260525142257,,,,
154716,猎聘,能源/化工/环保,化学,商务拓展,猎头职位,某国内环保上市公司,100-499人,,西安,合肥,本科,5-10年,18-26k,,,,https://www.liepin.com/a/75723225.shtml,20260602090421,,,,
154717,猎聘,能源/化工/环保,化学,材料研发经理,猎头职位,某国内新材料公司,50-99人,,西安,安庆,统招本科,3-5年,25-50k,,,,https://www.liepin.com/a/75619299.shtml,20260603141704,,,,
154718,猎聘,能源/化工/环保,化学,硬件测试工程师-车企,猎头职位,某大型整车制造公司,1000-2000人,,西安,合肥,统招本科,3-5年,20-40k,,,,https://www.liepin.com/a/76071149.shtml,20260526153733,,,,
154719,猎聘,能源/化工/环保,化学,销售工程师,猎头职位,某国内大型化工公司,500-999人,,西安,黄山-徽州区,本科,3年以上,8-11k,,,,https://www.liepin.com/a/76154311.shtml,20260601155229,,,,
154720,猎聘,能源/化工/环保,化学,电池工程师（电芯仿真主任工程师,猎头职位,某国内整车制造上市公司,10000人以上,,西安,芜湖,统招本科,经验不限,30-50k,,,,https://www.liepin.com/a/74519779.shtml,20260411123316,,,,
154721,猎聘,能源/化工/环保,化学,固态电芯开发,猎头职位,某国内大型整车制造公司,10000人以上,,西安,合肥,硕士,经验不限,30-60k·15薪,,,,https://www.liepin.com/a/75992877.shtml,20260604113239,,,,
154722,猎聘,能源/化工/环保,化学,电芯原材料采购,猎头职位,某合肥新能源上市公司,10000人以上,,西安,合肥,统招本科,5-10年,1-2k·15薪,,,,https://www.liepin.com/a/75190207.shtml,20260609210752,,,,
154723,猎聘,能源/化工/环保,化学,环卫项目物业经理,猎头职位,某合肥大型工程施工公司,5000-10000人,,西安,合肥,统招本科,5-10年,15-20k,,,,https://www.liepin.com/a/76364397.shtml,20260609141320,,,,
154724,猎聘,能源/化工/环保,化学,药物合成研究员-日语&英语-合肥,猎头职位,某国内机械/设备公司,50-99人,,西安,合肥,学历不限,1-3年,6-10k·14薪,,,,https://www.liepin.com/a/75819471.shtml,20260527091508,,,,
154725,猎聘,能源/化工/环保,化学, 【合肥】应用工程师（日语）,猎头职位,某上海电子/半导体/集成电路公司,100-499人,,西安,合肥,硕士,经验不限,11-20k·14薪,,,,https://www.liepin.com/a/76329913.shtml,20260602173717,,,,
154726,猎聘,能源/化工/环保,化学,原料药负责人,猎头职位,某合肥制药公司,100-499人,,西安,合肥-肥东县,本科,10年以上,50-80k,,,,https://www.liepin.com/a/76127705.shtml,20260527170805,,,,
154727,猎聘,能源/化工/环保,化学,电池开发,猎头职位,某合肥科技推广服务公司,,,西安,合肥,统招本科,5年以上,20-40k·15薪,,,,https://www.liepin.com/a/75303501.shtml,20260506153929,,,,
154728,猎聘,能源/化工/环保,化学,工艺工程师,猎头职位,某合肥电子/半导体/集成电路公司,100-499人,,西安,合肥,本科,3-5年,18-24k·15薪,,,,https://www.liepin.com/a/75537293.shtml,20260511175628,,,,
154729,猎聘,能源/化工/环保,化学,合肥区域销售经理,猎头职位,某北京环保上市公司,100-499人,,西安,合肥,统招本科,5-10年,8-12k,,,,https://www.liepin.com/a/75891065.shtml,20260605171221,,,,
154730,猎聘,能源/化工/环保,化学,海外质量安全合规（也可考虑欧盟籍员工 德籍/法籍/英籍）,猎头职位,某国内大型其他行业公司,10000人以上,,西安,芜湖,本科,10年以上,26-50k,,,,https://www.liepin.com/a/74963403.shtml,20260609233111,,,,
154731,猎聘,能源/化工/环保,化学,黄光工程师,猎头职位,某合肥电子/半导体/集成电路公司,1-49人,,西安,合肥,统招本科,3年以上,25-30k·14薪,,,,https://www.liepin.com/a/76445879.shtml,20260609165356,,,,
154732,猎聘,能源/化工/环保,化学,热管理/热设计,猎头职位,某合肥电子/半导体/集成电路公司,100-499人,,西安,合肥,学历不限,10年以上,40-70k·13薪,,,,https://www.liepin.com/a/74395365.shtml,20260609114235,,,,
154733,猎聘,能源/化工/环保,化学,环卫物业项目经理,猎头职位,某合肥大型工程施工公司,5000-10000人,,西安,合肥,学历不限,5-10年,9-12k·13薪,,,,https://www.liepin.com/a/76346399.shtml,20260608141522,,,,
154734,猎聘,能源/化工/环保,化学,汽车供应商质量控制岗系列,猎头职位,某合肥整车制造上市公司,10000人以上,,西安,合肥,统招本科,5-10年,20-40k·14薪,,,,https://www.liepin.com/a/75819887.shtml,20260519165048,,,,
154735,猎聘,能源/化工/环保,化学,医疗无菌 质量经理,猎头职位,某合肥制药公司,100-499人,,西安,合肥,本科,3-5年,10-15k·13薪,,,,https://www.liepin.com/a/75282177.shtml,20260604102120,,,,
154736,猎聘,能源/化工/环保,化学,质量总监,猎头职位,某国内化工公司,100-499人,,西安,合肥,本科,5-10年,30-35k·15薪,,,,https://www.liepin.com/a/73239489.shtml,20260525140657,,,,
154737,猎聘,能源/化工/环保,化学,清洗工艺工程师,猎头职位,某合肥电子/半导体/集成电路公司,100-499人,,西安,合肥,本科,3-5年,15-30k·15薪,,,,https://www.liepin.com/a/76041283.shtml,20260526090849,,,,
154738,猎聘,能源/化工/环保,化学,固态电池工程师,猎头职位,某大连整车制造上市公司,10000人以上,,西安,芜湖,本科,3-5年,20-40k,,,,https://www.liepin.com/a/74405941.shtml,20260408195018,,,,
154739,猎聘,能源/化工/环保,化学,电芯仿真主任工程师,猎头职位,某国内整车制造上市公司,10000人以上,,西安,芜湖,硕士,经验不限,25-35k,,,,https://www.liepin.com/a/74968711.shtml,20260423094603,,,,
154740,猎聘,能源/化工/环保,化学,四大工艺——汽车主机厂,猎头职位,某国内整车制造上市公司,10000人以上,,西安,芜湖,统招本科,5-10年,15-30k·15薪,,,,https://www.liepin.com/a/75844461.shtml,20260519232703,,,,
154741,猎聘,能源/化工/环保,化学,电芯仿真主任工程师,猎头职位,某国内整车制造上市公司,10000人以上,,西安,芜湖,学历不限,3-5年,25-40k·15薪,,,,https://www.liepin.com/a/75194389.shtml,20260429154009,,,,
154742,猎聘,能源/化工/环保,化学,物业项目经理,猎头职位,某合肥大型工程施工公司,5000-10000人,,西安,合肥,学历不限,3-5年,10-15k,,,,https://www.liepin.com/a/76347369.shtml,20260603102800,,,,
154743,猎聘,能源/化工/环保,化学,供应商质量发展工程师,猎头职位,某知名公司,1-49人,,西安,合肥-蜀山区,本科,5-10年,25-50k·16薪,,,,https://www.liepin.com/a/75378063.shtml,20260508110510,,,,
154744,猎聘,能源/化工/环保,化学,销售（食品农产品检测技术背景  安徽省内  40岁内）,猎头职位,某国内检测认证公司,100-499人,,西安,合肥,统招本科,3-5年,10-15k,,,,https://www.liepin.com/a/74028971.shtml,20260605170855,,,,
154745,猎聘,能源/化工/环保,化学,电芯仿真主任工程师,猎头职位,某国内整车制造上市公司,10000人以上,,西安,芜湖,硕士,3年以上,20-40k·15薪,,,,https://www.liepin.com/a/74939497.shtml,20260422143734,,,,
154746,猎聘,能源/化工/环保,化学,塑料工程师,猎头职位,某知名公司,100-499人,,西安,合肥,学历不限,经验不限,15-25k,,,,https://www.liepin.com/a/75367955.shtml,20260522145210,,,,
154747,猎聘,能源/化工/环保,化学,BD经理,猎头职位,某合肥制药公司,100-499人,,西安,合肥,统招本科,3年以上,15-30k,,,,https://www.liepin.com/a/75726225.shtml,20260608085857,,,,
154748,猎聘,能源/化工/环保,化学,材料研发,猎头职位,某国内新材料公司,50-99人,,西安,安庆,学历不限,经验不限,35-60k,,,,https://www.liepin.com/a/75768455.shtml,20260518135619,,,,
154749,猎聘,能源/化工/环保,化学,材料研发工程师,猎头职位,某合肥医疗器械公司,1-49人,,西安,合肥,统招本科,1-3年,14-24k,,,,https://www.liepin.com/a/75095505.shtml,20260427143449,,,,
154750,猎聘,能源/化工/环保,化学,大分子合成研究员,猎头职位,某合肥制药公司,100-499人,,西安,合肥,硕士,经验不限,17-20k·13薪,,,,https://www.liepin.com/a/74388339.shtml,20260509155814,,,,
154751,猎聘,能源/化工/环保,化学,电芯仿真主任工程师,猎头职位,某国内整车制造上市公司,10000人以上,,西安,芜湖,硕士,3-5年,20-21k,,,,https://www.liepin.com/a/73971533.shtml,20260327142013,,,,
154752,猎聘,能源/化工/环保,化学,【合肥】日语半导体售后工程师,猎头职位,某上海电子/半导体/集成电路公司,100-499人,,西安,合肥,本科,1-3年,9-14k·14薪,,,,https://www.liepin.com/a/76134493.shtml,20260609093748,,,,
154753,猎聘,能源/化工/环保,化学,工艺工程师,猎头职位,某国内新能源上市公司,10000人以上,,西安,芜湖,学历不限,5-10年,20-25k·16薪,,,,https://www.liepin.com/a/75531579.shtml,20260527185957,,,,
154754,猎聘,能源/化工/环保,化学,小核酸药物合成负责人,猎头职位,某国内制药上市公司,2000-5000人,,西安,合肥,学历不限,经验不限,30-60k,,,,https://www.liepin.com/a/74041863.shtml,20260330162307,,,,
154755,猎聘,能源/化工/环保,化学,质量经理,猎头职位,某南京制药公司,100-499人,,西安,合肥,本科,5-10年,25-30k·16薪,,,,https://www.liepin.com/a/75552763.shtml,20260602091502,,,,
154756,猎聘,能源/化工/环保,化学,大分子研究员,猎头职位,某杭州专业技术服务公司,50-99人,,西安,合肥,硕士,3年以上,18-25k,,,,https://www.liepin.com/a/76283413.shtml,20260608092710,,,,
154757,猎聘,能源/化工/环保,化学,分析测试经理（博士）,猎头职位,某国内电子/半导体/集成电路公司,100-499人,,西安,芜湖,博士,3-5年,30-40k,,,,https://www.liepin.com/a/75484271.shtml,20260520092711,,,,
154758,猎聘,能源/化工/环保,化学,电芯仿真主任工程师,猎头职位,某国内整车制造上市公司,10000人以上,,西安,芜湖,硕士,3年以上,23-30k·15薪,,,,https://www.liepin.com/a/75649101.shtml,20260609094737,,,,
154759,猎聘,能源/化工/环保,化学,电子封装与材料专家,猎头职位,某合肥大型电子/半导体/集成电路公司,1000-2000人,,西安,合肥,硕士,5-10年,30-60k,,,,https://www.liepin.com/a/76257339.shtml,20260601135712,,,,
154760,猎聘,能源/化工/环保,化学,BD经理,猎头职位,某合肥生物技术公司,100-499人,,西安,合肥,本科,经验不限,20-30k,,,,https://www.liepin.com/a/75387507.shtml,20260603201408,,,,
154761,猎聘,能源/化工/环保,化学,干法蚀刻设备工程师,猎头职位,某大型电子/半导体/集成电路公司,5000-10000人,,西安,合肥,本科,5-10年,20-35k·15薪,,,,https://www.liepin.com/a/75729885.shtml,20260603095525,,,,
154762,猎聘,能源/化工/环保,化学,多肽合成负责人,猎头职位,某合肥制药公司,100-499人,,西安,合肥,博士,3-5年,40-60k,,,,https://www.liepin.com/a/75708695.shtml,20260607163711,,,,
154763,猎聘,能源/化工/环保,化学,多肽合成项目经理,猎头职位,某合肥生物技术公司,100-499人,,西安,合肥,硕士,5-10年,20-40k,,,,https://www.liepin.com/a/75332451.shtml,20260507100009,,,,
154764,猎聘,能源/化工/环保,化学,品控经理,猎头职位,某上海大型人力资源服务公司,500-999人,,西安,蚌埠-怀远县,大专,经验不限,18-25k,,,,https://www.liepin.com/a/75919155.shtml,20260521161543,,,,
154765,猎聘,能源/化工/环保,化学,同位素研发工程师,猎头职位,某国内化工公司,1-49人,,西安,安庆-桐城,硕士,3-5年,15-20k,,,,https://www.liepin.com/a/73847597.shtml,20260415173936,,,,
154766,猎聘,能源/化工/环保,化学,销售经理,猎头职位,某合肥医药流通公司,1-49人,,西安,合肥,本科,3-5年,14-23k·14薪,,,,https://www.liepin.com/a/74854935.shtml,20260609143703,,,,
154767,猎聘,能源/化工/环保,化学,SCR脱硝催化剂研发工程师,猎头职位,某国内知名专业技术服务公司,1-49人,,西安,芜湖,硕士,3-5年,20-35k,,,,https://www.liepin.com/a/74644911.shtml,20260509145552,,,,
154768,猎聘,能源/化工/环保,化学,新污染物治理技术研发工程师,猎头职位,某国内知名专业技术服务公司,1-49人,,西安,芜湖,硕士,1-3年,20-35k,,,,https://www.liepin.com/a/74645039.shtml,20260509145552,,,,
154769,猎聘,能源/化工/环保,化学,蚀刻工艺/设备工程师/专家   Etch,猎头职位,某电子/半导体/集成电路公司,100-499人,,西安,合肥,本科,3-5年,30-50k·15薪,,,,https://www.liepin.com/a/76036749.shtml,20260608090622,,,,
154770,猎聘,能源/化工/环保,化学,项目经理/主管（ccus+海外）,猎头职位,某国内环保上市公司,500-999人,,西安,马鞍山,本科,10年以上,40-50k,,,,https://www.liepin.com/a/76364169.shtml,20260603144227,,,,
154771,猎聘,能源/化工/环保,化学,材料/工艺工程师（专家）,猎头职位,某合肥大型电子/半导体/集成电路公司,2000-5000人,,西安,合肥,博士,3-5年,30-50k·15薪,,,,https://www.liepin.com/a/75351439.shtml,20260609104433,,,,
154772,猎聘,能源/化工/环保,化学,半导体材料研发工程师/专家,猎头职位,某上海大型电子/半导体/集成电路公司,5000-10000人,,西安,合肥,本科,7年以上,35-65k·16薪,,,,https://www.liepin.com/a/74689901.shtml,20260415173740,,,,
154773,猎聘,能源/化工/环保,化学,热设计专家（AI液冷/微通道冷板MLCP方向）,猎头职位,某合肥电子/半导体/集成电路公司,100-499人,,西安,合肥,统招本科,10年以上,30-35k·13薪,,,,https://www.liepin.com/a/75713503.shtml,20260609094426,,,,
154774,猎聘,能源/化工/环保,化学,核酸合成负责人,猎头职位,某合肥制药公司,100-499人,,西安,合肥,硕士,5年以上,30-55k,,,,https://www.liepin.com/a/74226559.shtml,20260609090324,,,,
154775,猎聘,能源/化工/环保,化学,工艺负责人（偏光片方向）,猎头职位,某合肥电气机械/器材公司,1-49人,,西安,合肥,本科,5-10年,25-30k,,,,https://www.liepin.com/a/75874475.shtml,20260609134815,,,,
154776,猎聘,能源/化工/环保,化学,现场应用工程师（FAE）,猎头职位,某上海电子/半导体/集成电路公司,100-499人,,西安,合肥,本科,1-3年,10-15k,,,,https://www.liepin.com/a/76327419.shtml,20260608150334,,,,
154777,猎聘,能源/化工/环保,化学,海外销售总监,猎头职位,某知名制药公司,100-499人,,西安,合肥,本科,5-10年,30-60k,,,,https://www.liepin.com/a/76033019.shtml,20260525175401,,,,
154778,猎聘,能源/化工/环保,化学,晶圆级先进封装工程师,猎头职位,某合肥大型电子/半导体/集成电路公司,2000-5000人,,西安,合肥,统招本科,3-5年,20-30k,,,,https://www.liepin.com/a/76489651.shtml,20260607075408,,,,
154779,猎聘,能源/化工/环保,化学,深耕半导体核心领域各module方向TF/ETCH/DIFF/LITHO/MI/PIE/YE/CMP工艺/设备工程师/专家,猎头职位,某电子/半导体/集成电路公司,100-499人,,西安,合肥,本科,3年以上,15-30k·15薪,,,,https://www.liepin.com/a/74831759.shtml,20260608090622,,,,
154780,猎聘,能源/化工/环保,化学,设备专家,猎头职位,某知名上市公司,500-999人,,西安,合肥,本科,5-10年,15-25k·14薪,,,,https://www.liepin.com/a/76361801.shtml,20260608092532,,,,
154781,猎聘,能源/化工/环保,化学,工艺负责人（偏光片方向）,猎头职位,某合肥电气机械/器材公司,1-49人,,西安,合肥,本科,5-10年,25-30k,,,,https://www.liepin.com/a/75873277.shtml,20260601172520,,,,
154782,猎聘,能源/化工/环保,化学,BD经理,猎头职位,某合肥制药公司,100-499人,,西安,合肥-蜀山区,统招本科,3-5年,15-30k,,,,https://www.liepin.com/a/75833523.shtml,20260604091757,,,,
154783,猎聘,能源/化工/环保,化学,NPI工程师,猎头职位,某国内知名上市公司,2000-5000人,,西安,芜湖,本科,3年以上,11-16k·13薪,,,,https://www.liepin.com/a/70767075.shtml,20260608104723,,,,
154784,猎聘,能源/化工/环保,化学,制程整合研发工程师/专家,猎头职位,某大型知名电子/半导体/集成电路公司,2000-5000人,,西安,合肥,硕士,5年以上,21-40k·15薪,,,,https://www.liepin.com/a/76281961.shtml,20260601194659,,,,
154785,猎聘,能源/化工/环保,化学,体系工程师,猎头职位,某国内其他制造业公司,100-499人,,西安,芜湖-繁昌区,本科,3年以上,9-14k·13薪,,,,https://www.liepin.com/a/75911029.shtml,20260607185808,,,,
154786,猎聘,能源/化工/环保,化学,半导体工艺整合PIE,猎头职位,某合肥大型电子/半导体/集成电路公司,5000-10000人,,西安,合肥,统招本科,10年以上,70-100k,,,,https://www.liepin.com/a/76342967.shtml,20260603094501,,,,
154787,猎聘,能源/化工/环保,化学,干制程工程经理,猎头职位,某合肥电子/半导体/集成电路公司,100-499人,,西安,合肥,统招本科,3-5年,30-45k,,,,https://www.liepin.com/a/75759415.shtml,20260520145052,,,,
154788,猎聘,能源/化工/环保,化学,多肽合成项目经理,猎头职位,某合肥制药公司,100-499人,,西安,合肥,硕士,5-10年,20-40k,,,,https://www.liepin.com/a/75332331.shtml,20260507095912,,,,
154789,猎聘,能源/化工/环保,化学,BD经理,猎头职位,某合肥制药公司,100-499人,,西安,合肥,本科,3-5年,30-50k,,,,https://www.liepin.com/a/75948049.shtml,20260522115549,,,,
154790,猎聘,能源/化工/环保,化学,光罩清洗研发工程师,猎头职位,某合肥电子/半导体/集成电路公司,100-499人,,西安,合肥,本科,3-5年,18-35k·15薪,,,,https://www.liepin.com/a/76041599.shtml,20260526091402,,,,
154791,猎聘,能源/化工/环保,化学,系统测试工程师,猎头职位,某合肥制药公司,,,西安,合肥,学历不限,5-10年,15-20k·13薪,,,,https://www.liepin.com/a/76382817.shtml,20260603185009,,,,
154792,猎聘,能源/化工/环保,化学,EPI工艺,猎头职位,某合肥专业技术服务公司,1-49人,,西安,合肥,学历不限,5-10年,20-40k·15薪,,,,https://www.liepin.com/a/74675937.shtml,20260608085555,,,,
154793,猎聘,能源/化工/环保,化学,污泥处理工艺与药剂研发工程师,猎头职位,某国内知名专业技术服务公司,1-49人,,西安,芜湖,硕士,3-5年,20-30k,,,,https://www.liepin.com/a/74645063.shtml,20260509145552,,,,
154794,猎聘,能源/化工/环保,化学,量产制程整合经理,猎头职位,某上海电子/半导体/集成电路公司,100-499人,,西安,合肥-蜀山区,学历不限,10年以上,30-50k·15薪,,,,https://www.liepin.com/a/74767133.shtml,20260608102705,,,,
154795,猎聘,能源/化工/环保,化学,电芯开发主任，主管工程师（某电池研究院）,猎头职位,某国内整车制造上市公司,10000人以上,,西安,芜湖,硕士,5-10年,30-50k·15薪,,,,https://www.liepin.com/a/73676145.shtml,20260609083422,,,,
154796,猎聘,能源/化工/环保,化学,BMS标定工程师,猎头职位,某国内整车制造上市公司,10000人以上,,西安,芜湖,本科,5-10年,15-19k,,,,https://www.liepin.com/a/76310993.shtml,20260602182626,,,,
154797,猎聘,能源/化工/环保,化学,多肽合成负责人,猎头职位,某合肥知名制药公司,100-499人,,西安,合肥,硕士,5年以上,20-40k,,,,https://www.liepin.com/a/74512849.shtml,20260423101428,,,,
154798,猎聘,能源/化工/环保,化学,量测研发工程师/专家,猎头职位,某合肥大型电子/半导体/集成电路公司,2000-5000人,,西安,合肥,本科,5-10年,20-40k·15薪,,,,https://www.liepin.com/a/76388569.shtml,20260604085230,,,,
154799,猎聘,能源/化工/环保,化学, III-V族化合物半导体外延工艺专家,猎头职位,某知名电子/半导体/集成电路公司,50-99人,,西安,合肥-蜀山区,博士,5-10年,70-85k,,,,https://www.liepin.com/a/75681093.shtml,20260525142702,,,,
154800,猎聘,能源/化工/环保,化学,技术负责人•1-2万,猎头职位,某合肥食品/饮料/酒水公司,100-499人,,西安,合肥-蜀山区,本科,5年以上,11-20k,,,,https://www.liepin.com/a/75042709.shtml,20260506113213,,,,
154801,猎聘,能源/化工/环保,化学,质量负责人,猎头职位,某知名公司,100-499人,,西安,六安,大专,10年以上,15-25k·14薪,,,,https://www.liepin.com/a/73340277.shtml,20260603183702,,,,
154802,猎聘,能源/化工/环保,化学,汽车涂装工艺工程师,猎头职位,某合肥整车制造上市公司,10000人以上,,西安,合肥-蜀山区,统招本科,5-10年,16-30k·15薪,,,,https://www.liepin.com/a/75016349.shtml,20260603165307,,,,
154803,猎聘,能源/化工/环保,化学,药物合成研究员-日语或英语-合肥,猎头职位,某专业技术服务公司,50-99人,,西安,合肥-经开区,硕士,1-3年,10-15k·13薪,,,,https://www.liepin.com/a/75623349.shtml,20260513144607,,,,
154804,猎聘,能源/化工/环保,化学,量测设备专家,猎头职位,某武汉大型电子/半导体/集成电路公司,10000人以上,,西安,合肥,本科,5-10年,30-50k·15薪,,,,https://www.liepin.com/a/75485343.shtml,20260609094327,,,,
154805,猎聘,能源/化工/环保,化学,半导体外延工艺专家,猎头职位,某合肥电子/半导体/集成电路公司,50-99人,,西安,合肥,博士,5年以上,70-80k,,,,https://www.liepin.com/a/76047649.shtml,20260608092301,,,,
154806,猎聘,能源/化工/环保,化学,工艺经理,猎头职位,某合肥新能源公司,100-499人,,西安,合肥,大专,5-10年,15-25k,,,,https://www.liepin.com/a/75518589.shtml,20260511144612,,,,
154807,猎聘,能源/化工/环保,化学,国企销售经理（汽车材料检测/可靠性检测）,猎头职位,某广州检测认证上市公司,2000-5000人,,西安,合肥-高新区,大专,5-10年,10-15k,,,,https://www.liepin.com/a/75834457.shtml,20260609095032,,,,
154808,猎聘,能源/化工/环保,化学,大分子合成研究员,猎头职位,某合肥制药公司,100-499人,,西安,合肥,硕士,3-5年,15-21k,,,,https://www.liepin.com/a/74511079.shtml,20260604102003,,,,
154809,猎聘,能源/化工/环保,化学,拉伸主管,猎头职位,某合肥石化上市公司,500-999人,,西安,合肥,大专,3-5年,8-12k,,,,https://www.liepin.com/a/74903359.shtml,20260514085908,,,,
154810,猎聘,能源/化工/环保,化学,湿法工程经理,猎头职位,合肥某封测厂,500-999人,,西安,合肥,本科,10年以上,25-35k·13薪,,,,https://www.liepin.com/a/73948323.shtml,20260608105200,,,,
154811,猎聘,能源/化工/环保,化学,检测公司负责人,猎头职位,某国内环保上市公司,100-499人,,西安,宿州,本科,5-10年,15-18k,,,,https://www.liepin.com/a/75497209.shtml,20260602090421,,,,
154812,猎聘,能源/化工/环保,化学,电池工艺开发主管工程师,猎头职位,某国内整车制造上市公司,10000人以上,,西安,芜湖,学历不限,5-10年,26-45k·15薪,,,,https://www.liepin.com/a/74654741.shtml,20260609083422,,,,
154813,猎聘,能源/化工/环保,化学,供应商质量发展工程师,猎头职位,某合肥大型电子/半导体/集成电路公司,5000-10000人,,西安,合肥,硕士,5-10年,25-40k·16薪,,,,https://www.liepin.com/a/74543323.shtml,20260608082031,,,,
154814,猎聘,能源/化工/环保,化学,提取生产主管 ,猎头职位,某苏州机械/设备公司,100-499人,,西安,宣城-宁国,统招本科,5-10年,20-30k,,,,https://www.liepin.com/a/74969619.shtml,20260609091048,,,,
154815,猎聘,能源/化工/环保,化学,研发经理（铝粉、铜金粉）,猎头职位,某合肥石化公司,100-499人,,西安,合肥,本科,5-10年,25-50k,,,,https://www.liepin.com/a/75757815.shtml,20260518105116,,,,
154816,猎聘,能源/化工/环保,化学,农药制剂研发工程师,猎头职位,某国内大型化工公司,1000-2000人,,西安,马鞍山,本科,3-5年,12-15k,,,,https://www.liepin.com/a/75413181.shtml,20260609075926,,,,
154817,猎聘,能源/化工/环保,化学,理科竞赛教练,猎头职位,某知名公司,100-499人,,西安,合肥,统招本科,经验不限,25-50k,,,,https://www.liepin.com/a/74587543.shtml,20260515141725,,,,
154818,猎聘,能源/化工/环保,化学,工艺部长,猎头职位,某知名汽车零部件及配件公司,100-499人,,西安,宣城-广德,大专,5-10年,25-35k,,,,https://www.liepin.com/a/75972675.shtml,20260609084301,,,,
154819,猎聘,能源/化工/环保,化学,半导体工艺整合PIE,猎头职位,某合肥专业技术服务公司,1-49人,,西安,合肥,统招本科,5年以上,25-45k·15薪,,,,https://www.liepin.com/a/75485319.shtml,20260609094327,,,,
154820,猎聘,能源/化工/环保,化学,涂装工艺工程师（涂装机器人方向,猎头职位,某合肥整车制造上市公司,10000人以上,,西安,合肥-蜀山区,统招本科,5-10年,15-30k·15薪,,,,https://www.liepin.com/a/75380001.shtml,20260603165307,,,,
154821,猎聘,能源/化工/环保,化学,研发软糖工程师 - EMEA研发团队,猎头职位,某国内食品/饮料/酒水上市公司,2000-5000人,,西安,马鞍山,硕士,1-3年,20-25k,,,,https://www.liepin.com/a/75787757.shtml,20260604113727,,,,
154822,猎聘,能源/化工/环保,化学,UU销售经理,猎头职位,某合肥医药流通公司,1-49人,,西安,合肥-高新区,学历不限,3-5年,12-20k,,,,https://www.liepin.com/a/74762931.shtml,20260608092201,,,,
154823,猎聘,能源/化工/环保,化学,干制程工程经理,猎头职位,合肥某封测厂,500-999人,,西安,合肥,本科,10年以上,25-35k·13薪,,,,https://www.liepin.com/a/73948405.shtml,20260608105200,,,,
154824,猎聘,能源/化工/环保,化学,质量负责人(B证\无菌制剂),猎头职位,某药业,100-499人,,西安,合肥,统招本科,5年以上,15-25k,,,,https://www.liepin.com/a/76114437.shtml,20260608135352,,,,
154825,猎聘,能源/化工/环保,化学,YE良率课经理/专家/工程师,猎头职位,某大型电子/半导体/集成电路公司,1000-2000人,,西安,合肥,硕士,3年以上,35-65k·15薪,,,,https://www.liepin.com/a/74307995.shtml,20260601101257,,,,
154826,猎聘,能源/化工/环保,化学,量子研究员&博士后（算法/纠错/编译）合肥&北京,猎头职位,某合肥大型通信设备公司,500-999人,,西安,合肥,博士,经验不限,50-80k,,,,https://www.liepin.com/a/76492089.shtml,20260608101506,,,,
154827,猎聘,能源/化工/环保,化学,多肽合成负责人,猎头职位,某国内制药上市公司,2000-5000人,,西安,合肥,学历不限,经验不限,30-60k,,,,https://www.liepin.com/a/74042033.shtml,20260330162509,,,,
154828,猎聘,能源/化工/环保,化学,BMS标定,猎头职位,某北京互联网上市公司,10000人以上,,西安,芜湖,本科,5-10年,15-25k,,,,https://www.liepin.com/a/76303191.shtml,20260602113544,,,,
154829,猎聘,能源/化工/环保,化学,(铜刻蚀液)研发工程师,猎头职位,某合肥新能源公司,100-499人,,西安,合肥,统招本科,5-10年,30-35k,,,,https://www.liepin.com/a/76326965.shtml,20260609163654,,,,
154830,猎聘,能源/化工/环保,化学,工艺整合研发专家,猎头职位,某合肥大型电子/半导体/集成电路公司,5000-10000人,,西安,合肥-蜀山区,统招本科,8年以上,40-60k·16薪,,,,https://www.liepin.com/a/76237803.shtml,20260601085748,,,,
154831,猎聘,能源/化工/环保,化学,蚀刻工程师,猎头职位,某合肥电子/半导体/集成电路公司,100-499人,,西安,合肥,本科,5-7年,13-26k,,,,https://www.liepin.com/a/76121905.shtml,20260527155501,,,,
154832,猎聘,能源/化工/环保,化学,固态电池电芯专家,猎头职位,某国内整车制造上市公司,10000人以上,,西安,芜湖-弋江区,统招本科,10年以上,40-60k,,,,https://www.liepin.com/a/76204785.shtml,20260529141713,,,,
154833,猎聘,能源/化工/环保,化学,新产品工艺整合项目经理,猎头职位,某合肥大型电子/半导体/集成电路公司,2000-5000人,,西安,合肥-经开区,硕士,5-10年,30-60k·15薪,,,,https://www.liepin.com/a/71474361.shtml,20260609082813,,,,
154834,猎聘,能源/化工/环保,化学,汽车涂装工艺工程师,猎头职位,某国内大型整车制造公司,5000-10000人,,西安,安庆-迎江区,大专,2-5年,10-15k·15薪,,,,https://www.liepin.com/a/74639495.shtml,20260603100152,,,,
154835,猎聘,能源/化工/环保,化学,半导体工艺工程师（LED外延工程师/国企）,猎头职位,某宁波机械/设备公司,100-499人,,西安,马鞍山,硕士,3-5年,18-35k,,,,https://www.liepin.com/a/76075145.shtml,20260608083821,,,,
154836,猎聘,能源/化工/环保,化学,光刻胶开发研究员,猎头职位,某上海大型专业技术服务公司,50-99人,,西安,合肥,硕士,1-3年,20-30k,,,,https://www.liepin.com/a/76084309.shtml,20260526181753,,,,
154837,猎聘,能源/化工/环保,化学,供应商质量发展专家,猎头职位,某合肥专业技术服务公司,1-49人,,西安,合肥,统招本科,8年以上,30-45k·15薪,,,,https://www.liepin.com/a/75485235.shtml,20260609094327,,,,
154838,猎聘,能源/化工/环保,化学,工艺整合研发专家/经理,猎头职位,某合肥大型电子/半导体/集成电路公司,2000-5000人,,西安,合肥-经开区,硕士,10年以上,35-65k·16薪,,,,https://www.liepin.com/a/75899689.shtml,20260609083510,,,,
154839,猎聘,能源/化工/环保,化学,电子事业部销售部部长,猎头职位,某国内大型化工公司,500-999人,,西安,黄山,本科,5-10年,25-30k,,,,https://www.liepin.com/a/74550711.shtml,20260609181620,,,,
154840,猎聘,能源/化工/环保,化学,设备装机工程师,猎头职位,某合肥大型电子/半导体/集成电路公司,5000-10000人,,西安,合肥,本科,3年以上,16-22k,,,,https://www.liepin.com/a/76340241.shtml,20260603092610,,,,
154841,猎聘,能源/化工/环保,化学,PVD/CVD/ALD工程师,猎头职位,某合肥电子/半导体/集成电路上市公司,500-999人,,西安,合肥,统招本科,3-5年,25-50k·16薪,,,,https://www.liepin.com/a/76058981.shtml,20260609114533,,,,
154842,猎聘,能源/化工/环保,化学,环保工程师,猎头职位,某合肥专业技术服务公司,50-99人,,西安,合肥,大专,6年以上,10-15k,,,,https://www.liepin.com/a/75223051.shtml,20260430133403,,,,
154843,猎聘,能源/化工/环保,化学,工艺整合工程师及专家,猎头职位,某合肥大型电子/半导体/集成电路公司,2000-5000人,,西安,合肥,学历不限,6年以上,25-50k·15薪,,,,https://www.liepin.com/a/76388669.shtml,20260604085422,,,,
154844,猎聘,能源/化工/环保,化学,环卫物业项目经理,猎头职位,某合肥大型工程施工公司,5000-10000人,,西安,合肥,统招本科,3-5年,10-11k,,,,https://www.liepin.com/a/76370971.shtml,20260603155903,,,,
154845,猎聘,能源/化工/环保,化学,刻蚀工艺研发专家,猎头职位,某合肥大型电子/半导体/集成电路公司,5000-10000人,,西安,合肥-蜀山区,统招本科,10年以上,40-60k·16薪,,,,https://www.liepin.com/a/76256957.shtml,20260601135132,,,,
154846,猎聘,能源/化工/环保,化学,FAB过程质量主管（半导体）,猎头职位,某知名公司,1000-2000人,,西安,芜湖,本科,5-10年,15-30k·15薪,,,,https://www.liepin.com/a/75473193.shtml,20260514103837,,,,
154847,猎聘,能源/化工/环保,化学, 研发技术工程师,猎头职位,某国内石化上市公司,100-499人,,西安,安庆,博士,3-5年,15-30k,,,,https://www.liepin.com/a/74825387.shtml,20260420133355,,,,
154848,猎聘,能源/化工/环保,化学,电芯工艺工程师,猎头职位,某国内新能源上市公司,10000人以上,,西安,芜湖-南陵县,统招本科,3年以上,15-30k·16薪,,,,https://www.liepin.com/a/74951493.shtml,20260508105751,,,,
154849,猎聘,能源/化工/环保,化学,材料工程师,猎头职位,某国内大型汽车零部件及配件公司,500-999人,,西安,芜湖,本科,3-5年,15-25k,,,,https://www.liepin.com/a/75685059.shtml,20260605100310,,,,
154850,猎聘,能源/化工/环保,化学,环卫物业项目经理,猎头职位,某大型知名工程施工公司,5000-10000人,,西安,合肥-蜀山区,统招本科,3年以上,10-12k,,,,https://www.liepin.com/a/73237099.shtml,20260603141857,,,,
154851,猎聘,能源/化工/环保,化学,PIE Manager,猎头职位,某北京电子/半导体/集成电路上市公司,1000-2000人,,西安,合肥,学历不限,7年以上,40-60k·17薪,,,,https://www.liepin.com/a/73227307.shtml,20260602140138,,,,
154852,猎聘,能源/化工/环保,化学,IE产能规划工程师,猎头职位,某合肥大型电子/半导体/集成电路公司,5000-10000人,,西安,合肥,本科,5年以上,20-35k·15薪,,,,https://www.liepin.com/a/76004911.shtml,20260525113512,,,,
154853,猎聘,能源/化工/环保,化学,封装前道经理,猎头职位,合肥某封测厂,500-999人,,西安,合肥,本科,10年以上,25-35k·13薪,,,,https://www.liepin.com/a/73948369.shtml,20260608105200,,,,
154854,猎聘,能源/化工/环保,化学,扩散总监,猎头职位,某合肥专业技术服务公司,1-49人,,西安,合肥,统招本科,10年以上,50-60k·15薪,,,,https://www.liepin.com/a/75485323.shtml,20260609094327,,,,
154855,猎聘,能源/化工/环保,化学,刻蚀总监-Etch Director,猎头职位,某合肥大型电子/半导体/集成电路公司,2000-5000人,,西安,合肥,统招本科,10年以上,100-110k·15薪,,,,https://www.liepin.com/a/74715351.shtml,20260512111022,,,,
154856,猎聘,能源/化工/环保,化学,小核酸分析研究员,猎头职位,某合肥生物技术公司,100-499人,,西安,合肥,硕士,3-5年,15-20k,,,,https://www.liepin.com/a/75330299.shtml,20260507094355,,,,
154857,猎聘,能源/化工/环保,化学,高级电池结构专家/经理-头部大厂,猎头职位,某知名公司,100-499人,,西安,合肥,统招本科,8年以上,60-90k·16薪,,,,https://www.liepin.com/a/75912845.shtml,20260608103004,,,,
154858,猎聘,能源/化工/环保,化学,质量经理,猎头职位,某知名制药公司,100-499人,,西安,合肥-高新区,本科,5-10年,25-40k·13薪,,,,https://www.liepin.com/a/75796677.shtml,20260518231551,,,,
154859,猎聘,能源/化工/环保,化学,光学邻近效应修正工程师/专家,猎头职位,某国内大型电子/半导体/集成电路公司,1000-2000人,,西安,合肥,硕士,5年以上,30-60k·16薪,,,,https://www.liepin.com/a/74307807.shtml,20260601101257,,,,
154860,猎聘,能源/化工/环保,化学,多肽合成副总监,猎头职位,某合肥制药公司,100-499人,,西安,合肥,硕士,经验不限,30-55k,,,,https://www.liepin.com/a/74225719.shtml,20260609090324,,,,
154861,猎聘,能源/化工/环保,化学,高级工艺工程师(检测方向),猎头职位,某合肥新能源上市公司,10000人以上,,西安,合肥-蜀山区,统招本科,3年以上,27-30k,,,,https://www.liepin.com/a/75897131.shtml,20260525091431,,,,
154862,猎聘,能源/化工/环保,化学,技术转移制程整合工程师,猎头职位,某合肥专业技术服务公司,1-49人,,西安,合肥,统招本科,3-5年,25-45k·15薪,,,,https://www.liepin.com/a/75485301.shtml,20260609094327,,,,
154863,猎聘,能源/化工/环保,化学,材料工程师,猎头职位,某国内整车制造上市公司,10000人以上,,西安,芜湖,学历不限,5-10年,15-20k·15薪,,,,https://www.liepin.com/a/74231389.shtml,20260605161357,,,,
154864,猎聘,能源/化工/环保,化学,车间主任,猎头职位,某知名生物技术公司,100-499人,,西安,合肥,本科,5-10年,20-30k,,,,https://www.liepin.com/a/75537331.shtml,20260609184523,,,,
154865,猎聘,能源/化工/环保,化学,高级工艺工程师(合浆&涂布方向,猎头职位,某合肥新能源上市公司,10000人以上,,西安,合肥-蜀山区,统招本科,3年以上,25-30k,,,,https://www.liepin.com/a/75896143.shtml,20260525091453,,,,
154866,猎聘,能源/化工/环保,化学,清洗工艺部经理,猎头职位,某合肥大型电子/半导体/集成电路公司,2000-5000人,,西安,合肥-经开区,本科,10年以上,40-60k·16薪,,,,https://www.liepin.com/a/74168157.shtml,20260609082813,,,,
154867,猎聘,能源/化工/环保,化学,NPI总监,猎头职位,某合肥电子/半导体/集成电路公司,100-499人,,西安,合肥,学历不限,5-10年,35-65k,,,,https://www.liepin.com/a/75788687.shtml,20260521144548,,,,
154868,猎聘,能源/化工/环保,化学,电池工艺开发,猎头职位,某国内整车制造上市公司,10000人以上,,西安,芜湖,硕士,3-5年,20-30k·15薪,,,,https://www.liepin.com/a/74416117.shtml,20260409092425,,,,
154869,猎聘,能源/化工/环保,化学,制剂研发总监,猎头职位,某南京咨询服务公司,50-99人,,西安,合肥,本科,10年以上,30-60k·16薪,,,,https://www.liepin.com/a/74636223.shtml,20260414172609,,,,
154870,猎聘,能源/化工/环保,化学,小核酸分析研究员,猎头职位,某合肥制药公司,100-499人,,西安,合肥,硕士,3-5年,15-20k,,,,https://www.liepin.com/a/75330157.shtml,20260507094249,,,,
154871,猎聘,能源/化工/环保,化学,HW Test Engineer,猎头职位,某合肥汽车公司,,,西安,合肥,统招本科,3年以上,20-30k·15薪,,,,https://www.liepin.com/a/74535881.shtml,20260528091648,,,,
154872,猎聘,能源/化工/环保,化学,化学分析员,企业职位,湖北省芊项斯传媒有限公司,50-99人,,南京,兰州-城关区,本科,经验不限,8-12k·13薪,,,,https://www.liepin.com/job/1982091493.shtml,20260609134258,,,,
154873,猎聘,能源/化工/环保,化学,化学分析员,企业职位,合力科技股份有限公司,1000-2000人,,南京,金昌-永昌县,统招本科,经验不限,6-9k·13薪,,,,https://www.liepin.com/job/1970338795.shtml,20241022103934,,,,
154874,猎聘,能源/化工/环保,化学,化学分析员,企业职位,寒锐钴业,1000-2000人,,南京,金昌-金川区,大专,2年以上,7-19k·13薪,,,,https://www.liepin.com/job/1978046407.shtml,20251028110437,,,,
154875,猎聘,能源/化工/环保,化学,化学分析高级/资深研究员 (MJ000058),企业职位,瑞德林生物,500-999人,,南京,白银-白银区,本科,5-10年,9-18k,,,,https://www.liepin.com/job/1965056419.shtml,20240229101258,,,,
154876,猎聘,能源/化工/环保,化学,化学检测工程师,企业职位,西和县陇泽水务有限公司,50-99人,,南京,陇南-西和县,大专,5-10年,6-10k,,,,https://www.liepin.com/job/1980855019.shtml,20260311195455,,,,
154877,猎聘,能源/化工/环保,化学,化学分析,企业职位,白银市伊博化工科技有限公司,100-499人,,南京,白银,本科,5-10年,10-15k,,,,https://www.liepin.com/job/1928929141.shtml,20200604165716,,,,
154878,猎聘,能源/化工/环保,化学,化学老师,企业职位,武威市凉州区博月教育培训中心,50-99人,,南京,武威-凉州区,本科,经验不限,10-15k,,,,https://www.liepin.com/job/1965905933.shtml,20240330165948,,,,
154879,猎聘,能源/化工/环保,化学,化学分析员,企业职位,兰州金刚轮胎有限责任公司,1-49人,,南京,兰州-皋兰县,本科,1-3年,4-6k,,,,https://www.liepin.com/job/1975177253.shtml,20250617143710,,,,
154880,猎聘,能源/化工/环保,化学,化学、数学老师,企业职位,庆阳聚联广告有限公司,50-99人,,南京,庆阳,本科,1-3年,2-3k,,,,https://www.liepin.com/job/1925469587.shtml,20191224104011,,,,
154881,猎聘,能源/化工/环保,化学,销售工程师（甘肃青宁藏新）,企业职位,精微高博仪器,100-499人,,南京,兰州-城关区,本科,3-5年,10-20k·13薪,,,,https://www.liepin.com/job/1949140653.shtml,20260608085837,,,,
154882,猎聘,能源/化工/环保,化学,科研主动销售,企业职位,斯坦德检测集团股份有限公司,1000-2000人,,南京,兰州-城关区,本科,3-5年,10-15k,,,,https://www.liepin.com/job/1982900069.shtml,20260527102640,,,,
154883,猎聘,能源/化工/环保,化学,产品研发工程师（负极材料方向）,企业职位,某国内新能源公司,100-499人,,南京,天水,学历不限,1-3年,25-35k,,,,https://www.liepin.com/a/74808749.shtml,20260604102836,,,,
154884,猎聘,能源/化工/环保,化学,QC经理,企业职位,百林科,500-999人,,南京,兰州-皋兰县,本科,5-10年,10-20k·13薪,,,,https://www.liepin.com/job/1982731005.shtml,20260521111456,,,,
154885,猎聘,能源/化工/环保,化学,有机合成研发项目主管,企业职位,某国内化工公司,100-499人,,南京,兰州,本科,经验不限,18-30k,,,,https://www.liepin.com/a/75756213.shtml,20260518103626,,,,
154886,猎聘,能源/化工/环保,化学,品质副总经理,企业职位,国科能源技术创新中心(合肥)有限公司,100-499人,,南京,兰州-皋兰县,本科,10年以上,45-55k,,,,https://www.liepin.com/job/1982811897.shtml,20260525084032,,,,
154887,猎聘,能源/化工/环保,化学,质量管理总监/经理/主管,企业职位,某合肥专业技术服务公司,100-499人,,南京,兰州,本科,5-10年,40-50k,,,,https://www.liepin.com/a/75565745.shtml,20260609093107,,,,
154888,猎聘,能源/化工/环保,化学,质检化验班长,企业职位,甘肃纳塔新材料有限公司,100-499人,,南京,张掖-甘州区,统招本科,5年以上,6-8k,,,,https://www.liepin.com/job/1983094011.shtml,20260603092330,,,,
154889,猎聘,能源/化工/环保,化学,品质副总经理,企业职位,某知名公司,,,南京,兰州,本科,10年以上,25-40k·13薪,,,,https://www.liepin.com/a/76352489.shtml,20260603111801,,,,
154890,猎聘,能源/化工/环保,化学,教师岗,企业职位,某国内大型医疗机构公司,5000-10000人,,南京,平凉,博士,经验不限,20-21k,,,,https://www.liepin.com/a/75591241.shtml,20260601110216,,,,
154891,猎聘,能源/化工/环保,化学,教学科研岗,企业职位,某国内大型医疗机构公司,5000-10000人,,南京,平凉,博士,经验不限,20-30k,,,,https://www.liepin.com/a/76375091.shtml,20260603164327,,,,
154892,猎聘,能源/化工/环保,化学,技术支持工程师（甘肃）,企业职位,广州万孚,2000-5000人,,南京,兰州-城关区,本科,1-3年,8-12k·13薪,,,,https://www.liepin.com/job/1978989577.shtml,20260312135721,,,,
154893,猎聘,能源/化工/环保,化学,品质副总经理,企业职位,某合肥电气机械/器材公司,,,南京,兰州,统招本科,5-10年,45-50k,,,,https://www.liepin.com/a/76127449.shtml,20260527170501,,,,
154894,猎聘,能源/化工/环保,化学,品质副总经理（锂电，家电，汽车）,企业职位,某国内电气机械/器材公司,,,南京,兰州,本科,5-10年,30-40k,,,,https://www.liepin.com/a/75550093.shtml,20260609181927,,,,
154895,猎聘,能源/化工/环保,化学,聚合物合成研发工程师,企业职位,百林科医药科技(上海)股份有限公司,500-999人,,南京,兰州-皋兰县,统招本科,3-5年,12-16k·13薪,,,,https://www.liepin.com/job/1983194729.shtml,20260605154731,,,,
154896,猎聘,能源/化工/环保,化学,品质副总经理,企业职位,某合肥专业技术服务公司,100-499人,,南京,兰州,统招本科,5-10年,30-45k,,,,https://www.liepin.com/a/75552911.shtml,20260608195329,,,,
154897,猎聘,能源/化工/环保,化学,高中化学教师,企业职位,酒泉博睿思双语高级中学有限公司,5000-10000人,,南京,酒泉-肃州区,学历不限,1-3年,4-8k,,,,https://www.liepin.com/job/1978425465.shtml,20260330113709,,,,
154898,猎聘,能源/化工/环保,化学,分析研究员（天然产物）,企业职位,百林科,500-999人,,南京,兰州-皋兰县,硕士,经验不限,15-20k,,,,https://www.liepin.com/job/1979915013.shtml,20260126131102,,,,
154899,猎聘,能源/化工/环保,化学,高中化学教师,企业职位,徽县恒辉高级中学有限公司,100-499人,,南京,陇南-徽县,本科,1-3年,6-8k,,,,https://www.liepin.com/job/1979166949.shtml,20251216103918,,,,
154900,猎聘,能源/化工/环保,化学,分析研究员,企业职位,东晟凯瑞(兰州)医药科技有限公司,100-499人,,南京,兰州-皋兰县,统招本科,1-3年,5-6k,,,,https://www.liepin.com/job/1982606113.shtml,20260518140119,,,,
154901,猎聘,能源/化工/环保,化学,实验室主任,企业职位,兰州新融环境能源工程技术有限公司,100-499人,,南京,兰州-皋兰县,大专,5-10年,10-15k,,,,https://www.liepin.com/job/1981109781.shtml,20260320114116,,,,
154902,猎聘,能源/化工/环保,化学,有机合成项目主管,企业职位,甘肃金盾化工有限责任公司,100-499人,,南京,兰州-城关区,本科,3年以上,10-20k,,,,https://www.liepin.com/job/1981705155.shtml,20260413134811,,,,
154903,猎聘,能源/化工/环保,化学,医药研发工艺部总监,企业职位,苏州凯瑞医药科技有限公司,100-499人,,南京,兰州-皋兰县,硕士,10年以上,25-40k,,,,https://www.liepin.com/job/1972830815.shtml,20260316162236,,,,
154904,猎聘,能源/化工/环保,化学,工艺部研发总监,企业职位,苏州凯瑞医药科技有限公司,100-499人,,南京,兰州-皋兰县,博士,5-10年,15-20k,,,,https://www.liepin.com/job/1976841295.shtml,20250829132825,,,,
154905,猎聘,能源/化工/环保,化学,化验员,企业职位,兰州隆华特种气体科技有限公司,50-99人,,南京,兰州-皋兰县,大专,1年以下,4-5k,,,,https://www.liepin.com/job/1972886803.shtml,20250305154340,,,,
154906,猎聘,能源/化工/环保,化学,全电池检测高级工程师,企业职位,泰丰先行,1000-2000人,,南京,兰州-七里河区,硕士,3年以上,14-20k,,,,https://www.liepin.com/job/1977781903.shtml,20260127152713,,,,
154907,猎聘,能源/化工/环保,化学,医药代表-天水,企业职位,金赛药业,5000-10000人,,南京,天水-秦州区,本科,1-3年,15-20k,,,,https://www.liepin.com/job/1982531207.shtml,20260514123402,,,,
154908,猎聘,能源/化工/环保,化学,工艺工程师,企业职位,兰州何捷环保科技有限公司,100-499人,,南京,兰州,统招本科,3-5年,8-10k·14薪,,,,https://www.liepin.com/job/1938735033.shtml,20220620171030,,,,
154909,猎聘,能源/化工/环保,化学,多肽合成工艺研究员,企业职位,兰州肽谷研究院有限公司,50-99人,,南京,兰州-城关区,本科,1-3年,5-7k,,,,https://www.liepin.com/job/1970822953.shtml,20241114111837,,,,
154910,猎聘,能源/化工/环保,化学,化验分析,企业职位,兰州万昌通盛科技化工有限公司,100-499人,,南京,兰州-永登县,大专,1-3年,5-6k,,,,https://www.liepin.com/job/1958113775.shtml,20230425114657,,,,
154911,猎聘,能源/化工/环保,化学,仪表分析工程师（空分）,企业职位,广东九丰能源集团有限公司,1000-2000人,,南京,酒泉-金塔县,大专,3-5年,6-10k,,,,https://www.liepin.com/job/1982605419.shtml,20260609103232,,,,
154912,猎聘,能源/化工/环保,化学,医药代表（兰州）,企业职位,豪森药业,10000人以上,,南京,兰州-城关区,大专,1年以上,8-13k,,,,https://www.liepin.com/job/1979553945.shtml,20260130194956,,,,
154913,猎聘,能源/化工/环保,化学,负极材料前驱体工程师(J11196),企业职位,索通发展股份有限公司,2000-5000人,,南京,嘉峪关,统招本科,1-3年,6-8k,,,,https://www.liepin.com/job/1979546553.shtml,20260105162155,,,,
154914,猎聘,能源/化工/环保,化学,服务产品销售工程师,企业职位,安捷伦科技(中国)有限公司,1000-2000人,,南京,兰州-城关区,本科,1-3年,8-15k,,,,https://www.liepin.com/job/1972680829.shtml,20250225174047,,,,
154915,猎聘,能源/化工/环保,化学,总经理/厂长,企业职位,某西安环保公司,50-99人,,南京,庆阳,大专,10年以上,10-15k,,,,https://www.liepin.com/a/73742429.shtml,20260323160424,,,,
154916,猎聘,能源/化工/环保,化学,质量总监,企业职位,甘肃省百事兴药业有限公司,50-99人,,南京,兰州-皋兰县,本科,10年以上,14-22k,,,,https://www.liepin.com/job/1979802169.shtml,20260116091053,,,,
154917,猎聘,能源/化工/环保,化学,环保工程师,企业职位,索通发展股份有限公司,2000-5000人,,南京,定西-陇西县,本科,3-5年,6-8k,,,,https://www.liepin.com/job/1980843327.shtml,20260311154628,,,,
154918,猎聘,能源/化工/环保,化学,标准化工程师,企业职位,陕西高杉科技有限公司,50-99人,,南京,兰州-安宁区,本科,5-10年,6-12k,,,,https://www.liepin.com/job/1981224193.shtml,20260325114355,,,,
154919,猎聘,能源/化工/环保,化学,计量技术负责人,企业职位,陕西高杉科技有限公司,50-99人,,南京,兰州-安宁区,本科,5年以上,6-12k,,,,https://www.liepin.com/job/1981224773.shtml,20260325115244,,,,
154920,猎聘,能源/化工/环保,化学,QC,企业职位,泰莱康(兰州)化学有限公司,1-49人,,南京,兰州-永登县,本科,1年以上,4-7k,,,,https://www.liepin.com/job/1973262029.shtml,20250331162954,,,,
154921,猎聘,能源/化工/环保,化学,质量经理/总监 (MJ000183),企业职位,瑞德林生物,500-999人,,南京,白银-白银区,本科,5-10年,10-15k,,,,https://www.liepin.com/job/1959787663.shtml,20250313134440,,,,
154922,猎聘,能源/化工/环保,化学,车间操作工,企业职位,金塔宇迪医药科技有限公司,100-499人,,南京,酒泉,大专,经验不限,6-8k,,,,https://www.liepin.com/job/1948653257.shtml,20220404121317,,,,
154923,猎聘,能源/化工/环保,化学,实验室分析员,企业职位,甘肃瀚聚药业有限公司,50-99人,,南京,兰州,大专,1-3年,5-8k,,,,https://www.liepin.com/job/1940369679.shtml,20210819110654,,,,
154924,猎聘,能源/化工/环保,化学,污水处理主管,企业职位,量维生物,100-499人,,南京,平凉-崆峒区,大专,3-5年,10-12k,,,,https://www.liepin.com/job/1969593525.shtml,20241017170824,,,,
154925,猎聘,能源/化工/环保,化学,QC工程师,企业职位,科迈思(兰州)生物技术有限公司,50-99人,,南京,兰州-永登县,大专,1-3年,4-8k,,,,https://www.liepin.com/job/1944359481.shtml,20211028184345,,,,
154926,猎聘,能源/化工/环保,化学,测试工程师,企业职位,甘肃犇牛晟达科贸有限公司,1-49人,,南京,兰州,大专,经验不限,5-7k,,,,https://www.liepin.com/job/1945654549.shtml,20211214112128,,,,
154927,猎聘,能源/化工/环保,化学,水质检测员,企业职位,甘肃中德检验检测技术有限公司,1-49人,,南京,庆阳,本科,经验不限,2-6k,,,,https://www.liepin.com/job/1927667103.shtml,20200422165037,,,,
154928,猎聘,能源/化工/环保,化学,预焙阳极（铝用碳素）生产工艺工程师,企业职位,索通发展股份有限公司,2000-5000人,,南京,嘉峪关,统招本科,5-10年,7-15k,,,,https://www.liepin.com/job/1966292223.shtml,20260609091644,,,,
154929,猎聘,能源/化工/环保,化学,销售经理(甘肃),企业职位,某北京医疗器械上市公司,1000-2000人,,南京,兰州,大专,1-3年,10-12k,,,,https://www.liepin.com/a/76485301.shtml,20260606162907,,,,
154930,猎聘,能源/化工/环保,化学,工艺工程师,企业职位,杰瑞股份,5000-10000人,,南京,天水-甘谷县,本科,1-3年,8-15k,,,,https://www.liepin.com/job/1968166385.shtml,20260507143346,,,,
154931,猎聘,能源/化工/环保,化学,工艺技术员,企业职位,甘肃旭晶新材料有限公司,100-499人,,南京,酒泉-肃州区,本科,经验不限,4-6k,,,,https://www.liepin.com/job/1978521459.shtml,20260428140427,,,,
154932,猎聘,能源/化工/环保,化学,生产经理,企业职位,寰泰储能科技,100-499人,,南京,酒泉-瓜州县,统招本科,3-5年,14-30k·13薪,,,,https://www.liepin.com/job/1947955161.shtml,20260512151925,,,,
154933,猎聘,能源/化工/环保,化学,生产经理,企业职位,寰泰储能科技,100-499人,,南京,酒泉,本科,3-5年,14-28k,,,,https://www.liepin.com/job/1954005115.shtml,20260512151917,,,,
154934,猎聘,能源/化工/环保,化学,安全工程师（密薪制，薪资面议）(J10050),企业职位,新疆巨融能源(集团)有限公司,500-999人,,南京,武威-古浪县,大专,3-5年,1-2k,,,,https://www.liepin.com/job/1981222241.shtml,20260327174444,,,,
154935,猎聘,能源/化工/环保,化学,临床医药代表-内分泌-平凉,企业职位,通化东宝药业股份有限公司,2000-5000人,,南京,平凉-崆峒区,大专,1-3年,10-15k,,,,https://www.liepin.com/job/1977630779.shtml,20260525162644,,,,
154936,猎聘,能源/化工/环保,化学,采购专员,企业职位,道氏技术,2000-5000人,,南京,兰州-皋兰县,统招本科,3-5年,6-10k·13薪,,,,https://www.liepin.com/job/1981412977.shtml,20260401112306,,,,
154937,猎聘,能源/化工/环保,化学,医药代表-兰州,企业职位,阿斯利康,10000人以上,,南京,兰州-城关区,本科,1年以上,7-12k·13薪,,,,https://www.liepin.com/job/1980026375.shtml,20260127150045,,,,
154938,猎聘,能源/化工/环保,化学,QC经理,企业职位,特丰药业,500-999人,,南京,兰州-皋兰县,本科,3-5年,10-12k·13薪,,,,https://www.liepin.com/job/1977955769.shtml,20251029184144,,,,
154939,猎聘,能源/化工/环保,化学,采购经理/主管,企业职位,甘肃宏仁堂药业有限责任公司,1-49人,,南京,天水,大专,3-5年,3-6k,,,,https://www.liepin.com/job/1960825545.shtml,20260327160508,,,,
154940,猎聘,能源/化工/环保,化学,医疗器械售后工程师,企业职位,中元汇吉,2000-5000人,,南京,兰州-七里河区,本科,4年以上,8-12k,,,,https://www.liepin.com/job/1981255125.shtml,20260411154238,,,,
154941,猎聘,能源/化工/环保,化学,甘肃业务经理,企业职位,万泰药业,1000-2000人,,南京,兰州-城关区,统招本科,3年以上,8-10k,,,,https://www.liepin.com/job/1981780327.shtml,20260520141429,,,,
154942,猎聘,能源/化工/环保,化学,区域销售经理,企业职位,北京库尔科技有限公司,1000-2000人,,南京,兰州-皋兰县,大专,5-10年,7-14k,,,,https://www.liepin.com/job/1973997373.shtml,20251020084101,,,,
154943,猎聘,能源/化工/环保,化学,研发工程师(J11058),企业职位,奇正藏药,2000-5000人,,南京,兰州-城关区,硕士,3年以上,10-20k,,,,https://www.liepin.com/job/1982991909.shtml,20260529165530,,,,
154944,猎聘,能源/化工/环保,化学,三效精馏管理人员,企业职位,兰州盛恒生物科技有限公司,100-499人,,南京,兰州-永登县,博士,5年以上,8-12k,,,,https://www.liepin.com/job/1980933493.shtml,20260314112245,,,,
154945,猎聘,能源/化工/环保,化学,中药材研发（博士）,企业职位,远大产业控股股份有限公司,500-999人,,南京,兰州-城关区,博士,经验不限,20-40k·15薪,,,,https://www.liepin.com/job/1982333853.shtml,20260511164510,,,,
154946,猎聘,能源/化工/环保,化学,客服经理（甘肃）,企业职位,北京普析通用仪器有限责任公司,5000-10000人,,南京,甘南-合作,本科,1-3年,8-15k,,,,https://www.liepin.com/job/1974029885.shtml,20260317170902,,,,
154947,猎聘,能源/化工/环保,化学,研发工程师（药物分析）(J10274),企业职位,奇正藏药,2000-5000人,,南京,兰州-城关区,硕士,1-3年,8-12k,,,,https://www.liepin.com/job/1973249487.shtml,20260105150840,,,,
154948,猎聘,能源/化工/环保,化学,环保技术员,企业职位,甘肃沃陇工贸有限公司,50-99人,,南京,酒泉-瓜州县,大专,1-3年,5-6k,,,,https://www.liepin.com/job/1973495835.shtml,20250627101436,,,,
154949,猎聘,能源/化工/环保,化学,大客户经理KA,企业职位,甘肃启源芯动力科技有限公司,,,南京,兰州,本科,3-5年,10-15k,,,,https://www.liepin.com/job/1963256341.shtml,20240111140851,,,,
154950,猎聘,能源/化工/环保,化学,医药代表-肿瘤新产品-兰州,企业职位,阿斯利康,10000人以上,,南京,兰州-城关区,本科,2年以上,7-14k·13薪,,,,https://www.liepin.com/job/1971572753.shtml,20250206104602,,,,
154951,猎聘,能源/化工/环保,化学,医学代表-兰州,企业职位,阿斯利康,10000人以上,,南京,兰州-城关区,大专,1年以上,7-14k,,,,https://www.liepin.com/job/1976277493.shtml,20250805180009,,,,
154952,猎聘,能源/化工/环保,化学,兼职高中化学老师,企业职位,兰州市城关区远达培训学校有限公司,50-99人,,南京,兰州-城关区,本科,3-5年,8-13k,,,,https://www.liepin.com/job/1977148917.shtml,20250911114004,,,,
154953,猎聘,能源/化工/环保,化学,线切工程师,企业职位,甘肃旭晶新材料有限公司,100-499人,,南京,酒泉-肃州区,本科,1-3年,5-8k,,,,https://www.liepin.com/job/1977870175.shtml,20251020134106,,,,
154954,猎聘,能源/化工/环保,化学,仓库经理,企业职位,湖南方恒新材料技术股份有限公司,100-499人,,南京,金昌-金川区,大专,3-5年,8-10k,,,,https://www.liepin.com/job/1980327263.shtml,20260213163238,,,,
154955,猎聘,能源/化工/环保,化学,医药代表-庆阳,企业职位,阿斯利康,10000人以上,,南京,庆阳-西峰区,统招本科,1年以上,7-14k,,,,https://www.liepin.com/job/1973379927.shtml,20250325140840,,,,
154956,猎聘,能源/化工/环保,化学,初中数学教师,企业职位,甘肃宇阿宇文化教育有限公司,1-49人,,南京,兰州-皋兰县,硕士,经验不限,8-12k,,,,https://www.liepin.com/job/1977782171.shtml,20251015152002,,,,
154957,猎聘,能源/化工/环保,化学,高中化学兼职老师,企业职位,兰州市城关区远达培训学校有限公司,50-99人,,南京,兰州-城关区,本科,3-5年,10-15k,,,,https://www.liepin.com/job/1977163949.shtml,20250911165339,,,,
154958,猎聘,能源/化工/环保,化学,品控经理,企业职位,甘肃疆垦乳业有限公司,50-99人,,南京,酒泉-肃州区,本科,5年以上,7-10k,,,,https://www.liepin.com/job/1975368339.shtml,20250626094608,,,,
154959,猎聘,能源/化工/环保,化学,生产总监/经理,企业职位,甘肃疆垦乳业有限公司,50-99人,,南京,酒泉-肃州区,本科,3-5年,9-12k,,,,https://www.liepin.com/job/1973910477.shtml,20250626094608,,,,
154960,猎聘,能源/化工/环保,化学,蓝宝石衬底工程师,企业职位,甘肃旭晶新材料有限公司,100-499人,,南京,酒泉-肃州区,统招本科,1-3年,5-8k,,,,https://www.liepin.com/job/1977870577.shtml,20251020134832,,,,
154961,猎聘,能源/化工/环保,化学,销售员（甘肃）,企业职位,上海北裕分析仪器股份有限公司,50-99人,,南京,兰州-城关区,本科,5年以上,5-10k,,,,https://www.liepin.com/job/1976330673.shtml,20250807151542,,,,
154962,猎聘,能源/化工/环保,化学,医药代表-天水,企业职位,阿斯利康,10000人以上,,南京,天水-麦积区,统招本科,1年以上,7-14k,,,,https://www.liepin.com/job/1973379811.shtml,20250325140856,,,,
154963,猎聘,能源/化工/环保,化学,区域销售总监,企业职位,深圳市易瑞生物技术股份有限公司,100-499人,,南京,兰州-城关区,本科,5-10年,15-30k,,,,https://www.liepin.com/job/1961191427.shtml,20230829112032,,,,
154964,猎聘,能源/化工/环保,化学,普工/操作工,企业职位,上海晶宇环境工程股份有限公司庆阳分公司,100-499人,,南京,庆阳-正宁县,大专,2年以上,4-5k,,,,https://www.liepin.com/job/1976645491.shtml,20250821101545,,,,
154965,猎聘,能源/化工/环保,化学,高中化学教师,企业职位,兰州市学府致远学校,100-499人,,南京,兰州-七里河区,本科,3-5年,10-18k,,,,https://www.liepin.com/job/1968638697.shtml,20240726144551,,,,
154966,猎聘,能源/化工/环保,化学,运维工程师（技术主管）,企业职位,北京环宇宏业科技开发有限公司,100-499人,,南京,庆阳-西峰区,本科,3-5年,5-8k,,,,https://www.liepin.com/job/1946439897.shtml,20220809132012,,,,
154967,猎聘,能源/化工/环保,化学,售后工程师,企业职位,青岛众瑞,100-499人,,南京,兰州-城关区,大专,1年以上,6-8k,,,,https://www.liepin.com/job/1974763425.shtml,20250528105516,,,,
154968,猎聘,能源/化工/环保,化学,多肽纯化研究员,企业职位,兰州肽谷研究院有限公司,50-99人,,南京,兰州-城关区,本科,1-3年,5-6k,,,,https://www.liepin.com/job/1958877035.shtml,20230526151145,,,,
154969,猎聘,能源/化工/环保,化学,教师,企业职位,镇原新锐松鼠科技服务有限公司,1-49人,,南京,庆阳-镇原县,本科,经验不限,10-15k,,,,https://www.liepin.com/job/1967104787.shtml,20240713190112,,,,
154970,猎聘,能源/化工/环保,化学,授课老师,企业职位,甘肃砥行教育科技有限公司,1-49人,,南京,兰州,学历不限,经验不限,3-8k·13薪,,,,https://www.liepin.com/job/1961157175.shtml,20230828122213,,,,
154971,猎聘,能源/化工/环保,化学,负极材料前后端工艺行业专家(J11829),企业职位,杰瑞新能源科技有限公司,100-499人,,南京,天水-甘谷县,本科,3年以上,10-15k,,,,https://www.liepin.com/job/1972984395.shtml,20250310130144,,,,
154972,猎聘,能源/化工/环保,化学,解决方案工程师,企业职位,甘肃中科曙光先进计算有限公司,100-499人,,南京,兰州-永登县,本科,3-5年,8-16k,,,,https://www.liepin.com/job/1934094757.shtml,20201207151836,,,,
154973,猎聘,能源/化工/环保,化学,检验员,企业职位,甘肃华庆检测科技有限公司,1-49人,,南京,定西-安定区,大专,1-3年,4-5k,,,,https://www.liepin.com/job/1964685671.shtml,20240218160848,,,,
154974,猎聘,能源/化工/环保,化学,技术经理,企业职位,甘肃华庆检测科技有限公司,1-49人,,南京,定西-安定区,本科,3-5年,8-10k,,,,https://www.liepin.com/job/1964923079.shtml,20240225094659,,,,
154975,猎聘,能源/化工/环保,化学,合成工艺员,企业职位,浙江科聚生物医药有限公司,50-99人,,南京,兰州-永登县,大专,1-3年,6-13k,,,,https://www.liepin.com/job/1959789269.shtml,20231027145018,,,,
154976,猎聘,能源/化工/环保,化学,战略采购员,企业职位,国药控股甘肃有限公司,100-499人,,南京,兰州,本科,经验不限,4-8k,,,,https://www.liepin.com/job/1953084717.shtml,20221012154646,,,,
154977,猎聘,能源/化工/环保,化学,操作工,企业职位,兰州何捷环保科技有限公司,100-499人,,南京,兰州,大专,1-3年,5-6k,,,,https://www.liepin.com/job/1938735305.shtml,20220620171030,,,,
154978,猎聘,能源/化工/环保,化学,生物信息工程师,企业职位,兰州肽谷研究院有限公司,50-99人,,南京,兰州-城关区,本科,1-3年,5-7k,,,,https://www.liepin.com/job/1970822689.shtml,20241114111359,,,,
154979,猎聘,能源/化工/环保,化学,动态血糖仪+眼底照相销售经理,企业职位,深圳硅基智能科技有限公司,100-499人,,南京,兰州-七里河区,大专,经验不限,4-8k,,,,https://www.liepin.com/job/1955316003.shtml,20230104105303,,,,
154980,猎聘,能源/化工/环保,化学,实验室分析化验员,企业职位,甘肃西部诚浩环境科技有限公司,50-99人,,南京,武威-凉州区,大专,1-3年,3-5k,,,,https://www.liepin.com/job/1951049741.shtml,20220712114229,,,,
154981,猎聘,能源/化工/环保,化学,项目经理,企业职位,兰州同聚药业有限公司,50-99人,,南京,兰州-永登县,本科,3-5年,6-9k,,,,https://www.liepin.com/job/1950020427.shtml,20220530112846,,,,
154982,猎聘,能源/化工/环保,化学,涂料研发,企业职位,甘肃鑫通航新材料技术有限公司,500-999人,,南京,兰州-永登县,学历不限,经验不限,5-6k,,,,https://www.liepin.com/job/1966495037.shtml,20240425092012,,,,
154983,猎聘,能源/化工/环保,化学,外检员,企业职位,甘肃华庆检测科技有限公司,1-49人,,南京,定西-安定区,大专,1-3年,4-6k,,,,https://www.liepin.com/job/1964685821.shtml,20240218161143,,,,
154984,猎聘,能源/化工/环保,化学,检验员,企业职位,甘肃省国草药业有限公司,100-499人,,南京,平凉,大专,经验不限,3-5k,,,,https://www.liepin.com/job/1946993807.shtml,20220213121944,,,,
154985,猎聘,能源/化工/环保,化学,车间主任,企业职位,兰州同聚药业有限公司,50-99人,,南京,兰州-永登县,大专,3-5年,6-9k,,,,https://www.liepin.com/job/1950020509.shtml,20220530113008,,,,
154986,猎聘,能源/化工/环保,化学,产品销售,企业职位,北京世安莱博实验室科技有限公司,100-499人,,南京,兰州-安宁区,大专,经验不限,5-12k,,,,https://www.liepin.com/job/1941318519.shtml,20230104154018,,,,
154987,猎聘,能源/化工/环保,化学,销售代表,企业职位,甘肃脉帝医疗科技有限公司,1-49人,,南京,兰州-城关区,大专,1-3年,4-5k,,,,https://www.liepin.com/job/1953226319.shtml,20221112170824,,,,
154988,猎聘,能源/化工/环保,化学,电子厂普工四千五包吃住五险,企业职位,兰州超力光学有限责任公司,1-49人,,南京,兰州,学历不限,经验不限,4-5k,,,,https://www.liepin.com/job/1920678185.shtml,20190616114911,,,,
154989,猎聘,能源/化工/环保,化学,饲料厂质量管理经理/主管,企业职位,深圳市中农智汇发展有限公司,,,南京,兰州-永登县,大专,3-5年,5-8k,,,,https://www.liepin.com/job/1950720221.shtml,20220822103105,,,,
154990,猎聘,能源/化工/环保,化学,五千招电子厂普工包吃住,企业职位,兰州超力光学有限责任公司,1-49人,,南京,兰州,中专/中技,经验不限,5-6k,,,,https://www.liepin.com/job/1922304617.shtml,20190807151212,,,,
154991,猎聘,能源/化工/环保,化学,医药代表（实习生）,企业职位,豪森药业,10000人以上,,南京,兰州-城关区,,,150-180元/天,,,,https://www.liepin.com/lptjob/82380265,20260509131851,,,,
154992,猎聘,能源/化工/环保,化学,27届医药代表实习生（兰州）,企业职位,豪森药业,10000人以上,,南京,兰州-皋兰县,,,150-180元/天,,,,https://www.liepin.com/lptjob/82207791,20260429201613,,,,
154993,猎聘,能源/化工/环保,化学,26届应届毕业生（兰州 医药代表）,企业职位,豪森药业,10000人以上,,南京,兰州-城关区,,,150-180元/天,,,,https://www.liepin.com/lptjob/78051381,20260130195256,,,,
154994,猎聘,能源/化工/环保,化学,检测工程师,企业职位,甘肃巨化新材料有限公司,,,南京,酒泉,,,薪资面议,,,,https://www.liepin.com/lptjob/77104969,20250909220158,,,,
154995,猎聘,能源/化工/环保,化学,营运工程师,企业职位,甘肃巨化新材料有限公司,,,南京,酒泉,,,薪资面议,,,,https://www.liepin.com/lptjob/77104399,20250909202706,,,,
154996,猎聘,能源/化工/环保,化学,发货专员（校招实习生）,企业职位,上药控股甘肃有限公司,50-99人,,南京,兰州-七里河区,,,100元/天,,,,https://www.liepin.com/lptjob/70418995,20241025085009,,,,
154997,猎聘,能源/化工/环保,化学,复核专员（校招实习生）,企业职位,上药控股甘肃有限公司,50-99人,,南京,兰州-七里河区,,,100元/天,,,,https://www.liepin.com/lptjob/70418965,20241025084851,,,,
154998,猎聘,能源/化工/环保,化学,化学分析员,企业职位,重庆晟其米商贸有限公司,50-99人,,苏州,南宁-江南区,大专,经验不限,8-12k·13薪,,,,https://www.liepin.com/job/1983153177.shtml,20260609083019,,,,
154999,猎聘,能源/化工/环保,化学,化学分析员,企业职位,滨州勤燕网络科技有限公司,50-99人,,苏州,南宁-兴宁区,大专,1年以上,8-12k·13薪,,,,https://www.liepin.com/job/1982092273.shtml,20260609134258,,,,
155000,猎聘,能源/化工/环保,化学,试剂研发工程师（化学发光试剂）,企业职位,桂林优利特医疗电子有限公司,1000-2000人,,苏州,桂林-七星区,本科,1-3年,5-8k,,,,https://www.liepin.com/job/1972950937.shtml,20250307145600,,,,
155001,猎聘,能源/化工/环保,化学,化学浆值长,企业职位,玖龙纸业(北海)有限公司,5000-10000人,,苏州,北海,中专/中技,3-5年,11-12k·13薪,,,,https://www.liepin.com/job/1974707487.shtml,20250526141447,,,,
155002,猎聘,能源/化工/环保,化学,化学检测业务经理,企业职位,广电计量检测(南宁)有限公司,100-499人,,苏州,南宁,大专,5-10年,10-15k,,,,https://www.liepin.com/job/1965481695.shtml,20240314162653,,,,
155003,猎聘,能源/化工/环保,化学,高中（数学物理化学）授课老师（13-22万/年）,企业职位,南宁奥想创晨教育科技有限公司,100-499人,,苏州,南宁,统招本科,3年以上,7-15k,,,,https://www.liepin.com/job/1982556351.shtml,20260515091435,,,,
155004,猎聘,能源/化工/环保,化学,化学分析员,企业职位,南宁市泽威尔饲料有限责任公司,100-499人,,苏州,南宁-良庆区,大专,1-3年,4-6k·14薪,,,,https://www.liepin.com/job/1948454529.shtml,20220412142450,,,,
155005,猎聘,能源/化工/环保,化学,化学分析研发员,企业职位,广西思浦林科技有限公司,50-99人,,苏州,南宁-西乡塘区,本科,3-5年,6-8k,,,,https://www.liepin.com/job/1924136685.shtml,20210415155044,,,,
155006,猎聘,能源/化工/环保,化学,化学分析人员,企业职位,广西思浦林科技有限公司,50-99人,,苏州,南宁-西乡塘区,大专,1-3年,4-6k,,,,https://www.liepin.com/job/1924136357.shtml,20210415155044,,,,
155007,猎聘,能源/化工/环保,化学,初中数学、物理、化学学科负责人,企业职位,南宁奥想创晨教育科技有限公司,100-499人,,苏州,南宁-青秀区,本科,10年以上,10-20k,,,,https://www.liepin.com/job/1975894051.shtml,20260310230952,,,,
155008,猎聘,能源/化工/环保,化学,数学、物理、化学、英语教学带头人【保底年薪30万+】,企业职位,南宁奥想创晨教育科技有限公司,100-499人,,苏州,南宁-青秀区,本科,3-5年,20-30k,,,,https://www.liepin.com/job/1974074053.shtml,20251203111801,,,,
155009,猎聘,能源/化工/环保,化学,兼职物理化学地理老师,企业职位,广西桂林市勤学教育咨询有限公司,50-99人,,苏州,桂林-七星区,本科,1年以下,5-8k,,,,https://www.liepin.com/job/1981057601.shtml,20260318172927,,,,
155010,猎聘,能源/化工/环保,化学,化学学科负责人,企业职位,广西答牛课堂教育科技有限公司,100-499人,,苏州,南宁-青秀区,本科,10年以上,11-26k,,,,https://www.liepin.com/job/1974063645.shtml,20250520094651,,,,
155011,猎聘,能源/化工/环保,化学,物理/化学/生物双语老师,企业职位,桂林市凯迪艺术培训学校有限公司,1-49人,,苏州,桂林,本科,1-3年,5-10k,,,,https://www.liepin.com/job/1937684093.shtml,20210427102004,,,,
155012,猎聘,能源/化工/环保,化学,双语数学/化学/物理/生物老师,企业职位,南宁哈罗礼德学校,100-499人,,苏州,南宁-邕宁区,硕士,3-5年,15-25k·13薪,,,,https://www.liepin.com/job/1978698249.shtml,20260509095050,,,,
155013,猎聘,能源/化工/环保,化学,双语化学老师 IG Alevel,企业职位,南宁哈罗礼德学校,100-499人,,苏州,南宁-邕宁区,本科,3-5年,15-25k·13薪,,,,https://www.liepin.com/job/1979773593.shtml,20260206114159,,,,
155014,猎聘,能源/化工/环保,化学,化学外贸业务经理,企业职位,麦克林试剂,100-499人,,苏州,南宁-西乡塘区,统招本科,3-5年,10-25k,,,,https://www.liepin.com/job/1969028411.shtml,20241224084755,,,,
155015,猎聘,能源/化工/环保,化学,化学教师,企业职位,广西南宁五三教育信息咨询有限责任公司,1-49人,,苏州,南宁-江南区,本科,经验不限,4-9k,,,,https://www.liepin.com/job/1963134273.shtml,20231123112530,,,,
155016,猎聘,能源/化工/环保,化学,化学工程师,企业职位,广西氢朝能源科技有限公司,1-49人,,苏州,南宁,大专,1-3年,4-8k,,,,https://www.liepin.com/job/1948766397.shtml,20220408185156,,,,
155017,猎聘,能源/化工/环保,化学,数学/物理/化学/英语/语文/政史教师,企业职位,广西优途教育科技集团有限公司,50-99人,,苏州,北海,硕士,1-3年,10-15k,,,,https://www.liepin.com/job/1931450973.shtml,20200905122429,,,,
155018,猎聘,能源/化工/环保,化学,化学调色师,企业职位,广西福来美生态环境材料有限公司,50-99人,,苏州,桂林,学历不限,经验不限,6-10k,,,,https://www.liepin.com/job/1930822327.shtml,20200814103402,,,,
155019,猎聘,能源/化工/环保,化学,车间主任  医药中间体 CDMO ,企业职位,某国内化工公司,100-499人,,苏州,河池,大专,3-5年,17-18k,,,,https://www.liepin.com/a/76029149.shtml,20260608174105,,,,
155020,猎聘,能源/化工/环保,化学,检测科长（广西）,企业职位,某国内大型新能源公司,2000-5000人,,苏州,玉林-博白县,统招本科,3-5年,25-35k,,,,https://www.liepin.com/a/76206847.shtml,20260529144610,,,,
155021,猎聘,能源/化工/环保,化学,车间主任（中间体 CDMO）,企业职位,某上海制药上市公司,100-499人,,苏州,河池,大专,3-5年,15-17k·13薪,,,,https://www.liepin.com/a/76141777.shtml,20260604091710,,,,
155022,猎聘,能源/化工/环保,化学,制程工程师,企业职位,广西华芯振邦半导体有限公司,500-999人,,苏州,南宁-良庆区,大专,3年以上,6-10k·14薪,,,,https://www.liepin.com/job/1971293197.shtml,20260602103734,,,,
155023,猎聘,能源/化工/环保,化学,柳州-工艺开发工程师,企业职位,瑞浦赛克动力电池有限公司,5000-10000人,,苏州,柳州-鱼峰区,统招本科,1-3年,10-18k·15薪,,,,https://www.liepin.com/job/1982908133.shtml,20260527132305,,,,
155024,猎聘,能源/化工/环保,化学,药物合成（化药）,企业职位,某上海制药上市公司,100-499人,,苏州,河池,大专,1-3年,8-10k·13薪,,,,https://www.liepin.com/a/76141569.shtml,20260604091710,,,,
155025,猎聘,能源/化工/环保,化学,计量工程师,企业职位,瑞浦赛克动力电池有限公司,5000-10000人,,苏州,柳州-鱼峰区,本科,3年以上,10-15k·14薪,,,,https://www.liepin.com/job/1982800387.shtml,20260526153754,,,,
155026,猎聘,能源/化工/环保,化学,电芯工艺工程师/电芯资深工程师/高级工程师,企业职位,瑞浦赛克动力电池有限公司,5000-10000人,,苏州,柳州,本科,2年以上,12-18k·14薪,,,,https://www.liepin.com/job/1982952189.shtml,20260531081941,,,,
155027,猎聘,能源/化工/环保,化学,生产工艺工程师,企业职位,某国内制药公司,50-99人,,苏州,河池,学历不限,3-5年,13-15k,,,,https://www.liepin.com/a/75720703.shtml,20260515160649,,,,
155028,猎聘,能源/化工/环保,化学,检测科长,企业职位,某知名公司,2000-5000人,,苏州,玉林-博白县,统招本科,5年以上,18-28k,,,,https://www.liepin.com/a/76206339.shtml,20260609191014,,,,
155029,猎聘,能源/化工/环保,化学,MR-突破性多适应症生物制剂-南宁,企业职位,阿斯利康,10000人以上,,苏州,南宁-青秀区,大专,1年以上,10-20k·13薪,,,,https://www.liepin.com/job/1980811007.shtml,20260310173114,,,,
155030,猎聘,能源/化工/环保,化学,有机合成,企业职位,某国内化工公司,100-499人,,苏州,河池,学历不限,经验不限,8-10k,,,,https://www.liepin.com/a/76369315.shtml,20260608174105,,,,
155031,猎聘,能源/化工/环保,化学,工艺工程师,企业职位,海天味业,5000-10000人,,苏州,南宁-武鸣区,本科,3年以上,9-14k·13薪,,,,https://www.liepin.com/job/1982911513.shtml,20260527141716,,,,
155032,猎聘,能源/化工/环保,化学,销售服务工程师 （造纸制浆行业）,企业职位,上海埃玛森化学品有限公司,500-999人,,苏州,北海-铁山港区,大专,1-3年,7-12k,,,,https://www.liepin.com/job/1982823479.shtml,20260609111652,,,,
155033,猎聘,能源/化工/环保,化学,研发总监 铜箔,企业职位,某知名公司,100-499人,,苏州,北海,博士,5-10年,100-150k,,,,https://www.liepin.com/a/75434133.shtml,20260515124220,,,,
155034,猎聘,能源/化工/环保,化学,总经理,企业职位,某国内知名公司,100-499人,,苏州,南宁,大专,5-7年,20-40k,,,,https://www.liepin.com/a/74003019.shtml,20260609091157,,,,
155035,猎聘,能源/化工/环保,化学,副总,企业职位,某国内制药上市公司,2000-5000人,,苏州,梧州,本科,5-10年,15-20k,,,,https://www.liepin.com/a/73801299.shtml,20260609083556,,,,
155036,猎聘,能源/化工/环保,化学,重庆-计量工程师,企业职位,瑞浦赛克动力电池有限公司,5000-10000人,,苏州,柳州-鱼峰区,本科,3年以上,10-15k·14薪,,,,https://www.liepin.com/job/1982818473.shtml,20260525105229,,,,
155037,猎聘,能源/化工/环保,化学,分析技术员（仪器分析）,企业职位,某国内检测认证公司,50-99人,,苏州,南宁-西乡塘区,大专,5-10年,8-12k,,,,https://www.liepin.com/a/73356733.shtml,20260526142301,,,,
155038,猎聘,能源/化工/环保,化学,品质工程师（体系/焊接/制程跟进）,企业职位,BYD,10000人以上,,苏州,南宁-青秀区,大专,5年以上,8-10k,,,,https://www.liepin.com/job/1982929297.shtml,20260527193635,,,,
155039,猎聘,能源/化工/环保,化学,质检员,企业职位,广西途昊集团,100-499人,,苏州,南宁-青秀区,大专,3年以上,6-9k,,,,https://www.liepin.com/job/1981615555.shtml,20260409142531,,,,
155040,猎聘,能源/化工/环保,化学,副总经理（日化）,企业职位,某国内制药上市公司,2000-5000人,,苏州,梧州,统招本科,5-10年,20-30k,,,,https://www.liepin.com/a/75440769.shtml,20260609143457,,,,
155041,猎聘,能源/化工/环保,化学,总经理,企业职位,某国内制药上市公司,2000-5000人,,苏州,梧州,本科,10年以上,25-40k,,,,https://www.liepin.com/a/73798661.shtml,20260609083556,,,,
155042,猎聘,能源/化工/环保,化学,日化总经理,企业职位,某国内制药上市公司,2000-5000人,,苏州,梧州,本科,5-10年,40-70k,,,,https://www.liepin.com/a/74371371.shtml,20260609111813,,,,
155043,猎聘,能源/化工/环保,化学,肥料厂厂长,企业职位,某国内制药公司,50-99人,,苏州,南宁,学历不限,经验不限,12-24k,,,,https://www.liepin.com/a/75497959.shtml,20260511102254,,,,
155044,猎聘,能源/化工/环保,化学,高中网课在线教师,企业职位,南阳精准翻译服务有限公司,50-99人,,苏州,南宁-青秀区,统招本科,10年以上,8-15k,,,,https://www.liepin.com/job/1971273279.shtml,20260608064843,,,,
155045,猎聘,能源/化工/环保,化学,采购专员,企业职位,柳州柳工挖掘机有限公司,1000-2000人,,苏州,柳州-柳北区,本科,5-10年,5-8k·13薪,,,,https://www.liepin.com/job/1980754275.shtml,20260309140401,,,,
155046,猎聘,能源/化工/环保,化学,重庆锂电 工艺工程师,企业职位,瑞浦赛克动力电池有限公司,5000-10000人,,苏州,柳州-鱼峰区,本科,1-3年,8-13k·15薪,,,,https://www.liepin.com/job/1982802661.shtml,20260523171628,,,,
155047,猎聘,能源/化工/环保,化学,FPC器件工程师（摄像头模组）,企业职位,瑞声光电,10000人以上,,苏州,南宁-江南区,统招本科,5-10年,15-25k,,,,https://www.liepin.com/job/1983020353.shtml,20260601110111,,,,
155048,猎聘,能源/化工/环保,化学,工艺经理,企业职位,深圳国人科技,2000-5000人,,苏州,南宁-邕宁区,本科,10年以上,30-50k,,,,https://www.liepin.com/job/1977075249.shtml,20260512093339,,,,
155049,猎聘,能源/化工/环保,化学,生产经理（常温）,企业职位,浙江百菲电子商务科技有限公司,50-99人,,苏州,钦州-灵山县,本科,5年以上,10-20k,,,,https://www.liepin.com/job/1982416609.shtml,20260531140702,,,,
155050,猎聘,能源/化工/环保,化学,研发总监（聚氨酯）,企业职位,某深圳医疗器械上市公司,10000人以上,,苏州,桂林,硕士,10年以上,70-100k,,,,https://www.liepin.com/a/74974075.shtml,20260609103842,,,,
155051,猎聘,能源/化工/环保,化学,实验型博士后（广西）,企业职位,广州仟研生物科技有限公司,50-99人,,苏州,南宁-青秀区,博士,经验不限,23-29k,,,,https://www.liepin.com/job/1982115817.shtml,20260529145452,,,,
155052,猎聘,能源/化工/环保,化学,肥料研发,企业职位,汉和生物,100-499人,,苏州,南宁,硕士,3-5年,10-20k,,,,https://www.liepin.com/job/1982296699.shtml,20260605173824,,,,
155053,猎聘,能源/化工/环保,化学,肥料研发,企业职位,汉和生物,100-499人,,苏州,南宁-西乡塘区,硕士,3-5年,8-15k,,,,https://www.liepin.com/job/1981958283.shtml,20260421170135,,,,
155054,猎聘,能源/化工/环保,化学,技术型销售工程师-广西,企业职位,北京青莲百奥生物科技有限公司,100-499人,,苏州,南宁-西乡塘区,硕士,1-3年,10-20k,,,,https://www.liepin.com/job/1982868813.shtml,20260526133538,,,,
155055,猎聘,能源/化工/环保,化学,分析技术员（仪器分析）,企业职位,某国内检测认证公司,50-99人,,苏州,南宁-西乡塘区,大专,1-3年,8-12k,,,,https://www.liepin.com/a/73465775.shtml,20260608110317,,,,
155056,猎聘,能源/化工/环保,化学,现场品控技术员,企业职位,大闽国际,500-999人,,苏州,南宁-江南区,大专,1年以上,4-6k,,,,https://www.liepin.com/job/1980932777.shtml,20260314103840,,,,
155057,猎聘,能源/化工/环保,化学,品管经理,企业职位,海大集团,10000人以上,,苏州,钦州-钦南区,大专,3年以上,9-12k,,,,https://www.liepin.com/job/1980818499.shtml,20260608175250,,,,
155058,猎聘,能源/化工/环保,化学,海外销售（粘合剂）,企业职位,上海胶泰新材料科技有限公司,1-49人,,苏州,崇左-江州区,本科,3-5年,12-15k,,,,https://www.liepin.com/job/1958568429.shtml,20260604084549,,,,
155059,猎聘,能源/化工/环保,化学,肥料研发工程师,企业职位,汉和生物,100-499人,,苏州,南宁-西乡塘区,本科,5-10年,8-12k,,,,https://www.liepin.com/job/1978402385.shtml,20251112111302,,,,
155060,猎聘,能源/化工/环保,化学,体系主管/工程师,企业职位,鹏辉能源,5000-10000人,,苏州,柳州-柳北区,本科,5年以上,12-15k·14薪,,,,https://www.liepin.com/job/1983164877.shtml,20260606100535,,,,
155061,猎聘,能源/化工/环保,化学,TGV研发工程师（孔金属化方向） （南宁）,企业职位,成都拓米双都光电有限公司,2000-5000人,,苏州,南宁-良庆区,本科,3年以上,10-20k,,,,https://www.liepin.com/job/1978867303.shtml,20251202164854,,,,
155062,猎聘,能源/化工/环保,化学,农药检测助理,企业职位,广州毅田生物技术有限公司,50-99人,,苏州,玉林-玉州区,大专,经验不限,4-6k,,,,https://www.liepin.com/job/1980788235.shtml,20260310112045,,,,
155063,猎聘,能源/化工/环保,化学,科研,企业职位,广西科学院,500-999人,,苏州,南宁-西乡塘区,博士,经验不限,20-25k,,,,https://www.liepin.com/job/1967541141.shtml,20240620154815,,,,
155064,猎聘,能源/化工/环保,化学,抗原/抗体研发工程师,企业职位,桂林优利特医疗电子有限公司,1000-2000人,,苏州,桂林-七星区,硕士,1年以上,6-9k,,,,https://www.liepin.com/job/1974105407.shtml,20250425114312,,,,
155065,猎聘,能源/化工/环保,化学,样品前处理人员,企业职位,广西思浦林科技有限公司,50-99人,,苏州,南宁-西乡塘区,大专,1年以下,3-4k,,,,https://www.liepin.com/job/1928339951.shtml,20210415155044,,,,
155066,猎聘,能源/化工/环保,化学,检测科长,企业职位,某国内大型新能源公司,500-999人,,苏州,玉林,统招本科,经验不限,15-30k,,,,https://www.liepin.com/a/76528491.shtml,20260608145756,,,,
155067,猎聘,能源/化工/环保,化学,电镀工艺工程师,企业职位,柳工机械,10000人以上,,苏州,柳州-鱼峰区,本科,2年以上,5-8k·13薪,,,,https://www.liepin.com/job/1982582395.shtml,20260522142918,,,,
155068,猎聘,能源/化工/环保,化学,EHS工程师,企业职位,某上海大型新能源公司,2000-5000人,,苏州,贵港-桂平,统招本科,10年以上,14-15k,,,,https://www.liepin.com/a/75366107.shtml,20260507162305,,,,
155069,猎聘,能源/化工/环保,化学,品控主管,企业职位,浙江百菲电子商务科技有限公司,50-99人,,苏州,钦州-灵山县,大专,5年以上,10-12k·13薪,,,,https://www.liepin.com/job/1969133579.shtml,20260531140702,,,,
155070,猎聘,能源/化工/环保,化学,工艺研究员(J13241),企业职位,广西科伦制药有限公司,500-999人,,苏州,桂林,硕士,经验不限,6-10k,,,,https://www.liepin.com/job/1982593891.shtml,20260520005012,,,,
155071,猎聘,能源/化工/环保,化学,病理试剂研发工程师,企业职位,桂林优利特医疗电子有限公司,1000-2000人,,苏州,桂林-七星区,硕士,3-5年,8-15k·13薪,,,,https://www.liepin.com/job/1975300051.shtml,20250623143613,,,,
155072,猎聘,能源/化工/环保,化学,售后主管（广西钦州或者巴彦淖尔）,企业职位,某知名公司,2000-5000人,,苏州,钦州,本科,3-5年,12-17k,,,,https://www.liepin.com/a/74035821.shtml,20260423134120,,,,
155073,猎聘,能源/化工/环保,化学,质量经理,企业职位,浙江百菲电子商务科技有限公司,50-99人,,苏州,钦州-灵山县,大专,5年以上,15-25k,,,,https://www.liepin.com/job/1975095101.shtml,20260531140710,,,,
155074,猎聘,能源/化工/环保,化学,MR-Hema-南宁,企业职位,阿斯利康,10000人以上,,苏州,南宁-西乡塘区,本科,经验不限,8-15k·13薪,,,,https://www.liepin.com/job/1979548739.shtml,20260609084418,,,,
155075,猎聘,能源/化工/环保,化学,化验员,企业职位,某国内其他制造业公司,100-499人,,苏州,来宾,大专,1-3年,4-6k·13薪,,,,https://www.liepin.com/a/75232439.shtml,20260430161439,,,,
155076,猎聘,能源/化工/环保,化学,分析测试中心副主任,企业职位,中国有色桂林矿产地质研究院有限公司,1000-2000人,,苏州,桂林,本科,5-10年,16-25k,,,,https://www.liepin.com/job/1956060559.shtml,20230213165147,,,,
155077,猎聘,能源/化工/环保,化学,实验室组长,企业职位,成都诺森医学检验有限公司,100-499人,,苏州,柳州,大专,1-3年,4-5k,,,,https://www.liepin.com/job/1933644365.shtml,20230425091829,,,,
155078,猎聘,能源/化工/环保,化学,电池工程师,企业职位,瑞浦赛克动力电池有限公司,5000-10000人,,苏州,柳州-鱼峰区,统招本科,3-5年,15-19k·15薪,,,,https://www.liepin.com/job/1968026143.shtml,20260228224444,,,,
155079,猎聘,能源/化工/环保,化学,国际注册副总监,企业职位,某知名公司,1000-2000人,,苏州,桂林,统招本科,5-10年,20-25k·13薪,,,,https://www.liepin.com/a/75806427.shtml,20260609090630,,,,
155080,猎聘,能源/化工/环保,化学,田七家化总经理,企业职位,某知名公司,2000-5000人,,苏州,南宁,本科,10年以上,50-80k,,,,https://www.liepin.com/a/73820283.shtml,20260609173038,,,,
155081,猎聘,能源/化工/环保,化学,蒸发工艺工程师,企业职位,华友钴业,10000人以上,,苏州,玉林-博白县,本科,5-10年,10-16k·14薪,,,,https://www.liepin.com/job/1981548707.shtml,20260407173026,,,,
155082,猎聘,能源/化工/环保,化学,工艺助理工程师,企业职位,柳州柳工挖掘机有限公司,1000-2000人,,苏州,柳州-柳北区,本科,1-3年,6-8k·13薪,,,,https://www.liepin.com/job/1979861049.shtml,20260119182557,,,,
155083,猎聘,能源/化工/环保,化学,器械生产/质量管理,企业职位,深圳市昊瑞医疗器械有限公司,1-49人,,苏州,玉林-玉州区,大专,3-5年,6-7k,,,,https://www.liepin.com/job/1983071733.shtml,20260609190733,,,,
155084,猎聘,能源/化工/环保,化学,研发工程师,企业职位,惠科新材料,,,苏州,北海-海城区,本科,2年以上,10-20k,,,,https://www.liepin.com/job/1982920385.shtml,20260527163219,,,,
155085,猎聘,能源/化工/环保,化学,食品研发工程师,企业职位,某国内食品/饮料/酒水上市公司,5000-10000人,,苏州,南宁,学历不限,1-3年,25-40k,,,,https://www.liepin.com/a/75148995.shtml,20260428151651,,,,
155086,猎聘,能源/化工/环保,化学,品质工程专员,企业职位,大闽国际,500-999人,,苏州,南宁-江南区,大专,1年以上,4-6k,,,,https://www.liepin.com/job/1980932817.shtml,20260314104123,,,,
155087,猎聘,能源/化工/环保,化学,地区经理-肿瘤免疫-广西,企业职位,恒瑞医药,10000人以上,,苏州,南宁-青秀区,本科,2年以上,20-28k,,,,https://www.liepin.com/job/1983124337.shtml,20260603181930,,,,
155088,猎聘,能源/化工/环保,化学,小初各学科老师,企业职位,南宁奥想创晨教育科技有限公司,100-499人,,苏州,南宁,统招本科,经验不限,10-25k,,,,https://www.liepin.com/job/1956810307.shtml,20251203112000,,,,
155089,猎聘,能源/化工/环保,化学,拼焊工艺工程师,企业职位,柳州柳工挖掘机有限公司,1000-2000人,,苏州,柳州-柳北区,本科,5-10年,7-9k·13薪,,,,https://www.liepin.com/job/1979882815.shtml,20260120153218,,,,
155090,猎聘,能源/化工/环保,化学,汽车涂装工艺工程师,企业职位,浙江金固股份有限公司,2000-5000人,,苏州,南宁-邕宁区,本科,3年以上,8-12k·14薪,,,,https://www.liepin.com/job/1975462107.shtml,20250701100715,,,,
155091,猎聘,能源/化工/环保,化学,高级座椅发泡配方工艺工程师,企业职位,某上海大型汽车零部件及配件公司,10000人以上,,苏州,柳州,大专,5-10年,30-40k·13薪,,,,https://www.liepin.com/a/74864823.shtml,20260609102631,,,,
155092,猎聘,能源/化工/环保,化学,小初各学科优秀老师,企业职位,南宁奥想创晨教育科技有限公司,100-499人,,苏州,南宁,统招本科,3-5年,10-15k,,,,https://www.liepin.com/job/1956810335.shtml,20251203112000,,,,
155093,猎聘,能源/化工/环保,化学,PE工程师 （中段、后段、出货）,企业职位,某国内大型机械/设备公司,5000-10000人,,苏州,南宁-青秀区,本科,3年以上,8-13k,,,,https://www.liepin.com/a/75826299.shtml,20260519175414,,,,
155094,猎聘,能源/化工/环保,化学,博士研究员,企业职位,某国内食品/饮料/酒水上市公司,5000-10000人,,苏州,南宁-武鸣区,博士,经验不限,25-40k·13薪,,,,https://www.liepin.com/a/75013333.shtml,20260424084444,,,,
155095,猎聘,能源/化工/环保,化学,工艺工程师,企业职位,某国内电气机械/器材公司,1-49人,,苏州,南宁,大专,1-3年,15-20k·13薪,,,,https://www.liepin.com/a/73720835.shtml,20260420134858,,,,
155096,猎聘,能源/化工/环保,化学,高中理科教研专家（30-40万/年）,企业职位,南宁奥想创晨教育科技有限公司,100-499人,,苏州,南宁-西乡塘区,本科,6年以上,25-30k,,,,https://www.liepin.com/job/1980145045.shtml,20260203100417,,,,
155097,猎聘,能源/化工/环保,化学,粉体材料工程师（非金属类）,企业职位,啄木鸟医疗,500-999人,,苏州,桂林-七星区,硕士,3年以上,15-20k,,,,https://www.liepin.com/job/1975308007.shtml,20250623170112,,,,
155098,猎聘,能源/化工/环保,化学,体外诊断试剂研发工程师,企业职位,桂林优利特医疗电子有限公司,1000-2000人,,苏州,桂林,本科,1-3年,8-13k,,,,https://www.liepin.com/job/1958807717.shtml,20230524142819,,,,
155099,猎聘,能源/化工/环保,化学,Rep-Retail-柳州（零售）,企业职位,阿斯利康,10000人以上,,苏州,柳州-柳北区,大专,1年以上,7-14k·13薪,,,,https://www.liepin.com/job/1981381889.shtml,20260609110511,,,,
155100,猎聘,能源/化工/环保,化学,PE工程师,企业职位,某国内大型机械/设备公司,5000-10000人,,苏州,南宁,学历不限,3-5年,10-15k,,,,https://www.liepin.com/a/73633645.shtml,20260507093248,,,,
155101,猎聘,能源/化工/环保,化学,科研人员,企业职位,广西科学院,500-999人,,苏州,南宁-西乡塘区,硕士,经验不限,15-16k,,,,https://www.liepin.com/job/1971505871.shtml,20250623171752,,,,
155102,猎聘,能源/化工/环保,化学,甲烷烧碱班长,企业职位,广西田东锦盛化工有限公司,100-499人,,苏州,百色-田东县,大专,1-3年,6-9k,,,,https://www.liepin.com/job/1979445291.shtml,20251230092819,,,,
155103,猎聘,能源/化工/环保,化学,高级/资深农药配方师（1月到岗）,企业职位,广西科尖生物科技有限公司,50-99人,,苏州,钦州-灵山县,统招本科,5年以上,8-10k,,,,https://www.liepin.com/job/1979420459.shtml,20251227181425,,,,
155104,猎聘,能源/化工/环保,化学,实习老师（想做老师的都可以）,企业职位,南宁奥想创晨教育科技有限公司,100-499人,,苏州,南宁-西乡塘区,本科,经验不限,6-8k,,,,https://www.liepin.com/job/1979108523.shtml,20251212144010,,,,
155105,猎聘,能源/化工/环保,化学,实验室化验员,企业职位,河北福满园房地产开发有限公司,1-49人,,苏州,贺州-昭平县,大专,1-3年,4-6k,,,,https://www.liepin.com/job/1979149485.shtml,20260316144505,,,,
155106,猎聘,能源/化工/环保,化学,内贸业务员,企业职位,建滔(北海)实业有限公司,100-499人,,苏州,北海-铁山港区,本科,3-5年,5-10k,,,,https://www.liepin.com/job/1980884197.shtml,20260312161706,,,,
155107,猎聘,能源/化工/环保,化学,制剂工程师助理,企业职位,广州毅田生物技术有限公司,50-99人,,苏州,玉林-玉州区,统招本科,经验不限,4-6k,,,,https://www.liepin.com/job/1980422361.shtml,20260310111602,,,,
155108,猎聘,能源/化工/环保,化学,电芯研发工程师,企业职位,深圳市单原子材料有限公司,,,苏州,南宁-良庆区,本科,1-3年,15-25k·13薪,,,,https://www.liepin.com/job/1980753709.shtml,20260309153428,,,,
155109,猎聘,能源/化工/环保,化学,科研博士,企业职位,广西科学院,500-999人,,苏州,南宁-西乡塘区,博士,经验不限,20-25k,,,,https://www.liepin.com/job/1967602307.shtml,20250328171115,,,,
155110,猎聘,能源/化工/环保,化学,初高中教师,企业职位,南宁牧哲校外托管服务有限公司,1-49人,,苏州,南宁-青秀区,本科,10年以上,10-15k,,,,https://www.liepin.com/job/1975579725.shtml,20250706104007,,,,
155111,猎聘,能源/化工/环保,化学,食品研发经理,企业职位,广西铂洋果业科技有限公司,100-499人,,苏州,南宁-隆安县,本科,经验不限,8-12k,,,,https://www.liepin.com/job/1976801265.shtml,20250827205808,,,,
155112,猎聘,能源/化工/环保,化学,研发工程师（铜箔）,企业职位,深圳惠科新材料股份有限公司,1000-2000人,,苏州,北海-海城区,硕士,3年以上,10-15k,,,,https://www.liepin.com/job/1977081231.shtml,20251009162646,,,,
155113,猎聘,能源/化工/环保,化学,病理试剂研发工程师,企业职位,桂林优利特医疗电子有限公司,1000-2000人,,苏州,桂林-七星区,本科,1年以上,10-20k·13薪,,,,https://www.liepin.com/job/1976233709.shtml,20250804141939,,,,
155114,猎聘,能源/化工/环保,化学,取、制样员(外派印尼),企业职位,寒锐钴业,1000-2000人,,苏州,桂林-象山区,中专/中技,1-3年,15-16k·13薪,,,,https://www.liepin.com/job/1973271343.shtml,20250320113151,,,,
155115,猎聘,能源/化工/环保,化学,中学数理化老师,企业职位,广西天狼星教育投资有限责任公司,50-99人,,苏州,来宾-兴宾区,大专,1-3年,3-8k,,,,https://www.liepin.com/job/1975429757.shtml,20250628175836,,,,
155116,猎聘,能源/化工/环保,化学,销售储备,企业职位,广西盛亚科技集团股份有限公司,500-999人,,苏州,柳州-鹿寨县,本科,经验不限,3-5k,,,,https://www.liepin.com/job/1974732887.shtml,20251121092640,,,,
155117,猎聘,能源/化工/环保,化学,医药研发经理,企业职位,广西宜和医疗科技有限公司,50-99人,,苏州,南宁-武鸣区,统招本科,3-5年,7-12k,,,,https://www.liepin.com/job/1964928353.shtml,20240712152909,,,,
155118,猎聘,能源/化工/环保,化学,高中化学教师,企业职位,北京大学南宁附属实验学校,100-499人,,苏州,南宁-青秀区,本科,1-3年,8-10k,,,,https://www.liepin.com/job/1971653137.shtml,20250115153705,,,,
155119,猎聘,能源/化工/环保,化学,化验员,企业职位,南宁市泽威尔饲料有限责任公司,100-499人,,苏州,南宁-良庆区,大专,1-3年,3-5k,,,,https://www.liepin.com/job/1940852453.shtml,20210708110432,,,,
155120,猎聘,能源/化工/环保,化学,助理研发工程师,企业职位,广西七色珠光材料股份有限公司,100-499人,,苏州,柳州,本科,经验不限,5-7k,,,,https://www.liepin.com/job/1941728295.shtml,20221008161601,,,,
155121,猎聘,能源/化工/环保,化学,教师,企业职位,百色天立学校,2000-5000人,,苏州,百色-右江区,本科,1年以下,8-24k,,,,https://www.liepin.com/job/1957637403.shtml,20230408173443,,,,
155122,猎聘,能源/化工/环保,化学,精糖厂化验员,企业职位,东亚糖业,2000-5000人,,苏州,崇左-江州区,大专,经验不限,4-5k,,,,https://www.liepin.com/job/1960194961.shtml,20230721145345,,,,
155123,猎聘,能源/化工/环保,化学,研发部经理,企业职位,广西宜和医疗科技有限公司,50-99人,,苏州,南宁-武鸣区,本科,3-5年,5-10k,,,,https://www.liepin.com/job/1938085403.shtml,20230112093112,,,,
155124,猎聘,能源/化工/环保,化学,化验主管,企业职位,广西环淼实业有限公司,50-99人,,苏州,玉林,大专,1-3年,7-8k,,,,https://www.liepin.com/job/1930857557.shtml,20200912105613,,,,
155125,猎聘,能源/化工/环保,化学,粉体材料工程师（非金属类）,企业职位,啄木鸟医疗,500-999人,,苏州,桂林-七星区,硕士,3年以上,20-30k,,,,https://www.liepin.com/job/1983235361.shtml,20260608110639,,,,
155126,猎聘,能源/化工/环保,化学,制程工程师,企业职位,某国内大型电子/半导体/集成电路公司,500-999人,,苏州,南宁-良庆区,大专,3年以上,6-10k·14薪,,,,https://www.liepin.com/a/76549825.shtml,20260608205916,,,,
155127,猎聘,能源/化工/环保,化学,制程工程师,企业职位,某国内大型电子/半导体/集成电路公司,500-999人,,苏州,南宁-良庆区,大专,3年以上,6-10k·14薪,,,,https://www.liepin.com/a/76543079.shtml,20260608173413,,,,
155128,猎聘,能源/化工/环保,化学,制程工程师,企业职位,某国内大型电子/半导体/集成电路公司,500-999人,,苏州,南宁,硕士,3-5年,6-10k·14薪,,,,https://www.liepin.com/a/76542595.shtml,20260609103638,,,,
155129,猎聘,能源/化工/环保,化学,制程工程师,企业职位,某国内大型电子/半导体/集成电路公司,500-999人,,苏州,南宁,大专,3-5年,7-10k·14薪,,,,https://www.liepin.com/a/76540089.shtml,20260608165933,,,,
155130,猎聘,能源/化工/环保,化学,博士研究员,企业职位,某国内大型食品/饮料/酒水公司,2000-5000人,,苏州,南宁,博士,经验不限,30-40k,,,,https://www.liepin.com/a/75006185.shtml,20260423180331,,,,
155131,猎聘,能源/化工/环保,化学,绿色环境工程师（外派）,企业职位,歌尔股份,10000人以上,,苏州,南宁-西乡塘区,本科,10年以上,16-23k,,,,https://www.liepin.com/job/1981805013.shtml,20260416083556,,,,
155132,猎聘,能源/化工/环保,化学,化验室副主任-水泥,企业职位,湖北京兰水泥集团有限公司,2000-5000人,,苏州,来宾-武宣县,本科,5年以上,8-12k,,,,https://www.liepin.com/job/1981769891.shtml,20260415094810,,,,
155133,猎聘,能源/化工/环保,化学,MR-呼吸生物制剂新产品-柳州,企业职位,阿斯利康,10000人以上,,苏州,柳州-城中区,大专,1年以上,10-20k,,,,https://www.liepin.com/job/1981396859.shtml,20260331171740,,,,
155134,猎聘,能源/化工/环保,化学,QC主任/验证经理（无菌原料药）,企业职位,某国内大型制药公司,500-999人,,苏州,桂林,统招本科,5-10年,12-24k,,,,https://www.liepin.com/a/75106537.shtml,20260609084215,,,,
155135,猎聘,能源/化工/环保,化学,销售经理,企业职位,武汉德泰纳新能源技术有限公司,500-999人,,苏州,柳州-鱼峰区,统招本科,3-5年,8-14k,,,,https://www.liepin.com/job/1981114337.shtml,20260320140953,,,,
155136,猎聘,能源/化工/环保,化学,海洋技术工程师,企业职位,广州和时通水生态科技有限公司,100-499人,,苏州,防城港-港口区,本科,经验不限,5-6k,,,,https://www.liepin.com/job/1974483413.shtml,20260213152040,,,,
155137,猎聘,能源/化工/环保,化学,初中化学老师,企业职位,南宁奥想创晨教育科技有限公司,100-499人,,苏州,南宁,统招本科,经验不限,6-8k,,,,https://www.liepin.com/job/1981178637.shtml,20260324095646,,,,
155138,猎聘,能源/化工/环保,化学,广西业务经理,企业职位,万泰药业,1000-2000人,,苏州,南宁-西乡塘区,大专,3年以上,8-10k,,,,https://www.liepin.com/job/1980952623.shtml,20260316111136,,,,
155139,猎聘,能源/化工/环保,化学,QC主管,企业职位,荣康集团广西康世缘制药有限公司,100-499人,,苏州,南宁-武鸣区,大专,2年以上,5-8k,,,,https://www.liepin.com/job/1977748861.shtml,20260519142830,,,,
155140,猎聘,能源/化工/环保,化学,计量理化项目工程师,企业职位,柳工机械,10000人以上,,苏州,柳州-柳南区,统招本科,5-10年,8-10k·13薪,,,,https://www.liepin.com/job/1963649805.shtml,20260507145805,,,,
155141,猎聘,能源/化工/环保,化学,销售代表,企业职位,深圳华大基因股份有限公司-,2000-5000人,,苏州,南宁-西乡塘区,本科,1-3年,8-12k,,,,https://www.liepin.com/job/1973762885.shtml,20250411103422,,,,
155142,猎聘,能源/化工/环保,化学,生产主管,企业职位,中伟新材料股份有限公司,5000-10000人,,苏州,钦州,统招本科,3-5年,8-13k·13薪,,,,https://www.liepin.com/job/1981661899.shtml,20260518163930,,,,
155143,猎聘,能源/化工/环保,化学,胶水应用工程师,企业职位,桂林光隆科技集团股份有限公司,500-999人,,苏州,桂林-七星区,大专,3-5年,12-18k·13薪,,,,https://www.liepin.com/job/1981563115.shtml,20260609162305,,,,
155144,猎聘,能源/化工/环保,化学,一级注册计量师,企业职位,广西京安计量检测有限公司,1-49人,,苏州,钦州,本科,3-5年,7-10k,,,,https://www.liepin.com/job/1980919861.shtml,20260313155809,,,,
155145,猎聘,能源/化工/环保,化学,分离纯化工程师,企业职位,汉和生物,100-499人,,苏州,南宁,本科,5年以上,10-15k,,,,https://www.liepin.com/job/1978654919.shtml,20260203153549,,,,
155146,猎聘,能源/化工/环保,化学,质量高级工程师,企业职位,中伟新材料股份有限公司,5000-10000人,,苏州,钦州-钦南区,本科,5年以上,17-22k·15薪,,,,https://www.liepin.com/job/1977848631.shtml,20251018091009,,,,
155147,猎聘,能源/化工/环保,化学,原料销售经理（大健康方向）,企业职位,汉和生物,100-499人,,苏州,南宁,本科,3年以上,15-25k,,,,https://www.liepin.com/job/1978394249.shtml,20251112091216,,,,
155148,猎聘,能源/化工/环保,化学,淀粉车间主任,企业职位,广西瑞藤投资有限公司,50-99人,,苏州,南宁-青秀区,中专/中技,8年以上,15-20k,,,,https://www.liepin.com/job/1978887149.shtml,20251203123141,,,,
155149,猎聘,能源/化工/环保,化学,工艺工程师,企业职位,广西川泽环保科技有限公司,1-49人,,苏州,贵港-港北区,本科,3-5年,6-9k,,,,https://www.liepin.com/job/1983044713.shtml,20260601180812,,,,
155150,猎聘,能源/化工/环保,化学,技术部开发主管,企业职位,将军陶瓷集团,100-499人,,苏州,梧州-岑溪,大专,5年以上,15-20k,,,,https://www.liepin.com/job/1982068797.shtml,20260608104116,,,,
155151,猎聘,能源/化工/环保,化学,体系主管,企业职位,深圳市新荣阳食品科技有限公司,100-499人,,苏州,南宁-横州市,本科,5年以上,8-12k·13薪,,,,https://www.liepin.com/job/1979352279.shtml,20260521160354,,,,
155152,猎聘,能源/化工/环保,化学,高级医药代表,企业职位,豪森药业,10000人以上,,苏州,南宁-青秀区,本科,1年以上,10-15k,,,,https://www.liepin.com/job/1980775939.shtml,20260309222334,,,,
155153,猎聘,能源/化工/环保,化学,工厂副厂长,企业职位,广西瑞藤投资有限公司,50-99人,,苏州,南宁-青秀区,学历不限,8年以上,18-30k,,,,https://www.liepin.com/job/1979569049.shtml,20260106135319,,,,
155154,猎聘,能源/化工/环保,化学,产品研发经理,企业职位,海天味业,5000-10000人,,苏州,南宁-武鸣区,硕士,3年以上,10-20k·13薪,,,,https://www.liepin.com/job/1976170683.shtml,20250806165808,,,,
155155,猎聘,能源/化工/环保,化学,污水废水处理岗/主管/工程师/班长,企业职位,上海格派镍钴材料股份有限公司,100-499人,,苏州,钦州-钦南区,大专,1-3年,6-10k,,,,https://www.liepin.com/job/1974183453.shtml,20250626161109,,,,
155156,猎聘,能源/化工/环保,化学,锂电工艺开发工程师,企业职位,瑞浦赛克动力电池有限公司,5000-10000人,,苏州,柳州-鱼峰区,本科,1-3年,10-18k·14薪,,,,https://www.liepin.com/job/1982901313.shtml,20260527104434,,,,
155157,猎聘,能源/化工/环保,化学,项目工程总监,企业职位,中国燃气控股有限公司,10000人以上,,苏州,南宁-江南区,本科,5-10年,15-20k·13薪,,,,https://www.liepin.com/job/1975844965.shtml,20250717123307,,,,
155158,猎聘,能源/化工/环保,化学,985/211名校毕业老师【年薪20-40万】,企业职位,南宁奥想创晨教育科技有限公司,100-499人,,苏州,南宁-青秀区,本科,3年以上,15-30k,,,,https://www.liepin.com/job/1973524595.shtml,20260310230952,,,,
155159,猎聘,能源/化工/环保,化学,广西科伦-质量工程师(J13242),企业职位,广西科伦制药有限公司,500-999人,,苏州,桂林,硕士,2年以上,6-10k,,,,https://www.liepin.com/job/1982593955.shtml,20260520005012,,,,
155160,猎聘,能源/化工/环保,化学,技术员/研发专员,企业职位,桂林恒保健康防护有限公司,1000-2000人,,苏州,桂林-永福县,本科,2年以上,4-5k,,,,https://www.liepin.com/job/1975107531.shtml,20260225183222,,,,
155161,猎聘,能源/化工/环保,化学,博士研究员,企业职位,海天味业,5000-10000人,,苏州,南宁-武鸣区,博士,经验不限,25-40k·13薪,,,,https://www.liepin.com/job/1976347849.shtml,20250808101937,,,,
155162,猎聘,能源/化工/环保,化学,广西科伦-QC副经理(J13240),企业职位,广西科伦制药有限公司,500-999人,,苏州,桂林,本科,5年以上,8-12k,,,,https://www.liepin.com/job/1982593753.shtml,20260520005012,,,,
155163,猎聘,能源/化工/环保,化学,生物专利工程师,企业职位,汉和生物,100-499人,,苏州,南宁,本科,2年以上,8-12k,,,,https://www.liepin.com/job/1978394351.shtml,20260206105753,,,,
155164,猎聘,能源/化工/环保,化学,现场QA,企业职位,汉和生物,100-499人,,苏州,南宁-西乡塘区,统招本科,1年以上,5-6k,,,,https://www.liepin.com/job/1978932817.shtml,20251204175554,,,,
155165,猎聘,能源/化工/环保,化学,生物质能源总监,企业职位,中国燃气控股有限公司,10000人以上,,苏州,玉林-玉州区,本科,5年以上,10-15k,,,,https://www.liepin.com/job/1982345595.shtml,20260515100901,,,,
155166,猎聘,能源/化工/环保,化学,茶本酒研发高级工程师,企业职位,广西天昌投资有限公司,100-499人,,苏州,百色-平果市,本科,5年以上,15-25k,,,,https://www.liepin.com/job/1982008365.shtml,20260422193834,,,,
155167,猎聘,能源/化工/环保,化学,广西科伦-科技项目与成果转化专员(J13243),企业职位,广西科伦制药有限公司,500-999人,,苏州,桂林,统招本科,经验不限,4-8k,,,,https://www.liepin.com/job/1982599105.shtml,20260520005012,,,,
155168,猎聘,能源/化工/环保,化学,质量项目工程师（持续改进）,企业职位,柳州柳工挖掘机有限公司,1000-2000人,,苏州,柳州-柳北区,本科,3年以上,9-14k·14薪,,,,https://www.liepin.com/job/1976423823.shtml,20250812134906,,,,
155169,猎聘,能源/化工/环保,化学,母粒销售主管,企业职位,科元控股集团,1000-2000人,,苏州,贺州-平桂区,大专,3年以上,11-15k,,,,https://www.liepin.com/job/1976969665.shtml,20250904102310,,,,
155170,猎聘,能源/化工/环保,化学,质量专员QA,企业职位,上海创德医药科技有限公司,500-999人,,苏州,桂林-七星区,本科,经验不限,4-6k·14薪,,,,https://www.liepin.com/job/1973576705.shtml,20260402154030,,,,
155171,猎聘,能源/化工/环保,化学,质量经理,企业职位,某国内食品/饮料/酒水上市公司,5000-10000人,,苏州,南宁,本科,经验不限,29-35k·13薪,,,,https://www.liepin.com/a/74520801.shtml,20260506102551,,,,
155172,猎聘,能源/化工/环保,化学,QA验证专员,企业职位,桂林南药股份有限公司,1000-2000人,,苏州,桂林,本科,1-3年,5-9k,,,,https://www.liepin.com/job/1980763669.shtml,20260415144554,,,,
155173,猎聘,能源/化工/环保,化学,QC主管,企业职位,汉和生物,100-499人,,苏州,南宁-西乡塘区,本科,5-10年,6-10k,,,,https://www.liepin.com/job/1978399007.shtml,20251112102256,,,,
155174,猎聘,能源/化工/环保,化学,（高级）医药代表 /（资深）产品专员,企业职位,诺华集团（中国）,500-999人,,苏州,南宁-西乡塘区,本科,经验不限,9-15k,,,,https://www.liepin.com/job/1967173929.shtml,20260323170819,,,,
155175,猎聘,能源/化工/环保,化学,工艺工程师（叶片）,企业职位,上海库跃科技有限公司,100-499人,,苏州,钦州-钦南区,本科,3年以上,10-15k·13薪,,,,https://www.liepin.com/job/1975004197.shtml,20250617100006,,,,
155176,猎聘,能源/化工/环保,化学,初中数学老师,企业职位,南宁奥想创晨教育科技有限公司,100-499人,,苏州,南宁,统招本科,1-3年,6-16k,,,,https://www.liepin.com/job/1956810023.shtml,20250929142215,,,,
155177,猎聘,能源/化工/环保,化学,小学数学老师,企业职位,南宁奥想创晨教育科技有限公司,100-499人,,苏州,南宁,本科,1-3年,6-16k,,,,https://www.liepin.com/job/1956810031.shtml,20250929142215,,,,
155178,猎聘,能源/化工/环保,化学,生物专利工程师,企业职位,汉和生物,100-499人,,苏州,南宁-西乡塘区,本科,1年以上,6-10k,,,,https://www.liepin.com/job/1978402103.shtml,20251112110833,,,,
155179,猎聘,能源/化工/环保,化学,发酵产物分离纯化工程师,企业职位,汉和生物,100-499人,,苏州,南宁-西乡塘区,本科,5-10年,6-9k,,,,https://www.liepin.com/job/1980073763.shtml,20260129113053,,,,
155180,猎聘,能源/化工/环保,化学,农药产品经理,企业职位,广西利民药业股份有限公司,100-499人,,苏州,南宁-西乡塘区,本科,5-10年,13-20k,,,,https://www.liepin.com/job/1981354487.shtml,20260330160200,,,,
155181,猎聘,能源/化工/环保,化学,（高级）医药代表 /（资深）产品专员,企业职位,诺华集团（中国）,500-999人,,苏州,桂林-象山区,本科,经验不限,9-15k,,,,https://www.liepin.com/job/1967173931.shtml,20260323151627,,,,
155182,猎聘,能源/化工/环保,化学,仪器销售工程师（南宁）,企业职位,瑞士万通中国有限公司,100-499人,,苏州,南宁-西乡塘区,本科,1-3年,10-20k·13薪,,,,https://www.liepin.com/job/1960224479.shtml,20240730085520,,,,
155183,猎聘,能源/化工/环保,化学,分离纯化工程师,企业职位,汉和生物,100-499人,,苏州,南宁-西乡塘区,本科,10年以上,10-15k,,,,https://www.liepin.com/job/1978402723.shtml,20251112111756,,,,
155184,猎聘,能源/化工/环保,化学,培训经理,企业职位,汉和生物,100-499人,,苏州,南宁-西乡塘区,统招本科,5-10年,8-12k,,,,https://www.liepin.com/job/1979332857.shtml,20251223174043,,,,
155185,猎聘,能源/化工/环保,化学,专利代理师管理岗,企业职位,广西东创同心投资集团有限公司,50-99人,,苏州,南宁-西乡塘区,本科,2年以上,10-20k,,,,https://www.liepin.com/job/1982227071.shtml,20260430151004,,,,
155186,猎聘,能源/化工/环保,化学,研发工程师,企业职位,天津一瑞生物科技股份有限公司,100-499人,,苏州,北海-海城区,硕士,1-3年,7-20k,,,,https://www.liepin.com/job/1973716861.shtml,20250409162340,,,,
155187,猎聘,能源/化工/环保,化学,车间生产主管,企业职位,中伟新材料股份有限公司,5000-10000人,,苏州,钦州-钦南区,本科,3年以上,8-12k·13薪,,,,https://www.liepin.com/job/1982314133.shtml,20260507150409,,,,
155188,猎聘,能源/化工/环保,化学,生产技师,企业职位,双胞胎(集团)股份有限公司,10000人以上,,苏州,南宁-江南区,统招本科,经验不限,6-10k,,,,https://www.liepin.com/job/1976583445.shtml,20250911153819,,,,
155189,猎聘,能源/化工/环保,化学,广西科伦-无菌原料车间质量工程师(J12630),企业职位,广西科伦制药有限公司,500-999人,,苏州,桂林,本科,3年以上,10-20k,,,,https://www.liepin.com/job/1979804271.shtml,20260406084429,,,,
155190,猎聘,能源/化工/环保,化学,医药信息沟通专员（肿瘤县域岗） (MJ008743),企业职位,恒瑞医药,10000人以上,,苏州,南宁-横州市,大专,1-3年,15-25k,,,,https://www.liepin.com/job/1971751447.shtml,20250106142939,,,,
155191,猎聘,能源/化工/环保,化学,生产操作工,企业职位,广西田东锦盛化工有限公司,100-499人,,苏州,百色-田东县,大专,1-3年,5-7k,,,,https://www.liepin.com/job/1953177281.shtml,20251230092852,,,,
155192,猎聘,能源/化工/环保,化学,广西科伦-车间主任（粉针）(J12626),企业职位,广西科伦制药有限公司,500-999人,,苏州,桂林,本科,2年以上,10-20k,,,,https://www.liepin.com/job/1979612511.shtml,20260406084519,,,,
155193,猎聘,能源/化工/环保,化学,质量主管,企业职位,塑友科技,50-99人,,苏州,柳州-柳北区,大专,5年以上,7-9k·13薪,,,,https://www.liepin.com/job/1973829419.shtml,20251201164753,,,,
155194,猎聘,能源/化工/环保,化学,初中化学老师,企业职位,南宁奥想创晨教育科技有限公司,100-499人,,苏州,南宁-西乡塘区,本科,经验不限,8-10k,,,,https://www.liepin.com/job/1972653639.shtml,20251203111801,,,,
155195,猎聘,能源/化工/环保,化学,（高级）医药代表 /（资深）产品专员,企业职位,诺华集团（中国）,500-999人,,苏州,柳州-柳南区,本科,经验不限,9-15k,,,,https://www.liepin.com/job/1967173935.shtml,20260323151621,,,,
155196,猎聘,能源/化工/环保,化学,区域经理（广西）,企业职位,苏州睿仟科技有限公司,1-49人,,苏州,南宁-青秀区,本科,2年以上,10-15k,,,,https://www.liepin.com/job/1977780607.shtml,20260422095349,,,,
155197,猎聘,能源/化工/环保,化学,客户经理（社招）(J11313),企业职位,圣和药业股份,2000-5000人,,苏州,南宁-青秀区,本科,1-3年,10-15k,,,,https://www.liepin.com/job/1964571157.shtml,20241031140120,,,,
155198,猎聘,能源/化工/环保,化学,研发（分子相关专业博士）,企业职位,天津一瑞生物科技股份有限公司,100-499人,,苏州,北海-海城区,博士,经验不限,14-16k,,,,https://www.liepin.com/job/1974108545.shtml,20250425135600,,,,
155199,猎聘,能源/化工/环保,化学,医药信息沟通专员（肿瘤县域岗） (MJ008744),企业职位,恒瑞医药,10000人以上,,苏州,河池-宜州区,大专,1-3年,15-25k,,,,https://www.liepin.com/job/1971752009.shtml,20250106142939,,,,
155200,猎聘,能源/化工/环保,化学,供应商质量工程师,企业职位,玉柴安特优动力有限公司,50-99人,,苏州,玉林,本科,5年以上,6-8k,,,,https://www.liepin.com/job/1979902735.shtml,20260225174429,,,,
155201,猎聘,能源/化工/环保,化学,安全总监,企业职位,中国燃气控股有限公司,10000人以上,,苏州,贵港-桂平,统招本科,3年以上,9-12k,,,,https://www.liepin.com/job/1982363191.shtml,20260508180039,,,,
155202,猎聘,能源/化工/环保,化学,安全工程师7001,企业职位,柳工机械,10000人以上,,苏州,柳州,本科,3-5年,7-10k·13薪,,,,https://www.liepin.com/job/1962633579.shtml,20231102100235,,,,
155203,猎聘,能源/化工/环保,化学,实验室主任(J10188),企业职位,桐昆集团股份有限公司,10000人以上,,苏州,河池-金城江区,本科,5年以上,15-25k,,,,https://www.liepin.com/job/1974439919.shtml,20250514082350,,,,
155204,猎聘,能源/化工/环保,化学,分析技术员（仪器分析）,企业职位,某国内检测认证公司,50-99人,,苏州,南宁-西乡塘区,大专,3-5年,9-14k,,,,https://www.liepin.com/a/74563505.shtml,20260424143650,,,,
155205,猎聘,能源/化工/环保,化学,质检员,企业职位,湖南法恩莱特新能源科技有限公司,100-499人,,苏州,柳州-鹿寨县,大专,1年以上,4-5k,,,,https://www.liepin.com/job/1980434973.shtml,20260325165720,,,,
155206,猎聘,能源/化工/环保,化学,医药信息沟通专员（肿瘤创新药） (MJ008745),企业职位,恒瑞医药,10000人以上,,苏州,玉林-博白县,大专,1-3年,15-25k,,,,https://www.liepin.com/job/1971752157.shtml,20250106142939,,,,
155207,猎聘,能源/化工/环保,化学,低碳ESG业务经理,企业职位,中海宏洋地产集团有限公司,1000-2000人,,苏州,南宁-青秀区,统招本科,5-10年,薪资面议,,,,https://www.liepin.com/job/1977220795.shtml,20251028182828,,,,
155208,猎聘,能源/化工/环保,化学,气化主管/工程师,企业职位,爱旭股份,10000人以上,,苏州,百色-右江区,统招本科,3-5年,12-20k,,,,https://www.liepin.com/job/1973951211.shtml,20251009162100,,,,
155209,猎聘,能源/化工/环保,化学,涂装工程师10720,企业职位,柳工机械,10000人以上,,苏州,柳州,统招本科,经验不限,8-10k,,,,https://www.liepin.com/job/1970999881.shtml,20241122163319,,,,
155210,猎聘,能源/化工/环保,化学,IVD销售经理,企业职位,广西昭达医疗器械有限公司,50-99人,,苏州,南宁-青秀区,本科,1-3年,6-11k,,,,https://www.liepin.com/job/1969053571.shtml,20240821134714,,,,
155211,猎聘,能源/化工/环保,化学,磷酸铁工艺(J10047),企业职位,桐昆集团股份有限公司,10000人以上,,苏州,河池-金城江区,大专,3-5年,20-30k,,,,https://www.liepin.com/job/1967165705.shtml,20240523143744,,,,
155212,猎聘,能源/化工/环保,化学,项目工程师（ECE）,企业职位,万维检验认证集团有限公司,100-499人,,苏州,柳州-城中区,本科,3-5年,9-13k,,,,https://www.liepin.com/job/1980491751.shtml,20260305091431,,,,
155213,猎聘,能源/化工/环保,化学,工程总监,企业职位,中国燃气控股有限公司,10000人以上,,苏州,玉林-玉州区,统招本科,5年以上,10-15k,,,,https://www.liepin.com/job/1978311247.shtml,20251107175510,,,,
155214,猎聘,能源/化工/环保,化学,安全总监,企业职位,中国燃气控股有限公司,10000人以上,,苏州,玉林-玉州区,统招本科,3年以上,10-13k,,,,https://www.liepin.com/job/1978312199.shtml,20251107175630,,,,
155215,猎聘,能源/化工/环保,化学,学术主管,企业职位,广西伟程医药科技有限公司,50-99人,,苏州,南宁-青秀区,本科,1年以上,7-12k,,,,https://www.liepin.com/job/1981497975.shtml,20260424105230,,,,
155216,猎聘,能源/化工/环保,化学,镁合金压铸技术工程师,企业职位,梧州市鸿图精密压铸有限公司,500-999人,,苏州,梧州-龙圩区,大专,2-4年,15-40k,,,,https://www.liepin.com/job/1980064915.shtml,20260128200804,,,,
155217,猎聘,能源/化工/环保,化学,教师,企业职位,桂林忠达理优教育咨询有限公司,5000-10000人,,苏州,桂林-秀峰区,本科,经验不限,10-15k,,,,https://www.liepin.com/job/1980511723.shtml,20260228115101,,,,
155218,猎聘,能源/化工/环保,化学,区域销售经理  福建广西海南,企业职位,磐诺科技,100-499人,,苏州,南宁-青秀区,本科,5年以上,25-35k·13薪,,,,https://www.liepin.com/job/1971488665.shtml,20241227135742,,,,
155219,猎聘,能源/化工/环保,化学,车间主管,企业职位,桂林平乐阳发茶业有限公司,100-499人,,苏州,桂林-平乐县,中专/中技,3年以上,4-5k,,,,https://www.liepin.com/job/1973920455.shtml,20251010150344,,,,
155220,猎聘,能源/化工/环保,化学,安全(EHS)工程师,企业职位,中集载具,1000-2000人,,苏州,防城港-港口区,统招本科,3年以上,5-9k,,,,https://www.liepin.com/job/1975409781.shtml,20251224142157,,,,
155221,猎聘,能源/化工/环保,化学,外贸业务员(J10296),企业职位,桐昆集团股份有限公司,10000人以上,,苏州,钦州-钦南区,本科,5年以上,16-25k,,,,https://www.liepin.com/job/1979763317.shtml,20260201101605,,,,
155222,猎聘,能源/化工/环保,化学,质检员,企业职位,广西贡福隆食品有限公司,50-99人,,苏州,南宁-武鸣区,大专,2年以上,4-6k,,,,https://www.liepin.com/job/1971355465.shtml,20250618101726,,,,
155223,猎聘,能源/化工/环保,化学,医药学术专员,企业职位,广西伟程医药科技有限公司,50-99人,,苏州,南宁-青秀区,大专,1-3年,6-12k,,,,https://www.liepin.com/job/1960360953.shtml,20260317152826,,,,
155224,猎聘,能源/化工/环保,化学,供应商质量工程师,企业职位,玉柴安特优动力有限公司,50-99人,,苏州,玉林-玉州区,统招本科,5年以上,6-8k,,,,https://www.liepin.com/job/1980534161.shtml,20260301150046,,,,
155225,猎聘,能源/化工/环保,化学,大区经理 华南区,企业职位,磐诺科技,100-499人,,苏州,南宁-青秀区,本科,5年以上,35-65k·13薪,,,,https://www.liepin.com/job/1971486815.shtml,20241227135742,,,,
155226,猎聘,能源/化工/环保,化学,SQE工程师,企业职位,广西宸宇新材料有限公司,100-499人,,苏州,玉林-博白县,本科,3-5年,10-15k,,,,https://www.liepin.com/job/1979015233.shtml,20251209135433,,,,
155227,猎聘,能源/化工/环保,化学,养殖技术员,企业职位,深圳侠时代餐饮管理咨询有限公司,2000-5000人,,苏州,南宁-青秀区,大专,3年以上,8-10k,,,,https://www.liepin.com/job/1981194487.shtml,20260324144334,,,,
155228,猎聘,能源/化工/环保,化学,销售经理（全国各省）,企业职位,重庆黄嘉生物技术有限公司,50-99人,,苏州,南宁-西乡塘区,本科,1-3年,5-10k,,,,https://www.liepin.com/job/1980332943.shtml,20260214104815,,,,
155229,猎聘,能源/化工/环保,化学,研发工程师,企业职位,广西和顺食品科技有限公司,100-499人,,苏州,柳州-柳北区,中专/中技,1-3年,8-10k,,,,https://www.liepin.com/job/1980729627.shtml,20260307132204,,,,
155230,猎聘,能源/化工/环保,化学,体系认证工程师,企业职位,广西中食安检测认证服务有限公司,1-49人,,苏州,南宁-青秀区,本科,经验不限,10-15k,,,,https://www.liepin.com/job/1978163381.shtml,20251103091435,,,,
155231,猎聘,能源/化工/环保,化学,高级销售经理,企业职位,南宁市泽威尔饲料有限责任公司,100-499人,,苏州,南宁-青秀区,大专,1-3年,3-8k·14薪,,,,https://www.liepin.com/job/1948839179.shtml,20220412143418,,,,
155232,猎聘,能源/化工/环保,化学,营销总监,企业职位,广西信义方达科技有限公司,1-49人,,苏州,南宁-西乡塘区,本科,5-10年,8-13k·13薪,,,,https://www.liepin.com/job/1976830867.shtml,20250828225556,,,,
155233,猎聘,能源/化工/环保,化学,QA主管,企业职位,小藻科技(安吉)有限公司,100-499人,,苏州,防城港,本科,3年以上,6-10k,,,,https://www.liepin.com/job/1981142597.shtml,20260326114103,,,,
155234,猎聘,能源/化工/环保,化学,食品检验员,企业职位,广西鲜食汇食品有限公司,1-49人,,苏州,南宁-良庆区,本科,经验不限,5-8k,,,,https://www.liepin.com/job/1976432853.shtml,20250812160737,,,,
155235,猎聘,能源/化工/环保,化学,产品研发工程师,企业职位,海天味业,5000-10000人,,苏州,南宁-武鸣区,硕士,3年以上,12-18k·13薪,,,,https://www.liepin.com/job/1976294161.shtml,20250806131139,,,,
155236,猎聘,能源/化工/环保,化学,技术研发工程师,企业职位,海天味业,5000-10000人,,苏州,南宁-武鸣区,博士,3-5年,35-45k,,,,https://www.liepin.com/job/1976294205.shtml,20250806131342,,,,
155237,猎聘,能源/化工/环保,化学,环保工程师,企业职位,建滔(北海)实业有限公司,100-499人,,苏州,北海-铁山港区,本科,3年以上,12-15k,,,,https://www.liepin.com/job/1980574961.shtml,20260303081143,,,,
155238,猎聘,能源/化工/环保,化学,制浆值长,企业职位,玖龙纸业(控股)有限公司,10000人以上,,苏州,北海-铁山港区,中专/中技,3-5年,12-13k·14薪,,,,https://www.liepin.com/job/1956850025.shtml,20251118080335,,,,
155239,猎聘,能源/化工/环保,化学,HSE安全总监,企业职位,中国燃气控股有限公司,10000人以上,,苏州,南宁-江南区,统招本科,10年以上,12-15k·18薪,,,,https://www.liepin.com/job/1978722447.shtml,20251126093329,,,,
155240,猎聘,能源/化工/环保,化学,水污染处理运营经理,企业职位,福建龙净环保股份有限公司,5000-10000人,,苏州,防城港-上思县,大专,5-10年,8-12k,,,,https://www.liepin.com/job/1976404977.shtml,20250811180238,,,,
155241,猎聘,能源/化工/环保,化学,理科经验老师-985/211学历【年薪20-40W+】,企业职位,答牛课堂,50-99人,,苏州,南宁-青秀区,本科,3年以上,20-40k,,,,https://www.liepin.com/job/1974575875.shtml,20250627190822,,,,
155242,猎聘,能源/化工/环保,化学,在线监测技术员/实验员,企业职位,广西信义方达科技有限公司,1-49人,,苏州,崇左,本科,经验不限,3-7k·13薪,,,,https://www.liepin.com/job/1976813161.shtml,20250828130543,,,,
155243,猎聘,能源/化工/环保,化学,细胞实验主管,企业职位,南宁云幂方生物医药技术有限责任公司,50-99人,,苏州,南宁,硕士,4-6年,6-10k,,,,https://www.liepin.com/job/1971727087.shtml,20250815142124,,,,
155244,猎聘,能源/化工/环保,化学,医药代表,企业职位,广西念响医药科技有限公司,,,苏州,南宁-青秀区,大专,经验不限,7-12k,,,,https://www.liepin.com/job/1978986701.shtml,20251208145406,,,,
155245,猎聘,能源/化工/环保,化学,客服专员,企业职位,广西科尔科技集团有限公司,1-49人,,苏州,百色-右江区,大专,2年以上,4-5k,,,,https://www.liepin.com/job/1979763831.shtml,20260114161708,,,,
155246,猎聘,能源/化工/环保,化学,食品检测业务总监,企业职位,广电计量检测集团股份有限公司,2000-5000人,,苏州,南宁-西乡塘区,本科,5年以上,15-16k,,,,https://www.liepin.com/job/1972807527.shtml,20260104114434,,,,
155247,猎聘,能源/化工/环保,化学,QA,企业职位,广西天铭药业有限公司,100-499人,,苏州,河池,大专,1-3年,5-6k,,,,https://www.liepin.com/job/1967259009.shtml,20250523164035,,,,
155248,猎聘,能源/化工/环保,化学,初高中全科兼职教师,企业职位,广西前瞻国际教育投资有限公司,1-49人,,苏州,南宁,本科,经验不限,4-7k,,,,https://www.liepin.com/job/1979588193.shtml,20260107085158,,,,
155249,猎聘,能源/化工/环保,化学,环境监测工程师,企业职位,广西浩正检测服务有限公司,50-99人,,苏州,南宁-西乡塘区,本科,3年以上,6-8k,,,,https://www.liepin.com/job/1977803005.shtml,20251016114449,,,,
155250,猎聘,能源/化工/环保,化学,工业安全员,企业职位,中核凯利深圳核能服务股份有限公司防城港分公司,100-499人,,苏州,防城港-港口区,统招本科,3-5年,6-8k,,,,https://www.liepin.com/job/1976883387.shtml,20251014174615,,,,
155251,猎聘,能源/化工/环保,化学,车间主任,企业职位,广西天铭药业有限公司,100-499人,,苏州,河池,大专,5-10年,10-15k,,,,https://www.liepin.com/job/1967258809.shtml,20240528092121,,,,
155252,猎聘,能源/化工/环保,化学,初中数学学科负责人,企业职位,答牛课堂,50-99人,,苏州,南宁-青秀区,本科,3年以上,20-40k,,,,https://www.liepin.com/job/1974576069.shtml,20250627190822,,,,
155253,猎聘,能源/化工/环保,化学,项目负责人,企业职位,广西中油能源有限公司柳州分公司,1-49人,,苏州,南宁-西乡塘区,统招本科,5年以上,10-15k,,,,https://www.liepin.com/job/1977011103.shtml,20250905141914,,,,
155254,猎聘,能源/化工/环保,化学,防腐工程师,企业职位,中核凯利深圳核能服务股份有限公司防城港分公司,100-499人,,苏州,防城港-港口区,大专,2年以上,6-8k,,,,https://www.liepin.com/job/1976882819.shtml,20251014174615,,,,
155255,猎聘,能源/化工/环保,化学,销售经理/主管（计量业务）,企业职位,广西科尔科技集团有限公司,1-49人,,苏州,南宁-西乡塘区,大专,3年以上,5-10k,,,,https://www.liepin.com/job/1979806853.shtml,20260116105021,,,,
155256,猎聘,能源/化工/环保,化学,生产储备干部,企业职位,广西天铭药业有限公司,100-499人,,苏州,河池,大专,经验不限,4-6k,,,,https://www.liepin.com/job/1940300489.shtml,20220505170617,,,,
155257,猎聘,能源/化工/环保,化学,医疗器械招商经理（广西）,企业职位,卓外(上海)医疗电子科技有限公司,100-499人,,苏州,南宁-青秀区,大专,3年以上,7-10k,,,,https://www.liepin.com/job/1976926883.shtml,20250902171542,,,,
155258,猎聘,能源/化工/环保,化学,品控总监,猎头职位,某深圳食品/饮料/酒水公司,100-499人,,苏州,河池-巴马县,本科,10年以上,25-40k,,,,https://www.liepin.com/a/76553051.shtml,20260609085232,,,,
155259,猎聘,能源/化工/环保,化学,品控副总监（饮用水 矿泉水）,猎头职位,某深圳食品/饮料/酒水公司,100-499人,,苏州,河池,本科,经验不限,25-40k,,,,https://www.liepin.com/a/76552621.shtml,20260609084327,,,,
155260,猎聘,能源/化工/环保,化学,青年科学家(药物化学方向),企业职位,华大集团,10000人以上,,长沙,三亚-崖州区,博士,2年以上,20-40k,,,,https://www.liepin.com/job/1977912377.shtml,20260608104705,,,,
155261,猎聘,能源/化工/环保,化学,初中科学老师（生物化学方向）,企业职位,海口市琼山区英雅学校,100-499人,,长沙,海口-琼山区,统招本科,3-5年,10-20k,,,,https://www.liepin.com/job/1981699839.shtml,20260603165257,,,,
155262,猎聘,能源/化工/环保,化学,化学分析员,企业职位,湖北省芊项斯传媒有限公司,50-99人,,长沙,海口-秀英区,大专,1年以上,8-12k·13薪,,,,https://www.liepin.com/job/1982091743.shtml,20260609134258,,,,
155263,猎聘,能源/化工/环保,化学,双语化学教师,企业职位,某国内其他商务服务业公司,1-49人,,长沙,陵水县,硕士,3-5年,20-25k,,,,https://www.liepin.com/a/74021679.shtml,20260402135032,,,,
155264,猎聘,能源/化工/环保,化学,双语ALEVEL化学教师,企业职位,北京外国语大学附属海南外国语学校,2000-5000人,,长沙,澄迈县,本科,3-5年,12-25k,,,,https://www.liepin.com/job/1967810575.shtml,20240816103422,,,,
155265,猎聘,能源/化工/环保,化学,化学原料药销售,企业职位,安信医药,100-499人,,长沙,海口,大专,1-3年,6-15k,,,,https://www.liepin.com/job/1966690463.shtml,20240507171553,,,,
155266,猎聘,能源/化工/环保,化学,双语化学教师,企业职位,海南微城未来教育学校,100-499人,,长沙,澄迈县,硕士,经验不限,12-25k·13薪,,,,https://www.liepin.com/job/1970581691.shtml,20241101194811,,,,
155267,猎聘,能源/化工/环保,化学,初中物理化学教师,企业职位,德弘教育(万宁)有限责任公司,1-49人,,长沙,万宁,大专,经验不限,3-6k,,,,https://www.liepin.com/job/1965427169.shtml,20240313112347,,,,
155268,猎聘,能源/化工/环保,化学,中学数学/语文/物理/化学教师,企业职位,海南环球雅思教育资讯有限公司,50-99人,,长沙,海口-龙华区,本科,1-3年,4-6k,,,,https://www.liepin.com/job/1915752497.shtml,20181119101327,,,,
155269,猎聘,能源/化工/环保,化学,化学教师,企业职位,北京外国语大学附属海南外国语学校,2000-5000人,,长沙,澄迈县,本科,3-5年,8-18k,,,,https://www.liepin.com/job/1971554519.shtml,20241223091620,,,,
155270,猎聘,能源/化工/环保,化学,化学教师,企业职位,海口市龙华区新东方教育培训中心,100-499人,,长沙,海口-琼山区,本科,经验不限,7-12k,,,,https://www.liepin.com/job/1972774753.shtml,20250710165757,,,,
155271,猎聘,能源/化工/环保,化学,中学个性化各科教师 (语文/数学/英语/物理/化学/政治/历史/地理）,企业职位,海口市龙华区新东方教育培训中心,100-499人,,长沙,海口-琼山区,本科,经验不限,7-12k,,,,https://www.liepin.com/job/1972504079.shtml,20250219091118,,,,
155272,猎聘,能源/化工/环保,化学,原料药生产总监,企业职位,某国内制药公司,100-499人,,长沙,海口,本科,10年以上,25-50k,,,,https://www.liepin.com/a/76298061.shtml,20260602104457,,,,
155273,猎聘,能源/化工/环保,化学,生产总监/经理,企业职位,某国内制药公司,100-499人,,长沙,海口,本科,10年以上,25-50k,,,,https://www.liepin.com/a/73892745.shtml,20260609122618,,,,
155274,猎聘,能源/化工/环保,化学,【海洋监测技术主管】,企业职位,三亚智投国际咨询服务有限公司,100-499人,,长沙,三亚-崖州区,本科,5年以上,7-10k,,,,https://www.liepin.com/job/1982620893.shtml,20260524183946,,,,
155275,猎聘,能源/化工/环保,化学,质量负责人（无菌）,企业职位,某国内制药公司,100-499人,,长沙,海口,本科,5-10年,29-40k,,,,https://www.liepin.com/a/75098531.shtml,20260608135947,,,,
155276,猎聘,能源/化工/环保,化学,检验检测实验室经理（国企）,企业职位,某国内大型其他商务服务业公司,500-999人,,长沙,三亚,统招本科,8年以上,15-18k·14薪,,,,https://www.liepin.com/a/75712417.shtml,20260515140343,,,,
155277,猎聘,能源/化工/环保,化学,数智化项目经理（MES制药行业）,企业职位,某国内大型制药公司,10000人以上,,长沙,海口,统招本科,经验不限,25-40k,,,,https://www.liepin.com/a/76421389.shtml,20260604161910,,,,
155278,猎聘,能源/化工/环保,化学,海洋监测技术主管-科城才智,企业职位,三亚科城教育有限公司,1-49人,,长沙,三亚-崖州区,本科,5年以上,8-10k,,,,https://www.liepin.com/job/1982726331.shtml,20260521103008,,,,
155279,猎聘,能源/化工/环保,化学,质量负责人,企业职位,某国内制药公司,100-499人,,长沙,海口,本科,10年以上,30-40k,,,,https://www.liepin.com/a/75032567.shtml,20260604150144,,,,
155280,猎聘,能源/化工/环保,化学,MES实施顾问,企业职位,某国内大型制药公司,10000人以上,,长沙,海口,统招本科,5-10年,30-45k,,,,https://www.liepin.com/a/73876723.shtml,20260603165958,,,,
155281,猎聘,能源/化工/环保,化学,土壤检测技术主管,企业职位,三亚智投国际咨询服务有限公司,100-499人,,长沙,三亚-崖州区,本科,5年以上,7-10k,,,,https://www.liepin.com/job/1982620599.shtml,20260518151330,,,,
155282,猎聘,能源/化工/环保,化学,土壤检测技术主管-科城才智,企业职位,三亚科城教育有限公司,1-49人,,长沙,三亚-崖州区,本科,5年以上,8-10k,,,,https://www.liepin.com/job/1982726361.shtml,20260521102949,,,,
155283,猎聘,能源/化工/环保,化学,质量总监,企业职位,海南海灵化学制药有限公司,500-999人,,长沙,海口-秀英区,本科,10年以上,30-40k,,,,https://www.liepin.com/job/1983059993.shtml,20260602105234,,,,
155284,猎聘,能源/化工/环保,化学,算法工程师,企业职位,华大集团,10000人以上,,长沙,三亚-崖州区,博士,经验不限,18-25k,,,,https://www.liepin.com/job/1982973101.shtml,20260608104705,,,,
155285,猎聘,能源/化工/环保,化学,科研助理 （建筑材料与固废利用方向）,企业职位,海钢集团,100-499人,,长沙,昌江县,本科,2年以上,7-10k,,,,https://www.liepin.com/job/1980656271.shtml,20260601083908,,,,
155286,猎聘,能源/化工/环保,化学,储备管理人才,企业职位,京润珍珠,100-499人,,长沙,海口,本科,1年以下,5-7k,,,,https://www.liepin.com/job/1974634235.shtml,20260526084346,,,,
155287,猎聘,能源/化工/环保,化学,技术总工,企业职位,某沈阳专业服务公司,1-49人,,长沙,儋州,本科,5-10年,30-60k,,,,https://www.liepin.com/a/73293987.shtml,20260513085334,,,,
155288,猎聘,能源/化工/环保,化学,质量负责人（国际认证方向）,企业职位,某国内制药公司,100-499人,,长沙,海口,统招本科,5-10年,40-55k,,,,https://www.liepin.com/a/74982855.shtml,20260609173512,,,,
155289,猎聘,能源/化工/环保,化学,药品国际注册经理,企业职位,某知名公司,1000-2000人,,长沙,海口,统招本科,5-10年,25-30k·13薪,,,,https://www.liepin.com/a/75789117.shtml,20260609090630,,,,
155290,猎聘,能源/化工/环保,化学,质量总监,企业职位,某国内大型制药公司,500-999人,,长沙,海口,统招本科,10年以上,30-50k·14薪,,,,https://www.liepin.com/a/75696747.shtml,20260515091640,,,,
155291,猎聘,能源/化工/环保,化学,外贸业务主管,企业职位,东方科学仪器上海进出口有限公司,100-499人,,长沙,三亚-崖州区,本科,经验不限,8-13k,,,,https://www.liepin.com/job/1958916237.shtml,20231027093542,,,,
155292,猎聘,能源/化工/环保,化学,外销总经理,企业职位,某青岛人力资源服务公司,1-49人,,长沙,海口,统招本科,8年以上,60-90k,,,,https://www.liepin.com/a/76288865.shtml,20260609111804,,,,
155293,猎聘,能源/化工/环保,化学,制药MES项目经理/工程师（头部制药大集团）,企业职位,某上海大型制药公司,10000人以上,,长沙,海口,学历不限,5-10年,25-45k,,,,https://www.liepin.com/a/74580977.shtml,20260526104920,,,,
155294,猎聘,能源/化工/环保,化学,质量负责人（无菌制剂）,企业职位,某国内制药公司,100-499人,,长沙,海口,统招本科,3-5年,30-50k,,,,https://www.liepin.com/a/74983919.shtml,20260609092208,,,,
155295,猎聘,能源/化工/环保,化学,公共事务经理,企业职位,海南泰迪医药有限公司,100-499人,,长沙,海口-秀英区,统招本科,3年以上,10-15k,,,,https://www.liepin.com/job/1981026373.shtml,20260609082911,,,,
155296,猎聘,能源/化工/环保,化学,质量负责人（国际认证方向）,企业职位,某国内制药公司,100-499人,,长沙,海口,统招本科,5-10年,29-40k,,,,https://www.liepin.com/a/74987173.shtml,20260609084331,,,,
155297,猎聘,能源/化工/环保,化学,质量负责人（国际认证方向）,企业职位,某大型知名制药公司,5000-10000人,,长沙,海口,统招本科,10年以上,25-30k·14薪,,,,https://www.liepin.com/a/74707719.shtml,20260416103000,,,,
155298,猎聘,能源/化工/环保,化学,饲料品管经理,企业职位,新希望六和股份有限公司,10000人以上,,长沙,澄迈县,统招本科,3年以上,8-12k·15薪,,,,https://www.liepin.com/job/1979807353.shtml,20260519161902,,,,
155299,猎聘,能源/化工/环保,化学,现场采样员,企业职位,海之源环境科技(海南)有限公司,50-99人,,长沙,海口-龙华区,大专,1-3年,3-4k,,,,https://www.liepin.com/job/1970574025.shtml,20241101151430,,,,
155300,猎聘,能源/化工/环保,化学,低温化验组质检员,企业职位,海南国际商业航天发射有限公司,100-499人,,长沙,文昌,本科,经验不限,薪资面议,,,,https://www.liepin.com/job/1981094671.shtml,20260319173401,,,,
155301,猎聘,能源/化工/环保,化学,药品注册主管,企业职位,华益泰康药业,100-499人,,长沙,海口-秀英区,本科,5年以上,8-12k,,,,https://www.liepin.com/job/1979527677.shtml,20260105101135,,,,
155302,猎聘,能源/化工/环保,化学,常规化验组质检员,企业职位,海南国际商业航天发射有限公司,100-499人,,长沙,文昌,本科,经验不限,薪资面议,,,,https://www.liepin.com/job/1981094393.shtml,20260319172913,,,,
155303,猎聘,能源/化工/环保,化学,质量负责人,企业职位,某国内大型制药公司,500-999人,,长沙,海口,硕士,5-10年,40-50k·13薪,,,,https://www.liepin.com/a/75307151.shtml,20260506161159,,,,
155304,猎聘,能源/化工/环保,化学,大客户销售（医药/医疗器械第三方检测）,企业职位,微谱,1000-2000人,,长沙,海口-秀英区,大专,经验不限,10-15k·13薪,,,,https://www.liepin.com/job/1968904205.shtml,20260109175802,,,,
155305,猎聘,能源/化工/环保,化学,建工检测员,企业职位,中恒和信,50-99人,,长沙,海口-琼山区,大专,经验不限,4-8k,,,,https://www.liepin.com/job/1972034039.shtml,20251014162329,,,,
155306,猎聘,能源/化工/环保,化学,质量总监（无菌制剂）,企业职位,某国内大型制药公司,1000-2000人,,长沙,海口,统招本科,10年以上,25-50k·14薪,,,,https://www.liepin.com/a/75876279.shtml,20260609084215,,,,
155307,猎聘,能源/化工/环保,化学,药物合成,企业职位,万全医药,1000-2000人,,长沙,海口-秀英区,本科,经验不限,9-14k,,,,https://www.liepin.com/job/1980034303.shtml,20260127173623,,,,
155308,猎聘,能源/化工/环保,化学,生物材料博士,企业职位,海南苏生生物科技有限公司,50-99人,,长沙,海口-秀英区,博士,经验不限,20-30k,,,,https://www.liepin.com/job/1976381563.shtml,20260428180239,,,,
155309,猎聘,能源/化工/环保,化学,生产基地副/总经理（药业）,企业职位,康芝药业股份有限公司,1000-2000人,,长沙,海口-秀英区,本科,8年以上,25-35k,,,,https://www.liepin.com/job/1982610567.shtml,20260609083854,,,,
155310,猎聘,能源/化工/环保,化学,MES实施顾问,企业职位,某国内大型制药公司,1000-2000人,,长沙,海口,硕士,8年以上,25-40k,,,,https://www.liepin.com/a/74494077.shtml,20260410142156,,,,
155311,猎聘,能源/化工/环保,化学,售后运维（海南）,企业职位,上海北裕分析仪器股份有限公司,50-99人,,长沙,海口-秀英区,本科,3-5年,5-8k,,,,https://www.liepin.com/job/1976330503.shtml,20250807151055,,,,
155312,猎聘,能源/化工/环保,化学,专利代理人,企业职位,海南汉普知识产权集团有限公司,50-99人,,长沙,海口,本科,1-3年,7-15k,,,,https://www.liepin.com/job/1967639889.shtml,20250225111207,,,,
155313,猎聘,能源/化工/环保,化学,环境检测员,企业职位,海南硕清技术检测有限公司,50-99人,,长沙,三亚-吉阳区,大专,经验不限,5-7k,,,,https://www.liepin.com/job/1959944335.shtml,20230712131333,,,,
155314,猎聘,能源/化工/环保,化学,环境监测技术员,企业职位,中核凯利深圳核能服务股份有限公司海南分公司,100-499人,,长沙,昌江县,大专,3年以上,3-4k,,,,https://www.liepin.com/job/1970578225.shtml,20241101165704,,,,
155315,猎聘,能源/化工/环保,化学,检测分析员,企业职位,海之源环境科技(海南)有限公司,50-99人,,长沙,海口-龙华区,大专,1-3年,3-4k,,,,https://www.liepin.com/job/1970573849.shtml,20241101151003,,,,
155316,猎聘,能源/化工/环保,化学,水质化验员,企业职位,江苏彬鹏环保有限公司,100-499人,,长沙,文昌,中专/中技,1年以下,3-5k,,,,https://www.liepin.com/job/1934470417.shtml,20210521135350,,,,
155317,猎聘,能源/化工/环保,化学,质量负责人（无菌制剂）,企业职位,某国内制药公司,100-499人,,长沙,海口,统招本科,5-10年,30-50k,,,,https://www.liepin.com/a/74984083.shtml,20260609105310,,,,
155318,猎聘,能源/化工/环保,化学,QA质量经理,企业职位,海南泰迪医药有限公司,100-499人,,长沙,海口-秀英区,本科,5年以上,7-10k,,,,https://www.liepin.com/job/1983021909.shtml,20260604090200,,,,
155319,猎聘,能源/化工/环保,化学,基地总经理,企业职位,某国内大型制药公司,5000-10000人,,长沙,海口,本科,10年以上,25-35k,,,,https://www.liepin.com/a/75765419.shtml,20260609101532,,,,
155320,猎聘,能源/化工/环保,化学,样品管理员,企业职位,三亚智投国际咨询服务有限公司,100-499人,,长沙,三亚-崖州区,本科,2年以上,6-8k,,,,https://www.liepin.com/job/1981598999.shtml,20260409093844,,,,
155321,猎聘,能源/化工/环保,化学,初中生、化、物、地、历、道法老师/教研员,企业职位,某国内大型学校教育公司,500-999人,,长沙,儋州,本科,10年以上,10-11k,,,,https://www.liepin.com/a/74998769.shtml,20260423162058,,,,
155322,猎聘,能源/化工/环保,化学,药物分析高级总监(J10567),企业职位,齐鲁制药集团,10000人以上,,长沙,海口-秀英区,博士,10年以上,薪资面议,,,,https://www.liepin.com/job/1969947805.shtml,20260417132516,,,,
155323,猎聘,能源/化工/环保,化学,进口药品采购员,企业职位,海南兴科蓉药业有限公司,100-499人,,长沙,海口-秀英区,本科,1-3年,4-6k,,,,https://www.liepin.com/job/1982986319.shtml,20260529151055,,,,
155324,猎聘,能源/化工/环保,化学,高中化学、生物、物理、历史、地理、数学老师/教研员,企业职位,某国内大型学校教育公司,500-999人,,长沙,儋州,学历不限,10年以上,10-11k,,,,https://www.liepin.com/a/74998947.shtml,20260423162318,,,,
155325,猎聘,能源/化工/环保,化学,研发/QC人员,企业职位,海南天壮营养工程有限公司,50-99人,,长沙,海口-秀英区,硕士,经验不限,5-7k,,,,https://www.liepin.com/job/1982372895.shtml,20260509103217,,,,
155326,猎聘,能源/化工/环保,化学,注射剂研发高级总监(J10565),企业职位,齐鲁制药集团,10000人以上,,长沙,海口-秀英区,博士,10年以上,薪资面议,,,,https://www.liepin.com/job/1969945877.shtml,20260417132516,,,,
155327,猎聘,能源/化工/环保,化学,改良型制剂研发博士(J10566),企业职位,齐鲁制药集团,10000人以上,,长沙,海口-秀英区,博士,5-10年,薪资面议,,,,https://www.liepin.com/job/1969947267.shtml,20260417132516,,,,
155328,猎聘,能源/化工/环保,化学,理化表征分析博士(J10568),企业职位,齐鲁制药集团,10000人以上,,长沙,海口-秀英区,博士,5-10年,薪资面议,,,,https://www.liepin.com/job/1969948071.shtml,20260417132522,,,,
155329,猎聘,能源/化工/环保,化学,销售经理（海南）,企业职位,北京普析通用仪器有限责任公司,5000-10000人,,长沙,海口-秀英区,本科,1年以上,9-14k,,,,https://www.liepin.com/job/1982338353.shtml,20260526102133,,,,
155330,猎聘,能源/化工/环保,化学,口服制剂高级总监(J10564),企业职位,齐鲁制药集团,10000人以上,,长沙,海口-秀英区,博士,10年以上,薪资面议,,,,https://www.liepin.com/job/1969944945.shtml,20260417132516,,,,
155331,猎聘,能源/化工/环保,化学,药厂生产厂长（筹建期）,企业职位,一龄医院管理集团有限公司,1000-2000人,,长沙,琼海,本科,5年以上,15-25k,,,,https://www.liepin.com/job/1981368329.shtml,20260331092130,,,,
155332,猎聘,能源/化工/环保,化学,安全生产综合监督管理岗,企业职位,海南国际商业航天发射有限公司,100-499人,,长沙,文昌,硕士,5年以上,薪资面议,,,,https://www.liepin.com/job/1981082263.shtml,20260319142237,,,,
155333,猎聘,能源/化工/环保,化学,复杂注射剂分析博士(J10569),企业职位,齐鲁制药集团,10000人以上,,长沙,海口-秀英区,博士,5-10年,40-70k,,,,https://www.liepin.com/job/1969948257.shtml,20260417132522,,,,
155334,猎聘,能源/化工/环保,化学,国际研发总监,企业职位,万全医药,1000-2000人,,长沙,海口,本科,5-10年,15-20k,,,,https://www.liepin.com/job/1981365777.shtml,20260330234328,,,,
155335,猎聘,能源/化工/环保,化学,制剂研究,企业职位,齐鲁制药集团,10000人以上,,长沙,海口-秀英区,博士,5-10年,薪资面议,,,,https://www.liepin.com/job/1972071167.shtml,20260417132522,,,,
155336,猎聘,能源/化工/环保,化学,销售主管,企业职位,广州博鹭腾生物科技有限公司,50-99人,,长沙,三亚-崖州区,本科,2年以上,8-16k,,,,https://www.liepin.com/job/1974456401.shtml,20250702142033,,,,
155337,猎聘,能源/化工/环保,化学,业务岗,企业职位,海南国际商业航天发射有限公司,100-499人,,长沙,文昌,硕士,3年以上,薪资面议,,,,https://www.liepin.com/job/1981080783.shtml,20260319140025,,,,
155338,猎聘,能源/化工/环保,化学,品控技术员,企业职位,海南晟延农业投资有限公司,50-99人,,长沙,海口-琼山区,本科,3-5年,4-6k,,,,https://www.liepin.com/job/1961433707.shtml,20260521163109,,,,
155339,猎聘,能源/化工/环保,化学,理化QC,企业职位,倍特药业,5000-10000人,,长沙,海口-秀英区,本科,1-3年,5-8k,,,,https://www.liepin.com/job/1947542993.shtml,20260414130722,,,,
155340,猎聘,能源/化工/环保,化学,材料工程师,企业职位,海南维力医疗科技开发有限公司,100-499人,,长沙,海口-秀英区,本科,1年以上,5-7k·13薪,,,,https://www.liepin.com/job/1975627917.shtml,20260224163826,,,,
155341,猎聘,能源/化工/环保,化学,质量负责人（国际认证方向）,企业职位,倍特药业,5000-10000人,,长沙,海口-秀英区,本科,5-10年,10-20k,,,,https://www.liepin.com/job/1976688679.shtml,20260417161146,,,,
155342,猎聘,能源/化工/环保,化学,客户经理（社招）(J11313),企业职位,圣和药业股份,2000-5000人,,长沙,海口-秀英区,本科,1-3年,10-15k,,,,https://www.liepin.com/job/1964571155.shtml,20241031140120,,,,
155343,猎聘,能源/化工/环保,化学,高中化学教师,企业职位,海南微城未来教育学校,100-499人,,长沙,澄迈县,硕士,经验不限,12-25k·13薪,,,,https://www.liepin.com/job/1970581679.shtml,20260228105427,,,,
155344,猎聘,能源/化工/环保,化学,生产负责人（国际认证方向）,企业职位,倍特药业,5000-10000人,,长沙,海口-秀英区,本科,7年以上,10-20k,,,,https://www.liepin.com/job/1976687113.shtml,20260507161840,,,,
155345,猎聘,能源/化工/环保,化学,医药代表,企业职位,恒瑞医药,10000人以上,,长沙,海口-秀英区,大专,1-3年,12-20k,,,,https://www.liepin.com/job/1979769577.shtml,20260114182319,,,,
155346,猎聘,能源/化工/环保,化学,原料药生产总监,企业职位,海南中和药业股份有限公司,100-499人,,长沙,海口-龙华区,统招本科,5年以上,20-30k,,,,https://www.liepin.com/job/1975910091.shtml,20251013093151,,,,
155347,猎聘,能源/化工/环保,化学,行业分析师,企业职位,上海百福资科技有限公司,50-99人,,长沙,三亚-吉阳区,本科,经验不限,3-8k,,,,https://www.liepin.com/job/1980274293.shtml,20260210145649,,,,
155348,猎聘,能源/化工/环保,化学,高中化学教师,企业职位,海口市琼山区英雅学校,100-499人,,长沙,海口-琼山区,本科,经验不限,6-11k·13薪,,,,https://www.liepin.com/job/1976228601.shtml,20250804113556,,,,
155349,猎聘,能源/化工/环保,化学,投资VP/总监,企业职位,道远资本,1-49人,,长沙,海口-秀英区,本科,经验不限,薪资面议,,,,https://www.liepin.com/job/1974248563.shtml,20260507101358,,,,
155350,猎聘,能源/化工/环保,化学,污水站主任,企业职位,罗牛山,2000-5000人,,长沙,海口-美兰区,大专,3年以上,7-10k,,,,https://www.liepin.com/job/1982041053.shtml,20260423170217,,,,
155351,猎聘,能源/化工/环保,化学,生产经理,企业职位,海南建邦制药科技有限公司,100-499人,,长沙,海口-龙华区,本科,3-5年,11-16k,,,,https://www.liepin.com/job/1979533107.shtml,20260105113805,,,,
155352,猎聘,能源/化工/环保,化学,生产主管（定安）,企业职位,海南建邦制药科技有限公司,100-499人,,长沙,海口-龙华区,本科,3-5年,7-14k,,,,https://www.liepin.com/job/1979533065.shtml,20260105113716,,,,
155353,猎聘,能源/化工/环保,化学,初中科学教师,企业职位,海南微城未来教育学校,100-499人,,长沙,澄迈县,硕士,经验不限,12-25k·13薪,,,,https://www.liepin.com/job/1970581661.shtml,20241101194256,,,,
155354,猎聘,能源/化工/环保,化学,博士/博士后,企业职位,海南建邦制药科技有限公司,100-499人,,长沙,海口-龙华区,博士,经验不限,25-30k,,,,https://www.liepin.com/job/1978081777.shtml,20251029120530,,,,
155355,猎聘,能源/化工/环保,化学,国际注册经理（英语）,企业职位,海南建邦制药科技有限公司,100-499人,,长沙,海口-龙华区,本科,3-5年,10-15k,,,,https://www.liepin.com/job/1979533297.shtml,20260105114118,,,,
155356,猎聘,能源/化工/环保,化学,MES实施顾问,企业职位,某国内大型制药公司,1000-2000人,,长沙,海口,统招本科,5-10年,25-50k,,,,https://www.liepin.com/a/74050189.shtml,20260429121252,,,,
155357,猎聘,能源/化工/环保,化学,MES实施顾问,企业职位,某国内大型制药公司,1000-2000人,,长沙,海口,统招本科,5-10年,25-50k,,,,https://www.liepin.com/a/74050191.shtml,20260429121252,,,,
155358,猎聘,能源/化工/环保,化学,资深电解槽工程师,企业职位,氢海能源(海南)集团有限公司,50-99人,,长沙,澄迈县,本科,3年以上,7-13k,,,,https://www.liepin.com/job/1981920019.shtml,20260424111214,,,,
155359,猎聘,能源/化工/环保,化学,生产经理,企业职位,海南建邦制药科技有限公司,100-499人,,长沙,定安县,本科,3-5年,11-16k,,,,https://www.liepin.com/job/1979533109.shtml,20260105113805,,,,
155360,猎聘,能源/化工/环保,化学,生产主管（定安）,企业职位,海南建邦制药科技有限公司,100-499人,,长沙,定安县,本科,3-5年,7-14k,,,,https://www.liepin.com/job/1979533063.shtml,20260105113716,,,,
155361,猎聘,能源/化工/环保,化学,污水操作员,企业职位,友盛(海南)城市服务有限公司,1-49人,,长沙,三亚-吉阳区,中专/中技,1-3年,4-5k,,,,https://www.liepin.com/job/1979163685.shtml,20251216094518,,,,
155362,猎聘,能源/化工/环保,化学,质量管理总监/经理/主管,企业职位,海南泰迪医药有限公司,100-499人,,长沙,海口-秀英区,本科,3-5年,8-10k,,,,https://www.liepin.com/job/1975832355.shtml,20250925100810,,,,
155363,猎聘,能源/化工/环保,化学,医疗器械研发工程师,企业职位,赛灵药业科技集团,100-499人,,长沙,海口-秀英区,本科,3年以上,9-18k,,,,https://www.liepin.com/job/1979959613.shtml,20260123113107,,,,
155364,猎聘,能源/化工/环保,化学,文检鉴定人,企业职位,海南明鉴鉴定评估有限公司,1-49人,,长沙,海口-美兰区,本科,5-10年,8-15k,,,,https://www.liepin.com/job/1968830197.shtml,20240805172301,,,,
155365,猎聘,能源/化工/环保,化学,医美产品研发经理,企业职位,赛灵药业科技集团,100-499人,,长沙,海口-秀英区,本科,8年以上,12-24k,,,,https://www.liepin.com/job/1979955857.shtml,20260123101918,,,,
155366,猎聘,能源/化工/环保,化学,制药质量负责人,企业职位,海南丰恺思制药有限公司,50-99人,,长沙,海口-龙华区,本科,5-10年,15-16k,,,,https://www.liepin.com/job/1979381065.shtml,20251225154712,,,,
155367,猎聘,能源/化工/环保,化学,文书鉴定人,企业职位,海南明鉴鉴定评估有限公司,1-49人,,长沙,海口-美兰区,本科,经验不限,8-12k,,,,https://www.liepin.com/job/1968662069.shtml,20240805172106,,,,
155368,猎聘,能源/化工/环保,化学,技术中心（海南）负责人,企业职位,厦门华特集团有限责任公司,1000-2000人,,长沙,海口-美兰区,统招本科,8年以上,15-20k·16薪,,,,https://www.liepin.com/job/1970352067.shtml,20241022154357,,,,
155369,猎聘,能源/化工/环保,化学,质量管理总监/经理/主管,企业职位,海南美康达药业有限公司成都分公司,50-99人,,长沙,海口-秀英区,统招本科,5-10年,12-15k·13薪,,,,https://www.liepin.com/job/1972164461.shtml,20250207092955,,,,
155370,猎聘,能源/化工/环保,化学,质量管理总监/经理/主管,企业职位,海南泰迪医药有限公司,100-499人,,长沙,海口-秀英区,本科,3-5年,8-10k,,,,https://www.liepin.com/job/1978639603.shtml,20251121152345,,,,
155371,猎聘,能源/化工/环保,化学,药品研发分析主管,企业职位,海南三叶制药厂有限公司,100-499人,,长沙,海口,本科,5-10年,6-10k,,,,https://www.liepin.com/job/1969290923.shtml,20241011170700,,,,
155372,猎聘,能源/化工/环保,化学,污水技术员,企业职位,雅居乐环保集团,10000人以上,,长沙,陵水县,中专/中技,经验不限,3-4k,,,,https://www.liepin.com/job/1954708217.shtml,20250211084750,,,,
155373,猎聘,能源/化工/环保,化学,质量经理,企业职位,旭一医疗,100-499人,,长沙,澄迈县,大专,3-5年,5-7k·14薪,,,,https://www.liepin.com/job/1963637425.shtml,20251212141215,,,,
155374,猎聘,能源/化工/环保,化学,细胞工程研发总监,企业职位,海南苏生生物科技有限公司,50-99人,,长沙,海口,硕士,经验不限,20-40k,,,,https://www.liepin.com/job/1935155721.shtml,20220106235215,,,,
155375,猎聘,能源/化工/环保,化学,分析副总监,企业职位,新兴际华医药控股有限公司,1000-2000人,,长沙,海口-秀英区,硕士,5-10年,20-40k,,,,https://www.liepin.com/job/1951538585.shtml,20240109095110,,,,
155376,猎聘,能源/化工/环保,化学,外贸跟单,企业职位,海南金鹰进出口有限公司,1-49人,,长沙,海口-美兰区,本科,1-3年,4-6k,,,,https://www.liepin.com/job/1958131369.shtml,20230425170302,,,,
155377,猎聘,能源/化工/环保,化学,质量负责人,企业职位,海南九面通科技有限公司,50-99人,,长沙,海口-秀英区,本科,5年以上,6-12k,,,,https://www.liepin.com/job/1972978383.shtml,20250310103736,,,,
155378,猎聘,能源/化工/环保,化学,农业技术员,企业职位,海南白沙土又土农业科技有限公司,50-99人,,长沙,白沙县,本科,经验不限,5-8k,,,,https://www.liepin.com/job/1957635267.shtml,20230408151509,,,,
155379,猎聘,能源/化工/环保,化学,技术负责人,企业职位,海南九面通科技有限公司,50-99人,,长沙,海口-秀英区,本科,5年以上,6-12k,,,,https://www.liepin.com/job/1972978261.shtml,20250310103527,,,,
155380,猎聘,能源/化工/环保,化学,质量管理部负责人,企业职位,海口东宁泰华科技有限公司,1-49人,,长沙,海口-龙华区,本科,3年以上,6-8k,,,,https://www.liepin.com/job/1972951091.shtml,20250307145936,,,,
155381,猎聘,能源/化工/环保,化学,理化QC,企业职位,海口市制药厂有限公司,500-999人,,长沙,海口-秀英区,统招本科,1-3年,4-6k,,,,https://www.liepin.com/job/1966982359.shtml,20240516094115,,,,
155382,猎聘,能源/化工/环保,化学,研发主管,企业职位,海南鸿韵集团,50-99人,,长沙,海口,本科,3-5年,5-9k,,,,https://www.liepin.com/job/1962222055.shtml,20231024102133,,,,
155383,猎聘,能源/化工/环保,化学,验证专员,企业职位,皇隆制药,500-999人,,长沙,海口-秀英区,本科,3-5年,5-8k,,,,https://www.liepin.com/job/1948522353.shtml,20220908103723,,,,
155384,猎聘,能源/化工/环保,化学,销售工程师（海口）,企业职位,迈基诺基因,500-999人,,长沙,海口,本科,经验不限,6-10k,,,,https://www.liepin.com/job/1944446875.shtml,20220120114338,,,,
155385,猎聘,能源/化工/环保,化学,市场推广经理,企业职位,北京测易生物科技有限公司,1-49人,,长沙,海口-美兰区,学历不限,1-3年,5-10k,,,,https://www.liepin.com/job/1972259049.shtml,20250210154213,,,,
155386,猎聘,能源/化工/环保,化学,仪器QC,企业职位,海口市制药厂有限公司,500-999人,,长沙,海口-秀英区,本科,1-3年,4-6k,,,,https://www.liepin.com/job/1966900087.shtml,20240513153057,,,,
155387,猎聘,能源/化工/环保,化学,医药代表,企业职位,齐鲁制药有限公司,10000人以上,,长沙,海口-秀英区,大专,1-3年,5-10k,,,,https://www.liepin.com/job/1952920021.shtml,20220930113709,,,,
155388,猎聘,能源/化工/环保,化学,安全工程师（昌江）,企业职位,苏州新星核电技术服务有限公司,100-499人,,长沙,昌江县,大专,3-5年,6-9k,,,,https://www.liepin.com/job/1955184953.shtml,20230426174003,,,,
155389,猎聘,能源/化工/环保,化学,生测室主管（质量部）,企业职位,皇隆制药,500-999人,,长沙,海口-秀英区,本科,1-3年,6-10k,,,,https://www.liepin.com/job/1950743753.shtml,20220908103723,,,,
155390,猎聘,能源/化工/环保,化学,专利工程师（海口）,企业职位,汉普知识产权,50-99人,,长沙,海口-龙华区,本科,1年以下,5-10k,,,,https://www.liepin.com/job/1953064197.shtml,20221011214342,,,,
155391,猎聘,能源/化工/环保,化学,肥料生产技术员,企业职位,海南广泓农业科技有限公司,50-99人,,长沙,文昌,本科,1-3年,8-10k,,,,https://www.liepin.com/job/1954489317.shtml,20221211210729,,,,
155392,猎聘,能源/化工/环保,化学,环保设备运维工程师,企业职位,湖北德势弘房地资产评估咨询有限公司黄石分公司,1-49人,,长沙,海口-龙华区,大专,3-5年,4-8k,,,,https://www.liepin.com/job/1970936053.shtml,20241128091757,,,,
155393,猎聘,能源/化工/环保,化学,食品/饮料研发经理,企业职位,三亚金诺丽生物科技有限公司,100-499人,,长沙,三亚,本科,3-5年,薪资面议,,,,https://www.liepin.com/job/1938327811.shtml,20210419182711,,,,
155394,猎聘,能源/化工/环保,化学,药品采购员兼养护员兼出库复核员,企业职位,泓喆启航,50-99人,,长沙,海口-秀英区,大专,2年以上,4-5k,,,,https://www.liepin.com/job/1971149357.shtml,20241202091314,,,,
155395,猎聘,能源/化工/环保,化学,工程部电工,企业职位,海南鱼日中天文旅有限公司,1-49人,,长沙,海口-龙华区,中专/中技,1-3年,3-4k,,,,https://www.liepin.com/job/1948874353.shtml,20220414100144,,,,
155396,猎聘,能源/化工/环保,化学,在线监测运维主管,企业职位,海南硕清技术检测有限公司,50-99人,,长沙,三亚-吉阳区,大专,3-5年,5-10k,,,,https://www.liepin.com/job/1964214769.shtml,20240322143157,,,,
155397,猎聘,能源/化工/环保,化学,质量体系专员,企业职位,天磊卫士(海南)科技有限公司,50-99人,,长沙,海口-龙华区,大专,3-5年,5-8k,,,,https://www.liepin.com/job/1961949373.shtml,20230927174221,,,,
155398,猎聘,能源/化工/环保,化学,质量负责人/授权签字人,企业职位,海南海沁天诚技术检测服务有限公司,50-99人,,长沙,海口-龙华区,本科,3-5年,8-12k,,,,https://www.liepin.com/job/1939136431.shtml,20210514093716,,,,
155399,猎聘,能源/化工/环保,化学,分析室主管,企业职位,海南海沁天诚技术检测服务有限公司,50-99人,,长沙,海口,大专,经验不限,5-8k,,,,https://www.liepin.com/job/1943041075.shtml,20210908152220,,,,
155400,猎聘,能源/化工/环保,化学,区域销售经理,企业职位,四川先河环保科技有限公司,50-99人,,长沙,海口,大专,3-5年,5-8k,,,,https://www.liepin.com/job/1945244407.shtml,20211129110247,,,,
155401,猎聘,能源/化工/环保,化学,海南区域销售经理,企业职位,安徽大千生物工程有限公司,50-99人,,长沙,海口,大专,1-3年,5-10k,,,,https://www.liepin.com/job/1934740393.shtml,20220329163916,,,,
155402,猎聘,能源/化工/环保,化学,职业卫生检测技术负责人,企业职位,海南海沁天诚技术检测服务有限公司,50-99人,,长沙,海口-龙华区,大专,3-5年,8-10k,,,,https://www.liepin.com/job/1937670547.shtml,20210331101028,,,,
155403,猎聘,能源/化工/环保,化学,制剂项目负责人,企业职位,万全医药,1000-2000人,,长沙,海口-秀英区,硕士,1-3年,12-20k,,,,https://www.liepin.com/job/1983300925.shtml,20260609213759,,,,
155404,猎聘,能源/化工/环保,化学,海洋环境工程师,企业职位,海南国为亿科环境有限公司,100-499人,,长沙,海口-美兰区,本科,3年以上,8-15k,,,,https://www.liepin.com/job/1983296999.shtml,20260609180055,,,,
155405,猎聘,能源/化工/环保,化学,药化博士,企业职位,海南海药,2000-5000人,,长沙,海口-秀英区,,,23-30k·13薪,,,,https://www.liepin.com/lptjob/75587285,20260603160412,,,,
155406,猎聘,能源/化工/环保,化学,高中化学老师,企业职位,笔块教育科技(海口)有限公司,1-49人,,长沙,海口-龙华区,,,150-300元/天,,,,https://www.liepin.com/lptjob/74350359,20250509141341,,,,
155407,猎聘,能源/化工/环保,化学,育种师,企业职位,罗牛山,2000-5000人,,长沙,海口-美兰区,,,8-10k,,,,https://www.liepin.com/lptjob/79861087,20260119184232,,,,
155408,猎聘,能源/化工/环保,化学,污水处理,企业职位,友盛(海南)城市服务有限公司,1-49人,,长沙,三亚-吉阳区,,,4-5k,,,,https://www.liepin.com/lptjob/79163947,20251216094904,,,,
155409,猎聘,能源/化工/环保,化学,实习生,企业职位,倍特药业,5000-10000人,,长沙,海口-秀英区,,,100-200元/天,,,,https://www.liepin.com/lptjob/68945617,20260414130722,,,,
155410,猎聘,能源/化工/环保,化学,试验员,企业职位,海南北纬十八度果业有限公司,500-999人,,长沙,海南,,,4-6k,,,,https://www.liepin.com/lptjob/27015903,20200708163255,,,,
155411,猎聘,能源/化工/环保,化学,植物源白蛋白-奥福民专岗（石家庄）(J11906),企业职位,贝达药业,1000-2000人,,郑州,石家庄-长安区,本科,2年以上,15-25k,,,,https://www.liepin.com/job/1976115311.shtml,20260607131732,,,,
155412,猎聘,能源/化工/环保,化学,AP化学老师,企业职位,某北京科技推广服务公司,1-49人,,郑州,廊坊,本科,3-5年,14-25k,,,,https://www.liepin.com/a/70853961.shtml,20260602135355,,,,
155413,猎聘,能源/化工/环保,化学,A-Level 生物/化学老师,企业职位,北京正源拓维教育咨询有限公司,100-499人,,郑州,廊坊-永清县,本科,经验不限,7-14k,,,,https://www.liepin.com/job/1969297829.shtml,20260609082212,,,,
155414,猎聘,能源/化工/环保,化学,双语化学老师,企业职位,北京正源拓维教育咨询有限公司,100-499人,,郑州,廊坊-永清县,本科,1-3年,12-30k,,,,https://www.liepin.com/job/1963638569.shtml,20260525083150,,,,
155415,猎聘,能源/化工/环保,化学,化学分析员,企业职位,中国乐凯集团有限公司,5000-10000人,,郑州,保定-竞秀区,本科,经验不限,4-6k,,,,https://www.liepin.com/job/1979483593.shtml,20260126172046,,,,
155416,猎聘,能源/化工/环保,化学,高一化学老师,企业职位,廊坊市睿材教育咨询有限公司,,,郑州,廊坊-广阳区,本科,3-5年,5-6k,,,,https://www.liepin.com/job/1982895897.shtml,20260603103659,,,,
155417,猎聘,能源/化工/环保,化学,化学分析员,企业职位,河北新源建筑工程检测有限公司,50-99人,,郑州,石家庄-栾城区,大专,1年以上,3-5k,,,,https://www.liepin.com/job/1973409977.shtml,20250326124813,,,,
155418,猎聘,能源/化工/环保,化学,化学检测室主任,企业职位,普汇恒达检测,1-49人,,郑州,廊坊-广阳区,本科,5-10年,11-16k,,,,https://www.liepin.com/job/1963901961.shtml,20240425094913,,,,
155419,猎聘,能源/化工/环保,化学,电化学工程师,企业职位,新奥股份,5000-10000人,,郑州,廊坊-广阳区,本科,3-5年,15-21k·14薪,,,,https://www.liepin.com/job/1957213853.shtml,20230323090055,,,,
155420,猎聘,能源/化工/环保,化学,化学部副总监（工艺）,企业职位,河北桑迪亚,100-499人,,郑州,河北,硕士,5-10年,15-20k,,,,https://www.liepin.com/job/1945004413.shtml,20220929113927,,,,
155421,猎聘,能源/化工/环保,化学,化学产品技术支持,企业职位,北京优谱通用科技有限公司,1-49人,,郑州,石家庄,本科,经验不限,6-8k,,,,https://www.liepin.com/job/1954684421.shtml,20230413140005,,,,
155422,猎聘,能源/化工/环保,化学,化学部副总监（研发）,企业职位,河北桑迪亚,100-499人,,郑州,河北,硕士,5-10年,15-20k,,,,https://www.liepin.com/job/1945004519.shtml,20220929113927,,,,
155423,猎聘,能源/化工/环保,化学,化学工程师(水质监测),企业职位,北京优谱通用科技有限公司,1-49人,,郑州,石家庄,大专,经验不限,6-8k,,,,https://www.liepin.com/job/1954684497.shtml,20230413140005,,,,
155424,猎聘,能源/化工/环保,化学,工程师-材料化学(A216062),企业职位,格林微纳科技有限公司,1-49人,,郑州,廊坊-广阳区,学历不限,经验不限,10-20k·13薪,,,,https://www.liepin.com/job/1962173643.shtml,20240617160900,,,,
155425,猎聘,能源/化工/环保,化学,化学检测员,企业职位,普汇恒达检测,1-49人,,郑州,廊坊-广阳区,统招本科,1年以下,4-6k,,,,https://www.liepin.com/job/1971751059.shtml,20250416125124,,,,
155426,猎聘,能源/化工/环保,化学,化学工程研究员,企业职位,天津瀛江香精香料有限公司,50-99人,,郑州,沧州,硕士,经验不限,8-10k,,,,https://www.liepin.com/job/1939373799.shtml,20230718142301,,,,
155427,猎聘,能源/化工/环保,化学,化学分析员,企业职位,霸州市三钢科技有限公司,100-499人,,郑州,廊坊-霸州,大专,1-3年,5-7k,,,,https://www.liepin.com/job/1938698637.shtml,20231229174345,,,,
155428,猎聘,能源/化工/环保,化学,化学分析工程师,企业职位,河北风华环保科技股份有限公司,50-99人,,郑州,保定,统招本科,3-5年,8-13k,,,,https://www.liepin.com/job/1916929713.shtml,20190215094931,,,,
155429,猎聘,能源/化工/环保,化学,化学研发总监,企业职位,河北镁神科技股份有限公司,100-499人,,郑州,邢台-广宗县,统招本科,5年以上,20-40k,,,,https://www.liepin.com/job/1971414770.shtml,20260305190904,,,,
155430,猎聘,能源/化工/环保,化学,化学实验员,企业职位,河北九丛科技有限公司,50-99人,,郑州,石家庄-鹿泉区,大专,经验不限,4-6k,,,,https://www.liepin.com/job/1962305837.shtml,20240123182506,,,,
155431,猎聘,能源/化工/环保,化学,化学分析,企业职位,石家庄鑫利耀贸易有限公司,100-499人,,郑州,石家庄-新华区,本科,经验不限,4-7k·13薪,,,,https://www.liepin.com/job/1942993459.shtml,20210907145841,,,,
155432,猎聘,能源/化工/环保,化学,化学工程师,企业职位,睿智保诚专利事务所,100-499人,,郑州,保定,本科,经验不限,10-15k,,,,https://www.liepin.com/job/1943622023.shtml,20210928103352,,,,
155433,猎聘,能源/化工/环保,化学,化学实验员,企业职位,河北省金衡化工产品质量检验有限公司,1-49人,,郑州,石家庄-栾城区,大专,经验不限,3-6k,,,,https://www.liepin.com/job/1947336243.shtml,20220317154458,,,,
155434,猎聘,能源/化工/环保,化学,化学老师,企业职位,保定市竞秀区恒睿培训学校有限公司,1-49人,,郑州,保定,本科,1-3年,4-6k,,,,https://www.liepin.com/job/1925319167.shtml,20191215171408,,,,
155435,猎聘,能源/化工/环保,化学,化学工程师,企业职位,维欧(天津)能源技术服务股份有限公司,1-49人,,郑州,沧州-海兴县,本科,3-5年,6-9k,,,,https://www.liepin.com/job/1950790815.shtml,20230427171332,,,,
155436,猎聘,能源/化工/环保,化学,专利代理人（化学）,企业职位,河北北方知识产权代理有限公司,5000-10000人,,郑州,保定,本科,经验不限,4-5k,,,,https://www.liepin.com/job/1921699195.shtml,20190814134217,,,,
155437,猎聘,能源/化工/环保,化学,化学专利代理人-双休五险一金,企业职位,北京盛广信合知识产权代理有限公司,100-499人,,郑州,保定-竞秀区,本科,3年以上,9-12k,,,,https://www.liepin.com/job/1976482257.shtml,20250814102724,,,,
155438,猎聘,能源/化工/环保,化学,专利代理师-化学,企业职位,三高永信,100-499人,,郑州,石家庄-长安区,本科,1-3年,8-15k,,,,https://www.liepin.com/job/1961724411.shtml,20240515101525,,,,
155439,猎聘,能源/化工/环保,化学,化学专利代理人,企业职位,河北知亦可为专利代理事务所(特殊普通合伙),100-499人,,郑州,石家庄-长安区,硕士,经验不限,6-8k,,,,https://www.liepin.com/job/1948095187.shtml,20220316120012,,,,
155440,猎聘,能源/化工/环保,化学,专利工程师   生物/化学/机械,企业职位,河北北方知识产权代理有限公司,5000-10000人,,郑州,保定,统招本科,经验不限,6-10k,,,,https://www.liepin.com/job/1928384493.shtml,20200717162738,,,,
155441,猎聘,能源/化工/环保,化学,化学分析测试员,企业职位,北京益民药业有限公司沧州分公司,1-49人,,郑州,沧州,本科,经验不限,4-8k,,,,https://www.liepin.com/job/1932626343.shtml,20201026084303,,,,
155442,猎聘,能源/化工/环保,化学,化学实验室技术员,企业职位,河北步田医药科技有限公司,1-49人,,郑州,石家庄-藁城区,本科,3-5年,12-25k,,,,https://www.liepin.com/job/1962579117.shtml,20231129095647,,,,
155443,猎聘,能源/化工/环保,化学,化学分析,企业职位,石家庄志诚医疗器械有限公司,1-49人,,郑州,沧州,中专/中技,经验不限,3-5k,,,,https://www.liepin.com/job/1933392805.shtml,20201124171737,,,,
155444,猎聘,能源/化工/环保,化学,化学实验室技术员,企业职位,河北汉恩新材料科技有限公司,1-49人,,郑州,石家庄,本科,经验不限,5-8k,,,,https://www.liepin.com/job/1962539195.shtml,20231030084159,,,,
155445,猎聘,能源/化工/环保,化学,化学实验员,企业职位,河北维港环保科技有限公司,50-99人,,郑州,唐山,大专,1年以下,3-5k,,,,https://www.liepin.com/job/1943741087.shtml,20211007151253,,,,
155446,猎聘,能源/化工/环保,化学,双语物理/化学/生物/数学/雅思老师,企业职位,北京顶思致远教育咨询有限公司,1-49人,,郑州,石家庄,硕士,3-5年,5-10k,,,,https://www.liepin.com/job/1945136231.shtml,20260413150516,,,,
155447,猎聘,能源/化工/环保,化学,高中物理化学主管,企业职位,北京领世瑞丰教育科技有限公司,100-499人,,郑州,石家庄-桥西区,统招本科,3-5年,15-35k,,,,https://www.liepin.com/job/1982471737.shtml,20260512165458,,,,
155448,猎聘,能源/化工/环保,化学,技术转移项目经理（化学合成原料药）,企业职位,以岭药业,10000人以上,,郑州,衡水-武邑县,统招本科,5-10年,8-15k,,,,https://www.liepin.com/job/1958045629.shtml,20250421173955,,,,
155449,猎聘,能源/化工/环保,化学,高中班课教师（语文数学英语物理化学）,企业职位,新东方教育科技集团有限公司,10000人以上,,郑州,保定-竞秀区,统招本科,1-3年,8-12k,,,,https://www.liepin.com/job/1980096343.shtml,20260130105822,,,,
155450,猎聘,能源/化工/环保,化学,工艺技术员（电化学方向）,企业职位,粤海中粤(秦皇岛)马口铁工业有限公司,100-499人,,郑州,秦皇岛-山海关区,本科,3-5年,5-8k,,,,https://www.liepin.com/job/1976359681.shtml,20250808152714,,,,
155451,猎聘,能源/化工/环保,化学,化学老师,企业职位,河北启润教育科技有限公司,50-99人,,郑州,石家庄-正定县,本科,1年以下,5-7k,,,,https://www.liepin.com/job/1965480711.shtml,20240314161259,,,,
155452,猎聘,能源/化工/环保,化学,初高中物理化学老师,企业职位,通云联商贸保定有限公司,50-99人,,郑州,保定-徐水区,本科,经验不限,10-15k,,,,https://www.liepin.com/job/1969991133.shtml,20250602210548,,,,
155453,猎聘,能源/化工/环保,化学,学而思廊坊香河富力新城校区招聘数学物理化学老师,企业职位,北京爱格赛诺森商贸有限责任公司,1-49人,,郑州,廊坊-香河县,本科,3-5年,6-10k,,,,https://www.liepin.com/job/1966009081.shtml,20240405065039,,,,
155454,猎聘,能源/化工/环保,化学,化学实验员,企业职位,河北凡博医药科技有限公司,50-99人,,郑州,石家庄-裕华区,本科,经验不限,5-8k,,,,https://www.liepin.com/job/1966776045.shtml,20240514104708,,,,
155455,猎聘,能源/化工/环保,化学,数学、英语、物理、化学、历史、政治老师,企业职位,河北外国语学院,10000人以上,,郑州,石家庄-桥西区,本科,经验不限,5-10k,,,,https://www.liepin.com/job/1955930227.shtml,20230208160831,,,,
155456,猎聘,能源/化工/环保,化学,生物、化学专利工程师,企业职位,河北北方知识产权代理有限公司,5000-10000人,,郑州,保定,硕士,1-3年,5-8k,,,,https://www.liepin.com/job/1935415091.shtml,20210126084731,,,,
155457,猎聘,能源/化工/环保,化学,物理化学教师,企业职位,邢台市襄都区朗朗教育培训学校,50-99人,,郑州,邢台,本科,经验不限,5-10k,,,,https://www.liepin.com/job/1940505627.shtml,20210628100953,,,,
155458,猎聘,能源/化工/环保,化学,生长激素招商经理（华北）,企业职位,圣湘生物科技股份有限公司,2000-5000人,,郑州,石家庄-新华区,本科,3-5年,15-16k·16薪,,,,https://www.liepin.com/job/1981831577.shtml,20260416163442,,,,
155459,猎聘,能源/化工/环保,化学,质量专员,企业职位,河北合佳医药科技集团股份有限公司,500-999人,,郑州,石家庄-藁城区,大专,3年以上,5-7k,,,,https://www.liepin.com/job/1982470163.shtml,20260601104708,,,,
155460,猎聘,能源/化工/环保,化学,资深OLED合成工程师,企业职位,某北京咨询服务公司,100-499人,,郑州,石家庄,硕士,5年以上,20-30k·14薪,,,,https://www.liepin.com/a/75566091.shtml,20260604101629,,,,
155461,猎聘,能源/化工/环保,化学,3D打印材料高工（树脂）,企业职位,某国内大型机械/设备公司,500-999人,,郑州,秦皇岛,硕士,5-10年,40-50k·16薪,,,,https://www.liepin.com/a/75948303.shtml,20260609155923,,,,
155462,猎聘,能源/化工/环保,化学,固态电池研发工程师,企业职位,保定太行先进储能技术研究院有限公司,1-49人,,郑州,保定-竞秀区,硕士,2年以上,薪资面议,,,,https://www.liepin.com/job/1979616875.shtml,20260609140300,,,,
155463,猎聘,能源/化工/环保,化学,液晶博士（Lcd、Oled、材料、器件）,企业职位,某国内知名公司,500-999人,,郑州,石家庄,博士,经验不限,25-35k·14薪,,,,https://www.liepin.com/a/74316485.shtml,20260407114836,,,,
155464,猎聘,能源/化工/环保,化学,高级销售经理（河北省）,企业职位,仁迈生物,100-499人,,郑州,石家庄-裕华区,大专,3-5年,10-13k·17薪,,,,https://www.liepin.com/job/1981986937.shtml,20260422133613,,,,
155465,猎聘,能源/化工/环保,化学,区域销售经理（河北）,企业职位,携光生物,100-499人,,郑州,唐山-路北区,大专,1-3年,10-20k,,,,https://www.liepin.com/job/1965855035.shtml,20260527103348,,,,
155466,猎聘,能源/化工/环保,化学,大客户销售（医药/医疗器械第三方检测）,企业职位,微谱,1000-2000人,,郑州,石家庄-长安区,大专,经验不限,10-15k·13薪,,,,https://www.liepin.com/job/1968904209.shtml,20260109175802,,,,
155467,猎聘,能源/化工/环保,化学,研发工程师,企业职位,某国内大型化工公司,5000-10000人,,郑州,保定,硕士,1-3年,18-35k,,,,https://www.liepin.com/a/75552855.shtml,20260607222728,,,,
155468,猎聘,能源/化工/环保,化学,工艺工程师,企业职位,某国内知名公司,100-499人,,郑州,唐山,本科,3-5年,15-30k,,,,https://www.liepin.com/a/75377285.shtml,20260527093848,,,,
155469,猎聘,能源/化工/环保,化学,催化剂研发工程师,企业职位,某北京环保上市公司,100-499人,,郑州,廊坊-固安县,硕士,5-10年,30-60k,,,,https://www.liepin.com/a/76282699.shtml,20260601204054,,,,
155470,猎聘,能源/化工/环保,化学,硅碳材料研发工程师,企业职位,某国内大型新能源公司,1000-2000人,,郑州,石家庄,硕士,3-5年,20-35k,,,,https://www.liepin.com/a/76209841.shtml,20260609091654,,,,
155471,猎聘,能源/化工/环保,化学,高级分析研究员,企业职位,某国内大型制药公司,10000人以上,,郑州,石家庄,学历不限,经验不限,20-40k,,,,https://www.liepin.com/a/76246841.shtml,20260601104916,,,,
155472,猎聘,能源/化工/环保,化学,光学高分子材料研发工程师,企业职位,某北京智能硬件/消费电子公司,1-49人,,郑州,廊坊,硕士,3年以上,20-40k·13薪,,,,https://www.liepin.com/a/74893881.shtml,20260608084939,,,,
155473,猎聘,能源/化工/环保,化学,实验室技术员,企业职位,科鉴集团有限公司,100-499人,,郑州,沧州-沧县,本科,5-10年,4-6k,,,,https://www.liepin.com/job/1976883987.shtml,20260602090642,,,,
155474,猎聘,能源/化工/环保,化学,狭缝涂布工艺工程师 ,企业职位,某国内大型化工公司,5000-10000人,,郑州,保定,本科,1年以上,16-30k,,,,https://www.liepin.com/a/76135517.shtml,20260604211459,,,,
155475,猎聘,能源/化工/环保,化学,有机光学材料研发工程师,企业职位,某北京智能硬件/消费电子公司,1-49人,,郑州,廊坊,硕士,经验不限,40-60k·13薪,,,,https://www.liepin.com/a/74893825.shtml,20260608084939,,,,
155476,猎聘,能源/化工/环保,化学,有机光学材料研发工程师,企业职位,某北京智能硬件/消费电子公司,1-49人,,郑州,廊坊,硕士,经验不限,40-60k·13薪,,,,https://www.liepin.com/a/74893795.shtml,20260608084939,,,,
155477,猎聘,能源/化工/环保,化学,分析总监（沧州）,企业职位,河北天成药业股份有限公司,1000-2000人,,郑州,沧州-新华区,本科,5-10年,20-30k,,,,https://www.liepin.com/job/1966861393.shtml,20260603142133,,,,
155478,猎聘,能源/化工/环保,化学,测试验证工程师,企业职位,香港奥星集团,1000-2000人,,郑州,石家庄-长安区,统招本科,5年以上,10-15k,,,,https://www.liepin.com/job/1981931897.shtml,20260609115759,,,,
155479,猎聘,能源/化工/环保,化学,AIDD高级研究员(小分子),企业职位,石药集团,10000人以上,,郑州,石家庄-裕华区,博士,经验不限,18-25k·15薪,,,,https://www.liepin.com/job/1975129809.shtml,20260526145936,,,,
155480,猎聘,能源/化工/环保,化学,药物浓度大区销售经理,企业职位,丽珠试剂,500-999人,,郑州,石家庄-裕华区,本科,5年以上,15-20k,,,,https://www.liepin.com/job/1980890793.shtml,20260609094640,,,,
155481,猎聘,能源/化工/环保,化学,MR-突破性多适应症生物制剂-保定,企业职位,阿斯利康,10000人以上,,郑州,保定-莲池区,本科,1年以上,7-14k·13薪,,,,https://www.liepin.com/job/1983186833.shtml,20260605133727,,,,
155482,猎聘,能源/化工/环保,化学,基地总经理,企业职位,某国内制药公司,100-499人,,郑州,石家庄,学历不限,10年以上,30-40k,,,,https://www.liepin.com/a/75765395.shtml,20260609101532,,,,
155483,猎聘,能源/化工/环保,化学,区域销售经理-华北,企业职位,永生仪器,100-499人,,郑州,石家庄-长安区,本科,3-5年,10-20k,,,,https://www.liepin.com/job/1976445353.shtml,20260609090001,,,,
155484,猎聘,能源/化工/环保,化学,固态电池核心设备技术总监（技术带头人）,企业职位,某国内电气机械/器材公司,100-499人,,郑州,保定,学历不限,10年以上,50-80k,,,,https://www.liepin.com/a/75704683.shtml,20260602112914,,,,
155485,猎聘,能源/化工/环保,化学,Production Manager,企业职位,某青岛知名化工公司,100-499人,,郑州,秦皇岛,统招本科,10年以上,25-35k·16薪,,,,https://www.liepin.com/a/74052673.shtml,20260609093009,,,,
155486,猎聘,能源/化工/环保,化学,海外市场技术支持工程师,企业职位,某北京环保上市公司,100-499人,,郑州,廊坊-固安县,统招本科,5-10年,30-60k·15薪,,,,https://www.liepin.com/a/76282687.shtml,20260601203924,,,,
155487,猎聘,能源/化工/环保,化学,生产经理,企业职位,某国内制药公司,100-499人,,郑州,石家庄,学历不限,1-3年,18-25k,,,,https://www.liepin.com/a/74236899.shtml,20260609092748,,,,
155488,猎聘,能源/化工/环保,化学,合成车间主任,企业职位,以岭药业,10000人以上,,郑州,衡水-武邑县,统招本科,5-10年,10-18k,,,,https://www.liepin.com/job/1965177701.shtml,20260511191343,,,,
155489,猎聘,能源/化工/环保,化学,原料药生产总监,企业职位,河北天成药业股份有限公司,1000-2000人,,郑州,沧州,本科,5年以上,21-35k,,,,https://www.liepin.com/job/1980479357.shtml,20260603142121,,,,
155490,猎聘,能源/化工/环保,化学,资深OLED合成工程师,企业职位,某国内大型制药公司,500-999人,,郑州,石家庄,硕士,5-10年,30-40k,,,,https://www.liepin.com/a/74667045.shtml,20260415123950,,,,
155491,猎聘,能源/化工/环保,化学,涂布研发  央企招聘    20-25万/年  钙钛矿,企业职位,某国内大型化工公司,5000-10000人,,郑州,保定,硕士,1-3年,15-19k,,,,https://www.liepin.com/a/75570567.shtml,20260601143111,,,,
155492,猎聘,能源/化工/环保,化学,有机合成研究员(J10028),企业职位,保诺-桑迪亚,500-999人,,郑州,石家庄,本科,经验不限,5-10k,,,,https://www.liepin.com/job/1973323633.shtml,20260507083125,,,,
155493,猎聘,能源/化工/环保,化学,QA+QE+QC质量工程师+锂电+宜昌or江阴or沧州,企业职位,某国内大型新能源公司,5000-10000人,,郑州,沧州-沧县,大专,3-5年,11-18k·14薪,,,,https://www.liepin.com/a/75890799.shtml,20260609090848,,,,
155494,猎聘,能源/化工/环保,化学,QC质检员,企业职位,大金重工,2000-5000人,,郑州,唐山-曹妃甸区,大专,1-3年,8-15k,,,,https://www.liepin.com/job/1976706219.shtml,20260520082245,,,,
155495,猎聘,能源/化工/环保,化学,QC人员,企业职位,常山药业,1000-2000人,,郑州,石家庄,统招本科,1-3年,5-7k,,,,https://www.liepin.com/job/1938719387.shtml,20260518161130,,,,
155496,猎聘,能源/化工/环保,化学,客户经理,企业职位,某国内生物技术公司,100-499人,,郑州,邢台,大专,经验不限,15-25k,,,,https://www.liepin.com/a/74859449.shtml,20260421085223,,,,
155497,猎聘,能源/化工/环保,化学,有机合成研究员（J0018）,企业职位,保诺-桑迪亚,500-999人,,郑州,石家庄,本科,经验不限,6-12k,,,,https://www.liepin.com/job/1972604827.shtml,20260507083125,,,,
155498,猎聘,能源/化工/环保,化学,C++软件工程师,企业职位,北京热景生物技术股份有限公司,1000-2000人,,郑州,廊坊-广阳区,本科,2年以上,10-20k,,,,https://www.liepin.com/job/1977706557.shtml,20260601132431,,,,
155499,猎聘,能源/化工/环保,化学,高级分析研究员,企业职位,某国内制药上市公司,10000人以上,,郑州,石家庄,硕士,5-10年,20-40k·15薪,,,,https://www.liepin.com/a/76198351.shtml,20260529113032,,,,
155500,猎聘,能源/化工/环保,化学,科大讯飞 - 教育BG - 助教/班主任 - 石家庄,企业职位,科大讯飞,10000人以上,,郑州,石家庄-鹿泉区,统招本科,1-3年,9-12k,,,,https://www.liepin.com/job/1982840643.shtml,20260525170330,,,,
155501,猎聘,能源/化工/环保,化学,QA经理,企业职位,某制药公司,50-99人,,郑州,石家庄,统招本科,10年以上,20-30k·15薪,,,,https://www.liepin.com/a/75841445.shtml,20260608141754,,,,
155502,猎聘,能源/化工/环保,化学,高级分析研究员,企业职位,某国内制药上市公司,10000人以上,,郑州,石家庄,硕士,5-10年,20-40k·15薪,,,,https://www.liepin.com/a/75643851.shtml,20260514101006,,,,
155503,猎聘,能源/化工/环保,化学,高级分析研究员,企业职位,某国内制药公司,100-499人,,郑州,石家庄,统招本科,5-10年,15-20k·14薪,,,,https://www.liepin.com/a/76220593.shtml,20260529184551,,,,
155504,猎聘,能源/化工/环保,化学,天成药业研发总监,企业职位,河北天成药业股份有限公司,1000-2000人,,郑州,沧州,本科,5-10年,12-18k,,,,https://www.liepin.com/job/1961984057.shtml,20260603142139,,,,
155505,猎聘,能源/化工/环保,化学,天成药业制剂总监,企业职位,河北天成药业股份有限公司,1000-2000人,,郑州,沧州,本科,5-10年,12-18k,,,,https://www.liepin.com/job/1961984069.shtml,20260603142139,,,,
155506,猎聘,能源/化工/环保,化学,河北-市政污水行业销售经理-接受工业品、医药销售跨行,企业职位,某国内机械/设备公司,100-499人,,郑州,石家庄,大专,1-3年,8-13k,,,,https://www.liepin.com/a/74936769.shtml,20260422140650,,,,
155507,猎聘,能源/化工/环保,化学,马铃薯质量保障经理,企业职位,某国内大型农林牧渔公司,500-999人,,郑州,张家口,统招本科,经验不限,15-25k·14薪,,,,https://www.liepin.com/a/74461275.shtml,20260608094357,,,,
155508,猎聘,能源/化工/环保,化学,CO催化剂技术支持工程师,企业职位,某北京环保上市公司,100-499人,,郑州,廊坊,统招本科,5-10年,30-60k·15薪,,,,https://www.liepin.com/a/76282625.shtml,20260601203532,,,,
155509,猎聘,能源/化工/环保,化学,镀覆工艺师,企业职位,某国内知名公司,500-999人,,郑州,石家庄,统招本科,5-10年,20-30k,,,,https://www.liepin.com/a/74192059.shtml,20260609085619,,,,
155510,猎聘,能源/化工/环保,化学,高阻隔膜工程师,企业职位,某国内大型化工公司,5000-10000人,,郑州,保定,本科,经验不限,14-25k,,,,https://www.liepin.com/a/73503851.shtml,20260604211459,,,,
155511,猎聘,能源/化工/环保,化学,饮料工艺工程师,企业职位,某国内大型食品/饮料/酒水公司,10000人以上,,郑州,邢台-隆尧县,本科,5-10年,15-25k,,,,https://www.liepin.com/a/76425931.shtml,20260608084544,,,,
155512,猎聘,能源/化工/环保,化学,纯化研究员,企业职位,河北美邦工程科技股份有限公司,100-499人,,郑州,石家庄-裕华区,本科,1-3年,6-10k,,,,https://www.liepin.com/job/1981483619.shtml,20260403111205,,,,
155513,猎聘,能源/化工/环保,化学,博士研究员,企业职位,诚志永华,500-999人,,郑州,石家庄,博士,经验不限,15-30k,,,,https://www.liepin.com/job/1926894165.shtml,20260511144922,,,,
155514,猎聘,能源/化工/环保,化学,市场总经理,企业职位,某国内制药上市公司,10000人以上,,郑州,保定,统招本科,10年以上,300-330k,,,,https://www.liepin.com/a/75465185.shtml,20260605121449,,,,
155515,猎聘,能源/化工/环保,化学,半导体技术工程师（LED外延技术专家博士）,企业职位,某深圳电子/半导体/集成电路公司,1-49人,,郑州,唐山,博士,经验不限,30-55k,,,,https://www.liepin.com/a/75726417.shtml,20260608083821,,,,
155516,猎聘,能源/化工/环保,化学,质量负责人（佐剂平台）,企业职位,华普石家庄医药有限公司,100-499人,,郑州,石家庄-栾城区,本科,5年以上,20-25k,,,,https://www.liepin.com/job/1983018805.shtml,20260601103119,,,,
155517,猎聘,能源/化工/环保,化学,水处理工程师,企业职位,某国内大型化工公司,5000-10000人,,郑州,保定,本科,3-5年,15-16k,,,,https://www.liepin.com/a/76083769.shtml,20260609163654,,,,
155518,猎聘,能源/化工/环保,化学,技术经理（研发岗）,企业职位,君德同创,100-499人,,郑州,廊坊-固安县,统招本科,5年以上,10-20k,,,,https://www.liepin.com/job/1977302931.shtml,20260416134512,,,,
155519,猎聘,能源/化工/环保,化学,QA经理,企业职位,某制药公司,50-99人,,郑州,石家庄,统招本科,5-10年,15-25k,,,,https://www.liepin.com/a/75814369.shtml,20260609171138,,,,
155520,猎聘,能源/化工/环保,化学,知识产权经理,企业职位,某制药公司,50-99人,,郑州,石家庄,本科,5-10年,20-30k,,,,https://www.liepin.com/a/74874335.shtml,20260608153421,,,,
155521,猎聘,能源/化工/环保,化学,QA经理-制药,企业职位,某制药公司,50-99人,,郑州,石家庄,统招本科,10年以上,20-40k,,,,https://www.liepin.com/a/75930279.shtml,20260609184307,,,,
155522,猎聘,能源/化工/环保,化学,QA经理,企业职位,某制药公司,50-99人,,郑州,石家庄,本科,5-10年,20-30k,,,,https://www.liepin.com/a/75841723.shtml,20260608153421,,,,
155523,猎聘,能源/化工/环保,化学,高级分析研究员,企业职位,某国内制药上市公司,10000人以上,,郑州,石家庄,硕士,经验不限,40-60k,,,,https://www.liepin.com/a/75642223.shtml,20260513180534,,,,
155524,猎聘,能源/化工/环保,化学,EHS主管,企业职位,某大型新能源公司,2000-5000人,,郑州,承德,统招本科,5年以上,15-20k·13薪,,,,https://www.liepin.com/a/76220883.shtml,20260529190207,,,,
155525,猎聘,能源/化工/环保,化学,NMHC和NH3催化剂技术支持工程师,企业职位,某北京环保上市公司,100-499人,,郑州,廊坊-固安县,本科,5-10年,30-60k·15薪,,,,https://www.liepin.com/a/76282663.shtml,20260601203749,,,,
155526,猎聘,能源/化工/环保,化学,基地总经理,企业职位,某国内医疗机构公司,50-99人,,郑州,邯郸,统招本科,10年以上,30-40k,,,,https://www.liepin.com/a/75807249.shtml,20260609101714,,,,
155527,猎聘,能源/化工/环保,化学,开发工程师,企业职位,某国内大型整车制造公司,5000-10000人,,郑州,保定,统招本科,经验不限,8-12k,,,,https://www.liepin.com/a/76406331.shtml,20260604125219,,,,
155528,猎聘,能源/化工/环保,化学,无菌工艺工程师,企业职位,某国内大型食品/饮料/酒水公司,10000人以上,,郑州,邢台-隆尧县,本科,3-5年,15-25k,,,,https://www.liepin.com/a/76425947.shtml,20260608084544,,,,
155529,猎聘,能源/化工/环保,化学,生产总监（原料药）,企业职位,某国内大型制药公司,1000-2000人,,郑州,沧州,本科,5-10年,20-35k,,,,https://www.liepin.com/a/73284801.shtml,20260312101257,,,,
155530,猎聘,能源/化工/环保,化学,知识产权经理,企业职位,某制药公司,50-99人,,郑州,石家庄,本科,5-10年,20-30k·15薪,,,,https://www.liepin.com/a/74754161.shtml,20260608141754,,,,
155531,猎聘,能源/化工/环保,化学,开发工程师,企业职位,某国内大型整车制造公司,5000-10000人,,郑州,保定,本科,经验不限,9-14k,,,,https://www.liepin.com/a/76393455.shtml,20260604095401,,,,
155532,猎聘,能源/化工/环保,化学,IPQC岗位,企业职位,某国内大型新能源公司,10000人以上,,郑州,沧州,学历不限,3年以上,15-18k·13薪,,,,https://www.liepin.com/a/75994959.shtml,20260604122056,,,,
155533,猎聘,能源/化工/环保,化学,大客户销售,企业职位,河北镁神科技股份有限公司,100-499人,,郑州,邢台-襄都区,大专,3年以上,8-20k,,,,https://www.liepin.com/job/1981247075.shtml,20260609115936,,,,
155534,猎聘,能源/化工/环保,化学,工艺开发工程师,企业职位,香港奥星集团,1000-2000人,,郑州,石家庄-长安区,统招本科,3-5年,8-15k,,,,https://www.liepin.com/job/1981931663.shtml,20260609115751,,,,
155535,猎聘,能源/化工/环保,化学,工艺工程师,企业职位,爱迪特(秦皇岛)科技股份有限公司,500-999人,,郑州,秦皇岛,统招本科,经验不限,8-14k,,,,https://www.liepin.com/job/1934501831.shtml,20260602091455,,,,
155536,猎聘,能源/化工/环保,化学,国际销售业务经理,企业职位,以岭药业,10000人以上,,郑州,石家庄-裕华区,统招本科,2年以上,薪资面议,,,,https://www.liepin.com/job/1983082609.shtml,20260602173008,,,,
155537,猎聘,能源/化工/环保,化学,免疫技术高级工程师（华北）,企业职位,美康生物科技股份有限公司,2000-5000人,,郑州,石家庄-长安区,本科,3年以上,8-20k,,,,https://www.liepin.com/job/1979791977.shtml,20260402141315,,,,
155538,猎聘,能源/化工/环保,化学,热处理工程师（核电紧固件/锚栓方向）,企业职位,某国内机械/设备公司,100-499人,,郑州,沧州,本科,3-5年,20-30k,,,,https://www.liepin.com/a/75378603.shtml,20260524110043,,,,
155539,猎聘,能源/化工/环保,化学,主任EHS工程师,企业职位,某大型新能源公司,100-499人,,郑州,承德,统招本科,10年以上,25-30k·14薪,,,,https://www.liepin.com/a/74601897.shtml,20260414102934,,,,
155540,猎聘,能源/化工/环保,化学,水处理解决方案工程师（双膜设计）,企业职位,某大型知名化工公司,500-999人,,郑州,保定,统招本科,经验不限,15-20k,,,,https://www.liepin.com/a/76426477.shtml,20260609083054,,,,
155541,猎聘,能源/化工/环保,化学,OLED资深器件工程师,企业职位,品首企业管理,1-49人,,郑州,石家庄-裕华区,本科,5-10年,20-40k·16薪,,,,https://www.liepin.com/job/1969985141.shtml,20260604223624,,,,
155542,猎聘,能源/化工/环保,化学,猎头招聘顾问,企业职位,某医疗领域猎头公司,1-49人,,郑州,沧州,大专,1-3年,5-8k·24薪,,,,https://www.liepin.com/a/76044517.shtml,20260608174306,,,,
155543,猎聘,能源/化工/环保,化学,外延技术专家（工艺方向/研发方向）,企业职位,某深圳电子/半导体/集成电路公司,1-49人,,郑州,唐山,硕士,8年以上,30-45k·15薪,,,,https://www.liepin.com/a/75075561.shtml,20260519095116,,,,
155544,猎聘,能源/化工/环保,化学,打印OLED器件资深工程师或专家,企业职位,品首企业管理,1-49人,,郑州,石家庄-裕华区,硕士,3-5年,30-50k·14薪,,,,https://www.liepin.com/job/1980409211.shtml,20260604223624,,,,
155545,猎聘,能源/化工/环保,化学,煤制氢合成氨净化工艺工程师,企业职位,旭阳集团,10000人以上,,郑州,沧州,大专,5年以上,13-20k,,,,https://www.liepin.com/job/1977965133.shtml,20251023153451,,,,
155546,猎聘,能源/化工/环保,化学,高中网课在线教师,企业职位,南阳精准翻译服务有限公司,50-99人,,郑州,石家庄-新华区,统招本科,10年以上,8-15k,,,,https://www.liepin.com/job/1971273275.shtml,20260608064843,,,,
155547,猎聘,能源/化工/环保,化学,OLED材料结构设计高级工程师,企业职位,品首企业管理,1-49人,,郑州,石家庄-裕华区,硕士,3年以上,28-40k·16薪,,,,https://www.liepin.com/job/1972814399.shtml,20260604223624,,,,
155548,猎聘,能源/化工/环保,化学,免疫工程师（医学检验）,企业职位,美康生物科技股份有限公司,2000-5000人,,郑州,石家庄-长安区,本科,3年以上,8-20k,,,,https://www.liepin.com/job/1980226925.shtml,20260520084534,,,,
155549,猎聘,能源/化工/环保,化学,临床科研项目助理,企业职位,河北北科,100-499人,,郑州,石家庄-正定县,本科,1-3年,6-8k,,,,https://www.liepin.com/job/1983159315.shtml,20260604160721,,,,
155550,猎聘,能源/化工/环保,化学,药物分析研究员/高级研究员,企业职位,常山药业,1000-2000人,,郑州,石家庄,统招本科,1-3年,6-8k,,,,https://www.liepin.com/job/1938720743.shtml,20250806085638,,,,
155551,猎聘,能源/化工/环保,化学,测试主任工程师 (MJ000285),企业职位,未势能源,1000-2000人,,郑州,保定-莲池区,本科,5-10年,20-30k,,,,https://www.liepin.com/job/1975056593.shtml,20260521112340,,,,
155552,猎聘,能源/化工/环保,化学,产品线销售经理（IVD、免疫、质谱）,企业职位,美康生物科技股份有限公司,2000-5000人,,郑州,石家庄-长安区,本科,3年以上,10-25k,,,,https://www.liepin.com/job/1980231149.shtml,20260206165121,,,,
155553,猎聘,能源/化工/环保,化学,原料药生产负责人,企业职位,某北京制药上市公司,2000-5000人,,郑州,沧州,学历不限,10年以上,20-40k,,,,https://www.liepin.com/a/75831473.shtml,20260519163147,,,,
155554,猎聘,能源/化工/环保,化学,主任工程师-制造EHS,企业职位,某国内大型新能源公司,2000-5000人,,郑州,承德-丰宁县,统招本科,5-10年,15-25k,,,,https://www.liepin.com/a/75015281.shtml,20260424092119,,,,
155555,猎聘,能源/化工/环保,化学,质量经理,企业职位,某国内食品/饮料/酒水公司,100-499人,,郑州,廊坊-大厂县,本科,5-10年,30-40k,,,,https://www.liepin.com/a/75556181.shtml,20260512103823,,,,
155556,猎聘,能源/化工/环保,化学,大客户销售(辅酶Q10原料),企业职位,多维集团,100-499人,,郑州,石家庄-桥西区,大专,1-3年,7-10k,,,,https://www.liepin.com/job/1980179475.shtml,20260204142238,,,,
155557,猎聘,能源/化工/环保,化学,生产车间工艺员、质量管理员,企业职位,河北天成药业股份有限公司,1000-2000人,,郑州,沧州,大专,1-3年,6-9k,,,,https://www.liepin.com/job/1961984135.shtml,20260603142133,,,,
155558,猎聘,能源/化工/环保,化学,原料药生产总监,企业职位,某国内大型制药公司,1000-2000人,,郑州,沧州,大专,5-10年,20-30k,,,,https://www.liepin.com/a/67932071.shtml,20260422161041,,,,
155559,猎聘,能源/化工/环保,化学,新材料实验研发工程师,企业职位,机科发展科技股份有限公司,100-499人,,郑州,唐山-路北区,硕士,2年以上,5-8k,,,,https://www.liepin.com/job/1976991945.shtml,20260416144140,,,,
155560,猎聘,能源/化工/环保,化学,中心化验室化验员（QC）,企业职位,河北天成药业股份有限公司,1000-2000人,,郑州,沧州,大专,1-3年,5-8k,,,,https://www.liepin.com/job/1932716015.shtml,20260603142139,,,,
155561,猎聘,能源/化工/环保,化学,FAE工程师 -河北,企业职位,无锡迅杰光远科技有限公司,100-499人,,郑州,石家庄-藁城区,统招本科,5-10年,10-15k·14薪,,,,https://www.liepin.com/job/1981309087.shtml,20260601170405,,,,
155562,猎聘,能源/化工/环保,化学,振动筛筛网和筛板工程师,企业职位,河北冠能石油机械制造有限公司,100-499人,,郑州,唐山-路北区,大专,2年以上,15-25k,,,,https://www.liepin.com/job/1973120719.shtml,20260603111529,,,,
155563,猎聘,能源/化工/环保,化学,应用工程师 -河北,企业职位,无锡迅杰光远科技有限公司,100-499人,,郑州,石家庄-藁城区,统招本科,5-10年,10-15k·14薪,,,,https://www.liepin.com/job/1974557815.shtml,20260601170412,,,,
155564,猎聘,能源/化工/环保,化学,制剂质量总监,企业职位,河北天成药业股份有限公司,1000-2000人,,郑州,沧州-新华区,本科,5-10年,20-30k,,,,https://www.liepin.com/job/1966861315.shtml,20260603142133,,,,
155565,猎聘,能源/化工/环保,化学,原料药研发部长,企业职位,河北镁神科技股份有限公司,100-499人,,郑州,邢台-信都区,统招本科,5年以上,10-30k,,,,https://www.liepin.com/job/1976367359.shtml,20260609115931,,,,
155566,猎聘,能源/化工/环保,化学,多孔碳研发工程师,企业职位,石家庄尚太科技股份有限公司,500-999人,,郑州,石家庄-无极县,硕士,2年以上,15-20k,,,,https://www.liepin.com/job/1975533159.shtml,20250703143657,,,,
155567,猎聘,能源/化工/环保,化学,湿电子化学品技术人员,企业职位,河北合佳医药科技集团股份有限公司,500-999人,,郑州,石家庄-藁城区,本科,3-5年,10-20k,,,,https://www.liepin.com/job/1979151429.shtml,20260115144503,,,,
155568,猎聘,能源/化工/环保,化学,资深/专家专利工程师,企业职位,某北京咨询服务公司,100-499人,,郑州,石家庄,本科,8年以上,25-26k,,,,https://www.liepin.com/a/75565673.shtml,20260512130239,,,,
155569,猎聘,能源/化工/环保,化学,原料药车间主任,企业职位,河北天成药业股份有限公司,1000-2000人,,郑州,沧州,本科,3-5年,11-15k·13薪,,,,https://www.liepin.com/job/1929262471.shtml,20260603142139,,,,
155570,猎聘,能源/化工/环保,化学,生产基地总经理,企业职位,某国内制药上市公司,2000-5000人,,郑州,邯郸,学历不限,5-10年,25-35k,,,,https://www.liepin.com/a/75934943.shtml,20260609092208,,,,
155571,猎聘,能源/化工/环保,化学,TOB大客户销售经理,企业职位,河北镁神科技股份有限公司,100-499人,,郑州,邢台-襄都区,大专,2年以上,7-8k,,,,https://www.liepin.com/job/1982587955.shtml,20260609115931,,,,
155572,猎聘,能源/化工/环保,化学,肥料研发,企业职位,石家庄农信集团,100-499人,,郑州,石家庄-藁城区,本科,3-5年,10-12k,,,,https://www.liepin.com/job/1981389221.shtml,20260331152235,,,,
155573,猎聘,能源/化工/环保,化学,甲烷氯化物车间技术工程师,企业职位,唐山裕隆新材料科技有限公司,100-499人,,郑州,唐山-曹妃甸区,本科,10年以上,15-25k,,,,https://www.liepin.com/job/1972411835.shtml,20250829101922,,,,
155574,猎聘,能源/化工/环保,化学,品控主管,企业职位,某北京大型电子商务公司,500-999人,,郑州,廊坊,本科,5-10年,13-19k,,,,https://www.liepin.com/a/76126813.shtml,20260527165815,,,,
155575,猎聘,能源/化工/环保,化学,液晶技术专家,企业职位,品首企业管理,1-49人,,郑州,石家庄-裕华区,硕士,10年以上,50-80k·16薪,,,,https://www.liepin.com/job/1978469315.shtml,20260604223654,,,,
155576,猎聘,能源/化工/环保,化学,规划师,企业职位,旭阳集团,10000人以上,,郑州,沧州,博士,经验不限,20-27k,,,,https://www.liepin.com/job/1974937121.shtml,20250612092618,,,,
155577,猎聘,能源/化工/环保,化学,技术支持工程师,企业职位,昆仑材料,500-999人,,郑州,廊坊-香河县,本科,5-10年,薪资面议,,,,https://www.liepin.com/job/1967521171.shtml,20260602163006,,,,
155578,猎聘,能源/化工/环保,化学,合成生物工艺专家,企业职位,天俱时集团,500-999人,,郑州,石家庄,本科,8年以上,25-50k,,,,https://www.liepin.com/job/1973461173.shtml,20260528232053,,,,
155579,猎聘,能源/化工/环保,化学,医学代表-肿瘤产品-保定,企业职位,阿斯利康,10000人以上,,郑州,保定-莲池区,统招本科,1-3年,7-11k·13薪,,,,https://www.liepin.com/job/1982502113.shtml,20260609095225,,,,
155580,猎聘,能源/化工/环保,化学,制剂生产总监,企业职位,河北天成药业股份有限公司,1000-2000人,,郑州,沧州-新华区,本科,10年以上,16-30k,,,,https://www.liepin.com/job/1966859665.shtml,20260603142121,,,,
155581,猎聘,能源/化工/环保,化学,机械维修/保养,企业职位,阿克苏诺贝尔,5000-10000人,,郑州,廊坊-广阳区,本科,3-5年,7-9k·13薪,,,,https://www.liepin.com/job/1980556817.shtml,20260527161922,,,,
155582,猎聘,能源/化工/环保,化学,销售内勤,企业职位,河北天成药业股份有限公司,1000-2000人,,郑州,沧州,统招本科,1-3年,4-6k,,,,https://www.liepin.com/job/1937215885.shtml,20260603142114,,,,
155583,猎聘,能源/化工/环保,化学,生产基地副/总经理（河北邯郸）,企业职位,某国内制药上市公司,2000-5000人,,郑州,邯郸,统招本科,5-10年,20-29k,,,,https://www.liepin.com/a/75767185.shtml,20260609084331,,,,
155584,猎聘,能源/化工/环保,化学,质量负责人,企业职位,某国内大型制药公司,500-999人,,郑州,石家庄-裕华区,学历不限,10年以上,30-45k,,,,https://www.liepin.com/a/73594069.shtml,20260319135740,,,,
155585,猎聘,能源/化工/环保,化学,光学胶研发工程师,企业职位,某北京智能硬件/消费电子公司,1-49人,,郑州,廊坊,硕士,5年以上,30-55k·13薪,,,,https://www.liepin.com/a/71659083.shtml,20260422155611,,,,
155586,猎聘,能源/化工/环保,化学,EHS 主管,企业职位,阿尔西制冷工程技术(北京)有限公司,500-999人,,郑州,廊坊-固安县,统招本科,10年以上,20-30k,,,,https://www.liepin.com/job/1979020833.shtml,20260519144605,,,,
155587,猎聘,能源/化工/环保,化学,Z-研发工程师,企业职位,某国内大型化工公司,5000-10000人,,郑州,保定,硕士,1-3年,18-30k,,,,https://www.liepin.com/a/75529815.shtml,20260511163325,,,,
155588,猎聘,能源/化工/环保,化学,OLED合成工程师,企业职位,诚志永华,500-999人,,郑州,石家庄,硕士,3-5年,10-15k,,,,https://www.liepin.com/job/1940885775.shtml,20241128134203,,,,
155589,猎聘,能源/化工/环保,化学,研发工程师,企业职位,昆仑材料,500-999人,,郑州,廊坊-香河县,硕士,5-10年,薪资面议,,,,https://www.liepin.com/job/1967521507.shtml,20260602163006,,,,
155590,猎聘,能源/化工/环保,化学,QA经理/质量经理,企业职位,某制药公司,50-99人,,郑州,石家庄,本科,5-10年,20-30k,,,,https://www.liepin.com/a/75881959.shtml,20260608105220,,,,
155591,猎聘,能源/化工/环保,化学,高级分析研究员,企业职位,某上海专业技术服务公司,100-499人,,郑州,石家庄,硕士,5年以上,30-50k,,,,https://www.liepin.com/a/75709893.shtml,20260516153730,,,,
155592,猎聘,能源/化工/环保,化学,药物研发—分析、制剂、合成研究员,企业职位,河北智恒医药科技股份有限公司,100-499人,,郑州,石家庄,大专,1年以下,4-8k,,,,https://www.liepin.com/job/1932503667.shtml,20221227092844,,,,
155593,猎聘,能源/化工/环保,化学,区域销售经理（河北）,企业职位,携光生物,100-499人,,郑州,唐山-曹妃甸区,大专,1年以上,7-12k,,,,https://www.liepin.com/job/1981971507.shtml,20260601112356,,,,
155594,猎聘,能源/化工/环保,化学,供应部科员,企业职位,河北天成药业股份有限公司,1000-2000人,,郑州,沧州,统招本科,1-3年,5-8k,,,,https://www.liepin.com/job/1958006729.shtml,20260603142139,,,,
155595,猎聘,能源/化工/环保,化学,生产部部长,企业职位,河北天成药业股份有限公司,1000-2000人,,郑州,沧州,本科,5-10年,8-15k,,,,https://www.liepin.com/job/1961984115.shtml,20260603142114,,,,
155596,猎聘,能源/化工/环保,化学,高级有机合成研发员（工作地点：河北衡水）,企业职位,天津利安隆新材料股份有限公司,2000-5000人,,郑州,衡水-武邑县,硕士,经验不限,8-12k·13薪,,,,https://www.liepin.com/job/1976234289.shtml,20250804142938,,,,
155597,猎聘,能源/化工/环保,化学,生产总监,企业职位,以岭药业,10000人以上,,郑州,石家庄-裕华区,统招本科,10年以上,薪资面议,,,,https://www.liepin.com/job/1982305341.shtml,20260507114734,,,,
155598,猎聘,能源/化工/环保,化学,食品安全总监,企业职位,今麦郎,10000人以上,,郑州,邢台-隆尧县,本科,5年以上,50-65k,,,,https://www.liepin.com/job/1974901945.shtml,20260519171355,,,,
155599,猎聘,能源/化工/环保,化学,渤海分公司生产车间工艺员、质量管理员,企业职位,河北天成药业股份有限公司,1000-2000人,,郑州,沧州,大专,1-3年,6-9k·13薪,,,,https://www.liepin.com/job/1961984229.shtml,20260603142133,,,,
155600,猎聘,能源/化工/环保,化学,高级有机合成研发员（工作地点：衡水）,企业职位,天津利安隆新材料股份有限公司,2000-5000人,,郑州,衡水-武邑县,硕士,5-10年,8-12k·13薪,,,,https://www.liepin.com/job/1976234405.shtml,20250804143138,,,,
155601,猎聘,能源/化工/环保,化学,质量管理部部长,企业职位,河北天成药业股份有限公司,1000-2000人,,郑州,沧州,统招本科,3-5年,8-10k,,,,https://www.liepin.com/job/1961825307.shtml,20260603142139,,,,
155602,猎聘,能源/化工/环保,化学,制剂出口销售经理,企业职位,河北天成药业股份有限公司,1000-2000人,,郑州,沧州,统招本科,2年以上,16-30k,,,,https://www.liepin.com/job/1974261009.shtml,20260603142121,,,,
155603,猎聘,能源/化工/环保,化学,国内注册主管4544,企业职位,以岭药业,10000人以上,,郑州,石家庄-裕华区,本科,3-5年,10-15k,,,,https://www.liepin.com/job/1951596435.shtml,20220803090227,,,,
155604,猎聘,能源/化工/环保,化学,国际注册主管/副经理（欧美）,企业职位,以岭药业,10000人以上,,郑州,石家庄-裕华区,本科,3-5年,10-15k,,,,https://www.liepin.com/job/1951596277.shtml,20220803085811,,,,
155605,猎聘,能源/化工/环保,化学,测试技术工程师（动力电池）,企业职位,蜂巢能源科技股份有限公司保定分公司,1000-2000人,,郑州,保定,本科,经验不限,4-9k,,,,https://www.liepin.com/job/1935095657.shtml,20210114142729,,,,
155606,猎聘,能源/化工/环保,化学,检测工程师,企业职位,昆仑材料,500-999人,,郑州,廊坊-香河县,本科,1年以上,7-15k,,,,https://www.liepin.com/job/1978869901.shtml,20251202172634,,,,
155607,猎聘,能源/化工/环保,化学,实验室化验员（外派印尼）,企业职位,寒锐钴业,1000-2000人,,郑州,石家庄-桥西区,大专,2年以上,16-19k·13薪,,,,https://www.liepin.com/job/1973271461.shtml,20250320113327,,,,
155608,猎聘,能源/化工/环保,化学,分析研究员,企业职位,河北桑迪亚,100-499人,,郑州,石家庄-裕华区,本科,3-5年,5-10k,,,,https://www.liepin.com/job/1946249225.shtml,20220929113927,,,,
155609,猎聘,能源/化工/环保,化学,安全管理员,企业职位,北京百灵威科技有限公司,100-499人,,郑州,廊坊-大厂县,大专,1-3年,3-5k,,,,https://www.liepin.com/job/1940102073.shtml,20220415115639,,,,
155610,猎聘,能源/化工/环保,化学,有机合成实验室助理,企业职位,北京颖诺凯胜科技有限公司,1-49人,,郑州,石家庄-裕华区,本科,1年以下,4-5k,,,,https://www.liepin.com/job/1935854527.shtml,20210218100402,,,,
155611,猎聘,能源/化工/环保,化学,高级硅碳研发工程师,企业职位,坤天新能源,1000-2000人,,郑州,石家庄-元氏县,硕士,5-10年,25-30k,,,,https://www.liepin.com/job/1977147355.shtml,20260413163857,,,,
155612,猎聘,能源/化工/环保,化学,烧碱车间技术工程师,企业职位,唐山裕隆新材料科技有限公司,100-499人,,郑州,唐山-曹妃甸区,本科,5年以上,8-12k,,,,https://www.liepin.com/job/1972412067.shtml,20250214172539,,,,
155613,猎聘,能源/化工/环保,化学,安环经理（科恒公司）,企业职位,华普石家庄医药有限公司,100-499人,,郑州,石家庄-栾城区,大专,5年以上,10-15k,,,,https://www.liepin.com/job/1982195215.shtml,20260429153502,,,,
155614,猎聘,能源/化工/环保,化学,销售代表,企业职位,中航试金石检测科技(大厂)有限公司,1000-2000人,,郑州,廊坊-大厂县,本科,5-10年,6-12k,,,,https://www.liepin.com/job/1983053197.shtml,20260602091929,,,,
155615,猎聘,能源/化工/环保,化学,OLED器件专家,企业职位,品首企业管理,1-49人,,郑州,石家庄-裕华区,硕士,6年以上,35-45k·16薪,,,,https://www.liepin.com/job/1970390111.shtml,20260604223624,,,,
155616,猎聘,能源/化工/环保,化学,现场品控专员,企业职位,明康汇(浙江)智慧牧业有限公司,100-499人,,郑州,邢台-威县,大专,1年以上,4-5k·13薪,,,,https://www.liepin.com/job/1982490713.shtml,20260601141035,,,,
155617,猎聘,能源/化工/环保,化学,液相色谱仪器研发总监,企业职位,江苏汉邦科技股份有限公司,500-999人,,郑州,石家庄,硕士,5-10年,15-25k,,,,https://www.liepin.com/job/1974095829.shtml,20260213144556,,,,
155618,猎聘,能源/化工/环保,化学,外贸销售员,企业职位,河北天成药业股份有限公司,1000-2000人,,郑州,沧州,本科,1-3年,6-10k,,,,https://www.liepin.com/job/1961984107.shtml,20260603142139,,,,
155619,猎聘,能源/化工/环保,化学,涂层研发岗,企业职位,河北金力新能源科技有限公司,2000-5000人,,郑州,邯郸-永年区,硕士,经验不限,薪资面议,,,,https://www.liepin.com/job/1979788871.shtml,20260115145459,,,,
155620,猎聘,能源/化工/环保,化学,天成药业研发人员,企业职位,河北天成药业股份有限公司,1000-2000人,,郑州,沧州,本科,1-3年,5-8k,,,,https://www.liepin.com/job/1961984181.shtml,20260603142133,,,,
155621,猎聘,能源/化工/环保,化学,大客户经理（基本工资+提成）,企业职位,河北镁神科技股份有限公司,100-499人,,郑州,邢台-襄都区,本科,5年以上,8-10k,,,,https://www.liepin.com/job/1974270383.shtml,20260512182421,,,,
