序号,招聘平台,岗位类型一级,岗位类型二级,岗位名称,岗位类型企业/公务员/事业单位/军队文职,公司名称,公司规模,所在省份,城市,详细地址,学历要求,经验要求,薪资范围,福利标签,工作内容,任职要求,岗位链接,发布时间,投递起始时间,投递截止时间,证书要求,备注（技能要求）
153667,猎聘,能源/化工/环保,化学,材料工程师（制氢设备）,猎头职位,某知名公司,100-499人,,杭州,南京,本科,3-5年,15-25k,,,,https://www.liepin.com/a/74362807.shtml,20260608080340,,,,
153668,猎聘,能源/化工/环保,化学,核苷酸研究员,猎头职位,某苏州知名制药公司,100-499人,,杭州,苏州,本科,1-3年,15-20k,,,,https://www.liepin.com/a/74637879.shtml,20260609161914,,,,
153669,猎聘,能源/化工/环保,化学,分析测试工程师,猎头职位,某北京金属制品上市公司,1000-2000人,,杭州,南通,统招本科,3-5年,15-30k,,,,https://www.liepin.com/a/76036583.shtml,20260609163722,,,,
153670,猎聘,能源/化工/环保,化学,理化实验室测试工程师,猎头职位,世界知名500强集团新能源事业部,5000-10000人,,杭州,南京-江宁区,统招本科,1-3年,15-25k·16薪,,,,https://www.liepin.com/a/73970523.shtml,20260609111951,,,,
153671,猎聘,能源/化工/环保,化学,连续流合成研究员,猎头职位,某南京制药上市公司,1000-2000人,,杭州,南京-浦口区,统招本科,3-5年,12-18k·14薪,,,,https://www.liepin.com/a/73499185.shtml,20260608164736,,,,
153672,猎聘,能源/化工/环保,化学,有机合成研究员（中间体 CDMO）,猎头职位,某上海制药上市公司,100-499人,,杭州,南通,硕士,3-5年,15-18k·13薪,,,,https://www.liepin.com/a/76141265.shtml,20260604091710,,,,
153673,猎聘,能源/化工/环保,化学,车间主任,猎头职位,某国内制药公司,50-99人,,杭州,泰州-泰兴,学历不限,3-5年,15-30k,,,,https://www.liepin.com/a/75573227.shtml,20260512144314,,,,
153674,猎聘,能源/化工/环保,化学,药化研究员,猎头职位,某苏州知名公司,100-499人,,杭州,苏州,本科,3年以上,14-20k,,,,https://www.liepin.com/a/75632947.shtml,20260513170538,,,,
153675,猎聘,能源/化工/环保,化学,合成研究员,猎头职位,某知名公司,100-499人,,杭州,苏州,硕士,3-5年,13-21k·14薪,,,,https://www.liepin.com/a/74740661.shtml,20260513171538,,,,
153676,猎聘,能源/化工/环保,化学,分析工程师（上市公司）,猎头职位,某苏州大型新能源公司,5000-10000人,,杭州,苏州-张家港,硕士,1-3年,12-18k·14薪,,,,https://www.liepin.com/a/76312209.shtml,20260609104002,,,,
153677,猎聘,能源/化工/环保,化学,理化实验室测试工程师,猎头职位,某南京大型新能源公司,1000-2000人,,杭州,南京-江宁区,本科,2年以上,15-25k·16薪,,,,https://www.liepin.com/a/73930565.shtml,20260609131058,,,,
153678,猎聘,能源/化工/环保,化学,材料工程师,猎头职位,某大型新能源公司,5000-10000人,,杭州,南京-栖霞区,本科,3年以上,20-30k,,,,https://www.liepin.com/a/75690711.shtml,20260514183754,,,,
153679,猎聘,能源/化工/环保,化学,合成工艺研究员,猎头职位,某苏州知名公司,100-499人,,杭州,苏州,本科,3年以上,14-15k,,,,https://www.liepin.com/a/75633265.shtml,20260513162604,,,,
153680,猎聘,能源/化工/环保,化学,保护膜涂布工艺工程师（光学膜、胶带、保护膜、硬化膜）,猎头职位,某大型世界500强化工公司,5000-10000人,,杭州,苏州,大专,5-10年,22-30k·15薪,,,,https://www.liepin.com/a/75305253.shtml,20260609084138,,,,
153681,猎聘,能源/化工/环保,化学,电池辅材开发工程师,猎头职位,某南京大型新能源公司,5000-10000人,,杭州,南京,统招本科,1-3年,20-30k·16薪,,,,https://www.liepin.com/a/73644309.shtml,20260609084836,,,,
153682,猎聘,能源/化工/环保,化学,质量研究员,猎头职位,某国内制药上市公司,5000-10000人,,杭州,常州-新北区,本科,1-3年,10-15k,,,,https://www.liepin.com/a/75575361.shtml,20260512150332,,,,
153683,猎聘,能源/化工/环保,化学,供应商质量管理,猎头职位,某国内大型新能源公司,5000-10000人,,杭州,常州-金坛区,学历不限,3-5年,25-35k·17薪,,,,https://www.liepin.com/a/75942503.shtml,20260609135539,,,,
153684,猎聘,能源/化工/环保,化学,固态电池研发专家,猎头职位,某国内大型新能源公司,5000-10000人,,杭州,无锡,本科,5-10年,50-80k·20薪,,,,https://www.liepin.com/a/75924925.shtml,20260601161337,,,,
153685,猎聘,能源/化工/环保,化学,电芯研发总监,猎头职位,某国内新能源上市公司,10000人以上,,杭州,常州-金坛区,硕士,10年以上,40-60k·15薪,,,,https://www.liepin.com/a/76105173.shtml,20260609114203,,,,
153686,猎聘,能源/化工/环保,化学,研发工程师（聚氨酯弹性体、聚氨酯预聚体）,猎头职位,某国内橡胶/塑料制品公司,50-99人,,杭州,泰州,学历不限,经验不限,15-25k,,,,https://www.liepin.com/a/76256493.shtml,20260601134558,,,,
153687,猎聘,能源/化工/环保,化学,EHS Manager,猎头职位,某苏州知名公司,100-499人,,杭州,苏州,统招本科,10年以上,20-30k·15薪,,,,https://www.liepin.com/a/74638957.shtml,20260603173314,,,,
153688,猎聘,能源/化工/环保,化学,合成工艺研究员,猎头职位,某苏州学术/科研公司,100-499人,,杭州,苏州,硕士,3-10年,14-20k,,,,https://www.liepin.com/a/75632793.shtml,20260514081910,,,,
153689,猎聘,能源/化工/环保,化学,合成工艺研究员,猎头职位,某知名公司,100-499人,,杭州,苏州,学历不限,经验不限,20-23k·13薪,,,,https://www.liepin.com/a/74928629.shtml,20260520103327,,,,
153690,猎聘,能源/化工/环保,化学,研发工程师（聚氨酯，弹性体、预聚体，高铁、脚轮）,猎头职位,某国内电子/半导体/集成电路公司,50-99人,,杭州,泰州,大专,经验不限,15-30k,,,,https://www.liepin.com/a/76288123.shtml,20260609095642,,,,
153691,猎聘,能源/化工/环保,化学,药化合成高级研究员,猎头职位,某国内大型制药公司,1000-2000人,,杭州,苏州,博士,5年以下,25-30k·13薪,,,,https://www.liepin.com/a/75787867.shtml,20260604170930,,,,
153692,猎聘,能源/化工/环保,化学,有机合成研究员,猎头职位,某上海大型制药公司,500-999人,,杭州,无锡,本科,2年以上,15-30k,,,,https://www.liepin.com/a/74965709.shtml,20260609091810,,,,
153693,猎聘,能源/化工/环保,化学,测试工程师,猎头职位,某国内新能源公司,50-99人,,杭州,常州,本科,3-5年,8-13k·14薪,,,,https://www.liepin.com/a/76076599.shtml,20260605182622,,,,
153694,猎聘,能源/化工/环保,化学,质量分析研究员（大分子 ADC）,猎头职位,某苏州大型制药公司,500-999人,,杭州,苏州,硕士,3-5年,17-25k·14薪,,,,https://www.liepin.com/a/75828405.shtml,20260520133617,,,,
153695,猎聘,能源/化工/环保,化学,药物分析研究员,猎头职位,某苏州知名公司,100-499人,,杭州,苏州,本科,3-5年,14-20k,,,,https://www.liepin.com/a/75653819.shtml,20260514094953,,,,
153696,猎聘,能源/化工/环保,化学,环安经理（制造业）,猎头职位,某苏州大型电子/半导体/集成电路公司,5000-10000人,,杭州,苏州,本科,10年以上,18-26k·14薪,,,,https://www.liepin.com/a/75113213.shtml,20260427180059,,,,
153697,猎聘,能源/化工/环保,化学,材料研发岗（固态）,猎头职位,某国内大型新能源公司,5000-10000人,,杭州,常州,博士,5-10年,40-60k·20薪,,,,https://www.liepin.com/a/73912539.shtml,20260602151626,,,,
153698,猎聘,能源/化工/环保,化学,合成工艺研究员-高级研究员,猎头职位,某苏州知名公司,100-499人,,杭州,苏州-工业园区,本科,3-5年,15-25k,,,,https://www.liepin.com/a/74836499.shtml,20260420152430,,,,
153699,猎聘,能源/化工/环保,化学,Biology-SM/AD,猎头职位,某苏州制药公司,1-49人,,杭州,苏州-工业园区,硕士,5-10年,30-50k·14薪,,,,https://www.liepin.com/a/75841839.shtml,20260609093527,,,,
153700,猎聘,能源/化工/环保,化学,合成研究员,猎头职位,某南京制药上市公司,1000-2000人,,杭州,南京,本科,5-10年,15-30k·14薪,,,,https://www.liepin.com/a/75455213.shtml,20260522173457,,,,
153701,猎聘,能源/化工/环保,化学,电镀工艺工程师,猎头职位,某知名公司,1-49人,,杭州,苏州-昆山,学历不限,经验不限,20-30k·13薪,,,,https://www.liepin.com/a/75927259.shtml,20260525100542,,,,
153702,猎聘,能源/化工/环保,化学,电镀工艺工程师,猎头职位,某知名公司,,,杭州,苏州-昆山,学历不限,经验不限,20-30k·13薪,,,,https://www.liepin.com/a/75909147.shtml,20260609105447,,,,
153703,猎聘,能源/化工/环保,化学,LNP 递送科学家/总监,猎头职位,某南京制药公司,100-499人,,杭州,南京-栖霞区,博士,1-3年,25-35k·14薪,,,,https://www.liepin.com/a/76275025.shtml,20260601171000,,,,
153704,猎聘,能源/化工/环保,化学,知识产权经理,猎头职位,某南京医疗器械上市公司,5000-10000人,,杭州,南京-玄武区,统招本科,5年以上,25-40k·14薪,,,,https://www.liepin.com/a/76113395.shtml,20260527142354,,,,
153705,猎聘,能源/化工/环保,化学,合成工艺研究员/高级研究员/科学家,猎头职位,某国内大型制药公司,10000人以上,,杭州,苏州,学历不限,3-5年,16-30k,,,,https://www.liepin.com/a/75453405.shtml,20260509113126,,,,
153706,猎聘,能源/化工/环保,化学,电池失效分析工程师,猎头职位,某南京大型新能源公司,1000-2000人,,杭州,南京-江宁区,硕士,3-5年,20-40k·14薪,,,,https://www.liepin.com/a/76359605.shtml,20260609203854,,,,
153707,猎聘,能源/化工/环保,化学,研发主管,猎头职位,某苏州制药公司,100-499人,,杭州,苏州,硕士,5-10年,20-35k·14薪,,,,https://www.liepin.com/a/76277245.shtml,20260608093542,,,,
153708,猎聘,能源/化工/环保,化学,电芯研发主任工程师,猎头职位,某苏州新能源上市公司,5000-10000人,,杭州,苏州,硕士,5-10年,35-60k·18薪,,,,https://www.liepin.com/a/75612341.shtml,20260603173819,,,,
153709,猎聘,能源/化工/环保,化学,非天然氨基酸研究员,猎头职位,某郑州其他生活服务公司,50-99人,,杭州,苏州,统招本科,3-5年,15-25k,,,,https://www.liepin.com/a/74358435.shtml,20260604092813,,,,
153710,猎聘,能源/化工/环保,化学,电芯研发总监,猎头职位,某苏州新能源公司,100-499人,,杭州,苏州,统招本科,5-10年,50-60k·14薪,,,,https://www.liepin.com/a/76119591.shtml,20260603091438,,,,
153711,猎聘,能源/化工/环保,化学,工艺/制程工程师(PE),猎头职位,某知名公司,,,杭州,苏州-昆山,学历不限,3-5年,13-20k·13薪,,,,https://www.liepin.com/a/75919261.shtml,20260605105324,,,,
153712,猎聘,能源/化工/环保,化学,磷酸铁锂材料研发工程师（正极材料）,猎头职位,世界知名500强集团新能源事业部,5000-10000人,,杭州,南京-栖霞区,硕士,1-3年,20-40k·16薪,,,,https://www.liepin.com/a/71193481.shtml,20260609111952,,,,
153713,猎聘,能源/化工/环保,化学,电镀工艺工程师,猎头职位,某知名公司,1-49人,,杭州,苏州,学历不限,经验不限,20-25k·13薪,,,,https://www.liepin.com/a/75259573.shtml,20260525093356,,,,
153714,猎聘,能源/化工/环保,化学,铁锂/钠电电芯研发,猎头职位,某南京大型新能源公司,5000-10000人,,杭州,南京,硕士,1-3年,30-40k·16薪,,,,https://www.liepin.com/a/73848789.shtml,20260608093315,,,,
153715,猎聘,能源/化工/环保,化学,常州国际学校教师,猎头职位,某知名公司,100-499人,,杭州,常州,硕士,经验不限,15-25k·13薪,,,,https://www.liepin.com/a/74591773.shtml,20260519122138,,,,
153716,猎聘,能源/化工/环保,化学,结晶工程师,猎头职位,某苏州制药公司,100-499人,,杭州,苏州,硕士,3-5年,17-22k,,,,https://www.liepin.com/a/75530493.shtml,20260609094351,,,,
153717,猎聘,能源/化工/环保,化学,材料工程师,猎头职位,某大型新能源公司,5000-10000人,,杭州,南京,硕士,3-5年,20-40k·13薪,,,,https://www.liepin.com/a/75259535.shtml,20260506085745,,,,
153718,猎聘,能源/化工/环保,化学,（高级）制造工程师 (表面处理),猎头职位,某苏州批发/零售公司,100-499人,,杭州,苏州,本科,经验不限,20-25k·13薪,,,,https://www.liepin.com/a/74454139.shtml,20260601133928,,,,
153719,猎聘,能源/化工/环保,化学,合成工程师,猎头职位,某苏州大型制药公司,500-999人,,杭州,苏州,本科,3-5年,18-24k,,,,https://www.liepin.com/a/75389511.shtml,20260609161914,,,,
153720,猎聘,能源/化工/环保,化学,质量检测员/测试员,猎头职位,某日化公司,100-499人,,杭州,常州,大专,经验不限,7-9k·14薪,,,,https://www.liepin.com/a/75938483.shtml,20260522145127,,,,
153721,猎聘,能源/化工/环保,化学,合成工程师,猎头职位,某苏州大型制药公司,500-999人,,杭州,苏州,统招本科,6-10年,14-22k,,,,https://www.liepin.com/a/75382973.shtml,20260608152319,,,,
153722,猎聘,能源/化工/环保,化学,工艺技术负责人,猎头职位,某国内化工公司,,,杭州,连云港,学历不限,经验不限,20-25k·13薪,,,,https://www.liepin.com/a/76027193.shtml,20260528092652,,,,
153723,猎聘,能源/化工/环保,化学,药物分析与稳定性研究专员,猎头职位,某苏州大型制药公司,1000-2000人,,杭州,苏州-吴中区,统招本科,3-5年,12-15k·13薪,,,,https://www.liepin.com/a/74712529.shtml,20260416111606,,,,
153724,猎聘,能源/化工/环保,化学,高级分析研究员,猎头职位,某南京知名公司,1000-2000人,,杭州,南京,统招本科,5-10年,18-25k,,,,https://www.liepin.com/a/75132307.shtml,20260428105131,,,,
153725,猎聘,能源/化工/环保,化学,工艺技术负责人,猎头职位,某国内化工公司,,,杭州,连云港,本科,5-10年,15-30k,,,,https://www.liepin.com/a/76125401.shtml,20260608093542,,,,
153726,猎聘,能源/化工/环保,化学, ADC偶联高级研究员,猎头职位,某知名公司,100-499人,,杭州,南京,硕士,5-10年,25-35k·14薪,,,,https://www.liepin.com/a/74141849.shtml,20260519100813,,,,
153727,猎聘,能源/化工/环保,化学,水处理药剂研发专员,猎头职位,某国内大型环保公司,500-999人,,杭州,无锡,硕士,3-5年,12-20k,,,,https://www.liepin.com/a/75503551.shtml,20260604142628,,,,
153728,猎聘,能源/化工/环保,化学,工艺专家，工艺博士,猎头职位,知名半导体公司,100-499人,,杭州,苏州,博士,经验不限,45-60k·13薪,,,,https://www.liepin.com/a/74412403.shtml,20260606224621,,,,
153729,猎聘,能源/化工/环保,化学,工艺和持续改善工程师,猎头职位,某知名公司,1-49人,,杭州,苏州,本科,5-10年,20-26k·15薪,,,,https://www.liepin.com/a/76188185.shtml,20260609094400,,,,
153730,猎聘,能源/化工/环保,化学,质量总监（密封条，英语要好）,猎头职位,某苏州大型橡胶/塑料制品公司,5000-10000人,,杭州,苏州,统招本科,5-10年,30-40k,,,,https://www.liepin.com/a/76093959.shtml,20260527100304,,,,
153731,猎聘,能源/化工/环保,化学,研发总监（薄膜沉积）,猎头职位,某国内化工公司,50-99人,,杭州,南京,硕士,10年以上,80-100k,,,,https://www.liepin.com/a/75109983.shtml,20260602174901,,,,
153732,猎聘,能源/化工/环保,化学,药化科学家/经理/总监,猎头职位,某苏州知名公司,100-499人,,杭州,苏州-工业园区,博士,5-10年,40-70k·14薪,,,,https://www.liepin.com/a/76163631.shtml,20260528143142,,,,
153733,猎聘,能源/化工/环保,化学,电子浆料研发工程师,猎头职位,外资化工企业,5000-10000人,,杭州,苏州,硕士,经验不限,20-35k·14薪,,,,https://www.liepin.com/a/76335225.shtml,20260607103653,,,,
153734,猎聘,能源/化工/环保,化学,技术经理,猎头职位,某知名化工公司,50-99人,,杭州,徐州,学历不限,10年以上,20-25k·13薪,,,,https://www.liepin.com/a/74873533.shtml,20260603193017,,,,
153735,猎聘,能源/化工/环保,化学,电解质材料开发,猎头职位,某国内矿产开采上市公司,1000-2000人,,杭州,苏州,博士,2年以上,30-60k·15薪,,,,https://www.liepin.com/a/75897267.shtml,20260604113239,,,,
153736,猎聘,能源/化工/环保,化学,苏州拓界-药化总监ADC-苏州,猎头职位,某苏州学术/科研公司,,,杭州,苏州-工业园区,博士,5-10年,80-100k,,,,https://www.liepin.com/a/76264413.shtml,20260601151205,,,,
153737,猎聘,能源/化工/环保,化学,知识产权工程师,猎头职位,某南京医疗器械上市公司,5000-10000人,,杭州,南京,统招本科,5-7年,30-40k,,,,https://www.liepin.com/a/76423377.shtml,20260604164251,,,,
153738,猎聘,能源/化工/环保,化学,安环总监,猎头职位,某上海制药公司,1-49人,,杭州,连云港,统招本科,10年以上,20-35k,,,,https://www.liepin.com/a/76158279.shtml,20260605094741,,,,
153739,猎聘,能源/化工/环保,化学,药化合成高级研究员,猎头职位,某知名制药上市公司,10000人以上,,杭州,苏州,博士,经验不限,30-40k·14薪,,,,https://www.liepin.com/a/75762493.shtml,20260609091227,,,,
153740,猎聘,能源/化工/环保,化学,连续流高级研究员,猎头职位,某大型知名制药公司,500-999人,,杭州,南京,本科,3-5年,15-30k,,,,https://www.liepin.com/a/73445027.shtml,20260609101048,,,,
153741,猎聘,能源/化工/环保,化学,原料药技术负责人,猎头职位,某上海制药公司,100-499人,,杭州,南通,硕士,5-10年,30-60k,,,,https://www.liepin.com/a/73918445.shtml,20260608093542,,,,
153742,猎聘,能源/化工/环保,化学,有机合成研究员,猎头职位,某国内大型制药公司,5000-10000人,,杭州,无锡,学历不限,8年以下,7-12k,,,,https://www.liepin.com/a/75565787.shtml,20260512130730,,,,
153743,猎聘,能源/化工/环保,化学,研发质量管理 - 医疗器械/IVD/无缘/有缘,猎头职位,某医疗器械公司,500-999人,,杭州,南京,统招本科,7年以上,20-35k·14薪,,,,https://www.liepin.com/a/76234489.shtml,20260531184845,,,,
153744,猎聘,能源/化工/环保,化学,小核酸设计科学家,猎头职位,某北京制药公司,100-499人,,杭州,苏州,博士,1年以上,40-70k,,,,https://www.liepin.com/a/74709887.shtml,20260608181939,,,,
153745,猎聘,能源/化工/环保,化学,小核酸高级研究员,猎头职位,某大型知名制药公司,500-999人,,杭州,南京,本科,5-10年,20-40k·14薪,,,,https://www.liepin.com/a/76113419.shtml,20260609101047,,,,
153746,猎聘,能源/化工/环保,化学,CADD,猎头职位,某制药公司,50-99人,,杭州,苏州,博士,经验不限,25-35k·14薪,,,,https://www.liepin.com/a/75701729.shtml,20260604090601,,,,
153747,猎聘,能源/化工/环保,化学,药化科学家,猎头职位,某苏州知名公司,100-499人,,杭州,苏州-工业园区,硕士,5-10年,23-35k·14薪,,,,https://www.liepin.com/a/75660243.shtml,20260514105247,,,,
153748,猎聘,能源/化工/环保,化学,硅负极材料资深工程师,猎头职位,某国内大型新能源公司,2000-5000人,,杭州,常州-新北区,本科,3-5年,22-35k·13薪,,,,https://www.liepin.com/a/75760577.shtml,20260608091026,,,,
153749,猎聘,能源/化工/环保,化学,药化总监,猎头职位,某苏州医疗机构公司,50-99人,,杭州,苏州,博士,5-10年,60-90k·14薪,,,,https://www.liepin.com/a/75704999.shtml,20260603185354,,,,
153750,猎聘,能源/化工/环保,化学,材料博士,猎头职位,某国内大型机械制造公司,500-999人,,杭州,无锡-锡山区,博士,经验不限,30-40k,,,,https://www.liepin.com/a/75571985.shtml,20260608100956,,,,
153751,猎聘,能源/化工/环保,化学,药化设计科学家（ADC方向）,猎头职位,某南京大型制药公司,2000-5000人,,杭州,南京,学历不限,5-10年,30-40k,,,,https://www.liepin.com/a/75129975.shtml,20260609092950,,,,
153752,猎聘,能源/化工/环保,化学,有机合成高级研究员,猎头职位,某上海大型制药公司,10000人以上,,杭州,常州,博士,1-3年,27-35k·14薪,,,,https://www.liepin.com/a/76359013.shtml,20260603134410,,,,
153753,猎聘,能源/化工/环保,化学,药化科学家/D/ED/VP,猎头职位,某知名公司,100-499人,,杭州,苏州,博士,3年以上,40-60k·14薪,,,,https://www.liepin.com/a/75965373.shtml,20260601092242,,,,
153754,猎聘,能源/化工/环保,化学,小核酸设计Leader,猎头职位,某苏州学术/科研公司,1-49人,,杭州,苏州,博士,3-5年,40-60k,,,,https://www.liepin.com/a/75639989.shtml,20260609165909,,,,
153755,猎聘,能源/化工/环保,化学,核酸药物研发技术负责人,猎头职位,某南京科技推广服务公司,50-99人,,杭州,南京,本科,10年以上,50-60k·15薪,,,,https://www.liepin.com/a/75535947.shtml,20260608141754,,,,
153756,猎聘,能源/化工/环保,化学,药物分析研究员,猎头职位,某苏州学术/科研公司,100-499人,,杭州,苏州,硕士,3-10年,14-18k,,,,https://www.liepin.com/a/75654895.shtml,20260514100021,,,,
153757,猎聘,能源/化工/环保,化学,研发研究员,猎头职位,某南京大型石化公司,500-999人,,杭州,南京,硕士,5-10年,20-30k·14薪,,,,https://www.liepin.com/a/74907995.shtml,20260604145938,,,,
153758,猎聘,能源/化工/环保,化学,研发工程师,猎头职位,某国内知名新能源公司,10000人以上,,杭州,常州-溧阳,硕士,1-3年,15-25k,,,,https://www.liepin.com/a/75648103.shtml,20260522104500,,,,
153759,猎聘,能源/化工/环保,化学,LFP体系电解液开发工程师,猎头职位,世界知名500强集团新能源事业部,5000-10000人,,杭州,南京-栖霞区,硕士,3-5年,20-40k·16薪,,,,https://www.liepin.com/a/73817323.shtml,20260609111952,,,,
153760,猎聘,能源/化工/环保,化学,连续流研发,猎头职位,某南京知名公司,1000-2000人,,杭州,南京,统招本科,3-5年,12-20k,,,,https://www.liepin.com/a/76354373.shtml,20260603113842,,,,
153761,猎聘,能源/化工/环保,化学,电池辅材研发工程师,猎头职位,世界知名500强集团新能源事业部,5000-10000人,,杭州,南京-栖霞区,硕士,3-5年,20-40k·16薪,,,,https://www.liepin.com/a/75174997.shtml,20260609111951,,,,
153762,猎聘,能源/化工/环保,化学,电解液研发,猎头职位,某南京大型新能源公司,5000-10000人,,杭州,南京,硕士,5-10年,30-60k·14薪,,,,https://www.liepin.com/a/76105533.shtml,20260608093315,,,,
153763,猎聘,能源/化工/环保,化学,Plant Manager运营经理/工厂长（挤出模压成型/工程塑料/英语商务）,猎头职位,某上海化工公司,100-499人,,杭州,苏州-常熟,统招本科,10年以上,40-60k,,,,https://www.liepin.com/a/74911927.shtml,20260609081054,,,,
153764,猎聘,能源/化工/环保,化学,InP 外延工艺专家,猎头职位,某苏州电子/半导体/集成电路公司,100-499人,,杭州,苏州,本科,10年以上,50-70k·13薪,,,,https://www.liepin.com/a/76131105.shtml,20260527175811,,,,
153765,猎聘,能源/化工/环保,化学,ECP工艺研发工程师,猎头职位,某苏州知名公司,100-499人,,杭州,苏州-昆山,学历不限,经验不限,25-30k·13薪,,,,https://www.liepin.com/a/75955537.shtml,20260525100542,,,,
153766,猎聘,能源/化工/环保,化学,药化科学家,猎头职位,某南京大型制药公司,2000-5000人,,杭州,南京,博士,5-10年,40-60k,,,,https://www.liepin.com/a/75516873.shtml,20260604111321,,,,
153767,猎聘,能源/化工/环保,化学,核酸药物研发技术负责人,猎头职位,某南京科技推广服务公司,50-99人,,杭州,南京,博士,5-10年,50-60k·15薪,,,,https://www.liepin.com/a/75537563.shtml,20260608153421,,,,
153768,猎聘,能源/化工/环保,化学,方形电芯产品开发（商用车方向）,猎头职位,某南京大型新能源公司,5000-10000人,,杭州,南京,硕士,3-5年,30-40k·16薪,,,,https://www.liepin.com/a/76170513.shtml,20260608093315,,,,
153769,猎聘,能源/化工/环保,化学,工艺研发工程师,猎头职位,某知名公司,,,杭州,苏州-相城区,博士,经验不限,25-30k·13薪,,,,https://www.liepin.com/a/75812121.shtml,20260609100504,,,,
153770,猎聘,能源/化工/环保,化学,助理供应链协调员,猎头职位,苏州业格企业管理咨询有限公司,1-49人,,杭州,苏州,统招本科,1-3年,6-10k·13薪,,,,https://www.liepin.com/a/74650423.shtml,20260527224327,,,,
153771,猎聘,能源/化工/环保,化学,研发总监（半导体材料）,猎头职位,某国内电子/半导体/集成电路公司,100-499人,,杭州,南京,统招本科,10年以上,55-85k,,,,https://www.liepin.com/a/75257973.shtml,20260601151609,,,,
153772,猎聘,能源/化工/环保,化学,有机合成高级研究员,猎头职位,某上海专业技术服务公司,100-499人,,杭州,苏州-工业园区,硕士,3年以上,25-30k,,,,https://www.liepin.com/a/75569711.shtml,20260512140929,,,,
153773,猎聘,能源/化工/环保,化学,药化总监,猎头职位,某南京咨询服务公司,50-99人,,杭州,苏州,硕士,5-10年,50-70k·15薪,,,,https://www.liepin.com/a/74539835.shtml,20260608173616,,,,
153774,猎聘,能源/化工/环保,化学,LNP递送系统开发（LNP配方）,猎头职位,某南京制药公司,100-499人,,杭州,南京,博士,经验不限,30-45k·13薪,,,,https://www.liepin.com/a/76031325.shtml,20260525173028,,,,
153775,猎聘,能源/化工/环保,化学,电镀工艺工程师,猎头职位,某苏州知名上市公司,100-499人,,杭州,苏州-昆山,统招本科,5年以上,13-20k·14薪,,,,https://www.liepin.com/a/75199171.shtml,20260527114237,,,,
153776,猎聘,能源/化工/环保,化学,药化总监,猎头职位,某南京制药公司,50-99人,,杭州,南京,硕士,10年以上,70-90k,,,,https://www.liepin.com/a/74081133.shtml,20260608131338,,,,
153777,猎聘,能源/化工/环保,化学,镀铜研发,猎头职位,某知名公司,1-49人,,杭州,苏州,硕士,3-5年,25-40k·13薪,,,,https://www.liepin.com/a/75956759.shtml,20260605105323,,,,
153778,猎聘,能源/化工/环保,化学,药化组长,猎头职位,某南京制药上市公司,1000-2000人,,杭州,南京,学历不限,经验不限,20-35k·13薪,,,,https://www.liepin.com/a/74180787.shtml,20260603111202,,,,
153779,猎聘,能源/化工/环保,化学,电池辅材研发工程师,猎头职位,某南京大型新能源公司,5000-10000人,,杭州,南京-栖霞区,硕士,2年以上,35-45k,,,,https://www.liepin.com/a/76104999.shtml,20260609085628,,,,
153780,猎聘,能源/化工/环保,化学, 分析部主任/经理(Analytical R&D),猎头职位,某原料药企业,10000人以上,,杭州,南京,硕士,3年以上,25-45k·15薪,,,,https://www.liepin.com/a/73858119.shtml,20260609114922,,,,
153781,猎聘,能源/化工/环保,化学,胶粘剂研发（电子胶、车身胶、内饰胶、电池胶、“南通/上海/北京/广州”）,猎头职位,某国内知名公司,100-499人,,杭州,南通,统招本科,经验不限,20-40k·14薪,,,,https://www.liepin.com/a/75595419.shtml,20260512200636,,,,
153782,猎聘,能源/化工/环保,化学,研发总监（环氧树脂胶粘剂）,猎头职位,某国内金属制品公司,100-499人,,杭州,镇江,博士,10年以上,50-80k·15薪,,,,https://www.liepin.com/a/75532241.shtml,20260608154337,,,,
153783,猎聘,能源/化工/环保,化学,合成工艺经理,猎头职位,某苏州大型制药公司,500-999人,,杭州,苏州,统招本科,5-10年,21-30k,,,,https://www.liepin.com/a/76204741.shtml,20260609094351,,,,
153784,猎聘,能源/化工/环保,化学,理化实验室主管,猎头职位,某大型知名机械/设备公司,2000-5000人,,杭州,苏州-张家港,本科,3-5年,11-20k,,,,https://www.liepin.com/a/73302325.shtml,20260604093513,,,,
153785,猎聘,能源/化工/环保,化学,电解液研发工程师,猎头职位,世界知名500强集团新能源事业部,5000-10000人,,杭州,南京-栖霞区,硕士,3-5年,20-40k·16薪,,,,https://www.liepin.com/a/73301035.shtml,20260609111952,,,,
153786,猎聘,能源/化工/环保,化学,LFP电芯主任,猎头职位,某南京大型新能源公司,5000-10000人,,杭州,南京,硕士,5-10年,40-50k·16薪,,,,https://www.liepin.com/a/75077965.shtml,20260608093315,,,,
153787,猎聘,能源/化工/环保,化学,高级研发科学家（生物传感器方向）,猎头职位,某知名公司,50-99人,,杭州,南京,博士,3年以上,60-80k,,,,https://www.liepin.com/a/76042787.shtml,20260526092718,,,,
153788,猎聘,能源/化工/环保,化学,钠电平台电芯研发工程师,猎头职位,世界知名500强集团新能源事业部,5000-10000人,,杭州,南京-栖霞区,硕士,5-10年,20-40k·16薪,,,,https://www.liepin.com/a/75174981.shtml,20260609111951,,,,
153789,猎聘,能源/化工/环保,化学,Operation Manager运营经理/工厂长（挤出模压成型/工程塑料/英语商务）,猎头职位,某上海化工公司,100-499人,,杭州,苏州-常熟,统招本科,10年以上,40-60k,,,,https://www.liepin.com/a/74911941.shtml,20260609081054,,,,
153790,猎聘,能源/化工/环保,化学,钠电电解液开发工程师,猎头职位,世界知名500强集团新能源事业部,5000-10000人,,杭州,南京-栖霞区,硕士,3-5年,20-40k·16薪,,,,https://www.liepin.com/a/73816429.shtml,20260609111952,,,,
153791,猎聘,能源/化工/环保,化学,流化工艺研究员 高薪+五险一金,猎头职位,某苏州大型医疗机构公司,5000-10000人,,杭州,苏州,本科,1-3年,8-10k·13薪,,,,https://www.liepin.com/a/75841023.shtml,20260528185546,,,,
153792,猎聘,能源/化工/环保,化学,Project Manager 项目经理（考虑销售/售前/售后/应用背景）,猎头职位,某苏州化工公司,,,杭州,苏州,本科,经验不限,13-22k·13薪,,,,https://www.liepin.com/a/74061253.shtml,20260609191130,,,,
153793,猎聘,能源/化工/环保,化学,硅负极材料资深工程师,猎头职位,某国内大型新能源公司,2000-5000人,,杭州,常州,博士,3年以上,40-70k·13薪,,,,https://www.liepin.com/a/75362861.shtml,20260507155419,,,,
153794,猎聘,能源/化工/环保,化学,药化设计高级研究员,猎头职位,某大型知名制药公司,500-999人,,杭州,南京,学历不限,3-5年,30-40k·16薪,,,,https://www.liepin.com/a/75425697.shtml,20260609101047,,,,
153795,猎聘,能源/化工/环保,化学,药化设计科学家（小分子化药方向）,猎头职位,某南京大型制药公司,2000-5000人,,杭州,南京,博士,5-10年,30-45k,,,,https://www.liepin.com/a/75679073.shtml,20260609182940,,,,
153796,猎聘,能源/化工/环保,化学,锂电工艺,猎头职位,某大型新能源公司,10000人以上,,杭州,南京,大专,经验不限,20-30k·14薪,,,,https://www.liepin.com/a/72732095.shtml,20260609104523,,,,
153797,猎聘,能源/化工/环保,化学,电芯设计工程师,猎头职位,某国内大型新能源公司,5000-10000人,,杭州,无锡,统招本科,5年以上,20-40k·17薪,,,,https://www.liepin.com/a/73283157.shtml,20260608104337,,,,
153798,猎聘,能源/化工/环保,化学,药化设计科学家,猎头职位,某南京大型制药公司,2000-5000人,,杭州,南京-玄武区,学历不限,5-7年,30-45k,,,,https://www.liepin.com/a/73816133.shtml,20260602093301,,,,
153799,猎聘,能源/化工/环保,化学,研究院副院长,猎头职位,某苏州大型电子/半导体/集成电路公司,5000-10000人,,杭州,苏州,博士,经验不限,35-55k·13薪,,,,https://www.liepin.com/a/73256189.shtml,20260608112655,,,,
153800,猎聘,能源/化工/环保,化学,材料研发经理,猎头职位,某国内橡胶/塑料制品公司,100-499人,,杭州,扬州,统招本科,6年以上,30-45k,,,,https://www.liepin.com/a/76302715.shtml,20260602113110,,,,
153801,猎聘,能源/化工/环保,化学,有机合成研究员,猎头职位,某上海大型制药公司,500-999人,,杭州,无锡,统招本科,2-8年,11-20k,,,,https://www.liepin.com/a/71119905.shtml,20260509011408,,,,
153802,猎聘,能源/化工/环保,化学,多肽连续流研究员,猎头职位,某大型知名制药公司,500-999人,,杭州,南京,学历不限,3-5年,15-30k,,,,https://www.liepin.com/a/73463159.shtml,20260609101048,,,,
153803,猎聘,能源/化工/环保,化学,药化设计科学家（小分子化药方向）,猎头职位,某南京大型制药公司,2000-5000人,,杭州,南京,学历不限,5-10年,30-45k·13薪,,,,https://www.liepin.com/a/75675571.shtml,20260609145621,,,,
153804,猎聘,能源/化工/环保,化学,QA Head（生物药，英语流利）,猎头职位,某生物药上市公司（肿瘤免疫方向）,2000-5000人,,杭州,苏州,硕士,10年以上,50-80k·15薪,,,,https://www.liepin.com/a/76377369.shtml,20260603171323,,,,
153805,猎聘,能源/化工/环保,化学,理化分析高级科学家,猎头职位,某知名公司,50-99人,,杭州,苏州,学历不限,6年以上,20-25k·15薪,,,,https://www.liepin.com/a/74111509.shtml,20260409131140,,,,
153806,猎聘,能源/化工/环保,化学,合成总监,猎头职位,某苏州大型制药公司,500-999人,,杭州,苏州,硕士,10年以上,35-50k,,,,https://www.liepin.com/a/76329353.shtml,20260602172906,,,,
153807,猎聘,能源/化工/环保,化学,海外销售,猎头职位,某南京大型医疗器械公司,5000-10000人,,杭州,南京,统招本科,3-5年,15-25k,,,,https://www.liepin.com/a/74757209.shtml,20260603115911,,,,
153808,猎聘,能源/化工/环保,化学,静设备可靠性工程师,猎头职位,某知名公司,100-499人,,杭州,南京-六合区,本科,经验不限,15-22k·15薪,,,,https://www.liepin.com/a/76195903.shtml,20260603113153,,,,
153809,猎聘,能源/化工/环保,化学,药化合成总监,猎头职位,某苏州制药公司,1-49人,,杭州,苏州,博士,10年以上,60-80k,,,,https://www.liepin.com/a/76209231.shtml,20260529152107,,,,
153810,猎聘,能源/化工/环保,化学,过程安全管理经理,猎头职位,新药研发行业上市企业,2000-5000人,,杭州,常州,统招本科,经验不限,30-40k·15薪,,,,https://www.liepin.com/a/73613775.shtml,20260609085417,,,,
153811,猎聘,能源/化工/环保,化学,非天然氨基酸研究员,猎头职位,某苏州制药公司,100-499人,,杭州,苏州-常熟,本科,经验不限,11-17k,,,,https://www.liepin.com/a/74808505.shtml,20260608152319,,,,
153812,猎聘,能源/化工/环保,化学,车间工艺主管/工程师（多肽-泰兴）,猎头职位,某国内制药公司,50-99人,,杭州,泰州,本科,3-5年,15-30k,,,,https://www.liepin.com/a/76260067.shtml,20260601142429,,,,
153813,猎聘,能源/化工/环保,化学,电芯设计,猎头职位,某国内大型新能源公司,5000-10000人,,杭州,无锡,博士,5-10年,50-80k·17薪,,,,https://www.liepin.com/a/75817975.shtml,20260609094356,,,,
153814,猎聘,能源/化工/环保,化学,有机合成研发员,猎头职位,某国内制药公司,50-99人,,杭州,南通,统招本科,5-10年,12-20k,,,,https://www.liepin.com/a/73672191.shtml,20260520175201,,,,
153815,猎聘,能源/化工/环保,化学,总经理 ,猎头职位,某杭州专业服务公司,50-99人,,杭州,扬州,硕士,10年以上,70-100k,,,,https://www.liepin.com/a/74694497.shtml,20260609173540,,,,
153816,猎聘,能源/化工/环保,化学,药化总监,猎头职位,某苏州学术/科研公司,100-499人,,杭州,苏州,博士,5-10年,80-100k,,,,https://www.liepin.com/a/75903807.shtml,20260521113522,,,,
153817,猎聘,能源/化工/环保,化学,大健康研发经理--天然外用凝胶产品,猎头职位,某南京学术/科研公司,1-49人,,杭州,南京-江宁区,硕士,5年以上,20-28k,,,,https://www.liepin.com/a/76158937.shtml,20260528142531,,,,
153818,猎聘,能源/化工/环保,化学,SMQC质量事件调查员,猎头职位,某大型制药公司,2000-5000人,,杭州,无锡,统招本科,6年以上,16-25k·14薪,,,,https://www.liepin.com/a/74769825.shtml,20260609101827,,,,
153819,猎聘,能源/化工/环保,化学,药物合成研究员,猎头职位,某南京制药公司,1-49人,,杭州,南京-栖霞区,硕士,3-5年,15-20k,,,,https://www.liepin.com/a/76422471.shtml,20260604163233,,,,
153820,猎聘,能源/化工/环保,化学,电池工程师（失效性分析研发）,猎头职位,某国内大型新能源公司,10000人以上,,杭州,常州,统招本科,2年以上,15-20k·16薪,,,,https://www.liepin.com/a/74922279.shtml,20260422102304,,,,
153821,猎聘,能源/化工/环保,化学,研发专家,猎头职位,某苏州汽车零部件及配件公司,100-499人,,杭州,苏州-吴江区,博士,5-10年,35-50k,,,,https://www.liepin.com/a/75876783.shtml,20260609165737,,,,
153822,猎聘,能源/化工/环保,化学,ADC研究员,猎头职位,某郑州其他生活服务公司,50-99人,,杭州,苏州,统招本科,3-5年,15-25k,,,,https://www.liepin.com/a/74358599.shtml,20260604092813,,,,
153823,猎聘,能源/化工/环保,化学,小分子有机合成高级科学家,猎头职位,某苏州制药公司,50-99人,,杭州,苏州,博士,3-5年,30-40k·14薪,,,,https://www.liepin.com/a/74038439.shtml,20260604154043,,,,
153824,猎聘,能源/化工/环保,化学,ADC药化科学家,猎头职位,某苏州知名公司,100-499人,,杭州,苏州,博士,经验不限,40-60k·14薪,,,,https://www.liepin.com/a/75810953.shtml,20260519112041,,,,
153825,猎聘,能源/化工/环保,化学,表面工艺工程师,猎头职位,某国内大型电气机械/器材公司,500-999人,,杭州,南通-启东,学历不限,经验不限,15-25k,,,,https://www.liepin.com/a/76173701.shtml,20260528162733,,,,
153826,猎聘,能源/化工/环保,化学,总经理,猎头职位,某知名公司,1000-2000人,,杭州,苏州-太仓,本科,10年以上,70-100k,,,,https://www.liepin.com/a/74631815.shtml,20260609171333,,,,
153827,猎聘,能源/化工/环保,化学,食品安全与质量专员（江浙沪）,企业职位,都乐包装食品(上海)有限公司,1-49人,,武汉,金华-金东区,统招本科,3-5年,7-9k·15薪,,,,https://www.liepin.com/job/1982862737.shtml,20260609140755,,,,
153828,猎聘,能源/化工/环保,化学,高级电化学材料研发工程师,企业职位,某杭州新能源公司,50-99人,,武汉,杭州-萧山区,硕士,经验不限,30-60k·15薪,,,,https://www.liepin.com/a/74099817.shtml,20260514113934,,,,
153829,猎聘,能源/化工/环保,化学,电化学研究员（电池/电解液/AI材料/电化学，杭州，40－80W，硕士5年，博士２年）,企业职位,某杭州专业技术服务公司,1-49人,,武汉,杭州,硕士,1-3年,30-50k·16薪,,,,https://www.liepin.com/a/74508253.shtml,20260531154150,,,,
153830,猎聘,能源/化工/环保,化学,计算化学工程师（AIDD）,企业职位,扬厉医药,50-99人,,武汉,杭州-拱墅区,硕士,3-5年,薪资面议,,,,https://www.liepin.com/job/1982960987.shtml,20260528172902,,,,
153831,猎聘,能源/化工/环保,化学,高级电化学材料研发工程师（博士，一定是电解水制氢AEM研发方向的）,企业职位,某杭州新能源公司,50-99人,,武汉,杭州-萧山区,硕士,1-3年,26-50k·15薪,,,,https://www.liepin.com/a/73033833.shtml,20260609085412,,,,
153832,猎聘,能源/化工/环保,化学,化学分析工程师,企业职位,力炻电极技术,50-99人,,武汉,杭州-萧山区,本科,2年以上,6-10k·15薪,,,,https://www.liepin.com/job/1982260105.shtml,20260601173041,,,,
153833,猎聘,能源/化工/环保,化学,化学发光试剂研发主管,企业职位,某杭州制药公司,100-499人,,武汉,杭州,硕士,5-10年,20-30k,,,,https://www.liepin.com/a/71130373.shtml,20260522113404,,,,
153834,猎聘,能源/化工/环保,化学,高级电化学材料研发工程师,企业职位,某杭州新能源公司,50-99人,,武汉,杭州-萧山区,博士,经验不限,25-50k·16薪,,,,https://www.liepin.com/a/75982799.shtml,20260531161841,,,,
153835,猎聘,能源/化工/环保,化学,化学分析测试员,企业职位,某杭州知名公司,10000人以上,,武汉,杭州,本科,1-3年,15-30k·14薪,,,,https://www.liepin.com/a/75986881.shtml,20260609130916,,,,
153836,猎聘,能源/化工/环保,化学,化学实验员,企业职位,深度原理,1-49人,,武汉,杭州-萧山区,硕士,经验不限,10-13k·17薪,,,,https://www.liepin.com/job/1978456067.shtml,20260523180720,,,,
153837,猎聘,能源/化工/环保,化学,高级电化学材料研发工程师,企业职位,力炻电极技术,50-99人,,武汉,杭州-萧山区,博士,经验不限,16-30k·15薪,,,,https://www.liepin.com/job/1980054037.shtml,20260601173057,,,,
153838,猎聘,能源/化工/环保,化学,多肽化学助理研究员 (MJ000261),企业职位,先为达生物,100-499人,,武汉,杭州-钱塘区,本科,1-3年,7-15k,,,,https://www.liepin.com/job/1983075131.shtml,20260604155327,,,,
153839,猎聘,能源/化工/环保,化学,高级研发工程师-神经/IVD/科研/电化学/发光/流式/外泌体/试剂,企业职位,某知名公司,1-49人,,武汉,杭州,硕士,经验不限,25-40k,,,,https://www.liepin.com/a/75455947.shtml,20260509130610,,,,
153840,猎聘,能源/化工/环保,化学,化学发光试剂研发总监,企业职位,某生物科技公司,100-499人,,武汉,杭州,硕士,10年以上,30-45k,,,,https://www.liepin.com/a/66201629.shtml,20260522113807,,,,
153841,猎聘,能源/化工/环保,化学,化学工艺合成研究员,企业职位,华东医药,10000人以上,,武汉,杭州,博士,1年以下,薪资面议,,,,https://www.liepin.com/job/1981028119.shtml,20260604152010,,,,
153842,猎聘,能源/化工/环保,化学,研发工程师（化学合成方向）,企业职位,杭州佳嘉乐生物技术有限公司,50-99人,,武汉,杭州-钱塘区,本科,1-3年,9-13k,,,,https://www.liepin.com/job/1980525447.shtml,20260601101501,,,,
153843,猎聘,能源/化工/环保,化学,销售主任-纺织品、玩具、化学服务,企业职位,莱茵技术,2000-5000人,,武汉,宁波-鄞州区,大专,3-5年,7-9k·13薪,,,,https://www.liepin.com/job/1980950505.shtml,20260507084046,,,,
153844,猎聘,能源/化工/环保,化学,化学燃料专家（甲醇）,企业职位,某世界500强上市公司,10000人以上,,武汉,宁波,统招本科,5年以上,85-100k,,,,https://www.liepin.com/a/74305813.shtml,20260603094853,,,,
153845,猎聘,能源/化工/环保,化学,化学分析课题负责人,企业职位,某知名公司,500-999人,,武汉,杭州-钱塘区,硕士,5-10年,20-40k,,,,https://www.liepin.com/a/74698639.shtml,20260416082112,,,,
153846,猎聘,能源/化工/环保,化学,化学合成与工艺研发工程师（杭州）,企业职位,九洲药业(杭州)有限公司,,,武汉,杭州-钱塘区,硕士,3-5年,12-25k,,,,https://www.liepin.com/job/1974948051.shtml,20260528091548,,,,
153847,猎聘,能源/化工/环保,化学,有机化学高级研发工程师,企业职位,某国内制药上市公司,1000-2000人,,武汉,杭州,博士,经验不限,25-35k,,,,https://www.liepin.com/a/76238567.shtml,20260601100327,,,,
153848,猎聘,能源/化工/环保,化学,CMP（化学机械抛光）浆料/抛光液研发工程师,企业职位,某国内学术/科研公司,50-99人,,武汉,衢州,学历不限,经验不限,11-22k,,,,https://www.liepin.com/a/75938291.shtml,20260522095949,,,,
153849,猎聘,能源/化工/环保,化学,化学合成研发经理-熟悉mRNA核酸技术,企业职位,某国内制药公司,1-49人,,武汉,杭州,硕士,经验不限,20-30k,,,,https://www.liepin.com/a/76395269.shtml,20260604101028,,,,
153850,猎聘,能源/化工/环保,化学,核酸化学合成,企业职位,某杭州制药公司,100-499人,,武汉,杭州-钱塘区,硕士,1-3年,20-40k·14薪,,,,https://www.liepin.com/a/74778241.shtml,20260604173712,,,,
153851,猎聘,能源/化工/环保,化学,连续流化学工艺研究员,企业职位,浙江弘流科技有限公司,50-99人,,武汉,绍兴-上虞区,硕士,1-3年,10-20k,,,,https://www.liepin.com/job/1969505027.shtml,20260609094930,,,,
153852,猎聘,能源/化工/环保,化学,药物化学副总裁,企业职位,某杭州专业服务公司,50-99人,,武汉,杭州,博士,10年以上,100-150k,,,,https://www.liepin.com/a/74634207.shtml,20260609173540,,,,
153853,猎聘,能源/化工/环保,化学,电子电气产品化学项目工程师Project Engineer,企业职位,莱茵技术,2000-5000人,,武汉,宁波-鄞州区,统招本科,3-5年,7-13k·13薪,,,,https://www.liepin.com/job/1982609425.shtml,20260518114032,,,,
153854,猎聘,能源/化工/环保,化学,化学有机合成研究员,企业职位,深度原理,1-49人,,武汉,杭州-萧山区,硕士,经验不限,20-25k·17薪,,,,https://www.liepin.com/job/1977581607.shtml,20260311124928,,,,
153855,猎聘,能源/化工/环保,化学,IBDP化学教师,企业职位,杭州鼎文学校,,,武汉,杭州-钱塘区,本科,3-5年,18-24k,,,,https://www.liepin.com/job/1982858071.shtml,20260526101814,,,,
153856,猎聘,能源/化工/环保,化学,连续化学工程师,企业职位,合力科技股份有限公司,1000-2000人,,武汉,杭州-滨江区,统招本科,2年以上,15-25k·13薪,,,,https://www.liepin.com/job/1976104521.shtml,20260609110633,,,,
153857,猎聘,能源/化工/环保,化学,AI4S（应届博士，计算化学/分子模拟/分子预测/计算机辅助合成设计/逆合成，杭州，30-60K*17）,企业职位,某杭州专业技术服务公司,1-49人,,武汉,杭州,博士,经验不限,40-60k·17薪,,,,https://www.liepin.com/a/75364547.shtml,20260531154150,,,,
153858,猎聘,能源/化工/环保,化学,研发技术员-化学发光,企业职位,隆基生物,100-499人,,武汉,杭州,统招本科,3-5年,8-16k·13薪,,,,https://www.liepin.com/job/1974946939.shtml,20260609143842,,,,
153859,猎聘,能源/化工/环保,化学,化学实验员,企业职位,浙江嘉熹环保科技有限公司,50-99人,,武汉,嘉兴-南湖区,大专,1-3年,4-7k,,,,https://www.liepin.com/job/1982762195.shtml,20260522100938,,,,
153860,猎聘,能源/化工/环保,化学,化学气体检测工程师,企业职位,先导科技集团,10000人以上,,武汉,衢州-柯城区,本科,3-5年,10-15k,,,,https://www.liepin.com/job/1965102973.shtml,20260603133614,,,,
153861,猎聘,能源/化工/环保,化学,化学发光试剂研发总监,企业职位,杭州某医学检验公司,100-499人,,武汉,杭州,硕士,5-10年,35-50k,,,,https://www.liepin.com/a/73233279.shtml,20260522113356,,,,
153862,猎聘,能源/化工/环保,化学,化学工艺工程师（嘉兴海宁）,企业职位,某国内大型电子/半导体/集成电路公司,500-999人,,武汉,嘉兴-海宁,本科,5-10年,13-18k·13薪,,,,https://www.liepin.com/a/74484067.shtml,20260609103111,,,,
153863,猎聘,能源/化工/环保,化学,化学气相沉积制程课经理（CVD PE Manager）,企业职位,杭州富芯半导体有限公司,500-999人,,武汉,杭州-富阳区,统招本科,10年以上,薪资面议,,,,https://www.liepin.com/job/1981566285.shtml,20260529154756,,,,
153864,猎聘,能源/化工/环保,化学,高级分析化学工程师,企业职位,中康视明,1-49人,,武汉,杭州-余杭区,硕士,5-10年,20-35k·14薪,,,,https://www.liepin.com/job/1979698879.shtml,20260326141716,,,,
153865,猎聘,能源/化工/环保,化学,化学燃料试验专家,企业职位,某宁波大型整车制造公司,10000人以上,,武汉,宁波,本科,8年以上,30-60k,,,,https://www.liepin.com/a/73486127.shtml,20260529134356,,,,
153866,猎聘,能源/化工/环保,化学,仿制药化学药厂总经理,企业职位,某国内制药公司,,,武汉,温州,学历不限,5-10年,70-100k,,,,https://www.liepin.com/a/75396911.shtml,20260609212255,,,,
153867,猎聘,能源/化工/环保,化学,生产操作工（化学合成制药车间）,企业职位,朗华制药,500-999人,,武汉,台州-临海,中专/中技,经验不限,6-10k,,,,https://www.liepin.com/job/1970708249.shtml,20260602150259,,,,
153868,猎聘,能源/化工/环保,化学,实验室化学师（化学品）,企业职位,某宁波大型石化公司,2000-5000人,,武汉,衢州,学历不限,3-5年,20-27k·15薪,,,,https://www.liepin.com/a/74167405.shtml,20260529092935,,,,
153869,猎聘,能源/化工/环保,化学,化学处理工程师,企业职位,绍兴德汇半导体材料有限公司,50-99人,,武汉,绍兴-越城区,本科,3年以上,8-9k,,,,https://www.liepin.com/job/1981231975.shtml,20260602164113,,,,
153870,猎聘,能源/化工/环保,化学,双语化学/生物老师 (A-level Chemistry/Biology Teacher)--杭州名校,企业职位,狄邦教育集团,1000-2000人,,武汉,杭州-西湖区,本科,3-5年,10-20k,,,,https://www.liepin.com/job/1979478285.shtml,20260331161251,,,,
153871,猎聘,能源/化工/环保,化学,API生产经理（多肽与化学合成方向）,企业职位,百明信康,100-499人,,武汉,湖州-安吉县,本科,5-10年,20-30k·15薪,,,,https://www.liepin.com/job/1982934915.shtml,20260528190717,,,,
153872,猎聘,能源/化工/环保,化学,双语化学教师,企业职位,某国内教育培训公司,100-499人,,武汉,金华-义乌,学历不限,经验不限,15-25k,,,,https://www.liepin.com/a/75989713.shtml,20260525083527,,,,
153873,猎聘,能源/化工/环保,化学,双语生物化学老师-瑞安中学国际部,企业职位,光华教育,100-499人,,武汉,温州-瑞安,统招本科,经验不限,8-13k·13薪,,,,https://www.liepin.com/job/1980996041.shtml,20260604164929,,,,
153874,猎聘,能源/化工/环保,化学,AI教育-学科教研专家（语文、数学、英语、化学）-合肥,企业职位,科大讯飞,10000人以上,,武汉,杭州-萧山区,本科,3年以上,12-30k·14薪,,,,https://www.liepin.com/job/1983086013.shtml,20260602183656,,,,
153875,猎聘,能源/化工/环保,化学,化学合成,企业职位,恒敬合创生物医药(浙江)有限公司,100-499人,,武汉,嘉兴-南湖区,大专,1年以上,4-8k,,,,https://www.liepin.com/job/1982676333.shtml,20260519165224,,,,
153876,猎聘,能源/化工/环保,化学,小分子药物化学项目经理,企业职位,扬厉医药,50-99人,,武汉,杭州-拱墅区,博士,1年以上,25-40k,,,,https://www.liepin.com/job/1982411437.shtml,20260511103859,,,,
153877,猎聘,能源/化工/环保,化学,电化学气体传感器研发工程师,企业职位,亿联康医疗,100-499人,,武汉,杭州-西湖区,本科,5-10年,25-40k,,,,https://www.liepin.com/job/1982725747.shtml,20260521095310,,,,
153878,猎聘,能源/化工/环保,化学,首席化学师,企业职位,某知名公司,50-99人,,武汉,衢州,学历不限,5-10年,25-35k,,,,https://www.liepin.com/a/75834757.shtml,20260609090718,,,,
153879,猎聘,能源/化工/环保,化学,化学工程师,企业职位,浙江飞剑科技有限公司,1000-2000人,,武汉,金华-永康,本科,1年以上,8-15k·13薪,,,,https://www.liepin.com/job/1981598021.shtml,20260511133211,,,,
153880,猎聘,能源/化工/环保,化学,化学分析测试员,企业职位,某国内知名公司,10000人以上,,武汉,金华,学历不限,1-3年,15-30k·14薪,,,,https://www.liepin.com/a/76492599.shtml,20260609141009,,,,
153881,猎聘,能源/化工/环保,化学,高中双语化学教师Bilingual Chemistry Teacher,企业职位,杭州瑅客企业管理咨询服务有限公司,1-49人,,武汉,宁波-鄞州区,本科,2年以上,10-22k,,,,https://www.liepin.com/job/1968166295.shtml,20260603085615,,,,
153882,猎聘,能源/化工/环保,化学,浙江大学/良渚实验室 诚聘化学合成方向博士后,企业职位,良渚实验室,500-999人,,武汉,杭州-余杭区,博士,经验不限,30-45k,,,,https://www.liepin.com/job/1982654719.shtml,20260526092743,,,,
153883,猎聘,能源/化工/环保,化学,化学洗净研发,企业职位,盾源聚芯,1000-2000人,,武汉,杭州-滨江区,硕士,3-5年,10-15k·14薪,,,,https://www.liepin.com/job/1983153377.shtml,20260604144609,,,,
153884,猎聘,能源/化工/环保,化学,化学发光仪器工程师  ,企业职位,某宁波医疗器械上市公司,2000-5000人,,武汉,宁波,硕士,2-10年,15-23k·13薪,,,,https://www.liepin.com/a/76268845.shtml,20260601155942,,,,
153885,猎聘,能源/化工/环保,化学,首席化学研究员,企业职位,某苏州石化公司,1-49人,,武汉,衢州,本科,5-10年,25-30k·13薪,,,,https://www.liepin.com/a/73609231.shtml,20260609095520,,,,
153886,猎聘,能源/化工/环保,化学,博士后（AI化学方向）,企业职位,甬江实验室,100-499人,,武汉,宁波-镇海区,博士,经验不限,30-35k,,,,https://www.liepin.com/job/1980546983.shtml,20260429172600,,,,
153887,猎聘,能源/化工/环保,化学,计算化学研究工程师,企业职位,深度原理,1-49人,,武汉,杭州-萧山区,硕士,经验不限,12-24k·17薪,,,,https://www.liepin.com/job/1974984171.shtml,20260407162448,,,,
153888,猎聘,能源/化工/环保,化学,电化学工艺工程师,企业职位,浙江健拓医疗仪器科技有限公司,1000-2000人,,武汉,杭州,本科,3-5年,6-11k·15薪,,,,https://www.liepin.com/job/1983038869.shtml,20260601161913,,,,
153889,猎聘,能源/化工/环保,化学,市场经理（材料化学专业）,企业职位,浙江耀阳新材料科技有限公司,500-999人,,武汉,嘉兴-桐乡,硕士,经验不限,8-12k·13薪,,,,https://www.liepin.com/job/1982222101.shtml,20260609084948,,,,
153890,猎聘,能源/化工/环保,化学,电池电化学研究员,企业职位,某杭州专业技术服务公司,1-49人,,武汉,杭州-滨江区,学历不限,1-3年,20-35k·15薪,,,,https://www.liepin.com/a/74452217.shtml,20260409161542,,,,
153891,猎聘,能源/化工/环保,化学,化学镀镍经理,企业职位,君原电子科技(海宁)有限公司,100-499人,,武汉,嘉兴-海宁,统招本科,3-5年,15-25k·13薪,,,,https://www.liepin.com/job/1982396973.shtml,20260518140425,,,,
153892,猎聘,能源/化工/环保,化学,高中老师（数学/化学/历史/地理/生物/）（高考线）,企业职位,某杭州大型IT服务公司,5000-10000人,,武汉,杭州,统招本科,经验不限,15-25k,,,,https://www.liepin.com/a/76079293.shtml,20260526170616,,,,
153893,猎聘,能源/化工/环保,化学,化学发光生产经理,企业职位,杭州某医学检验公司,100-499人,,武汉,杭州,本科,5-10年,20-40k,,,,https://www.liepin.com/a/73233379.shtml,20260331110835,,,,
153894,猎聘,能源/化工/环保,化学,研发工程师（水化学）,企业职位,杭州景业智能科技股份有限公司,100-499人,,武汉,杭州-滨江区,本科,2年以上,30-60k,,,,https://www.liepin.com/job/1982324383.shtml,20260516131051,,,,
153895,猎聘,能源/化工/环保,化学,中学双语化学&双语经济老师,企业职位,某国内大型培训服务公司,500-999人,,武汉,金华-义乌,统招本科,3-5年,15-25k,,,,https://www.liepin.com/a/75744511.shtml,20260609091251,,,,
153896,猎聘,能源/化工/环保,化学,化学材料合成工程师,企业职位,杭州晙杨科技有限公司,1-49人,,武汉,杭州,本科,3-5年,10-15k,,,,https://www.liepin.com/job/1982597419.shtml,20260528141309,,,,
153897,猎聘,能源/化工/环保,化学,Alevel 生物/化学教师G00245,企业职位,狄邦教育集团,1000-2000人,,武汉,杭州-余杭区,硕士,3年以上,15-25k,,,,https://www.liepin.com/job/1981582859.shtml,20260408155212,,,,
153898,猎聘,能源/化工/环保,化学,CMP PE/化学机械抛光工艺工程师（ J10176）,企业职位,芯联集成电路制造股份有限公司,2000-5000人,,武汉,绍兴-越城区,本科,1-3年,10-20k,,,,https://www.liepin.com/job/1963110381.shtml,20260525183218,,,,
153899,猎聘,能源/化工/环保,化学,市场总监（AI4S/计算化学/工业软件/agent等，杭州，可谈期权）,企业职位,某杭州专业技术服务公司,1-49人,,武汉,杭州,本科,5-10年,40-60k·17薪,,,,https://www.liepin.com/a/75682413.shtml,20260531154150,,,,
153900,猎聘,能源/化工/环保,化学,高级化学师-胶粘剂方向,企业职位,优沃德(北京)粘合剂有限公司,50-99人,,武汉,嘉兴-平湖,硕士,5-10年,薪资面议,,,,https://www.liepin.com/job/1963626143.shtml,20260527173329,,,,
153901,猎聘,能源/化工/环保,化学,化学发光试剂研发,企业职位,某宁波医疗器械公司,100-499人,,武汉,宁波,学历不限,经验不限,15-25k,,,,https://www.liepin.com/a/73751503.shtml,20260323173441,,,,
153902,猎聘,能源/化工/环保,化学,涂布工艺主管（涂布+化学/材料专业+光学膜）,企业职位,某国内电子/半导体/集成电路公司,,,武汉,嘉兴,统招本科,5-10年,20-35k,,,,https://www.liepin.com/a/76297151.shtml,20260602103702,,,,
153903,猎聘,能源/化工/环保,化学,电池电化学研究员,企业职位,深度原理,1-49人,,武汉,杭州-萧山区,硕士,2年以上,18-30k·17薪,,,,https://www.liepin.com/job/1980971539.shtml,20260331111712,,,,
153904,猎聘,能源/化工/环保,化学,化学合成研发人员,企业职位,我武生物科技,2000-5000人,,武汉,湖州-德清县,硕士,经验不限,9-12k,,,,https://www.liepin.com/job/1982646317.shtml,20260519102458,,,,
153905,猎聘,能源/化工/环保,化学,化学分析测试员,企业职位,某知名公司,10000人以上,,武汉,金华,大专,1-3年,15-29k·14薪,,,,https://www.liepin.com/a/76492673.shtml,20260609141143,,,,
153906,猎聘,能源/化工/环保,化学,核酸化学合成,企业职位,某杭州制药公司,100-499人,,武汉,杭州-钱塘区,学历不限,3年以上,25-40k·13薪,,,,https://www.liepin.com/a/74781383.shtml,20260417171140,,,,
153907,猎聘,能源/化工/环保,化学,化学仿制药生产负责人,企业职位,某知名公司,500-999人,,武汉,温州,统招本科,8年以上,30-50k,,,,https://www.liepin.com/a/73894949.shtml,20260529103727,,,,
153908,猎聘,能源/化工/环保,化学,化学气相沉积工艺工程师/CVD PE（J10011）,企业职位,芯联集成电路制造股份有限公司,2000-5000人,,武汉,绍兴,本科,3-5年,10-25k,,,,https://www.liepin.com/job/1955088353.shtml,20260525183218,,,,
153909,猎聘,能源/化工/环保,化学,材料分析工程师（化学分析领域）,企业职位,中达集团,2000-5000人,,武汉,嘉兴-海盐县,本科,5年以上,4-8k,,,,https://www.liepin.com/job/1982565085.shtml,20260515111943,,,,
153910,猎聘,能源/化工/环保,化学,化学分析员,企业职位,福州恒瑞通商贸有限公司,50-99人,,武汉,杭州-上城区,本科,3年以上,8-12k·13薪,,,,https://www.liepin.com/job/1982773801.shtml,20260609083013,,,,
153911,猎聘,能源/化工/环保,化学,双语化学老师,企业职位,杭州瑅客企业管理咨询服务有限公司,1-49人,,武汉,金华-义乌,本科,3年以上,15-20k,,,,https://www.liepin.com/job/1974107221.shtml,20260603085557,,,,
153912,猎聘,能源/化工/环保,化学,化学质量工程师,企业职位,杭州益利素勒精线有限公司,500-999人,,武汉,杭州-余杭区,统招本科,2-4年,7-14k,,,,https://www.liepin.com/job/1980200295.shtml,20260526100200,,,,
153913,猎聘,能源/化工/环保,化学,实验室化学师,企业职位,某知名公司,1-49人,,武汉,嘉兴,本科,5年以上,15-20k·14薪,,,,https://www.liepin.com/a/75221345.shtml,20260430120308,,,,
153914,猎聘,能源/化工/环保,化学,化学研发专家,企业职位,京新药业,2000-5000人,,武汉,杭州-萧山区,博士,5年以上,70-100k,,,,https://www.liepin.com/job/1978259479.shtml,20260416142257,,,,
153915,猎聘,能源/化工/环保,化学,销售总监（化学材料）,企业职位,浙江瑞宝新能源有限公司,1-49人,,武汉,杭州-上城区,统招本科,5年以上,薪资面议,,,,https://www.liepin.com/job/1981548857.shtml,20260521155120,,,,
153916,猎聘,能源/化工/环保,化学,中学化学老师 - 储备,企业职位,诺德安达(Nord Anglia Education),10000人以上,,武汉,嘉兴-南湖区,本科,3-5年,10-15k,,,,https://www.liepin.com/job/1979534887.shtml,20260609163105,,,,
153917,猎聘,能源/化工/环保,化学,化学测试项目协调员Project Coordinator,企业职位,莱茵技术,2000-5000人,,武汉,宁波-鄞州区,本科,3-5年,6-8k·13薪,,,,https://www.liepin.com/job/1980556803.shtml,20260304094758,,,,
153918,猎聘,能源/化工/环保,化学,大客户销售（药企CRO&化妆品&材料化学）,企业职位,微谱,1000-2000人,,武汉,杭州-钱塘区,统招本科,1-3年,15-25k·13薪,,,,https://www.liepin.com/job/1970771233.shtml,20260609094812,,,,
153919,猎聘,能源/化工/环保,化学,双语高中物理化学生物老师,企业职位,杭州瑅客企业管理咨询服务有限公司,1-49人,,武汉,宁波-鄞州区,学历不限,1-3年,20-30k,,,,https://www.liepin.com/job/1969203409.shtml,20260603085606,,,,
153920,猎聘,能源/化工/环保,化学,化学教师,企业职位,某上海人力资源服务公司,1-49人,,武汉,宁波,本科,1-3年,13-22k,,,,https://www.liepin.com/a/76019167.shtml,20260609115334,,,,
153921,猎聘,能源/化工/环保,化学,镇海中学双语化学老师 (A-level Chemistry teacher),企业职位,狄邦教育集团,1000-2000人,,武汉,宁波-镇海区,本科,3-5年,10-21k,,,,https://www.liepin.com/job/1979717037.shtml,20260113104926,,,,
153922,猎聘,能源/化工/环保,化学,化学操作员-绍兴,企业职位,康龙化成,10000人以上,,武汉,绍兴-上虞区,中专/中技,1年以上,6-9k,,,,https://www.liepin.com/job/1966391485.shtml,20260109112341,,,,
153923,猎聘,能源/化工/环保,化学,化学合成,企业职位,某国内专业技术服务公司,1-49人,,武汉,嘉兴,博士,经验不限,65-90k,,,,https://www.liepin.com/a/76266809.shtml,20260601153645,,,,
153924,猎聘,能源/化工/环保,化学,药物化学科学家,企业职位,杭州阿诺生物医药科技有限公司,100-499人,,武汉,杭州-余杭区,硕士,1-3年,薪资面议,,,,https://www.liepin.com/job/1980837069.shtml,20260609144542,,,,
153925,猎聘,能源/化工/环保,化学,应用技术开发工程师ADE-高分子/化学应届生,企业职位,浙江耀阳新材料科技有限公司,500-999人,,武汉,嘉兴-桐乡,本科,经验不限,8-12k·14薪,,,,https://www.liepin.com/job/1981910171.shtml,20260420151221,,,,
153926,猎聘,能源/化工/环保,化学,化学发光 试剂研发,企业职位,杭州艾普佳臻生物科技有限公司,1-49人,,武汉,杭州-钱塘区,统招本科,1-3年,6-9k,,,,https://www.liepin.com/job/1982520731.shtml,20260514092624,,,,
153927,猎聘,能源/化工/环保,化学,药物化学研究员,企业职位,传化集团,10000人以上,,武汉,杭州,博士,3-5年,30-45k·13薪,,,,https://www.liepin.com/job/1982061565.shtml,20260426232036,,,,
153928,猎聘,能源/化工/环保,化学,化学发光研发资深工程师,企业职位,杭州华葵金配生物科技有限公司,50-99人,,武汉,杭州-临平区,本科,5-10年,12-17k,,,,https://www.liepin.com/job/1981973307.shtml,20260422094208,,,,
153929,猎聘,能源/化工/环保,化学,血糖试剂研发工程师（电化学/生物传感）,企业职位,浙江健拓医疗仪器科技有限公司,1000-2000人,,武汉,杭州,硕士,经验不限,9-18k·15薪,,,,https://www.liepin.com/job/1957065735.shtml,20250731162719,,,,
153930,猎聘,能源/化工/环保,化学,化学分析员,企业职位,某国内制药公司,100-499人,,武汉,绍兴-嵊州,博士,3-5年,25-26k,,,,https://www.liepin.com/a/73974893.shtml,20260331181309,,,,
153931,猎聘,能源/化工/环保,化学,计算化学总监,企业职位,某知名公司,50-99人,,武汉,宁波,博士,5-10年,1-2k,,,,https://www.liepin.com/a/75083383.shtml,20260427111340,,,,
153932,猎聘,能源/化工/环保,化学,化学过滤材料研发工程师,企业职位,富瑞邦新材料,100-499人,,武汉,嘉兴-平湖,本科,5年以上,10-15k,,,,https://www.liepin.com/job/1983227125.shtml,20260607210434,,,,
153933,猎聘,能源/化工/环保,化学,化学工艺开发研究员,企业职位,浙江弘流科技有限公司,50-99人,,武汉,绍兴-上虞区,本科,3-5年,10-25k,,,,https://www.liepin.com/job/1979479837.shtml,20260609094327,,,,
153934,猎聘,能源/化工/环保,化学,高中生物化学老师,企业职位,宁波前洋信息技术服务有限公司,1-49人,,武汉,宁波-海曙区,硕士,5年以上,15-25k,,,,https://www.liepin.com/job/1982897089.shtml,20260527094422,,,,
153935,猎聘,能源/化工/环保,化学,高级UV化学师,企业职位,某国内新材料公司,50-99人,,武汉,湖州,本科,5-10年,20-30k,,,,https://www.liepin.com/a/73842615.shtml,20260608140507,,,,
153936,猎聘,能源/化工/环保,化学,化学研究院副院长（原料药方向，上市药企）,企业职位,某国内制药上市公司,2000-5000人,,武汉,杭州,硕士,10年以上,70-100k·13薪,,,,https://www.liepin.com/a/71636477.shtml,20260608092230,,,,
153937,猎聘,能源/化工/环保,化学,算法博士（AI4S/AI4M/计算化学/分子模拟/分子预测，杭州，50-80W，可谈期权）,企业职位,某杭州人工智能公司,1-49人,,武汉,杭州,博士,经验不限,40-60k·17薪,,,,https://www.liepin.com/a/75773719.shtml,20260531142411,,,,
153938,猎聘,能源/化工/环保,化学,化学信息工程师,企业职位,深度原理,1-49人,,武汉,杭州-萧山区,硕士,经验不限,12-24k·17薪,,,,https://www.liepin.com/job/1980412475.shtml,20260407162504,,,,
153939,猎聘,能源/化工/环保,化学,电化学博士,企业职位,某杭州专业技术服务公司,,,武汉,绍兴,学历不限,3-5年,30-60k·15薪,,,,https://www.liepin.com/a/74237733.shtml,20260403113606,,,,
153940,猎聘,能源/化工/环保,化学,电化学测试工程师,企业职位,致德新能源,500-999人,,武汉,金华-兰溪,硕士,2年以上,10-15k,,,,https://www.liepin.com/job/1982036333.shtml,20260423155420,,,,
153941,猎聘,能源/化工/环保,化学,计算化学研究科学家,企业职位,深度原理,1-49人,,武汉,杭州-萧山区,博士,经验不限,20-35k·17薪,,,,https://www.liepin.com/job/1974982669.shtml,20260311125052,,,,
153942,猎聘,能源/化工/环保,化学,电化学应用专家,企业职位,海兴电力,2000-5000人,,武汉,杭州-拱墅区,本科,5-10年,20-40k,,,,https://www.liepin.com/job/1973888225.shtml,20250416170837,,,,
153943,猎聘,能源/化工/环保,化学,化学燃料专家,企业职位,某大型知名整车制造公司,10000人以上,,武汉,宁波,硕士,8年以上,40-70k·15薪,,,,https://www.liepin.com/a/73580513.shtml,20260608093632,,,,
153944,猎聘,能源/化工/环保,化学,药物化学科学家,企业职位,西湖制药(杭州)有限公司,1-49人,,武汉,杭州-西湖区,博士,经验不限,35-60k·14薪,,,,https://www.liepin.com/job/1955110141.shtml,20251218163007,,,,
153945,猎聘,能源/化工/环保,化学,科研助理（材料化学方向）,企业职位,宁波东方理工大学,100-499人,,武汉,宁波-镇海区,本科,1年以上,5-8k,,,,https://www.liepin.com/job/1980685213.shtml,20260408150119,,,,
153946,猎聘,能源/化工/环保,化学,化学分析-代谢产物鉴定方向,企业职位,多禧生物,100-499人,,武汉,杭州-钱塘区,本科,1-3年,8-15k,,,,https://www.liepin.com/job/1981412945.shtml,20260421091958,,,,
153947,猎聘,能源/化工/环保,化学,化学实验室工程师 (MJ002162),企业职位,均胜安全,10000人以上,,武汉,湖州-长兴县,统招本科,3-5年,10-13k,,,,https://www.liepin.com/job/1979908151.shtml,20260121142413,,,,
153948,猎聘,能源/化工/环保,化学,表面处理工程师（电化学抛光）,企业职位,某国内其他制造业公司,50-99人,,武汉,嘉兴,本科,1-3年,15-18k,,,,https://www.liepin.com/a/75388841.shtml,20260521111736,,,,
153949,猎聘,能源/化工/环保,化学,化学工艺研究员,企业职位,领泰生物,1-49人,,武汉,绍兴-柯桥区,统招本科,3年以上,10-15k·14薪,,,,https://www.liepin.com/job/1978146837.shtml,20260423134905,,,,
153950,猎聘,能源/化工/环保,化学,化学研发分析副经理,企业职位,京新药业,2000-5000人,,武汉,杭州-萧山区,硕士,5年以上,30-35k·15薪,,,,https://www.liepin.com/job/1978107039.shtml,20260603111029,,,,
153951,猎聘,能源/化工/环保,化学,化学发光研发高级工程师,企业职位,杭州华葵金配生物科技有限公司,50-99人,,武汉,杭州-临平区,本科,3年以上,8-12k,,,,https://www.liepin.com/job/1981973445.shtml,20260422094416,,,,
153952,猎聘,能源/化工/环保,化学,生化研发工程师（电化学方向）,企业职位,浙江健拓医疗仪器科技有限公司,1000-2000人,,武汉,杭州,硕士,1-3年,薪资面议,,,,https://www.liepin.com/job/1956298395.shtml,20250731162719,,,,
153953,猎聘,能源/化工/环保,化学,核酸化学合成,企业职位,海昶生物,100-499人,,武汉,杭州-钱塘区,博士,1-3年,25-40k·14薪,,,,https://www.liepin.com/job/1981842597.shtml,20260601153731,,,,
153954,猎聘,能源/化工/环保,化学,高中教师（数学、历史、物理、化学）,企业职位,某杭州大型在线教育公司,1000-2000人,,武汉,杭州,本科,3-10年,15-30k,,,,https://www.liepin.com/a/74899725.shtml,20260421165037,,,,
153955,猎聘,能源/化工/环保,化学,实验室化学师（树脂）,企业职位,某宁波大型石化公司,2000-5000人,,武汉,衢州,学历不限,3-5年,20-27k·15薪,,,,https://www.liepin.com/a/74167241.shtml,20260529092942,,,,
153956,猎聘,能源/化工/环保,化学,AP化学老师,企业职位,某杭州培训服务公司,100-499人,,武汉,杭州,本科,5-10年,15-30k,,,,https://www.liepin.com/a/74183161.shtml,20260602122214,,,,
153957,猎聘,能源/化工/环保,化学,化学师,企业职位,海维特化工,100-499人,,武汉,杭州-余杭区,本科,1-3年,6-15k,,,,https://www.liepin.com/job/1982751049.shtml,20260609162106,,,,
153958,猎聘,能源/化工/环保,化学,化学分析研究员-硕士-宁波,企业职位,康龙化成,10000人以上,,武汉,宁波-慈溪,硕士,1-3年,10-15k,,,,https://www.liepin.com/job/1967188081.shtml,20250723162451,,,,
153959,猎聘,能源/化工/环保,化学,化学研究院负责人,企业职位,某国内制药上市公司,2000-5000人,,武汉,杭州-萧山区,硕士,10年以上,70-100k,,,,https://www.liepin.com/a/74372603.shtml,20260408114121,,,,
153960,猎聘,能源/化工/环保,化学,IBDP化学老师,企业职位,某宁波大型培训服务公司,500-999人,,武汉,宁波,本科,1-3年,15-30k,,,,https://www.liepin.com/a/74183333.shtml,20260602122214,,,,
153961,猎聘,能源/化工/环保,化学,工艺化学副总监/总监,企业职位,安道药业,50-99人,,武汉,杭州-临平区,硕士,5年以上,25-35k·14薪,,,,https://www.liepin.com/job/1982945245.shtml,20260528124948,,,,
153962,猎聘,能源/化工/环保,化学,制剂工艺研究员 （化学合成）(J26558),企业职位,信达生物制药(苏州)有限公司,5000-10000人,,武汉,杭州-临平区,硕士,3年以上,11-18k·14薪,,,,https://www.liepin.com/job/1980732007.shtml,20260307155829,,,,
153963,猎聘,能源/化工/环保,化学,化学分析测试员,企业职位,某知名公司,10000人以上,,武汉,嘉兴,本科,1-3年,15-30k·30薪,,,,https://www.liepin.com/a/76464489.shtml,20260609140203,,,,
153964,猎聘,能源/化工/环保,化学,化学工程与工艺设计(熟练专业设计人员）,企业职位,浙江华亿工程设计股份有限公司,100-499人,,武汉,绍兴-上虞区,本科,3-5年,20-50k,,,,https://www.liepin.com/job/1973740921.shtml,20260506112811,,,,
153965,猎聘,能源/化工/环保,化学,药物化学高级研究员,企业职位,多禧生物,100-499人,,武汉,杭州-钱塘区,博士,1年以上,20-35k,,,,https://www.liepin.com/job/1978467195.shtml,20260203084913,,,,
153966,猎聘,能源/化工/环保,化学,工艺化学研究员/合成研究员,企业职位,安道药业,50-99人,,武汉,杭州-临平区,本科,5-10年,12-18k,,,,https://www.liepin.com/job/1981589289.shtml,20260528124331,,,,
153967,猎聘,能源/化工/环保,化学,化学气相沉积制程课经理（CVD PE Manager）,企业职位,某杭州大型电子/半导体/集成电路公司,500-999人,,武汉,杭州-富阳区,本科,10年以上,50-60k·16薪,,,,https://www.liepin.com/a/74391423.shtml,20260408160136,,,,
153968,猎聘,能源/化工/环保,化学,化学工程师,企业职位,浙江大学杭州国际科创中心,500-999人,,武汉,杭州-萧山区,硕士,经验不限,10-20k,,,,https://www.liepin.com/job/1976888669.shtml,20260512163118,,,,
153969,猎聘,能源/化工/环保,化学,化学工程与工艺设计,企业职位,浙江华亿工程设计股份有限公司,100-499人,,武汉,绍兴-上虞区,本科,1-3年,13-30k,,,,https://www.liepin.com/job/1973740377.shtml,20260506112811,,,,
153970,猎聘,能源/化工/环保,化学,AP化学老师,企业职位,某知名公司,100-499人,,武汉,宁波,统招本科,1-3年,20-21k,,,,https://www.liepin.com/a/73315673.shtml,20260312170213,,,,
153971,猎聘,能源/化工/环保,化学,核酸化学研究员,企业职位,海昶生物,100-499人,,武汉,杭州-钱塘区,硕士,3年以上,13-26k·14薪,,,,https://www.liepin.com/job/1982496183.shtml,20260513135040,,,,
153972,猎聘,能源/化工/环保,化学,车间负责人（绿色化学合成）,企业职位,浙江博崤生物制药有限公司,100-499人,,武汉,杭州-富阳区,大专,5年以上,10-20k,,,,https://www.liepin.com/job/1981372711.shtml,20260609095737,,,,
153973,猎聘,能源/化工/环保,化学,化学分析主管-宁波,企业职位,康龙化成,10000人以上,,武汉,宁波-慈溪,本科,10年以上,13-20k,,,,https://www.liepin.com/job/1967188257.shtml,20250723162411,,,,
153974,猎聘,能源/化工/环保,化学,化学研究院院长,企业职位,京新药业,2000-5000人,,武汉,杭州-萧山区,博士,10年以上,50-80k,,,,https://www.liepin.com/job/1981833511.shtml,20260416170339,,,,
153975,猎聘,能源/化工/环保,化学,DSE化学生物老师,企业职位,某知名公司,100-499人,,武汉,温州,本科,1-3年,10-15k,,,,https://www.liepin.com/a/76472213.shtml,20260605174433,,,,
153976,猎聘,能源/化工/环保,化学,化学分析研究员,企业职位,京新药业,2000-5000人,,武汉,杭州-萧山区,本科,1-3年,8-10k,,,,https://www.liepin.com/job/1980957639.shtml,20260316133728,,,,
153977,猎聘,能源/化工/环保,化学,化学生产工程师,企业职位,杭州微远生物科技有限公司,50-99人,,武汉,杭州-滨江区,统招本科,5年以上,8-20k·14薪,,,,https://www.liepin.com/job/1981948445.shtml,20260527100218,,,,
153978,猎聘,能源/化工/环保,化学,国际理科老师（数学、物理、化学、经济等）,企业职位,杭州朗思教育咨询有限公司,50-99人,,武汉,杭州-拱墅区,统招本科,经验不限,15-30k·14薪,,,,https://www.liepin.com/job/1980962041.shtml,20260316143850,,,,
153979,猎聘,能源/化工/环保,化学,化学工程与工艺设计（应届生）,企业职位,浙江华亿工程设计股份有限公司,100-499人,,武汉,绍兴-上虞区,本科,经验不限,13-35k,,,,https://www.liepin.com/job/1973739113.shtml,20260506112811,,,,
153980,猎聘,能源/化工/环保,化学,化学分析员,企业职位,杭州拜斯化工科技有限公司,1-49人,,武汉,杭州-临安区,本科,1-3年,5-8k,,,,https://www.liepin.com/job/1975170471.shtml,20260605184241,,,,
153981,猎聘,能源/化工/环保,化学,化学测试工程师（科学仪器）,企业职位,海康威视,10000人以上,,武汉,杭州-滨江区,本科,5年以上,12-24k·15薪,,,,https://www.liepin.com/job/1973958429.shtml,20250419133948,,,,
153982,猎聘,能源/化工/环保,化学,表面化学工程师,企业职位,祥符实验室,50-99人,,武汉,嘉兴-嘉善县,硕士,经验不限,12-20k,,,,https://www.liepin.com/job/1976509859.shtml,20250815092050,,,,
153983,猎聘,能源/化工/环保,化学,化学气相沉积制程课经理,企业职位,某杭州大型电子/半导体/集成电路公司,500-999人,,武汉,杭州-富阳区,本科,5-10年,50-55k·15薪,,,,https://www.liepin.com/a/74425451.shtml,20260409104334,,,,
153984,猎聘,能源/化工/环保,化学,光化学研发工程师,企业职位,浙江仙琚制药股份有限公司,2000-5000人,,武汉,台州-仙居县,硕士,3-5年,15-20k,,,,https://www.liepin.com/job/1977717267.shtml,20251203164700,,,,
153985,猎聘,能源/化工/环保,化学,胶水/助剂类化学工程师/师傅,企业职位,吉邦玮永盛集团,50-99人,,武汉,杭州-萧山区,本科,5年以上,15-25k,,,,https://www.liepin.com/job/1969267565.shtml,20260604080458,,,,
153986,猎聘,能源/化工/环保,化学,化学气相沉积制程工程师（CVD PE）,企业职位,杭州富芯半导体有限公司,500-999人,,武汉,杭州-富阳区,统招本科,1-3年,12-18k·14薪,,,,https://www.liepin.com/job/1979266187.shtml,20260527105957,,,,
153987,猎聘,能源/化工/环保,化学,药物化学研究员,企业职位,杭州西子芯连科技有限公司,1-49人,,武汉,杭州-钱塘区,博士,1-3年,70-100k,,,,https://www.liepin.com/job/1977929249.shtml,20251022132235,,,,
153988,猎聘,能源/化工/环保,化学,化学分析,企业职位,普洛药业股份有限公司,5000-10000人,,武汉,金华,本科,2年以上,8-13k,,,,https://www.liepin.com/job/1963172671.shtml,20260511105812,,,,
153989,猎聘,能源/化工/环保,化学,化学研发科学家,企业职位,浙江梓晨控股集团有限公司,500-999人,,武汉,杭州-滨江区,博士,8年以上,30-45k,,,,https://www.liepin.com/job/1979417889.shtml,20251227113127,,,,
153990,猎聘,能源/化工/环保,化学,电化学研发负责人,企业职位,浙江健拓医疗仪器科技有限公司,1000-2000人,,武汉,杭州-临平区,硕士,5-10年,15-25k·15薪,,,,https://www.liepin.com/job/1960681225.shtml,20260227172101,,,,
153991,猎聘,能源/化工/环保,化学,化学研发负责人-小核酸方向,企业职位,某知名公司,1-49人,,武汉,杭州,博士,10年以上,80-100k,,,,https://www.liepin.com/a/75306623.shtml,20260513144047,,,,
153992,猎聘,能源/化工/环保,化学,检测销售经理/总监（材料化学及失效&可靠性）,企业职位,微谱,1000-2000人,,武汉,宁波-镇海区,本科,5-10年,25-40k·13薪,,,,https://www.liepin.com/job/1977596259.shtml,20260609094753,,,,
153993,猎聘,能源/化工/环保,化学,化学分析员,企业职位,宁波萃英化学技术有限公司,100-499人,,武汉,宁波-鄞州区,硕士,2年以上,12-15k·13薪,,,,https://www.liepin.com/job/1981374401.shtml,20260331104918,,,,
153994,猎聘,能源/化工/环保,化学,电化学气体传感器研发工程师,企业职位,亿联康医疗,100-499人,,武汉,杭州-西湖区,本科,3-5年,25-40k,,,,https://www.liepin.com/job/1979226377.shtml,20251218102211,,,,
153995,猎聘,能源/化工/环保,化学,化学工艺总监,企业职位,某宁波大型制药公司,5000-10000人,,武汉,宁波,博士,5-10年,40-65k,,,,https://www.liepin.com/a/73338891.shtml,20260511093732,,,,
153996,猎聘,能源/化工/环保,化学,高级药物化学研究员,企业职位,杭州西子芯连科技有限公司,1-49人,,武汉,绍兴-柯桥区,博士,3年以上,50-80k,,,,https://www.liepin.com/job/1978273083.shtml,20251112104340,,,,
153997,猎聘,能源/化工/环保,化学,化学工艺技术员,企业职位,览锐光电(宁波)有限公司,100-499人,,武汉,宁波-鄞州区,本科,1年以上,6-8k·13薪,,,,https://www.liepin.com/job/1982284063.shtml,20260506163713,,,,
153998,猎聘,能源/化工/环保,化学,合成化学工程师,企业职位,甬江实验室,100-499人,,武汉,宁波-镇海区,硕士,3年以上,7-11k·14薪,,,,https://www.liepin.com/job/1980546103.shtml,20260429172600,,,,
153999,猎聘,能源/化工/环保,化学,电化学传感器工程师,企业职位,浙江健拓医疗仪器科技有限公司,1000-2000人,,武汉,杭州-临平区,硕士,经验不限,8-10k·15薪,,,,https://www.liepin.com/job/1980317189.shtml,20260227172101,,,,
154000,猎聘,能源/化工/环保,化学,流体化学工程师,企业职位,科百特,5000-10000人,,武汉,杭州-萧山区,本科,2年以上,15-20k,,,,https://www.liepin.com/job/1954008813.shtml,20260601114444,,,,
154001,猎聘,能源/化工/环保,化学,资深电化学博士,企业职位,某杭州专业技术服务公司,,,武汉,绍兴,博士,3年以上,55-60k,,,,https://www.liepin.com/a/74248295.shtml,20260403144625,,,,
154002,猎聘,能源/化工/环保,化学,IVD销售经理（化学发光）,企业职位,某知名医疗器械上市公司,1000-2000人,,武汉,杭州,统招本科,5-10年,10-15k,,,,https://www.liepin.com/a/76470027.shtml,20260609173330,,,,
154003,猎聘,能源/化工/环保,化学,化学镀工程师/高级化学镀工程师,企业职位,飞锃半导体(上海)有限公司,100-499人,,武汉,杭州-钱塘区,本科,3-5年,12-30k,,,,https://www.liepin.com/job/1979845535.shtml,20260119140103,,,,
154004,猎聘,能源/化工/环保,化学,化学药剂工程师,企业职位,浙江莱宝显示科技有限公司,1000-2000人,,武汉,湖州-南浔区,本科,3年以上,12-16k·15薪,,,,https://www.liepin.com/job/1973625017.shtml,20250909164820,,,,
154005,猎聘,能源/化工/环保,化学,药物化学研究员（博士）--衢州复旦研究院,企业职位,衢州复旦研究院,1-49人,,武汉,衢州-柯城区,博士,经验不限,20-35k,,,,https://www.liepin.com/job/1972660263.shtml,20260227155544,,,,
154006,猎聘,能源/化工/环保,化学,计算化学/材料研究员,企业职位,与同技术(无锡)有限公司,1-49人,,武汉,宁波-镇海区,博士,经验不限,20-40k,,,,https://www.liepin.com/job/1979456781.shtml,20260228170558,,,,
154007,猎聘,能源/化工/环保,化学,化学燃料专家,企业职位,某宁波大型整车制造公司,10000人以上,,武汉,宁波,博士,10年以上,50-80k,,,,https://www.liepin.com/a/76199665.shtml,20260529114900,,,,
154008,猎聘,能源/化工/环保,化学,Procurement Supervisor 采购主管 - 化学品/化学原材料/Chemicals/Raw Materials,企业职位,某大型世界500强化工公司,5000-10000人,,武汉,衢州,统招本科,经验不限,20-25k·15薪,,,,https://www.liepin.com/a/75054079.shtml,20260609103155,,,,
154009,猎聘,能源/化工/环保,化学,核酸化学总监,企业职位,某杭州生物技术公司,1-49人,,武汉,杭州,博士,5-10年,70-90k,,,,https://www.liepin.com/a/75099643.shtml,20260427151801,,,,
154010,猎聘,能源/化工/环保,化学,A LEVEL化学教师,企业职位,杭州唯明文化艺术传播有限公司,,,武汉,杭州,本科,1-3年,12-19k,,,,https://www.liepin.com/job/1975863691.shtml,20260312091108,,,,
154011,猎聘,能源/化工/环保,化学,药物化学研究员--衢州复旦研究院,企业职位,衢州复旦研究院,1-49人,,武汉,衢州-柯城区,硕士,1-3年,15-25k,,,,https://www.liepin.com/job/1969904405.shtml,20260227155544,,,,
154012,猎聘,能源/化工/环保,化学,分析项目主管（化学原料药研发）,企业职位,京新药业,2000-5000人,,武汉,杭州-萧山区,硕士,5年以上,15-25k·13薪,,,,https://www.liepin.com/job/1974088165.shtml,20250424163233,,,,
154013,猎聘,能源/化工/环保,化学,化学分析工程师（电镀）,企业职位,宁波埃斯科光电有限公司,100-499人,,武汉,宁波,中专/中技,经验不限,7-9k,,,,https://www.liepin.com/job/1978132269.shtml,20260602103328,,,,
154014,猎聘,能源/化工/环保,化学,有机合成（药物化学）高级研究员,企业职位,凌科药业(杭州)有限公司,50-99人,,武汉,杭州,硕士,5-10年,11-18k,,,,https://www.liepin.com/job/1954897555.shtml,20240118151900,,,,
154015,猎聘,能源/化工/环保,化学,化学发光研发工程师,企业职位,杭州艾普佳臻生物科技有限公司,1-49人,,武汉,杭州-钱塘区,本科,1年以上,7-9k,,,,https://www.liepin.com/job/1981935515.shtml,20260518084130,,,,
154016,猎聘,能源/化工/环保,化学,Procurement Supervisor 采购主管 - 化学品/化学原材料/Chemicals/Raw Materials,企业职位,某大型世界500强化工公司,5000-10000人,,武汉,宁波,统招本科,经验不限,20-25k·15薪,,,,https://www.liepin.com/a/75054071.shtml,20260609103155,,,,
154017,猎聘,能源/化工/环保,化学,化学分析研究员,企业职位,多禧生物,100-499人,,武汉,杭州,本科,3-5年,8-16k·14薪,,,,https://www.liepin.com/job/1931919311.shtml,20251124085211,,,,
154018,猎聘,能源/化工/环保,化学,化学分析研究员（制备分离）,企业职位,高维医药,1-49人,,武汉,杭州-余杭区,本科,1-3年,8-13k·13薪,,,,https://www.liepin.com/job/1978371751.shtml,20260310103339,,,,
154019,猎聘,能源/化工/环保,化学,化学合成工程师,企业职位,上海智峪生物科技有限公司,1-49人,,武汉,杭州-钱塘区,本科,5年以上,10-15k,,,,https://www.liepin.com/job/1974447375.shtml,20250514104520,,,,
154020,猎聘,能源/化工/环保,化学,化学研发工程师,企业职位,天砥科技(嘉兴)有限公司,1-49人,,武汉,嘉兴-南湖区,硕士,经验不限,12-18k·13薪,,,,https://www.liepin.com/job/1974371503.shtml,20250511075717,,,,
154021,猎聘,能源/化工/环保,化学,高级研究员（药物化学）,企业职位,浙江迈同生物医药有限公司,1-49人,,武汉,杭州-萧山区,博士,3-5年,30-35k,,,,https://www.liepin.com/job/1947878715.shtml,20250528112819,,,,
154022,猎聘,能源/化工/环保,化学,化学工程师,企业职位,斯诺科手性(杭州)生物科技有限公司,1-49人,,武汉,杭州-临安区,本科,经验不限,6-12k,,,,https://www.liepin.com/job/1956054175.shtml,20230213153025,,,,
154023,猎聘,能源/化工/环保,化学,小核酸药物化学高级研究员,企业职位,某杭州制药公司,100-499人,,武汉,杭州,硕士,5年以上,40-45k,,,,https://www.liepin.com/a/73853751.shtml,20260409090530,,,,
154024,猎聘,能源/化工/环保,化学,化学分析研究员,企业职位,元嘉生物科技(广东)有限公司,,,武汉,杭州,统招本科,3-5年,10-30k,,,,https://www.liepin.com/job/1935550835.shtml,20210201111636,,,,
154025,猎聘,能源/化工/环保,化学,化学发光研发经理,企业职位,某国内大型生物技术公司,500-999人,,武汉,宁波,硕士,5-10年,25-35k·15薪,,,,https://www.liepin.com/a/76540847.shtml,20260608170755,,,,
154026,猎聘,能源/化工/环保,化学,化学合成高级研究员,企业职位,杭州微远生物科技有限公司,50-99人,,武汉,杭州-滨江区,本科,5年以上,8-20k·14薪,,,,https://www.liepin.com/job/1976727631.shtml,20260226154336,,,,
154027,猎聘,能源/化工/环保,化学,ADC化学总监,企业职位,某制药公司,100-499人,,武汉,湖州,博士,5-10年,60-70k·14薪,,,,https://www.liepin.com/a/74631245.shtml,20260514161740,,,,
154028,猎聘,能源/化工/环保,化学,电化学仿真工程师,企业职位,ATL,10000人以上,,武汉,杭州-上城区,硕士,经验不限,16-24k·13薪,,,,https://www.liepin.com/job/1967382361.shtml,20240708162650,,,,
154029,猎聘,能源/化工/环保,化学,研发工程师（计算化学聚合方向）,企业职位,浙江省化工研究院有限公司,500-999人,,武汉,杭州-西湖区,博士,经验不限,10-20k·18薪,,,,https://www.liepin.com/job/1978363991.shtml,20251111101123,,,,
154030,猎聘,能源/化工/环保,化学,化学合成主管/经理,企业职位,杭州微远生物科技有限公司,50-99人,,武汉,杭州-滨江区,博士,5-10年,20-35k,,,,https://www.liepin.com/job/1977131007.shtml,20260226154336,,,,
154031,猎聘,能源/化工/环保,化学,化学实验室主管,企业职位,浙江创豪,500-999人,,武汉,金华-义乌,本科,5-10年,12-18k·14薪,,,,https://www.liepin.com/job/1978719923.shtml,20251126001653,,,,
154032,猎聘,能源/化工/环保,化学,汽车涂料研发化学师,企业职位,上海薪涂新材料有限公司,500-999人,,武汉,嘉兴-平湖,统招本科,3年以上,20-25k·13薪,,,,https://www.liepin.com/job/1982848943.shtml,20260605090412,,,,
154033,猎聘,能源/化工/环保,化学,【Procurement Supervisor 采购主管 - 化学品/化学原材料/Chemicals/Raw Materials】,企业职位,某大型世界500强化工公司,5000-10000人,,武汉,衢州,统招本科,经验不限,20-25k·15薪,,,,https://www.liepin.com/a/74764611.shtml,20260609103155,,,,
154034,猎聘,能源/化工/环保,化学,有机合成（药物化学）研究员,企业职位,凌科药业(杭州)有限公司,50-99人,,武汉,杭州,本科,3-5年,8-11k,,,,https://www.liepin.com/job/1954897529.shtml,20240118151900,,,,
154035,猎聘,能源/化工/环保,化学,化学镀镍师傅,企业职位,台州市海之恩化学镀有限公司,1-49人,,武汉,台州,中专/中技,1-3年,12-20k,,,,https://www.liepin.com/job/1919307697.shtml,20240912092848,,,,
154036,猎聘,能源/化工/环保,化学,双语数学/化学教师,企业职位,北京顶思致远教育咨询有限公司,1-49人,,武汉,宁波,本科,1-3年,15-20k,,,,https://www.liepin.com/job/1945410645.shtml,20260413150516,,,,
154037,猎聘,能源/化工/环保,化学,化学发光研发经理,企业职位,杭州凯保罗生物科技有限公司,100-499人,,武汉,杭州,本科,3-5年,18-25k,,,,https://www.liepin.com/job/1962399233.shtml,20240314101856,,,,
154038,猎聘,能源/化工/环保,化学,电化学博士,企业职位,国科绿氢,50-99人,,武汉,湖州,博士,1-3年,20-40k,,,,https://www.liepin.com/job/1961291983.shtml,20240104141749,,,,
154039,猎聘,能源/化工/环保,化学,化学研发工程师,企业职位,浙江国能科技有限公司,100-499人,,武汉,湖州-吴兴区,本科,1-3年,6-10k,,,,https://www.liepin.com/job/1963302691.shtml,20240307110443,,,,
154040,猎聘,能源/化工/环保,化学,电化学方法开发工程师,企业职位,宁波容百新能源科技股份有限公司,2000-5000人,,武汉,宁波,统招本科,3年以上,15-25k,,,,https://www.liepin.com/job/1983268033.shtml,20260609095258,,,,
154041,猎聘,能源/化工/环保,化学,化学研发副院长,企业职位,浙江XX药业股份,2000-5000人,,武汉,杭州,博士,10年以上,60-90k,,,,https://www.liepin.com/a/76540531.shtml,20260608170418,,,,
154042,猎聘,能源/化工/环保,化学,药物化学科学家,企业职位,浙江叉异科技有限公司,,,武汉,宁波-慈溪,博士,3-5年,20-50k·20薪,,,,https://www.liepin.com/job/1979283839.shtml,20251222093141,,,,
154043,猎聘,能源/化工/环保,化学,智能化学研究专家,企业职位,青葵智造(北京)科技有限公司,1-49人,,武汉,杭州-余杭区,硕士,3-5年,30-45k·14薪,,,,https://www.liepin.com/job/1982120911.shtml,20260428101019,,,,
154044,猎聘,能源/化工/环保,化学,有机化学工艺研究员,企业职位,嘉兴和剂药业有限公司,1-49人,,武汉,嘉兴-南湖区,本科,1-3年,10-16k,,,,https://www.liepin.com/job/1964611247.shtml,20240729145555,,,,
154045,猎聘,能源/化工/环保,化学,化学生产负责人,企业职位,杭州微远生物科技有限公司,50-99人,,武汉,杭州-滨江区,硕士,5年以上,20-50k·14薪,,,,https://www.liepin.com/job/1980674265.shtml,20260527100218,,,,
154046,猎聘,能源/化工/环保,化学,电化学仿真高级工程师,企业职位,晶科能源有限公司,10000人以上,,武汉,嘉兴-海宁,硕士,5-10年,20-35k·14薪,,,,https://www.liepin.com/job/1977478285.shtml,20250925112822,,,,
154047,猎聘,能源/化工/环保,化学,项目研发工程师（化学类）,企业职位,宁波海尔施基因科技股份有限公司,500-999人,,武汉,宁波,本科,经验不限,7-12k,,,,https://www.liepin.com/job/1936936369.shtml,20240118094410,,,,
154048,猎聘,能源/化工/环保,化学,药物化学总监,企业职位,艾港生物科技(杭州)有限公司,1-49人,,武汉,杭州-钱塘区,博士,3年以上,20-40k,,,,https://www.liepin.com/job/1976687089.shtml,20250822150126,,,,
154049,猎聘,能源/化工/环保,化学,药物化学研究员,企业职位,艾港生物科技(杭州)有限公司,1-49人,,武汉,杭州-钱塘区,本科,3年以上,9-16k,,,,https://www.liepin.com/job/1976687259.shtml,20250822150445,,,,
154050,猎聘,能源/化工/环保,化学,化学技术工程师,企业职位,湖州纯一生物科技有限公司,50-99人,,武汉,湖州-吴兴区,本科,3-5年,10-11k,,,,https://www.liepin.com/job/1977110311.shtml,20251009092759,,,,
154051,猎聘,能源/化工/环保,化学,药物化学高级研究员,企业职位,春禾医药,1-49人,,武汉,杭州-余杭区,博士,1-3年,25-40k,,,,https://www.liepin.com/job/1967039031.shtml,20250114165600,,,,
154052,猎聘,能源/化工/环保,化学,产品化学实验员,企业职位,浙江爱索拓科技有限公司,100-499人,,武汉,杭州-西湖区,大专,1-3年,6-9k,,,,https://www.liepin.com/job/1982693913.shtml,20260520110027,,,,
154053,猎聘,能源/化工/环保,化学,研发工程师（电化学）,企业职位,宁波博雅聚力新材料科技有限公司,100-499人,,武汉,宁波-鄞州区,硕士,经验不限,9-15k·13薪,,,,https://www.liepin.com/job/1979784011.shtml,20260306144801,,,,
154054,猎聘,能源/化工/环保,化学,初高中双语科学（化学）教师,企业职位,桐乡市耀华学校,100-499人,,武汉,嘉兴-桐乡,本科,3-5年,8-15k,,,,https://www.liepin.com/job/1977220335.shtml,20250915110301,,,,
154055,猎聘,能源/化工/环保,化学,化学体系开发工程师,企业职位,零跑科技,10000人以上,,武汉,杭州-滨江区,本科,3-5年,20-35k·14薪,,,,https://www.liepin.com/job/1977713365.shtml,20251208150240,,,,
154056,猎聘,能源/化工/环保,化学,化学检测资深工程师/主管  双休,企业职位,杭州杭美质量技术服务有限公司,50-99人,,武汉,杭州-西湖区,本科,3-5年,8-18k,,,,https://www.liepin.com/job/1965878053.shtml,20240329105503,,,,
154057,猎聘,能源/化工/环保,化学,博士后研究员-化学方向,企业职位,浙江大学杭州国际科创中心,500-999人,,武汉,杭州-萧山区,博士,经验不限,30-35k,,,,https://www.liepin.com/job/1965928423.shtml,20240401145645,,,,
154058,猎聘,能源/化工/环保,化学,化学实验室测试工程师,企业职位,Intertek天祥集团,1000-2000人,,武汉,宁波-鄞州区,大专,1-3年,6-8k·13薪,,,,https://www.liepin.com/job/1946553083.shtml,20220120164534,,,,
154059,猎聘,能源/化工/环保,化学,化学分析,企业职位,嘉善华豪建材有限公司,50-99人,,武汉,嘉兴,本科,经验不限,5-6k·13薪,,,,https://www.liepin.com/job/1935676045.shtml,20210204004930,,,,
154060,猎聘,能源/化工/环保,化学,化学操作,企业职位,浙江铭天电子新材料有限公司,50-99人,,武汉,湖州-安吉县,大专,经验不限,6-9k,,,,https://www.liepin.com/job/1969284641.shtml,20240826123353,,,,
154061,猎聘,能源/化工/环保,化学,化学仪器售后工程师,企业职位,北京普立泰科仪器有限公司,100-499人,,武汉,杭州-上城区,大专,1-3年,6-8k·13薪,,,,https://www.liepin.com/job/1929236853.shtml,20210910111753,,,,
154062,猎聘,能源/化工/环保,化学,化学实验室助理,企业职位,氢杉亿林(宁波)新能源科技有限公司,1-49人,,武汉,宁波-海曙区,学历不限,经验不限,4-8k,,,,https://www.liepin.com/job/1952845539.shtml,20220927131654,,,,
154063,猎聘,能源/化工/环保,化学,试剂研发（化学发光）,企业职位,某宁波医疗器械公司,100-499人,,武汉,宁波,硕士,5-10年,20-30k·13薪,,,,https://www.liepin.com/a/76558087.shtml,20260609094657,,,,
154064,猎聘,能源/化工/环保,化学,DSE数学/化学教师,企业职位,杭州朗思教育咨询有限公司,50-99人,,武汉,杭州,统招本科,2年以上,20-35k,,,,https://www.liepin.com/job/1982625275.shtml,20260518160642,,,,
154065,猎聘,能源/化工/环保,化学,工业涂料研发化学师,企业职位,上海薪涂新材料有限公司,500-999人,,武汉,嘉兴-平湖,统招本科,3年以上,18-25k·13薪,,,,https://www.liepin.com/job/1982848995.shtml,20260605090412,,,,
154066,猎聘,能源/化工/环保,化学,化学燃料专家,企业职位,某杭州整车制造上市公司,10000人以上,,武汉,宁波,硕士,10年以上,70-75k·15薪,,,,https://www.liepin.com/a/73872037.shtml,20260422151950,,,,
154067,猎聘,能源/化工/环保,化学,化学研发部文件管理员,企业职位,多禧生物,100-499人,,武汉,杭州,大专,1年以下,6-9k,,,,https://www.liepin.com/job/1945405251.shtml,20240830090542,,,,
154068,猎聘,能源/化工/环保,化学,化学实验室技术员(J10149),企业职位,杭州积海半导体有限公司,1000-2000人,,武汉,杭州-钱塘区,大专,2年以上,5-10k,,,,https://www.liepin.com/job/1980139345.shtml,20260202183444,,,,
154069,猎聘,能源/化工/环保,化学,药品研发（化学助理研究员）,企业职位,浙江鉴湖海外才智开发有限公司,1-49人,,武汉,绍兴-柯桥区,博士,1-4年,30-50k,,,,https://www.liepin.com/job/1981339051.shtml,20260330110531,,,,
154070,猎聘,能源/化工/环保,化学,CMP EE/化学机械抛光设备工程师(J10225),企业职位,芯联集成电路制造股份有限公司,2000-5000人,,武汉,绍兴-越城区,本科,1-3年,10-20k,,,,https://www.liepin.com/job/1966279243.shtml,20251225164945,,,,
154071,猎聘,能源/化工/环保,化学,教学管培生（高中数学物理化学）项目管理(A178153),企业职位,海亮教育科技服务集团,10000人以上,,武汉,杭州-滨江区,本科,1-3年,10-20k,,,,https://www.liepin.com/job/1980145177.shtml,20260203100743,,,,
154072,猎聘,能源/化工/环保,化学,分析工程师（化学）,企业职位,览锐光电(宁波)有限公司,100-499人,,武汉,宁波-鄞州区,本科,5年以上,12-18k·13薪,,,,https://www.liepin.com/job/1979408313.shtml,20260228101646,,,,
154073,猎聘,能源/化工/环保,化学,化学工程师,企业职位,昆山美淼新材料科技有限公司,1-49人,,武汉,嘉兴-南湖区,硕士,1年以下,9-13k·13薪,,,,https://www.liepin.com/job/1978416615.shtml,20260423145325,,,,
154074,猎聘,能源/化工/环保,化学,电化学博士,企业职位,阳光照明,10000人以上,,武汉,绍兴-上虞区,博士,2年以上,25-40k·13薪,,,,https://www.liepin.com/job/1977472777.shtml,20250925095526,,,,
154075,猎聘,能源/化工/环保,化学,化学分析,企业职位,聚立生物医药科技(丽水)有限公司,1-49人,,武汉,丽水-遂昌县,本科,1-3年,6-10k,,,,https://www.liepin.com/job/1949014303.shtml,20250822084114,,,,
154076,猎聘,能源/化工/环保,化学,化学工程师-生物与分子智造研究院（莫一鸣团队） J10389,企业职位,浙江大学杭州国际科创中心,500-999人,,武汉,杭州-萧山区,本科,2年以上,10-12k,,,,https://www.liepin.com/job/1979908093.shtml,20260121142314,,,,
154077,猎聘,能源/化工/环保,化学,化学教师,企业职位,金华市新东方双语学校,100-499人,,武汉,金华-婺城区,本科,5-10年,15-20k·13薪,,,,https://www.liepin.com/job/1956943817.shtml,20230314111750,,,,
154078,猎聘,能源/化工/环保,化学,高级化学分析研究员,企业职位,康龙化成,10000人以上,,武汉,宁波-慈溪,博士,经验不限,25-35k,,,,https://www.liepin.com/job/1968393439.shtml,20250914101100,,,,
154079,猎聘,能源/化工/环保,化学,Sales Director销售总监-带团队 需要化学专业背景,企业职位,某大型石化公司,2000-5000人,,武汉,宁波,本科,10年以上,50-70k·14薪,,,,https://www.liepin.com/a/75393635.shtml,20260609184540,,,,
154080,猎聘,能源/化工/环保,化学,Alevel化学老师,企业职位,浙江常春藤教育科技研究院,100-499人,,武汉,杭州-西湖区,硕士,2年以上,9-14k,,,,https://www.liepin.com/job/1977321609.shtml,20260309140302,,,,
154081,猎聘,能源/化工/环保,化学,化学分析员,企业职位,杭州精构生物科技有限责任公司,50-99人,,武汉,杭州-钱塘区,大专,1-3年,6-8k,,,,https://www.liepin.com/job/1979254439.shtml,20251219101955,,,,
154082,猎聘,能源/化工/环保,化学,化学镀镍熟练工,企业职位,台州市海之恩化学镀有限公司,1-49人,,武汉,台州,中专/中技,经验不限,8-13k,,,,https://www.liepin.com/job/1931077605.shtml,20240912092848,,,,
154083,猎聘,能源/化工/环保,化学,化学竞赛教练,企业职位,乐清市知临中学,5000-10000人,,武汉,温州-乐清,本科,经验不限,40-70k,,,,https://www.liepin.com/job/1977247179.shtml,20250916090556,,,,
154084,猎聘,能源/化工/环保,化学,化学分析编制,企业职位,绿生环境科技(浙江)有限公司,50-99人,,武汉,宁波-鄞州区,硕士,经验不限,8-10k,,,,https://www.liepin.com/job/1972479877.shtml,20250807095335,,,,
154085,猎聘,能源/化工/环保,化学,化学实验室经理,企业职位,杭州杭美质量技术服务有限公司,50-99人,,武汉,杭州-西湖区,本科,5年以上,20-30k,,,,https://www.liepin.com/job/1974652465.shtml,20250522162510,,,,
154086,猎聘,能源/化工/环保,化学,化学仪表维护技术员,企业职位,江苏佰能电力有限公司,100-499人,,武汉,宁波-宁海县,大专,经验不限,5-10k,,,,https://www.liepin.com/job/1965720733.shtml,20240323141045,,,,
154087,猎聘,能源/化工/环保,化学,高分子化学研发人员,企业职位,元嘉生物科技(广东)有限公司,,,武汉,杭州,统招本科,3-5年,10-30k,,,,https://www.liepin.com/job/1935550729.shtml,20210201111653,,,,
154088,猎聘,能源/化工/环保,化学,化学分析,企业职位,聚立生物医药科技(丽水)有限公司,1-49人,,武汉,丽水,本科,经验不限,10-15k·13薪,,,,https://www.liepin.com/job/1946189323.shtml,20220815110228,,,,
154089,猎聘,能源/化工/环保,化学,有机化学采购,企业职位,宁波盈农利德贸易有限公司,50-99人,,武汉,宁波-鄞州区,本科,1-3年,7-10k,,,,https://www.liepin.com/job/1966643815.shtml,20240823161053,,,,
154090,猎聘,能源/化工/环保,化学,化学实验员,企业职位,台州白泽医药科技有限公司,1-49人,,武汉,台州,大专,经验不限,3-5k,,,,https://www.liepin.com/job/1974171019.shtml,20250428152352,,,,
154091,猎聘,能源/化工/环保,化学,化学分析,企业职位,浙江瑞亨电子材料有限公司,100-499人,,武汉,绍兴,中专/中技,经验不限,6-8k·14薪,,,,https://www.liepin.com/job/1938946327.shtml,20221109110256,,,,
154092,猎聘,能源/化工/环保,化学,危险化学品仓库管理员,企业职位,国科产融(杭州)科技发展集团有限公司,1-49人,,武汉,杭州-西湖区,学历不限,经验不限,5-8k,,,,https://www.liepin.com/job/1957102967.shtml,20231017132117,,,,
154093,猎聘,能源/化工/环保,化学,高温电化学/能源材料博士后,企业职位,中国科学院宁波材料技术与工程研究所,1-49人,,武汉,宁波-镇海区,博士,经验不限,30-45k,,,,https://www.liepin.com/job/1972854969.shtml,20250304164523,,,,
154094,猎聘,能源/化工/环保,化学,化学燃料专家,企业职位,某世界500强整车制造上市公司,10000人以上,,武汉,宁波,学历不限,10年以上,60-80k,,,,https://www.liepin.com/a/75426923.shtml,20260520154452,,,,
154095,猎聘,能源/化工/环保,化学,Procurement Supervisor 采购主管 - 化学品/化学原材料/Chemicals/Raw Materials,企业职位,某大型世界500强化工公司,5000-10000人,,武汉,衢州,统招本科,经验不限,20-25k·15薪,,,,https://www.liepin.com/a/75054067.shtml,20260609103155,,,,
154096,猎聘,能源/化工/环保,化学,Sales Director销售总监-带团队 需要化学专业背景,企业职位,某大型石化公司,2000-5000人,,武汉,宁波,本科,10年以上,50-70k·14薪,,,,https://www.liepin.com/a/75394987.shtml,20260609184540,,,,
154097,猎聘,能源/化工/环保,化学,Sales Director销售总监-带团队 需要化学专业背景,企业职位,某大型石化公司,2000-5000人,,武汉,宁波,本科,10年以上,50-70k·14薪,,,,https://www.liepin.com/a/75394163.shtml,20260609184540,,,,
154098,猎聘,能源/化工/环保,化学,博士---纺织化学研究,企业职位,世源科技(嘉兴)医疗电子有限公司,1000-2000人,,武汉,嘉兴,博士,经验不限,25-40k,,,,https://www.liepin.com/job/1966926423.shtml,20260202171123,,,,
154099,猎聘,能源/化工/环保,化学,研发工程师（有机化学方向）,企业职位,某知名公司,100-499人,,武汉,嘉兴-平湖,硕士,3-5年,10-15k,,,,https://www.liepin.com/a/74405663.shtml,20260609181502,,,,
154100,猎聘,能源/化工/环保,化学,化学材料类项目专员,企业职位,迈得医疗,500-999人,,武汉,杭州-上城区,硕士,经验不限,10-30k,,,,https://www.liepin.com/job/1976387323.shtml,20260313132253,,,,
154101,猎聘,能源/化工/环保,化学,Sales Director销售总监-带团队 需要化学专业背景,企业职位,某大型石化公司,2000-5000人,,武汉,宁波,本科,10年以上,50-70k·14薪,,,,https://www.liepin.com/a/75394495.shtml,20260609184540,,,,
154102,猎聘,能源/化工/环保,化学,药物化学助理研究员-衢州复旦研究院,企业职位,衢州复旦研究院,1-49人,,武汉,衢州-柯城区,硕士,经验不限,10-15k,,,,https://www.liepin.com/job/1968057855.shtml,20260227155544,,,,
154103,猎聘,能源/化工/环保,化学,化学编辑,企业职位,浙江良品图书有限公司,50-99人,,武汉,杭州-拱墅区,本科,1-3年,7-9k,,,,https://www.liepin.com/job/1981544103.shtml,20260407163546,,,,
154104,猎聘,能源/化工/环保,化学,化学兼容性开发工程师,企业职位,海康威视,10000人以上,,武汉,杭州-滨江区,硕士,经验不限,15-25k·15薪,,,,https://www.liepin.com/job/1978327425.shtml,20251109202329,,,,
154105,猎聘,能源/化工/环保,化学,双语化学老师,企业职位,某国内大型学校教育公司,500-999人,,武汉,金华,统招本科,经验不限,15-25k,,,,https://www.liepin.com/a/76405637.shtml,20260609105446,,,,
154106,猎聘,能源/化工/环保,化学,国内临床推广专员（体外诊断产品-化学发光）(J12978),企业职位,迈瑞医疗,10000人以上,,武汉,杭州-上城区,本科,3-5年,10-15k·18薪,,,,https://www.liepin.com/job/1960191323.shtml,20250214110918,,,,
154107,猎聘,能源/化工/环保,化学,化学操作工,企业职位,浙江花园营养科技有限公司,,,武汉,金华-婺城区,中专/中技,经验不限,5-6k,,,,https://www.liepin.com/job/1976043567.shtml,20250725154316,,,,
154108,猎聘,能源/化工/环保,化学,药物化学高级经理/副总监,企业职位,某知名上市公司,100-499人,,武汉,杭州,博士,5-10年,40-55k·14薪,,,,https://www.liepin.com/a/76497711.shtml,20260609231207,,,,
154109,猎聘,能源/化工/环保,化学,绍兴地区化学分析员,企业职位,南京药石科技,1000-2000人,,武汉,绍兴-上虞区,统招本科,3年以上,7-10k,,,,https://www.liepin.com/job/1981579033.shtml,20260408145846,,,,
154110,猎聘,能源/化工/环保,化学,化学研发部门经理,企业职位,京新药业,2000-5000人,,武汉,杭州-萧山区,硕士,8年以上,35-45k·14薪,,,,https://www.liepin.com/job/1974088041.shtml,20260127135809,,,,
154111,猎聘,能源/化工/环保,化学,固废工程师（化学）,企业职位,浙江波普环境服务有限公司,5000-10000人,,武汉,杭州-上城区,硕士,3年以上,15-25k,,,,https://www.liepin.com/job/1973444709.shtml,20260608104447,,,,
154112,猎聘,能源/化工/环保,化学,化学工艺设计工程师,企业职位,宁波萃英化学技术有限公司,100-499人,,武汉,宁波-鄞州区,本科,1年以上,15-30k·13薪,,,,https://www.liepin.com/job/1974463303.shtml,20260121103252,,,,
154113,猎聘,能源/化工/环保,化学,产品化学全组分分析SD,企业职位,浙江爱索拓科技有限公司,100-499人,,武汉,杭州-西湖区,本科,5-10年,10-15k,,,,https://www.liepin.com/job/1976874827.shtml,20260104161507,,,,
154114,猎聘,能源/化工/环保,化学,计算化学工程师,企业职位,青葵智造(北京)科技有限公司,1-49人,,武汉,杭州-余杭区,硕士,3-5年,15-25k·14薪,,,,https://www.liepin.com/job/1982127119.shtml,20260427165113,,,,
154115,猎聘,能源/化工/环保,化学,化学检测员,企业职位,乔顿服饰,1000-2000人,,武汉,温州-龙湾区,本科,经验不限,5-8k,,,,https://www.liepin.com/job/1980433987.shtml,20260226132301,,,,
154116,猎聘,能源/化工/环保,化学,alevel数学/物理/化学/经济老师,企业职位,朗阁教育,1000-2000人,,武汉,宁波-海曙区,本科,3-5年,18-25k,,,,https://www.liepin.com/job/1953355941.shtml,20260320114400,,,,
154117,猎聘,能源/化工/环保,化学,化学分析主管,企业职位,浙江闰华数码喷印科技有限公司,50-99人,,武汉,绍兴-上虞区,大专,5年以上,8-12k·13薪,,,,https://www.liepin.com/job/1976670363.shtml,20250821194057,,,,
154118,猎聘,能源/化工/环保,化学,化学合成研发组长,企业职位,普洛药业股份有限公司,5000-10000人,,武汉,金华-东阳,硕士,3-5年,11-20k·15薪,,,,https://www.liepin.com/job/1975791339.shtml,20251216153900,,,,
154119,猎聘,能源/化工/环保,化学,实验室化学分析员,企业职位,浙江聚威高分子材料有限公司,50-99人,,武汉,绍兴-嵊州,中专/中技,2年以上,5-8k,,,,https://www.liepin.com/job/1979378375.shtml,20251225150305,,,,
154120,猎聘,能源/化工/环保,化学,化学检测工程师（有机方向）,企业职位,中汽零部件技术(宁波)有限公司,100-499人,,武汉,宁波-鄞州区,本科,1-3年,8-11k·13薪,,,,https://www.liepin.com/job/1976818511.shtml,20250828190756,,,,
154121,猎聘,能源/化工/环保,化学,助理研究员（材料科学与化学方向）,企业职位,杭州维桢新材料科技有限责任公司,1-49人,,武汉,杭州-萧山区,博士,经验不限,12-20k,,,,https://www.liepin.com/job/1977689323.shtml,20251013165341,,,,
154122,猎聘,能源/化工/环保,化学,化学研发经理,企业职位,光昊光电,50-99人,,武汉,台州-黄岩区,博士,经验不限,20-40k,,,,https://www.liepin.com/job/1971266923.shtml,20250214153521,,,,
154123,猎聘,能源/化工/环保,化学,化学洗净工程师,企业职位,大和热磁,2000-5000人,,武汉,杭州,本科,1-3年,7-10k·14薪,,,,https://www.liepin.com/job/1949113207.shtml,20220421154921,,,,
154124,猎聘,能源/化工/环保,化学,化学工程师,企业职位,得力,10000人以上,,武汉,宁波-宁海县,硕士,经验不限,10-11k·13薪,,,,https://www.liepin.com/job/1962582137.shtml,20231031134905,,,,
154125,猎聘,能源/化工/环保,化学,双语老师（数学、物理、生物、化学）,企业职位,渊学通教育,100-499人,,武汉,宁波-鄞州区,本科,经验不限,13-20k,,,,https://www.liepin.com/job/1962241131.shtml,20240115102756,,,,
154126,猎聘,能源/化工/环保,化学,化学工程师,企业职位,苏州海仟汇科技有限公司,50-99人,,武汉,宁波-奉化区,博士,3-5年,250-300k,,,,https://www.liepin.com/job/1961599791.shtml,20230913152114,,,,
154127,猎聘,能源/化工/环保,化学,化学发光试剂研发,企业职位,杭州康知生物科技有限公司,,,武汉,杭州-临平区,统招本科,1-3年,6-10k·13薪,,,,https://www.liepin.com/job/1955431253.shtml,20230111134833,,,,
154128,猎聘,能源/化工/环保,化学,研发工程师（电化学、陶瓷膜、臭氧、气浮方向）,企业职位,浙江天行健水务有限公司,100-499人,,武汉,杭州-上城区,本科,1-3年,10-20k,,,,https://www.liepin.com/job/1966235437.shtml,20240612133753,,,,
154129,猎聘,能源/化工/环保,化学,研发岗（有机化学合成）,企业职位,博格隆(浙江)生物技术有限公司,100-499人,,武汉,嘉兴,硕士,经验不限,10-13k,,,,https://www.liepin.com/job/1954281251.shtml,20240124091946,,,,
154130,猎聘,能源/化工/环保,化学,药物化学研究,企业职位,杭州肽佳生物科技有限公司,1-49人,,武汉,杭州-滨江区,本科,经验不限,6-12k·13薪,,,,https://www.liepin.com/job/1955015697.shtml,20230423145413,,,,
154131,猎聘,能源/化工/环保,化学,化学工程师,企业职位,科米诺新材料科技(浙江)有限公司,50-99人,,武汉,衢州-常山县,本科,3-5年,10-15k,,,,https://www.liepin.com/job/1961172811.shtml,20231124145307,,,,
154132,猎聘,能源/化工/环保,化学,危险化学品押运员,企业职位,浙江威宝高科涂料有限公司,100-499人,,武汉,宁波,中专/中技,1-3年,6-9k,,,,https://www.liepin.com/job/1967712773.shtml,20240615084559,,,,
154133,猎聘,能源/化工/环保,化学,化学实验室经理,企业职位,启迈(杭州)检测有限公司,100-499人,,武汉,杭州-滨江区,本科,5-10年,薪资面议,,,,https://www.liepin.com/job/1934580757.shtml,20210125111419,,,,
154134,猎聘,能源/化工/环保,化学,化学合成研发工程师,企业职位,浙江辉凯鼎瑞新材料有限公司,1-49人,,武汉,杭州-余杭区,硕士,经验不限,8-16k·13薪,,,,https://www.liepin.com/job/1941995149.shtml,20220506152753,,,,
154135,猎聘,能源/化工/环保,化学,化学镀镍操作师傅,企业职位,台州涌恩化学镀有限公司,1-49人,,武汉,台州-路桥区,博士,经验不限,10-15k,,,,https://www.liepin.com/job/1955633449.shtml,20230130165637,,,,
154136,猎聘,能源/化工/环保,化学,化学实验室检测工程师,企业职位,启迈(杭州)检测有限公司,100-499人,,武汉,杭州-滨江区,本科,1-3年,5-10k,,,,https://www.liepin.com/job/1949245961.shtml,20220426142939,,,,
154137,猎聘,能源/化工/环保,化学,化学仪表维护技术员,企业职位,浙江赫能环境科技有限公司,1-49人,,武汉,杭州-萧山区,大专,1-3年,5-9k,,,,https://www.liepin.com/job/1953849819.shtml,20221111162817,,,,
154138,猎聘,能源/化工/环保,化学,危险化学品车辆司机,企业职位,浙江威宝高科涂料有限公司,100-499人,,武汉,宁波,中专/中技,1-3年,8-12k,,,,https://www.liepin.com/job/1967712677.shtml,20240615082940,,,,
154139,猎聘,能源/化工/环保,化学,化学实验室技术员,企业职位,杭州肽佳生物科技有限公司,1-49人,,武汉,杭州-滨江区,本科,经验不限,6-12k,,,,https://www.liepin.com/job/1955015689.shtml,20230423145413,,,,
154140,猎聘,能源/化工/环保,化学,化学仪表维护技术员,企业职位,浙江赫能环境科技有限公司,1-49人,,武汉,宁波-镇海区,大专,1-3年,5-9k,,,,https://www.liepin.com/job/1953850029.shtml,20221111163044,,,,
154141,猎聘,能源/化工/环保,化学,有机化学,企业职位,桐乡市龙翔纺织有限责任公司,500-999人,,武汉,嘉兴-桐乡,大专,经验不限,5-7k,,,,https://www.liepin.com/job/1945252667.shtml,20220224094138,,,,
154142,猎聘,能源/化工/环保,化学,化学分析,企业职位,杭州烯鲸新材料科技有限公司,1-49人,,武汉,杭州-萧山区,大专,1-3年,5-10k,,,,https://www.liepin.com/job/1931718989.shtml,20220104164827,,,,
154143,猎聘,能源/化工/环保,化学,化学分析,企业职位,浙江月旭材料科技有限公司,50-99人,,武汉,金华,大专,经验不限,4-6k·14薪,,,,https://www.liepin.com/job/1935099197.shtml,20210114152735,,,,
154144,猎聘,能源/化工/环保,化学,化学研发总监,企业职位,某国内制药上市公司,2000-5000人,,武汉,杭州-萧山区,硕士,5年以上,45-70k,,,,https://www.liepin.com/a/76601505.shtml,20260609185852,,,,
154145,猎聘,能源/化工/环保,化学,化学分析测试员,企业职位,某知名公司,10000人以上,,武汉,台州,大专,1-3年,15-30k·14薪,,,,https://www.liepin.com/a/76548773.shtml,20260608195604,,,,
154146,猎聘,能源/化工/环保,化学,高中各科目教师（历史、数学、化学）,企业职位,某国内专业服务公司,100-499人,,武汉,杭州-拱墅区,统招本科,5-10年,15-25k,,,,https://www.liepin.com/a/74553337.shtml,20260608170732,,,,
154147,猎聘,能源/化工/环保,化学,AP化学老师/AP chemistry teacher,企业职位,狄邦教育集团,1000-2000人,,武汉,杭州-拱墅区,统招本科,3-5年,10-20k,,,,https://www.liepin.com/job/1961530293.shtml,20240422152733,,,,
154148,猎聘,能源/化工/环保,化学,材料科学与工程、化学博士,企业职位,浙江大学台州研究院,100-499人,,武汉,台州-椒江区,博士,经验不限,25-30k,,,,https://www.liepin.com/job/1966688533.shtml,20260601112652,,,,
154149,猎聘,能源/化工/环保,化学,动力工程及工程热物理、材料科学与工程、环境科学与工程、化学、化学工程与技术博士,企业职位,浙江大学台州研究院,100-499人,,武汉,台州-椒江区,博士,经验不限,25-30k,,,,https://www.liepin.com/job/1966688567.shtml,20260601112652,,,,
154150,猎聘,能源/化工/环保,化学,化学合成技术员,企业职位,恒敬合创生物医药(浙江)有限公司,100-499人,,武汉,嘉兴-南湖区,大专,1-3年,5-8k,,,,https://www.liepin.com/job/1980916961.shtml,20260313151231,,,,
154151,猎聘,能源/化工/环保,化学,生物医学工程、材料科学与工程、化学、物理学等相关专业博士,企业职位,浙江大学台州研究院,100-499人,,武汉,台州-椒江区,博士,经验不限,25-30k,,,,https://www.liepin.com/job/1966688621.shtml,20260601112652,,,,
154152,猎聘,能源/化工/环保,化学,寒暑假高中英语/化学/历史学科老师,企业职位,某杭州大型IT服务公司,5000-10000人,,武汉,杭州,本科,10年以上,15-25k·13薪,,,,https://www.liepin.com/a/73449939.shtml,20260316215026,,,,
154153,猎聘,能源/化工/环保,化学,汽车化学法规工程师,企业职位,钛和检测认证集团股份有限公司,2000-5000人,,武汉,杭州-钱塘区,本科,3年以上,15-25k,,,,https://www.liepin.com/job/1978865193.shtml,20260529132323,,,,
154154,猎聘,能源/化工/环保,化学,普高科学（物理、化学、生物）教师,企业职位,耀华国际教育,1000-2000人,,武汉,嘉兴-桐乡,本科,1-3年,10-20k,,,,https://www.liepin.com/job/1974511107.shtml,20260420104744,,,,
154155,猎聘,能源/化工/环保,化学,A-LEVEL双语理科教师（物理化学数学）,企业职位,海亮教育科技服务集团,10000人以上,,武汉,绍兴-诸暨,统招本科,经验不限,12-22k,,,,https://www.liepin.com/job/1929216899.shtml,20260422100234,,,,
154156,猎聘,能源/化工/环保,化学,化学气相沉积工艺工程师/CVD PE(J10011),企业职位,芯联集成电路制造股份有限公司,2000-5000人,,武汉,绍兴-越城区,本科,2年以上,10-20k,,,,https://www.liepin.com/job/1979026339.shtml,20251209164220,,,,
154157,猎聘,能源/化工/环保,化学,国际高中IGCSE/A-Level化学双语教师,企业职位,温州森马协和国际学校,100-499人,,武汉,温州-瓯海区,本科,3-5年,12-25k,,,,https://www.liepin.com/job/1962283059.shtml,20260413110349,,,,
154158,猎聘,能源/化工/环保,化学,CMP PE/化学机械抛光工艺工程师(J10176),企业职位,芯联集成电路制造股份有限公司,2000-5000人,,武汉,绍兴-越城区,本科,2年以上,10-20k,,,,https://www.liepin.com/job/1979022423.shtml,20251209154119,,,,
154159,猎聘,能源/化工/环保,化学,采购专员（化学方向）,企业职位,河南逸祥卫生科技有限公司,2000-5000人,,武汉,杭州-滨江区,本科,3-5年,6-9k,,,,https://www.liepin.com/job/1983177255.shtml,20260605094251,,,,
154160,猎聘,能源/化工/环保,化学,计量校准工程师（几何量/热工/力学/化学/电学/医疗）,企业职位,深检集团(浙江)质量技术服务有限公司,100-499人,,武汉,绍兴-越城区,硕士,1-3年,7-12k,,,,https://www.liepin.com/job/1978080173.shtml,20251117143321,,,,
154161,猎聘,能源/化工/环保,化学,化学分析研究员,企业职位,浙江湃肽生物股份有限公司,100-499人,,武汉,杭州-钱塘区,统招本科,3-5年,6-13k·13薪,,,,https://www.liepin.com/job/1964667509.shtml,20260323162701,,,,
154162,猎聘,能源/化工/环保,化学,化学原料药销售,企业职位,安信医药,100-499人,,武汉,杭州-拱墅区,大专,1-3年,6-14k·13薪,,,,https://www.liepin.com/job/1965099815.shtml,20240507171619,,,,
154163,猎聘,能源/化工/环保,化学,化学检测销售经理,企业职位,广电计量检测集团股份有限公司,2000-5000人,,武汉,杭州-钱塘区,大专,3-5年,10-15k,,,,https://www.liepin.com/job/1947627819.shtml,20260409102944,,,,
154164,猎聘,能源/化工/环保,化学,化学分析员,企业职位,浙江洁华新材料股份有限公司,100-499人,,武汉,绍兴-上虞区,统招本科,1-3年,5-8k,,,,https://www.liepin.com/job/1978634289.shtml,20260105132003,,,,
154165,猎聘,能源/化工/环保,化学,分子生物学与蛋白质化学实验员,企业职位,拿因生物,1-49人,,武汉,杭州-余杭区,硕士,3-5年,15-18k·14薪,,,,https://www.liepin.com/job/1956071703.shtml,20231012150023,,,,
154166,猎聘,能源/化工/环保,化学,外贸业务员（化学、药学、生物）,企业职位,杭州维康科技有限公司,50-99人,,武汉,杭州-西湖区,统招本科,1年以上,8-15k,,,,https://www.liepin.com/job/1969677741.shtml,20260113102117,,,,
154167,猎聘,能源/化工/环保,化学,分子生物学与蛋白质化学实验员,企业职位,拿因生物,1-49人,,武汉,杭州-余杭区,硕士,3-5年,15-18k·14薪,,,,https://www.liepin.com/job/1956534775.shtml,20240111172527,,,,
154168,猎聘,能源/化工/环保,化学,工艺工程师（无机化学）,企业职位,宁波福至新材料有限公司,50-99人,,武汉,宁波-北仑区,硕士,经验不限,12-24k,,,,https://www.liepin.com/job/1981153783.shtml,20260327100452,,,,
154169,猎聘,能源/化工/环保,化学,专利代理人（电学、化学）,企业职位,深圳市世纪恒程知识产权代理事务所,500-999人,,武汉,杭州-滨江区,本科,5年以上,12-16k,,,,https://www.liepin.com/job/1978543125.shtml,20260409112853,,,,
154170,猎聘,能源/化工/环保,化学,化学研发工程师,企业职位,杭州三荣材保新材料科技有限公司,1-49人,,武汉,杭州-萧山区,硕士,3-5年,15-20k,,,,https://www.liepin.com/job/1981083217.shtml,20260319143529,,,,
154171,猎聘,能源/化工/环保,化学,化学合成高级研究员,企业职位,浙江科聚生物医药有限公司,50-99人,,武汉,杭州-钱塘区,本科,5-10年,13-22k,,,,https://www.liepin.com/job/1976047345.shtml,20250725165109,,,,
154172,猎聘,能源/化工/环保,化学,化学分析员,企业职位,杭州精构生物科技有限责任公司,50-99人,,武汉,杭州-钱塘区,本科,3-5年,6-8k,,,,https://www.liepin.com/job/1971844721.shtml,20250625151706,,,,
154173,猎聘,能源/化工/环保,化学,高中物理/化学/生物,企业职位,群芳教育,100-499人,,武汉,温州,本科,1-3年,12-24k,,,,https://www.liepin.com/job/1965158167.shtml,20250304113255,,,,
154174,猎聘,能源/化工/环保,化学,Alevel 生物/化学双语教师,企业职位,浙中阿德科特学校,100-499人,,武汉,金华-浦江县,硕士,3-5年,20-25k·13薪,,,,https://www.liepin.com/job/1946079021.shtml,20220518163610,,,,
154175,猎聘,能源/化工/环保,化学,国际学科老师(数学/物理/化学),企业职位,新东方教育科技集团有限公司,10000人以上,,武汉,温州-鹿城区,本科,经验不限,12-20k,,,,https://www.liepin.com/job/1973169489.shtml,20250317135912,,,,
154176,猎聘,能源/化工/环保,化学,化学计量校准工程师,企业职位,中测测试科技(杭州)有限公司,100-499人,,武汉,杭州-钱塘区,大专,1-3年,6-15k,,,,https://www.liepin.com/job/1969680313.shtml,20240912142726,,,,
154177,猎聘,能源/化工/环保,化学,A-level生物/化学教师(J10553),企业职位,雅力教育,100-499人,,武汉,金华-浦江县,统招本科,3-5年,10-30k,,,,https://www.liepin.com/job/1977426521.shtml,20250923134838,,,,
154178,猎聘,能源/化工/环保,化学,化学分析员,企业职位,江山富达化工股份有限公司,50-99人,,武汉,衢州-江山,中专/中技,3-5年,4-7k,,,,https://www.liepin.com/job/1978476227.shtml,20251120165455,,,,
154179,猎聘,能源/化工/环保,化学,文物保护研究员（化学）,企业职位,浙江励行文化科技有限公司,50-99人,,武汉,杭州-萧山区,硕士,1-3年,8-12k·15薪,,,,https://www.liepin.com/job/1937931237.shtml,20260112135234,,,,
154180,猎聘,能源/化工/环保,化学,化学助剂销售工程师,企业职位,陕西华润实业公司,,,武汉,杭州-上城区,大专,经验不限,10-15k,,,,https://www.liepin.com/job/1973188823.shtml,20250318180534,,,,
154181,猎聘,能源/化工/环保,化学,化学分析测试员,企业职位,科巢生物,100-499人,,武汉,杭州-余杭区,本科,经验不限,6-12k·14薪,,,,https://www.liepin.com/job/1944602299.shtml,20230222130738,,,,
154182,猎聘,能源/化工/环保,化学,学科老师（数学/物理/化学强基）,企业职位,浙江培尖科技有限公司,100-499人,,武汉,杭州-西湖区,本科,1-3年,20-40k,,,,https://www.liepin.com/job/1959001927.shtml,20230601095108,,,,
154183,猎聘,能源/化工/环保,化学,化学分析,企业职位,元颉新材料科技(浙江)有限公司,50-99人,,武汉,嘉兴-海宁,大专,1-3年,7-10k·13薪,,,,https://www.liepin.com/job/1968223089.shtml,20240709103101,,,,
154184,猎聘,能源/化工/环保,化学,化学工程师,企业职位,杭州锐毅新材料,1-49人,,武汉,杭州-余杭区,统招本科,经验不限,8-13k,,,,https://www.liepin.com/job/1944099137.shtml,20220617160536,,,,
154185,猎聘,能源/化工/环保,化学,化学工程师,企业职位,聚立生物医药科技(丽水)有限公司,1-49人,,武汉,丽水,本科,经验不限,10-15k·13薪,,,,https://www.liepin.com/job/1946174973.shtml,20220815110228,,,,
154186,猎聘,能源/化工/环保,化学,无机化学专业研发工程师,企业职位,四川丁丁文化传媒有限公司,5000-10000人,,武汉,湖州-安吉县,博士,经验不限,30-50k·20薪,,,,https://www.liepin.com/job/1930357831.shtml,20200729144833,,,,
154187,猎聘,能源/化工/环保,化学,化学工程清洗工程师,企业职位,杭州甘德企业管理咨询有限公司,1-49人,,武汉,杭州-上城区,学历不限,经验不限,4-5k,,,,https://www.liepin.com/job/1971684191.shtml,20241230153437,,,,
154188,猎聘,能源/化工/环保,化学,电化学工程师,企业职位,氢杉亿林(宁波)新能源科技有限公司,1-49人,,武汉,宁波-海曙区,硕士,1-3年,5-6k,,,,https://www.liepin.com/job/1937719431.shtml,20210819152904,,,,
154189,猎聘,能源/化工/环保,化学,研发部化学合成研究员,企业职位,杭州美博医药化工有限公司,1-49人,,武汉,杭州-临安区,本科,经验不限,6-10k,,,,https://www.liepin.com/job/1951995957.shtml,20220928093013,,,,
154190,猎聘,能源/化工/环保,化学,化学分析,企业职位,浙江新华新材料科技有限责任公司,100-499人,,武汉,衢州,中专/中技,经验不限,6-8k,,,,https://www.liepin.com/job/1960822345.shtml,20230914133714,,,,
154191,猎聘,能源/化工/环保,化学,负责教师资格考试和教师招聘考试学科专业笔试、面试课程的授课；专业：科学、物理、化学、信息技术、语文、历史、政治、数学、英语、幼儿（师范,企业职位,北京中公教育科技有限公司杭州分公司,5000-10000人,,武汉,杭州-拱墅区,本科,经验不限,7-10k,,,,https://www.liepin.com/job/1927765935.shtml,20200426093206,,,,
154192,猎聘,能源/化工/环保,化学,化学项目经理,企业职位,宁波微芯新材料科技有限公司,50-99人,,武汉,宁波,本科,经验不限,5-8k·13薪,,,,https://www.liepin.com/job/1953549701.shtml,20221102145419,,,,
154193,猎聘,能源/化工/环保,化学,化学分析班长,企业职位,浙江瑞亨电子材料有限公司,100-499人,,武汉,绍兴,本科,3-5年,7-9k·14薪,,,,https://www.liepin.com/job/1938657107.shtml,20221109110256,,,,
154194,猎聘,能源/化工/环保,化学,化学销售（驻地杭州）,企业职位,安耐吉化学,100-499人,,武汉,杭州-钱塘区,本科,经验不限,6-10k,,,,https://www.liepin.com/job/1966831297.shtml,20240510134254,,,,
154195,猎聘,能源/化工/环保,化学,化学分析,企业职位,萧山雅马哈乐器有限公司,500-999人,,武汉,杭州,大专,经验不限,4-6k·13薪,,,,https://www.liepin.com/job/1926902605.shtml,20200324104723,,,,
154196,猎聘,能源/化工/环保,化学,高中物理/化学/生物老师,企业职位,衢州市择成网络技术有限公司,50-99人,,武汉,衢州,本科,经验不限,6-8k,,,,https://www.liepin.com/job/1923996049.shtml,20210410094723,,,,
154197,猎聘,能源/化工/环保,化学,物理、化学检测员,企业职位,万邦德医药控股集团股份有限公司,1000-2000人,,武汉,台州-温岭,大专,1-3年,4-6k,,,,https://www.liepin.com/job/1955550357.shtml,20230127123114,,,,
154198,猎聘,能源/化工/环保,化学,化学实验员,企业职位,浙江华宝油墨有限公司,100-499人,,武汉,湖州-吴兴区,统招本科,经验不限,7-10k,,,,https://www.liepin.com/job/1983292115.shtml,20260609164254,,,,
154199,猎聘,能源/化工/环保,化学,化学工艺工程师,企业职位,联化昂健(浙江)医药股份有限公司,1000-2000人,,武汉,台州-临海,大专,3-5年,8-12k·15薪,,,,https://www.liepin.com/job/1983265353.shtml,20260609091051,,,,
154200,猎聘,能源/化工/环保,化学,化学气相沉积制程课经理（面议）,企业职位,某杭州大型电子/半导体/集成电路公司,500-999人,,武汉,杭州,本科,经验不限,30-60k,,,,https://www.liepin.com/a/76587437.shtml,20260609154619,,,,
154201,猎聘,能源/化工/环保,化学,化学分析员,企业职位,某杭州人工智能公司,1-49人,,武汉,杭州-余杭区,大专,1-3年,9-13k,,,,https://www.liepin.com/a/76553643.shtml,20260609090237,,,,
154202,猎聘,能源/化工/环保,化学,化学气相沉积制程课经理（CVD PE Manager）,企业职位,某杭州大型电子/半导体/集成电路公司,500-999人,,武汉,杭州,统招本科,10年以上,50-70k·14薪,,,,https://www.liepin.com/a/76515227.shtml,20260608112323,,,,
154203,猎聘,能源/化工/环保,化学,ADC化学总监,企业职位,某国内制药上市公司,100-499人,,武汉,杭州,学历不限,10年以上,50-80k,,,,https://www.liepin.com/a/75585729.shtml,20260512165056,,,,
154204,猎聘,能源/化工/环保,化学,化学分析员,企业职位,九洲药业,2000-5000人,,武汉,台州-临海,统招本科,1-3年,6-9k·13薪,,,,https://www.liepin.com/job/1983188677.shtml,20260605141219,,,,
154205,猎聘,能源/化工/环保,化学,ADC化学副总监-总监,企业职位,某国内制药公司,,,武汉,湖州,博士,3-5年,40-70k·14薪,,,,https://www.liepin.com/a/74101819.shtml,20260609084152,,,,
154206,猎聘,能源/化工/环保,化学,研发工程师 / 化学纤维,企业职位,某大型企业,1-49人,,武汉,金华,本科,10年以上,20-30k,,,,https://www.liepin.com/a/74605707.shtml,20260609152340,,,,
154207,猎聘,能源/化工/环保,化学,化学工程师,企业职位,某国内化工上市公司,100-499人,,武汉,衢州,博士,经验不限,27-30k,,,,https://www.liepin.com/a/73420487.shtml,20260316133442,,,,
154208,猎聘,能源/化工/环保,化学,ADC 化学（副）总监,企业职位,某国内制药上市公司,100-499人,,武汉,杭州-余杭区,硕士,5-10年,50-80k·14薪,,,,https://www.liepin.com/a/75436929.shtml,20260608233646,,,,
154209,猎聘,能源/化工/环保,化学,药学、化学、生物学、工程学等相关专业博士,企业职位,浙江大学台州研究院,100-499人,,武汉,台州-椒江区,博士,经验不限,25-30k,,,,https://www.liepin.com/job/1966688641.shtml,20260601112652,,,,
154210,猎聘,能源/化工/环保,化学,化学分析员,企业职位,杭州西子芯连科技有限公司,1-49人,,武汉,绍兴-柯桥区,博士,经验不限,50-60k,,,,https://www.liepin.com/job/1980032255.shtml,20260129133227,,,,
154211,猎聘,能源/化工/环保,化学,化学气相沉积设备工程师/CVD EE(J10153),企业职位,芯联集成电路制造股份有限公司,2000-5000人,,武汉,绍兴-越城区,统招本科,1-3年,8-15k,,,,https://www.liepin.com/job/1950784537.shtml,20251225164956,,,,
154212,猎聘,能源/化工/环保,化学,Alevel 双语物理 经济 数学 化学  艺术老师 (MJ000023),企业职位,荣怀集团有限公司,2000-5000人,,武汉,绍兴-诸暨,统招本科,经验不限,12-24k,,,,https://www.liepin.com/job/1973881531.shtml,20250416152020,,,,
154213,猎聘,能源/化工/环保,化学,家居用品及化学材料检测销售代表,企业职位,深检集团(浙江)质量技术服务有限公司,100-499人,,武汉,绍兴-越城区,大专,1年以上,6-12k·14薪,,,,https://www.liepin.com/job/1972993045.shtml,20260213090025,,,,
154214,猎聘,能源/化工/环保,化学,材料研究院院长,猎头职位,某知名新能源公司,100-499人,,武汉,杭州,硕士,10年以上,70-100k,,,,https://www.liepin.com/a/74130219.shtml,20260601172603,,,,
154215,猎聘,能源/化工/环保,化学,电极材料研发工程师,猎头职位,某知名公司,1000-2000人,,武汉,杭州-上城区,学历不限,3-5年,25-35k·14薪,,,,https://www.liepin.com/a/74231401.shtml,20260601104219,,,,
154216,猎聘,能源/化工/环保,化学,材料研发工程师（胶黏剂类）,猎头职位,某杭州新材料公司,50-99人,,武汉,杭州,统招本科,3年以上,12-20k·13薪,,,,https://www.liepin.com/a/75389261.shtml,20260606084913,,,,
154217,猎聘,能源/化工/环保,化学,质量总监,猎头职位,某国内大型新能源公司,10000人以上,,武汉,湖州,本科,5-10年,60-80k,,,,https://www.liepin.com/a/74833071.shtml,20260609112337,,,,
154218,猎聘,能源/化工/环保,化学,电极材料研发工程师,猎头职位,某杭州新能源公司,50-99人,,武汉,杭州,硕士,5-10年,20-25k,,,,https://www.liepin.com/a/73845637.shtml,20260609195217,,,,
154219,猎聘,能源/化工/环保,化学,金属材料工程师（表面处理）,猎头职位,某杭州医疗器械上市公司,500-999人,,武汉,杭州,硕士,5-10年,15-25k,,,,https://www.liepin.com/a/76031687.shtml,20260525173454,,,,
154220,猎聘,能源/化工/环保,化学,质谱研发工程师,猎头职位,某生物科技公司,100-499人,,武汉,杭州,硕士,3-5年,20-25k,,,,https://www.liepin.com/a/76219785.shtml,20260529181350,,,,
154221,猎聘,能源/化工/环保,化学,Project Manager （项目经理）,猎头职位,某国内制药上市公司,5000-10000人,,武汉,金华-东阳,学历不限,1-3年,15-30k·15薪,,,,https://www.liepin.com/a/75956243.shtml,20260601094647,,,,
154222,猎聘,能源/化工/环保,化学,高级研发工程师,猎头职位,某杭州医疗器械公司,1-49人,,武汉,杭州,硕士,5-10年,20-30k·18薪,,,,https://www.liepin.com/a/74669041.shtml,20260521194936,,,,
154223,猎聘,能源/化工/环保,化学,结晶首席科学家,猎头职位,某制药上市公司,5000-10000人,,武汉,杭州,博士,10年以上,70-90k·14薪,,,,https://www.liepin.com/a/75762371.shtml,20260609091227,,,,
154224,猎聘,能源/化工/环保,化学,电池科学家，博士后,猎头职位,某杭州新能源公司,50-99人,,武汉,杭州,博士,经验不限,50-80k,,,,https://www.liepin.com/a/76118055.shtml,20260527151323,,,,
154225,猎聘,能源/化工/环保,化学,有机合成研究员,猎头职位,某国内制药公司,1000-2000人,,武汉,台州,本科,经验不限,12-18k,,,,https://www.liepin.com/a/76115381.shtml,20260527144439,,,,
154226,猎聘,能源/化工/环保,化学,抛光液研发工程师,猎头职位,某国内学术/科研公司,50-99人,,武汉,衢州,大专,3-5年,15-30k,,,,https://www.liepin.com/a/75570641.shtml,20260512141818,,,,
154227,猎聘,能源/化工/环保,化学,高分子材料研发工程师,猎头职位,某国内化工公司,100-499人,,武汉,嘉兴-嘉善县,博士,经验不限,20-30k·16薪,,,,https://www.liepin.com/a/76383109.shtml,20260603185918,,,,
154228,猎聘,能源/化工/环保,化学,连续流转化工艺研究员,猎头职位,某大型知名制药公司,500-999人,,武汉,绍兴,学历不限,3-5年,20-40k,,,,https://www.liepin.com/a/75642323.shtml,20260609101047,,,,
154229,猎聘,能源/化工/环保,化学,材料研发工程师,猎头职位,宁波知名外资汽配行业,100-499人,,武汉,宁波,统招本科,1-3年,13-22k·15薪,,,,https://www.liepin.com/a/75410097.shtml,20260609083155,,,,
154230,猎聘,能源/化工/环保,化学,胶粘剂研发工程师,猎头职位,某杭州新材料公司,50-99人,,武汉,杭州,大专,3年以上,15-25k·13薪,,,,https://www.liepin.com/a/76055553.shtml,20260526112819,,,,
154231,猎聘,能源/化工/环保,化学,多肽研发主任/高级主任/总监/高级总监,猎头职位,某杭州大型制药公司,500-999人,,武汉,杭州-余杭区,硕士,经验不限,35-60k,,,,https://www.liepin.com/a/75937701.shtml,20260522095300,,,,
154232,猎聘,能源/化工/环保,化学,钠离子产品研发,猎头职位,某杭州整车制造上市公司,10000人以上,,武汉,宁波-慈溪,学历不限,3-5年,22-30k,,,,https://www.liepin.com/a/75283675.shtml,20260506112857,,,,
154233,猎聘,能源/化工/环保,化学,EHS主管,猎头职位,某世界500强化工上市公司,5000-10000人,,武汉,嘉兴,统招本科,5-10年,16-20k·16薪,,,,https://www.liepin.com/a/76240187.shtml,20260601093933,,,,
154234,猎聘,能源/化工/环保,化学,聚酰亚胺（PI/CPI）研发专家,猎头职位,某宁波化工上市公司,1000-2000人,,武汉,宁波,博士,3年以上,35-45k·13薪,,,,https://www.liepin.com/a/75227415.shtml,20260601135505,,,,
154235,猎聘,能源/化工/环保,化学,质量保证经理/总监,猎头职位,某北京制药上市公司,10000人以上,,武汉,杭州,本科,经验不限,45-75k,,,,https://www.liepin.com/a/76090767.shtml,20260527091004,,,,
154236,猎聘,能源/化工/环保,化学,国企研究总院-新材料工程师,猎头职位,某杭州政府/公共事业公司,100-499人,,武汉,杭州,硕士,5-10年,25-40k·14薪,,,,https://www.liepin.com/a/71987273.shtml,20260609132908,,,,
154237,猎聘,能源/化工/环保,化学,实验室工程师,猎头职位,某宁波大型机械/设备公司,1000-2000人,,武汉,宁波-镇海区,统招本科,3-5年,15-20k,,,,https://www.liepin.com/a/76191011.shtml,20260529095701,,,,
154238,猎聘,能源/化工/环保,化学,胶粘剂研发工程师,猎头职位,某杭州新材料公司,50-99人,,武汉,杭州-临平区,统招本科,3年以上,16-25k,,,,https://www.liepin.com/a/74705679.shtml,20260525141651,,,,
154239,猎聘,能源/化工/环保,化学,电池研发科学家（联合培养博士后）,猎头职位,某杭州新能源公司,50-99人,,武汉,杭州,博士,经验不限,50-55k,,,,https://www.liepin.com/a/76337565.shtml,20260602224931,,,,
154240,猎聘,能源/化工/环保,化学,自免试剂研发工程师,猎头职位,某宁波医疗器械上市公司,2000-5000人,,武汉,宁波,硕士,经验不限,15-25k,,,,https://www.liepin.com/a/76176199.shtml,20260604090303,,,,
154241,猎聘,能源/化工/环保,化学,J合成工艺经理,猎头职位,某国内制药上市公司,2000-5000人,,武汉,嘉兴-桐乡,硕士,5-10年,20-35k·14薪,,,,https://www.liepin.com/a/76192727.shtml,20260609073828,,,,
154242,猎聘,能源/化工/环保,化学,无机纳米材料项目负责人,猎头职位,某知名公司,500-999人,,武汉,杭州-钱塘区,硕士,3-5年,20-40k,,,,https://www.liepin.com/a/75444143.shtml,20260511141202,,,,
154243,猎聘,能源/化工/环保,化学,高分子材料研发工程师（薄膜方向）,猎头职位,某上海化工公司,1-49人,,武汉,嘉兴,硕士,经验不限,20-30k,,,,https://www.liepin.com/a/76128547.shtml,20260609102721,,,,
154244,猎聘,能源/化工/环保,化学,研发工程师（电解水制氢AEM研发）,猎头职位,某杭州新能源公司,50-99人,,武汉,杭州,博士,3-5年,30-35k·15薪,,,,https://www.liepin.com/a/73037243.shtml,20260513164241,,,,
154245,猎聘,能源/化工/环保,化学,阳极氧化主管,猎头职位,某国内机械/设备上市公司,1000-2000人,,武汉,衢州,大专,5-10年,15-22k·13薪,,,,https://www.liepin.com/a/76353135.shtml,20260609085637,,,,
154246,猎聘,能源/化工/环保,化学,工程师,猎头职位,某国内知名公司,5000-10000人,,武汉,杭州,硕士,5-10年,23-35k·15薪,,,,https://www.liepin.com/a/74668333.shtml,20260601180807,,,,
154247,猎聘,能源/化工/环保,化学,医药研发总监,猎头职位,药企二,2000-5000人,,武汉,杭州,博士,10年以上,40-50k·16薪,,,,https://www.liepin.com/a/75888585.shtml,20260608082803,,,,
154248,猎聘,能源/化工/环保,化学,抛光液研发工程师（氧化硅、五险一金实缴、双休）,猎头职位,某国内学术/科研公司,50-99人,,武汉,衢州,硕士,1-3年,15-30k,,,,https://www.liepin.com/a/76287757.shtml,20260602091652,,,,
154249,猎聘,能源/化工/环保,化学,胶黏剂研发工程师,猎头职位,某杭州新材料公司,50-99人,,武汉,杭州-临平区,统招本科,3-5年,16-26k,,,,https://www.liepin.com/a/76040909.shtml,20260526090121,,,,
154250,猎聘,能源/化工/环保,化学,合成生物研发负责人,猎头职位,某国内制药公司,1-49人,,武汉,杭州-萧山区,硕士,8年以上,30-50k,,,,https://www.liepin.com/a/75685965.shtml,20260609142243,,,,
154251,猎聘,能源/化工/环保,化学,小核酸研发,猎头职位,某杭州制药公司,100-499人,,武汉,杭州,硕士,3-5年,15-20k,,,,https://www.liepin.com/a/75545619.shtml,20260512082920,,,,
154252,猎聘,能源/化工/环保,化学,合成研究员（职级可以谈到总监）,猎头职位,某国内制药上市公司,500-999人,,武汉,台州,博士,5-10年,30-35k,,,,https://www.liepin.com/a/75841583.shtml,20260608115156,,,,
154253,猎聘,能源/化工/环保,化学,半导体工艺工程师,猎头职位,某国内化工公司,100-499人,,武汉,衢州-柯城区,博士,经验不限,25-40k,,,,https://www.liepin.com/a/74901087.shtml,20260609090635,,,,
154254,猎聘,能源/化工/环保,化学,新品质量高级经理,猎头职位,某大型日化公司,500-999人,,武汉,杭州,本科,5-10年,25-40k·14薪,,,,https://www.liepin.com/a/76334771.shtml,20260609191113,,,,
154255,猎聘,能源/化工/环保,化学,IVD-自免试剂研发工程师（宁波）,猎头职位,某宁波医疗器械上市公司,2000-5000人,,武汉,宁波,硕士,经验不限,20-35k,,,,https://www.liepin.com/a/76168209.shtml,20260528152434,,,,
154256,猎聘,能源/化工/环保,化学,小核酸药物高级研究员,猎头职位,某制药公司,100-499人,,武汉,杭州,硕士,10年以上,30-50k·14薪,,,,https://www.liepin.com/a/72767983.shtml,20260604172314,,,,
154257,猎聘,能源/化工/环保,化学,质量管理经理,猎头职位,某大型日化公司,500-999人,,武汉,杭州-滨江区,统招本科,经验不限,40-55k,,,,https://www.liepin.com/a/76360893.shtml,20260608110436,,,,
154258,猎聘,能源/化工/环保,化学,浸没式冷却液技术员,猎头职位,某国内机械/设备上市公司,100-499人,,武汉,嘉兴,大专,经验不限,35-45k,,,,https://www.liepin.com/a/76277425.shtml,20260601174019,,,,
154259,猎聘,能源/化工/环保,化学,材料研发工程师,猎头职位,某智能硬件/消费电子公司,100-499人,,武汉,杭州,硕士,1年以上,15-25k,,,,https://www.liepin.com/a/73713335.shtml,20260609083747,,,,
154260,猎聘,能源/化工/环保,化学,寡核苷酸研发（职级可以谈部门负责人，合成，分析，纯化都需要）,猎头职位,某国内制药上市公司,500-999人,,武汉,台州,本科,1年以上,30-45k·17薪,,,,https://www.liepin.com/a/74743513.shtml,20260608115156,,,,
154261,猎聘,能源/化工/环保,化学,合技术经理（放大）,猎头职位,某国内制药上市公司,5000-10000人,,武汉,台州-临海,本科,5-10年,20-22k·14薪,,,,https://www.liepin.com/a/76426569.shtml,20260608173915,,,,
154262,猎聘,能源/化工/环保,化学,电芯工艺资深工程师（义乌）,猎头职位,某深圳大型新能源公司,10000人以上,,武汉,金华-义乌,统招本科,8年以上,20-35k·14薪,,,,https://www.liepin.com/a/76216177.shtml,20260609104852,,,,
154263,猎聘,能源/化工/环保,化学,胶黏剂研发工程师,猎头职位,某杭州新材料公司,50-99人,,武汉,杭州-临平区,本科,3-5年,12-20k·13薪,,,,https://www.liepin.com/a/74722251.shtml,20260525143726,,,,
154264,猎聘,能源/化工/环保,化学,电池技术研究院院长,猎头职位,某国内新能源上市公司,10000人以上,,武汉,湖州-长兴县,统招本科,10年以上,90-120k·15薪,,,,https://www.liepin.com/a/75390587.shtml,20260603101145,,,,
154265,猎聘,能源/化工/环保,化学,护肤品研发工程师（护肤功效）,猎头职位,某杭州知名公司,100-499人,,武汉,杭州-临平区,学历不限,5年以上,20-40k·13薪,,,,https://www.liepin.com/a/75400733.shtml,20260603175509,,,,
154266,猎聘,能源/化工/环保,化学,新型材料研究院院长,猎头职位,某国内新能源上市公司,10000人以上,,武汉,湖州-长兴县,硕士,10年以上,90-120k·15薪,,,,https://www.liepin.com/a/75391753.shtml,20260603101145,,,,
154267,猎聘,能源/化工/环保,化学,材料研发工程师（配方开发）,猎头职位,某知名智能硬件/消费电子公司,100-499人,,武汉,杭州,本科,经验不限,15-25k·14薪,,,,https://www.liepin.com/a/76202573.shtml,20260529134135,,,,
154268,猎聘,能源/化工/环保,化学,传感器高级工程师,猎头职位,某杭州科技推广服务公司,1-49人,,武汉,杭州-余杭区,本科,5-10年,20-35k,,,,https://www.liepin.com/a/75770103.shtml,20260518141432,,,,
154269,猎聘,能源/化工/环保,化学,质谱试剂研发工程师,猎头职位,杭州某医学检验公司,100-499人,,武汉,杭州,博士,5-10年,25-35k,,,,https://www.liepin.com/a/75194559.shtml,20260601111603,,,,
154270,猎聘,能源/化工/环保,化学,金属材料工程师（表面处理）,猎头职位,某杭州知名医疗器械公司,500-999人,,武汉,杭州,统招本科,2年以上,15-25k·15薪,,,,https://www.liepin.com/a/76130745.shtml,20260527175225,,,,
154271,猎聘,能源/化工/环保,化学,制剂工艺开发经理,猎头职位,某制药公司,50-99人,,武汉,杭州,统招本科,5-10年,20-30k·14薪,,,,https://www.liepin.com/a/75210785.shtml,20260430091312,,,,
154272,猎聘,能源/化工/环保,化学,集团董事长助理,猎头职位,某国内知名公司,2000-5000人,,武汉,台州,博士,1-3年,35-55k,,,,https://www.liepin.com/a/75641989.shtml,20260513180046,,,,
154273,猎聘,能源/化工/环保,化学,合成总监,猎头职位,某国内制药上市公司,500-999人,,武汉,台州,硕士,5-10年,20-40k,,,,https://www.liepin.com/a/75885065.shtml,20260609093747,,,,
154274,猎聘,能源/化工/环保,化学,中间体合成经理,猎头职位,某国内制药公司,1000-2000人,,武汉,嘉兴,硕士,5年以上,20-35k·13薪,,,,https://www.liepin.com/a/75265419.shtml,20260512185611,,,,
154275,猎聘,能源/化工/环保,化学,质量总监,猎头职位,某国内新能源上市公司,10000人以上,,武汉,湖州-长兴县,统招本科,10年以上,40-50k·15薪,,,,https://www.liepin.com/a/75173381.shtml,20260603101145,,,,
154276,猎聘,能源/化工/环保,化学,有机颜料工程师,猎头职位,某杭州化工上市公司,5000-10000人,,武汉,衢州,学历不限,经验不限,10-15k,,,,https://www.liepin.com/a/75198061.shtml,20260602093004,,,,
154277,猎聘,能源/化工/环保,化学,蛋白纯化主管,猎头职位,某杭州生物技术公司,100-499人,,武汉,杭州,本科,5年以上,20-35k,,,,https://www.liepin.com/a/76431583.shtml,20260608093631,,,,
154278,猎聘,能源/化工/环保,化学,多肽技术员,猎头职位,某国内制药上市公司,5000-10000人,,武汉,金华,学历不限,3-5年,12-20k,,,,https://www.liepin.com/a/74845733.shtml,20260523142059,,,,
154279,猎聘,能源/化工/环保,化学,多肽研究员,猎头职位,某南京制药上市公司,1000-2000人,,武汉,杭州,统招本科,1-3年,13-18k·14薪,,,,https://www.liepin.com/a/75158535.shtml,20260428171614,,,,
154280,猎聘,能源/化工/环保,化学,新药CMC负责人,猎头职位,角逐者猎头,100-499人,,武汉,杭州,硕士,10年以上,50-80k·14薪,,,,https://www.liepin.com/a/76094479.shtml,20260527095113,,,,
154281,猎聘,能源/化工/环保,化学,多肽工艺主任研究员,猎头职位,某杭州制药公司,100-499人,,武汉,杭州,硕士,5-10年,20-40k·14薪,,,,https://www.liepin.com/a/75154779.shtml,20260520135510,,,,
154282,猎聘,能源/化工/环保,化学,研发工程师（电解水制气AEM方向）,猎头职位,某杭州新能源公司,50-99人,,武汉,杭州-萧山区,博士,3-5年,30-35k,,,,https://www.liepin.com/a/75675907.shtml,20260609140454,,,,
154283,猎聘,能源/化工/环保,化学,博士人才（多名）,猎头职位,宁波市某人力资源服务有限公司,50-99人,,武汉,宁波,博士,经验不限,40-65k,,,,https://www.liepin.com/a/76174599.shtml,20260609141446,,,,
154284,猎聘,能源/化工/环保,化学,【有编制】浙江人才引进计划,猎头职位,某国内知名公司,100-499人,,武汉,金华,博士,经验不限,20-25k,,,,https://www.liepin.com/a/72359977.shtml,20260609085734,,,,
154285,猎聘,能源/化工/环保,化学,抛光液研发工程师,猎头职位,某国内学术/科研公司,50-99人,,武汉,衢州,统招本科,5-10年,12-20k·14薪,,,,https://www.liepin.com/a/75562057.shtml,20260522171341,,,,
154286,猎聘,能源/化工/环保,化学,浸没式冷却液技术员,猎头职位,某国内机械/设备上市公司,100-499人,,武汉,嘉兴,大专,经验不限,20-30k,,,,https://www.liepin.com/a/76265051.shtml,20260601151850,,,,
154287,猎聘,能源/化工/环保,化学,PQM质量管理工程师,猎头职位,某国内大型新能源公司,10000人以上,,武汉,杭州,统招本科,3-5年,15-25k·18薪,,,,https://www.liepin.com/a/76366711.shtml,20260603151029,,,,
154288,猎聘,能源/化工/环保,化学,研发负责人 （培养基配方开发方向）,猎头职位,某杭州制药公司,,,武汉,杭州,本科,5-10年,20-35k,,,,https://www.liepin.com/a/73242557.shtml,20260609101827,,,,
154289,猎聘,能源/化工/环保,化学,医药研发总监,猎头职位,某生物医药公司,100-499人,,武汉,杭州,博士,5-10年,70-90k,,,,https://www.liepin.com/a/73619031.shtml,20260608184926,,,,
154290,猎聘,能源/化工/环保,化学,ADC合成高级工程师,猎头职位,某知名制药上市公司,5000-10000人,,武汉,杭州,硕士,3-5年,30-50k,,,,https://www.liepin.com/a/75814601.shtml,20260608165742,,,,
154291,猎聘,能源/化工/环保,化学,材料研发经理（生产经理）,猎头职位,某国内新材料公司,1-49人,,武汉,湖州,本科,经验不限,15-30k,,,,https://www.liepin.com/a/75770293.shtml,20260518141621,,,,
154292,猎聘,能源/化工/环保,化学,电解液研发工程师,猎头职位,某杭州新能源公司,50-99人,,武汉,杭州,博士,5-10年,20-25k,,,,https://www.liepin.com/a/73845547.shtml,20260609195217,,,,
154293,猎聘,能源/化工/环保,化学,固态电池研发,猎头职位,某知名公司,2000-5000人,,武汉,杭州,博士,经验不限,50-80k,,,,https://www.liepin.com/a/75730961.shtml,20260515205127,,,,
154294,猎聘,能源/化工/环保,化学,纯化工程师,猎头职位,某国内化工公司,100-499人,,武汉,衢州-柯城区,博士,经验不限,25-40k,,,,https://www.liepin.com/a/74901393.shtml,20260609090635,,,,
154295,猎聘,能源/化工/环保,化学,蛋白纯化主管,猎头职位,某杭州生物技术公司,100-499人,,武汉,杭州,硕士,10年以上,20-35k,,,,https://www.liepin.com/a/76428811.shtml,20260604175807,,,,
154296,猎聘,能源/化工/环保,化学,药化总监,猎头职位,某上海制药公司,500-999人,,武汉,杭州,博士,5-10年,45-70k,,,,https://www.liepin.com/a/75134325.shtml,20260603174809,,,,
154297,猎聘,能源/化工/环保,化学,中间体合成总监,猎头职位,某国内制药上市公司,100-499人,,武汉,嘉兴-嘉善县,博士,10年以上,75-95k,,,,https://www.liepin.com/a/74681249.shtml,20260527093100,,,,
154298,猎聘,能源/化工/环保,化学,分析主管（职级可谈）,猎头职位,某国内制药上市公司,500-999人,,武汉,台州,本科,3-5年,18-23k,,,,https://www.liepin.com/a/76120497.shtml,20260608115156,,,,
154299,猎聘,能源/化工/环保,化学,电池技术研究院院长,猎头职位,某知名新能源公司,100-499人,,武汉,杭州,统招本科,10年以上,80-100k,,,,https://www.liepin.com/a/74129899.shtml,20260601172603,,,,
154300,猎聘,能源/化工/环保,化学,研发总工程师（大储方向）,猎头职位,某杭州大型汽车零部件及配件公司,5000-10000人,,武汉,宁波,硕士,3-5年,100-150k·16薪,,,,https://www.liepin.com/a/75458241.shtml,20260602181211,,,,
154301,猎聘,能源/化工/环保,化学,合成研究院副院长,猎头职位,某国内制药上市公司,2000-5000人,,武汉,杭州,博士,10年以上,40-70k,,,,https://www.liepin.com/a/75488099.shtml,20260528195149,,,,
154302,猎聘,能源/化工/环保,化学,技术/研发总监,猎头职位,某国内环保公司,1-49人,,武汉,绍兴,博士,3年以上,50-80k·14薪,,,,https://www.liepin.com/a/76418543.shtml,20260604154545,,,,
154303,猎聘,能源/化工/环保,化学,自免试剂研发工程师       ,猎头职位,某宁波医疗器械上市公司,2000-5000人,,武汉,宁波,统招本科,2-10年,15-22k·13薪,,,,https://www.liepin.com/a/76268675.shtml,20260601155719,,,,
154304,猎聘,能源/化工/环保,化学, 药化总监,猎头职位,某杭州医疗健康公司,50-99人,,武汉,杭州,博士,5-10年,29-50k,,,,https://www.liepin.com/a/75994037.shtml,20260603142934,,,,
154305,猎聘,能源/化工/环保,化学,高级研发工程师（项目经理）,猎头职位,某国内新材料公司,100-499人,,武汉,绍兴,硕士,5-10年,15-30k·13薪,,,,https://www.liepin.com/a/75915925.shtml,20260609083708,,,,
154306,猎聘,能源/化工/环保,化学, 药化总监,猎头职位,某杭州医疗健康公司,50-99人,,武汉,杭州,博士,3-5年,400-500k,,,,https://www.liepin.com/a/75747739.shtml,20260603141704,,,,
154307,猎聘,能源/化工/环保,化学,小核酸事业部负责人/寡核苷酸商务研发生产副总裁,猎头职位,某杭州大型制药公司,500-999人,,武汉,杭州,博士,10年以上,55-80k,,,,https://www.liepin.com/a/75691249.shtml,20260514185648,,,,
154308,猎聘,能源/化工/环保,化学,抛光液研发工程师,猎头职位,某国内学术/科研公司,50-99人,,武汉,衢州,硕士,3-5年,15-25k,,,,https://www.liepin.com/a/75468945.shtml,20260522162514,,,,
154309,猎聘,能源/化工/环保,化学,偏农科方向的生物学科博士,猎头职位,某上海其他商务服务业公司,1-49人,,武汉,杭州,博士,经验不限,30-35k,,,,https://www.liepin.com/a/75783679.shtml,20260518163543,,,,
154310,猎聘,能源/化工/环保,化学,胶黏剂研发工程师（热熔胶及胶带）,猎头职位,某杭州新材料公司,50-99人,,武汉,杭州,学历不限,3-5年,12-20k·15薪,,,,https://www.liepin.com/a/76109031.shtml,20260527132832,,,,
154311,猎聘,能源/化工/环保,化学,寡核苷酸研发生产商业化VP,猎头职位,某杭州制药上市公司,1-49人,,武汉,杭州,博士,10年以上,100-130k·15薪,,,,https://www.liepin.com/a/75007231.shtml,20260603085206,,,,
154312,猎聘,能源/化工/环保,化学,自免试剂研发工程师,猎头职位,某宁波医疗器械上市公司,2000-5000人,,武汉,宁波,硕士,5-10年,25-35k,,,,https://www.liepin.com/a/76317235.shtml,20260602155449,,,,
154313,猎聘,能源/化工/环保,化学,合成生物研发负责人,猎头职位,某国内制药公司,1-49人,,武汉,杭州-萧山区,硕士,5-10年,30-45k,,,,https://www.liepin.com/a/75693533.shtml,20260609173803,,,,
154314,猎聘,能源/化工/环保,化学,抛光液研发工程师,猎头职位,某国内学术/科研公司,50-99人,,武汉,衢州,本科,3-5年,15-25k,,,,https://www.liepin.com/a/75472707.shtml,20260509165900,,,,
154315,猎聘,能源/化工/环保,化学,电诱导解凝胶工艺工程师,猎头职位,某国内化工公司,,,武汉,温州,硕士,3-5年,15-20k,,,,https://www.liepin.com/a/75695843.shtml,20260603130513,,,,
154316,猎聘,能源/化工/环保,化学,固态电池研发（电芯/材料）,猎头职位,某杭州整车制造上市公司,10000人以上,,武汉,宁波,硕士,5-10年,60-90k,,,,https://www.liepin.com/a/75347129.shtml,20260608102327,,,,
154317,猎聘,能源/化工/环保,化学,博士后,猎头职位,某宁波化工上市公司,1000-2000人,,武汉,宁波-江北区,博士,1年以下,20-30k,,,,https://www.liepin.com/a/75926387.shtml,20260525112929,,,,
154318,猎聘,能源/化工/环保,化学,合成博士,猎头职位,某国内制药上市公司,5000-10000人,,武汉,杭州,硕士,5-10年,25-50k,,,,https://www.liepin.com/a/76329239.shtml,20260602172746,,,,
154319,猎聘,能源/化工/环保,化学,电池技术研究院院长,猎头职位,某国内新能源上市公司,10000人以上,,武汉,湖州,统招本科,10年以上,150-200k,,,,https://www.liepin.com/a/75294453.shtml,20260609094734,,,,
154320,猎聘,能源/化工/环保,化学,有机合成研究员,猎头职位,浙江某知名药业有限公司,500-999人,,武汉,台州-仙居县,硕士,3-5年,12-24k,,,,https://www.liepin.com/a/76115503.shtml,20260604100750,,,,
154321,猎聘,能源/化工/环保,化学,蛋白纯化主管,猎头职位,某知名生物技术公司,100-499人,,武汉,杭州,统招本科,5年以上,20-30k,,,,https://www.liepin.com/a/76425599.shtml,20260604171114,,,,
154322,猎聘,能源/化工/环保,化学,环保实验室经理,猎头职位,某国内化工公司,5000-10000人,,武汉,台州,本科,10年以上,20-30k,,,,https://www.liepin.com/a/72714435.shtml,20260513080402,,,,
154323,猎聘,能源/化工/环保,化学,质谱研发工程师,猎头职位,某杭州医疗器械公司,100-499人,,武汉,杭州,博士,3-5年,18-25k,,,,https://www.liepin.com/a/76363957.shtml,20260603144042,,,,
154324,猎聘,能源/化工/环保,化学,PUR高级工程师,猎头职位,某国内贸易进出口公司,100-499人,,武汉,湖州,博士,经验不限,25-30k·15薪,,,,https://www.liepin.com/a/76186365.shtml,20260529081627,,,,
154325,猎聘,能源/化工/环保,化学,电气自动化工程师,猎头职位,某国内金属制品公司,50-99人,,武汉,宁波-余姚,本科,经验不限,18-20k,,,,https://www.liepin.com/a/75727457.shtml,20260515174807,,,,
154326,猎聘,能源/化工/环保,化学,自免试剂研发工程师,猎头职位,某大型知名医疗器械公司,2000-5000人,,武汉,宁波,硕士,5-10年,15-30k,,,,https://www.liepin.com/a/76210501.shtml,20260609211907,,,,
154327,猎聘,能源/化工/环保,化学,高级研发工程师（口腔治疗/护理产品）,猎头职位,某宁波医疗器械公司,50-99人,,武汉,宁波-奉化区,本科,3年以上,12-20k,,,,https://www.liepin.com/a/76156765.shtml,20260528120915,,,,
154328,猎聘,能源/化工/环保,化学,AI4S算法科学家,猎头职位,某杭州专业技术服务公司,1-49人,,武汉,杭州-滨江区,博士,经验不限,35-65k·17薪,,,,https://www.liepin.com/a/75446171.shtml,20260509101926,,,,
154329,猎聘,能源/化工/环保,化学,PCB电镀专家（博士）,猎头职位,某国内化工公司,100-499人,,武汉,衢州,博士,5年以上,40-60k·13薪,,,,https://www.liepin.com/a/75002649.shtml,20260526221030,,,,
154330,猎聘,能源/化工/环保,化学,总经理助理,猎头职位,某国内制药公司,1-49人,,武汉,杭州,硕士,3-5年,25-30k,,,,https://www.liepin.com/a/75451437.shtml,20260609142243,,,,
154331,猎聘,能源/化工/环保,化学,自免试剂研发工程师,猎头职位,某宁波医疗器械上市公司,2000-5000人,,武汉,宁波,学历不限,3-5年,20-30k,,,,https://www.liepin.com/a/76368753.shtml,20260603153304,,,,
154332,猎聘,能源/化工/环保,化学,多肽纯化,猎头职位,某国内大型制药公司,2000-5000人,,武汉,杭州,硕士,5-10年,18-28k,,,,https://www.liepin.com/a/76277807.shtml,20260601174558,,,,
154333,猎聘,能源/化工/环保,化学,多肽高级研发工程师（职级可以谈）,猎头职位,某国内制药上市公司,500-999人,,武汉,台州,硕士,5-10年,25-35k,,,,https://www.liepin.com/a/74433083.shtml,20260608115156,,,,
154334,猎聘,能源/化工/环保,化学,胶黏剂工艺工程师,猎头职位,某国内机械/设备公司,100-499人,,武汉,温州-平阳县,学历不限,1-3年,12-20k,,,,https://www.liepin.com/a/75766235.shtml,20260609141517,,,,
154335,猎聘,能源/化工/环保,化学,高级研发工程师（特种硅油、硅橡胶方向）,猎头职位,某国内化工公司,,,武汉,绍兴,本科,3-5年,20-30k,,,,https://www.liepin.com/a/74198543.shtml,20260603090901,,,,
154336,猎聘,能源/化工/环保,化学,偶联研究员,猎头职位,某国内专业技术服务公司,50-99人,,武汉,绍兴-上虞区,硕士,1-3年,9-13k,,,,https://www.liepin.com/a/75816503.shtml,20260609161538,,,,
154337,猎聘,能源/化工/环保,化学,研发项目经理,猎头职位,某杭州人工智能上市公司,10000人以上,,武汉,杭州,学历不限,5-10年,25-40k,,,,https://www.liepin.com/a/76146623.shtml,20260609090133,,,,
154338,猎聘,能源/化工/环保,化学,EHS主管,猎头职位,某知名公司,50-99人,,武汉,杭州,大专,1-3年,19-23k,,,,https://www.liepin.com/a/75598661.shtml,20260513085806,,,,
154339,猎聘,能源/化工/环保,化学,安全体系/ERC工程师,猎头职位,某上海电子/半导体/集成电路公司,100-499人,,武汉,杭州,本科,3年以上,15-30k,,,,https://www.liepin.com/a/76133809.shtml,20260527191852,,,,
154340,猎聘,能源/化工/环保,化学,实验室技术员,猎头职位,某杭州专业技术服务公司,1-49人,,武汉,杭州,本科,1-3年,10-15k,,,,https://www.liepin.com/a/75844885.shtml,20260608091344,,,,
154341,猎聘,能源/化工/环保,化学,UV高级工程师,猎头职位,某国内贸易进出口公司,100-499人,,武汉,湖州,博士,经验不限,30-35k,,,,https://www.liepin.com/a/75762201.shtml,20260518113640,,,,
154342,猎聘,能源/化工/环保,化学,工艺技术员,猎头职位,某国内石化公司,100-499人,,武汉,衢州-柯城区,统招本科,1-3年,7-9k·13薪,,,,https://www.liepin.com/a/76222679.shtml,20260529222518,,,,
154343,猎聘,能源/化工/环保,化学,自免试剂研发工程师,猎头职位,某宁波医疗器械上市公司,2000-5000人,,武汉,宁波,硕士,1-3年,20-40k,,,,https://www.liepin.com/a/76321483.shtml,20260602155758,,,,
154344,猎聘,能源/化工/环保,化学,小核酸药物高级研究员,猎头职位,某北京人力资源服务上市公司,10000人以上,,武汉,杭州,博士,3年以上,60-70k,,,,https://www.liepin.com/a/76087635.shtml,20260526213432,,,,
154345,猎聘,能源/化工/环保,化学,上游生产经理/主管,猎头职位,某杭州制药上市公司,10000人以上,,武汉,杭州,统招本科,5-7年,17-23k·15薪,,,,https://www.liepin.com/a/76089669.shtml,20260609091503,,,,
154346,猎聘,能源/化工/环保,化学,工艺/制程工程师(PE),猎头职位,某杭州新能源公司,50-99人,,武汉,杭州,本科,5-10年,30-50k,,,,https://www.liepin.com/a/73845455.shtml,20260609195217,,,,
154347,猎聘,能源/化工/环保,化学,AI4S算法科学家,猎头职位,某杭州专业技术服务公司,1-49人,,武汉,杭州-滨江区,博士,1-3年,30-60k·17薪,,,,https://www.liepin.com/a/75468029.shtml,20260509155353,,,,
154348,猎聘,能源/化工/环保,化学,自动化工程师,猎头职位,某上海大型人力资源服务公司,500-999人,,武汉,台州,学历不限,5-10年,20-40k,,,,https://www.liepin.com/a/75668305.shtml,20260514133650,,,,
154349,猎聘,能源/化工/环保,化学,烫金胶黏剂研发员,猎头职位,某国内知名公司,100-499人,,武汉,台州,大专,5-10年,20-30k,,,,https://www.liepin.com/a/73934445.shtml,20260604150640,,,,
154350,猎聘,能源/化工/环保,化学,新药研发总监,猎头职位,某知名公司,50-99人,,武汉,温州,学历不限,10年以上,60-90k,,,,https://www.liepin.com/a/74173297.shtml,20260609101827,,,,
154351,猎聘,能源/化工/环保,化学,高活车间主任,猎头职位,某知名公司,5000-10000人,,武汉,绍兴,本科,5-10年,40-50k,,,,https://www.liepin.com/a/74419601.shtml,20260608093546,,,,
154352,猎聘,能源/化工/环保,化学,生物药药物分析负责人,猎头职位,某知名公司,50-99人,,武汉,杭州,博士,5-10年,40-50k·15薪,,,,https://www.liepin.com/a/73245363.shtml,20260609091227,,,,
154353,猎聘,能源/化工/环保,化学,杭州教师职位,猎头职位,某知名公司,100-499人,,武汉,杭州,本科,经验不限,15-30k·13薪,,,,https://www.liepin.com/a/74423989.shtml,20260519122138,,,,
154354,猎聘,能源/化工/环保,化学,水汽化值班工程师,猎头职位,某国内IT服务公司,100-499人,,武汉,嘉兴,大专,3-5年,20-40k·15薪,,,,https://www.liepin.com/a/75122985.shtml,20260525130610,,,,
154355,猎聘,能源/化工/环保,化学,金属材料工程师,猎头职位,某杭州医疗器械上市公司,500-999人,,武汉,杭州-滨江区,硕士,5-10年,15-25k·14薪,,,,https://www.liepin.com/a/76320109.shtml,20260602154452,,,,
154356,猎聘,能源/化工/环保,化学,护肤品研发工程师(功效产品配方研发),猎头职位,某国内知名医疗器械公司,50-99人,,武汉,杭州,学历不限,5-10年,20-30k,,,,https://www.liepin.com/a/75494615.shtml,20260511095206,,,,
154357,猎聘,能源/化工/环保,化学,研发经理（低温热熔胶膜）,猎头职位,某杭州机械/设备公司,100-499人,,武汉,杭州,本科,5-10年,20-40k,,,,https://www.liepin.com/a/76202657.shtml,20260602153505,,,,
154358,猎聘,能源/化工/环保,化学,生产总监（泰国）,猎头职位,某食品/饮料/酒水公司,100-499人,,武汉,杭州,统招本科,10年以上,30-50k·14薪,,,,https://www.liepin.com/a/74102149.shtml,20260609125209,,,,
154359,猎聘,能源/化工/环保,化学,工艺工程师,猎头职位,某知名公司,1-49人,,武汉,绍兴,大专,2年以上,10-15k·13薪,,,,https://www.liepin.com/a/76335105.shtml,20260602195402,,,,
154360,猎聘,能源/化工/环保,化学,中间体有机合成研究员（带项目组）,猎头职位,某国内制药上市公司,100-499人,,武汉,嘉兴,博士,3年以上,25-35k,,,,https://www.liepin.com/a/75261575.shtml,20260608202210,,,,
154361,猎聘,能源/化工/环保,化学,活性墨水研发工程师,猎头职位,某知名公司,50-99人,,武汉,杭州-萧山区,本科,1-3年,20-40k,,,,https://www.liepin.com/a/76196225.shtml,20260529110116,,,,
154362,猎聘,能源/化工/环保,化学,聚合工艺技术,猎头职位,某国内大型化工公司,10000人以上,,武汉,温州,学历不限,10年以上,40-60k·15薪,,,,https://www.liepin.com/a/74130519.shtml,20260608155659,,,,
154363,猎聘,能源/化工/环保,化学,QC工程师,猎头职位,某国内知名制药公司,500-999人,,武汉,绍兴-上虞区,本科,3年以上,10-15k·14薪,,,,https://www.liepin.com/a/74753773.shtml,20260609161538,,,,
154364,猎聘,能源/化工/环保,化学,供应链计划经理-杭州（医药行业）,猎头职位,某知名制药公司,100-499人,,武汉,杭州,统招本科,2年以上,15-20k,,,,https://www.liepin.com/a/75455253.shtml,20260609084743,,,,
154365,猎聘,能源/化工/环保,化学,代招-某具身智能机器人公司-动力电池系统工程师,猎头职位,某知名公司,100-499人,,武汉,杭州-西湖区,学历不限,经验不限,30-60k·14薪,,,,https://www.liepin.com/a/76051825.shtml,20260603161829,,,,
154366,猎聘,能源/化工/环保,化学,聚酰亚胺（PI/CPI）研发专家 / 高级科学家,猎头职位,某宁波石化上市公司,1000-2000人,,武汉,宁波,博士,3-5年,30-40k·13薪,,,,https://www.liepin.com/a/75225341.shtml,20260430141901,,,,
154367,猎聘,能源/化工/环保,化学,表面处理工程师,猎头职位,某国内其他制造业公司,50-99人,,武汉,嘉兴-海宁,本科,1-3年,15-20k·13薪,,,,https://www.liepin.com/a/74383117.shtml,20260507113548,,,,
154368,猎聘,能源/化工/环保,化学,医学经理（中药）,猎头职位,某杭州大型制药公司,1000-2000人,,武汉,杭州,硕士,1-3年,15-25k·13薪,,,,https://www.liepin.com/a/76321565.shtml,20260609091529,,,,
154369,猎聘,能源/化工/环保,化学,电气自动化工程师,猎头职位,某杭州学术/科研公司,,,武汉,台州-椒江区,本科,3-5年,15-20k,,,,https://www.liepin.com/a/75606387.shtml,20260513101142,,,,
154370,猎聘,能源/化工/环保,化学,焊接工艺工程师,猎头职位,某国内大型新能源公司,5000-10000人,,武汉,湖州,大专,5-10年,20-27k·17薪,,,,https://www.liepin.com/a/75075719.shtml,20260609092355,,,,
154371,猎聘,能源/化工/环保,化学,特种工艺QA,猎头职位,某杭州航空/航天设备公司,100-499人,,武汉,杭州,本科,2年以上,15-18k·13薪,,,,https://www.liepin.com/a/76071711.shtml,20260526155602,,,,
154372,猎聘,能源/化工/环保,化学,总裁助理,猎头职位,某国内化工上市公司,2000-5000人,,武汉,嘉兴-海宁,本科,10年以上,45-60k,,,,https://www.liepin.com/a/75424779.shtml,20260521153109,,,,
154373,猎聘,能源/化工/环保,化学,纯化主管,猎头职位,某杭州生物技术公司,100-499人,,武汉,杭州,本科,5-10年,20-25k·14薪,,,,https://www.liepin.com/a/76428971.shtml,20260604180043,,,,
154374,猎聘,能源/化工/环保,化学,宁波国际学校招聘高中化学老师;,猎头职位,某上海人力资源服务公司,1-49人,,武汉,宁波,学历不限,1-3年,11-17k,,,,https://www.liepin.com/a/76019385.shtml,20260525152050,,,,
154375,猎聘,能源/化工/环保,化学,生产总监,猎头职位,某国内大型新能源公司,5000-10000人,,武汉,湖州,本科,10年以上,25-30k·20薪,,,,https://www.liepin.com/a/75979429.shtml,20260608220428,,,,
154376,猎聘,能源/化工/环保,化学,QA,猎头职位,美资500强医药公司,5000-10000人,,武汉,杭州-钱塘区,统招本科,3-5年,8-11k,,,,https://www.liepin.com/a/76286553.shtml,20260602085912,,,,
154377,猎聘,能源/化工/环保,化学,QC经理（制剂和原料药都需要）,猎头职位,某国内制药上市公司,500-999人,,武汉,台州,本科,5-10年,15-24k·15薪,,,,https://www.liepin.com/a/75216189.shtml,20260608115156,,,,
154378,猎聘,能源/化工/环保,化学,总裁助理（医药行业）,猎头职位,某国内化工上市公司,2000-5000人,,武汉,杭州,本科,10年以上,45-60k,,,,https://www.liepin.com/a/75127581.shtml,20260428100823,,,,
154379,猎聘,能源/化工/环保,化学,pack模组工艺经理,猎头职位,某东莞人力资源服务公司,1-49人,,武汉,湖州,大专,5-10年,22-30k·17薪,,,,https://www.liepin.com/a/75126361.shtml,20260609152206,,,,
154380,猎聘,能源/化工/环保,化学,研发工程师/项目经理（特种硅油/硅橡胶）,猎头职位,某国内化工公司,,,武汉,绍兴,硕士,经验不限,15-20k,,,,https://www.liepin.com/a/75329433.shtml,20260603144310,,,,
154381,猎聘,能源/化工/环保,化学,电气自动化工程师,猎头职位,某杭州学术/科研公司,,,武汉,台州,学历不限,经验不限,16-22k·14薪,,,,https://www.liepin.com/a/75702605.shtml,20260515102942,,,,
154382,猎聘,能源/化工/环保,化学,药品注册,猎头职位,某杭州制药公司,100-499人,,武汉,杭州,学历不限,3年以上,20-30k·14薪,,,,https://www.liepin.com/a/75496873.shtml,20260609111112,,,,
154383,猎聘,能源/化工/环保,化学,小核酸药物高级研究员,猎头职位,某北京人力资源服务上市公司,10000人以上,,武汉,杭州,博士,3年以上,60-70k,,,,https://www.liepin.com/a/76087629.shtml,20260526213417,,,,
154384,猎聘,能源/化工/环保,化学,合成经理,猎头职位,某国内化工公司,100-499人,,武汉,台州-临海,统招本科,7年以上,18-21k,,,,https://www.liepin.com/a/75679845.shtml,20260528092714,,,,
154385,猎聘,能源/化工/环保,化学,厂长-医药质量方向,猎头职位,某杭州生物技术公司,50-99人,,武汉,杭州,本科,10年以上,60-90k·14薪,,,,https://www.liepin.com/a/73530333.shtml,20260603154127,,,,
154386,猎聘,能源/化工/环保,化学,现场QA工程师/高级工程师,猎头职位,某杭州生物技术公司,100-499人,,武汉,杭州,统招本科,3年以上,10-15k·14薪,,,,https://www.liepin.com/a/74131889.shtml,20260401142057,,,,
154387,猎聘,能源/化工/环保,化学,合成生物学博士,猎头职位,某国内农林牧渔公司,50-99人,,武汉,杭州,博士,5-10年,35-40k,,,,https://www.liepin.com/a/73115427.shtml,20260608125959,,,,
154388,猎聘,能源/化工/环保,化学,QA经理/总监,猎头职位,某杭州制药公司,100-499人,,武汉,杭州,本科,3-5年,40-70k·14薪,,,,https://www.liepin.com/a/74196127.shtml,20260609165923,,,,
154389,猎聘,能源/化工/环保,化学,Project Manager（项目经理）,猎头职位,某国内制药上市公司,5000-10000人,,武汉,金华,硕士,3-5年,20-35k·14薪,,,,https://www.liepin.com/a/75202357.shtml,20260528102856,,,,
154390,猎聘,能源/化工/环保,化学,化妆品配方研发经理/总监,猎头职位,某知名公司,,,武汉,湖州,本科,10年以上,20-35k,,,,https://www.liepin.com/a/75798219.shtml,20260608090406,,,,
154391,猎聘,能源/化工/环保,化学,AI for Science研究科学家 ,猎头职位,某杭州人工智能公司,1-49人,,武汉,杭州,博士,经验不限,50-80k·14薪,,,,https://www.liepin.com/a/75056633.shtml,20260607084602,,,,
154392,猎聘,能源/化工/环保,化学,材料工程师（液晶、全息、光敏）,猎头职位,某杭州计算机硬件公司,100-499人,,武汉,杭州-西湖区,硕士,3年以上,20-40k,,,,https://www.liepin.com/a/76389975.shtml,20260608095055,,,,
154393,猎聘,能源/化工/环保,化学,质量保证主管（原料药）,猎头职位,某杭州大型制药公司,500-999人,,武汉,杭州-钱塘区,统招本科,3-5年,15-25k,,,,https://www.liepin.com/a/75480471.shtml,20260601182438,,,,
154394,猎聘,能源/化工/环保,化学,【猎头代招｜急】项目经理（Project Manager）,猎头职位,某国内制药上市公司,5000-10000人,,武汉,金华-东阳,硕士,5-10年,15-30k·15薪,,,,https://www.liepin.com/a/75828047.shtml,20260519160636,,,,
154395,猎聘,能源/化工/环保,化学,研发工程师,猎头职位,某杭州医疗器械公司,100-499人,,武汉,杭州,本科,1-3年,17-25k,,,,https://www.liepin.com/a/75808429.shtml,20260521112250,,,,
154396,猎聘,能源/化工/环保,化学,蛋白纯化与偶联研究员,猎头职位,某上海制药上市公司,5000-10000人,,武汉,杭州,统招本科,3-5年,15-30k,,,,https://www.liepin.com/a/76020833.shtml,20260525153604,,,,
154397,猎聘,能源/化工/环保,化学,工艺整合工程师-PIE,猎头职位,某杭州大型电子/半导体/集成电路公司,5000-10000人,,武汉,杭州,学历不限,5-10年,40-60k·13薪,,,,https://www.liepin.com/a/74198717.shtml,20260526172138,,,,
154398,猎聘,能源/化工/环保,化学,电镀技术专家/资深电镀工程师,猎头职位,某国内电子/半导体/集成电路公司,100-499人,,武汉,湖州,学历不限,经验不限,20-40k,,,,https://www.liepin.com/a/76064929.shtml,20260609102404,,,,
154399,猎聘,能源/化工/环保,化学,研发博士,猎头职位,某知名公司,1-49人,,武汉,台州,博士,1-3年,30-50k,,,,https://www.liepin.com/a/74628703.shtml,20260529153353,,,,
154400,猎聘,能源/化工/环保,化学,环保监管副总监,猎头职位,某国内大型其他行业公司,10000人以上,,武汉,金华,硕士,10年以上,30-40k,,,,https://www.liepin.com/a/72166353.shtml,20260518080735,,,,
154401,猎聘,能源/化工/环保,化学,蛋白纯化与偶联研究员,猎头职位,某杭州其他生活服务公司,50-99人,,武汉,杭州-钱塘区,本科,3-5年,24-25k,,,,https://www.liepin.com/a/76021865.shtml,20260603104141,,,,
154402,猎聘,能源/化工/环保,化学,仪器研发总监,猎头职位,某杭州知名公司,500-999人,,武汉,杭州,硕士,5-10年,25-35k,,,,https://www.liepin.com/a/74331613.shtml,20260525143440,,,,
154403,猎聘,能源/化工/环保,化学,研发工程师,猎头职位,某国内食品/饮料/酒水公司,100-499人,,武汉,嘉兴,学历不限,3-5年,18-22k,,,,https://www.liepin.com/a/76427713.shtml,20260604174143,,,,
154404,猎聘,能源/化工/环保,化学,高级项目经理,猎头职位,某知名公司,10000人以上,,武汉,杭州,硕士,5-10年,30-50k·16薪,,,,https://www.liepin.com/a/75080383.shtml,20260602092309,,,,
154405,猎聘,能源/化工/环保,化学,光谱应用研究工程师,猎头职位,某国内计算机软件公司,,,武汉,杭州,本科,5-10年,20-40k·15薪,,,,https://www.liepin.com/a/76359559.shtml,20260603135100,,,,
154406,猎聘,能源/化工/环保,化学,工艺经理,猎头职位,某国内大型新能源公司,5000-10000人,,武汉,湖州,大专,5-10年,20-29k·17薪,,,,https://www.liepin.com/a/75114773.shtml,20260609092355,,,,
154407,猎聘,能源/化工/环保,化学,生物总监,猎头职位,某国内大型制药公司,10000人以上,,武汉,杭州,博士,5-10年,50-80k,,,,https://www.liepin.com/a/76297549.shtml,20260602104010,,,,
154408,猎聘,能源/化工/环保,化学,QC分析师（生化活性）,猎头职位,某浙江龙头医药企业,5000-10000人,,武汉,杭州,统招本科,1-3年,7-12k·14薪,,,,https://www.liepin.com/a/73645857.shtml,20260608114955,,,,
154409,猎聘,能源/化工/环保,化学,药厂工程项目总监,猎头职位,某国内制药公司,100-499人,,武汉,台州-椒江区,学历不限,5-10年,30-50k·14薪,,,,https://www.liepin.com/a/74738395.shtml,20260609160053,,,,
154410,猎聘,能源/化工/环保,化学,传感器研发工程师：,猎头职位,某杭州科技推广服务公司,1-49人,,武汉,杭州,本科,3-5年,15-25k,,,,https://www.liepin.com/a/74585195.shtml,20260413184440,,,,
154411,猎聘,能源/化工/环保,化学,特种涂层技术支持工程师,猎头职位,某杭州化工公司,100-499人,,武汉,杭州,统招本科,3-5年,15-20k·15薪,,,,https://www.liepin.com/a/75778887.shtml,20260518154309,,,,
154412,猎聘,能源/化工/环保,化学,系统集成研究院院长,猎头职位,某知名新能源公司,100-499人,,武汉,杭州,硕士,10年以上,80-110k,,,,https://www.liepin.com/a/74130371.shtml,20260601172603,,,,
154413,猎聘,能源/化工/环保,化学,Lab Chemist,猎头职位,某上海大型石化公司,1000-2000人,,武汉,嘉兴,学历不限,3-5年,15-25k·13薪,,,,https://www.liepin.com/a/76106763.shtml,20260604145938,,,,
154414,猎聘,能源/化工/环保,化学,硅碳负极研发总监,猎头职位,某杭州电子/半导体/集成电路公司,,,武汉,杭州-建德,硕士,3-5年,60-90k,,,,https://www.liepin.com/a/75936905.shtml,20260522094316,,,,
154415,猎聘,能源/化工/环保,化学,镀膜工艺工程师（光学、半导体）,猎头职位,某知名公司,50-99人,,武汉,杭州,学历不限,3-5年,13-20k·13薪,,,,https://www.liepin.com/a/75248611.shtml,20260522222434,,,,
154416,猎聘,能源/化工/环保,化学,材料研发工程师,猎头职位,某杭州智能硬件/消费电子公司,100-499人,,武汉,杭州-西湖区,硕士,3-5年,20-25k·14薪,,,,https://www.liepin.com/a/73782365.shtml,20260525160222,,,,
154417,猎聘,能源/化工/环保,化学,大学老师（公办）,猎头职位,某南京其他商务服务业公司,50-99人,,武汉,宁波,博士,经验不限,15-20k,,,,https://www.liepin.com/a/73353457.shtml,20260604114553,,,,
154418,猎聘,能源/化工/环保,化学,小核酸研发经理/总监,猎头职位,某国内制药上市公司,2000-5000人,,武汉,杭州,博士,3-5年,35-65k,,,,https://www.liepin.com/a/75873971.shtml,20260609094351,,,,
154419,猎聘,能源/化工/环保,化学,复杂制剂分析开发SM/M,猎头职位,某苏州制药上市公司,5000-10000人,,武汉,杭州,博士,3-5年,40-50k·14薪,,,,https://www.liepin.com/a/75958129.shtml,20260608155629,,,,
154420,猎聘,能源/化工/环保,化学,原料药有机合成组长/研究员2,猎头职位,某国内制药上市公司,5000-10000人,,武汉,金华,统招本科,1-3年,15-28k·15薪,,,,https://www.liepin.com/a/76363853.shtml,20260604094155,,,,
154421,猎聘,能源/化工/环保,化学,工艺经理,猎头职位,某国内新能源上市公司,10000人以上,,武汉,杭州,统招本科,5年以上,30-45k,,,,https://www.liepin.com/a/74189111.shtml,20260609104016,,,,
154422,猎聘,能源/化工/环保,化学,聚酰亚胺（PI/CPI）研发专家,猎头职位,某宁波知名上市公司,1000-2000人,,武汉,宁波,博士,3-5年,30-40k·14薪,,,,https://www.liepin.com/a/75498269.shtml,20260608090521,,,,
154423,猎聘,能源/化工/环保,化学,OCS光学膜-硅胶OCA光学膜涂布工艺,猎头职位,某国内大型化工公司,500-999人,,武汉,湖州,学历不限,经验不限,17-27k·13薪,,,,https://www.liepin.com/a/74680655.shtml,20260601175828,,,,
154424,猎聘,能源/化工/环保,化学,药品研发,猎头职位,某国内制药公司,100-499人,,武汉,杭州,博士,1-3年,40-45k,,,,https://www.liepin.com/a/76031059.shtml,20260525172645,,,,
154425,猎聘,能源/化工/环保,化学,多肽研发主任/高级主任,猎头职位,某杭州大型制药公司,2000-5000人,,武汉,杭州,硕士,5-7年,40-50k,,,,https://www.liepin.com/a/75937255.shtml,20260522094716,,,,
154426,猎聘,能源/化工/环保,化学,高分子材料研发工程师,猎头职位,某国内电气机械/器材上市公司,500-999人,,武汉,杭州,博士,经验不限,30-50k,,,,https://www.liepin.com/a/76266789.shtml,20260601153634,,,,
154427,猎聘,能源/化工/环保,化学,大区销售总监+医药,猎头职位,某杭州大型制药公司,5000-10000人,,武汉,杭州-西湖区,统招本科,5-10年,40-60k,,,,https://www.liepin.com/a/74316411.shtml,20260512105358,,,,
154428,猎聘,能源/化工/环保,化学,BMS系统开发专家,猎头职位,某杭州整车制造上市公司,10000人以上,,武汉,宁波,统招本科,5年以上,50-80k,,,,https://www.liepin.com/a/76316813.shtml,20260602151238,,,,
154429,猎聘,能源/化工/环保,化学,3D ic工艺工程师,猎头职位,某杭州电子/半导体/集成电路公司,50-99人,,武汉,杭州,本科,3-5年,30-35k,,,,https://www.liepin.com/a/74491355.shtml,20260604142556,,,,
154430,猎聘,能源/化工/环保,化学,质量保证主管/质量保证QA（必须有原料药FDA检查经验）,猎头职位,某杭州大型制药公司,10000人以上,,武汉,杭州,统招本科,经验不限,15-25k,,,,https://www.liepin.com/a/76057095.shtml,20260602115748,,,,
154431,猎聘,能源/化工/环保,化学,分析组长/主管（化学小分子）,企业职位,皓元医药,2000-5000人,,西安,合肥-高新区,学历不限,经验不限,10-15k·13薪,,,,https://www.liepin.com/job/1983112313.shtml,20260603145822,,,,
154432,猎聘,能源/化工/环保,化学,流体化学负责人,企业职位,安徽联创生物医药股份有限公司,100-499人,,西安,合肥-肥西县,本科,5年以上,30-50k,,,,https://www.liepin.com/job/1977586035.shtml,20260602133538,,,,
154433,猎聘,能源/化工/环保,化学,研发化学师Chemist（涂料配方）,企业职位,库尔兹压烫科技(合肥)有限公司,500-999人,,西安,合肥-经开区,硕士,1-10年,10-14k,,,,https://www.liepin.com/job/1982138919.shtml,20260609085910,,,,
154434,猎聘,能源/化工/环保,化学,车间副主任（化学工艺）,企业职位,苏州引航生物科技有限公司,500-999人,,西安,芜湖-鸠江区,统招本科,5-10年,10-15k·13薪,,,,https://www.liepin.com/job/1978372231.shtml,20260609085147,,,,
154435,猎聘,能源/化工/环保,化学,研发化学师（薄膜/光学/涂层）,企业职位,库尔兹压烫科技(合肥)有限公司,500-999人,,西安,合肥-经开区,硕士,1-3年,10-14k,,,,https://www.liepin.com/job/1982106645.shtml,20260609085910,,,,
154436,猎聘,能源/化工/环保,化学,化学AI产品专家,企业职位,科学智能物质创制中心,100-499人,,西安,合肥-高新区,硕士,经验不限,15-30k,,,,https://www.liepin.com/job/1983138003.shtml,20260604100748,,,,
154437,猎聘,能源/化工/环保,化学,化学机械研磨工艺工程师 | CMP Process Engineer,企业职位,安徽聚合微电子有限公司,,,西安,合肥-蜀山区,统招本科,3年以上,15-23k·15薪,,,,https://www.liepin.com/job/1982355003.shtml,20260508154944,,,,
154438,猎聘,能源/化工/环保,化学,SQE供应商质量工程师（辅材、结构类、化学类）,企业职位,某合肥科技推广服务公司,,,西安,合肥,统招本科,3-5年,11-18k·15薪,,,,https://www.liepin.com/a/76163827.shtml,20260528143356,,,,
154439,猎聘,能源/化工/环保,化学,AI教育-学科教研专家（语文、数学、英语、化学）-合肥,企业职位,科大讯飞,10000人以上,,西安,合肥-高新区,本科,3年以上,12-30k·14薪,,,,https://www.liepin.com/job/1983086017.shtml,20260602183656,,,,
154440,猎聘,能源/化工/环保,化学,化学工程师,企业职位,合肥国家实验室,1000-2000人,,西安,合肥-高新区,统招本科,5-10年,15-24k,,,,https://www.liepin.com/job/1983182195.shtml,20260605111109,,,,
154441,猎聘,能源/化工/环保,化学,化学合成组长/高级研究员,企业职位,华东医药,10000人以上,,西安,芜湖-弋江区,硕士,3-5年,10-16k·14薪,,,,https://www.liepin.com/job/1960079957.shtml,20260609112846,,,,
154442,猎聘,能源/化工/环保,化学,化学合成工段长(J10188),企业职位,苏州引航生物科技有限公司,500-999人,,西安,芜湖-鸠江区,大专,3-5年,8-12k·13薪,,,,https://www.liepin.com/job/1975176665.shtml,20260609085147,,,,
154443,猎聘,能源/化工/环保,化学,电化学仿真工程师（工研总院岗）(J11893),企业职位,国轩高科,10000人以上,,西安,合肥-包河区,硕士,5年以上,15-30k·13薪,,,,https://www.liepin.com/job/1966857019.shtml,20260318084444,,,,
154444,猎聘,能源/化工/环保,化学,电化学仿真专家(J13339),企业职位,国轩高科,10000人以上,,西安,合肥-包河区,博士,5年以上,30-50k·13薪,,,,https://www.liepin.com/job/1973498061.shtml,20260609085805,,,,
154445,猎聘,能源/化工/环保,化学,化学分析员,企业职位,大连赛隆嘉信传媒有限公司,50-99人,,西安,合肥-高新区,大专,1年以上,8-12k·13薪,,,,https://www.liepin.com/job/1982076531.shtml,20260609083032,,,,
154446,猎聘,能源/化工/环保,化学,电芯工艺工程师（偏化学）,企业职位,某国内新能源上市公司,10000人以上,,西安,芜湖,本科,1-3年,15-28k·16薪,,,,https://www.liepin.com/a/74875303.shtml,20260421112044,,,,
154447,猎聘,能源/化工/环保,化学,核酸化学leader,企业职位,某合肥制药公司,100-499人,,西安,合肥,博士,2年以上,30-55k,,,,https://www.liepin.com/a/74366591.shtml,20260609091810,,,,
154448,猎聘,能源/化工/环保,化学,化学机械研磨总监,企业职位,某知名公司,1-49人,,西安,合肥,统招本科,10年以上,70-100k·16薪,,,,https://www.liepin.com/a/75385091.shtml,20260508091946,,,,
154449,猎聘,能源/化工/环保,化学,化学计算研究员,企业职位,机数量子,50-99人,,西安,合肥-高新区,博士,1-3年,25-35k·14薪,,,,https://www.liepin.com/job/1979522477.shtml,20260407085939,,,,
154450,猎聘,能源/化工/环保,化学, 薄膜化学气相沉积制程经理-TF CVD PE,企业职位,某知名公司,1-49人,,西安,合肥-蜀山区,本科,5-10年,25-50k·16薪,,,,https://www.liepin.com/a/75377299.shtml,20260508110510,,,,
154451,猎聘,能源/化工/环保,化学,国内临床推广专员（体外诊断产品-化学发光）,企业职位,迈瑞医疗,10000人以上,,西安,合肥-庐阳区,统招本科,5-10年,10-18k·25薪,,,,https://www.liepin.com/job/1982351647.shtml,20260508145827,,,,
154452,猎聘,能源/化工/环保,化学,化学实验员,企业职位,上海三桐材料科技有限公司,1-49人,,西安,安庆-大观区,本科,经验不限,5-8k,,,,https://www.liepin.com/job/1982703027.shtml,20260520155519,,,,
154453,猎聘,能源/化工/环保,化学,电化学仿真主管工程师,企业职位,奇瑞汽车,10000人以上,,西安,芜湖-弋江区,硕士,3年以上,15-30k·15薪,,,,https://www.liepin.com/job/1980210085.shtml,20260319131701,,,,
154454,猎聘,能源/化工/环保,化学,电化学仿真资深工程师,企业职位,上海轩邑,10000人以上,,西安,合肥-新站区,统招本科,5年以上,15-35k·13薪,,,,https://www.liepin.com/job/1979699465.shtml,20260508084524,,,,
154455,猎聘,能源/化工/环保,化学,电化学仿真资深/高级工程师,企业职位,国轩高科,10000人以上,,西安,合肥-包河区,本科,5-10年,20-40k·13薪,,,,https://www.liepin.com/job/1977140665.shtml,20260311165246,,,,
154456,猎聘,能源/化工/环保,化学,化学分析员,企业职位,杭州继瑾机械设备有限公司,50-99人,,西安,芜湖-鸠江区,学历不限,经验不限,8-12k·13薪,,,,https://www.liepin.com/job/1983160373.shtml,20260609083004,,,,
154457,猎聘,能源/化工/环保,化学,炉管化学沉积设备工程师(J10339),企业职位,长飞先进半导体(武汉)有限公司,1000-2000人,,西安,芜湖-弋江区,统招本科,3年以上,12-25k·15薪,,,,https://www.liepin.com/job/1976562375.shtml,20260602133740,,,,
154458,猎聘,能源/化工/环保,化学,化学热分析检测人员,企业职位,上海新核源生物技术有限公司,1-49人,,西安,安庆-大观区,本科,1-3年,4-7k,,,,https://www.liepin.com/job/1980822511.shtml,20260311100316,,,,
154459,猎聘,能源/化工/环保,化学,化学分析助理工程师(J10702),企业职位,合肥晶合集成电路股份有限公司,5000-10000人,,西安,合肥-新站区,大专,1-3年,5-8k·15薪,,,,https://www.liepin.com/job/1972533949.shtml,20250224170839,,,,
154460,猎聘,能源/化工/环保,化学,炉管化学沉积设备工程师,企业职位,某国内大型电子/半导体/集成电路公司,1000-2000人,,西安,芜湖-弋江区,统招本科,3年以上,15-25k·15薪,,,,https://www.liepin.com/a/76380357.shtml,20260603175210,,,,
154461,猎聘,能源/化工/环保,化学,电化学仿真（高级）工程师 (MJ005483),企业职位,阳光电源,10000人以上,,西安,合肥-肥西县,硕士,3-5年,薪资面议,,,,https://www.liepin.com/job/1980592489.shtml,20260303135809,,,,
154462,猎聘,能源/化工/环保,化学,诚聘初中数学语文物理化学英语老师+高薪+五险,企业职位,合肥恒升教育培训学校有限公司,500-999人,,西安,合肥-经开区,本科,1-3年,10-15k,,,,https://www.liepin.com/job/1954842133.shtml,20260310173603,,,,
154463,猎聘,能源/化工/环保,化学,化学分析员,企业职位,大连顺奥达丰科技有限公司,50-99人,,西安,合肥-庐阳区,本科,2年以上,8-12k·13薪,,,,https://www.liepin.com/job/1982204885.shtml,20260609083040,,,,
154464,猎聘,能源/化工/环保,化学,设备运维经理（化学原料药）,企业职位,某制药公司,100-499人,,西安,芜湖,统招本科,10年以上,18-25k,,,,https://www.liepin.com/a/73805253.shtml,20260528085255,,,,
154465,猎聘,能源/化工/环保,化学,电化学工程师,企业职位,安徽枡水新能源科技有限公司,100-499人,,西安,合肥-高新区,本科,1-3年,9-16k,,,,https://www.liepin.com/job/1981580381.shtml,20260528144038,,,,
154466,猎聘,能源/化工/环保,化学,售前中后工程师（熟悉FFU、化学过滤器的优先）,企业职位,安徽奥雅纳科技有限公司,1-49人,,西安,合肥-肥西县,本科,2年以上,15-45k,,,,https://www.liepin.com/job/1979052581.shtml,20251216095836,,,,
154467,猎聘,能源/化工/环保,化学,化学工艺工程师 (MJ005062),企业职位,阳光电源,10000人以上,,西安,合肥,本科,3-5年,薪资面议,,,,https://www.liepin.com/job/1978717319.shtml,20251125183541,,,,
154468,猎聘,能源/化工/环保,化学,化学机械研磨研发专家 I TD CMP Expert(J18516),企业职位,长鑫存储技术有限公司,2000-5000人,,西安,合肥-蜀山区,硕士,5年以上,30-60k·16薪,,,,https://www.liepin.com/job/1979875589.shtml,20260120132000,,,,
154469,猎聘,能源/化工/环保,化学,化学需求工程师,企业职位,机数量子,50-99人,,西安,合肥-包河区,硕士,3-5年,8-12k·14薪,,,,https://www.liepin.com/job/1979963229.shtml,20260123140556,,,,
154470,猎聘,能源/化工/环保,化学,化学工艺工程师,企业职位,原力新材料(合肥)有限公司,1-49人,,西安,合肥-高新区,本科,5年以上,7-10k·13薪,,,,https://www.liepin.com/job/1974744439.shtml,20251023151650,,,,
154471,猎聘,能源/化工/环保,化学,流体化学主管,企业职位,安耐吉化学,100-499人,,西安,安庆-大观区,统招本科,3-5年,12-20k,,,,https://www.liepin.com/job/1969878759.shtml,20260507145638,,,,
154472,猎聘,能源/化工/环保,化学,计算化学研究员,企业职位,北京鼎材科技有限公司,100-499人,,西安,合肥-新站区,硕士,1-3年,12-18k,,,,https://www.liepin.com/job/1978384031.shtml,20260609100445,,,,
154473,猎聘,能源/化工/环保,化学,智能电化学检测仪器产品负责人,企业职位,合肥亚慕信息科技有限公司,50-99人,,西安,合肥-高新区,本科,3-5年,25-40k,,,,https://www.liepin.com/job/1982077429.shtml,20260424165131,,,,
154474,猎聘,能源/化工/环保,化学,化学实验室技术员,企业职位,安徽亚龙新材料有限公司,1-49人,,西安,合肥-肥东县,本科,经验不限,4-5k,,,,https://www.liepin.com/job/1981463675.shtml,20260402155924,,,,
154475,猎聘,能源/化工/环保,化学,药物化学/有机合成副研究员、助理研究员或博后,企业职位,合肥综合性国家科学中心大健康研究院,100-499人,,西安,合肥-经开区,博士,经验不限,26-35k,,,,https://www.liepin.com/job/1980357025.shtml,20260224114139,,,,
154476,猎聘,能源/化工/环保,化学,化学分析员,企业职位,广州议兰信息咨询有限公司,50-99人,,西安,蚌埠-蚌山区,本科,2年以上,8-12k·13薪,,,,https://www.liepin.com/job/1983160269.shtml,20260609083005,,,,
154477,猎聘,能源/化工/环保,化学,电化学研发工程师,企业职位,国瓷赛创电气(铜陵)有限公司,100-499人,,西安,铜陵-铜官区,硕士,1-3年,10-25k·13薪,,,,https://www.liepin.com/job/1973838133.shtml,20250415113316,,,,
154478,猎聘,能源/化工/环保,化学,胶体化学方向博士后（合肥物质院）,企业职位,中欧电子材料国际创新中心(合肥)有限公司,50-99人,,西安,合肥-高新区,博士,3年以上,16-17k,,,,https://www.liepin.com/job/1982797287.shtml,20260523112442,,,,
154479,猎聘,能源/化工/环保,化学,化学分析员,企业职位,瑞柏集团,1000-2000人,,西安,淮北-濉溪县,大专,1-3年,4-7k,,,,https://www.liepin.com/job/1982639041.shtml,20260519082919,,,,
154480,猎聘,能源/化工/环保,化学,化学技术员（导电/涂料/油墨/塑胶方向）,企业职位,安徽黑猫新材料有限公司,100-499人,,西安,合肥-瑶海区,大专,1-3年,7-12k,,,,https://www.liepin.com/job/1956522455.shtml,20240815152107,,,,
154481,猎聘,能源/化工/环保,化学,化学分析员,企业职位,合肥高尔生命健康科学研究院有限公司,100-499人,,西安,合肥-高新区,本科,1-3年,4-7k·13薪,,,,https://www.liepin.com/job/1963380975.shtml,20231219212544,,,,
154482,猎聘,能源/化工/环保,化学,化学研发工程师,企业职位,安徽兴宙医药有限公司,100-499人,,西安,合肥-高新区,硕士,5-10年,35-50k,,,,https://www.liepin.com/job/1960198523.shtml,20230721155416,,,,
154483,猎聘,能源/化工/环保,化学,化学实验室研究员（五险双休）,企业职位,湖北省策故睿传媒有限公司,50-99人,,西安,合肥-瑶海区,本科,3年以上,10-20k·13薪,,,,https://www.liepin.com/job/1982030951.shtml,20260609083009,,,,
154484,猎聘,能源/化工/环保,化学,中国化学环保研究院——环保研发人才,企业职位,东华工程科技股份有限公司,1000-2000人,,西安,合肥-包河区,博士,经验不限,25-40k,,,,https://www.liepin.com/job/1952114599.shtml,20250708102653,,,,
154485,猎聘,能源/化工/环保,化学,湿电子化学工艺工程师,企业职位,某国内化工公司,100-499人,,西安,淮北,本科,3-5年,15-20k·15薪,,,,https://www.liepin.com/a/75238675.shtml,20260430185115,,,,
154486,猎聘,能源/化工/环保,化学,湿电子化学工艺工程师,企业职位,某国内化工公司,100-499人,,西安,淮北,本科,3-5年,15-20k·13薪,,,,https://www.liepin.com/a/75238623.shtml,20260430184446,,,,
154487,猎聘,能源/化工/环保,化学,兼职-理科标注岗（化学研究类）,企业职位,安徽飞数信息科技有限公司,1000-2000人,,西安,合肥-高新区,本科,经验不限,6-15k,,,,https://www.liepin.com/job/1979605977.shtml,20260107150137,,,,
154488,猎聘,能源/化工/环保,化学,炉管化学沉积工艺工程师(J10354),企业职位,长飞先进半导体(武汉)有限公司,1000-2000人,,西安,芜湖-弋江区,本科,3年以上,12-24k·15薪,,,,https://www.liepin.com/job/1976560877.shtml,20260420100701,,,,
154489,猎聘,能源/化工/环保,化学,合肥物质院博士后（胶体化学方向）,企业职位,中欧电子材料国际创新中心(合肥)有限公司,50-99人,,西安,合肥-高新区,博士,3年以上,25-26k,,,,https://www.liepin.com/job/1982827015.shtml,20260525140511,,,,
154490,猎聘,能源/化工/环保,化学,产品化学试验人员,企业职位,安徽阳泽农业科技有限公司,1-49人,,西安,合肥-蜀山区,本科,1-3年,5-7k·13薪,,,,https://www.liepin.com/job/1982581695.shtml,20260515171144,,,,
154491,猎聘,能源/化工/环保,化学,电化学测试工程师,企业职位,电堆科技(合肥)有限公司,1-49人,,西安,合肥-高新区,硕士,1-3年,12-25k·13薪,,,,https://www.liepin.com/job/1979238305.shtml,20260508092823,,,,
154492,猎聘,能源/化工/环保,化学,化学工艺工程师,企业职位,至微半导体(上海)有限公司,,,西安,合肥-瑶海区,大专,3年以上,8-10k·13薪,,,,https://www.liepin.com/job/1979134215.shtml,20251215104319,,,,
154493,猎聘,能源/化工/环保,化学,化学工程师,企业职位,先进半导体材料(安徽)有限公司,1000-2000人,,西安,滁州-南谯区,硕士,1-3年,8-12k,,,,https://www.liepin.com/job/1973913105.shtml,20250417143649,,,,
154494,猎聘,能源/化工/环保,化学,药物化学科学家,企业职位,福石生物,1-49人,,西安,合肥-经开区,统招本科,经验不限,10-14k·14薪,,,,https://www.liepin.com/job/1962295509.shtml,20231018123924,,,,
154495,猎聘,能源/化工/环保,化学,软件与算法工程师（计算生物化学）,企业职位,神农量子,1-49人,,西安,宿州,硕士,1-3年,12-15k,,,,https://www.liepin.com/job/1954330277.shtml,20230817141257,,,,
154496,猎聘,能源/化工/环保,化学,流体化学负责人,企业职位,安徽联创生物医药股份有限公司,100-499人,,西安,合肥-肥西县,硕士,3-5年,15-30k·13薪,,,,https://www.liepin.com/job/1966651833.shtml,20240626091421,,,,
154497,猎聘,能源/化工/环保,化学,化学分析,企业职位,阜阳攀业氢能源科技有限公司,50-99人,,西安,阜阳,本科,1-3年,3-6k,,,,https://www.liepin.com/job/1959677477.shtml,20230630114652,,,,
154498,猎聘,能源/化工/环保,化学,炉管化学沉积设备工程师,企业职位,某武汉电子/半导体/集成电路公司,1000-2000人,,西安,芜湖,统招本科,3-5年,20-30k·15薪,,,,https://www.liepin.com/a/75007423.shtml,20260605155435,,,,
154499,猎聘,能源/化工/环保,化学,物理化学生物教研员,企业职位,某合肥大型互联网公司,1000-2000人,,西安,合肥-蜀山区,统招本科,经验不限,80-110k,,,,https://www.liepin.com/a/73993381.shtml,20260328110606,,,,
154500,猎聘,能源/化工/环保,化学,化学机械研磨制程经理,企业职位,某合肥大型电子/半导体/集成电路公司,5000-10000人,,西安,合肥-经开区,统招本科,10年以上,50-80k·15薪,,,,https://www.liepin.com/a/76124205.shtml,20260609093459,,,,
154501,猎聘,能源/化工/环保,化学,alevel化学老师,企业职位,合肥中教基石教育科技有限公司,50-99人,,西安,合肥-经开区,本科,2年以上,10-15k,,,,https://www.liepin.com/job/1978237343.shtml,20251105114225,,,,
154502,猎聘,能源/化工/环保,化学,强化学算法习工程师,企业职位,某国内大型整车制造公司,10000人以上,,西安,芜湖,硕士,3-5年,20-40k·16薪,,,,https://www.liepin.com/a/76491467.shtml,20260609081147,,,,
154503,猎聘,能源/化工/环保,化学,化学机械研磨制程工程师-CMP PE Engineer(J17705),企业职位,长鑫存储技术有限公司,2000-5000人,,西安,合肥-蜀山区,本科,5年以上,15-30k·15薪,,,,https://www.liepin.com/job/1982338055.shtml,20260508104213,,,,
154504,猎聘,能源/化工/环保,化学,有机化学高级科学家,企业职位,福石生物,1-49人,,西安,合肥-经开区,博士,1-3年,20-35k·14薪,,,,https://www.liepin.com/job/1962793219.shtml,20260508174100,,,,
154505,猎聘,能源/化工/环保,化学,化学研发总监,企业职位,安徽中科元贞科技有限责任公司,,,西安,合肥-高新区,硕士,5年以上,15-20k,,,,https://www.liepin.com/job/1978896753.shtml,20251203160116,,,,
154506,猎聘,能源/化工/环保,化学,车间主任—化学合成 (MJ000311),企业职位,江苏欣诺科催化剂股份有限公司,100-499人,,西安,铜陵-铜官区,本科,5-10年,18-25k·13薪,,,,https://www.liepin.com/job/1978585497.shtml,20251119165649,,,,
154507,猎聘,能源/化工/环保,化学,博士研究生（化学、材料类专业）,企业职位,安徽安利材料科技股份有限公司,2000-5000人,,西安,合肥-肥西县,博士,经验不限,20-40k·13薪,,,,https://www.liepin.com/job/1977418903.shtml,20251121095428,,,,
154508,猎聘,能源/化工/环保,化学,化学分析员,企业职位,安耐吉化学,100-499人,,西安,马鞍山-花山区,本科,3-5年,5-8k,,,,https://www.liepin.com/job/1956599459.shtml,20250527141524,,,,
154509,猎聘,能源/化工/环保,化学,电镀化学分析员,企业职位,常熟立讯,10000人以上,,西安,滁州-琅琊区,大专,5-10年,10-20k,,,,https://www.liepin.com/job/1970525837.shtml,20241030150625,,,,
154510,猎聘,能源/化工/环保,化学,化学分析,企业职位,合肥金锤计量有限公司,1-49人,,西安,合肥,大专,经验不限,5-9k,,,,https://www.liepin.com/job/1944647751.shtml,20211108182906,,,,
154511,猎聘,能源/化工/环保,化学,化学工程师,企业职位,北京华美沃特分析仪器科技有限公司,50-99人,,西安,淮北-濉溪县,大专,1-3年,4-5k,,,,https://www.liepin.com/job/1955243493.shtml,20231127160944,,,,
154512,猎聘,能源/化工/环保,化学,化学实验室技术员,企业职位,原力新材料(合肥)有限公司,1-49人,,西安,合肥,本科,经验不限,5-10k,,,,https://www.liepin.com/job/1957023055.shtml,20240625152152,,,,
154513,猎聘,能源/化工/环保,化学,化学工程师,企业职位,谷柏特,50-99人,,西安,蚌埠-龙子湖区,本科,1年以下,4-8k,,,,https://www.liepin.com/job/1960468075.shtml,20240929115219,,,,
154514,猎聘,能源/化工/环保,化学,质量负责人（药学、生物、化学专业）,企业职位,高济,10000人以上,,西安,滁州-琅琊区,本科,1-3年,6-10k,,,,https://www.liepin.com/job/1983232173.shtml,20260608101419,,,,
154515,猎聘,能源/化工/环保,化学,薄膜化学气相沉积制程经理-TF CVD PE Section Manager,企业职位,某合肥大型电子/半导体/集成电路公司,5000-10000人,,西安,合肥,大专,5年以上,45-55k·15薪,,,,https://www.liepin.com/a/76583083.shtml,20260609150140,,,,
154516,猎聘,能源/化工/环保,化学,化学机械研磨工艺研发工程师-TD CMP Process Engineer(J18441),企业职位,长鑫存储技术有限公司,2000-5000人,,西安,合肥-蜀山区,硕士,3年以上,25-50k,,,,https://www.liepin.com/job/1982600113.shtml,20260526104446,,,,
154517,猎聘,能源/化工/环保,化学,化学机械研磨工艺研发主任工程师-TD CMP Process Staff Engineer(J19217),企业职位,长鑫存储技术有限公司,2000-5000人,,西安,合肥-蜀山区,硕士,6年以上,25-50k·16薪,,,,https://www.liepin.com/job/1981598803.shtml,20260409093548,,,,
154518,猎聘,能源/化工/环保,化学,物理化学生物教研员,企业职位,某合肥大型互联网公司,1000-2000人,,西安,合肥-蜀山区,统招本科,经验不限,15-20k·13薪,,,,https://www.liepin.com/a/73378005.shtml,20260314173333,,,,
154519,猎聘,能源/化工/环保,化学,物理化学教师,企业职位,六安求学托管服务有限公司,1-49人,,西安,六安-金安区,本科,3-5年,5-9k,,,,https://www.liepin.com/job/1979987175.shtml,20260126102129,,,,
154520,猎聘,能源/化工/环保,化学,化学分析员,企业职位,铜陵安德科铭电子材料科技有限公司,100-499人,,西安,铜陵-义安区,学历不限,经验不限,5-7k·13薪,,,,https://www.liepin.com/job/1981333913.shtml,20260330110646,,,,
154521,猎聘,能源/化工/环保,化学,物理化学生物教研员,企业职位,某合肥大型互联网公司,1000-2000人,,西安,合肥,统招本科,1-3年,15-20k,,,,https://www.liepin.com/a/73664197.shtml,20260324114559,,,,
154522,猎聘,能源/化工/环保,化学,化学机械研磨工艺研发专家-TD CMP Process Expert,企业职位,某合肥大型电子/半导体/集成电路公司,5000-10000人,,西安,合肥,硕士,5-10年,20-21k·15薪,,,,https://www.liepin.com/a/73886771.shtml,20260325163857,,,,
154523,猎聘,能源/化工/环保,化学,物理化学生物教研员,企业职位,某合肥大型互联网公司,1000-2000人,,西安,合肥,统招本科,1-3年,10-15k,,,,https://www.liepin.com/a/73541375.shtml,20260318125332,,,,
154524,猎聘,能源/化工/环保,化学,化学机械研磨开发工程师(J10324),企业职位,合肥晶合集成电路股份有限公司,5000-10000人,,西安,合肥,本科,3-5年,11-20k·15薪,,,,https://www.liepin.com/job/1969205989.shtml,20250113165100,,,,
154525,猎聘,能源/化工/环保,化学,化学工程,企业职位,安徽鑫野新材料科技有限公司,1-49人,,西安,滁州-来安县,本科,经验不限,6-7k,,,,https://www.liepin.com/job/1963969395.shtml,20240103105354,,,,
154526,猎聘,能源/化工/环保,化学,化学教师(J10189),企业职位,雅力教育,100-499人,,西安,合肥-包河区,硕士,1-3年,10-15k,,,,https://www.liepin.com/job/1966979687.shtml,20240516083424,,,,
154527,猎聘,能源/化工/环保,化学,化学工程工艺设计,企业职位,铜陵化工集团化工研究设计院有限责任公司,50-99人,,西安,铜陵,本科,5-10年,15-30k,,,,https://www.liepin.com/job/1972024975.shtml,20250218175747,,,,
154528,猎聘,能源/化工/环保,化学,高中物理 化学 数学老师,企业职位,蚌埠市拓维科技有限公司,1-49人,,西安,蚌埠-五河县,本科,经验不限,7-12k,,,,https://www.liepin.com/job/1965002557.shtml,20240227171919,,,,
154529,猎聘,能源/化工/环保,化学,初高中物理化学老师,企业职位,合肥恒升教育培训学校有限公司,500-999人,,西安,合肥-庐阳区,本科,1-3年,6-15k,,,,https://www.liepin.com/job/1963422971.shtml,20231206111449,,,,
154530,猎聘,能源/化工/环保,化学,六险一金--合肥数学化学学业规划师,企业职位,网易集团,10000人以上,,西安,合肥-高新区,本科,经验不限,7-10k,,,,https://www.liepin.com/job/1970613471.shtml,20241104181940,,,,
154531,猎聘,能源/化工/环保,化学,初高中物理化学老师,企业职位,合肥恒升教育培训学校有限公司,500-999人,,西安,合肥-蜀山区,本科,1-3年,6-15k,,,,https://www.liepin.com/job/1963422917.shtml,20231206111409,,,,
154532,猎聘,能源/化工/环保,化学,初高中物理化学老师,企业职位,合肥恒升教育培训学校有限公司,500-999人,,西安,合肥-包河区,本科,1-3年,6-15k,,,,https://www.liepin.com/job/1963423103.shtml,20231206111628,,,,
154533,猎聘,能源/化工/环保,化学,初高中物理化学老师,企业职位,合肥恒升教育培训学校有限公司,500-999人,,西安,合肥-经开区,本科,1-3年,6-15k,,,,https://www.liepin.com/job/1963422947.shtml,20231206111428,,,,
154534,猎聘,能源/化工/环保,化学,期刊编辑（物理化学专业）,企业职位,哈尔滨群润文化传播有限公司,50-99人,,西安,合肥-瑶海区,硕士,经验不限,8-9k,,,,https://www.liepin.com/job/1972872309.shtml,20250305104833,,,,
154535,猎聘,能源/化工/环保,化学,初中物理化学老师,企业职位,宿松县弘迈建材销售有限公司,1-49人,,西安,安庆-宿松县,本科,经验不限,3-8k,,,,https://www.liepin.com/job/1969412753.shtml,20240830165757,,,,
154536,猎聘,能源/化工/环保,化学,化学设计工程师,企业职位,阁壹系统集成设备(滁州)有限公司,1-49人,,西安,滁州-南谯区,本科,3-5年,10-18k·13薪,,,,https://www.liepin.com/job/1963208755.shtml,20231228092109,,,,
154537,猎聘,能源/化工/环保,化学,化学老师,企业职位,歙县紫阳学校,2000-5000人,,西安,黄山-歙县,本科,经验不限,8-12k,,,,https://www.liepin.com/job/1960904639.shtml,20230817161919,,,,
154538,猎聘,能源/化工/环保,化学,研究助理（电堆，燃料电池）,企业职位,某合肥化工公司,1-49人,,西安,合肥,硕士,1-3年,12-24k,,,,https://www.liepin.com/a/75502513.shtml,20260608091027,,,,
154539,猎聘,能源/化工/环保,化学,材料测试工程师【固态电池方向】（工程研究总院）,企业职位,国轩高科,10000人以上,,西安,合肥-包河区,统招本科,4年以上,11-20k·13薪,,,,https://www.liepin.com/job/1982705129.shtml,20260528164507,,,,
154540,猎聘,能源/化工/环保,化学,半导体工艺工程师,企业职位,合肥天曜新材料科技有限公司,1-49人,,西安,合肥-经开区,本科,3年以上,14-25k·13薪,,,,https://www.liepin.com/job/1964790297.shtml,20260603102504,,,,
154541,猎聘,能源/化工/环保,化学,电芯失效分析工程师,企业职位,国轩高科,10000人以上,,西安,合肥-新站区,本科,3年以上,14-20k·13薪,,,,https://www.liepin.com/job/1983028003.shtml,20260601134320,,,,
154542,猎聘,能源/化工/环保,化学,科研主管,企业职位,科学智能物质创制中心,100-499人,,西安,合肥-高新区,统招本科,经验不限,8-15k,,,,https://www.liepin.com/job/1983057459.shtml,20260602102005,,,,
154543,猎聘,能源/化工/环保,化学,理化测试工程师,企业职位,奇瑞汽车,10000人以上,,西安,铜陵-枞阳县,统招本科,3-5年,10-15k·15薪,,,,https://www.liepin.com/job/1978403545.shtml,20260307094146,,,,
154544,猎聘,能源/化工/环保,化学,有机合成研究员,企业职位,皓元医药,2000-5000人,,西安,合肥-高新区,本科,经验不限,8-13k,,,,https://www.liepin.com/job/1981741993.shtml,20260520114516,,,,
154545,猎聘,能源/化工/环保,化学,质量工程师,企业职位,雅迪科技,2000-5000人,,西安,阜阳-界首,大专,1年以上,10-20k,,,,https://www.liepin.com/job/1982960535.shtml,20260528171848,,,,
154546,猎聘,能源/化工/环保,化学,研究助理或研究员,企业职位,某合肥化工公司,1-49人,,西安,合肥,硕士,经验不限,18-27k,,,,https://www.liepin.com/a/75526045.shtml,20260601125414,,,,
154547,猎聘,能源/化工/环保,化学,SOC岗位 (MJ001783),企业职位,阳光电源,10000人以上,,西安,合肥,统招本科,经验不限,薪资面议,,,,https://www.liepin.com/job/1979871789.shtml,20260120111506,,,,
154548,猎聘,能源/化工/环保,化学,合成研究员（工作地点：合肥）,企业职位,安徽联创生物医药股份有限公司,100-499人,,西安,合肥,统招本科,1-3年,10-15k,,,,https://www.liepin.com/job/1946550021.shtml,20260602133602,,,,
154549,猎聘,能源/化工/环保,化学,质检员,企业职位,合肥鼎材科技有限公司,100-499人,,西安,合肥-瑶海区,本科,1-3年,7-11k,,,,https://www.liepin.com/job/1978384857.shtml,20260514113440,,,,
154550,猎聘,能源/化工/环保,化学,销售经理（IVD、免疫、质谱）,企业职位,美康生物科技股份有限公司,2000-5000人,,西安,合肥-庐阳区,本科,3年以上,8-18k,,,,https://www.liepin.com/job/1981184981.shtml,20260602090901,,,,
154551,猎聘,能源/化工/环保,化学,钠电正极材料研发工程师（工程研究总院）,企业职位,国轩高科,10000人以上,,西安,合肥-包河区,本科,4-10年,13-23k·13薪,,,,https://www.liepin.com/job/1982687415.shtml,20260526214444,,,,
154552,猎聘,能源/化工/环保,化学,小核酸药物分析研究员,企业职位,某合肥生物技术公司,100-499人,,西安,合肥,硕士,经验不限,15-25k,,,,https://www.liepin.com/a/75377565.shtml,20260603201408,,,,
154553,猎聘,能源/化工/环保,化学,合成研究员,企业职位,安徽联创生物医药股份有限公司,100-499人,,西安,合肥,本科,1-3年,8-20k·13薪,,,,https://www.liepin.com/job/1943954727.shtml,20260602133602,,,,
154554,猎聘,能源/化工/环保,化学,助理合成研究员,企业职位,安徽联创生物医药股份有限公司,100-499人,,西安,合肥,统招本科,1年以下,6-8k·13薪,,,,https://www.liepin.com/job/1943955103.shtml,20260602133602,,,,
154555,猎聘,能源/化工/环保,化学,药物合成高级研究员,企业职位,安徽联创生物医药股份有限公司,100-499人,,西安,合肥-肥西县,统招本科,5-10年,15-30k·13薪,,,,https://www.liepin.com/job/1957529235.shtml,20260602133602,,,,
154556,猎聘,能源/化工/环保,化学,FAE现场应用工程师,企业职位,某深圳大型电子/半导体/集成电路公司,2000-5000人,,西安,合肥,统招本科,1-3年,15-30k·15薪,,,,https://www.liepin.com/a/74444645.shtml,20260527153347,,,,
154557,猎聘,能源/化工/环保,化学,环境/健康/安全管理,企业职位,长鑫存储技术有限公司,2000-5000人,,西安,合肥-蜀山区,本科,10年以上,20-30k·16薪,,,,https://www.liepin.com/job/1976354691.shtml,20251210145341,,,,
154558,猎聘,能源/化工/环保,化学,电芯研发工程师（钠电方向）,企业职位,上海轩邑,10000人以上,,西安,合肥-新站区,本科,3年以上,10-30k·13薪,,,,https://www.liepin.com/job/1979958613.shtml,20260609090715,,,,
154559,猎聘,能源/化工/环保,化学,药物合成研发总监,企业职位,安徽联创生物医药股份有限公司,100-499人,,西安,合肥-肥西县,博士,3年以上,35-65k,,,,https://www.liepin.com/job/1982557209.shtml,20260602133538,,,,
154560,猎聘,能源/化工/环保,化学,钠离子电池体系研发工程师,企业职位,国轩高科,10000人以上,,西安,合肥-包河区,硕士,3年以上,16-25k·13薪,,,,https://www.liepin.com/job/1982102085.shtml,20260525155206,,,,
154561,猎聘,能源/化工/环保,化学,滚镀工程师（上市半导体电子元器件）,企业职位,某国内电子/半导体/集成电路上市公司,100-499人,,西安,铜陵,本科,5-10年,16-20k·13薪,,,,https://www.liepin.com/a/75168619.shtml,20260608083829,,,,
154562,猎聘,能源/化工/环保,化学,CVD设备工程师 l CVD Equipment Engineer(J14532),企业职位,长鑫存储技术有限公司,2000-5000人,,西安,合肥-蜀山区,大专,3-5年,15-30k·15薪,,,,https://www.liepin.com/job/1975848441.shtml,20250717145738,,,,
154563,猎聘,能源/化工/环保,化学, 研发技术工程师,企业职位,某国内石化上市公司,100-499人,,西安,合肥,博士,3-5年,20-40k,,,,https://www.liepin.com/a/76115533.shtml,20260529103914,,,,
154564,猎聘,能源/化工/环保,化学,实验室领班,企业职位,某国内大型电子/半导体/集成电路公司,1000-2000人,,西安,宣城-广德,中专/中技,3-5年,8-13k,,,,https://www.liepin.com/a/75021995.shtml,20260609200208,,,,
154565,猎聘,能源/化工/环保,化学,电芯仿真主任工程师（电池研究院）,企业职位,某国内整车制造上市公司,10000人以上,,西安,芜湖,学历不限,5-10年,26-40k·15薪,,,,https://www.liepin.com/a/73676279.shtml,20260609083422,,,,
154566,猎聘,能源/化工/环保,化学,设备工程师,企业职位,中用科技有限公司,100-499人,,西安,合肥-经开区,统招本科,5-10年,8-20k,,,,https://www.liepin.com/job/1983143145.shtml,20260604112313,,,,
154567,猎聘,能源/化工/环保,化学,高级合成研究员,企业职位,安徽联创生物医药股份有限公司,100-499人,,西安,合肥,统招本科,3-5年,15-30k·13薪,,,,https://www.liepin.com/job/1937476075.shtml,20260602133602,,,,
154568,猎聘,能源/化工/环保,化学,电解液研发工程师,企业职位,上海轩邑,10000人以上,,西安,合肥-包河区,统招本科,5年以上,15-35k·13薪,,,,https://www.liepin.com/job/1973195027.shtml,20260609090715,,,,
154569,猎聘,能源/化工/环保,化学,小核酸药物合成负责人,企业职位,某合肥制药公司,100-499人,,西安,合肥,本科,10年以上,50-80k,,,,https://www.liepin.com/a/73231325.shtml,20260601142701,,,,
154570,猎聘,能源/化工/环保,化学,农药登记SD/试验项目负责人,企业职位,华辰检测,500-999人,,西安,合肥-包河区,本科,3年以上,12-20k·15薪,,,,https://www.liepin.com/job/1980868141.shtml,20260609164014,,,,
154571,猎聘,能源/化工/环保,化学,电池结构工程师,企业职位,苏州灵动佳芯科技有限公司,50-99人,,西安,合肥-庐江县,统招本科,2-5年,15-25k,,,,https://www.liepin.com/job/1980438879.shtml,20260602115054,,,,
154572,猎聘,能源/化工/环保,化学,半导体材料/设备专家-合肥,企业职位,某合肥大型电子/半导体/集成电路公司,2000-5000人,,西安,合肥,学历不限,5年以上,60-90k·16薪,,,,https://www.liepin.com/a/75712837.shtml,20260526095710,,,,
154573,猎聘,能源/化工/环保,化学,博士（材料类）(J15312),企业职位,国轩高科,10000人以上,,西安,合肥-新站区,博士,经验不限,15-26k·13薪,,,,https://www.liepin.com/job/1982123901.shtml,20260609085117,,,,
154574,猎聘,能源/化工/环保,化学,PSPI光刻胶开发研究员（先进封装方向）,企业职位,合肥鼎材科技有限公司,100-499人,,西安,合肥-瑶海区,硕士,3年以下,15-30k,,,,https://www.liepin.com/job/1982539291.shtml,20260514152440,,,,
154575,猎聘,能源/化工/环保,化学,电芯开发工程师,企业职位,摩芮思科技咨询,100-499人,,西安,合肥-经开区,硕士,5年以上,15-25k·13薪,,,,https://www.liepin.com/job/1964793995.shtml,20260513151222,,,,
154576,猎聘,能源/化工/环保,化学,新材料开发研究员,企业职位,合肥鼎材科技有限公司,100-499人,,西安,合肥-瑶海区,博士,8年以上,25-40k,,,,https://www.liepin.com/job/1982529261.shtml,20260514113039,,,,
154577,猎聘,能源/化工/环保,化学,资深电镀工程师（上市企业精密五金件）,企业职位,某国内电子/半导体/集成电路上市公司,100-499人,,西安,铜陵,本科,10年以上,17-20k·13薪,,,,https://www.liepin.com/a/76280293.shtml,20260609084245,,,,
154578,猎聘,能源/化工/环保,化学,博士（材料类）(J15312),企业职位,国轩高科,10000人以上,,西安,合肥-包河区,博士,经验不限,15-26k·13薪,,,,https://www.liepin.com/job/1982123903.shtml,20260609085117,,,,
154579,猎聘,能源/化工/环保,化学,分析经理（芜湖 博士 HNMR、LC  管理经验）,企业职位,某国内知名电子/半导体/集成电路公司,100-499人,,西安,芜湖,博士,5-10年,35-40k,,,,https://www.liepin.com/a/75554127.shtml,20260609092043,,,,
154580,猎聘,能源/化工/环保,化学,测试主管工程师（实验室）,企业职位,浙江吉利控股集团,10000人以上,,西安,宣城-宁国,本科,3年以上,13-20k,,,,https://www.liepin.com/job/1982450627.shtml,20260521152343,,,,
154581,猎聘,能源/化工/环保,化学,树脂研发工程师,企业职位,威迈芯材,100-499人,,西安,合肥-新站区,统招本科,3-5年,7-15k·13薪,,,,https://www.liepin.com/job/1976636929.shtml,20260519103555,,,,
154582,猎聘,能源/化工/环保,化学,有机合成高级研究员-安徽芜湖,企业职位,北京安必奇生物科技有限公司,100-499人,,西安,芜湖-鸠江区,硕士,5年以上,15-22k·13薪,,,,https://www.liepin.com/job/1981190621.shtml,20260609093318,,,,
154583,猎聘,能源/化工/环保,化学,多肽合成经理,企业职位,某合肥生物技术公司,100-499人,,西安,合肥,博士,经验不限,30-50k,,,,https://www.liepin.com/a/75387741.shtml,20260603201408,,,,
154584,猎聘,能源/化工/环保,化学,有机合成研究员--合肥,企业职位,上海德浦生物医药科技有限公司,50-99人,,西安,合肥-蜀山区,统招本科,1-3年,7-10k·13薪,,,,https://www.liepin.com/job/1968940667.shtml,20260429130358,,,,
154585,猎聘,能源/化工/环保,化学,分析经理/主管（小分子）,企业职位,皓元医药,2000-5000人,,西安,合肥-高新区,硕士,经验不限,10-20k·13薪,,,,https://www.liepin.com/job/1983110273.shtml,20260603143025,,,,
154586,猎聘,能源/化工/环保,化学,高级合成研究员（工作地点：合肥）,企业职位,安徽联创生物医药股份有限公司,100-499人,,西安,合肥,统招本科,3-5年,15-30k·13薪,,,,https://www.liepin.com/job/1946549873.shtml,20260602133602,,,,
154587,猎聘,能源/化工/环保,化学, 多肽合成负责人,企业职位,某国内制药上市公司,2000-5000人,,西安,合肥,学历不限,5-10年,50-80k,,,,https://www.liepin.com/a/74496553.shtml,20260601142701,,,,
154588,猎聘,能源/化工/环保,化学,辐射分析监测主管/工程师,企业职位,聚变新能(安徽)有限公司,100-499人,,西安,合肥-庐阳区,本科,经验不限,薪资面议,,,,https://www.liepin.com/job/1982393959.shtml,20260509173237,,,,
154589,猎聘,能源/化工/环保,化学,材料仿真研发工程师,企业职位,安徽安德科铭半导体科技股份有限公司,100-499人,,西安,合肥-肥西县,硕士,经验不限,10-30k·14薪,,,,https://www.liepin.com/job/1981051045.shtml,20260326205952,,,,
154590,猎聘,能源/化工/环保,化学,催化剂研发工程师（有机合成）,企业职位,安徽金禾化学材料研究所有限公司,50-99人,,西安,合肥-经开区,硕士,3年以上,10-20k·15薪,,,,https://www.liepin.com/job/1980932063.shtml,20260314095505,,,,
154591,猎聘,能源/化工/环保,化学,多肽合成研究员,企业职位,药明合联,2000-5000人,,西安,合肥-高新区,硕士,1年以上,11-14k·14薪,,,,https://www.liepin.com/job/1982718209.shtml,20260520184136,,,,
154592,猎聘,能源/化工/环保,化学,生产工艺工程师（长期出差合肥）,企业职位,上海新阳,500-999人,,西安,合肥-新站区,本科,3年以上,10-15k·14薪,,,,https://www.liepin.com/job/1980515923.shtml,20260318093521,,,,
154593,猎聘,能源/化工/环保,化学,研发工程师,企业职位,杭州天地数码科技股份有限公司,500-999人,,西安,芜湖-弋江区,本科,经验不限,8-16k·13薪,,,,https://www.liepin.com/job/1961046261.shtml,20260601143437,,,,
154594,猎聘,能源/化工/环保,化学,锂电分析实验室负责人,企业职位,微谱,1000-2000人,,西安,合肥-蜀山区,本科,3-5年,16-25k,,,,https://www.liepin.com/job/1980358517.shtml,20260609094739,,,,
154595,猎聘,能源/化工/环保,化学,气体工程师,企业职位,合肥国家实验室,1000-2000人,,西安,合肥-高新区,统招本科,5-10年,15-24k,,,,https://www.liepin.com/job/1983182455.shtml,20260605111446,,,,
154596,猎聘,能源/化工/环保,化学,CMP/干刻/CVD工程师,企业职位,某合肥电子/半导体/集成电路公司,1-49人,,西安,合肥,统招本科,3年以上,25-30k·14薪,,,,https://www.liepin.com/a/76446725.shtml,20260609165356,,,,
154597,猎聘,能源/化工/环保,化学,钠离子电池工艺研发工程师,企业职位,国轩高科,10000人以上,,西安,合肥-包河区,硕士,3年以上,16-25k·13薪,,,,https://www.liepin.com/job/1982102061.shtml,20260525155235,,,,
154598,猎聘,能源/化工/环保,化学,CVD设备工程师,企业职位,某知名公司,1-49人,,西安,合肥-蜀山区,本科,5-10年,25-50k·16薪,,,,https://www.liepin.com/a/75377255.shtml,20260508110510,,,,
154599,猎聘,能源/化工/环保,化学,锂离子电池机理研究工程师,企业职位,合肥综合性国家科学中心能源研究院(安徽省能源实验室),100-499人,,西安,合肥-庐阳区,硕士,经验不限,10-15k,,,,https://www.liepin.com/job/1983120035.shtml,20260603165338,,,,
154600,猎聘,能源/化工/环保,化学,电芯仿真主任工程师,企业职位,某国内整车制造上市公司,10000人以上,,西安,芜湖,统招本科,5-10年,20-35k·15薪,,,,https://www.liepin.com/a/75626765.shtml,20260513150351,,,,
154601,猎聘,能源/化工/环保,化学,厂务运营总监 19531,企业职位,长鑫存储技术有限公司,2000-5000人,,西安,合肥-经开区,统招本科,10年以上,50-70k·16薪,,,,https://www.liepin.com/job/1982771115.shtml,20260609081609,,,,
154602,猎聘,能源/化工/环保,化学,招标及工程采购,企业职位,凯赛生物,100-499人,,西安,合肥-蜀山区,统招本科,3年以上,8-15k,,,,https://www.liepin.com/job/1976125795.shtml,20260609092415,,,,
154603,猎聘,能源/化工/环保,化学,生产总监,企业职位,安徽元琛环保科技股份有限公司,100-499人,,西安,合肥-新站区,统招本科,5年以上,30-50k,,,,https://www.liepin.com/job/1955217131.shtml,20260513173448,,,,
154604,猎聘,能源/化工/环保,化学,实验室材料工程师,企业职位,融捷股份有限公司,500-999人,,西安,合肥-巢湖,统招本科,1-3年,8-12k,,,,https://www.liepin.com/job/1982983081.shtml,20260609085442,,,,
154605,猎聘,能源/化工/环保,化学,pack结构工程师(J15440),企业职位,国轩高科,10000人以上,,西安,合肥,本科,1-3年,12-20k,,,,https://www.liepin.com/job/1982736317.shtml,20260526081747,,,,
154606,猎聘,能源/化工/环保,化学,研发工艺整合工程师 | TD PIE(J13703),企业职位,长鑫存储技术有限公司,2000-5000人,,西安,合肥-蜀山区,硕士,2年以上,20-40k·15薪,,,,https://www.liepin.com/job/1977651753.shtml,20251212143347,,,,
154607,猎聘,能源/化工/环保,化学,仓库经理/主管,企业职位,江苏中兴派能电池有限公司,2000-5000人,,西安,合肥-肥西县,大专,3年以上,11-16k·16薪,,,,https://www.liepin.com/job/1982728321.shtml,20260521103415,,,,
154608,猎聘,能源/化工/环保,化学,电芯测试工程师,企业职位,摩芮思科技咨询,100-499人,,西安,合肥-经开区,本科,3年以上,13-18k·13薪,,,,https://www.liepin.com/job/1981183889.shtml,20260324110248,,,,
154609,猎聘,能源/化工/环保,化学,品质副总经理,企业职位,国科能源技术创新中心(合肥)有限公司,100-499人,,西安,合肥-蜀山区,本科,5年以上,20-40k,,,,https://www.liepin.com/job/1983019433.shtml,20260601104344,,,,
154610,猎聘,能源/化工/环保,化学,能源管理工程师,企业职位,国轩高科,10000人以上,,西安,合肥-包河区,本科,3年以上,13-20k,,,,https://www.liepin.com/job/1982725225.shtml,20260521094448,,,,
154611,猎聘,能源/化工/环保,化学,区域销售经理（安徽）,企业职位,携光生物,100-499人,,西安,合肥-高新区,大专,2年以上,7-15k,,,,https://www.liepin.com/job/1982670889.shtml,20260519153811,,,,
154612,猎聘,能源/化工/环保,化学,库房助理经理,企业职位,某合肥整车制造公司,100-499人,,西安,合肥,大专,3-5年,13-18k·15薪,,,,https://www.liepin.com/a/76349505.shtml,20260603104958,,,,
154613,猎聘,能源/化工/环保,化学,设备装机经理/工程师,企业职位,某合肥大型电子/半导体/集成电路公司,2000-5000人,,西安,合肥,统招本科,5年以上,25-50k·15薪,,,,https://www.liepin.com/a/76238083.shtml,20260601090511,,,,
154614,猎聘,能源/化工/环保,化学,气化工程师,企业职位,翌光科技有限公司,100-499人,,西安,淮北-相山区,本科,3年以上,10-13k·13薪,,,,https://www.liepin.com/job/1969535215.shtml,20260515103434,,,,
154615,猎聘,能源/化工/环保,化学,水处理技术员 I WT Technician(J17246),企业职位,长鑫存储技术有限公司,2000-5000人,,西安,合肥-蜀山区,大专,经验不限,5-8k·15薪,,,,https://www.liepin.com/job/1977217837.shtml,20251210145341,,,,
154616,猎聘,能源/化工/环保,化学,正极材料研发工程师【富锂锰基方向】（工程研究总院）,企业职位,国轩高科,10000人以上,,西安,合肥-包河区,统招本科,4-6年,15-25k·13薪,,,,https://www.liepin.com/job/1982972755.shtml,20260529101027,,,,
154617,猎聘,能源/化工/环保,化学,材料测试工程师（base武汉）,企业职位,合肥阿基米德电子科技有限公司,100-499人,,西安,合肥-高新区,本科,2年以上,15-25k,,,,https://www.liepin.com/job/1980603979.shtml,20260520141315,,,,
154618,猎聘,能源/化工/环保,化学,电芯仿真主任工程师,企业职位,某国内整车制造上市公司,10000人以上,,西安,芜湖,学历不限,5-10年,20-25k·15薪,,,,https://www.liepin.com/a/75471887.shtml,20260509164900,,,,
154619,猎聘,能源/化工/环保,化学,大宗气工程师 | Gas Engineer(J10151),企业职位,安徽聚合微电子有限公司,,,西安,合肥-蜀山区,大专,3年以上,12-20k,,,,https://www.liepin.com/job/1982683587.shtml,20260519200904,,,,
154620,猎聘,能源/化工/环保,化学,物性失效分析工程师-PFA Lab Engineer(J18481),企业职位,长鑫存储技术有限公司,2000-5000人,,西安,合肥-蜀山区,本科,3年以上,15-30k·15薪,,,,https://www.liepin.com/job/1982013313.shtml,20260506092917,,,,
154621,猎聘,能源/化工/环保,化学,磷酸铁锂材料资深/高级研发工程师（工研总院）,企业职位,国轩高科,10000人以上,,西安,合肥-包河区,硕士,4年以上,15-24k·13薪,,,,https://www.liepin.com/job/1982137323.shtml,20260529104423,,,,
154622,猎聘,能源/化工/环保,化学,研发值班工程师,企业职位,长鑫存储技术有限公司,2000-5000人,,西安,合肥-蜀山区,统招本科,1-3年,10-15k·15薪,,,,https://www.liepin.com/job/1979716931.shtml,20260330110854,,,,
154623,猎聘,能源/化工/环保,化学,助理材料工程师,企业职位,某知名上市公司,10000人以上,,西安,合肥,统招本科,1-3年,9-14k,,,,https://www.liepin.com/a/74088951.shtml,20260609164839,,,,
154624,猎聘,能源/化工/环保,化学,大客户经理（半导体）,企业职位,某合肥电子/半导体/集成电路公司,100-499人,,西安,合肥,本科,3-5年,30-50k,,,,https://www.liepin.com/a/75914297.shtml,20260521150023,,,,
154625,猎聘,能源/化工/环保,化学,库房助理经理,企业职位,某合肥大型汽车零部件及配件公司,5000-10000人,,西安,合肥,学历不限,经验不限,13-18k·16薪,,,,https://www.liepin.com/a/76306829.shtml,20260602131514,,,,
154626,猎聘,能源/化工/环保,化学,薄膜工艺工程师,企业职位,安徽安德科铭半导体科技股份有限公司,100-499人,,西安,合肥-肥西县,硕士,3-5年,8-14k·14薪,,,,https://www.liepin.com/job/1982559241.shtml,20260515095933,,,,
154627,猎聘,能源/化工/环保,化学,供应商质量发展专家 | SQD Snr Staff Engineer(J17948),企业职位,长鑫存储技术有限公司,2000-5000人,,西安,合肥-蜀山区,本科,5年以上,20-35k·16薪,,,,https://www.liepin.com/job/1979766703.shtml,20260114170918,,,,
154628,猎聘,能源/化工/环保,化学,质谱分析工程师6-10k,企业职位,中轻合盛,100-499人,,西安,滁州-南谯区,本科,3年以上,6-10k,,,,https://www.liepin.com/job/1981854069.shtml,20260608144822,,,,
154629,猎聘,能源/化工/环保,化学,MR-突破性多适应症生物制剂-合肥,企业职位,阿斯利康,10000人以上,,西安,合肥-新站区,大专,1-3年,10-18k·13薪,,,,https://www.liepin.com/job/1983165841.shtml,20260604174320,,,,
154630,猎聘,能源/化工/环保,化学,材料分析专家（base武汉）,企业职位,合肥阿基米德电子科技有限公司,100-499人,,西安,合肥-高新区,本科,2年以上,30-60k,,,,https://www.liepin.com/job/1980604877.shtml,20260520141258,,,,
154631,猎聘,能源/化工/环保,化学,复合材料成型和检测技术员,企业职位,凯赛生物,100-499人,,西安,合肥-蜀山区,大专,2年以上,10-20k,,,,https://www.liepin.com/job/1976363323.shtml,20260609092353,,,,
154632,猎聘,能源/化工/环保,化学,二次配工程师-Hookup Engineer,企业职位,安徽聚合微电子有限公司,,,西安,合肥-蜀山区,统招本科,2年以上,12-20k·15薪,,,,https://www.liepin.com/job/1980799035.shtml,20260310144932,,,,
154633,猎聘,能源/化工/环保,化学,质量高级业务主管（电芯）,企业职位,江苏中兴派能电池有限公司,2000-5000人,,西安,合肥-肥西县,本科,5年以上,20-25k·14薪,,,,https://www.liepin.com/job/1982431029.shtml,20260519162520,,,,
154634,猎聘,能源/化工/环保,化学,厂务机械工程师（动力房HVAC）,企业职位,合肥国家实验室,1000-2000人,,西安,合肥-高新区,统招本科,5年以上,15-24k,,,,https://www.liepin.com/job/1982882971.shtml,20260526164925,,,,
154635,猎聘,能源/化工/环保,化学,废水处理工程师,企业职位,合肥国家实验室,1000-2000人,,西安,合肥-高新区,统招本科,5-10年,15-24k,,,,https://www.liepin.com/job/1983182003.shtml,20260605110731,,,,
154636,猎聘,能源/化工/环保,化学,电芯方案,企业职位,国轩高科,10000人以上,,西安,合肥-包河区,本科,5-10年,14-25k,,,,https://www.liepin.com/job/1982690379.shtml,20260520100918,,,,
154637,猎聘,能源/化工/环保,化学,生产技术员,企业职位,中汽新能(滁州)电池科技有限公司,2000-5000人,,西安,滁州-全椒县,大专,1-3年,7-9k,,,,https://www.liepin.com/job/1982794945.shtml,20260602135815,,,,
154638,猎聘,能源/化工/环保,化学,药物合成研究员,企业职位,华东医药,10000人以上,,西安,芜湖-弋江区,本科,1-3年,7-10k·14薪,,,,https://www.liepin.com/job/1976316443.shtml,20260609112846,,,,
154639,猎聘,能源/化工/环保,化学,有机合成高级研究员,企业职位,安徽联创生物医药股份有限公司,100-499人,,西安,淮南-大通区,本科,3-5年,12-24k·13薪,,,,https://www.liepin.com/job/1961820303.shtml,20260602133602,,,,
154640,猎聘,能源/化工/环保,化学,水性树脂应用工程师,企业职位,浙江材华科技有限公司,100-499人,,西安,合肥-经开区,本科,2-5年,12-25k,,,,https://www.liepin.com/job/1980996493.shtml,20260609090454,,,,
154641,猎聘,能源/化工/环保,化学,光刻工艺工程师-Litho Process Engineer(J19364),企业职位,长鑫存储技术有限公司,2000-5000人,,西安,合肥-蜀山区,统招本科,1-3年,15-30k·15薪,,,,https://www.liepin.com/job/1982079381.shtml,20260424172902,,,,
154642,猎聘,能源/化工/环保,化学,ESG供应端,企业职位,某合肥新能源上市公司,10000人以上,,西安,合肥-蜀山区,本科,3年以上,18-23k,,,,https://www.liepin.com/a/76282159.shtml,20260601200102,,,,
154643,猎聘,能源/化工/环保,化学,电池材料开发工程师,企业职位,摩芮思科技咨询,100-499人,,西安,合肥-经开区,硕士,3年以上,13-23k·13薪,,,,https://www.liepin.com/job/1981184021.shtml,20260324110430,,,,
154644,猎聘,能源/化工/环保,化学,质量总监,企业职位,某国内化工公司,100-499人,,西安,合肥,硕士,10年以上,60-90k,,,,https://www.liepin.com/a/75110091.shtml,20260602174901,,,,
154645,猎聘,能源/化工/环保,化学,半导体工艺技术员,企业职位,合肥矽迈微电子科技有限公司,100-499人,,西安,合肥-高新区,大专,1-3年,6-10k·13薪,,,,https://www.liepin.com/job/1976037395.shtml,20260603103105,,,,
154646,猎聘,能源/化工/环保,化学,理化检测工程师,企业职位,中轻合盛,100-499人,,西安,滁州-南谯区,本科,5年以上,6-10k,,,,https://www.liepin.com/job/1981854259.shtml,20260608144822,,,,
154647,猎聘,能源/化工/环保,化学,光刻工艺工程师,企业职位,四川益丰电子科技有限公司,50-99人,,西安,合肥-新站区,统招本科,3年以上,15-20k·15薪,,,,https://www.liepin.com/job/1982984045.shtml,20260529142957,,,,
154648,猎聘,能源/化工/环保,化学,电池寿命仿真,企业职位,上海轩邑,10000人以上,,西安,合肥-新站区,统招本科,5年以上,15-35k·13薪,,,,https://www.liepin.com/job/1972631693.shtml,20260519084501,,,,
154649,猎聘,能源/化工/环保,化学,研磨设备工程师 I CMP Equipment Engineer(J11093),企业职位,长鑫存储技术有限公司,2000-5000人,,西安,合肥-蜀山区,本科,1年以上,12-20k·15薪,,,,https://www.liepin.com/job/1971933273.shtml,20250114172634,,,,
154650,猎聘,能源/化工/环保,化学,博士/博士后人才,企业职位,安徽联创生物医药股份有限公司,100-499人,,西安,合肥-肥西县,博士,经验不限,15-45k,,,,https://www.liepin.com/job/1966298923.shtml,20260602133557,,,,
154651,猎聘,能源/化工/环保,化学,量测技术研发工程师(J10901),企业职位,合肥晶合集成电路股份有限公司,5000-10000人,,西安,合肥,本科,1年以上,8-16k·15薪,,,,https://www.liepin.com/job/1983133205.shtml,20260604083703,,,,
154652,猎聘,能源/化工/环保,化学,电芯研发工程师(J11129),企业职位,江苏中兴派能电池有限公司,2000-5000人,,西安,合肥-肥西县,本科,2年以上,12-16k·14薪,,,,https://www.liepin.com/job/1982783531.shtml,20260522165910,,,,
154653,猎聘,能源/化工/环保,化学,正极材料研发工程师/主任/专家（锰铁锂/铁锂）,企业职位,上海轩邑,10000人以上,,西安,合肥-包河区,硕士,3年以上,15-35k·13薪,,,,https://www.liepin.com/job/1980092007.shtml,20260609090715,,,,
154654,猎聘,能源/化工/环保,化学,工艺工程师,企业职位,会通新材料股份有限公司,2000-5000人,,西安,合肥-蜀山区,本科,1-3年,10-15k·14薪,,,,https://www.liepin.com/job/1972667947.shtml,20260523102344,,,,
154655,猎聘,能源/化工/环保,化学,IE产能规划工程师,企业职位,某合肥大型电子/半导体/集成电路公司,5000-10000人,,西安,合肥,学历不限,5年以上,20-40k·15薪,,,,https://www.liepin.com/a/76220721.shtml,20260603192050,,,,
154656,猎聘,能源/化工/环保,化学,半导体工艺研发岗位,企业职位,某合肥专业技术服务公司,1-49人,,西安,合肥,统招本科,5-10年,22-40k·15薪,,,,https://www.liepin.com/a/74398525.shtml,20260608111800,,,,
154657,猎聘,能源/化工/环保,化学,硅碳负极材料高级/资深工程师,企业职位,合肥星拓技术有限公司,1-49人,,西安,合肥-庐江县,统招本科,1年以上,10-30k·14薪,,,,https://www.liepin.com/job/1981512973.shtml,20260406000945,,,,
154658,猎聘,能源/化工/环保,化学,医药专利专员,企业职位,某合肥制药公司,1-49人,,西安,合肥,本科,1-3年,9-14k,,,,https://www.liepin.com/a/75051883.shtml,20260605113620,,,,
154659,猎聘,能源/化工/环保,化学, 研发技术工程师,企业职位,某国内石化上市公司,100-499人,,西安,合肥,博士,3-5年,40-45k,,,,https://www.liepin.com/a/76110359.shtml,20260527135324,,,,
154660,猎聘,能源/化工/环保,化学,FAE现场应用工程师（合肥）,企业职位,上海精测半导体,500-999人,,西安,合肥-蜀山区,统招本科,3年以上,12-20k·16薪,,,,https://www.liepin.com/job/1978303731.shtml,20260603155154,,,,
154661,猎聘,能源/化工/环保,化学,钠电体系研发工程师(J14383),企业职位,国轩高科,10000人以上,,西安,合肥-包河区,硕士,3-5年,15-25k·13薪,,,,https://www.liepin.com/job/1977614435.shtml,20260511110201,,,,
154662,猎聘,能源/化工/环保,化学,材料匹配资深/高级开发工程师（工研总院）,企业职位,国轩高科,10000人以上,,西安,合肥-包河区,硕士,4年以上,14-25k·13薪,,,,https://www.liepin.com/job/1979713567.shtml,20260330100902,,,,
154663,猎聘,能源/化工/环保,化学,大客户销售（高校科研）,企业职位,欧世盛科技,100-499人,,西安,合肥-瑶海区,本科,5-10年,10-18k,,,,https://www.liepin.com/job/1979142841.shtml,20260609134023,,,,
154664,猎聘,能源/化工/环保,化学,制剂研究员,企业职位,某合肥制药公司,1-49人,,西安,合肥,本科,1-3年,16-22k,,,,https://www.liepin.com/a/75051807.shtml,20260605113620,,,,
154665,猎聘,能源/化工/环保,化学,销售经理,企业职位,某大型知名医疗器械公司,1000-2000人,,西安,合肥,学历不限,3-5年,8-12k,,,,https://www.liepin.com/a/75929501.shtml,20260526092718,,,,
154666,猎聘,能源/化工/环保,化学,电芯仿真主任工程师,企业职位,某国内整车制造上市公司,10000人以上,,西安,芜湖,硕士,1-3年,25-40k·15薪,,,,https://www.liepin.com/a/73288401.shtml,20260312104717,,,,
154667,猎聘,能源/化工/环保,化学,有机合成组长,企业职位,华东医药,10000人以上,,西安,芜湖-弋江区,博士,1-3年,20-25k·14薪,,,,https://www.liepin.com/job/1981642927.shtml,20260609112846,,,,
154668,猎聘,能源/化工/环保,化学,半导体工程师,企业职位,合肥露笑半导体材料有限公司,50-99人,,西安,合肥-长丰县,硕士,经验不限,10-30k,,,,https://www.liepin.com/job/1978691983.shtml,20260516104146,,,,
154669,猎聘,能源/化工/环保,化学,合成工艺技术员,企业职位,安徽英纳威迅科技有限公司,1-49人,,西安,合肥-高新区,本科,3年以上,7-10k,,,,https://www.liepin.com/job/1981560041.shtml,20260526131910,,,,
154670,猎聘,能源/化工/环保,化学,QC质量经理,企业职位,某苏州新能源公司,100-499人,,西安,淮南,本科,5-10年,15-18k,,,,https://www.liepin.com/a/75700529.shtml,20260604142628,,,,
154671,猎聘,能源/化工/环保,化学,材料开发工程师（微球开发）,企业职位,仪器仪表上市公司,500-999人,,西安,合肥,学历不限,10年以上,25-40k,,,,https://www.liepin.com/a/74348041.shtml,20260521110118,,,,
154672,猎聘,能源/化工/环保,化学,滚镀电镀工程师（上市半导体封装企业）,企业职位,某国内电子/半导体/集成电路上市公司,100-499人,,西安,铜陵,大专,5-10年,12-20k·13薪,,,,https://www.liepin.com/a/75048557.shtml,20260609082919,,,,
154673,猎聘,能源/化工/环保,化学,供应商 ESG/可持续发展管理/社会责任管理专员,企业职位,某合肥新能源上市公司,10000人以上,,西安,合肥-蜀山区,统招本科,3年以上,15-20k,,,,https://www.liepin.com/a/76036615.shtml,20260525194015,,,,
154674,猎聘,能源/化工/环保,化学,特气工程师（有硅烷气体管理经验优先）,企业职位,合肥星拓技术有限公司,1-49人,,西安,合肥-庐江县,大专,1年以上,7-15k,,,,https://www.liepin.com/job/1983035483.shtml,20260601152855,,,,
154675,猎聘,能源/化工/环保,化学,研发工程师（香精香料）,企业职位,某国内石化上市公司,100-499人,,西安,合肥-肥东县,博士,经验不限,25-45k,,,,https://www.liepin.com/a/76153339.shtml,20260528112030,,,,
154676,猎聘,能源/化工/环保,化学,IQC工程师,企业职位,某国内新能源上市公司,10000人以上,,西安,合肥,统招本科,2年以上,13-23k·16薪,,,,https://www.liepin.com/a/75784643.shtml,20260518164546,,,,
154677,猎聘,能源/化工/环保,化学,半导体设备工程师,企业职位,某深圳大型电子/半导体/集成电路公司,2000-5000人,,西安,合肥,统招本科,1-3年,15-30k·15薪,,,,https://www.liepin.com/a/74407547.shtml,20260527153347,,,,
154678,猎聘,能源/化工/环保,化学,供应商质量管理系列岗位,企业职位,某合肥整车制造上市公司,10000人以上,,西安,合肥,本科,5年以上,25-40k,,,,https://www.liepin.com/a/75831717.shtml,20260519163516,,,,
154679,猎聘,能源/化工/环保,化学,有机合成研究员,企业职位,药明合联,2000-5000人,,西安,合肥-高新区,硕士,2-5年,11-13k·14薪,,,,https://www.liepin.com/job/1981225543.shtml,20260511201756,,,,
154680,猎聘,能源/化工/环保,化学,项目管理师-海外电芯项目,企业职位,国轩高科,10000人以上,,西安,合肥-包河区,硕士,1-3年,15-25k·13薪,,,,https://www.liepin.com/job/1974863871.shtml,20260519152827,,,,
154681,猎聘,能源/化工/环保,化学,电解液研发工程师,企业职位,上海轩邑,10000人以上,,西安,合肥-包河区,统招本科,5-10年,20-30k·13薪,,,,https://www.liepin.com/job/1972131457.shtml,20260529112717,,,,
154682,猎聘,能源/化工/环保,化学,光刻工艺工程师,企业职位,某知名公司,10000人以上,,西安,合肥,统招本科,2年以上,20-40k·15薪,,,,https://www.liepin.com/a/74683261.shtml,20260609120703,,,,
154683,猎聘,能源/化工/环保,化学,工艺现场工程师,企业职位,某深圳大型电子/半导体/集成电路公司,2000-5000人,,西安,合肥,统招本科,1-3年,15-30k·15薪,,,,https://www.liepin.com/a/74407453.shtml,20260527153347,,,,
154684,猎聘,能源/化工/环保,化学,串联质谱产线大区经理,企业职位,安图生物,5000-10000人,,西安,合肥-高新区,统招本科,2年以上,10-20k,,,,https://www.liepin.com/job/1980933511.shtml,20260314112404,,,,
154685,猎聘,能源/化工/环保,化学,实验员（研发）,企业职位,合肥国轩循环科技有限公司,100-499人,,西安,合肥-肥东县,统招本科,1-3年,5-7k·13薪,,,,https://www.liepin.com/job/1981622081.shtml,20260603111644,,,,
154686,猎聘,能源/化工/环保,化学,材料表征与分析工程师(研发部）,企业职位,合肥国轩循环科技有限公司,100-499人,,西安,合肥-肥东县,统招本科,1-3年,8-12k·13薪,,,,https://www.liepin.com/job/1981622391.shtml,20260603111634,,,,
154687,猎聘,能源/化工/环保,化学,研发技术工程师,企业职位,某国内石化上市公司,100-499人,,西安,合肥,博士,3年以上,20-40k,,,,https://www.liepin.com/a/76101363.shtml,20260527105722,,,,
154688,猎聘,能源/化工/环保,化学,赤泥资源化工艺开发工程师,企业职位,某国内知名专业技术服务公司,1-49人,,西安,芜湖,硕士,3-5年,20-35k,,,,https://www.liepin.com/a/74645149.shtml,20260509145552,,,,
154689,猎聘,能源/化工/环保,化学,研发专家,企业职位,某国内新材料公司,100-499人,,西安,合肥,博士,10年以上,50-80k·18薪,,,,https://www.liepin.com/a/76176623.shtml,20260601152727,,,,
154690,猎聘,能源/化工/环保,化学,研发专家,企业职位,某国内新材料公司,100-499人,,西安,合肥,博士,5-10年,60-90k,,,,https://www.liepin.com/a/76049729.shtml,20260526103235,,,,
154691,猎聘,能源/化工/环保,化学,原料药国际BD,企业职位,安徽联创生物医药股份有限公司,100-499人,,西安,合肥-肥西县,本科,经验不限,8-15k·13薪,,,,https://www.liepin.com/job/1960404207.shtml,20260602133557,,,,
154692,猎聘,能源/化工/环保,化学,项目工程师（CDMO）,企业职位,安徽皓元药业有限公司,100-499人,,西安,马鞍山-花山区,本科,3年以上,10-20k·13薪,,,,https://www.liepin.com/job/1977640719.shtml,20260527130600,,,,
154693,猎聘,能源/化工/环保,化学,多肽纯化研究员,企业职位,药明合联,2000-5000人,,西安,合肥-高新区,硕士,5年以上,13-17k·14薪,,,,https://www.liepin.com/job/1981380601.shtml,20260511201756,,,,
154694,猎聘,能源/化工/环保,化学,生物基尼龙改性研发技术员,企业职位,凯赛生物,100-499人,,西安,合肥-蜀山区,大专,1-3年,5-10k,,,,https://www.liepin.com/job/1976354743.shtml,20260609092411,,,,
154695,猎聘,能源/化工/环保,化学,多肽项目经理,企业职位,安徽联创生物医药股份有限公司,100-499人,,西安,合肥,硕士,5-10年,15-30k·13薪,,,,https://www.liepin.com/job/1960398039.shtml,20260602133602,,,,
154696,猎聘,能源/化工/环保,化学,AI 开发及应用工程师,企业职位,某合肥学术/科研公司,1-49人,,西安,合肥-高新区,学历不限,3-5年,15-25k,,,,https://www.liepin.com/a/75535827.shtml,20260511175242,,,,
154697,猎聘,能源/化工/环保,化学,催化研发工程师（碳捕集方向）,企业职位,某国内知名专业技术服务公司,1-49人,,西安,芜湖,硕士,3-5年,20-35k,,,,https://www.liepin.com/a/74645269.shtml,20260509145552,,,,
154698,猎聘,能源/化工/环保,化学,电池系统工程师(J24609),企业职位,奇瑞集团,5000-10000人,,西安,芜湖-弋江区,本科,5年以上,20-40k·15薪,,,,https://www.liepin.com/job/1980148119.shtml,20260604083346,,,,
154699,猎聘,能源/化工/环保,化学,电芯体系开发,企业职位,奇瑞汽车,10000人以上,,西安,芜湖-弋江区,硕士,7年以上,20-28k·15薪,,,,https://www.liepin.com/job/1981517207.shtml,20260609181814,,,,
154700,猎聘,能源/化工/环保,化学,电芯研发工程师/主任/专家,企业职位,上海轩邑,10000人以上,,西安,合肥-新站区,硕士,4年以上,15-35k·13薪,,,,https://www.liepin.com/job/1981558041.shtml,20260609090715,,,,
154701,猎聘,能源/化工/环保,化学,OLED新材料研究员(博士),企业职位,合肥鼎材科技有限公司,100-499人,,西安,合肥-瑶海区,博士,3-5年,20-40k,,,,https://www.liepin.com/job/1979058317.shtml,20251210172203,,,,
154702,猎聘,能源/化工/环保,化学,CO₂基聚合物工艺开发工程师,企业职位,某国内知名专业技术服务公司,1-49人,,西安,芜湖,硕士,3-5年,20-35k,,,,https://www.liepin.com/a/74644945.shtml,20260509145552,,,,
154703,猎聘,能源/化工/环保,化学,工艺主管,企业职位,上海轩邑,10000人以上,,西安,合肥-肥东县,硕士,3年以上,30-50k·13薪,,,,https://www.liepin.com/job/1980395345.shtml,20260514170702,,,,
154704,猎聘,能源/化工/环保,化学,光刻设备工程师,企业职位,某合肥电子/半导体/集成电路上市公司,500-999人,,西安,合肥,统招本科,3-5年,25-50k·16薪,,,,https://www.liepin.com/a/76059049.shtml,20260609114533,,,,
154705,猎聘,能源/化工/环保,化学,生产制造工程师,企业职位,安徽晶镁光罩,100-499人,,西安,合肥-新站区,大专,1-3年,6-10k·14薪,,,,https://www.liepin.com/job/1982496129.shtml,20260604145033,,,,
154706,猎聘,能源/化工/环保,化学,工艺整合工程师,企业职位,某合肥专业技术服务公司,1-49人,,西安,合肥,统招本科,5-10年,17-30k,,,,https://www.liepin.com/a/73351331.shtml,20260526135822,,,,
154707,猎聘,能源/化工/环保,化学,AMC研发工程师,企业职位,中用科技有限公司,100-499人,,西安,合肥-经开区,硕士,5-10年,15-45k,,,,https://www.liepin.com/job/1983149361.shtml,20260604134837,,,,
154708,猎聘,能源/化工/环保,化学,环境/健康/安全管理,企业职位,韩拓科技,100-499人,,西安,滁州-全椒县,本科,3年以上,8-13k,,,,https://www.liepin.com/job/1979745007.shtml,20260608143353,,,,
154709,猎聘,能源/化工/环保,化学,设备装机工程师,猎头职位,某大型知名电子/半导体/集成电路公司,2000-5000人,,西安,合肥,统招本科,3-5年,20-30k·16薪,,,,https://www.liepin.com/a/76194913.shtml,20260608092751,,,,
154710,猎聘,能源/化工/环保,化学,研发专家,猎头职位,某国内知名新材料公司,100-499人,,西安,芜湖,博士,10年以上,70-95k,,,,https://www.liepin.com/a/76103257.shtml,20260527111424,,,,
154711,猎聘,能源/化工/环保,化学,省属国企水泥窑炉（燃料代替）,猎头职位,某国内知名专业技术服务公司,1-49人,,西安,芜湖,硕士,3-5年,20-40k,,,,https://www.liepin.com/a/75183855.shtml,20260509145552,,,,
154712,猎聘,能源/化工/环保,化学,世界百强德资主机厂-价值工程师（ADAS）,猎头职位,某国内大型整车制造公司,5000-10000人,,西安,合肥,统招本科,5-10年,25-30k·15薪,,,,https://www.liepin.com/a/75863963.shtml,20260526100530,,,,
154713,猎聘,能源/化工/环保,化学,PI浆料销售工程师（聚酰亚胺浆料方向/新材料行业）,猎头职位,某合肥新材料公司,50-99人,,西安,合肥,统招本科,3-5年,13-20k,,,,https://www.liepin.com/a/76344413.shtml,20260603095935,,,,
154714,猎聘,能源/化工/环保,化学,【国企】质量工程师（电子特气方向/外包岗位）,猎头职位,某国内化工公司,1-49人,,西安,安庆-桐城,统招本科,3-5年,18-22k,,,,https://www.liepin.com/a/75630167.shtml,20260513154109,,,,
154715,猎聘,能源/化工/环保,化学,研究员,猎头职位,某国内计算机软件公司,50-99人,,西安,合肥,博士,经验不限,26-40k,,,,https://www.liepin.com/a/76013501.shtml,20260525142257,,,,
154716,猎聘,能源/化工/环保,化学,商务拓展,猎头职位,某国内环保上市公司,100-499人,,西安,合肥,本科,5-10年,18-26k,,,,https://www.liepin.com/a/75723225.shtml,20260602090421,,,,
154717,猎聘,能源/化工/环保,化学,材料研发经理,猎头职位,某国内新材料公司,50-99人,,西安,安庆,统招本科,3-5年,25-50k,,,,https://www.liepin.com/a/75619299.shtml,20260603141704,,,,
154718,猎聘,能源/化工/环保,化学,硬件测试工程师-车企,猎头职位,某大型整车制造公司,1000-2000人,,西安,合肥,统招本科,3-5年,20-40k,,,,https://www.liepin.com/a/76071149.shtml,20260526153733,,,,
154719,猎聘,能源/化工/环保,化学,销售工程师,猎头职位,某国内大型化工公司,500-999人,,西安,黄山-徽州区,本科,3年以上,8-11k,,,,https://www.liepin.com/a/76154311.shtml,20260601155229,,,,
154720,猎聘,能源/化工/环保,化学,电池工程师（电芯仿真主任工程师,猎头职位,某国内整车制造上市公司,10000人以上,,西安,芜湖,统招本科,经验不限,30-50k,,,,https://www.liepin.com/a/74519779.shtml,20260411123316,,,,
154721,猎聘,能源/化工/环保,化学,固态电芯开发,猎头职位,某国内大型整车制造公司,10000人以上,,西安,合肥,硕士,经验不限,30-60k·15薪,,,,https://www.liepin.com/a/75992877.shtml,20260604113239,,,,
154722,猎聘,能源/化工/环保,化学,电芯原材料采购,猎头职位,某合肥新能源上市公司,10000人以上,,西安,合肥,统招本科,5-10年,1-2k·15薪,,,,https://www.liepin.com/a/75190207.shtml,20260609210752,,,,
154723,猎聘,能源/化工/环保,化学,环卫项目物业经理,猎头职位,某合肥大型工程施工公司,5000-10000人,,西安,合肥,统招本科,5-10年,15-20k,,,,https://www.liepin.com/a/76364397.shtml,20260609141320,,,,
154724,猎聘,能源/化工/环保,化学,药物合成研究员-日语&英语-合肥,猎头职位,某国内机械/设备公司,50-99人,,西安,合肥,学历不限,1-3年,6-10k·14薪,,,,https://www.liepin.com/a/75819471.shtml,20260527091508,,,,
154725,猎聘,能源/化工/环保,化学, 【合肥】应用工程师（日语）,猎头职位,某上海电子/半导体/集成电路公司,100-499人,,西安,合肥,硕士,经验不限,11-20k·14薪,,,,https://www.liepin.com/a/76329913.shtml,20260602173717,,,,
154726,猎聘,能源/化工/环保,化学,原料药负责人,猎头职位,某合肥制药公司,100-499人,,西安,合肥-肥东县,本科,10年以上,50-80k,,,,https://www.liepin.com/a/76127705.shtml,20260527170805,,,,
154727,猎聘,能源/化工/环保,化学,电池开发,猎头职位,某合肥科技推广服务公司,,,西安,合肥,统招本科,5年以上,20-40k·15薪,,,,https://www.liepin.com/a/75303501.shtml,20260506153929,,,,
154728,猎聘,能源/化工/环保,化学,工艺工程师,猎头职位,某合肥电子/半导体/集成电路公司,100-499人,,西安,合肥,本科,3-5年,18-24k·15薪,,,,https://www.liepin.com/a/75537293.shtml,20260511175628,,,,
154729,猎聘,能源/化工/环保,化学,合肥区域销售经理,猎头职位,某北京环保上市公司,100-499人,,西安,合肥,统招本科,5-10年,8-12k,,,,https://www.liepin.com/a/75891065.shtml,20260605171221,,,,
154730,猎聘,能源/化工/环保,化学,海外质量安全合规（也可考虑欧盟籍员工 德籍/法籍/英籍）,猎头职位,某国内大型其他行业公司,10000人以上,,西安,芜湖,本科,10年以上,26-50k,,,,https://www.liepin.com/a/74963403.shtml,20260609233111,,,,
154731,猎聘,能源/化工/环保,化学,黄光工程师,猎头职位,某合肥电子/半导体/集成电路公司,1-49人,,西安,合肥,统招本科,3年以上,25-30k·14薪,,,,https://www.liepin.com/a/76445879.shtml,20260609165356,,,,
154732,猎聘,能源/化工/环保,化学,热管理/热设计,猎头职位,某合肥电子/半导体/集成电路公司,100-499人,,西安,合肥,学历不限,10年以上,40-70k·13薪,,,,https://www.liepin.com/a/74395365.shtml,20260609114235,,,,
154733,猎聘,能源/化工/环保,化学,环卫物业项目经理,猎头职位,某合肥大型工程施工公司,5000-10000人,,西安,合肥,学历不限,5-10年,9-12k·13薪,,,,https://www.liepin.com/a/76346399.shtml,20260608141522,,,,
154734,猎聘,能源/化工/环保,化学,汽车供应商质量控制岗系列,猎头职位,某合肥整车制造上市公司,10000人以上,,西安,合肥,统招本科,5-10年,20-40k·14薪,,,,https://www.liepin.com/a/75819887.shtml,20260519165048,,,,
154735,猎聘,能源/化工/环保,化学,医疗无菌 质量经理,猎头职位,某合肥制药公司,100-499人,,西安,合肥,本科,3-5年,10-15k·13薪,,,,https://www.liepin.com/a/75282177.shtml,20260604102120,,,,
154736,猎聘,能源/化工/环保,化学,质量总监,猎头职位,某国内化工公司,100-499人,,西安,合肥,本科,5-10年,30-35k·15薪,,,,https://www.liepin.com/a/73239489.shtml,20260525140657,,,,
154737,猎聘,能源/化工/环保,化学,清洗工艺工程师,猎头职位,某合肥电子/半导体/集成电路公司,100-499人,,西安,合肥,本科,3-5年,15-30k·15薪,,,,https://www.liepin.com/a/76041283.shtml,20260526090849,,,,
154738,猎聘,能源/化工/环保,化学,固态电池工程师,猎头职位,某大连整车制造上市公司,10000人以上,,西安,芜湖,本科,3-5年,20-40k,,,,https://www.liepin.com/a/74405941.shtml,20260408195018,,,,
154739,猎聘,能源/化工/环保,化学,电芯仿真主任工程师,猎头职位,某国内整车制造上市公司,10000人以上,,西安,芜湖,硕士,经验不限,25-35k,,,,https://www.liepin.com/a/74968711.shtml,20260423094603,,,,
154740,猎聘,能源/化工/环保,化学,四大工艺——汽车主机厂,猎头职位,某国内整车制造上市公司,10000人以上,,西安,芜湖,统招本科,5-10年,15-30k·15薪,,,,https://www.liepin.com/a/75844461.shtml,20260519232703,,,,
154741,猎聘,能源/化工/环保,化学,电芯仿真主任工程师,猎头职位,某国内整车制造上市公司,10000人以上,,西安,芜湖,学历不限,3-5年,25-40k·15薪,,,,https://www.liepin.com/a/75194389.shtml,20260429154009,,,,
154742,猎聘,能源/化工/环保,化学,物业项目经理,猎头职位,某合肥大型工程施工公司,5000-10000人,,西安,合肥,学历不限,3-5年,10-15k,,,,https://www.liepin.com/a/76347369.shtml,20260603102800,,,,
154743,猎聘,能源/化工/环保,化学,供应商质量发展工程师,猎头职位,某知名公司,1-49人,,西安,合肥-蜀山区,本科,5-10年,25-50k·16薪,,,,https://www.liepin.com/a/75378063.shtml,20260508110510,,,,
154744,猎聘,能源/化工/环保,化学,销售（食品农产品检测技术背景  安徽省内  40岁内）,猎头职位,某国内检测认证公司,100-499人,,西安,合肥,统招本科,3-5年,10-15k,,,,https://www.liepin.com/a/74028971.shtml,20260605170855,,,,
154745,猎聘,能源/化工/环保,化学,电芯仿真主任工程师,猎头职位,某国内整车制造上市公司,10000人以上,,西安,芜湖,硕士,3年以上,20-40k·15薪,,,,https://www.liepin.com/a/74939497.shtml,20260422143734,,,,
154746,猎聘,能源/化工/环保,化学,塑料工程师,猎头职位,某知名公司,100-499人,,西安,合肥,学历不限,经验不限,15-25k,,,,https://www.liepin.com/a/75367955.shtml,20260522145210,,,,
154747,猎聘,能源/化工/环保,化学,BD经理,猎头职位,某合肥制药公司,100-499人,,西安,合肥,统招本科,3年以上,15-30k,,,,https://www.liepin.com/a/75726225.shtml,20260608085857,,,,
154748,猎聘,能源/化工/环保,化学,材料研发,猎头职位,某国内新材料公司,50-99人,,西安,安庆,学历不限,经验不限,35-60k,,,,https://www.liepin.com/a/75768455.shtml,20260518135619,,,,
154749,猎聘,能源/化工/环保,化学,材料研发工程师,猎头职位,某合肥医疗器械公司,1-49人,,西安,合肥,统招本科,1-3年,14-24k,,,,https://www.liepin.com/a/75095505.shtml,20260427143449,,,,
154750,猎聘,能源/化工/环保,化学,大分子合成研究员,猎头职位,某合肥制药公司,100-499人,,西安,合肥,硕士,经验不限,17-20k·13薪,,,,https://www.liepin.com/a/74388339.shtml,20260509155814,,,,
154751,猎聘,能源/化工/环保,化学,电芯仿真主任工程师,猎头职位,某国内整车制造上市公司,10000人以上,,西安,芜湖,硕士,3-5年,20-21k,,,,https://www.liepin.com/a/73971533.shtml,20260327142013,,,,
154752,猎聘,能源/化工/环保,化学,【合肥】日语半导体售后工程师,猎头职位,某上海电子/半导体/集成电路公司,100-499人,,西安,合肥,本科,1-3年,9-14k·14薪,,,,https://www.liepin.com/a/76134493.shtml,20260609093748,,,,
154753,猎聘,能源/化工/环保,化学,工艺工程师,猎头职位,某国内新能源上市公司,10000人以上,,西安,芜湖,学历不限,5-10年,20-25k·16薪,,,,https://www.liepin.com/a/75531579.shtml,20260527185957,,,,
154754,猎聘,能源/化工/环保,化学,小核酸药物合成负责人,猎头职位,某国内制药上市公司,2000-5000人,,西安,合肥,学历不限,经验不限,30-60k,,,,https://www.liepin.com/a/74041863.shtml,20260330162307,,,,
154755,猎聘,能源/化工/环保,化学,质量经理,猎头职位,某南京制药公司,100-499人,,西安,合肥,本科,5-10年,25-30k·16薪,,,,https://www.liepin.com/a/75552763.shtml,20260602091502,,,,
154756,猎聘,能源/化工/环保,化学,大分子研究员,猎头职位,某杭州专业技术服务公司,50-99人,,西安,合肥,硕士,3年以上,18-25k,,,,https://www.liepin.com/a/76283413.shtml,20260608092710,,,,
154757,猎聘,能源/化工/环保,化学,分析测试经理（博士）,猎头职位,某国内电子/半导体/集成电路公司,100-499人,,西安,芜湖,博士,3-5年,30-40k,,,,https://www.liepin.com/a/75484271.shtml,20260520092711,,,,
154758,猎聘,能源/化工/环保,化学,电芯仿真主任工程师,猎头职位,某国内整车制造上市公司,10000人以上,,西安,芜湖,硕士,3年以上,23-30k·15薪,,,,https://www.liepin.com/a/75649101.shtml,20260609094737,,,,
154759,猎聘,能源/化工/环保,化学,电子封装与材料专家,猎头职位,某合肥大型电子/半导体/集成电路公司,1000-2000人,,西安,合肥,硕士,5-10年,30-60k,,,,https://www.liepin.com/a/76257339.shtml,20260601135712,,,,
154760,猎聘,能源/化工/环保,化学,BD经理,猎头职位,某合肥生物技术公司,100-499人,,西安,合肥,本科,经验不限,20-30k,,,,https://www.liepin.com/a/75387507.shtml,20260603201408,,,,
154761,猎聘,能源/化工/环保,化学,干法蚀刻设备工程师,猎头职位,某大型电子/半导体/集成电路公司,5000-10000人,,西安,合肥,本科,5-10年,20-35k·15薪,,,,https://www.liepin.com/a/75729885.shtml,20260603095525,,,,
154762,猎聘,能源/化工/环保,化学,多肽合成负责人,猎头职位,某合肥制药公司,100-499人,,西安,合肥,博士,3-5年,40-60k,,,,https://www.liepin.com/a/75708695.shtml,20260607163711,,,,
154763,猎聘,能源/化工/环保,化学,多肽合成项目经理,猎头职位,某合肥生物技术公司,100-499人,,西安,合肥,硕士,5-10年,20-40k,,,,https://www.liepin.com/a/75332451.shtml,20260507100009,,,,
154764,猎聘,能源/化工/环保,化学,品控经理,猎头职位,某上海大型人力资源服务公司,500-999人,,西安,蚌埠-怀远县,大专,经验不限,18-25k,,,,https://www.liepin.com/a/75919155.shtml,20260521161543,,,,
154765,猎聘,能源/化工/环保,化学,同位素研发工程师,猎头职位,某国内化工公司,1-49人,,西安,安庆-桐城,硕士,3-5年,15-20k,,,,https://www.liepin.com/a/73847597.shtml,20260415173936,,,,
154766,猎聘,能源/化工/环保,化学,销售经理,猎头职位,某合肥医药流通公司,1-49人,,西安,合肥,本科,3-5年,14-23k·14薪,,,,https://www.liepin.com/a/74854935.shtml,20260609143703,,,,
154767,猎聘,能源/化工/环保,化学,SCR脱硝催化剂研发工程师,猎头职位,某国内知名专业技术服务公司,1-49人,,西安,芜湖,硕士,3-5年,20-35k,,,,https://www.liepin.com/a/74644911.shtml,20260509145552,,,,
154768,猎聘,能源/化工/环保,化学,新污染物治理技术研发工程师,猎头职位,某国内知名专业技术服务公司,1-49人,,西安,芜湖,硕士,1-3年,20-35k,,,,https://www.liepin.com/a/74645039.shtml,20260509145552,,,,
154769,猎聘,能源/化工/环保,化学,蚀刻工艺/设备工程师/专家   Etch,猎头职位,某电子/半导体/集成电路公司,100-499人,,西安,合肥,本科,3-5年,30-50k·15薪,,,,https://www.liepin.com/a/76036749.shtml,20260608090622,,,,
154770,猎聘,能源/化工/环保,化学,项目经理/主管（ccus+海外）,猎头职位,某国内环保上市公司,500-999人,,西安,马鞍山,本科,10年以上,40-50k,,,,https://www.liepin.com/a/76364169.shtml,20260603144227,,,,
154771,猎聘,能源/化工/环保,化学,材料/工艺工程师（专家）,猎头职位,某合肥大型电子/半导体/集成电路公司,2000-5000人,,西安,合肥,博士,3-5年,30-50k·15薪,,,,https://www.liepin.com/a/75351439.shtml,20260609104433,,,,
154772,猎聘,能源/化工/环保,化学,半导体材料研发工程师/专家,猎头职位,某上海大型电子/半导体/集成电路公司,5000-10000人,,西安,合肥,本科,7年以上,35-65k·16薪,,,,https://www.liepin.com/a/74689901.shtml,20260415173740,,,,
154773,猎聘,能源/化工/环保,化学,热设计专家（AI液冷/微通道冷板MLCP方向）,猎头职位,某合肥电子/半导体/集成电路公司,100-499人,,西安,合肥,统招本科,10年以上,30-35k·13薪,,,,https://www.liepin.com/a/75713503.shtml,20260609094426,,,,
154774,猎聘,能源/化工/环保,化学,核酸合成负责人,猎头职位,某合肥制药公司,100-499人,,西安,合肥,硕士,5年以上,30-55k,,,,https://www.liepin.com/a/74226559.shtml,20260609090324,,,,
154775,猎聘,能源/化工/环保,化学,工艺负责人（偏光片方向）,猎头职位,某合肥电气机械/器材公司,1-49人,,西安,合肥,本科,5-10年,25-30k,,,,https://www.liepin.com/a/75874475.shtml,20260609134815,,,,
154776,猎聘,能源/化工/环保,化学,现场应用工程师（FAE）,猎头职位,某上海电子/半导体/集成电路公司,100-499人,,西安,合肥,本科,1-3年,10-15k,,,,https://www.liepin.com/a/76327419.shtml,20260608150334,,,,
154777,猎聘,能源/化工/环保,化学,海外销售总监,猎头职位,某知名制药公司,100-499人,,西安,合肥,本科,5-10年,30-60k,,,,https://www.liepin.com/a/76033019.shtml,20260525175401,,,,
154778,猎聘,能源/化工/环保,化学,晶圆级先进封装工程师,猎头职位,某合肥大型电子/半导体/集成电路公司,2000-5000人,,西安,合肥,统招本科,3-5年,20-30k,,,,https://www.liepin.com/a/76489651.shtml,20260607075408,,,,
154779,猎聘,能源/化工/环保,化学,深耕半导体核心领域各module方向TF/ETCH/DIFF/LITHO/MI/PIE/YE/CMP工艺/设备工程师/专家,猎头职位,某电子/半导体/集成电路公司,100-499人,,西安,合肥,本科,3年以上,15-30k·15薪,,,,https://www.liepin.com/a/74831759.shtml,20260608090622,,,,
154780,猎聘,能源/化工/环保,化学,设备专家,猎头职位,某知名上市公司,500-999人,,西安,合肥,本科,5-10年,15-25k·14薪,,,,https://www.liepin.com/a/76361801.shtml,20260608092532,,,,
154781,猎聘,能源/化工/环保,化学,工艺负责人（偏光片方向）,猎头职位,某合肥电气机械/器材公司,1-49人,,西安,合肥,本科,5-10年,25-30k,,,,https://www.liepin.com/a/75873277.shtml,20260601172520,,,,
154782,猎聘,能源/化工/环保,化学,BD经理,猎头职位,某合肥制药公司,100-499人,,西安,合肥-蜀山区,统招本科,3-5年,15-30k,,,,https://www.liepin.com/a/75833523.shtml,20260604091757,,,,
154783,猎聘,能源/化工/环保,化学,NPI工程师,猎头职位,某国内知名上市公司,2000-5000人,,西安,芜湖,本科,3年以上,11-16k·13薪,,,,https://www.liepin.com/a/70767075.shtml,20260608104723,,,,
154784,猎聘,能源/化工/环保,化学,制程整合研发工程师/专家,猎头职位,某大型知名电子/半导体/集成电路公司,2000-5000人,,西安,合肥,硕士,5年以上,21-40k·15薪,,,,https://www.liepin.com/a/76281961.shtml,20260601194659,,,,
154785,猎聘,能源/化工/环保,化学,体系工程师,猎头职位,某国内其他制造业公司,100-499人,,西安,芜湖-繁昌区,本科,3年以上,9-14k·13薪,,,,https://www.liepin.com/a/75911029.shtml,20260607185808,,,,
154786,猎聘,能源/化工/环保,化学,半导体工艺整合PIE,猎头职位,某合肥大型电子/半导体/集成电路公司,5000-10000人,,西安,合肥,统招本科,10年以上,70-100k,,,,https://www.liepin.com/a/76342967.shtml,20260603094501,,,,
154787,猎聘,能源/化工/环保,化学,干制程工程经理,猎头职位,某合肥电子/半导体/集成电路公司,100-499人,,西安,合肥,统招本科,3-5年,30-45k,,,,https://www.liepin.com/a/75759415.shtml,20260520145052,,,,
154788,猎聘,能源/化工/环保,化学,多肽合成项目经理,猎头职位,某合肥制药公司,100-499人,,西安,合肥,硕士,5-10年,20-40k,,,,https://www.liepin.com/a/75332331.shtml,20260507095912,,,,
154789,猎聘,能源/化工/环保,化学,BD经理,猎头职位,某合肥制药公司,100-499人,,西安,合肥,本科,3-5年,30-50k,,,,https://www.liepin.com/a/75948049.shtml,20260522115549,,,,
154790,猎聘,能源/化工/环保,化学,光罩清洗研发工程师,猎头职位,某合肥电子/半导体/集成电路公司,100-499人,,西安,合肥,本科,3-5年,18-35k·15薪,,,,https://www.liepin.com/a/76041599.shtml,20260526091402,,,,
154791,猎聘,能源/化工/环保,化学,系统测试工程师,猎头职位,某合肥制药公司,,,西安,合肥,学历不限,5-10年,15-20k·13薪,,,,https://www.liepin.com/a/76382817.shtml,20260603185009,,,,
154792,猎聘,能源/化工/环保,化学,EPI工艺,猎头职位,某合肥专业技术服务公司,1-49人,,西安,合肥,学历不限,5-10年,20-40k·15薪,,,,https://www.liepin.com/a/74675937.shtml,20260608085555,,,,
154793,猎聘,能源/化工/环保,化学,污泥处理工艺与药剂研发工程师,猎头职位,某国内知名专业技术服务公司,1-49人,,西安,芜湖,硕士,3-5年,20-30k,,,,https://www.liepin.com/a/74645063.shtml,20260509145552,,,,
154794,猎聘,能源/化工/环保,化学,量产制程整合经理,猎头职位,某上海电子/半导体/集成电路公司,100-499人,,西安,合肥-蜀山区,学历不限,10年以上,30-50k·15薪,,,,https://www.liepin.com/a/74767133.shtml,20260608102705,,,,
154795,猎聘,能源/化工/环保,化学,电芯开发主任，主管工程师（某电池研究院）,猎头职位,某国内整车制造上市公司,10000人以上,,西安,芜湖,硕士,5-10年,30-50k·15薪,,,,https://www.liepin.com/a/73676145.shtml,20260609083422,,,,
154796,猎聘,能源/化工/环保,化学,BMS标定工程师,猎头职位,某国内整车制造上市公司,10000人以上,,西安,芜湖,本科,5-10年,15-19k,,,,https://www.liepin.com/a/76310993.shtml,20260602182626,,,,
154797,猎聘,能源/化工/环保,化学,多肽合成负责人,猎头职位,某合肥知名制药公司,100-499人,,西安,合肥,硕士,5年以上,20-40k,,,,https://www.liepin.com/a/74512849.shtml,20260423101428,,,,
154798,猎聘,能源/化工/环保,化学,量测研发工程师/专家,猎头职位,某合肥大型电子/半导体/集成电路公司,2000-5000人,,西安,合肥,本科,5-10年,20-40k·15薪,,,,https://www.liepin.com/a/76388569.shtml,20260604085230,,,,
154799,猎聘,能源/化工/环保,化学, III-V族化合物半导体外延工艺专家,猎头职位,某知名电子/半导体/集成电路公司,50-99人,,西安,合肥-蜀山区,博士,5-10年,70-85k,,,,https://www.liepin.com/a/75681093.shtml,20260525142702,,,,
154800,猎聘,能源/化工/环保,化学,技术负责人•1-2万,猎头职位,某合肥食品/饮料/酒水公司,100-499人,,西安,合肥-蜀山区,本科,5年以上,11-20k,,,,https://www.liepin.com/a/75042709.shtml,20260506113213,,,,
154801,猎聘,能源/化工/环保,化学,质量负责人,猎头职位,某知名公司,100-499人,,西安,六安,大专,10年以上,15-25k·14薪,,,,https://www.liepin.com/a/73340277.shtml,20260603183702,,,,
154802,猎聘,能源/化工/环保,化学,汽车涂装工艺工程师,猎头职位,某合肥整车制造上市公司,10000人以上,,西安,合肥-蜀山区,统招本科,5-10年,16-30k·15薪,,,,https://www.liepin.com/a/75016349.shtml,20260603165307,,,,
154803,猎聘,能源/化工/环保,化学,药物合成研究员-日语或英语-合肥,猎头职位,某专业技术服务公司,50-99人,,西安,合肥-经开区,硕士,1-3年,10-15k·13薪,,,,https://www.liepin.com/a/75623349.shtml,20260513144607,,,,
154804,猎聘,能源/化工/环保,化学,量测设备专家,猎头职位,某武汉大型电子/半导体/集成电路公司,10000人以上,,西安,合肥,本科,5-10年,30-50k·15薪,,,,https://www.liepin.com/a/75485343.shtml,20260609094327,,,,
154805,猎聘,能源/化工/环保,化学,半导体外延工艺专家,猎头职位,某合肥电子/半导体/集成电路公司,50-99人,,西安,合肥,博士,5年以上,70-80k,,,,https://www.liepin.com/a/76047649.shtml,20260608092301,,,,
154806,猎聘,能源/化工/环保,化学,工艺经理,猎头职位,某合肥新能源公司,100-499人,,西安,合肥,大专,5-10年,15-25k,,,,https://www.liepin.com/a/75518589.shtml,20260511144612,,,,
154807,猎聘,能源/化工/环保,化学,国企销售经理（汽车材料检测/可靠性检测）,猎头职位,某广州检测认证上市公司,2000-5000人,,西安,合肥-高新区,大专,5-10年,10-15k,,,,https://www.liepin.com/a/75834457.shtml,20260609095032,,,,
154808,猎聘,能源/化工/环保,化学,大分子合成研究员,猎头职位,某合肥制药公司,100-499人,,西安,合肥,硕士,3-5年,15-21k,,,,https://www.liepin.com/a/74511079.shtml,20260604102003,,,,
154809,猎聘,能源/化工/环保,化学,拉伸主管,猎头职位,某合肥石化上市公司,500-999人,,西安,合肥,大专,3-5年,8-12k,,,,https://www.liepin.com/a/74903359.shtml,20260514085908,,,,
154810,猎聘,能源/化工/环保,化学,湿法工程经理,猎头职位,合肥某封测厂,500-999人,,西安,合肥,本科,10年以上,25-35k·13薪,,,,https://www.liepin.com/a/73948323.shtml,20260608105200,,,,
154811,猎聘,能源/化工/环保,化学,检测公司负责人,猎头职位,某国内环保上市公司,100-499人,,西安,宿州,本科,5-10年,15-18k,,,,https://www.liepin.com/a/75497209.shtml,20260602090421,,,,
154812,猎聘,能源/化工/环保,化学,电池工艺开发主管工程师,猎头职位,某国内整车制造上市公司,10000人以上,,西安,芜湖,学历不限,5-10年,26-45k·15薪,,,,https://www.liepin.com/a/74654741.shtml,20260609083422,,,,
154813,猎聘,能源/化工/环保,化学,供应商质量发展工程师,猎头职位,某合肥大型电子/半导体/集成电路公司,5000-10000人,,西安,合肥,硕士,5-10年,25-40k·16薪,,,,https://www.liepin.com/a/74543323.shtml,20260608082031,,,,
154814,猎聘,能源/化工/环保,化学,提取生产主管 ,猎头职位,某苏州机械/设备公司,100-499人,,西安,宣城-宁国,统招本科,5-10年,20-30k,,,,https://www.liepin.com/a/74969619.shtml,20260609091048,,,,
154815,猎聘,能源/化工/环保,化学,研发经理（铝粉、铜金粉）,猎头职位,某合肥石化公司,100-499人,,西安,合肥,本科,5-10年,25-50k,,,,https://www.liepin.com/a/75757815.shtml,20260518105116,,,,
154816,猎聘,能源/化工/环保,化学,农药制剂研发工程师,猎头职位,某国内大型化工公司,1000-2000人,,西安,马鞍山,本科,3-5年,12-15k,,,,https://www.liepin.com/a/75413181.shtml,20260609075926,,,,
154817,猎聘,能源/化工/环保,化学,理科竞赛教练,猎头职位,某知名公司,100-499人,,西安,合肥,统招本科,经验不限,25-50k,,,,https://www.liepin.com/a/74587543.shtml,20260515141725,,,,
154818,猎聘,能源/化工/环保,化学,工艺部长,猎头职位,某知名汽车零部件及配件公司,100-499人,,西安,宣城-广德,大专,5-10年,25-35k,,,,https://www.liepin.com/a/75972675.shtml,20260609084301,,,,
154819,猎聘,能源/化工/环保,化学,半导体工艺整合PIE,猎头职位,某合肥专业技术服务公司,1-49人,,西安,合肥,统招本科,5年以上,25-45k·15薪,,,,https://www.liepin.com/a/75485319.shtml,20260609094327,,,,
154820,猎聘,能源/化工/环保,化学,涂装工艺工程师（涂装机器人方向,猎头职位,某合肥整车制造上市公司,10000人以上,,西安,合肥-蜀山区,统招本科,5-10年,15-30k·15薪,,,,https://www.liepin.com/a/75380001.shtml,20260603165307,,,,
154821,猎聘,能源/化工/环保,化学,研发软糖工程师 - EMEA研发团队,猎头职位,某国内食品/饮料/酒水上市公司,2000-5000人,,西安,马鞍山,硕士,1-3年,20-25k,,,,https://www.liepin.com/a/75787757.shtml,20260604113727,,,,
154822,猎聘,能源/化工/环保,化学,UU销售经理,猎头职位,某合肥医药流通公司,1-49人,,西安,合肥-高新区,学历不限,3-5年,12-20k,,,,https://www.liepin.com/a/74762931.shtml,20260608092201,,,,
154823,猎聘,能源/化工/环保,化学,干制程工程经理,猎头职位,合肥某封测厂,500-999人,,西安,合肥,本科,10年以上,25-35k·13薪,,,,https://www.liepin.com/a/73948405.shtml,20260608105200,,,,
154824,猎聘,能源/化工/环保,化学,质量负责人(B证\无菌制剂),猎头职位,某药业,100-499人,,西安,合肥,统招本科,5年以上,15-25k,,,,https://www.liepin.com/a/76114437.shtml,20260608135352,,,,
154825,猎聘,能源/化工/环保,化学,YE良率课经理/专家/工程师,猎头职位,某大型电子/半导体/集成电路公司,1000-2000人,,西安,合肥,硕士,3年以上,35-65k·15薪,,,,https://www.liepin.com/a/74307995.shtml,20260601101257,,,,
154826,猎聘,能源/化工/环保,化学,量子研究员&博士后（算法/纠错/编译）合肥&北京,猎头职位,某合肥大型通信设备公司,500-999人,,西安,合肥,博士,经验不限,50-80k,,,,https://www.liepin.com/a/76492089.shtml,20260608101506,,,,
154827,猎聘,能源/化工/环保,化学,多肽合成负责人,猎头职位,某国内制药上市公司,2000-5000人,,西安,合肥,学历不限,经验不限,30-60k,,,,https://www.liepin.com/a/74042033.shtml,20260330162509,,,,
154828,猎聘,能源/化工/环保,化学,BMS标定,猎头职位,某北京互联网上市公司,10000人以上,,西安,芜湖,本科,5-10年,15-25k,,,,https://www.liepin.com/a/76303191.shtml,20260602113544,,,,
154829,猎聘,能源/化工/环保,化学,(铜刻蚀液)研发工程师,猎头职位,某合肥新能源公司,100-499人,,西安,合肥,统招本科,5-10年,30-35k,,,,https://www.liepin.com/a/76326965.shtml,20260609163654,,,,
154830,猎聘,能源/化工/环保,化学,工艺整合研发专家,猎头职位,某合肥大型电子/半导体/集成电路公司,5000-10000人,,西安,合肥-蜀山区,统招本科,8年以上,40-60k·16薪,,,,https://www.liepin.com/a/76237803.shtml,20260601085748,,,,
154831,猎聘,能源/化工/环保,化学,蚀刻工程师,猎头职位,某合肥电子/半导体/集成电路公司,100-499人,,西安,合肥,本科,5-7年,13-26k,,,,https://www.liepin.com/a/76121905.shtml,20260527155501,,,,
154832,猎聘,能源/化工/环保,化学,固态电池电芯专家,猎头职位,某国内整车制造上市公司,10000人以上,,西安,芜湖-弋江区,统招本科,10年以上,40-60k,,,,https://www.liepin.com/a/76204785.shtml,20260529141713,,,,
154833,猎聘,能源/化工/环保,化学,新产品工艺整合项目经理,猎头职位,某合肥大型电子/半导体/集成电路公司,2000-5000人,,西安,合肥-经开区,硕士,5-10年,30-60k·15薪,,,,https://www.liepin.com/a/71474361.shtml,20260609082813,,,,
154834,猎聘,能源/化工/环保,化学,汽车涂装工艺工程师,猎头职位,某国内大型整车制造公司,5000-10000人,,西安,安庆-迎江区,大专,2-5年,10-15k·15薪,,,,https://www.liepin.com/a/74639495.shtml,20260603100152,,,,
154835,猎聘,能源/化工/环保,化学,半导体工艺工程师（LED外延工程师/国企）,猎头职位,某宁波机械/设备公司,100-499人,,西安,马鞍山,硕士,3-5年,18-35k,,,,https://www.liepin.com/a/76075145.shtml,20260608083821,,,,
154836,猎聘,能源/化工/环保,化学,光刻胶开发研究员,猎头职位,某上海大型专业技术服务公司,50-99人,,西安,合肥,硕士,1-3年,20-30k,,,,https://www.liepin.com/a/76084309.shtml,20260526181753,,,,
154837,猎聘,能源/化工/环保,化学,供应商质量发展专家,猎头职位,某合肥专业技术服务公司,1-49人,,西安,合肥,统招本科,8年以上,30-45k·15薪,,,,https://www.liepin.com/a/75485235.shtml,20260609094327,,,,
154838,猎聘,能源/化工/环保,化学,工艺整合研发专家/经理,猎头职位,某合肥大型电子/半导体/集成电路公司,2000-5000人,,西安,合肥-经开区,硕士,10年以上,35-65k·16薪,,,,https://www.liepin.com/a/75899689.shtml,20260609083510,,,,
154839,猎聘,能源/化工/环保,化学,电子事业部销售部部长,猎头职位,某国内大型化工公司,500-999人,,西安,黄山,本科,5-10年,25-30k,,,,https://www.liepin.com/a/74550711.shtml,20260609181620,,,,
154840,猎聘,能源/化工/环保,化学,设备装机工程师,猎头职位,某合肥大型电子/半导体/集成电路公司,5000-10000人,,西安,合肥,本科,3年以上,16-22k,,,,https://www.liepin.com/a/76340241.shtml,20260603092610,,,,
154841,猎聘,能源/化工/环保,化学,PVD/CVD/ALD工程师,猎头职位,某合肥电子/半导体/集成电路上市公司,500-999人,,西安,合肥,统招本科,3-5年,25-50k·16薪,,,,https://www.liepin.com/a/76058981.shtml,20260609114533,,,,
154842,猎聘,能源/化工/环保,化学,环保工程师,猎头职位,某合肥专业技术服务公司,50-99人,,西安,合肥,大专,6年以上,10-15k,,,,https://www.liepin.com/a/75223051.shtml,20260430133403,,,,
154843,猎聘,能源/化工/环保,化学,工艺整合工程师及专家,猎头职位,某合肥大型电子/半导体/集成电路公司,2000-5000人,,西安,合肥,学历不限,6年以上,25-50k·15薪,,,,https://www.liepin.com/a/76388669.shtml,20260604085422,,,,
154844,猎聘,能源/化工/环保,化学,环卫物业项目经理,猎头职位,某合肥大型工程施工公司,5000-10000人,,西安,合肥,统招本科,3-5年,10-11k,,,,https://www.liepin.com/a/76370971.shtml,20260603155903,,,,
154845,猎聘,能源/化工/环保,化学,刻蚀工艺研发专家,猎头职位,某合肥大型电子/半导体/集成电路公司,5000-10000人,,西安,合肥-蜀山区,统招本科,10年以上,40-60k·16薪,,,,https://www.liepin.com/a/76256957.shtml,20260601135132,,,,
154846,猎聘,能源/化工/环保,化学,FAB过程质量主管（半导体）,猎头职位,某知名公司,1000-2000人,,西安,芜湖,本科,5-10年,15-30k·15薪,,,,https://www.liepin.com/a/75473193.shtml,20260514103837,,,,
154847,猎聘,能源/化工/环保,化学, 研发技术工程师,猎头职位,某国内石化上市公司,100-499人,,西安,安庆,博士,3-5年,15-30k,,,,https://www.liepin.com/a/74825387.shtml,20260420133355,,,,
154848,猎聘,能源/化工/环保,化学,电芯工艺工程师,猎头职位,某国内新能源上市公司,10000人以上,,西安,芜湖-南陵县,统招本科,3年以上,15-30k·16薪,,,,https://www.liepin.com/a/74951493.shtml,20260508105751,,,,
154849,猎聘,能源/化工/环保,化学,材料工程师,猎头职位,某国内大型汽车零部件及配件公司,500-999人,,西安,芜湖,本科,3-5年,15-25k,,,,https://www.liepin.com/a/75685059.shtml,20260605100310,,,,
154850,猎聘,能源/化工/环保,化学,环卫物业项目经理,猎头职位,某大型知名工程施工公司,5000-10000人,,西安,合肥-蜀山区,统招本科,3年以上,10-12k,,,,https://www.liepin.com/a/73237099.shtml,20260603141857,,,,
154851,猎聘,能源/化工/环保,化学,PIE Manager,猎头职位,某北京电子/半导体/集成电路上市公司,1000-2000人,,西安,合肥,学历不限,7年以上,40-60k·17薪,,,,https://www.liepin.com/a/73227307.shtml,20260602140138,,,,
154852,猎聘,能源/化工/环保,化学,IE产能规划工程师,猎头职位,某合肥大型电子/半导体/集成电路公司,5000-10000人,,西安,合肥,本科,5年以上,20-35k·15薪,,,,https://www.liepin.com/a/76004911.shtml,20260525113512,,,,
154853,猎聘,能源/化工/环保,化学,封装前道经理,猎头职位,合肥某封测厂,500-999人,,西安,合肥,本科,10年以上,25-35k·13薪,,,,https://www.liepin.com/a/73948369.shtml,20260608105200,,,,
154854,猎聘,能源/化工/环保,化学,扩散总监,猎头职位,某合肥专业技术服务公司,1-49人,,西安,合肥,统招本科,10年以上,50-60k·15薪,,,,https://www.liepin.com/a/75485323.shtml,20260609094327,,,,
154855,猎聘,能源/化工/环保,化学,刻蚀总监-Etch Director,猎头职位,某合肥大型电子/半导体/集成电路公司,2000-5000人,,西安,合肥,统招本科,10年以上,100-110k·15薪,,,,https://www.liepin.com/a/74715351.shtml,20260512111022,,,,
154856,猎聘,能源/化工/环保,化学,小核酸分析研究员,猎头职位,某合肥生物技术公司,100-499人,,西安,合肥,硕士,3-5年,15-20k,,,,https://www.liepin.com/a/75330299.shtml,20260507094355,,,,
154857,猎聘,能源/化工/环保,化学,高级电池结构专家/经理-头部大厂,猎头职位,某知名公司,100-499人,,西安,合肥,统招本科,8年以上,60-90k·16薪,,,,https://www.liepin.com/a/75912845.shtml,20260608103004,,,,
154858,猎聘,能源/化工/环保,化学,质量经理,猎头职位,某知名制药公司,100-499人,,西安,合肥-高新区,本科,5-10年,25-40k·13薪,,,,https://www.liepin.com/a/75796677.shtml,20260518231551,,,,
154859,猎聘,能源/化工/环保,化学,光学邻近效应修正工程师/专家,猎头职位,某国内大型电子/半导体/集成电路公司,1000-2000人,,西安,合肥,硕士,5年以上,30-60k·16薪,,,,https://www.liepin.com/a/74307807.shtml,20260601101257,,,,
154860,猎聘,能源/化工/环保,化学,多肽合成副总监,猎头职位,某合肥制药公司,100-499人,,西安,合肥,硕士,经验不限,30-55k,,,,https://www.liepin.com/a/74225719.shtml,20260609090324,,,,
154861,猎聘,能源/化工/环保,化学,高级工艺工程师(检测方向),猎头职位,某合肥新能源上市公司,10000人以上,,西安,合肥-蜀山区,统招本科,3年以上,27-30k,,,,https://www.liepin.com/a/75897131.shtml,20260525091431,,,,
154862,猎聘,能源/化工/环保,化学,技术转移制程整合工程师,猎头职位,某合肥专业技术服务公司,1-49人,,西安,合肥,统招本科,3-5年,25-45k·15薪,,,,https://www.liepin.com/a/75485301.shtml,20260609094327,,,,
154863,猎聘,能源/化工/环保,化学,材料工程师,猎头职位,某国内整车制造上市公司,10000人以上,,西安,芜湖,学历不限,5-10年,15-20k·15薪,,,,https://www.liepin.com/a/74231389.shtml,20260605161357,,,,
154864,猎聘,能源/化工/环保,化学,车间主任,猎头职位,某知名生物技术公司,100-499人,,西安,合肥,本科,5-10年,20-30k,,,,https://www.liepin.com/a/75537331.shtml,20260609184523,,,,
154865,猎聘,能源/化工/环保,化学,高级工艺工程师(合浆&涂布方向,猎头职位,某合肥新能源上市公司,10000人以上,,西安,合肥-蜀山区,统招本科,3年以上,25-30k,,,,https://www.liepin.com/a/75896143.shtml,20260525091453,,,,
154866,猎聘,能源/化工/环保,化学,清洗工艺部经理,猎头职位,某合肥大型电子/半导体/集成电路公司,2000-5000人,,西安,合肥-经开区,本科,10年以上,40-60k·16薪,,,,https://www.liepin.com/a/74168157.shtml,20260609082813,,,,
154867,猎聘,能源/化工/环保,化学,NPI总监,猎头职位,某合肥电子/半导体/集成电路公司,100-499人,,西安,合肥,学历不限,5-10年,35-65k,,,,https://www.liepin.com/a/75788687.shtml,20260521144548,,,,
154868,猎聘,能源/化工/环保,化学,电池工艺开发,猎头职位,某国内整车制造上市公司,10000人以上,,西安,芜湖,硕士,3-5年,20-30k·15薪,,,,https://www.liepin.com/a/74416117.shtml,20260409092425,,,,
154869,猎聘,能源/化工/环保,化学,制剂研发总监,猎头职位,某南京咨询服务公司,50-99人,,西安,合肥,本科,10年以上,30-60k·16薪,,,,https://www.liepin.com/a/74636223.shtml,20260414172609,,,,
154870,猎聘,能源/化工/环保,化学,小核酸分析研究员,猎头职位,某合肥制药公司,100-499人,,西安,合肥,硕士,3-5年,15-20k,,,,https://www.liepin.com/a/75330157.shtml,20260507094249,,,,
154871,猎聘,能源/化工/环保,化学,HW Test Engineer,猎头职位,某合肥汽车公司,,,西安,合肥,统招本科,3年以上,20-30k·15薪,,,,https://www.liepin.com/a/74535881.shtml,20260528091648,,,,
154872,猎聘,能源/化工/环保,化学,化学分析员,企业职位,湖北省芊项斯传媒有限公司,50-99人,,南京,兰州-城关区,本科,经验不限,8-12k·13薪,,,,https://www.liepin.com/job/1982091493.shtml,20260609134258,,,,
154873,猎聘,能源/化工/环保,化学,化学分析员,企业职位,合力科技股份有限公司,1000-2000人,,南京,金昌-永昌县,统招本科,经验不限,6-9k·13薪,,,,https://www.liepin.com/job/1970338795.shtml,20241022103934,,,,
154874,猎聘,能源/化工/环保,化学,化学分析员,企业职位,寒锐钴业,1000-2000人,,南京,金昌-金川区,大专,2年以上,7-19k·13薪,,,,https://www.liepin.com/job/1978046407.shtml,20251028110437,,,,
154875,猎聘,能源/化工/环保,化学,化学分析高级/资深研究员 (MJ000058),企业职位,瑞德林生物,500-999人,,南京,白银-白银区,本科,5-10年,9-18k,,,,https://www.liepin.com/job/1965056419.shtml,20240229101258,,,,
154876,猎聘,能源/化工/环保,化学,化学检测工程师,企业职位,西和县陇泽水务有限公司,50-99人,,南京,陇南-西和县,大专,5-10年,6-10k,,,,https://www.liepin.com/job/1980855019.shtml,20260311195455,,,,
154877,猎聘,能源/化工/环保,化学,化学分析,企业职位,白银市伊博化工科技有限公司,100-499人,,南京,白银,本科,5-10年,10-15k,,,,https://www.liepin.com/job/1928929141.shtml,20200604165716,,,,
154878,猎聘,能源/化工/环保,化学,化学老师,企业职位,武威市凉州区博月教育培训中心,50-99人,,南京,武威-凉州区,本科,经验不限,10-15k,,,,https://www.liepin.com/job/1965905933.shtml,20240330165948,,,,
154879,猎聘,能源/化工/环保,化学,化学分析员,企业职位,兰州金刚轮胎有限责任公司,1-49人,,南京,兰州-皋兰县,本科,1-3年,4-6k,,,,https://www.liepin.com/job/1975177253.shtml,20250617143710,,,,
154880,猎聘,能源/化工/环保,化学,化学、数学老师,企业职位,庆阳聚联广告有限公司,50-99人,,南京,庆阳,本科,1-3年,2-3k,,,,https://www.liepin.com/job/1925469587.shtml,20191224104011,,,,
154881,猎聘,能源/化工/环保,化学,销售工程师（甘肃青宁藏新）,企业职位,精微高博仪器,100-499人,,南京,兰州-城关区,本科,3-5年,10-20k·13薪,,,,https://www.liepin.com/job/1949140653.shtml,20260608085837,,,,
154882,猎聘,能源/化工/环保,化学,科研主动销售,企业职位,斯坦德检测集团股份有限公司,1000-2000人,,南京,兰州-城关区,本科,3-5年,10-15k,,,,https://www.liepin.com/job/1982900069.shtml,20260527102640,,,,
154883,猎聘,能源/化工/环保,化学,产品研发工程师（负极材料方向）,企业职位,某国内新能源公司,100-499人,,南京,天水,学历不限,1-3年,25-35k,,,,https://www.liepin.com/a/74808749.shtml,20260604102836,,,,
154884,猎聘,能源/化工/环保,化学,QC经理,企业职位,百林科,500-999人,,南京,兰州-皋兰县,本科,5-10年,10-20k·13薪,,,,https://www.liepin.com/job/1982731005.shtml,20260521111456,,,,
154885,猎聘,能源/化工/环保,化学,有机合成研发项目主管,企业职位,某国内化工公司,100-499人,,南京,兰州,本科,经验不限,18-30k,,,,https://www.liepin.com/a/75756213.shtml,20260518103626,,,,
154886,猎聘,能源/化工/环保,化学,品质副总经理,企业职位,国科能源技术创新中心(合肥)有限公司,100-499人,,南京,兰州-皋兰县,本科,10年以上,45-55k,,,,https://www.liepin.com/job/1982811897.shtml,20260525084032,,,,
154887,猎聘,能源/化工/环保,化学,质量管理总监/经理/主管,企业职位,某合肥专业技术服务公司,100-499人,,南京,兰州,本科,5-10年,40-50k,,,,https://www.liepin.com/a/75565745.shtml,20260609093107,,,,
154888,猎聘,能源/化工/环保,化学,质检化验班长,企业职位,甘肃纳塔新材料有限公司,100-499人,,南京,张掖-甘州区,统招本科,5年以上,6-8k,,,,https://www.liepin.com/job/1983094011.shtml,20260603092330,,,,
154889,猎聘,能源/化工/环保,化学,品质副总经理,企业职位,某知名公司,,,南京,兰州,本科,10年以上,25-40k·13薪,,,,https://www.liepin.com/a/76352489.shtml,20260603111801,,,,
154890,猎聘,能源/化工/环保,化学,教师岗,企业职位,某国内大型医疗机构公司,5000-10000人,,南京,平凉,博士,经验不限,20-21k,,,,https://www.liepin.com/a/75591241.shtml,20260601110216,,,,
154891,猎聘,能源/化工/环保,化学,教学科研岗,企业职位,某国内大型医疗机构公司,5000-10000人,,南京,平凉,博士,经验不限,20-30k,,,,https://www.liepin.com/a/76375091.shtml,20260603164327,,,,
154892,猎聘,能源/化工/环保,化学,技术支持工程师（甘肃）,企业职位,广州万孚,2000-5000人,,南京,兰州-城关区,本科,1-3年,8-12k·13薪,,,,https://www.liepin.com/job/1978989577.shtml,20260312135721,,,,
154893,猎聘,能源/化工/环保,化学,品质副总经理,企业职位,某合肥电气机械/器材公司,,,南京,兰州,统招本科,5-10年,45-50k,,,,https://www.liepin.com/a/76127449.shtml,20260527170501,,,,
154894,猎聘,能源/化工/环保,化学,品质副总经理（锂电，家电，汽车）,企业职位,某国内电气机械/器材公司,,,南京,兰州,本科,5-10年,30-40k,,,,https://www.liepin.com/a/75550093.shtml,20260609181927,,,,
154895,猎聘,能源/化工/环保,化学,聚合物合成研发工程师,企业职位,百林科医药科技(上海)股份有限公司,500-999人,,南京,兰州-皋兰县,统招本科,3-5年,12-16k·13薪,,,,https://www.liepin.com/job/1983194729.shtml,20260605154731,,,,
154896,猎聘,能源/化工/环保,化学,品质副总经理,企业职位,某合肥专业技术服务公司,100-499人,,南京,兰州,统招本科,5-10年,30-45k,,,,https://www.liepin.com/a/75552911.shtml,20260608195329,,,,
154897,猎聘,能源/化工/环保,化学,高中化学教师,企业职位,酒泉博睿思双语高级中学有限公司,5000-10000人,,南京,酒泉-肃州区,学历不限,1-3年,4-8k,,,,https://www.liepin.com/job/1978425465.shtml,20260330113709,,,,
154898,猎聘,能源/化工/环保,化学,分析研究员（天然产物）,企业职位,百林科,500-999人,,南京,兰州-皋兰县,硕士,经验不限,15-20k,,,,https://www.liepin.com/job/1979915013.shtml,20260126131102,,,,
154899,猎聘,能源/化工/环保,化学,高中化学教师,企业职位,徽县恒辉高级中学有限公司,100-499人,,南京,陇南-徽县,本科,1-3年,6-8k,,,,https://www.liepin.com/job/1979166949.shtml,20251216103918,,,,
154900,猎聘,能源/化工/环保,化学,分析研究员,企业职位,东晟凯瑞(兰州)医药科技有限公司,100-499人,,南京,兰州-皋兰县,统招本科,1-3年,5-6k,,,,https://www.liepin.com/job/1982606113.shtml,20260518140119,,,,
154901,猎聘,能源/化工/环保,化学,实验室主任,企业职位,兰州新融环境能源工程技术有限公司,100-499人,,南京,兰州-皋兰县,大专,5-10年,10-15k,,,,https://www.liepin.com/job/1981109781.shtml,20260320114116,,,,
154902,猎聘,能源/化工/环保,化学,有机合成项目主管,企业职位,甘肃金盾化工有限责任公司,100-499人,,南京,兰州-城关区,本科,3年以上,10-20k,,,,https://www.liepin.com/job/1981705155.shtml,20260413134811,,,,
154903,猎聘,能源/化工/环保,化学,医药研发工艺部总监,企业职位,苏州凯瑞医药科技有限公司,100-499人,,南京,兰州-皋兰县,硕士,10年以上,25-40k,,,,https://www.liepin.com/job/1972830815.shtml,20260316162236,,,,
154904,猎聘,能源/化工/环保,化学,工艺部研发总监,企业职位,苏州凯瑞医药科技有限公司,100-499人,,南京,兰州-皋兰县,博士,5-10年,15-20k,,,,https://www.liepin.com/job/1976841295.shtml,20250829132825,,,,
154905,猎聘,能源/化工/环保,化学,化验员,企业职位,兰州隆华特种气体科技有限公司,50-99人,,南京,兰州-皋兰县,大专,1年以下,4-5k,,,,https://www.liepin.com/job/1972886803.shtml,20250305154340,,,,
154906,猎聘,能源/化工/环保,化学,全电池检测高级工程师,企业职位,泰丰先行,1000-2000人,,南京,兰州-七里河区,硕士,3年以上,14-20k,,,,https://www.liepin.com/job/1977781903.shtml,20260127152713,,,,
154907,猎聘,能源/化工/环保,化学,医药代表-天水,企业职位,金赛药业,5000-10000人,,南京,天水-秦州区,本科,1-3年,15-20k,,,,https://www.liepin.com/job/1982531207.shtml,20260514123402,,,,
154908,猎聘,能源/化工/环保,化学,工艺工程师,企业职位,兰州何捷环保科技有限公司,100-499人,,南京,兰州,统招本科,3-5年,8-10k·14薪,,,,https://www.liepin.com/job/1938735033.shtml,20220620171030,,,,
154909,猎聘,能源/化工/环保,化学,多肽合成工艺研究员,企业职位,兰州肽谷研究院有限公司,50-99人,,南京,兰州-城关区,本科,1-3年,5-7k,,,,https://www.liepin.com/job/1970822953.shtml,20241114111837,,,,
154910,猎聘,能源/化工/环保,化学,化验分析,企业职位,兰州万昌通盛科技化工有限公司,100-499人,,南京,兰州-永登县,大专,1-3年,5-6k,,,,https://www.liepin.com/job/1958113775.shtml,20230425114657,,,,
154911,猎聘,能源/化工/环保,化学,仪表分析工程师（空分）,企业职位,广东九丰能源集团有限公司,1000-2000人,,南京,酒泉-金塔县,大专,3-5年,6-10k,,,,https://www.liepin.com/job/1982605419.shtml,20260609103232,,,,
154912,猎聘,能源/化工/环保,化学,医药代表（兰州）,企业职位,豪森药业,10000人以上,,南京,兰州-城关区,大专,1年以上,8-13k,,,,https://www.liepin.com/job/1979553945.shtml,20260130194956,,,,
154913,猎聘,能源/化工/环保,化学,负极材料前驱体工程师(J11196),企业职位,索通发展股份有限公司,2000-5000人,,南京,嘉峪关,统招本科,1-3年,6-8k,,,,https://www.liepin.com/job/1979546553.shtml,20260105162155,,,,
154914,猎聘,能源/化工/环保,化学,服务产品销售工程师,企业职位,安捷伦科技(中国)有限公司,1000-2000人,,南京,兰州-城关区,本科,1-3年,8-15k,,,,https://www.liepin.com/job/1972680829.shtml,20250225174047,,,,
154915,猎聘,能源/化工/环保,化学,总经理/厂长,企业职位,某西安环保公司,50-99人,,南京,庆阳,大专,10年以上,10-15k,,,,https://www.liepin.com/a/73742429.shtml,20260323160424,,,,
154916,猎聘,能源/化工/环保,化学,质量总监,企业职位,甘肃省百事兴药业有限公司,50-99人,,南京,兰州-皋兰县,本科,10年以上,14-22k,,,,https://www.liepin.com/job/1979802169.shtml,20260116091053,,,,
154917,猎聘,能源/化工/环保,化学,环保工程师,企业职位,索通发展股份有限公司,2000-5000人,,南京,定西-陇西县,本科,3-5年,6-8k,,,,https://www.liepin.com/job/1980843327.shtml,20260311154628,,,,
154918,猎聘,能源/化工/环保,化学,标准化工程师,企业职位,陕西高杉科技有限公司,50-99人,,南京,兰州-安宁区,本科,5-10年,6-12k,,,,https://www.liepin.com/job/1981224193.shtml,20260325114355,,,,
154919,猎聘,能源/化工/环保,化学,计量技术负责人,企业职位,陕西高杉科技有限公司,50-99人,,南京,兰州-安宁区,本科,5年以上,6-12k,,,,https://www.liepin.com/job/1981224773.shtml,20260325115244,,,,
154920,猎聘,能源/化工/环保,化学,QC,企业职位,泰莱康(兰州)化学有限公司,1-49人,,南京,兰州-永登县,本科,1年以上,4-7k,,,,https://www.liepin.com/job/1973262029.shtml,20250331162954,,,,
154921,猎聘,能源/化工/环保,化学,质量经理/总监 (MJ000183),企业职位,瑞德林生物,500-999人,,南京,白银-白银区,本科,5-10年,10-15k,,,,https://www.liepin.com/job/1959787663.shtml,20250313134440,,,,
154922,猎聘,能源/化工/环保,化学,车间操作工,企业职位,金塔宇迪医药科技有限公司,100-499人,,南京,酒泉,大专,经验不限,6-8k,,,,https://www.liepin.com/job/1948653257.shtml,20220404121317,,,,
154923,猎聘,能源/化工/环保,化学,实验室分析员,企业职位,甘肃瀚聚药业有限公司,50-99人,,南京,兰州,大专,1-3年,5-8k,,,,https://www.liepin.com/job/1940369679.shtml,20210819110654,,,,
154924,猎聘,能源/化工/环保,化学,污水处理主管,企业职位,量维生物,100-499人,,南京,平凉-崆峒区,大专,3-5年,10-12k,,,,https://www.liepin.com/job/1969593525.shtml,20241017170824,,,,
154925,猎聘,能源/化工/环保,化学,QC工程师,企业职位,科迈思(兰州)生物技术有限公司,50-99人,,南京,兰州-永登县,大专,1-3年,4-8k,,,,https://www.liepin.com/job/1944359481.shtml,20211028184345,,,,
154926,猎聘,能源/化工/环保,化学,测试工程师,企业职位,甘肃犇牛晟达科贸有限公司,1-49人,,南京,兰州,大专,经验不限,5-7k,,,,https://www.liepin.com/job/1945654549.shtml,20211214112128,,,,
154927,猎聘,能源/化工/环保,化学,水质检测员,企业职位,甘肃中德检验检测技术有限公司,1-49人,,南京,庆阳,本科,经验不限,2-6k,,,,https://www.liepin.com/job/1927667103.shtml,20200422165037,,,,
154928,猎聘,能源/化工/环保,化学,预焙阳极（铝用碳素）生产工艺工程师,企业职位,索通发展股份有限公司,2000-5000人,,南京,嘉峪关,统招本科,5-10年,7-15k,,,,https://www.liepin.com/job/1966292223.shtml,20260609091644,,,,
154929,猎聘,能源/化工/环保,化学,销售经理(甘肃),企业职位,某北京医疗器械上市公司,1000-2000人,,南京,兰州,大专,1-3年,10-12k,,,,https://www.liepin.com/a/76485301.shtml,20260606162907,,,,
154930,猎聘,能源/化工/环保,化学,工艺工程师,企业职位,杰瑞股份,5000-10000人,,南京,天水-甘谷县,本科,1-3年,8-15k,,,,https://www.liepin.com/job/1968166385.shtml,20260507143346,,,,
154931,猎聘,能源/化工/环保,化学,工艺技术员,企业职位,甘肃旭晶新材料有限公司,100-499人,,南京,酒泉-肃州区,本科,经验不限,4-6k,,,,https://www.liepin.com/job/1978521459.shtml,20260428140427,,,,
154932,猎聘,能源/化工/环保,化学,生产经理,企业职位,寰泰储能科技,100-499人,,南京,酒泉-瓜州县,统招本科,3-5年,14-30k·13薪,,,,https://www.liepin.com/job/1947955161.shtml,20260512151925,,,,
154933,猎聘,能源/化工/环保,化学,生产经理,企业职位,寰泰储能科技,100-499人,,南京,酒泉,本科,3-5年,14-28k,,,,https://www.liepin.com/job/1954005115.shtml,20260512151917,,,,
154934,猎聘,能源/化工/环保,化学,安全工程师（密薪制，薪资面议）(J10050),企业职位,新疆巨融能源(集团)有限公司,500-999人,,南京,武威-古浪县,大专,3-5年,1-2k,,,,https://www.liepin.com/job/1981222241.shtml,20260327174444,,,,
154935,猎聘,能源/化工/环保,化学,临床医药代表-内分泌-平凉,企业职位,通化东宝药业股份有限公司,2000-5000人,,南京,平凉-崆峒区,大专,1-3年,10-15k,,,,https://www.liepin.com/job/1977630779.shtml,20260525162644,,,,
154936,猎聘,能源/化工/环保,化学,采购专员,企业职位,道氏技术,2000-5000人,,南京,兰州-皋兰县,统招本科,3-5年,6-10k·13薪,,,,https://www.liepin.com/job/1981412977.shtml,20260401112306,,,,
154937,猎聘,能源/化工/环保,化学,医药代表-兰州,企业职位,阿斯利康,10000人以上,,南京,兰州-城关区,本科,1年以上,7-12k·13薪,,,,https://www.liepin.com/job/1980026375.shtml,20260127150045,,,,
154938,猎聘,能源/化工/环保,化学,QC经理,企业职位,特丰药业,500-999人,,南京,兰州-皋兰县,本科,3-5年,10-12k·13薪,,,,https://www.liepin.com/job/1977955769.shtml,20251029184144,,,,
154939,猎聘,能源/化工/环保,化学,采购经理/主管,企业职位,甘肃宏仁堂药业有限责任公司,1-49人,,南京,天水,大专,3-5年,3-6k,,,,https://www.liepin.com/job/1960825545.shtml,20260327160508,,,,
154940,猎聘,能源/化工/环保,化学,医疗器械售后工程师,企业职位,中元汇吉,2000-5000人,,南京,兰州-七里河区,本科,4年以上,8-12k,,,,https://www.liepin.com/job/1981255125.shtml,20260411154238,,,,
154941,猎聘,能源/化工/环保,化学,甘肃业务经理,企业职位,万泰药业,1000-2000人,,南京,兰州-城关区,统招本科,3年以上,8-10k,,,,https://www.liepin.com/job/1981780327.shtml,20260520141429,,,,
154942,猎聘,能源/化工/环保,化学,区域销售经理,企业职位,北京库尔科技有限公司,1000-2000人,,南京,兰州-皋兰县,大专,5-10年,7-14k,,,,https://www.liepin.com/job/1973997373.shtml,20251020084101,,,,
154943,猎聘,能源/化工/环保,化学,研发工程师(J11058),企业职位,奇正藏药,2000-5000人,,南京,兰州-城关区,硕士,3年以上,10-20k,,,,https://www.liepin.com/job/1982991909.shtml,20260529165530,,,,
154944,猎聘,能源/化工/环保,化学,三效精馏管理人员,企业职位,兰州盛恒生物科技有限公司,100-499人,,南京,兰州-永登县,博士,5年以上,8-12k,,,,https://www.liepin.com/job/1980933493.shtml,20260314112245,,,,
154945,猎聘,能源/化工/环保,化学,中药材研发（博士）,企业职位,远大产业控股股份有限公司,500-999人,,南京,兰州-城关区,博士,经验不限,20-40k·15薪,,,,https://www.liepin.com/job/1982333853.shtml,20260511164510,,,,
154946,猎聘,能源/化工/环保,化学,客服经理（甘肃）,企业职位,北京普析通用仪器有限责任公司,5000-10000人,,南京,甘南-合作,本科,1-3年,8-15k,,,,https://www.liepin.com/job/1974029885.shtml,20260317170902,,,,
154947,猎聘,能源/化工/环保,化学,研发工程师（药物分析）(J10274),企业职位,奇正藏药,2000-5000人,,南京,兰州-城关区,硕士,1-3年,8-12k,,,,https://www.liepin.com/job/1973249487.shtml,20260105150840,,,,
154948,猎聘,能源/化工/环保,化学,环保技术员,企业职位,甘肃沃陇工贸有限公司,50-99人,,南京,酒泉-瓜州县,大专,1-3年,5-6k,,,,https://www.liepin.com/job/1973495835.shtml,20250627101436,,,,
154949,猎聘,能源/化工/环保,化学,大客户经理KA,企业职位,甘肃启源芯动力科技有限公司,,,南京,兰州,本科,3-5年,10-15k,,,,https://www.liepin.com/job/1963256341.shtml,20240111140851,,,,
154950,猎聘,能源/化工/环保,化学,医药代表-肿瘤新产品-兰州,企业职位,阿斯利康,10000人以上,,南京,兰州-城关区,本科,2年以上,7-14k·13薪,,,,https://www.liepin.com/job/1971572753.shtml,20250206104602,,,,
154951,猎聘,能源/化工/环保,化学,医学代表-兰州,企业职位,阿斯利康,10000人以上,,南京,兰州-城关区,大专,1年以上,7-14k,,,,https://www.liepin.com/job/1976277493.shtml,20250805180009,,,,
154952,猎聘,能源/化工/环保,化学,兼职高中化学老师,企业职位,兰州市城关区远达培训学校有限公司,50-99人,,南京,兰州-城关区,本科,3-5年,8-13k,,,,https://www.liepin.com/job/1977148917.shtml,20250911114004,,,,
154953,猎聘,能源/化工/环保,化学,线切工程师,企业职位,甘肃旭晶新材料有限公司,100-499人,,南京,酒泉-肃州区,本科,1-3年,5-8k,,,,https://www.liepin.com/job/1977870175.shtml,20251020134106,,,,
154954,猎聘,能源/化工/环保,化学,仓库经理,企业职位,湖南方恒新材料技术股份有限公司,100-499人,,南京,金昌-金川区,大专,3-5年,8-10k,,,,https://www.liepin.com/job/1980327263.shtml,20260213163238,,,,
154955,猎聘,能源/化工/环保,化学,医药代表-庆阳,企业职位,阿斯利康,10000人以上,,南京,庆阳-西峰区,统招本科,1年以上,7-14k,,,,https://www.liepin.com/job/1973379927.shtml,20250325140840,,,,
154956,猎聘,能源/化工/环保,化学,初中数学教师,企业职位,甘肃宇阿宇文化教育有限公司,1-49人,,南京,兰州-皋兰县,硕士,经验不限,8-12k,,,,https://www.liepin.com/job/1977782171.shtml,20251015152002,,,,
154957,猎聘,能源/化工/环保,化学,高中化学兼职老师,企业职位,兰州市城关区远达培训学校有限公司,50-99人,,南京,兰州-城关区,本科,3-5年,10-15k,,,,https://www.liepin.com/job/1977163949.shtml,20250911165339,,,,
154958,猎聘,能源/化工/环保,化学,品控经理,企业职位,甘肃疆垦乳业有限公司,50-99人,,南京,酒泉-肃州区,本科,5年以上,7-10k,,,,https://www.liepin.com/job/1975368339.shtml,20250626094608,,,,
154959,猎聘,能源/化工/环保,化学,生产总监/经理,企业职位,甘肃疆垦乳业有限公司,50-99人,,南京,酒泉-肃州区,本科,3-5年,9-12k,,,,https://www.liepin.com/job/1973910477.shtml,20250626094608,,,,
154960,猎聘,能源/化工/环保,化学,蓝宝石衬底工程师,企业职位,甘肃旭晶新材料有限公司,100-499人,,南京,酒泉-肃州区,统招本科,1-3年,5-8k,,,,https://www.liepin.com/job/1977870577.shtml,20251020134832,,,,
154961,猎聘,能源/化工/环保,化学,销售员（甘肃）,企业职位,上海北裕分析仪器股份有限公司,50-99人,,南京,兰州-城关区,本科,5年以上,5-10k,,,,https://www.liepin.com/job/1976330673.shtml,20250807151542,,,,
154962,猎聘,能源/化工/环保,化学,医药代表-天水,企业职位,阿斯利康,10000人以上,,南京,天水-麦积区,统招本科,1年以上,7-14k,,,,https://www.liepin.com/job/1973379811.shtml,20250325140856,,,,
154963,猎聘,能源/化工/环保,化学,区域销售总监,企业职位,深圳市易瑞生物技术股份有限公司,100-499人,,南京,兰州-城关区,本科,5-10年,15-30k,,,,https://www.liepin.com/job/1961191427.shtml,20230829112032,,,,
154964,猎聘,能源/化工/环保,化学,普工/操作工,企业职位,上海晶宇环境工程股份有限公司庆阳分公司,100-499人,,南京,庆阳-正宁县,大专,2年以上,4-5k,,,,https://www.liepin.com/job/1976645491.shtml,20250821101545,,,,
154965,猎聘,能源/化工/环保,化学,高中化学教师,企业职位,兰州市学府致远学校,100-499人,,南京,兰州-七里河区,本科,3-5年,10-18k,,,,https://www.liepin.com/job/1968638697.shtml,20240726144551,,,,
154966,猎聘,能源/化工/环保,化学,运维工程师（技术主管）,企业职位,北京环宇宏业科技开发有限公司,100-499人,,南京,庆阳-西峰区,本科,3-5年,5-8k,,,,https://www.liepin.com/job/1946439897.shtml,20220809132012,,,,
154967,猎聘,能源/化工/环保,化学,售后工程师,企业职位,青岛众瑞,100-499人,,南京,兰州-城关区,大专,1年以上,6-8k,,,,https://www.liepin.com/job/1974763425.shtml,20250528105516,,,,
154968,猎聘,能源/化工/环保,化学,多肽纯化研究员,企业职位,兰州肽谷研究院有限公司,50-99人,,南京,兰州-城关区,本科,1-3年,5-6k,,,,https://www.liepin.com/job/1958877035.shtml,20230526151145,,,,
154969,猎聘,能源/化工/环保,化学,教师,企业职位,镇原新锐松鼠科技服务有限公司,1-49人,,南京,庆阳-镇原县,本科,经验不限,10-15k,,,,https://www.liepin.com/job/1967104787.shtml,20240713190112,,,,
154970,猎聘,能源/化工/环保,化学,授课老师,企业职位,甘肃砥行教育科技有限公司,1-49人,,南京,兰州,学历不限,经验不限,3-8k·13薪,,,,https://www.liepin.com/job/1961157175.shtml,20230828122213,,,,
154971,猎聘,能源/化工/环保,化学,负极材料前后端工艺行业专家(J11829),企业职位,杰瑞新能源科技有限公司,100-499人,,南京,天水-甘谷县,本科,3年以上,10-15k,,,,https://www.liepin.com/job/1972984395.shtml,20250310130144,,,,
154972,猎聘,能源/化工/环保,化学,解决方案工程师,企业职位,甘肃中科曙光先进计算有限公司,100-499人,,南京,兰州-永登县,本科,3-5年,8-16k,,,,https://www.liepin.com/job/1934094757.shtml,20201207151836,,,,
154973,猎聘,能源/化工/环保,化学,检验员,企业职位,甘肃华庆检测科技有限公司,1-49人,,南京,定西-安定区,大专,1-3年,4-5k,,,,https://www.liepin.com/job/1964685671.shtml,20240218160848,,,,
154974,猎聘,能源/化工/环保,化学,技术经理,企业职位,甘肃华庆检测科技有限公司,1-49人,,南京,定西-安定区,本科,3-5年,8-10k,,,,https://www.liepin.com/job/1964923079.shtml,20240225094659,,,,
154975,猎聘,能源/化工/环保,化学,合成工艺员,企业职位,浙江科聚生物医药有限公司,50-99人,,南京,兰州-永登县,大专,1-3年,6-13k,,,,https://www.liepin.com/job/1959789269.shtml,20231027145018,,,,
154976,猎聘,能源/化工/环保,化学,战略采购员,企业职位,国药控股甘肃有限公司,100-499人,,南京,兰州,本科,经验不限,4-8k,,,,https://www.liepin.com/job/1953084717.shtml,20221012154646,,,,
154977,猎聘,能源/化工/环保,化学,操作工,企业职位,兰州何捷环保科技有限公司,100-499人,,南京,兰州,大专,1-3年,5-6k,,,,https://www.liepin.com/job/1938735305.shtml,20220620171030,,,,
154978,猎聘,能源/化工/环保,化学,生物信息工程师,企业职位,兰州肽谷研究院有限公司,50-99人,,南京,兰州-城关区,本科,1-3年,5-7k,,,,https://www.liepin.com/job/1970822689.shtml,20241114111359,,,,
154979,猎聘,能源/化工/环保,化学,动态血糖仪+眼底照相销售经理,企业职位,深圳硅基智能科技有限公司,100-499人,,南京,兰州-七里河区,大专,经验不限,4-8k,,,,https://www.liepin.com/job/1955316003.shtml,20230104105303,,,,
154980,猎聘,能源/化工/环保,化学,实验室分析化验员,企业职位,甘肃西部诚浩环境科技有限公司,50-99人,,南京,武威-凉州区,大专,1-3年,3-5k,,,,https://www.liepin.com/job/1951049741.shtml,20220712114229,,,,
154981,猎聘,能源/化工/环保,化学,项目经理,企业职位,兰州同聚药业有限公司,50-99人,,南京,兰州-永登县,本科,3-5年,6-9k,,,,https://www.liepin.com/job/1950020427.shtml,20220530112846,,,,
154982,猎聘,能源/化工/环保,化学,涂料研发,企业职位,甘肃鑫通航新材料技术有限公司,500-999人,,南京,兰州-永登县,学历不限,经验不限,5-6k,,,,https://www.liepin.com/job/1966495037.shtml,20240425092012,,,,
154983,猎聘,能源/化工/环保,化学,外检员,企业职位,甘肃华庆检测科技有限公司,1-49人,,南京,定西-安定区,大专,1-3年,4-6k,,,,https://www.liepin.com/job/1964685821.shtml,20240218161143,,,,
154984,猎聘,能源/化工/环保,化学,检验员,企业职位,甘肃省国草药业有限公司,100-499人,,南京,平凉,大专,经验不限,3-5k,,,,https://www.liepin.com/job/1946993807.shtml,20220213121944,,,,
154985,猎聘,能源/化工/环保,化学,车间主任,企业职位,兰州同聚药业有限公司,50-99人,,南京,兰州-永登县,大专,3-5年,6-9k,,,,https://www.liepin.com/job/1950020509.shtml,20220530113008,,,,
154986,猎聘,能源/化工/环保,化学,产品销售,企业职位,北京世安莱博实验室科技有限公司,100-499人,,南京,兰州-安宁区,大专,经验不限,5-12k,,,,https://www.liepin.com/job/1941318519.shtml,20230104154018,,,,
154987,猎聘,能源/化工/环保,化学,销售代表,企业职位,甘肃脉帝医疗科技有限公司,1-49人,,南京,兰州-城关区,大专,1-3年,4-5k,,,,https://www.liepin.com/job/1953226319.shtml,20221112170824,,,,
154988,猎聘,能源/化工/环保,化学,电子厂普工四千五包吃住五险,企业职位,兰州超力光学有限责任公司,1-49人,,南京,兰州,学历不限,经验不限,4-5k,,,,https://www.liepin.com/job/1920678185.shtml,20190616114911,,,,
154989,猎聘,能源/化工/环保,化学,饲料厂质量管理经理/主管,企业职位,深圳市中农智汇发展有限公司,,,南京,兰州-永登县,大专,3-5年,5-8k,,,,https://www.liepin.com/job/1950720221.shtml,20220822103105,,,,
154990,猎聘,能源/化工/环保,化学,五千招电子厂普工包吃住,企业职位,兰州超力光学有限责任公司,1-49人,,南京,兰州,中专/中技,经验不限,5-6k,,,,https://www.liepin.com/job/1922304617.shtml,20190807151212,,,,
154991,猎聘,能源/化工/环保,化学,医药代表（实习生）,企业职位,豪森药业,10000人以上,,南京,兰州-城关区,,,150-180元/天,,,,https://www.liepin.com/lptjob/82380265,20260509131851,,,,
154992,猎聘,能源/化工/环保,化学,27届医药代表实习生（兰州）,企业职位,豪森药业,10000人以上,,南京,兰州-皋兰县,,,150-180元/天,,,,https://www.liepin.com/lptjob/82207791,20260429201613,,,,
154993,猎聘,能源/化工/环保,化学,26届应届毕业生（兰州 医药代表）,企业职位,豪森药业,10000人以上,,南京,兰州-城关区,,,150-180元/天,,,,https://www.liepin.com/lptjob/78051381,20260130195256,,,,
154994,猎聘,能源/化工/环保,化学,检测工程师,企业职位,甘肃巨化新材料有限公司,,,南京,酒泉,,,薪资面议,,,,https://www.liepin.com/lptjob/77104969,20250909220158,,,,
154995,猎聘,能源/化工/环保,化学,营运工程师,企业职位,甘肃巨化新材料有限公司,,,南京,酒泉,,,薪资面议,,,,https://www.liepin.com/lptjob/77104399,20250909202706,,,,
154996,猎聘,能源/化工/环保,化学,发货专员（校招实习生）,企业职位,上药控股甘肃有限公司,50-99人,,南京,兰州-七里河区,,,100元/天,,,,https://www.liepin.com/lptjob/70418995,20241025085009,,,,
154997,猎聘,能源/化工/环保,化学,复核专员（校招实习生）,企业职位,上药控股甘肃有限公司,50-99人,,南京,兰州-七里河区,,,100元/天,,,,https://www.liepin.com/lptjob/70418965,20241025084851,,,,
154998,猎聘,能源/化工/环保,化学,化学分析员,企业职位,重庆晟其米商贸有限公司,50-99人,,苏州,南宁-江南区,大专,经验不限,8-12k·13薪,,,,https://www.liepin.com/job/1983153177.shtml,20260609083019,,,,
154999,猎聘,能源/化工/环保,化学,化学分析员,企业职位,滨州勤燕网络科技有限公司,50-99人,,苏州,南宁-兴宁区,大专,1年以上,8-12k·13薪,,,,https://www.liepin.com/job/1982092273.shtml,20260609134258,,,,
155000,猎聘,能源/化工/环保,化学,试剂研发工程师（化学发光试剂）,企业职位,桂林优利特医疗电子有限公司,1000-2000人,,苏州,桂林-七星区,本科,1-3年,5-8k,,,,https://www.liepin.com/job/1972950937.shtml,20250307145600,,,,
155001,猎聘,能源/化工/环保,化学,化学浆值长,企业职位,玖龙纸业(北海)有限公司,5000-10000人,,苏州,北海,中专/中技,3-5年,11-12k·13薪,,,,https://www.liepin.com/job/1974707487.shtml,20250526141447,,,,
155002,猎聘,能源/化工/环保,化学,化学检测业务经理,企业职位,广电计量检测(南宁)有限公司,100-499人,,苏州,南宁,大专,5-10年,10-15k,,,,https://www.liepin.com/job/1965481695.shtml,20240314162653,,,,
155003,猎聘,能源/化工/环保,化学,高中（数学物理化学）授课老师（13-22万/年）,企业职位,南宁奥想创晨教育科技有限公司,100-499人,,苏州,南宁,统招本科,3年以上,7-15k,,,,https://www.liepin.com/job/1982556351.shtml,20260515091435,,,,
155004,猎聘,能源/化工/环保,化学,化学分析员,企业职位,南宁市泽威尔饲料有限责任公司,100-499人,,苏州,南宁-良庆区,大专,1-3年,4-6k·14薪,,,,https://www.liepin.com/job/1948454529.shtml,20220412142450,,,,
155005,猎聘,能源/化工/环保,化学,化学分析研发员,企业职位,广西思浦林科技有限公司,50-99人,,苏州,南宁-西乡塘区,本科,3-5年,6-8k,,,,https://www.liepin.com/job/1924136685.shtml,20210415155044,,,,
155006,猎聘,能源/化工/环保,化学,化学分析人员,企业职位,广西思浦林科技有限公司,50-99人,,苏州,南宁-西乡塘区,大专,1-3年,4-6k,,,,https://www.liepin.com/job/1924136357.shtml,20210415155044,,,,
155007,猎聘,能源/化工/环保,化学,初中数学、物理、化学学科负责人,企业职位,南宁奥想创晨教育科技有限公司,100-499人,,苏州,南宁-青秀区,本科,10年以上,10-20k,,,,https://www.liepin.com/job/1975894051.shtml,20260310230952,,,,
155008,猎聘,能源/化工/环保,化学,数学、物理、化学、英语教学带头人【保底年薪30万+】,企业职位,南宁奥想创晨教育科技有限公司,100-499人,,苏州,南宁-青秀区,本科,3-5年,20-30k,,,,https://www.liepin.com/job/1974074053.shtml,20251203111801,,,,
155009,猎聘,能源/化工/环保,化学,兼职物理化学地理老师,企业职位,广西桂林市勤学教育咨询有限公司,50-99人,,苏州,桂林-七星区,本科,1年以下,5-8k,,,,https://www.liepin.com/job/1981057601.shtml,20260318172927,,,,
155010,猎聘,能源/化工/环保,化学,化学学科负责人,企业职位,广西答牛课堂教育科技有限公司,100-499人,,苏州,南宁-青秀区,本科,10年以上,11-26k,,,,https://www.liepin.com/job/1974063645.shtml,20250520094651,,,,
155011,猎聘,能源/化工/环保,化学,物理/化学/生物双语老师,企业职位,桂林市凯迪艺术培训学校有限公司,1-49人,,苏州,桂林,本科,1-3年,5-10k,,,,https://www.liepin.com/job/1937684093.shtml,20210427102004,,,,
155012,猎聘,能源/化工/环保,化学,双语数学/化学/物理/生物老师,企业职位,南宁哈罗礼德学校,100-499人,,苏州,南宁-邕宁区,硕士,3-5年,15-25k·13薪,,,,https://www.liepin.com/job/1978698249.shtml,20260509095050,,,,
155013,猎聘,能源/化工/环保,化学,双语化学老师 IG Alevel,企业职位,南宁哈罗礼德学校,100-499人,,苏州,南宁-邕宁区,本科,3-5年,15-25k·13薪,,,,https://www.liepin.com/job/1979773593.shtml,20260206114159,,,,
155014,猎聘,能源/化工/环保,化学,化学外贸业务经理,企业职位,麦克林试剂,100-499人,,苏州,南宁-西乡塘区,统招本科,3-5年,10-25k,,,,https://www.liepin.com/job/1969028411.shtml,20241224084755,,,,
155015,猎聘,能源/化工/环保,化学,化学教师,企业职位,广西南宁五三教育信息咨询有限责任公司,1-49人,,苏州,南宁-江南区,本科,经验不限,4-9k,,,,https://www.liepin.com/job/1963134273.shtml,20231123112530,,,,
155016,猎聘,能源/化工/环保,化学,化学工程师,企业职位,广西氢朝能源科技有限公司,1-49人,,苏州,南宁,大专,1-3年,4-8k,,,,https://www.liepin.com/job/1948766397.shtml,20220408185156,,,,
155017,猎聘,能源/化工/环保,化学,数学/物理/化学/英语/语文/政史教师,企业职位,广西优途教育科技集团有限公司,50-99人,,苏州,北海,硕士,1-3年,10-15k,,,,https://www.liepin.com/job/1931450973.shtml,20200905122429,,,,
155018,猎聘,能源/化工/环保,化学,化学调色师,企业职位,广西福来美生态环境材料有限公司,50-99人,,苏州,桂林,学历不限,经验不限,6-10k,,,,https://www.liepin.com/job/1930822327.shtml,20200814103402,,,,
155019,猎聘,能源/化工/环保,化学,车间主任  医药中间体 CDMO ,企业职位,某国内化工公司,100-499人,,苏州,河池,大专,3-5年,17-18k,,,,https://www.liepin.com/a/76029149.shtml,20260608174105,,,,
155020,猎聘,能源/化工/环保,化学,检测科长（广西）,企业职位,某国内大型新能源公司,2000-5000人,,苏州,玉林-博白县,统招本科,3-5年,25-35k,,,,https://www.liepin.com/a/76206847.shtml,20260529144610,,,,
155021,猎聘,能源/化工/环保,化学,车间主任（中间体 CDMO）,企业职位,某上海制药上市公司,100-499人,,苏州,河池,大专,3-5年,15-17k·13薪,,,,https://www.liepin.com/a/76141777.shtml,20260604091710,,,,
155022,猎聘,能源/化工/环保,化学,制程工程师,企业职位,广西华芯振邦半导体有限公司,500-999人,,苏州,南宁-良庆区,大专,3年以上,6-10k·14薪,,,,https://www.liepin.com/job/1971293197.shtml,20260602103734,,,,
155023,猎聘,能源/化工/环保,化学,柳州-工艺开发工程师,企业职位,瑞浦赛克动力电池有限公司,5000-10000人,,苏州,柳州-鱼峰区,统招本科,1-3年,10-18k·15薪,,,,https://www.liepin.com/job/1982908133.shtml,20260527132305,,,,
155024,猎聘,能源/化工/环保,化学,药物合成（化药）,企业职位,某上海制药上市公司,100-499人,,苏州,河池,大专,1-3年,8-10k·13薪,,,,https://www.liepin.com/a/76141569.shtml,20260604091710,,,,
155025,猎聘,能源/化工/环保,化学,计量工程师,企业职位,瑞浦赛克动力电池有限公司,5000-10000人,,苏州,柳州-鱼峰区,本科,3年以上,10-15k·14薪,,,,https://www.liepin.com/job/1982800387.shtml,20260526153754,,,,
155026,猎聘,能源/化工/环保,化学,电芯工艺工程师/电芯资深工程师/高级工程师,企业职位,瑞浦赛克动力电池有限公司,5000-10000人,,苏州,柳州,本科,2年以上,12-18k·14薪,,,,https://www.liepin.com/job/1982952189.shtml,20260531081941,,,,
155027,猎聘,能源/化工/环保,化学,生产工艺工程师,企业职位,某国内制药公司,50-99人,,苏州,河池,学历不限,3-5年,13-15k,,,,https://www.liepin.com/a/75720703.shtml,20260515160649,,,,
155028,猎聘,能源/化工/环保,化学,检测科长,企业职位,某知名公司,2000-5000人,,苏州,玉林-博白县,统招本科,5年以上,18-28k,,,,https://www.liepin.com/a/76206339.shtml,20260609191014,,,,
155029,猎聘,能源/化工/环保,化学,MR-突破性多适应症生物制剂-南宁,企业职位,阿斯利康,10000人以上,,苏州,南宁-青秀区,大专,1年以上,10-20k·13薪,,,,https://www.liepin.com/job/1980811007.shtml,20260310173114,,,,
155030,猎聘,能源/化工/环保,化学,有机合成,企业职位,某国内化工公司,100-499人,,苏州,河池,学历不限,经验不限,8-10k,,,,https://www.liepin.com/a/76369315.shtml,20260608174105,,,,
155031,猎聘,能源/化工/环保,化学,工艺工程师,企业职位,海天味业,5000-10000人,,苏州,南宁-武鸣区,本科,3年以上,9-14k·13薪,,,,https://www.liepin.com/job/1982911513.shtml,20260527141716,,,,
155032,猎聘,能源/化工/环保,化学,销售服务工程师 （造纸制浆行业）,企业职位,上海埃玛森化学品有限公司,500-999人,,苏州,北海-铁山港区,大专,1-3年,7-12k,,,,https://www.liepin.com/job/1982823479.shtml,20260609111652,,,,
155033,猎聘,能源/化工/环保,化学,研发总监 铜箔,企业职位,某知名公司,100-499人,,苏州,北海,博士,5-10年,100-150k,,,,https://www.liepin.com/a/75434133.shtml,20260515124220,,,,
155034,猎聘,能源/化工/环保,化学,总经理,企业职位,某国内知名公司,100-499人,,苏州,南宁,大专,5-7年,20-40k,,,,https://www.liepin.com/a/74003019.shtml,20260609091157,,,,
155035,猎聘,能源/化工/环保,化学,副总,企业职位,某国内制药上市公司,2000-5000人,,苏州,梧州,本科,5-10年,15-20k,,,,https://www.liepin.com/a/73801299.shtml,20260609083556,,,,
155036,猎聘,能源/化工/环保,化学,重庆-计量工程师,企业职位,瑞浦赛克动力电池有限公司,5000-10000人,,苏州,柳州-鱼峰区,本科,3年以上,10-15k·14薪,,,,https://www.liepin.com/job/1982818473.shtml,20260525105229,,,,
155037,猎聘,能源/化工/环保,化学,分析技术员（仪器分析）,企业职位,某国内检测认证公司,50-99人,,苏州,南宁-西乡塘区,大专,5-10年,8-12k,,,,https://www.liepin.com/a/73356733.shtml,20260526142301,,,,
155038,猎聘,能源/化工/环保,化学,品质工程师（体系/焊接/制程跟进）,企业职位,BYD,10000人以上,,苏州,南宁-青秀区,大专,5年以上,8-10k,,,,https://www.liepin.com/job/1982929297.shtml,20260527193635,,,,
155039,猎聘,能源/化工/环保,化学,质检员,企业职位,广西途昊集团,100-499人,,苏州,南宁-青秀区,大专,3年以上,6-9k,,,,https://www.liepin.com/job/1981615555.shtml,20260409142531,,,,
155040,猎聘,能源/化工/环保,化学,副总经理（日化）,企业职位,某国内制药上市公司,2000-5000人,,苏州,梧州,统招本科,5-10年,20-30k,,,,https://www.liepin.com/a/75440769.shtml,20260609143457,,,,
155041,猎聘,能源/化工/环保,化学,总经理,企业职位,某国内制药上市公司,2000-5000人,,苏州,梧州,本科,10年以上,25-40k,,,,https://www.liepin.com/a/73798661.shtml,20260609083556,,,,
155042,猎聘,能源/化工/环保,化学,日化总经理,企业职位,某国内制药上市公司,2000-5000人,,苏州,梧州,本科,5-10年,40-70k,,,,https://www.liepin.com/a/74371371.shtml,20260609111813,,,,
155043,猎聘,能源/化工/环保,化学,肥料厂厂长,企业职位,某国内制药公司,50-99人,,苏州,南宁,学历不限,经验不限,12-24k,,,,https://www.liepin.com/a/75497959.shtml,20260511102254,,,,
155044,猎聘,能源/化工/环保,化学,高中网课在线教师,企业职位,南阳精准翻译服务有限公司,50-99人,,苏州,南宁-青秀区,统招本科,10年以上,8-15k,,,,https://www.liepin.com/job/1971273279.shtml,20260608064843,,,,
155045,猎聘,能源/化工/环保,化学,采购专员,企业职位,柳州柳工挖掘机有限公司,1000-2000人,,苏州,柳州-柳北区,本科,5-10年,5-8k·13薪,,,,https://www.liepin.com/job/1980754275.shtml,20260309140401,,,,
155046,猎聘,能源/化工/环保,化学,重庆锂电 工艺工程师,企业职位,瑞浦赛克动力电池有限公司,5000-10000人,,苏州,柳州-鱼峰区,本科,1-3年,8-13k·15薪,,,,https://www.liepin.com/job/1982802661.shtml,20260523171628,,,,
155047,猎聘,能源/化工/环保,化学,FPC器件工程师（摄像头模组）,企业职位,瑞声光电,10000人以上,,苏州,南宁-江南区,统招本科,5-10年,15-25k,,,,https://www.liepin.com/job/1983020353.shtml,20260601110111,,,,
155048,猎聘,能源/化工/环保,化学,工艺经理,企业职位,深圳国人科技,2000-5000人,,苏州,南宁-邕宁区,本科,10年以上,30-50k,,,,https://www.liepin.com/job/1977075249.shtml,20260512093339,,,,
155049,猎聘,能源/化工/环保,化学,生产经理（常温）,企业职位,浙江百菲电子商务科技有限公司,50-99人,,苏州,钦州-灵山县,本科,5年以上,10-20k,,,,https://www.liepin.com/job/1982416609.shtml,20260531140702,,,,
155050,猎聘,能源/化工/环保,化学,研发总监（聚氨酯）,企业职位,某深圳医疗器械上市公司,10000人以上,,苏州,桂林,硕士,10年以上,70-100k,,,,https://www.liepin.com/a/74974075.shtml,20260609103842,,,,
155051,猎聘,能源/化工/环保,化学,实验型博士后（广西）,企业职位,广州仟研生物科技有限公司,50-99人,,苏州,南宁-青秀区,博士,经验不限,23-29k,,,,https://www.liepin.com/job/1982115817.shtml,20260529145452,,,,
155052,猎聘,能源/化工/环保,化学,肥料研发,企业职位,汉和生物,100-499人,,苏州,南宁,硕士,3-5年,10-20k,,,,https://www.liepin.com/job/1982296699.shtml,20260605173824,,,,
155053,猎聘,能源/化工/环保,化学,肥料研发,企业职位,汉和生物,100-499人,,苏州,南宁-西乡塘区,硕士,3-5年,8-15k,,,,https://www.liepin.com/job/1981958283.shtml,20260421170135,,,,
155054,猎聘,能源/化工/环保,化学,技术型销售工程师-广西,企业职位,北京青莲百奥生物科技有限公司,100-499人,,苏州,南宁-西乡塘区,硕士,1-3年,10-20k,,,,https://www.liepin.com/job/1982868813.shtml,20260526133538,,,,
155055,猎聘,能源/化工/环保,化学,分析技术员（仪器分析）,企业职位,某国内检测认证公司,50-99人,,苏州,南宁-西乡塘区,大专,1-3年,8-12k,,,,https://www.liepin.com/a/73465775.shtml,20260608110317,,,,
155056,猎聘,能源/化工/环保,化学,现场品控技术员,企业职位,大闽国际,500-999人,,苏州,南宁-江南区,大专,1年以上,4-6k,,,,https://www.liepin.com/job/1980932777.shtml,20260314103840,,,,
155057,猎聘,能源/化工/环保,化学,品管经理,企业职位,海大集团,10000人以上,,苏州,钦州-钦南区,大专,3年以上,9-12k,,,,https://www.liepin.com/job/1980818499.shtml,20260608175250,,,,
155058,猎聘,能源/化工/环保,化学,海外销售（粘合剂）,企业职位,上海胶泰新材料科技有限公司,1-49人,,苏州,崇左-江州区,本科,3-5年,12-15k,,,,https://www.liepin.com/job/1958568429.shtml,20260604084549,,,,
155059,猎聘,能源/化工/环保,化学,肥料研发工程师,企业职位,汉和生物,100-499人,,苏州,南宁-西乡塘区,本科,5-10年,8-12k,,,,https://www.liepin.com/job/1978402385.shtml,20251112111302,,,,
155060,猎聘,能源/化工/环保,化学,体系主管/工程师,企业职位,鹏辉能源,5000-10000人,,苏州,柳州-柳北区,本科,5年以上,12-15k·14薪,,,,https://www.liepin.com/job/1983164877.shtml,20260606100535,,,,
155061,猎聘,能源/化工/环保,化学,TGV研发工程师（孔金属化方向） （南宁）,企业职位,成都拓米双都光电有限公司,2000-5000人,,苏州,南宁-良庆区,本科,3年以上,10-20k,,,,https://www.liepin.com/job/1978867303.shtml,20251202164854,,,,
155062,猎聘,能源/化工/环保,化学,农药检测助理,企业职位,广州毅田生物技术有限公司,50-99人,,苏州,玉林-玉州区,大专,经验不限,4-6k,,,,https://www.liepin.com/job/1980788235.shtml,20260310112045,,,,
155063,猎聘,能源/化工/环保,化学,科研,企业职位,广西科学院,500-999人,,苏州,南宁-西乡塘区,博士,经验不限,20-25k,,,,https://www.liepin.com/job/1967541141.shtml,20240620154815,,,,
155064,猎聘,能源/化工/环保,化学,抗原/抗体研发工程师,企业职位,桂林优利特医疗电子有限公司,1000-2000人,,苏州,桂林-七星区,硕士,1年以上,6-9k,,,,https://www.liepin.com/job/1974105407.shtml,20250425114312,,,,
155065,猎聘,能源/化工/环保,化学,样品前处理人员,企业职位,广西思浦林科技有限公司,50-99人,,苏州,南宁-西乡塘区,大专,1年以下,3-4k,,,,https://www.liepin.com/job/1928339951.shtml,20210415155044,,,,
155066,猎聘,能源/化工/环保,化学,检测科长,企业职位,某国内大型新能源公司,500-999人,,苏州,玉林,统招本科,经验不限,15-30k,,,,https://www.liepin.com/a/76528491.shtml,20260608145756,,,,
155067,猎聘,能源/化工/环保,化学,电镀工艺工程师,企业职位,柳工机械,10000人以上,,苏州,柳州-鱼峰区,本科,2年以上,5-8k·13薪,,,,https://www.liepin.com/job/1982582395.shtml,20260522142918,,,,
155068,猎聘,能源/化工/环保,化学,EHS工程师,企业职位,某上海大型新能源公司,2000-5000人,,苏州,贵港-桂平,统招本科,10年以上,14-15k,,,,https://www.liepin.com/a/75366107.shtml,20260507162305,,,,
155069,猎聘,能源/化工/环保,化学,品控主管,企业职位,浙江百菲电子商务科技有限公司,50-99人,,苏州,钦州-灵山县,大专,5年以上,10-12k·13薪,,,,https://www.liepin.com/job/1969133579.shtml,20260531140702,,,,
155070,猎聘,能源/化工/环保,化学,工艺研究员(J13241),企业职位,广西科伦制药有限公司,500-999人,,苏州,桂林,硕士,经验不限,6-10k,,,,https://www.liepin.com/job/1982593891.shtml,20260520005012,,,,
155071,猎聘,能源/化工/环保,化学,病理试剂研发工程师,企业职位,桂林优利特医疗电子有限公司,1000-2000人,,苏州,桂林-七星区,硕士,3-5年,8-15k·13薪,,,,https://www.liepin.com/job/1975300051.shtml,20250623143613,,,,
155072,猎聘,能源/化工/环保,化学,售后主管（广西钦州或者巴彦淖尔）,企业职位,某知名公司,2000-5000人,,苏州,钦州,本科,3-5年,12-17k,,,,https://www.liepin.com/a/74035821.shtml,20260423134120,,,,
155073,猎聘,能源/化工/环保,化学,质量经理,企业职位,浙江百菲电子商务科技有限公司,50-99人,,苏州,钦州-灵山县,大专,5年以上,15-25k,,,,https://www.liepin.com/job/1975095101.shtml,20260531140710,,,,
155074,猎聘,能源/化工/环保,化学,MR-Hema-南宁,企业职位,阿斯利康,10000人以上,,苏州,南宁-西乡塘区,本科,经验不限,8-15k·13薪,,,,https://www.liepin.com/job/1979548739.shtml,20260609084418,,,,
155075,猎聘,能源/化工/环保,化学,化验员,企业职位,某国内其他制造业公司,100-499人,,苏州,来宾,大专,1-3年,4-6k·13薪,,,,https://www.liepin.com/a/75232439.shtml,20260430161439,,,,
155076,猎聘,能源/化工/环保,化学,分析测试中心副主任,企业职位,中国有色桂林矿产地质研究院有限公司,1000-2000人,,苏州,桂林,本科,5-10年,16-25k,,,,https://www.liepin.com/job/1956060559.shtml,20230213165147,,,,
155077,猎聘,能源/化工/环保,化学,实验室组长,企业职位,成都诺森医学检验有限公司,100-499人,,苏州,柳州,大专,1-3年,4-5k,,,,https://www.liepin.com/job/1933644365.shtml,20230425091829,,,,
155078,猎聘,能源/化工/环保,化学,电池工程师,企业职位,瑞浦赛克动力电池有限公司,5000-10000人,,苏州,柳州-鱼峰区,统招本科,3-5年,15-19k·15薪,,,,https://www.liepin.com/job/1968026143.shtml,20260228224444,,,,
155079,猎聘,能源/化工/环保,化学,国际注册副总监,企业职位,某知名公司,1000-2000人,,苏州,桂林,统招本科,5-10年,20-25k·13薪,,,,https://www.liepin.com/a/75806427.shtml,20260609090630,,,,
155080,猎聘,能源/化工/环保,化学,田七家化总经理,企业职位,某知名公司,2000-5000人,,苏州,南宁,本科,10年以上,50-80k,,,,https://www.liepin.com/a/73820283.shtml,20260609173038,,,,
155081,猎聘,能源/化工/环保,化学,蒸发工艺工程师,企业职位,华友钴业,10000人以上,,苏州,玉林-博白县,本科,5-10年,10-16k·14薪,,,,https://www.liepin.com/job/1981548707.shtml,20260407173026,,,,
155082,猎聘,能源/化工/环保,化学,工艺助理工程师,企业职位,柳州柳工挖掘机有限公司,1000-2000人,,苏州,柳州-柳北区,本科,1-3年,6-8k·13薪,,,,https://www.liepin.com/job/1979861049.shtml,20260119182557,,,,
155083,猎聘,能源/化工/环保,化学,器械生产/质量管理,企业职位,深圳市昊瑞医疗器械有限公司,1-49人,,苏州,玉林-玉州区,大专,3-5年,6-7k,,,,https://www.liepin.com/job/1983071733.shtml,20260609190733,,,,
155084,猎聘,能源/化工/环保,化学,研发工程师,企业职位,惠科新材料,,,苏州,北海-海城区,本科,2年以上,10-20k,,,,https://www.liepin.com/job/1982920385.shtml,20260527163219,,,,
155085,猎聘,能源/化工/环保,化学,食品研发工程师,企业职位,某国内食品/饮料/酒水上市公司,5000-10000人,,苏州,南宁,学历不限,1-3年,25-40k,,,,https://www.liepin.com/a/75148995.shtml,20260428151651,,,,
155086,猎聘,能源/化工/环保,化学,品质工程专员,企业职位,大闽国际,500-999人,,苏州,南宁-江南区,大专,1年以上,4-6k,,,,https://www.liepin.com/job/1980932817.shtml,20260314104123,,,,
155087,猎聘,能源/化工/环保,化学,地区经理-肿瘤免疫-广西,企业职位,恒瑞医药,10000人以上,,苏州,南宁-青秀区,本科,2年以上,20-28k,,,,https://www.liepin.com/job/1983124337.shtml,20260603181930,,,,
155088,猎聘,能源/化工/环保,化学,小初各学科老师,企业职位,南宁奥想创晨教育科技有限公司,100-499人,,苏州,南宁,统招本科,经验不限,10-25k,,,,https://www.liepin.com/job/1956810307.shtml,20251203112000,,,,
155089,猎聘,能源/化工/环保,化学,拼焊工艺工程师,企业职位,柳州柳工挖掘机有限公司,1000-2000人,,苏州,柳州-柳北区,本科,5-10年,7-9k·13薪,,,,https://www.liepin.com/job/1979882815.shtml,20260120153218,,,,
155090,猎聘,能源/化工/环保,化学,汽车涂装工艺工程师,企业职位,浙江金固股份有限公司,2000-5000人,,苏州,南宁-邕宁区,本科,3年以上,8-12k·14薪,,,,https://www.liepin.com/job/1975462107.shtml,20250701100715,,,,
155091,猎聘,能源/化工/环保,化学,高级座椅发泡配方工艺工程师,企业职位,某上海大型汽车零部件及配件公司,10000人以上,,苏州,柳州,大专,5-10年,30-40k·13薪,,,,https://www.liepin.com/a/74864823.shtml,20260609102631,,,,
155092,猎聘,能源/化工/环保,化学,小初各学科优秀老师,企业职位,南宁奥想创晨教育科技有限公司,100-499人,,苏州,南宁,统招本科,3-5年,10-15k,,,,https://www.liepin.com/job/1956810335.shtml,20251203112000,,,,
155093,猎聘,能源/化工/环保,化学,PE工程师 （中段、后段、出货）,企业职位,某国内大型机械/设备公司,5000-10000人,,苏州,南宁-青秀区,本科,3年以上,8-13k,,,,https://www.liepin.com/a/75826299.shtml,20260519175414,,,,
155094,猎聘,能源/化工/环保,化学,博士研究员,企业职位,某国内食品/饮料/酒水上市公司,5000-10000人,,苏州,南宁-武鸣区,博士,经验不限,25-40k·13薪,,,,https://www.liepin.com/a/75013333.shtml,20260424084444,,,,
155095,猎聘,能源/化工/环保,化学,工艺工程师,企业职位,某国内电气机械/器材公司,1-49人,,苏州,南宁,大专,1-3年,15-20k·13薪,,,,https://www.liepin.com/a/73720835.shtml,20260420134858,,,,
155096,猎聘,能源/化工/环保,化学,高中理科教研专家（30-40万/年）,企业职位,南宁奥想创晨教育科技有限公司,100-499人,,苏州,南宁-西乡塘区,本科,6年以上,25-30k,,,,https://www.liepin.com/job/1980145045.shtml,20260203100417,,,,
155097,猎聘,能源/化工/环保,化学,粉体材料工程师（非金属类）,企业职位,啄木鸟医疗,500-999人,,苏州,桂林-七星区,硕士,3年以上,15-20k,,,,https://www.liepin.com/job/1975308007.shtml,20250623170112,,,,
155098,猎聘,能源/化工/环保,化学,体外诊断试剂研发工程师,企业职位,桂林优利特医疗电子有限公司,1000-2000人,,苏州,桂林,本科,1-3年,8-13k,,,,https://www.liepin.com/job/1958807717.shtml,20230524142819,,,,
155099,猎聘,能源/化工/环保,化学,Rep-Retail-柳州（零售）,企业职位,阿斯利康,10000人以上,,苏州,柳州-柳北区,大专,1年以上,7-14k·13薪,,,,https://www.liepin.com/job/1981381889.shtml,20260609110511,,,,
155100,猎聘,能源/化工/环保,化学,PE工程师,企业职位,某国内大型机械/设备公司,5000-10000人,,苏州,南宁,学历不限,3-5年,10-15k,,,,https://www.liepin.com/a/73633645.shtml,20260507093248,,,,
155101,猎聘,能源/化工/环保,化学,科研人员,企业职位,广西科学院,500-999人,,苏州,南宁-西乡塘区,硕士,经验不限,15-16k,,,,https://www.liepin.com/job/1971505871.shtml,20250623171752,,,,
155102,猎聘,能源/化工/环保,化学,甲烷烧碱班长,企业职位,广西田东锦盛化工有限公司,100-499人,,苏州,百色-田东县,大专,1-3年,6-9k,,,,https://www.liepin.com/job/1979445291.shtml,20251230092819,,,,
155103,猎聘,能源/化工/环保,化学,高级/资深农药配方师（1月到岗）,企业职位,广西科尖生物科技有限公司,50-99人,,苏州,钦州-灵山县,统招本科,5年以上,8-10k,,,,https://www.liepin.com/job/1979420459.shtml,20251227181425,,,,
155104,猎聘,能源/化工/环保,化学,实习老师（想做老师的都可以）,企业职位,南宁奥想创晨教育科技有限公司,100-499人,,苏州,南宁-西乡塘区,本科,经验不限,6-8k,,,,https://www.liepin.com/job/1979108523.shtml,20251212144010,,,,
155105,猎聘,能源/化工/环保,化学,实验室化验员,企业职位,河北福满园房地产开发有限公司,1-49人,,苏州,贺州-昭平县,大专,1-3年,4-6k,,,,https://www.liepin.com/job/1979149485.shtml,20260316144505,,,,
155106,猎聘,能源/化工/环保,化学,内贸业务员,企业职位,建滔(北海)实业有限公司,100-499人,,苏州,北海-铁山港区,本科,3-5年,5-10k,,,,https://www.liepin.com/job/1980884197.shtml,20260312161706,,,,
155107,猎聘,能源/化工/环保,化学,制剂工程师助理,企业职位,广州毅田生物技术有限公司,50-99人,,苏州,玉林-玉州区,统招本科,经验不限,4-6k,,,,https://www.liepin.com/job/1980422361.shtml,20260310111602,,,,
155108,猎聘,能源/化工/环保,化学,电芯研发工程师,企业职位,深圳市单原子材料有限公司,,,苏州,南宁-良庆区,本科,1-3年,15-25k·13薪,,,,https://www.liepin.com/job/1980753709.shtml,20260309153428,,,,
155109,猎聘,能源/化工/环保,化学,科研博士,企业职位,广西科学院,500-999人,,苏州,南宁-西乡塘区,博士,经验不限,20-25k,,,,https://www.liepin.com/job/1967602307.shtml,20250328171115,,,,
155110,猎聘,能源/化工/环保,化学,初高中教师,企业职位,南宁牧哲校外托管服务有限公司,1-49人,,苏州,南宁-青秀区,本科,10年以上,10-15k,,,,https://www.liepin.com/job/1975579725.shtml,20250706104007,,,,
155111,猎聘,能源/化工/环保,化学,食品研发经理,企业职位,广西铂洋果业科技有限公司,100-499人,,苏州,南宁-隆安县,本科,经验不限,8-12k,,,,https://www.liepin.com/job/1976801265.shtml,20250827205808,,,,
155112,猎聘,能源/化工/环保,化学,研发工程师（铜箔）,企业职位,深圳惠科新材料股份有限公司,1000-2000人,,苏州,北海-海城区,硕士,3年以上,10-15k,,,,https://www.liepin.com/job/1977081231.shtml,20251009162646,,,,
155113,猎聘,能源/化工/环保,化学,病理试剂研发工程师,企业职位,桂林优利特医疗电子有限公司,1000-2000人,,苏州,桂林-七星区,本科,1年以上,10-20k·13薪,,,,https://www.liepin.com/job/1976233709.shtml,20250804141939,,,,
155114,猎聘,能源/化工/环保,化学,取、制样员(外派印尼),企业职位,寒锐钴业,1000-2000人,,苏州,桂林-象山区,中专/中技,1-3年,15-16k·13薪,,,,https://www.liepin.com/job/1973271343.shtml,20250320113151,,,,
155115,猎聘,能源/化工/环保,化学,中学数理化老师,企业职位,广西天狼星教育投资有限责任公司,50-99人,,苏州,来宾-兴宾区,大专,1-3年,3-8k,,,,https://www.liepin.com/job/1975429757.shtml,20250628175836,,,,
155116,猎聘,能源/化工/环保,化学,销售储备,企业职位,广西盛亚科技集团股份有限公司,500-999人,,苏州,柳州-鹿寨县,本科,经验不限,3-5k,,,,https://www.liepin.com/job/1974732887.shtml,20251121092640,,,,
155117,猎聘,能源/化工/环保,化学,医药研发经理,企业职位,广西宜和医疗科技有限公司,50-99人,,苏州,南宁-武鸣区,统招本科,3-5年,7-12k,,,,https://www.liepin.com/job/1964928353.shtml,20240712152909,,,,
155118,猎聘,能源/化工/环保,化学,高中化学教师,企业职位,北京大学南宁附属实验学校,100-499人,,苏州,南宁-青秀区,本科,1-3年,8-10k,,,,https://www.liepin.com/job/1971653137.shtml,20250115153705,,,,
155119,猎聘,能源/化工/环保,化学,化验员,企业职位,南宁市泽威尔饲料有限责任公司,100-499人,,苏州,南宁-良庆区,大专,1-3年,3-5k,,,,https://www.liepin.com/job/1940852453.shtml,20210708110432,,,,
155120,猎聘,能源/化工/环保,化学,助理研发工程师,企业职位,广西七色珠光材料股份有限公司,100-499人,,苏州,柳州,本科,经验不限,5-7k,,,,https://www.liepin.com/job/1941728295.shtml,20221008161601,,,,
155121,猎聘,能源/化工/环保,化学,教师,企业职位,百色天立学校,2000-5000人,,苏州,百色-右江区,本科,1年以下,8-24k,,,,https://www.liepin.com/job/1957637403.shtml,20230408173443,,,,
155122,猎聘,能源/化工/环保,化学,精糖厂化验员,企业职位,东亚糖业,2000-5000人,,苏州,崇左-江州区,大专,经验不限,4-5k,,,,https://www.liepin.com/job/1960194961.shtml,20230721145345,,,,
155123,猎聘,能源/化工/环保,化学,研发部经理,企业职位,广西宜和医疗科技有限公司,50-99人,,苏州,南宁-武鸣区,本科,3-5年,5-10k,,,,https://www.liepin.com/job/1938085403.shtml,20230112093112,,,,
155124,猎聘,能源/化工/环保,化学,化验主管,企业职位,广西环淼实业有限公司,50-99人,,苏州,玉林,大专,1-3年,7-8k,,,,https://www.liepin.com/job/1930857557.shtml,20200912105613,,,,
155125,猎聘,能源/化工/环保,化学,粉体材料工程师（非金属类）,企业职位,啄木鸟医疗,500-999人,,苏州,桂林-七星区,硕士,3年以上,20-30k,,,,https://www.liepin.com/job/1983235361.shtml,20260608110639,,,,
155126,猎聘,能源/化工/环保,化学,制程工程师,企业职位,某国内大型电子/半导体/集成电路公司,500-999人,,苏州,南宁-良庆区,大专,3年以上,6-10k·14薪,,,,https://www.liepin.com/a/76549825.shtml,20260608205916,,,,
155127,猎聘,能源/化工/环保,化学,制程工程师,企业职位,某国内大型电子/半导体/集成电路公司,500-999人,,苏州,南宁-良庆区,大专,3年以上,6-10k·14薪,,,,https://www.liepin.com/a/76543079.shtml,20260608173413,,,,
155128,猎聘,能源/化工/环保,化学,制程工程师,企业职位,某国内大型电子/半导体/集成电路公司,500-999人,,苏州,南宁,硕士,3-5年,6-10k·14薪,,,,https://www.liepin.com/a/76542595.shtml,20260609103638,,,,
155129,猎聘,能源/化工/环保,化学,制程工程师,企业职位,某国内大型电子/半导体/集成电路公司,500-999人,,苏州,南宁,大专,3-5年,7-10k·14薪,,,,https://www.liepin.com/a/76540089.shtml,20260608165933,,,,
155130,猎聘,能源/化工/环保,化学,博士研究员,企业职位,某国内大型食品/饮料/酒水公司,2000-5000人,,苏州,南宁,博士,经验不限,30-40k,,,,https://www.liepin.com/a/75006185.shtml,20260423180331,,,,
155131,猎聘,能源/化工/环保,化学,绿色环境工程师（外派）,企业职位,歌尔股份,10000人以上,,苏州,南宁-西乡塘区,本科,10年以上,16-23k,,,,https://www.liepin.com/job/1981805013.shtml,20260416083556,,,,
155132,猎聘,能源/化工/环保,化学,化验室副主任-水泥,企业职位,湖北京兰水泥集团有限公司,2000-5000人,,苏州,来宾-武宣县,本科,5年以上,8-12k,,,,https://www.liepin.com/job/1981769891.shtml,20260415094810,,,,
155133,猎聘,能源/化工/环保,化学,MR-呼吸生物制剂新产品-柳州,企业职位,阿斯利康,10000人以上,,苏州,柳州-城中区,大专,1年以上,10-20k,,,,https://www.liepin.com/job/1981396859.shtml,20260331171740,,,,
155134,猎聘,能源/化工/环保,化学,QC主任/验证经理（无菌原料药）,企业职位,某国内大型制药公司,500-999人,,苏州,桂林,统招本科,5-10年,12-24k,,,,https://www.liepin.com/a/75106537.shtml,20260609084215,,,,
155135,猎聘,能源/化工/环保,化学,销售经理,企业职位,武汉德泰纳新能源技术有限公司,500-999人,,苏州,柳州-鱼峰区,统招本科,3-5年,8-14k,,,,https://www.liepin.com/job/1981114337.shtml,20260320140953,,,,
155136,猎聘,能源/化工/环保,化学,海洋技术工程师,企业职位,广州和时通水生态科技有限公司,100-499人,,苏州,防城港-港口区,本科,经验不限,5-6k,,,,https://www.liepin.com/job/1974483413.shtml,20260213152040,,,,
155137,猎聘,能源/化工/环保,化学,初中化学老师,企业职位,南宁奥想创晨教育科技有限公司,100-499人,,苏州,南宁,统招本科,经验不限,6-8k,,,,https://www.liepin.com/job/1981178637.shtml,20260324095646,,,,
155138,猎聘,能源/化工/环保,化学,广西业务经理,企业职位,万泰药业,1000-2000人,,苏州,南宁-西乡塘区,大专,3年以上,8-10k,,,,https://www.liepin.com/job/1980952623.shtml,20260316111136,,,,
155139,猎聘,能源/化工/环保,化学,QC主管,企业职位,荣康集团广西康世缘制药有限公司,100-499人,,苏州,南宁-武鸣区,大专,2年以上,5-8k,,,,https://www.liepin.com/job/1977748861.shtml,20260519142830,,,,
155140,猎聘,能源/化工/环保,化学,计量理化项目工程师,企业职位,柳工机械,10000人以上,,苏州,柳州-柳南区,统招本科,5-10年,8-10k·13薪,,,,https://www.liepin.com/job/1963649805.shtml,20260507145805,,,,
155141,猎聘,能源/化工/环保,化学,销售代表,企业职位,深圳华大基因股份有限公司-,2000-5000人,,苏州,南宁-西乡塘区,本科,1-3年,8-12k,,,,https://www.liepin.com/job/1973762885.shtml,20250411103422,,,,
155142,猎聘,能源/化工/环保,化学,生产主管,企业职位,中伟新材料股份有限公司,5000-10000人,,苏州,钦州,统招本科,3-5年,8-13k·13薪,,,,https://www.liepin.com/job/1981661899.shtml,20260518163930,,,,
155143,猎聘,能源/化工/环保,化学,胶水应用工程师,企业职位,桂林光隆科技集团股份有限公司,500-999人,,苏州,桂林-七星区,大专,3-5年,12-18k·13薪,,,,https://www.liepin.com/job/1981563115.shtml,20260609162305,,,,
155144,猎聘,能源/化工/环保,化学,一级注册计量师,企业职位,广西京安计量检测有限公司,1-49人,,苏州,钦州,本科,3-5年,7-10k,,,,https://www.liepin.com/job/1980919861.shtml,20260313155809,,,,
155145,猎聘,能源/化工/环保,化学,分离纯化工程师,企业职位,汉和生物,100-499人,,苏州,南宁,本科,5年以上,10-15k,,,,https://www.liepin.com/job/1978654919.shtml,20260203153549,,,,
155146,猎聘,能源/化工/环保,化学,质量高级工程师,企业职位,中伟新材料股份有限公司,5000-10000人,,苏州,钦州-钦南区,本科,5年以上,17-22k·15薪,,,,https://www.liepin.com/job/1977848631.shtml,20251018091009,,,,
155147,猎聘,能源/化工/环保,化学,原料销售经理（大健康方向）,企业职位,汉和生物,100-499人,,苏州,南宁,本科,3年以上,15-25k,,,,https://www.liepin.com/job/1978394249.shtml,20251112091216,,,,
155148,猎聘,能源/化工/环保,化学,淀粉车间主任,企业职位,广西瑞藤投资有限公司,50-99人,,苏州,南宁-青秀区,中专/中技,8年以上,15-20k,,,,https://www.liepin.com/job/1978887149.shtml,20251203123141,,,,
155149,猎聘,能源/化工/环保,化学,工艺工程师,企业职位,广西川泽环保科技有限公司,1-49人,,苏州,贵港-港北区,本科,3-5年,6-9k,,,,https://www.liepin.com/job/1983044713.shtml,20260601180812,,,,
155150,猎聘,能源/化工/环保,化学,技术部开发主管,企业职位,将军陶瓷集团,100-499人,,苏州,梧州-岑溪,大专,5年以上,15-20k,,,,https://www.liepin.com/job/1982068797.shtml,20260608104116,,,,
155151,猎聘,能源/化工/环保,化学,体系主管,企业职位,深圳市新荣阳食品科技有限公司,100-499人,,苏州,南宁-横州市,本科,5年以上,8-12k·13薪,,,,https://www.liepin.com/job/1979352279.shtml,20260521160354,,,,
155152,猎聘,能源/化工/环保,化学,高级医药代表,企业职位,豪森药业,10000人以上,,苏州,南宁-青秀区,本科,1年以上,10-15k,,,,https://www.liepin.com/job/1980775939.shtml,20260309222334,,,,
155153,猎聘,能源/化工/环保,化学,工厂副厂长,企业职位,广西瑞藤投资有限公司,50-99人,,苏州,南宁-青秀区,学历不限,8年以上,18-30k,,,,https://www.liepin.com/job/1979569049.shtml,20260106135319,,,,
155154,猎聘,能源/化工/环保,化学,产品研发经理,企业职位,海天味业,5000-10000人,,苏州,南宁-武鸣区,硕士,3年以上,10-20k·13薪,,,,https://www.liepin.com/job/1976170683.shtml,20250806165808,,,,
155155,猎聘,能源/化工/环保,化学,污水废水处理岗/主管/工程师/班长,企业职位,上海格派镍钴材料股份有限公司,100-499人,,苏州,钦州-钦南区,大专,1-3年,6-10k,,,,https://www.liepin.com/job/1974183453.shtml,20250626161109,,,,
155156,猎聘,能源/化工/环保,化学,锂电工艺开发工程师,企业职位,瑞浦赛克动力电池有限公司,5000-10000人,,苏州,柳州-鱼峰区,本科,1-3年,10-18k·14薪,,,,https://www.liepin.com/job/1982901313.shtml,20260527104434,,,,
155157,猎聘,能源/化工/环保,化学,项目工程总监,企业职位,中国燃气控股有限公司,10000人以上,,苏州,南宁-江南区,本科,5-10年,15-20k·13薪,,,,https://www.liepin.com/job/1975844965.shtml,20250717123307,,,,
155158,猎聘,能源/化工/环保,化学,985/211名校毕业老师【年薪20-40万】,企业职位,南宁奥想创晨教育科技有限公司,100-499人,,苏州,南宁-青秀区,本科,3年以上,15-30k,,,,https://www.liepin.com/job/1973524595.shtml,20260310230952,,,,
155159,猎聘,能源/化工/环保,化学,广西科伦-质量工程师(J13242),企业职位,广西科伦制药有限公司,500-999人,,苏州,桂林,硕士,2年以上,6-10k,,,,https://www.liepin.com/job/1982593955.shtml,20260520005012,,,,
155160,猎聘,能源/化工/环保,化学,技术员/研发专员,企业职位,桂林恒保健康防护有限公司,1000-2000人,,苏州,桂林-永福县,本科,2年以上,4-5k,,,,https://www.liepin.com/job/1975107531.shtml,20260225183222,,,,
155161,猎聘,能源/化工/环保,化学,博士研究员,企业职位,海天味业,5000-10000人,,苏州,南宁-武鸣区,博士,经验不限,25-40k·13薪,,,,https://www.liepin.com/job/1976347849.shtml,20250808101937,,,,
155162,猎聘,能源/化工/环保,化学,广西科伦-QC副经理(J13240),企业职位,广西科伦制药有限公司,500-999人,,苏州,桂林,本科,5年以上,8-12k,,,,https://www.liepin.com/job/1982593753.shtml,20260520005012,,,,
155163,猎聘,能源/化工/环保,化学,生物专利工程师,企业职位,汉和生物,100-499人,,苏州,南宁,本科,2年以上,8-12k,,,,https://www.liepin.com/job/1978394351.shtml,20260206105753,,,,
155164,猎聘,能源/化工/环保,化学,现场QA,企业职位,汉和生物,100-499人,,苏州,南宁-西乡塘区,统招本科,1年以上,5-6k,,,,https://www.liepin.com/job/1978932817.shtml,20251204175554,,,,
155165,猎聘,能源/化工/环保,化学,生物质能源总监,企业职位,中国燃气控股有限公司,10000人以上,,苏州,玉林-玉州区,本科,5年以上,10-15k,,,,https://www.liepin.com/job/1982345595.shtml,20260515100901,,,,
155166,猎聘,能源/化工/环保,化学,茶本酒研发高级工程师,企业职位,广西天昌投资有限公司,100-499人,,苏州,百色-平果市,本科,5年以上,15-25k,,,,https://www.liepin.com/job/1982008365.shtml,20260422193834,,,,
155167,猎聘,能源/化工/环保,化学,广西科伦-科技项目与成果转化专员(J13243),企业职位,广西科伦制药有限公司,500-999人,,苏州,桂林,统招本科,经验不限,4-8k,,,,https://www.liepin.com/job/1982599105.shtml,20260520005012,,,,
155168,猎聘,能源/化工/环保,化学,质量项目工程师（持续改进）,企业职位,柳州柳工挖掘机有限公司,1000-2000人,,苏州,柳州-柳北区,本科,3年以上,9-14k·14薪,,,,https://www.liepin.com/job/1976423823.shtml,20250812134906,,,,
155169,猎聘,能源/化工/环保,化学,母粒销售主管,企业职位,科元控股集团,1000-2000人,,苏州,贺州-平桂区,大专,3年以上,11-15k,,,,https://www.liepin.com/job/1976969665.shtml,20250904102310,,,,
155170,猎聘,能源/化工/环保,化学,质量专员QA,企业职位,上海创德医药科技有限公司,500-999人,,苏州,桂林-七星区,本科,经验不限,4-6k·14薪,,,,https://www.liepin.com/job/1973576705.shtml,20260402154030,,,,
155171,猎聘,能源/化工/环保,化学,质量经理,企业职位,某国内食品/饮料/酒水上市公司,5000-10000人,,苏州,南宁,本科,经验不限,29-35k·13薪,,,,https://www.liepin.com/a/74520801.shtml,20260506102551,,,,
155172,猎聘,能源/化工/环保,化学,QA验证专员,企业职位,桂林南药股份有限公司,1000-2000人,,苏州,桂林,本科,1-3年,5-9k,,,,https://www.liepin.com/job/1980763669.shtml,20260415144554,,,,
155173,猎聘,能源/化工/环保,化学,QC主管,企业职位,汉和生物,100-499人,,苏州,南宁-西乡塘区,本科,5-10年,6-10k,,,,https://www.liepin.com/job/1978399007.shtml,20251112102256,,,,
155174,猎聘,能源/化工/环保,化学,（高级）医药代表 /（资深）产品专员,企业职位,诺华集团（中国）,500-999人,,苏州,南宁-西乡塘区,本科,经验不限,9-15k,,,,https://www.liepin.com/job/1967173929.shtml,20260323170819,,,,
155175,猎聘,能源/化工/环保,化学,工艺工程师（叶片）,企业职位,上海库跃科技有限公司,100-499人,,苏州,钦州-钦南区,本科,3年以上,10-15k·13薪,,,,https://www.liepin.com/job/1975004197.shtml,20250617100006,,,,
155176,猎聘,能源/化工/环保,化学,初中数学老师,企业职位,南宁奥想创晨教育科技有限公司,100-499人,,苏州,南宁,统招本科,1-3年,6-16k,,,,https://www.liepin.com/job/1956810023.shtml,20250929142215,,,,
155177,猎聘,能源/化工/环保,化学,小学数学老师,企业职位,南宁奥想创晨教育科技有限公司,100-499人,,苏州,南宁,本科,1-3年,6-16k,,,,https://www.liepin.com/job/1956810031.shtml,20250929142215,,,,
155178,猎聘,能源/化工/环保,化学,生物专利工程师,企业职位,汉和生物,100-499人,,苏州,南宁-西乡塘区,本科,1年以上,6-10k,,,,https://www.liepin.com/job/1978402103.shtml,20251112110833,,,,
155179,猎聘,能源/化工/环保,化学,发酵产物分离纯化工程师,企业职位,汉和生物,100-499人,,苏州,南宁-西乡塘区,本科,5-10年,6-9k,,,,https://www.liepin.com/job/1980073763.shtml,20260129113053,,,,
155180,猎聘,能源/化工/环保,化学,农药产品经理,企业职位,广西利民药业股份有限公司,100-499人,,苏州,南宁-西乡塘区,本科,5-10年,13-20k,,,,https://www.liepin.com/job/1981354487.shtml,20260330160200,,,,
155181,猎聘,能源/化工/环保,化学,（高级）医药代表 /（资深）产品专员,企业职位,诺华集团（中国）,500-999人,,苏州,桂林-象山区,本科,经验不限,9-15k,,,,https://www.liepin.com/job/1967173931.shtml,20260323151627,,,,
155182,猎聘,能源/化工/环保,化学,仪器销售工程师（南宁）,企业职位,瑞士万通中国有限公司,100-499人,,苏州,南宁-西乡塘区,本科,1-3年,10-20k·13薪,,,,https://www.liepin.com/job/1960224479.shtml,20240730085520,,,,
155183,猎聘,能源/化工/环保,化学,分离纯化工程师,企业职位,汉和生物,100-499人,,苏州,南宁-西乡塘区,本科,10年以上,10-15k,,,,https://www.liepin.com/job/1978402723.shtml,20251112111756,,,,
155184,猎聘,能源/化工/环保,化学,培训经理,企业职位,汉和生物,100-499人,,苏州,南宁-西乡塘区,统招本科,5-10年,8-12k,,,,https://www.liepin.com/job/1979332857.shtml,20251223174043,,,,
155185,猎聘,能源/化工/环保,化学,专利代理师管理岗,企业职位,广西东创同心投资集团有限公司,50-99人,,苏州,南宁-西乡塘区,本科,2年以上,10-20k,,,,https://www.liepin.com/job/1982227071.shtml,20260430151004,,,,
155186,猎聘,能源/化工/环保,化学,研发工程师,企业职位,天津一瑞生物科技股份有限公司,100-499人,,苏州,北海-海城区,硕士,1-3年,7-20k,,,,https://www.liepin.com/job/1973716861.shtml,20250409162340,,,,
155187,猎聘,能源/化工/环保,化学,车间生产主管,企业职位,中伟新材料股份有限公司,5000-10000人,,苏州,钦州-钦南区,本科,3年以上,8-12k·13薪,,,,https://www.liepin.com/job/1982314133.shtml,20260507150409,,,,
155188,猎聘,能源/化工/环保,化学,生产技师,企业职位,双胞胎(集团)股份有限公司,10000人以上,,苏州,南宁-江南区,统招本科,经验不限,6-10k,,,,https://www.liepin.com/job/1976583445.shtml,20250911153819,,,,
155189,猎聘,能源/化工/环保,化学,广西科伦-无菌原料车间质量工程师(J12630),企业职位,广西科伦制药有限公司,500-999人,,苏州,桂林,本科,3年以上,10-20k,,,,https://www.liepin.com/job/1979804271.shtml,20260406084429,,,,
155190,猎聘,能源/化工/环保,化学,医药信息沟通专员（肿瘤县域岗） (MJ008743),企业职位,恒瑞医药,10000人以上,,苏州,南宁-横州市,大专,1-3年,15-25k,,,,https://www.liepin.com/job/1971751447.shtml,20250106142939,,,,
155191,猎聘,能源/化工/环保,化学,生产操作工,企业职位,广西田东锦盛化工有限公司,100-499人,,苏州,百色-田东县,大专,1-3年,5-7k,,,,https://www.liepin.com/job/1953177281.shtml,20251230092852,,,,
155192,猎聘,能源/化工/环保,化学,广西科伦-车间主任（粉针）(J12626),企业职位,广西科伦制药有限公司,500-999人,,苏州,桂林,本科,2年以上,10-20k,,,,https://www.liepin.com/job/1979612511.shtml,20260406084519,,,,
155193,猎聘,能源/化工/环保,化学,质量主管,企业职位,塑友科技,50-99人,,苏州,柳州-柳北区,大专,5年以上,7-9k·13薪,,,,https://www.liepin.com/job/1973829419.shtml,20251201164753,,,,
155194,猎聘,能源/化工/环保,化学,初中化学老师,企业职位,南宁奥想创晨教育科技有限公司,100-499人,,苏州,南宁-西乡塘区,本科,经验不限,8-10k,,,,https://www.liepin.com/job/1972653639.shtml,20251203111801,,,,
155195,猎聘,能源/化工/环保,化学,（高级）医药代表 /（资深）产品专员,企业职位,诺华集团（中国）,500-999人,,苏州,柳州-柳南区,本科,经验不限,9-15k,,,,https://www.liepin.com/job/1967173935.shtml,20260323151621,,,,
155196,猎聘,能源/化工/环保,化学,区域经理（广西）,企业职位,苏州睿仟科技有限公司,1-49人,,苏州,南宁-青秀区,本科,2年以上,10-15k,,,,https://www.liepin.com/job/1977780607.shtml,20260422095349,,,,
155197,猎聘,能源/化工/环保,化学,客户经理（社招）(J11313),企业职位,圣和药业股份,2000-5000人,,苏州,南宁-青秀区,本科,1-3年,10-15k,,,,https://www.liepin.com/job/1964571157.shtml,20241031140120,,,,
155198,猎聘,能源/化工/环保,化学,研发（分子相关专业博士）,企业职位,天津一瑞生物科技股份有限公司,100-499人,,苏州,北海-海城区,博士,经验不限,14-16k,,,,https://www.liepin.com/job/1974108545.shtml,20250425135600,,,,
155199,猎聘,能源/化工/环保,化学,医药信息沟通专员（肿瘤县域岗） (MJ008744),企业职位,恒瑞医药,10000人以上,,苏州,河池-宜州区,大专,1-3年,15-25k,,,,https://www.liepin.com/job/1971752009.shtml,20250106142939,,,,
155200,猎聘,能源/化工/环保,化学,供应商质量工程师,企业职位,玉柴安特优动力有限公司,50-99人,,苏州,玉林,本科,5年以上,6-8k,,,,https://www.liepin.com/job/1979902735.shtml,20260225174429,,,,
155201,猎聘,能源/化工/环保,化学,安全总监,企业职位,中国燃气控股有限公司,10000人以上,,苏州,贵港-桂平,统招本科,3年以上,9-12k,,,,https://www.liepin.com/job/1982363191.shtml,20260508180039,,,,
155202,猎聘,能源/化工/环保,化学,安全工程师7001,企业职位,柳工机械,10000人以上,,苏州,柳州,本科,3-5年,7-10k·13薪,,,,https://www.liepin.com/job/1962633579.shtml,20231102100235,,,,
155203,猎聘,能源/化工/环保,化学,实验室主任(J10188),企业职位,桐昆集团股份有限公司,10000人以上,,苏州,河池-金城江区,本科,5年以上,15-25k,,,,https://www.liepin.com/job/1974439919.shtml,20250514082350,,,,
155204,猎聘,能源/化工/环保,化学,分析技术员（仪器分析）,企业职位,某国内检测认证公司,50-99人,,苏州,南宁-西乡塘区,大专,3-5年,9-14k,,,,https://www.liepin.com/a/74563505.shtml,20260424143650,,,,
155205,猎聘,能源/化工/环保,化学,质检员,企业职位,湖南法恩莱特新能源科技有限公司,100-499人,,苏州,柳州-鹿寨县,大专,1年以上,4-5k,,,,https://www.liepin.com/job/1980434973.shtml,20260325165720,,,,
155206,猎聘,能源/化工/环保,化学,医药信息沟通专员（肿瘤创新药） (MJ008745),企业职位,恒瑞医药,10000人以上,,苏州,玉林-博白县,大专,1-3年,15-25k,,,,https://www.liepin.com/job/1971752157.shtml,20250106142939,,,,
155207,猎聘,能源/化工/环保,化学,低碳ESG业务经理,企业职位,中海宏洋地产集团有限公司,1000-2000人,,苏州,南宁-青秀区,统招本科,5-10年,薪资面议,,,,https://www.liepin.com/job/1977220795.shtml,20251028182828,,,,
155208,猎聘,能源/化工/环保,化学,气化主管/工程师,企业职位,爱旭股份,10000人以上,,苏州,百色-右江区,统招本科,3-5年,12-20k,,,,https://www.liepin.com/job/1973951211.shtml,20251009162100,,,,
155209,猎聘,能源/化工/环保,化学,涂装工程师10720,企业职位,柳工机械,10000人以上,,苏州,柳州,统招本科,经验不限,8-10k,,,,https://www.liepin.com/job/1970999881.shtml,20241122163319,,,,
155210,猎聘,能源/化工/环保,化学,IVD销售经理,企业职位,广西昭达医疗器械有限公司,50-99人,,苏州,南宁-青秀区,本科,1-3年,6-11k,,,,https://www.liepin.com/job/1969053571.shtml,20240821134714,,,,
155211,猎聘,能源/化工/环保,化学,磷酸铁工艺(J10047),企业职位,桐昆集团股份有限公司,10000人以上,,苏州,河池-金城江区,大专,3-5年,20-30k,,,,https://www.liepin.com/job/1967165705.shtml,20240523143744,,,,
155212,猎聘,能源/化工/环保,化学,项目工程师（ECE）,企业职位,万维检验认证集团有限公司,100-499人,,苏州,柳州-城中区,本科,3-5年,9-13k,,,,https://www.liepin.com/job/1980491751.shtml,20260305091431,,,,
155213,猎聘,能源/化工/环保,化学,工程总监,企业职位,中国燃气控股有限公司,10000人以上,,苏州,玉林-玉州区,统招本科,5年以上,10-15k,,,,https://www.liepin.com/job/1978311247.shtml,20251107175510,,,,
155214,猎聘,能源/化工/环保,化学,安全总监,企业职位,中国燃气控股有限公司,10000人以上,,苏州,玉林-玉州区,统招本科,3年以上,10-13k,,,,https://www.liepin.com/job/1978312199.shtml,20251107175630,,,,
155215,猎聘,能源/化工/环保,化学,学术主管,企业职位,广西伟程医药科技有限公司,50-99人,,苏州,南宁-青秀区,本科,1年以上,7-12k,,,,https://www.liepin.com/job/1981497975.shtml,20260424105230,,,,
155216,猎聘,能源/化工/环保,化学,镁合金压铸技术工程师,企业职位,梧州市鸿图精密压铸有限公司,500-999人,,苏州,梧州-龙圩区,大专,2-4年,15-40k,,,,https://www.liepin.com/job/1980064915.shtml,20260128200804,,,,
155217,猎聘,能源/化工/环保,化学,教师,企业职位,桂林忠达理优教育咨询有限公司,5000-10000人,,苏州,桂林-秀峰区,本科,经验不限,10-15k,,,,https://www.liepin.com/job/1980511723.shtml,20260228115101,,,,
155218,猎聘,能源/化工/环保,化学,区域销售经理  福建广西海南,企业职位,磐诺科技,100-499人,,苏州,南宁-青秀区,本科,5年以上,25-35k·13薪,,,,https://www.liepin.com/job/1971488665.shtml,20241227135742,,,,
155219,猎聘,能源/化工/环保,化学,车间主管,企业职位,桂林平乐阳发茶业有限公司,100-499人,,苏州,桂林-平乐县,中专/中技,3年以上,4-5k,,,,https://www.liepin.com/job/1973920455.shtml,20251010150344,,,,
155220,猎聘,能源/化工/环保,化学,安全(EHS)工程师,企业职位,中集载具,1000-2000人,,苏州,防城港-港口区,统招本科,3年以上,5-9k,,,,https://www.liepin.com/job/1975409781.shtml,20251224142157,,,,
155221,猎聘,能源/化工/环保,化学,外贸业务员(J10296),企业职位,桐昆集团股份有限公司,10000人以上,,苏州,钦州-钦南区,本科,5年以上,16-25k,,,,https://www.liepin.com/job/1979763317.shtml,20260201101605,,,,
155222,猎聘,能源/化工/环保,化学,质检员,企业职位,广西贡福隆食品有限公司,50-99人,,苏州,南宁-武鸣区,大专,2年以上,4-6k,,,,https://www.liepin.com/job/1971355465.shtml,20250618101726,,,,
155223,猎聘,能源/化工/环保,化学,医药学术专员,企业职位,广西伟程医药科技有限公司,50-99人,,苏州,南宁-青秀区,大专,1-3年,6-12k,,,,https://www.liepin.com/job/1960360953.shtml,20260317152826,,,,
155224,猎聘,能源/化工/环保,化学,供应商质量工程师,企业职位,玉柴安特优动力有限公司,50-99人,,苏州,玉林-玉州区,统招本科,5年以上,6-8k,,,,https://www.liepin.com/job/1980534161.shtml,20260301150046,,,,
155225,猎聘,能源/化工/环保,化学,大区经理 华南区,企业职位,磐诺科技,100-499人,,苏州,南宁-青秀区,本科,5年以上,35-65k·13薪,,,,https://www.liepin.com/job/1971486815.shtml,20241227135742,,,,
155226,猎聘,能源/化工/环保,化学,SQE工程师,企业职位,广西宸宇新材料有限公司,100-499人,,苏州,玉林-博白县,本科,3-5年,10-15k,,,,https://www.liepin.com/job/1979015233.shtml,20251209135433,,,,
155227,猎聘,能源/化工/环保,化学,养殖技术员,企业职位,深圳侠时代餐饮管理咨询有限公司,2000-5000人,,苏州,南宁-青秀区,大专,3年以上,8-10k,,,,https://www.liepin.com/job/1981194487.shtml,20260324144334,,,,
155228,猎聘,能源/化工/环保,化学,销售经理（全国各省）,企业职位,重庆黄嘉生物技术有限公司,50-99人,,苏州,南宁-西乡塘区,本科,1-3年,5-10k,,,,https://www.liepin.com/job/1980332943.shtml,20260214104815,,,,
155229,猎聘,能源/化工/环保,化学,研发工程师,企业职位,广西和顺食品科技有限公司,100-499人,,苏州,柳州-柳北区,中专/中技,1-3年,8-10k,,,,https://www.liepin.com/job/1980729627.shtml,20260307132204,,,,
155230,猎聘,能源/化工/环保,化学,体系认证工程师,企业职位,广西中食安检测认证服务有限公司,1-49人,,苏州,南宁-青秀区,本科,经验不限,10-15k,,,,https://www.liepin.com/job/1978163381.shtml,20251103091435,,,,
155231,猎聘,能源/化工/环保,化学,高级销售经理,企业职位,南宁市泽威尔饲料有限责任公司,100-499人,,苏州,南宁-青秀区,大专,1-3年,3-8k·14薪,,,,https://www.liepin.com/job/1948839179.shtml,20220412143418,,,,
155232,猎聘,能源/化工/环保,化学,营销总监,企业职位,广西信义方达科技有限公司,1-49人,,苏州,南宁-西乡塘区,本科,5-10年,8-13k·13薪,,,,https://www.liepin.com/job/1976830867.shtml,20250828225556,,,,
155233,猎聘,能源/化工/环保,化学,QA主管,企业职位,小藻科技(安吉)有限公司,100-499人,,苏州,防城港,本科,3年以上,6-10k,,,,https://www.liepin.com/job/1981142597.shtml,20260326114103,,,,
155234,猎聘,能源/化工/环保,化学,食品检验员,企业职位,广西鲜食汇食品有限公司,1-49人,,苏州,南宁-良庆区,本科,经验不限,5-8k,,,,https://www.liepin.com/job/1976432853.shtml,20250812160737,,,,
155235,猎聘,能源/化工/环保,化学,产品研发工程师,企业职位,海天味业,5000-10000人,,苏州,南宁-武鸣区,硕士,3年以上,12-18k·13薪,,,,https://www.liepin.com/job/1976294161.shtml,20250806131139,,,,
155236,猎聘,能源/化工/环保,化学,技术研发工程师,企业职位,海天味业,5000-10000人,,苏州,南宁-武鸣区,博士,3-5年,35-45k,,,,https://www.liepin.com/job/1976294205.shtml,20250806131342,,,,
155237,猎聘,能源/化工/环保,化学,环保工程师,企业职位,建滔(北海)实业有限公司,100-499人,,苏州,北海-铁山港区,本科,3年以上,12-15k,,,,https://www.liepin.com/job/1980574961.shtml,20260303081143,,,,
155238,猎聘,能源/化工/环保,化学,制浆值长,企业职位,玖龙纸业(控股)有限公司,10000人以上,,苏州,北海-铁山港区,中专/中技,3-5年,12-13k·14薪,,,,https://www.liepin.com/job/1956850025.shtml,20251118080335,,,,
155239,猎聘,能源/化工/环保,化学,HSE安全总监,企业职位,中国燃气控股有限公司,10000人以上,,苏州,南宁-江南区,统招本科,10年以上,12-15k·18薪,,,,https://www.liepin.com/job/1978722447.shtml,20251126093329,,,,
155240,猎聘,能源/化工/环保,化学,水污染处理运营经理,企业职位,福建龙净环保股份有限公司,5000-10000人,,苏州,防城港-上思县,大专,5-10年,8-12k,,,,https://www.liepin.com/job/1976404977.shtml,20250811180238,,,,
155241,猎聘,能源/化工/环保,化学,理科经验老师-985/211学历【年薪20-40W+】,企业职位,答牛课堂,50-99人,,苏州,南宁-青秀区,本科,3年以上,20-40k,,,,https://www.liepin.com/job/1974575875.shtml,20250627190822,,,,
155242,猎聘,能源/化工/环保,化学,在线监测技术员/实验员,企业职位,广西信义方达科技有限公司,1-49人,,苏州,崇左,本科,经验不限,3-7k·13薪,,,,https://www.liepin.com/job/1976813161.shtml,20250828130543,,,,
155243,猎聘,能源/化工/环保,化学,细胞实验主管,企业职位,南宁云幂方生物医药技术有限责任公司,50-99人,,苏州,南宁,硕士,4-6年,6-10k,,,,https://www.liepin.com/job/1971727087.shtml,20250815142124,,,,
155244,猎聘,能源/化工/环保,化学,医药代表,企业职位,广西念响医药科技有限公司,,,苏州,南宁-青秀区,大专,经验不限,7-12k,,,,https://www.liepin.com/job/1978986701.shtml,20251208145406,,,,
155245,猎聘,能源/化工/环保,化学,客服专员,企业职位,广西科尔科技集团有限公司,1-49人,,苏州,百色-右江区,大专,2年以上,4-5k,,,,https://www.liepin.com/job/1979763831.shtml,20260114161708,,,,
155246,猎聘,能源/化工/环保,化学,食品检测业务总监,企业职位,广电计量检测集团股份有限公司,2000-5000人,,苏州,南宁-西乡塘区,本科,5年以上,15-16k,,,,https://www.liepin.com/job/1972807527.shtml,20260104114434,,,,
155247,猎聘,能源/化工/环保,化学,QA,企业职位,广西天铭药业有限公司,100-499人,,苏州,河池,大专,1-3年,5-6k,,,,https://www.liepin.com/job/1967259009.shtml,20250523164035,,,,
155248,猎聘,能源/化工/环保,化学,初高中全科兼职教师,企业职位,广西前瞻国际教育投资有限公司,1-49人,,苏州,南宁,本科,经验不限,4-7k,,,,https://www.liepin.com/job/1979588193.shtml,20260107085158,,,,
155249,猎聘,能源/化工/环保,化学,环境监测工程师,企业职位,广西浩正检测服务有限公司,50-99人,,苏州,南宁-西乡塘区,本科,3年以上,6-8k,,,,https://www.liepin.com/job/1977803005.shtml,20251016114449,,,,
155250,猎聘,能源/化工/环保,化学,工业安全员,企业职位,中核凯利深圳核能服务股份有限公司防城港分公司,100-499人,,苏州,防城港-港口区,统招本科,3-5年,6-8k,,,,https://www.liepin.com/job/1976883387.shtml,20251014174615,,,,
155251,猎聘,能源/化工/环保,化学,车间主任,企业职位,广西天铭药业有限公司,100-499人,,苏州,河池,大专,5-10年,10-15k,,,,https://www.liepin.com/job/1967258809.shtml,20240528092121,,,,
155252,猎聘,能源/化工/环保,化学,初中数学学科负责人,企业职位,答牛课堂,50-99人,,苏州,南宁-青秀区,本科,3年以上,20-40k,,,,https://www.liepin.com/job/1974576069.shtml,20250627190822,,,,
155253,猎聘,能源/化工/环保,化学,项目负责人,企业职位,广西中油能源有限公司柳州分公司,1-49人,,苏州,南宁-西乡塘区,统招本科,5年以上,10-15k,,,,https://www.liepin.com/job/1977011103.shtml,20250905141914,,,,
155254,猎聘,能源/化工/环保,化学,防腐工程师,企业职位,中核凯利深圳核能服务股份有限公司防城港分公司,100-499人,,苏州,防城港-港口区,大专,2年以上,6-8k,,,,https://www.liepin.com/job/1976882819.shtml,20251014174615,,,,
155255,猎聘,能源/化工/环保,化学,销售经理/主管（计量业务）,企业职位,广西科尔科技集团有限公司,1-49人,,苏州,南宁-西乡塘区,大专,3年以上,5-10k,,,,https://www.liepin.com/job/1979806853.shtml,20260116105021,,,,
155256,猎聘,能源/化工/环保,化学,生产储备干部,企业职位,广西天铭药业有限公司,100-499人,,苏州,河池,大专,经验不限,4-6k,,,,https://www.liepin.com/job/1940300489.shtml,20220505170617,,,,
155257,猎聘,能源/化工/环保,化学,医疗器械招商经理（广西）,企业职位,卓外(上海)医疗电子科技有限公司,100-499人,,苏州,南宁-青秀区,大专,3年以上,7-10k,,,,https://www.liepin.com/job/1976926883.shtml,20250902171542,,,,
155258,猎聘,能源/化工/环保,化学,品控总监,猎头职位,某深圳食品/饮料/酒水公司,100-499人,,苏州,河池-巴马县,本科,10年以上,25-40k,,,,https://www.liepin.com/a/76553051.shtml,20260609085232,,,,
155259,猎聘,能源/化工/环保,化学,品控副总监（饮用水 矿泉水）,猎头职位,某深圳食品/饮料/酒水公司,100-499人,,苏州,河池,本科,经验不限,25-40k,,,,https://www.liepin.com/a/76552621.shtml,20260609084327,,,,
155260,猎聘,能源/化工/环保,化学,青年科学家(药物化学方向),企业职位,华大集团,10000人以上,,长沙,三亚-崖州区,博士,2年以上,20-40k,,,,https://www.liepin.com/job/1977912377.shtml,20260608104705,,,,
155261,猎聘,能源/化工/环保,化学,初中科学老师（生物化学方向）,企业职位,海口市琼山区英雅学校,100-499人,,长沙,海口-琼山区,统招本科,3-5年,10-20k,,,,https://www.liepin.com/job/1981699839.shtml,20260603165257,,,,
155262,猎聘,能源/化工/环保,化学,化学分析员,企业职位,湖北省芊项斯传媒有限公司,50-99人,,长沙,海口-秀英区,大专,1年以上,8-12k·13薪,,,,https://www.liepin.com/job/1982091743.shtml,20260609134258,,,,
155263,猎聘,能源/化工/环保,化学,双语化学教师,企业职位,某国内其他商务服务业公司,1-49人,,长沙,陵水县,硕士,3-5年,20-25k,,,,https://www.liepin.com/a/74021679.shtml,20260402135032,,,,
155264,猎聘,能源/化工/环保,化学,双语ALEVEL化学教师,企业职位,北京外国语大学附属海南外国语学校,2000-5000人,,长沙,澄迈县,本科,3-5年,12-25k,,,,https://www.liepin.com/job/1967810575.shtml,20240816103422,,,,
155265,猎聘,能源/化工/环保,化学,化学原料药销售,企业职位,安信医药,100-499人,,长沙,海口,大专,1-3年,6-15k,,,,https://www.liepin.com/job/1966690463.shtml,20240507171553,,,,
155266,猎聘,能源/化工/环保,化学,双语化学教师,企业职位,海南微城未来教育学校,100-499人,,长沙,澄迈县,硕士,经验不限,12-25k·13薪,,,,https://www.liepin.com/job/1970581691.shtml,20241101194811,,,,
155267,猎聘,能源/化工/环保,化学,初中物理化学教师,企业职位,德弘教育(万宁)有限责任公司,1-49人,,长沙,万宁,大专,经验不限,3-6k,,,,https://www.liepin.com/job/1965427169.shtml,20240313112347,,,,
155268,猎聘,能源/化工/环保,化学,中学数学/语文/物理/化学教师,企业职位,海南环球雅思教育资讯有限公司,50-99人,,长沙,海口-龙华区,本科,1-3年,4-6k,,,,https://www.liepin.com/job/1915752497.shtml,20181119101327,,,,
155269,猎聘,能源/化工/环保,化学,化学教师,企业职位,北京外国语大学附属海南外国语学校,2000-5000人,,长沙,澄迈县,本科,3-5年,8-18k,,,,https://www.liepin.com/job/1971554519.shtml,20241223091620,,,,
155270,猎聘,能源/化工/环保,化学,化学教师,企业职位,海口市龙华区新东方教育培训中心,100-499人,,长沙,海口-琼山区,本科,经验不限,7-12k,,,,https://www.liepin.com/job/1972774753.shtml,20250710165757,,,,
155271,猎聘,能源/化工/环保,化学,中学个性化各科教师 (语文/数学/英语/物理/化学/政治/历史/地理）,企业职位,海口市龙华区新东方教育培训中心,100-499人,,长沙,海口-琼山区,本科,经验不限,7-12k,,,,https://www.liepin.com/job/1972504079.shtml,20250219091118,,,,
155272,猎聘,能源/化工/环保,化学,原料药生产总监,企业职位,某国内制药公司,100-499人,,长沙,海口,本科,10年以上,25-50k,,,,https://www.liepin.com/a/76298061.shtml,20260602104457,,,,
155273,猎聘,能源/化工/环保,化学,生产总监/经理,企业职位,某国内制药公司,100-499人,,长沙,海口,本科,10年以上,25-50k,,,,https://www.liepin.com/a/73892745.shtml,20260609122618,,,,
155274,猎聘,能源/化工/环保,化学,【海洋监测技术主管】,企业职位,三亚智投国际咨询服务有限公司,100-499人,,长沙,三亚-崖州区,本科,5年以上,7-10k,,,,https://www.liepin.com/job/1982620893.shtml,20260524183946,,,,
155275,猎聘,能源/化工/环保,化学,质量负责人（无菌）,企业职位,某国内制药公司,100-499人,,长沙,海口,本科,5-10年,29-40k,,,,https://www.liepin.com/a/75098531.shtml,20260608135947,,,,
155276,猎聘,能源/化工/环保,化学,检验检测实验室经理（国企）,企业职位,某国内大型其他商务服务业公司,500-999人,,长沙,三亚,统招本科,8年以上,15-18k·14薪,,,,https://www.liepin.com/a/75712417.shtml,20260515140343,,,,
155277,猎聘,能源/化工/环保,化学,数智化项目经理（MES制药行业）,企业职位,某国内大型制药公司,10000人以上,,长沙,海口,统招本科,经验不限,25-40k,,,,https://www.liepin.com/a/76421389.shtml,20260604161910,,,,
155278,猎聘,能源/化工/环保,化学,海洋监测技术主管-科城才智,企业职位,三亚科城教育有限公司,1-49人,,长沙,三亚-崖州区,本科,5年以上,8-10k,,,,https://www.liepin.com/job/1982726331.shtml,20260521103008,,,,
155279,猎聘,能源/化工/环保,化学,质量负责人,企业职位,某国内制药公司,100-499人,,长沙,海口,本科,10年以上,30-40k,,,,https://www.liepin.com/a/75032567.shtml,20260604150144,,,,
155280,猎聘,能源/化工/环保,化学,MES实施顾问,企业职位,某国内大型制药公司,10000人以上,,长沙,海口,统招本科,5-10年,30-45k,,,,https://www.liepin.com/a/73876723.shtml,20260603165958,,,,
155281,猎聘,能源/化工/环保,化学,土壤检测技术主管,企业职位,三亚智投国际咨询服务有限公司,100-499人,,长沙,三亚-崖州区,本科,5年以上,7-10k,,,,https://www.liepin.com/job/1982620599.shtml,20260518151330,,,,
155282,猎聘,能源/化工/环保,化学,土壤检测技术主管-科城才智,企业职位,三亚科城教育有限公司,1-49人,,长沙,三亚-崖州区,本科,5年以上,8-10k,,,,https://www.liepin.com/job/1982726361.shtml,20260521102949,,,,
155283,猎聘,能源/化工/环保,化学,质量总监,企业职位,海南海灵化学制药有限公司,500-999人,,长沙,海口-秀英区,本科,10年以上,30-40k,,,,https://www.liepin.com/job/1983059993.shtml,20260602105234,,,,
155284,猎聘,能源/化工/环保,化学,算法工程师,企业职位,华大集团,10000人以上,,长沙,三亚-崖州区,博士,经验不限,18-25k,,,,https://www.liepin.com/job/1982973101.shtml,20260608104705,,,,
155285,猎聘,能源/化工/环保,化学,科研助理 （建筑材料与固废利用方向）,企业职位,海钢集团,100-499人,,长沙,昌江县,本科,2年以上,7-10k,,,,https://www.liepin.com/job/1980656271.shtml,20260601083908,,,,
155286,猎聘,能源/化工/环保,化学,储备管理人才,企业职位,京润珍珠,100-499人,,长沙,海口,本科,1年以下,5-7k,,,,https://www.liepin.com/job/1974634235.shtml,20260526084346,,,,
155287,猎聘,能源/化工/环保,化学,技术总工,企业职位,某沈阳专业服务公司,1-49人,,长沙,儋州,本科,5-10年,30-60k,,,,https://www.liepin.com/a/73293987.shtml,20260513085334,,,,
155288,猎聘,能源/化工/环保,化学,质量负责人（国际认证方向）,企业职位,某国内制药公司,100-499人,,长沙,海口,统招本科,5-10年,40-55k,,,,https://www.liepin.com/a/74982855.shtml,20260609173512,,,,
155289,猎聘,能源/化工/环保,化学,药品国际注册经理,企业职位,某知名公司,1000-2000人,,长沙,海口,统招本科,5-10年,25-30k·13薪,,,,https://www.liepin.com/a/75789117.shtml,20260609090630,,,,
155290,猎聘,能源/化工/环保,化学,质量总监,企业职位,某国内大型制药公司,500-999人,,长沙,海口,统招本科,10年以上,30-50k·14薪,,,,https://www.liepin.com/a/75696747.shtml,20260515091640,,,,
155291,猎聘,能源/化工/环保,化学,外贸业务主管,企业职位,东方科学仪器上海进出口有限公司,100-499人,,长沙,三亚-崖州区,本科,经验不限,8-13k,,,,https://www.liepin.com/job/1958916237.shtml,20231027093542,,,,
155292,猎聘,能源/化工/环保,化学,外销总经理,企业职位,某青岛人力资源服务公司,1-49人,,长沙,海口,统招本科,8年以上,60-90k,,,,https://www.liepin.com/a/76288865.shtml,20260609111804,,,,
155293,猎聘,能源/化工/环保,化学,制药MES项目经理/工程师（头部制药大集团）,企业职位,某上海大型制药公司,10000人以上,,长沙,海口,学历不限,5-10年,25-45k,,,,https://www.liepin.com/a/74580977.shtml,20260526104920,,,,
155294,猎聘,能源/化工/环保,化学,质量负责人（无菌制剂）,企业职位,某国内制药公司,100-499人,,长沙,海口,统招本科,3-5年,30-50k,,,,https://www.liepin.com/a/74983919.shtml,20260609092208,,,,
155295,猎聘,能源/化工/环保,化学,公共事务经理,企业职位,海南泰迪医药有限公司,100-499人,,长沙,海口-秀英区,统招本科,3年以上,10-15k,,,,https://www.liepin.com/job/1981026373.shtml,20260609082911,,,,
155296,猎聘,能源/化工/环保,化学,质量负责人（国际认证方向）,企业职位,某国内制药公司,100-499人,,长沙,海口,统招本科,5-10年,29-40k,,,,https://www.liepin.com/a/74987173.shtml,20260609084331,,,,
155297,猎聘,能源/化工/环保,化学,质量负责人（国际认证方向）,企业职位,某大型知名制药公司,5000-10000人,,长沙,海口,统招本科,10年以上,25-30k·14薪,,,,https://www.liepin.com/a/74707719.shtml,20260416103000,,,,
155298,猎聘,能源/化工/环保,化学,饲料品管经理,企业职位,新希望六和股份有限公司,10000人以上,,长沙,澄迈县,统招本科,3年以上,8-12k·15薪,,,,https://www.liepin.com/job/1979807353.shtml,20260519161902,,,,
155299,猎聘,能源/化工/环保,化学,现场采样员,企业职位,海之源环境科技(海南)有限公司,50-99人,,长沙,海口-龙华区,大专,1-3年,3-4k,,,,https://www.liepin.com/job/1970574025.shtml,20241101151430,,,,
155300,猎聘,能源/化工/环保,化学,低温化验组质检员,企业职位,海南国际商业航天发射有限公司,100-499人,,长沙,文昌,本科,经验不限,薪资面议,,,,https://www.liepin.com/job/1981094671.shtml,20260319173401,,,,
155301,猎聘,能源/化工/环保,化学,药品注册主管,企业职位,华益泰康药业,100-499人,,长沙,海口-秀英区,本科,5年以上,8-12k,,,,https://www.liepin.com/job/1979527677.shtml,20260105101135,,,,
155302,猎聘,能源/化工/环保,化学,常规化验组质检员,企业职位,海南国际商业航天发射有限公司,100-499人,,长沙,文昌,本科,经验不限,薪资面议,,,,https://www.liepin.com/job/1981094393.shtml,20260319172913,,,,
155303,猎聘,能源/化工/环保,化学,质量负责人,企业职位,某国内大型制药公司,500-999人,,长沙,海口,硕士,5-10年,40-50k·13薪,,,,https://www.liepin.com/a/75307151.shtml,20260506161159,,,,
155304,猎聘,能源/化工/环保,化学,大客户销售（医药/医疗器械第三方检测）,企业职位,微谱,1000-2000人,,长沙,海口-秀英区,大专,经验不限,10-15k·13薪,,,,https://www.liepin.com/job/1968904205.shtml,20260109175802,,,,
155305,猎聘,能源/化工/环保,化学,建工检测员,企业职位,中恒和信,50-99人,,长沙,海口-琼山区,大专,经验不限,4-8k,,,,https://www.liepin.com/job/1972034039.shtml,20251014162329,,,,
155306,猎聘,能源/化工/环保,化学,质量总监（无菌制剂）,企业职位,某国内大型制药公司,1000-2000人,,长沙,海口,统招本科,10年以上,25-50k·14薪,,,,https://www.liepin.com/a/75876279.shtml,20260609084215,,,,
155307,猎聘,能源/化工/环保,化学,药物合成,企业职位,万全医药,1000-2000人,,长沙,海口-秀英区,本科,经验不限,9-14k,,,,https://www.liepin.com/job/1980034303.shtml,20260127173623,,,,
155308,猎聘,能源/化工/环保,化学,生物材料博士,企业职位,海南苏生生物科技有限公司,50-99人,,长沙,海口-秀英区,博士,经验不限,20-30k,,,,https://www.liepin.com/job/1976381563.shtml,20260428180239,,,,
155309,猎聘,能源/化工/环保,化学,生产基地副/总经理（药业）,企业职位,康芝药业股份有限公司,1000-2000人,,长沙,海口-秀英区,本科,8年以上,25-35k,,,,https://www.liepin.com/job/1982610567.shtml,20260609083854,,,,
155310,猎聘,能源/化工/环保,化学,MES实施顾问,企业职位,某国内大型制药公司,1000-2000人,,长沙,海口,硕士,8年以上,25-40k,,,,https://www.liepin.com/a/74494077.shtml,20260410142156,,,,
155311,猎聘,能源/化工/环保,化学,售后运维（海南）,企业职位,上海北裕分析仪器股份有限公司,50-99人,,长沙,海口-秀英区,本科,3-5年,5-8k,,,,https://www.liepin.com/job/1976330503.shtml,20250807151055,,,,
155312,猎聘,能源/化工/环保,化学,专利代理人,企业职位,海南汉普知识产权集团有限公司,50-99人,,长沙,海口,本科,1-3年,7-15k,,,,https://www.liepin.com/job/1967639889.shtml,20250225111207,,,,
155313,猎聘,能源/化工/环保,化学,环境检测员,企业职位,海南硕清技术检测有限公司,50-99人,,长沙,三亚-吉阳区,大专,经验不限,5-7k,,,,https://www.liepin.com/job/1959944335.shtml,20230712131333,,,,
155314,猎聘,能源/化工/环保,化学,环境监测技术员,企业职位,中核凯利深圳核能服务股份有限公司海南分公司,100-499人,,长沙,昌江县,大专,3年以上,3-4k,,,,https://www.liepin.com/job/1970578225.shtml,20241101165704,,,,
155315,猎聘,能源/化工/环保,化学,检测分析员,企业职位,海之源环境科技(海南)有限公司,50-99人,,长沙,海口-龙华区,大专,1-3年,3-4k,,,,https://www.liepin.com/job/1970573849.shtml,20241101151003,,,,
155316,猎聘,能源/化工/环保,化学,水质化验员,企业职位,江苏彬鹏环保有限公司,100-499人,,长沙,文昌,中专/中技,1年以下,3-5k,,,,https://www.liepin.com/job/1934470417.shtml,20210521135350,,,,
155317,猎聘,能源/化工/环保,化学,质量负责人（无菌制剂）,企业职位,某国内制药公司,100-499人,,长沙,海口,统招本科,5-10年,30-50k,,,,https://www.liepin.com/a/74984083.shtml,20260609105310,,,,
155318,猎聘,能源/化工/环保,化学,QA质量经理,企业职位,海南泰迪医药有限公司,100-499人,,长沙,海口-秀英区,本科,5年以上,7-10k,,,,https://www.liepin.com/job/1983021909.shtml,20260604090200,,,,
155319,猎聘,能源/化工/环保,化学,基地总经理,企业职位,某国内大型制药公司,5000-10000人,,长沙,海口,本科,10年以上,25-35k,,,,https://www.liepin.com/a/75765419.shtml,20260609101532,,,,
155320,猎聘,能源/化工/环保,化学,样品管理员,企业职位,三亚智投国际咨询服务有限公司,100-499人,,长沙,三亚-崖州区,本科,2年以上,6-8k,,,,https://www.liepin.com/job/1981598999.shtml,20260409093844,,,,
155321,猎聘,能源/化工/环保,化学,初中生、化、物、地、历、道法老师/教研员,企业职位,某国内大型学校教育公司,500-999人,,长沙,儋州,本科,10年以上,10-11k,,,,https://www.liepin.com/a/74998769.shtml,20260423162058,,,,
155322,猎聘,能源/化工/环保,化学,药物分析高级总监(J10567),企业职位,齐鲁制药集团,10000人以上,,长沙,海口-秀英区,博士,10年以上,薪资面议,,,,https://www.liepin.com/job/1969947805.shtml,20260417132516,,,,
155323,猎聘,能源/化工/环保,化学,进口药品采购员,企业职位,海南兴科蓉药业有限公司,100-499人,,长沙,海口-秀英区,本科,1-3年,4-6k,,,,https://www.liepin.com/job/1982986319.shtml,20260529151055,,,,
155324,猎聘,能源/化工/环保,化学,高中化学、生物、物理、历史、地理、数学老师/教研员,企业职位,某国内大型学校教育公司,500-999人,,长沙,儋州,学历不限,10年以上,10-11k,,,,https://www.liepin.com/a/74998947.shtml,20260423162318,,,,
155325,猎聘,能源/化工/环保,化学,研发/QC人员,企业职位,海南天壮营养工程有限公司,50-99人,,长沙,海口-秀英区,硕士,经验不限,5-7k,,,,https://www.liepin.com/job/1982372895.shtml,20260509103217,,,,
155326,猎聘,能源/化工/环保,化学,注射剂研发高级总监(J10565),企业职位,齐鲁制药集团,10000人以上,,长沙,海口-秀英区,博士,10年以上,薪资面议,,,,https://www.liepin.com/job/1969945877.shtml,20260417132516,,,,
155327,猎聘,能源/化工/环保,化学,改良型制剂研发博士(J10566),企业职位,齐鲁制药集团,10000人以上,,长沙,海口-秀英区,博士,5-10年,薪资面议,,,,https://www.liepin.com/job/1969947267.shtml,20260417132516,,,,
155328,猎聘,能源/化工/环保,化学,理化表征分析博士(J10568),企业职位,齐鲁制药集团,10000人以上,,长沙,海口-秀英区,博士,5-10年,薪资面议,,,,https://www.liepin.com/job/1969948071.shtml,20260417132522,,,,
155329,猎聘,能源/化工/环保,化学,销售经理（海南）,企业职位,北京普析通用仪器有限责任公司,5000-10000人,,长沙,海口-秀英区,本科,1年以上,9-14k,,,,https://www.liepin.com/job/1982338353.shtml,20260526102133,,,,
155330,猎聘,能源/化工/环保,化学,口服制剂高级总监(J10564),企业职位,齐鲁制药集团,10000人以上,,长沙,海口-秀英区,博士,10年以上,薪资面议,,,,https://www.liepin.com/job/1969944945.shtml,20260417132516,,,,
155331,猎聘,能源/化工/环保,化学,药厂生产厂长（筹建期）,企业职位,一龄医院管理集团有限公司,1000-2000人,,长沙,琼海,本科,5年以上,15-25k,,,,https://www.liepin.com/job/1981368329.shtml,20260331092130,,,,
155332,猎聘,能源/化工/环保,化学,安全生产综合监督管理岗,企业职位,海南国际商业航天发射有限公司,100-499人,,长沙,文昌,硕士,5年以上,薪资面议,,,,https://www.liepin.com/job/1981082263.shtml,20260319142237,,,,
155333,猎聘,能源/化工/环保,化学,复杂注射剂分析博士(J10569),企业职位,齐鲁制药集团,10000人以上,,长沙,海口-秀英区,博士,5-10年,40-70k,,,,https://www.liepin.com/job/1969948257.shtml,20260417132522,,,,
155334,猎聘,能源/化工/环保,化学,国际研发总监,企业职位,万全医药,1000-2000人,,长沙,海口,本科,5-10年,15-20k,,,,https://www.liepin.com/job/1981365777.shtml,20260330234328,,,,
155335,猎聘,能源/化工/环保,化学,制剂研究,企业职位,齐鲁制药集团,10000人以上,,长沙,海口-秀英区,博士,5-10年,薪资面议,,,,https://www.liepin.com/job/1972071167.shtml,20260417132522,,,,
155336,猎聘,能源/化工/环保,化学,销售主管,企业职位,广州博鹭腾生物科技有限公司,50-99人,,长沙,三亚-崖州区,本科,2年以上,8-16k,,,,https://www.liepin.com/job/1974456401.shtml,20250702142033,,,,
155337,猎聘,能源/化工/环保,化学,业务岗,企业职位,海南国际商业航天发射有限公司,100-499人,,长沙,文昌,硕士,3年以上,薪资面议,,,,https://www.liepin.com/job/1981080783.shtml,20260319140025,,,,
155338,猎聘,能源/化工/环保,化学,品控技术员,企业职位,海南晟延农业投资有限公司,50-99人,,长沙,海口-琼山区,本科,3-5年,4-6k,,,,https://www.liepin.com/job/1961433707.shtml,20260521163109,,,,
155339,猎聘,能源/化工/环保,化学,理化QC,企业职位,倍特药业,5000-10000人,,长沙,海口-秀英区,本科,1-3年,5-8k,,,,https://www.liepin.com/job/1947542993.shtml,20260414130722,,,,
155340,猎聘,能源/化工/环保,化学,材料工程师,企业职位,海南维力医疗科技开发有限公司,100-499人,,长沙,海口-秀英区,本科,1年以上,5-7k·13薪,,,,https://www.liepin.com/job/1975627917.shtml,20260224163826,,,,
155341,猎聘,能源/化工/环保,化学,质量负责人（国际认证方向）,企业职位,倍特药业,5000-10000人,,长沙,海口-秀英区,本科,5-10年,10-20k,,,,https://www.liepin.com/job/1976688679.shtml,20260417161146,,,,
155342,猎聘,能源/化工/环保,化学,客户经理（社招）(J11313),企业职位,圣和药业股份,2000-5000人,,长沙,海口-秀英区,本科,1-3年,10-15k,,,,https://www.liepin.com/job/1964571155.shtml,20241031140120,,,,
155343,猎聘,能源/化工/环保,化学,高中化学教师,企业职位,海南微城未来教育学校,100-499人,,长沙,澄迈县,硕士,经验不限,12-25k·13薪,,,,https://www.liepin.com/job/1970581679.shtml,20260228105427,,,,
155344,猎聘,能源/化工/环保,化学,生产负责人（国际认证方向）,企业职位,倍特药业,5000-10000人,,长沙,海口-秀英区,本科,7年以上,10-20k,,,,https://www.liepin.com/job/1976687113.shtml,20260507161840,,,,
155345,猎聘,能源/化工/环保,化学,医药代表,企业职位,恒瑞医药,10000人以上,,长沙,海口-秀英区,大专,1-3年,12-20k,,,,https://www.liepin.com/job/1979769577.shtml,20260114182319,,,,
155346,猎聘,能源/化工/环保,化学,原料药生产总监,企业职位,海南中和药业股份有限公司,100-499人,,长沙,海口-龙华区,统招本科,5年以上,20-30k,,,,https://www.liepin.com/job/1975910091.shtml,20251013093151,,,,
155347,猎聘,能源/化工/环保,化学,行业分析师,企业职位,上海百福资科技有限公司,50-99人,,长沙,三亚-吉阳区,本科,经验不限,3-8k,,,,https://www.liepin.com/job/1980274293.shtml,20260210145649,,,,
155348,猎聘,能源/化工/环保,化学,高中化学教师,企业职位,海口市琼山区英雅学校,100-499人,,长沙,海口-琼山区,本科,经验不限,6-11k·13薪,,,,https://www.liepin.com/job/1976228601.shtml,20250804113556,,,,
155349,猎聘,能源/化工/环保,化学,投资VP/总监,企业职位,道远资本,1-49人,,长沙,海口-秀英区,本科,经验不限,薪资面议,,,,https://www.liepin.com/job/1974248563.shtml,20260507101358,,,,
155350,猎聘,能源/化工/环保,化学,污水站主任,企业职位,罗牛山,2000-5000人,,长沙,海口-美兰区,大专,3年以上,7-10k,,,,https://www.liepin.com/job/1982041053.shtml,20260423170217,,,,
155351,猎聘,能源/化工/环保,化学,生产经理,企业职位,海南建邦制药科技有限公司,100-499人,,长沙,海口-龙华区,本科,3-5年,11-16k,,,,https://www.liepin.com/job/1979533107.shtml,20260105113805,,,,
155352,猎聘,能源/化工/环保,化学,生产主管（定安）,企业职位,海南建邦制药科技有限公司,100-499人,,长沙,海口-龙华区,本科,3-5年,7-14k,,,,https://www.liepin.com/job/1979533065.shtml,20260105113716,,,,
155353,猎聘,能源/化工/环保,化学,初中科学教师,企业职位,海南微城未来教育学校,100-499人,,长沙,澄迈县,硕士,经验不限,12-25k·13薪,,,,https://www.liepin.com/job/1970581661.shtml,20241101194256,,,,
155354,猎聘,能源/化工/环保,化学,博士/博士后,企业职位,海南建邦制药科技有限公司,100-499人,,长沙,海口-龙华区,博士,经验不限,25-30k,,,,https://www.liepin.com/job/1978081777.shtml,20251029120530,,,,
155355,猎聘,能源/化工/环保,化学,国际注册经理（英语）,企业职位,海南建邦制药科技有限公司,100-499人,,长沙,海口-龙华区,本科,3-5年,10-15k,,,,https://www.liepin.com/job/1979533297.shtml,20260105114118,,,,
155356,猎聘,能源/化工/环保,化学,MES实施顾问,企业职位,某国内大型制药公司,1000-2000人,,长沙,海口,统招本科,5-10年,25-50k,,,,https://www.liepin.com/a/74050189.shtml,20260429121252,,,,
155357,猎聘,能源/化工/环保,化学,MES实施顾问,企业职位,某国内大型制药公司,1000-2000人,,长沙,海口,统招本科,5-10年,25-50k,,,,https://www.liepin.com/a/74050191.shtml,20260429121252,,,,
155358,猎聘,能源/化工/环保,化学,资深电解槽工程师,企业职位,氢海能源(海南)集团有限公司,50-99人,,长沙,澄迈县,本科,3年以上,7-13k,,,,https://www.liepin.com/job/1981920019.shtml,20260424111214,,,,
155359,猎聘,能源/化工/环保,化学,生产经理,企业职位,海南建邦制药科技有限公司,100-499人,,长沙,定安县,本科,3-5年,11-16k,,,,https://www.liepin.com/job/1979533109.shtml,20260105113805,,,,
155360,猎聘,能源/化工/环保,化学,生产主管（定安）,企业职位,海南建邦制药科技有限公司,100-499人,,长沙,定安县,本科,3-5年,7-14k,,,,https://www.liepin.com/job/1979533063.shtml,20260105113716,,,,
155361,猎聘,能源/化工/环保,化学,污水操作员,企业职位,友盛(海南)城市服务有限公司,1-49人,,长沙,三亚-吉阳区,中专/中技,1-3年,4-5k,,,,https://www.liepin.com/job/1979163685.shtml,20251216094518,,,,
155362,猎聘,能源/化工/环保,化学,质量管理总监/经理/主管,企业职位,海南泰迪医药有限公司,100-499人,,长沙,海口-秀英区,本科,3-5年,8-10k,,,,https://www.liepin.com/job/1975832355.shtml,20250925100810,,,,
155363,猎聘,能源/化工/环保,化学,医疗器械研发工程师,企业职位,赛灵药业科技集团,100-499人,,长沙,海口-秀英区,本科,3年以上,9-18k,,,,https://www.liepin.com/job/1979959613.shtml,20260123113107,,,,
155364,猎聘,能源/化工/环保,化学,文检鉴定人,企业职位,海南明鉴鉴定评估有限公司,1-49人,,长沙,海口-美兰区,本科,5-10年,8-15k,,,,https://www.liepin.com/job/1968830197.shtml,20240805172301,,,,
155365,猎聘,能源/化工/环保,化学,医美产品研发经理,企业职位,赛灵药业科技集团,100-499人,,长沙,海口-秀英区,本科,8年以上,12-24k,,,,https://www.liepin.com/job/1979955857.shtml,20260123101918,,,,
155366,猎聘,能源/化工/环保,化学,制药质量负责人,企业职位,海南丰恺思制药有限公司,50-99人,,长沙,海口-龙华区,本科,5-10年,15-16k,,,,https://www.liepin.com/job/1979381065.shtml,20251225154712,,,,
155367,猎聘,能源/化工/环保,化学,文书鉴定人,企业职位,海南明鉴鉴定评估有限公司,1-49人,,长沙,海口-美兰区,本科,经验不限,8-12k,,,,https://www.liepin.com/job/1968662069.shtml,20240805172106,,,,
155368,猎聘,能源/化工/环保,化学,技术中心（海南）负责人,企业职位,厦门华特集团有限责任公司,1000-2000人,,长沙,海口-美兰区,统招本科,8年以上,15-20k·16薪,,,,https://www.liepin.com/job/1970352067.shtml,20241022154357,,,,
155369,猎聘,能源/化工/环保,化学,质量管理总监/经理/主管,企业职位,海南美康达药业有限公司成都分公司,50-99人,,长沙,海口-秀英区,统招本科,5-10年,12-15k·13薪,,,,https://www.liepin.com/job/1972164461.shtml,20250207092955,,,,
155370,猎聘,能源/化工/环保,化学,质量管理总监/经理/主管,企业职位,海南泰迪医药有限公司,100-499人,,长沙,海口-秀英区,本科,3-5年,8-10k,,,,https://www.liepin.com/job/1978639603.shtml,20251121152345,,,,
155371,猎聘,能源/化工/环保,化学,药品研发分析主管,企业职位,海南三叶制药厂有限公司,100-499人,,长沙,海口,本科,5-10年,6-10k,,,,https://www.liepin.com/job/1969290923.shtml,20241011170700,,,,
155372,猎聘,能源/化工/环保,化学,污水技术员,企业职位,雅居乐环保集团,10000人以上,,长沙,陵水县,中专/中技,经验不限,3-4k,,,,https://www.liepin.com/job/1954708217.shtml,20250211084750,,,,
155373,猎聘,能源/化工/环保,化学,质量经理,企业职位,旭一医疗,100-499人,,长沙,澄迈县,大专,3-5年,5-7k·14薪,,,,https://www.liepin.com/job/1963637425.shtml,20251212141215,,,,
155374,猎聘,能源/化工/环保,化学,细胞工程研发总监,企业职位,海南苏生生物科技有限公司,50-99人,,长沙,海口,硕士,经验不限,20-40k,,,,https://www.liepin.com/job/1935155721.shtml,20220106235215,,,,
155375,猎聘,能源/化工/环保,化学,分析副总监,企业职位,新兴际华医药控股有限公司,1000-2000人,,长沙,海口-秀英区,硕士,5-10年,20-40k,,,,https://www.liepin.com/job/1951538585.shtml,20240109095110,,,,
155376,猎聘,能源/化工/环保,化学,外贸跟单,企业职位,海南金鹰进出口有限公司,1-49人,,长沙,海口-美兰区,本科,1-3年,4-6k,,,,https://www.liepin.com/job/1958131369.shtml,20230425170302,,,,
155377,猎聘,能源/化工/环保,化学,质量负责人,企业职位,海南九面通科技有限公司,50-99人,,长沙,海口-秀英区,本科,5年以上,6-12k,,,,https://www.liepin.com/job/1972978383.shtml,20250310103736,,,,
155378,猎聘,能源/化工/环保,化学,农业技术员,企业职位,海南白沙土又土农业科技有限公司,50-99人,,长沙,白沙县,本科,经验不限,5-8k,,,,https://www.liepin.com/job/1957635267.shtml,20230408151509,,,,
155379,猎聘,能源/化工/环保,化学,技术负责人,企业职位,海南九面通科技有限公司,50-99人,,长沙,海口-秀英区,本科,5年以上,6-12k,,,,https://www.liepin.com/job/1972978261.shtml,20250310103527,,,,
155380,猎聘,能源/化工/环保,化学,质量管理部负责人,企业职位,海口东宁泰华科技有限公司,1-49人,,长沙,海口-龙华区,本科,3年以上,6-8k,,,,https://www.liepin.com/job/1972951091.shtml,20250307145936,,,,
155381,猎聘,能源/化工/环保,化学,理化QC,企业职位,海口市制药厂有限公司,500-999人,,长沙,海口-秀英区,统招本科,1-3年,4-6k,,,,https://www.liepin.com/job/1966982359.shtml,20240516094115,,,,
155382,猎聘,能源/化工/环保,化学,研发主管,企业职位,海南鸿韵集团,50-99人,,长沙,海口,本科,3-5年,5-9k,,,,https://www.liepin.com/job/1962222055.shtml,20231024102133,,,,
155383,猎聘,能源/化工/环保,化学,验证专员,企业职位,皇隆制药,500-999人,,长沙,海口-秀英区,本科,3-5年,5-8k,,,,https://www.liepin.com/job/1948522353.shtml,20220908103723,,,,
155384,猎聘,能源/化工/环保,化学,销售工程师（海口）,企业职位,迈基诺基因,500-999人,,长沙,海口,本科,经验不限,6-10k,,,,https://www.liepin.com/job/1944446875.shtml,20220120114338,,,,
155385,猎聘,能源/化工/环保,化学,市场推广经理,企业职位,北京测易生物科技有限公司,1-49人,,长沙,海口-美兰区,学历不限,1-3年,5-10k,,,,https://www.liepin.com/job/1972259049.shtml,20250210154213,,,,
155386,猎聘,能源/化工/环保,化学,仪器QC,企业职位,海口市制药厂有限公司,500-999人,,长沙,海口-秀英区,本科,1-3年,4-6k,,,,https://www.liepin.com/job/1966900087.shtml,20240513153057,,,,
155387,猎聘,能源/化工/环保,化学,医药代表,企业职位,齐鲁制药有限公司,10000人以上,,长沙,海口-秀英区,大专,1-3年,5-10k,,,,https://www.liepin.com/job/1952920021.shtml,20220930113709,,,,
155388,猎聘,能源/化工/环保,化学,安全工程师（昌江）,企业职位,苏州新星核电技术服务有限公司,100-499人,,长沙,昌江县,大专,3-5年,6-9k,,,,https://www.liepin.com/job/1955184953.shtml,20230426174003,,,,
155389,猎聘,能源/化工/环保,化学,生测室主管（质量部）,企业职位,皇隆制药,500-999人,,长沙,海口-秀英区,本科,1-3年,6-10k,,,,https://www.liepin.com/job/1950743753.shtml,20220908103723,,,,
155390,猎聘,能源/化工/环保,化学,专利工程师（海口）,企业职位,汉普知识产权,50-99人,,长沙,海口-龙华区,本科,1年以下,5-10k,,,,https://www.liepin.com/job/1953064197.shtml,20221011214342,,,,
155391,猎聘,能源/化工/环保,化学,肥料生产技术员,企业职位,海南广泓农业科技有限公司,50-99人,,长沙,文昌,本科,1-3年,8-10k,,,,https://www.liepin.com/job/1954489317.shtml,20221211210729,,,,
155392,猎聘,能源/化工/环保,化学,环保设备运维工程师,企业职位,湖北德势弘房地资产评估咨询有限公司黄石分公司,1-49人,,长沙,海口-龙华区,大专,3-5年,4-8k,,,,https://www.liepin.com/job/1970936053.shtml,20241128091757,,,,
155393,猎聘,能源/化工/环保,化学,食品/饮料研发经理,企业职位,三亚金诺丽生物科技有限公司,100-499人,,长沙,三亚,本科,3-5年,薪资面议,,,,https://www.liepin.com/job/1938327811.shtml,20210419182711,,,,
155394,猎聘,能源/化工/环保,化学,药品采购员兼养护员兼出库复核员,企业职位,泓喆启航,50-99人,,长沙,海口-秀英区,大专,2年以上,4-5k,,,,https://www.liepin.com/job/1971149357.shtml,20241202091314,,,,
155395,猎聘,能源/化工/环保,化学,工程部电工,企业职位,海南鱼日中天文旅有限公司,1-49人,,长沙,海口-龙华区,中专/中技,1-3年,3-4k,,,,https://www.liepin.com/job/1948874353.shtml,20220414100144,,,,
155396,猎聘,能源/化工/环保,化学,在线监测运维主管,企业职位,海南硕清技术检测有限公司,50-99人,,长沙,三亚-吉阳区,大专,3-5年,5-10k,,,,https://www.liepin.com/job/1964214769.shtml,20240322143157,,,,
155397,猎聘,能源/化工/环保,化学,质量体系专员,企业职位,天磊卫士(海南)科技有限公司,50-99人,,长沙,海口-龙华区,大专,3-5年,5-8k,,,,https://www.liepin.com/job/1961949373.shtml,20230927174221,,,,
155398,猎聘,能源/化工/环保,化学,质量负责人/授权签字人,企业职位,海南海沁天诚技术检测服务有限公司,50-99人,,长沙,海口-龙华区,本科,3-5年,8-12k,,,,https://www.liepin.com/job/1939136431.shtml,20210514093716,,,,
155399,猎聘,能源/化工/环保,化学,分析室主管,企业职位,海南海沁天诚技术检测服务有限公司,50-99人,,长沙,海口,大专,经验不限,5-8k,,,,https://www.liepin.com/job/1943041075.shtml,20210908152220,,,,
155400,猎聘,能源/化工/环保,化学,区域销售经理,企业职位,四川先河环保科技有限公司,50-99人,,长沙,海口,大专,3-5年,5-8k,,,,https://www.liepin.com/job/1945244407.shtml,20211129110247,,,,
155401,猎聘,能源/化工/环保,化学,海南区域销售经理,企业职位,安徽大千生物工程有限公司,50-99人,,长沙,海口,大专,1-3年,5-10k,,,,https://www.liepin.com/job/1934740393.shtml,20220329163916,,,,
155402,猎聘,能源/化工/环保,化学,职业卫生检测技术负责人,企业职位,海南海沁天诚技术检测服务有限公司,50-99人,,长沙,海口-龙华区,大专,3-5年,8-10k,,,,https://www.liepin.com/job/1937670547.shtml,20210331101028,,,,
155403,猎聘,能源/化工/环保,化学,制剂项目负责人,企业职位,万全医药,1000-2000人,,长沙,海口-秀英区,硕士,1-3年,12-20k,,,,https://www.liepin.com/job/1983300925.shtml,20260609213759,,,,
155404,猎聘,能源/化工/环保,化学,海洋环境工程师,企业职位,海南国为亿科环境有限公司,100-499人,,长沙,海口-美兰区,本科,3年以上,8-15k,,,,https://www.liepin.com/job/1983296999.shtml,20260609180055,,,,
155405,猎聘,能源/化工/环保,化学,药化博士,企业职位,海南海药,2000-5000人,,长沙,海口-秀英区,,,23-30k·13薪,,,,https://www.liepin.com/lptjob/75587285,20260603160412,,,,
155406,猎聘,能源/化工/环保,化学,高中化学老师,企业职位,笔块教育科技(海口)有限公司,1-49人,,长沙,海口-龙华区,,,150-300元/天,,,,https://www.liepin.com/lptjob/74350359,20250509141341,,,,
155407,猎聘,能源/化工/环保,化学,育种师,企业职位,罗牛山,2000-5000人,,长沙,海口-美兰区,,,8-10k,,,,https://www.liepin.com/lptjob/79861087,20260119184232,,,,
155408,猎聘,能源/化工/环保,化学,污水处理,企业职位,友盛(海南)城市服务有限公司,1-49人,,长沙,三亚-吉阳区,,,4-5k,,,,https://www.liepin.com/lptjob/79163947,20251216094904,,,,
155409,猎聘,能源/化工/环保,化学,实习生,企业职位,倍特药业,5000-10000人,,长沙,海口-秀英区,,,100-200元/天,,,,https://www.liepin.com/lptjob/68945617,20260414130722,,,,
155410,猎聘,能源/化工/环保,化学,试验员,企业职位,海南北纬十八度果业有限公司,500-999人,,长沙,海南,,,4-6k,,,,https://www.liepin.com/lptjob/27015903,20200708163255,,,,
155411,猎聘,能源/化工/环保,化学,植物源白蛋白-奥福民专岗（石家庄）(J11906),企业职位,贝达药业,1000-2000人,,郑州,石家庄-长安区,本科,2年以上,15-25k,,,,https://www.liepin.com/job/1976115311.shtml,20260607131732,,,,
155412,猎聘,能源/化工/环保,化学,AP化学老师,企业职位,某北京科技推广服务公司,1-49人,,郑州,廊坊,本科,3-5年,14-25k,,,,https://www.liepin.com/a/70853961.shtml,20260602135355,,,,
155413,猎聘,能源/化工/环保,化学,A-Level 生物/化学老师,企业职位,北京正源拓维教育咨询有限公司,100-499人,,郑州,廊坊-永清县,本科,经验不限,7-14k,,,,https://www.liepin.com/job/1969297829.shtml,20260609082212,,,,
155414,猎聘,能源/化工/环保,化学,双语化学老师,企业职位,北京正源拓维教育咨询有限公司,100-499人,,郑州,廊坊-永清县,本科,1-3年,12-30k,,,,https://www.liepin.com/job/1963638569.shtml,20260525083150,,,,
155415,猎聘,能源/化工/环保,化学,化学分析员,企业职位,中国乐凯集团有限公司,5000-10000人,,郑州,保定-竞秀区,本科,经验不限,4-6k,,,,https://www.liepin.com/job/1979483593.shtml,20260126172046,,,,
155416,猎聘,能源/化工/环保,化学,高一化学老师,企业职位,廊坊市睿材教育咨询有限公司,,,郑州,廊坊-广阳区,本科,3-5年,5-6k,,,,https://www.liepin.com/job/1982895897.shtml,20260603103659,,,,
155417,猎聘,能源/化工/环保,化学,化学分析员,企业职位,河北新源建筑工程检测有限公司,50-99人,,郑州,石家庄-栾城区,大专,1年以上,3-5k,,,,https://www.liepin.com/job/1973409977.shtml,20250326124813,,,,
155418,猎聘,能源/化工/环保,化学,化学检测室主任,企业职位,普汇恒达检测,1-49人,,郑州,廊坊-广阳区,本科,5-10年,11-16k,,,,https://www.liepin.com/job/1963901961.shtml,20240425094913,,,,
155419,猎聘,能源/化工/环保,化学,电化学工程师,企业职位,新奥股份,5000-10000人,,郑州,廊坊-广阳区,本科,3-5年,15-21k·14薪,,,,https://www.liepin.com/job/1957213853.shtml,20230323090055,,,,
155420,猎聘,能源/化工/环保,化学,化学部副总监（工艺）,企业职位,河北桑迪亚,100-499人,,郑州,河北,硕士,5-10年,15-20k,,,,https://www.liepin.com/job/1945004413.shtml,20220929113927,,,,
155421,猎聘,能源/化工/环保,化学,化学产品技术支持,企业职位,北京优谱通用科技有限公司,1-49人,,郑州,石家庄,本科,经验不限,6-8k,,,,https://www.liepin.com/job/1954684421.shtml,20230413140005,,,,
155422,猎聘,能源/化工/环保,化学,化学部副总监（研发）,企业职位,河北桑迪亚,100-499人,,郑州,河北,硕士,5-10年,15-20k,,,,https://www.liepin.com/job/1945004519.shtml,20220929113927,,,,
155423,猎聘,能源/化工/环保,化学,化学工程师(水质监测),企业职位,北京优谱通用科技有限公司,1-49人,,郑州,石家庄,大专,经验不限,6-8k,,,,https://www.liepin.com/job/1954684497.shtml,20230413140005,,,,
155424,猎聘,能源/化工/环保,化学,工程师-材料化学(A216062),企业职位,格林微纳科技有限公司,1-49人,,郑州,廊坊-广阳区,学历不限,经验不限,10-20k·13薪,,,,https://www.liepin.com/job/1962173643.shtml,20240617160900,,,,
155425,猎聘,能源/化工/环保,化学,化学检测员,企业职位,普汇恒达检测,1-49人,,郑州,廊坊-广阳区,统招本科,1年以下,4-6k,,,,https://www.liepin.com/job/1971751059.shtml,20250416125124,,,,
155426,猎聘,能源/化工/环保,化学,化学工程研究员,企业职位,天津瀛江香精香料有限公司,50-99人,,郑州,沧州,硕士,经验不限,8-10k,,,,https://www.liepin.com/job/1939373799.shtml,20230718142301,,,,
155427,猎聘,能源/化工/环保,化学,化学分析员,企业职位,霸州市三钢科技有限公司,100-499人,,郑州,廊坊-霸州,大专,1-3年,5-7k,,,,https://www.liepin.com/job/1938698637.shtml,20231229174345,,,,
155428,猎聘,能源/化工/环保,化学,化学分析工程师,企业职位,河北风华环保科技股份有限公司,50-99人,,郑州,保定,统招本科,3-5年,8-13k,,,,https://www.liepin.com/job/1916929713.shtml,20190215094931,,,,
155429,猎聘,能源/化工/环保,化学,化学研发总监,企业职位,河北镁神科技股份有限公司,100-499人,,郑州,邢台-广宗县,统招本科,5年以上,20-40k,,,,https://www.liepin.com/job/1971414770.shtml,20260305190904,,,,
155430,猎聘,能源/化工/环保,化学,化学实验员,企业职位,河北九丛科技有限公司,50-99人,,郑州,石家庄-鹿泉区,大专,经验不限,4-6k,,,,https://www.liepin.com/job/1962305837.shtml,20240123182506,,,,
155431,猎聘,能源/化工/环保,化学,化学分析,企业职位,石家庄鑫利耀贸易有限公司,100-499人,,郑州,石家庄-新华区,本科,经验不限,4-7k·13薪,,,,https://www.liepin.com/job/1942993459.shtml,20210907145841,,,,
155432,猎聘,能源/化工/环保,化学,化学工程师,企业职位,睿智保诚专利事务所,100-499人,,郑州,保定,本科,经验不限,10-15k,,,,https://www.liepin.com/job/1943622023.shtml,20210928103352,,,,
155433,猎聘,能源/化工/环保,化学,化学实验员,企业职位,河北省金衡化工产品质量检验有限公司,1-49人,,郑州,石家庄-栾城区,大专,经验不限,3-6k,,,,https://www.liepin.com/job/1947336243.shtml,20220317154458,,,,
155434,猎聘,能源/化工/环保,化学,化学老师,企业职位,保定市竞秀区恒睿培训学校有限公司,1-49人,,郑州,保定,本科,1-3年,4-6k,,,,https://www.liepin.com/job/1925319167.shtml,20191215171408,,,,
155435,猎聘,能源/化工/环保,化学,化学工程师,企业职位,维欧(天津)能源技术服务股份有限公司,1-49人,,郑州,沧州-海兴县,本科,3-5年,6-9k,,,,https://www.liepin.com/job/1950790815.shtml,20230427171332,,,,
155436,猎聘,能源/化工/环保,化学,专利代理人（化学）,企业职位,河北北方知识产权代理有限公司,5000-10000人,,郑州,保定,本科,经验不限,4-5k,,,,https://www.liepin.com/job/1921699195.shtml,20190814134217,,,,
155437,猎聘,能源/化工/环保,化学,化学专利代理人-双休五险一金,企业职位,北京盛广信合知识产权代理有限公司,100-499人,,郑州,保定-竞秀区,本科,3年以上,9-12k,,,,https://www.liepin.com/job/1976482257.shtml,20250814102724,,,,
155438,猎聘,能源/化工/环保,化学,专利代理师-化学,企业职位,三高永信,100-499人,,郑州,石家庄-长安区,本科,1-3年,8-15k,,,,https://www.liepin.com/job/1961724411.shtml,20240515101525,,,,
155439,猎聘,能源/化工/环保,化学,化学专利代理人,企业职位,河北知亦可为专利代理事务所(特殊普通合伙),100-499人,,郑州,石家庄-长安区,硕士,经验不限,6-8k,,,,https://www.liepin.com/job/1948095187.shtml,20220316120012,,,,
155440,猎聘,能源/化工/环保,化学,专利工程师   生物/化学/机械,企业职位,河北北方知识产权代理有限公司,5000-10000人,,郑州,保定,统招本科,经验不限,6-10k,,,,https://www.liepin.com/job/1928384493.shtml,20200717162738,,,,
155441,猎聘,能源/化工/环保,化学,化学分析测试员,企业职位,北京益民药业有限公司沧州分公司,1-49人,,郑州,沧州,本科,经验不限,4-8k,,,,https://www.liepin.com/job/1932626343.shtml,20201026084303,,,,
155442,猎聘,能源/化工/环保,化学,化学实验室技术员,企业职位,河北步田医药科技有限公司,1-49人,,郑州,石家庄-藁城区,本科,3-5年,12-25k,,,,https://www.liepin.com/job/1962579117.shtml,20231129095647,,,,
155443,猎聘,能源/化工/环保,化学,化学分析,企业职位,石家庄志诚医疗器械有限公司,1-49人,,郑州,沧州,中专/中技,经验不限,3-5k,,,,https://www.liepin.com/job/1933392805.shtml,20201124171737,,,,
155444,猎聘,能源/化工/环保,化学,化学实验室技术员,企业职位,河北汉恩新材料科技有限公司,1-49人,,郑州,石家庄,本科,经验不限,5-8k,,,,https://www.liepin.com/job/1962539195.shtml,20231030084159,,,,
155445,猎聘,能源/化工/环保,化学,化学实验员,企业职位,河北维港环保科技有限公司,50-99人,,郑州,唐山,大专,1年以下,3-5k,,,,https://www.liepin.com/job/1943741087.shtml,20211007151253,,,,
155446,猎聘,能源/化工/环保,化学,双语物理/化学/生物/数学/雅思老师,企业职位,北京顶思致远教育咨询有限公司,1-49人,,郑州,石家庄,硕士,3-5年,5-10k,,,,https://www.liepin.com/job/1945136231.shtml,20260413150516,,,,
155447,猎聘,能源/化工/环保,化学,高中物理化学主管,企业职位,北京领世瑞丰教育科技有限公司,100-499人,,郑州,石家庄-桥西区,统招本科,3-5年,15-35k,,,,https://www.liepin.com/job/1982471737.shtml,20260512165458,,,,
155448,猎聘,能源/化工/环保,化学,技术转移项目经理（化学合成原料药）,企业职位,以岭药业,10000人以上,,郑州,衡水-武邑县,统招本科,5-10年,8-15k,,,,https://www.liepin.com/job/1958045629.shtml,20250421173955,,,,
155449,猎聘,能源/化工/环保,化学,高中班课教师（语文数学英语物理化学）,企业职位,新东方教育科技集团有限公司,10000人以上,,郑州,保定-竞秀区,统招本科,1-3年,8-12k,,,,https://www.liepin.com/job/1980096343.shtml,20260130105822,,,,
155450,猎聘,能源/化工/环保,化学,工艺技术员（电化学方向）,企业职位,粤海中粤(秦皇岛)马口铁工业有限公司,100-499人,,郑州,秦皇岛-山海关区,本科,3-5年,5-8k,,,,https://www.liepin.com/job/1976359681.shtml,20250808152714,,,,
155451,猎聘,能源/化工/环保,化学,化学老师,企业职位,河北启润教育科技有限公司,50-99人,,郑州,石家庄-正定县,本科,1年以下,5-7k,,,,https://www.liepin.com/job/1965480711.shtml,20240314161259,,,,
155452,猎聘,能源/化工/环保,化学,初高中物理化学老师,企业职位,通云联商贸保定有限公司,50-99人,,郑州,保定-徐水区,本科,经验不限,10-15k,,,,https://www.liepin.com/job/1969991133.shtml,20250602210548,,,,
155453,猎聘,能源/化工/环保,化学,学而思廊坊香河富力新城校区招聘数学物理化学老师,企业职位,北京爱格赛诺森商贸有限责任公司,1-49人,,郑州,廊坊-香河县,本科,3-5年,6-10k,,,,https://www.liepin.com/job/1966009081.shtml,20240405065039,,,,
155454,猎聘,能源/化工/环保,化学,化学实验员,企业职位,河北凡博医药科技有限公司,50-99人,,郑州,石家庄-裕华区,本科,经验不限,5-8k,,,,https://www.liepin.com/job/1966776045.shtml,20240514104708,,,,
155455,猎聘,能源/化工/环保,化学,数学、英语、物理、化学、历史、政治老师,企业职位,河北外国语学院,10000人以上,,郑州,石家庄-桥西区,本科,经验不限,5-10k,,,,https://www.liepin.com/job/1955930227.shtml,20230208160831,,,,
155456,猎聘,能源/化工/环保,化学,生物、化学专利工程师,企业职位,河北北方知识产权代理有限公司,5000-10000人,,郑州,保定,硕士,1-3年,5-8k,,,,https://www.liepin.com/job/1935415091.shtml,20210126084731,,,,
155457,猎聘,能源/化工/环保,化学,物理化学教师,企业职位,邢台市襄都区朗朗教育培训学校,50-99人,,郑州,邢台,本科,经验不限,5-10k,,,,https://www.liepin.com/job/1940505627.shtml,20210628100953,,,,
155458,猎聘,能源/化工/环保,化学,生长激素招商经理（华北）,企业职位,圣湘生物科技股份有限公司,2000-5000人,,郑州,石家庄-新华区,本科,3-5年,15-16k·16薪,,,,https://www.liepin.com/job/1981831577.shtml,20260416163442,,,,
155459,猎聘,能源/化工/环保,化学,质量专员,企业职位,河北合佳医药科技集团股份有限公司,500-999人,,郑州,石家庄-藁城区,大专,3年以上,5-7k,,,,https://www.liepin.com/job/1982470163.shtml,20260601104708,,,,
155460,猎聘,能源/化工/环保,化学,资深OLED合成工程师,企业职位,某北京咨询服务公司,100-499人,,郑州,石家庄,硕士,5年以上,20-30k·14薪,,,,https://www.liepin.com/a/75566091.shtml,20260604101629,,,,
155461,猎聘,能源/化工/环保,化学,3D打印材料高工（树脂）,企业职位,某国内大型机械/设备公司,500-999人,,郑州,秦皇岛,硕士,5-10年,40-50k·16薪,,,,https://www.liepin.com/a/75948303.shtml,20260609155923,,,,
155462,猎聘,能源/化工/环保,化学,固态电池研发工程师,企业职位,保定太行先进储能技术研究院有限公司,1-49人,,郑州,保定-竞秀区,硕士,2年以上,薪资面议,,,,https://www.liepin.com/job/1979616875.shtml,20260609140300,,,,
155463,猎聘,能源/化工/环保,化学,液晶博士（Lcd、Oled、材料、器件）,企业职位,某国内知名公司,500-999人,,郑州,石家庄,博士,经验不限,25-35k·14薪,,,,https://www.liepin.com/a/74316485.shtml,20260407114836,,,,
155464,猎聘,能源/化工/环保,化学,高级销售经理（河北省）,企业职位,仁迈生物,100-499人,,郑州,石家庄-裕华区,大专,3-5年,10-13k·17薪,,,,https://www.liepin.com/job/1981986937.shtml,20260422133613,,,,
155465,猎聘,能源/化工/环保,化学,区域销售经理（河北）,企业职位,携光生物,100-499人,,郑州,唐山-路北区,大专,1-3年,10-20k,,,,https://www.liepin.com/job/1965855035.shtml,20260527103348,,,,
155466,猎聘,能源/化工/环保,化学,大客户销售（医药/医疗器械第三方检测）,企业职位,微谱,1000-2000人,,郑州,石家庄-长安区,大专,经验不限,10-15k·13薪,,,,https://www.liepin.com/job/1968904209.shtml,20260109175802,,,,
155467,猎聘,能源/化工/环保,化学,研发工程师,企业职位,某国内大型化工公司,5000-10000人,,郑州,保定,硕士,1-3年,18-35k,,,,https://www.liepin.com/a/75552855.shtml,20260607222728,,,,
155468,猎聘,能源/化工/环保,化学,工艺工程师,企业职位,某国内知名公司,100-499人,,郑州,唐山,本科,3-5年,15-30k,,,,https://www.liepin.com/a/75377285.shtml,20260527093848,,,,
155469,猎聘,能源/化工/环保,化学,催化剂研发工程师,企业职位,某北京环保上市公司,100-499人,,郑州,廊坊-固安县,硕士,5-10年,30-60k,,,,https://www.liepin.com/a/76282699.shtml,20260601204054,,,,
155470,猎聘,能源/化工/环保,化学,硅碳材料研发工程师,企业职位,某国内大型新能源公司,1000-2000人,,郑州,石家庄,硕士,3-5年,20-35k,,,,https://www.liepin.com/a/76209841.shtml,20260609091654,,,,
155471,猎聘,能源/化工/环保,化学,高级分析研究员,企业职位,某国内大型制药公司,10000人以上,,郑州,石家庄,学历不限,经验不限,20-40k,,,,https://www.liepin.com/a/76246841.shtml,20260601104916,,,,
155472,猎聘,能源/化工/环保,化学,光学高分子材料研发工程师,企业职位,某北京智能硬件/消费电子公司,1-49人,,郑州,廊坊,硕士,3年以上,20-40k·13薪,,,,https://www.liepin.com/a/74893881.shtml,20260608084939,,,,
155473,猎聘,能源/化工/环保,化学,实验室技术员,企业职位,科鉴集团有限公司,100-499人,,郑州,沧州-沧县,本科,5-10年,4-6k,,,,https://www.liepin.com/job/1976883987.shtml,20260602090642,,,,
155474,猎聘,能源/化工/环保,化学,狭缝涂布工艺工程师 ,企业职位,某国内大型化工公司,5000-10000人,,郑州,保定,本科,1年以上,16-30k,,,,https://www.liepin.com/a/76135517.shtml,20260604211459,,,,
155475,猎聘,能源/化工/环保,化学,有机光学材料研发工程师,企业职位,某北京智能硬件/消费电子公司,1-49人,,郑州,廊坊,硕士,经验不限,40-60k·13薪,,,,https://www.liepin.com/a/74893825.shtml,20260608084939,,,,
155476,猎聘,能源/化工/环保,化学,有机光学材料研发工程师,企业职位,某北京智能硬件/消费电子公司,1-49人,,郑州,廊坊,硕士,经验不限,40-60k·13薪,,,,https://www.liepin.com/a/74893795.shtml,20260608084939,,,,
155477,猎聘,能源/化工/环保,化学,分析总监（沧州）,企业职位,河北天成药业股份有限公司,1000-2000人,,郑州,沧州-新华区,本科,5-10年,20-30k,,,,https://www.liepin.com/job/1966861393.shtml,20260603142133,,,,
155478,猎聘,能源/化工/环保,化学,测试验证工程师,企业职位,香港奥星集团,1000-2000人,,郑州,石家庄-长安区,统招本科,5年以上,10-15k,,,,https://www.liepin.com/job/1981931897.shtml,20260609115759,,,,
155479,猎聘,能源/化工/环保,化学,AIDD高级研究员(小分子),企业职位,石药集团,10000人以上,,郑州,石家庄-裕华区,博士,经验不限,18-25k·15薪,,,,https://www.liepin.com/job/1975129809.shtml,20260526145936,,,,
155480,猎聘,能源/化工/环保,化学,药物浓度大区销售经理,企业职位,丽珠试剂,500-999人,,郑州,石家庄-裕华区,本科,5年以上,15-20k,,,,https://www.liepin.com/job/1980890793.shtml,20260609094640,,,,
155481,猎聘,能源/化工/环保,化学,MR-突破性多适应症生物制剂-保定,企业职位,阿斯利康,10000人以上,,郑州,保定-莲池区,本科,1年以上,7-14k·13薪,,,,https://www.liepin.com/job/1983186833.shtml,20260605133727,,,,
155482,猎聘,能源/化工/环保,化学,基地总经理,企业职位,某国内制药公司,100-499人,,郑州,石家庄,学历不限,10年以上,30-40k,,,,https://www.liepin.com/a/75765395.shtml,20260609101532,,,,
155483,猎聘,能源/化工/环保,化学,区域销售经理-华北,企业职位,永生仪器,100-499人,,郑州,石家庄-长安区,本科,3-5年,10-20k,,,,https://www.liepin.com/job/1976445353.shtml,20260609090001,,,,
155484,猎聘,能源/化工/环保,化学,固态电池核心设备技术总监（技术带头人）,企业职位,某国内电气机械/器材公司,100-499人,,郑州,保定,学历不限,10年以上,50-80k,,,,https://www.liepin.com/a/75704683.shtml,20260602112914,,,,
155485,猎聘,能源/化工/环保,化学,Production Manager,企业职位,某青岛知名化工公司,100-499人,,郑州,秦皇岛,统招本科,10年以上,25-35k·16薪,,,,https://www.liepin.com/a/74052673.shtml,20260609093009,,,,
155486,猎聘,能源/化工/环保,化学,海外市场技术支持工程师,企业职位,某北京环保上市公司,100-499人,,郑州,廊坊-固安县,统招本科,5-10年,30-60k·15薪,,,,https://www.liepin.com/a/76282687.shtml,20260601203924,,,,
155487,猎聘,能源/化工/环保,化学,生产经理,企业职位,某国内制药公司,100-499人,,郑州,石家庄,学历不限,1-3年,18-25k,,,,https://www.liepin.com/a/74236899.shtml,20260609092748,,,,
155488,猎聘,能源/化工/环保,化学,合成车间主任,企业职位,以岭药业,10000人以上,,郑州,衡水-武邑县,统招本科,5-10年,10-18k,,,,https://www.liepin.com/job/1965177701.shtml,20260511191343,,,,
155489,猎聘,能源/化工/环保,化学,原料药生产总监,企业职位,河北天成药业股份有限公司,1000-2000人,,郑州,沧州,本科,5年以上,21-35k,,,,https://www.liepin.com/job/1980479357.shtml,20260603142121,,,,
155490,猎聘,能源/化工/环保,化学,资深OLED合成工程师,企业职位,某国内大型制药公司,500-999人,,郑州,石家庄,硕士,5-10年,30-40k,,,,https://www.liepin.com/a/74667045.shtml,20260415123950,,,,
155491,猎聘,能源/化工/环保,化学,涂布研发  央企招聘    20-25万/年  钙钛矿,企业职位,某国内大型化工公司,5000-10000人,,郑州,保定,硕士,1-3年,15-19k,,,,https://www.liepin.com/a/75570567.shtml,20260601143111,,,,
155492,猎聘,能源/化工/环保,化学,有机合成研究员(J10028),企业职位,保诺-桑迪亚,500-999人,,郑州,石家庄,本科,经验不限,5-10k,,,,https://www.liepin.com/job/1973323633.shtml,20260507083125,,,,
155493,猎聘,能源/化工/环保,化学,QA+QE+QC质量工程师+锂电+宜昌or江阴or沧州,企业职位,某国内大型新能源公司,5000-10000人,,郑州,沧州-沧县,大专,3-5年,11-18k·14薪,,,,https://www.liepin.com/a/75890799.shtml,20260609090848,,,,
155494,猎聘,能源/化工/环保,化学,QC质检员,企业职位,大金重工,2000-5000人,,郑州,唐山-曹妃甸区,大专,1-3年,8-15k,,,,https://www.liepin.com/job/1976706219.shtml,20260520082245,,,,
155495,猎聘,能源/化工/环保,化学,QC人员,企业职位,常山药业,1000-2000人,,郑州,石家庄,统招本科,1-3年,5-7k,,,,https://www.liepin.com/job/1938719387.shtml,20260518161130,,,,
155496,猎聘,能源/化工/环保,化学,客户经理,企业职位,某国内生物技术公司,100-499人,,郑州,邢台,大专,经验不限,15-25k,,,,https://www.liepin.com/a/74859449.shtml,20260421085223,,,,
155497,猎聘,能源/化工/环保,化学,有机合成研究员（J0018）,企业职位,保诺-桑迪亚,500-999人,,郑州,石家庄,本科,经验不限,6-12k,,,,https://www.liepin.com/job/1972604827.shtml,20260507083125,,,,
155498,猎聘,能源/化工/环保,化学,C++软件工程师,企业职位,北京热景生物技术股份有限公司,1000-2000人,,郑州,廊坊-广阳区,本科,2年以上,10-20k,,,,https://www.liepin.com/job/1977706557.shtml,20260601132431,,,,
155499,猎聘,能源/化工/环保,化学,高级分析研究员,企业职位,某国内制药上市公司,10000人以上,,郑州,石家庄,硕士,5-10年,20-40k·15薪,,,,https://www.liepin.com/a/76198351.shtml,20260529113032,,,,
155500,猎聘,能源/化工/环保,化学,科大讯飞 - 教育BG - 助教/班主任 - 石家庄,企业职位,科大讯飞,10000人以上,,郑州,石家庄-鹿泉区,统招本科,1-3年,9-12k,,,,https://www.liepin.com/job/1982840643.shtml,20260525170330,,,,
155501,猎聘,能源/化工/环保,化学,QA经理,企业职位,某制药公司,50-99人,,郑州,石家庄,统招本科,10年以上,20-30k·15薪,,,,https://www.liepin.com/a/75841445.shtml,20260608141754,,,,
155502,猎聘,能源/化工/环保,化学,高级分析研究员,企业职位,某国内制药上市公司,10000人以上,,郑州,石家庄,硕士,5-10年,20-40k·15薪,,,,https://www.liepin.com/a/75643851.shtml,20260514101006,,,,
155503,猎聘,能源/化工/环保,化学,高级分析研究员,企业职位,某国内制药公司,100-499人,,郑州,石家庄,统招本科,5-10年,15-20k·14薪,,,,https://www.liepin.com/a/76220593.shtml,20260529184551,,,,
155504,猎聘,能源/化工/环保,化学,天成药业研发总监,企业职位,河北天成药业股份有限公司,1000-2000人,,郑州,沧州,本科,5-10年,12-18k,,,,https://www.liepin.com/job/1961984057.shtml,20260603142139,,,,
155505,猎聘,能源/化工/环保,化学,天成药业制剂总监,企业职位,河北天成药业股份有限公司,1000-2000人,,郑州,沧州,本科,5-10年,12-18k,,,,https://www.liepin.com/job/1961984069.shtml,20260603142139,,,,
155506,猎聘,能源/化工/环保,化学,河北-市政污水行业销售经理-接受工业品、医药销售跨行,企业职位,某国内机械/设备公司,100-499人,,郑州,石家庄,大专,1-3年,8-13k,,,,https://www.liepin.com/a/74936769.shtml,20260422140650,,,,
155507,猎聘,能源/化工/环保,化学,马铃薯质量保障经理,企业职位,某国内大型农林牧渔公司,500-999人,,郑州,张家口,统招本科,经验不限,15-25k·14薪,,,,https://www.liepin.com/a/74461275.shtml,20260608094357,,,,
155508,猎聘,能源/化工/环保,化学,CO催化剂技术支持工程师,企业职位,某北京环保上市公司,100-499人,,郑州,廊坊,统招本科,5-10年,30-60k·15薪,,,,https://www.liepin.com/a/76282625.shtml,20260601203532,,,,
155509,猎聘,能源/化工/环保,化学,镀覆工艺师,企业职位,某国内知名公司,500-999人,,郑州,石家庄,统招本科,5-10年,20-30k,,,,https://www.liepin.com/a/74192059.shtml,20260609085619,,,,
155510,猎聘,能源/化工/环保,化学,高阻隔膜工程师,企业职位,某国内大型化工公司,5000-10000人,,郑州,保定,本科,经验不限,14-25k,,,,https://www.liepin.com/a/73503851.shtml,20260604211459,,,,
155511,猎聘,能源/化工/环保,化学,饮料工艺工程师,企业职位,某国内大型食品/饮料/酒水公司,10000人以上,,郑州,邢台-隆尧县,本科,5-10年,15-25k,,,,https://www.liepin.com/a/76425931.shtml,20260608084544,,,,
155512,猎聘,能源/化工/环保,化学,纯化研究员,企业职位,河北美邦工程科技股份有限公司,100-499人,,郑州,石家庄-裕华区,本科,1-3年,6-10k,,,,https://www.liepin.com/job/1981483619.shtml,20260403111205,,,,
155513,猎聘,能源/化工/环保,化学,博士研究员,企业职位,诚志永华,500-999人,,郑州,石家庄,博士,经验不限,15-30k,,,,https://www.liepin.com/job/1926894165.shtml,20260511144922,,,,
155514,猎聘,能源/化工/环保,化学,市场总经理,企业职位,某国内制药上市公司,10000人以上,,郑州,保定,统招本科,10年以上,300-330k,,,,https://www.liepin.com/a/75465185.shtml,20260605121449,,,,
155515,猎聘,能源/化工/环保,化学,半导体技术工程师（LED外延技术专家博士）,企业职位,某深圳电子/半导体/集成电路公司,1-49人,,郑州,唐山,博士,经验不限,30-55k,,,,https://www.liepin.com/a/75726417.shtml,20260608083821,,,,
155516,猎聘,能源/化工/环保,化学,质量负责人（佐剂平台）,企业职位,华普石家庄医药有限公司,100-499人,,郑州,石家庄-栾城区,本科,5年以上,20-25k,,,,https://www.liepin.com/job/1983018805.shtml,20260601103119,,,,
155517,猎聘,能源/化工/环保,化学,水处理工程师,企业职位,某国内大型化工公司,5000-10000人,,郑州,保定,本科,3-5年,15-16k,,,,https://www.liepin.com/a/76083769.shtml,20260609163654,,,,
155518,猎聘,能源/化工/环保,化学,技术经理（研发岗）,企业职位,君德同创,100-499人,,郑州,廊坊-固安县,统招本科,5年以上,10-20k,,,,https://www.liepin.com/job/1977302931.shtml,20260416134512,,,,
155519,猎聘,能源/化工/环保,化学,QA经理,企业职位,某制药公司,50-99人,,郑州,石家庄,统招本科,5-10年,15-25k,,,,https://www.liepin.com/a/75814369.shtml,20260609171138,,,,
155520,猎聘,能源/化工/环保,化学,知识产权经理,企业职位,某制药公司,50-99人,,郑州,石家庄,本科,5-10年,20-30k,,,,https://www.liepin.com/a/74874335.shtml,20260608153421,,,,
155521,猎聘,能源/化工/环保,化学,QA经理-制药,企业职位,某制药公司,50-99人,,郑州,石家庄,统招本科,10年以上,20-40k,,,,https://www.liepin.com/a/75930279.shtml,20260609184307,,,,
155522,猎聘,能源/化工/环保,化学,QA经理,企业职位,某制药公司,50-99人,,郑州,石家庄,本科,5-10年,20-30k,,,,https://www.liepin.com/a/75841723.shtml,20260608153421,,,,
155523,猎聘,能源/化工/环保,化学,高级分析研究员,企业职位,某国内制药上市公司,10000人以上,,郑州,石家庄,硕士,经验不限,40-60k,,,,https://www.liepin.com/a/75642223.shtml,20260513180534,,,,
155524,猎聘,能源/化工/环保,化学,EHS主管,企业职位,某大型新能源公司,2000-5000人,,郑州,承德,统招本科,5年以上,15-20k·13薪,,,,https://www.liepin.com/a/76220883.shtml,20260529190207,,,,
155525,猎聘,能源/化工/环保,化学,NMHC和NH3催化剂技术支持工程师,企业职位,某北京环保上市公司,100-499人,,郑州,廊坊-固安县,本科,5-10年,30-60k·15薪,,,,https://www.liepin.com/a/76282663.shtml,20260601203749,,,,
155526,猎聘,能源/化工/环保,化学,基地总经理,企业职位,某国内医疗机构公司,50-99人,,郑州,邯郸,统招本科,10年以上,30-40k,,,,https://www.liepin.com/a/75807249.shtml,20260609101714,,,,
155527,猎聘,能源/化工/环保,化学,开发工程师,企业职位,某国内大型整车制造公司,5000-10000人,,郑州,保定,统招本科,经验不限,8-12k,,,,https://www.liepin.com/a/76406331.shtml,20260604125219,,,,
155528,猎聘,能源/化工/环保,化学,无菌工艺工程师,企业职位,某国内大型食品/饮料/酒水公司,10000人以上,,郑州,邢台-隆尧县,本科,3-5年,15-25k,,,,https://www.liepin.com/a/76425947.shtml,20260608084544,,,,
155529,猎聘,能源/化工/环保,化学,生产总监（原料药）,企业职位,某国内大型制药公司,1000-2000人,,郑州,沧州,本科,5-10年,20-35k,,,,https://www.liepin.com/a/73284801.shtml,20260312101257,,,,
155530,猎聘,能源/化工/环保,化学,知识产权经理,企业职位,某制药公司,50-99人,,郑州,石家庄,本科,5-10年,20-30k·15薪,,,,https://www.liepin.com/a/74754161.shtml,20260608141754,,,,
155531,猎聘,能源/化工/环保,化学,开发工程师,企业职位,某国内大型整车制造公司,5000-10000人,,郑州,保定,本科,经验不限,9-14k,,,,https://www.liepin.com/a/76393455.shtml,20260604095401,,,,
155532,猎聘,能源/化工/环保,化学,IPQC岗位,企业职位,某国内大型新能源公司,10000人以上,,郑州,沧州,学历不限,3年以上,15-18k·13薪,,,,https://www.liepin.com/a/75994959.shtml,20260604122056,,,,
155533,猎聘,能源/化工/环保,化学,大客户销售,企业职位,河北镁神科技股份有限公司,100-499人,,郑州,邢台-襄都区,大专,3年以上,8-20k,,,,https://www.liepin.com/job/1981247075.shtml,20260609115936,,,,
155534,猎聘,能源/化工/环保,化学,工艺开发工程师,企业职位,香港奥星集团,1000-2000人,,郑州,石家庄-长安区,统招本科,3-5年,8-15k,,,,https://www.liepin.com/job/1981931663.shtml,20260609115751,,,,
155535,猎聘,能源/化工/环保,化学,工艺工程师,企业职位,爱迪特(秦皇岛)科技股份有限公司,500-999人,,郑州,秦皇岛,统招本科,经验不限,8-14k,,,,https://www.liepin.com/job/1934501831.shtml,20260602091455,,,,
155536,猎聘,能源/化工/环保,化学,国际销售业务经理,企业职位,以岭药业,10000人以上,,郑州,石家庄-裕华区,统招本科,2年以上,薪资面议,,,,https://www.liepin.com/job/1983082609.shtml,20260602173008,,,,
155537,猎聘,能源/化工/环保,化学,免疫技术高级工程师（华北）,企业职位,美康生物科技股份有限公司,2000-5000人,,郑州,石家庄-长安区,本科,3年以上,8-20k,,,,https://www.liepin.com/job/1979791977.shtml,20260402141315,,,,
155538,猎聘,能源/化工/环保,化学,热处理工程师（核电紧固件/锚栓方向）,企业职位,某国内机械/设备公司,100-499人,,郑州,沧州,本科,3-5年,20-30k,,,,https://www.liepin.com/a/75378603.shtml,20260524110043,,,,
155539,猎聘,能源/化工/环保,化学,主任EHS工程师,企业职位,某大型新能源公司,100-499人,,郑州,承德,统招本科,10年以上,25-30k·14薪,,,,https://www.liepin.com/a/74601897.shtml,20260414102934,,,,
155540,猎聘,能源/化工/环保,化学,水处理解决方案工程师（双膜设计）,企业职位,某大型知名化工公司,500-999人,,郑州,保定,统招本科,经验不限,15-20k,,,,https://www.liepin.com/a/76426477.shtml,20260609083054,,,,
155541,猎聘,能源/化工/环保,化学,OLED资深器件工程师,企业职位,品首企业管理,1-49人,,郑州,石家庄-裕华区,本科,5-10年,20-40k·16薪,,,,https://www.liepin.com/job/1969985141.shtml,20260604223624,,,,
155542,猎聘,能源/化工/环保,化学,猎头招聘顾问,企业职位,某医疗领域猎头公司,1-49人,,郑州,沧州,大专,1-3年,5-8k·24薪,,,,https://www.liepin.com/a/76044517.shtml,20260608174306,,,,
155543,猎聘,能源/化工/环保,化学,外延技术专家（工艺方向/研发方向）,企业职位,某深圳电子/半导体/集成电路公司,1-49人,,郑州,唐山,硕士,8年以上,30-45k·15薪,,,,https://www.liepin.com/a/75075561.shtml,20260519095116,,,,
155544,猎聘,能源/化工/环保,化学,打印OLED器件资深工程师或专家,企业职位,品首企业管理,1-49人,,郑州,石家庄-裕华区,硕士,3-5年,30-50k·14薪,,,,https://www.liepin.com/job/1980409211.shtml,20260604223624,,,,
155545,猎聘,能源/化工/环保,化学,煤制氢合成氨净化工艺工程师,企业职位,旭阳集团,10000人以上,,郑州,沧州,大专,5年以上,13-20k,,,,https://www.liepin.com/job/1977965133.shtml,20251023153451,,,,
155546,猎聘,能源/化工/环保,化学,高中网课在线教师,企业职位,南阳精准翻译服务有限公司,50-99人,,郑州,石家庄-新华区,统招本科,10年以上,8-15k,,,,https://www.liepin.com/job/1971273275.shtml,20260608064843,,,,
155547,猎聘,能源/化工/环保,化学,OLED材料结构设计高级工程师,企业职位,品首企业管理,1-49人,,郑州,石家庄-裕华区,硕士,3年以上,28-40k·16薪,,,,https://www.liepin.com/job/1972814399.shtml,20260604223624,,,,
155548,猎聘,能源/化工/环保,化学,免疫工程师（医学检验）,企业职位,美康生物科技股份有限公司,2000-5000人,,郑州,石家庄-长安区,本科,3年以上,8-20k,,,,https://www.liepin.com/job/1980226925.shtml,20260520084534,,,,
155549,猎聘,能源/化工/环保,化学,临床科研项目助理,企业职位,河北北科,100-499人,,郑州,石家庄-正定县,本科,1-3年,6-8k,,,,https://www.liepin.com/job/1983159315.shtml,20260604160721,,,,
155550,猎聘,能源/化工/环保,化学,药物分析研究员/高级研究员,企业职位,常山药业,1000-2000人,,郑州,石家庄,统招本科,1-3年,6-8k,,,,https://www.liepin.com/job/1938720743.shtml,20250806085638,,,,
155551,猎聘,能源/化工/环保,化学,测试主任工程师 (MJ000285),企业职位,未势能源,1000-2000人,,郑州,保定-莲池区,本科,5-10年,20-30k,,,,https://www.liepin.com/job/1975056593.shtml,20260521112340,,,,
155552,猎聘,能源/化工/环保,化学,产品线销售经理（IVD、免疫、质谱）,企业职位,美康生物科技股份有限公司,2000-5000人,,郑州,石家庄-长安区,本科,3年以上,10-25k,,,,https://www.liepin.com/job/1980231149.shtml,20260206165121,,,,
155553,猎聘,能源/化工/环保,化学,原料药生产负责人,企业职位,某北京制药上市公司,2000-5000人,,郑州,沧州,学历不限,10年以上,20-40k,,,,https://www.liepin.com/a/75831473.shtml,20260519163147,,,,
155554,猎聘,能源/化工/环保,化学,主任工程师-制造EHS,企业职位,某国内大型新能源公司,2000-5000人,,郑州,承德-丰宁县,统招本科,5-10年,15-25k,,,,https://www.liepin.com/a/75015281.shtml,20260424092119,,,,
155555,猎聘,能源/化工/环保,化学,质量经理,企业职位,某国内食品/饮料/酒水公司,100-499人,,郑州,廊坊-大厂县,本科,5-10年,30-40k,,,,https://www.liepin.com/a/75556181.shtml,20260512103823,,,,
155556,猎聘,能源/化工/环保,化学,大客户销售(辅酶Q10原料),企业职位,多维集团,100-499人,,郑州,石家庄-桥西区,大专,1-3年,7-10k,,,,https://www.liepin.com/job/1980179475.shtml,20260204142238,,,,
155557,猎聘,能源/化工/环保,化学,生产车间工艺员、质量管理员,企业职位,河北天成药业股份有限公司,1000-2000人,,郑州,沧州,大专,1-3年,6-9k,,,,https://www.liepin.com/job/1961984135.shtml,20260603142133,,,,
155558,猎聘,能源/化工/环保,化学,原料药生产总监,企业职位,某国内大型制药公司,1000-2000人,,郑州,沧州,大专,5-10年,20-30k,,,,https://www.liepin.com/a/67932071.shtml,20260422161041,,,,
155559,猎聘,能源/化工/环保,化学,新材料实验研发工程师,企业职位,机科发展科技股份有限公司,100-499人,,郑州,唐山-路北区,硕士,2年以上,5-8k,,,,https://www.liepin.com/job/1976991945.shtml,20260416144140,,,,
155560,猎聘,能源/化工/环保,化学,中心化验室化验员（QC）,企业职位,河北天成药业股份有限公司,1000-2000人,,郑州,沧州,大专,1-3年,5-8k,,,,https://www.liepin.com/job/1932716015.shtml,20260603142139,,,,
155561,猎聘,能源/化工/环保,化学,FAE工程师 -河北,企业职位,无锡迅杰光远科技有限公司,100-499人,,郑州,石家庄-藁城区,统招本科,5-10年,10-15k·14薪,,,,https://www.liepin.com/job/1981309087.shtml,20260601170405,,,,
155562,猎聘,能源/化工/环保,化学,振动筛筛网和筛板工程师,企业职位,河北冠能石油机械制造有限公司,100-499人,,郑州,唐山-路北区,大专,2年以上,15-25k,,,,https://www.liepin.com/job/1973120719.shtml,20260603111529,,,,
155563,猎聘,能源/化工/环保,化学,应用工程师 -河北,企业职位,无锡迅杰光远科技有限公司,100-499人,,郑州,石家庄-藁城区,统招本科,5-10年,10-15k·14薪,,,,https://www.liepin.com/job/1974557815.shtml,20260601170412,,,,
155564,猎聘,能源/化工/环保,化学,制剂质量总监,企业职位,河北天成药业股份有限公司,1000-2000人,,郑州,沧州-新华区,本科,5-10年,20-30k,,,,https://www.liepin.com/job/1966861315.shtml,20260603142133,,,,
155565,猎聘,能源/化工/环保,化学,原料药研发部长,企业职位,河北镁神科技股份有限公司,100-499人,,郑州,邢台-信都区,统招本科,5年以上,10-30k,,,,https://www.liepin.com/job/1976367359.shtml,20260609115931,,,,
155566,猎聘,能源/化工/环保,化学,多孔碳研发工程师,企业职位,石家庄尚太科技股份有限公司,500-999人,,郑州,石家庄-无极县,硕士,2年以上,15-20k,,,,https://www.liepin.com/job/1975533159.shtml,20250703143657,,,,
155567,猎聘,能源/化工/环保,化学,湿电子化学品技术人员,企业职位,河北合佳医药科技集团股份有限公司,500-999人,,郑州,石家庄-藁城区,本科,3-5年,10-20k,,,,https://www.liepin.com/job/1979151429.shtml,20260115144503,,,,
155568,猎聘,能源/化工/环保,化学,资深/专家专利工程师,企业职位,某北京咨询服务公司,100-499人,,郑州,石家庄,本科,8年以上,25-26k,,,,https://www.liepin.com/a/75565673.shtml,20260512130239,,,,
155569,猎聘,能源/化工/环保,化学,原料药车间主任,企业职位,河北天成药业股份有限公司,1000-2000人,,郑州,沧州,本科,3-5年,11-15k·13薪,,,,https://www.liepin.com/job/1929262471.shtml,20260603142139,,,,
155570,猎聘,能源/化工/环保,化学,生产基地总经理,企业职位,某国内制药上市公司,2000-5000人,,郑州,邯郸,学历不限,5-10年,25-35k,,,,https://www.liepin.com/a/75934943.shtml,20260609092208,,,,
155571,猎聘,能源/化工/环保,化学,TOB大客户销售经理,企业职位,河北镁神科技股份有限公司,100-499人,,郑州,邢台-襄都区,大专,2年以上,7-8k,,,,https://www.liepin.com/job/1982587955.shtml,20260609115931,,,,
155572,猎聘,能源/化工/环保,化学,肥料研发,企业职位,石家庄农信集团,100-499人,,郑州,石家庄-藁城区,本科,3-5年,10-12k,,,,https://www.liepin.com/job/1981389221.shtml,20260331152235,,,,
155573,猎聘,能源/化工/环保,化学,甲烷氯化物车间技术工程师,企业职位,唐山裕隆新材料科技有限公司,100-499人,,郑州,唐山-曹妃甸区,本科,10年以上,15-25k,,,,https://www.liepin.com/job/1972411835.shtml,20250829101922,,,,
155574,猎聘,能源/化工/环保,化学,品控主管,企业职位,某北京大型电子商务公司,500-999人,,郑州,廊坊,本科,5-10年,13-19k,,,,https://www.liepin.com/a/76126813.shtml,20260527165815,,,,
155575,猎聘,能源/化工/环保,化学,液晶技术专家,企业职位,品首企业管理,1-49人,,郑州,石家庄-裕华区,硕士,10年以上,50-80k·16薪,,,,https://www.liepin.com/job/1978469315.shtml,20260604223654,,,,
155576,猎聘,能源/化工/环保,化学,规划师,企业职位,旭阳集团,10000人以上,,郑州,沧州,博士,经验不限,20-27k,,,,https://www.liepin.com/job/1974937121.shtml,20250612092618,,,,
155577,猎聘,能源/化工/环保,化学,技术支持工程师,企业职位,昆仑材料,500-999人,,郑州,廊坊-香河县,本科,5-10年,薪资面议,,,,https://www.liepin.com/job/1967521171.shtml,20260602163006,,,,
155578,猎聘,能源/化工/环保,化学,合成生物工艺专家,企业职位,天俱时集团,500-999人,,郑州,石家庄,本科,8年以上,25-50k,,,,https://www.liepin.com/job/1973461173.shtml,20260528232053,,,,
155579,猎聘,能源/化工/环保,化学,医学代表-肿瘤产品-保定,企业职位,阿斯利康,10000人以上,,郑州,保定-莲池区,统招本科,1-3年,7-11k·13薪,,,,https://www.liepin.com/job/1982502113.shtml,20260609095225,,,,
155580,猎聘,能源/化工/环保,化学,制剂生产总监,企业职位,河北天成药业股份有限公司,1000-2000人,,郑州,沧州-新华区,本科,10年以上,16-30k,,,,https://www.liepin.com/job/1966859665.shtml,20260603142121,,,,
155581,猎聘,能源/化工/环保,化学,机械维修/保养,企业职位,阿克苏诺贝尔,5000-10000人,,郑州,廊坊-广阳区,本科,3-5年,7-9k·13薪,,,,https://www.liepin.com/job/1980556817.shtml,20260527161922,,,,
155582,猎聘,能源/化工/环保,化学,销售内勤,企业职位,河北天成药业股份有限公司,1000-2000人,,郑州,沧州,统招本科,1-3年,4-6k,,,,https://www.liepin.com/job/1937215885.shtml,20260603142114,,,,
155583,猎聘,能源/化工/环保,化学,生产基地副/总经理（河北邯郸）,企业职位,某国内制药上市公司,2000-5000人,,郑州,邯郸,统招本科,5-10年,20-29k,,,,https://www.liepin.com/a/75767185.shtml,20260609084331,,,,
155584,猎聘,能源/化工/环保,化学,质量负责人,企业职位,某国内大型制药公司,500-999人,,郑州,石家庄-裕华区,学历不限,10年以上,30-45k,,,,https://www.liepin.com/a/73594069.shtml,20260319135740,,,,
155585,猎聘,能源/化工/环保,化学,光学胶研发工程师,企业职位,某北京智能硬件/消费电子公司,1-49人,,郑州,廊坊,硕士,5年以上,30-55k·13薪,,,,https://www.liepin.com/a/71659083.shtml,20260422155611,,,,
155586,猎聘,能源/化工/环保,化学,EHS 主管,企业职位,阿尔西制冷工程技术(北京)有限公司,500-999人,,郑州,廊坊-固安县,统招本科,10年以上,20-30k,,,,https://www.liepin.com/job/1979020833.shtml,20260519144605,,,,
155587,猎聘,能源/化工/环保,化学,Z-研发工程师,企业职位,某国内大型化工公司,5000-10000人,,郑州,保定,硕士,1-3年,18-30k,,,,https://www.liepin.com/a/75529815.shtml,20260511163325,,,,
155588,猎聘,能源/化工/环保,化学,OLED合成工程师,企业职位,诚志永华,500-999人,,郑州,石家庄,硕士,3-5年,10-15k,,,,https://www.liepin.com/job/1940885775.shtml,20241128134203,,,,
155589,猎聘,能源/化工/环保,化学,研发工程师,企业职位,昆仑材料,500-999人,,郑州,廊坊-香河县,硕士,5-10年,薪资面议,,,,https://www.liepin.com/job/1967521507.shtml,20260602163006,,,,
155590,猎聘,能源/化工/环保,化学,QA经理/质量经理,企业职位,某制药公司,50-99人,,郑州,石家庄,本科,5-10年,20-30k,,,,https://www.liepin.com/a/75881959.shtml,20260608105220,,,,
155591,猎聘,能源/化工/环保,化学,高级分析研究员,企业职位,某上海专业技术服务公司,100-499人,,郑州,石家庄,硕士,5年以上,30-50k,,,,https://www.liepin.com/a/75709893.shtml,20260516153730,,,,
155592,猎聘,能源/化工/环保,化学,药物研发—分析、制剂、合成研究员,企业职位,河北智恒医药科技股份有限公司,100-499人,,郑州,石家庄,大专,1年以下,4-8k,,,,https://www.liepin.com/job/1932503667.shtml,20221227092844,,,,
155593,猎聘,能源/化工/环保,化学,区域销售经理（河北）,企业职位,携光生物,100-499人,,郑州,唐山-曹妃甸区,大专,1年以上,7-12k,,,,https://www.liepin.com/job/1981971507.shtml,20260601112356,,,,
155594,猎聘,能源/化工/环保,化学,供应部科员,企业职位,河北天成药业股份有限公司,1000-2000人,,郑州,沧州,统招本科,1-3年,5-8k,,,,https://www.liepin.com/job/1958006729.shtml,20260603142139,,,,
155595,猎聘,能源/化工/环保,化学,生产部部长,企业职位,河北天成药业股份有限公司,1000-2000人,,郑州,沧州,本科,5-10年,8-15k,,,,https://www.liepin.com/job/1961984115.shtml,20260603142114,,,,
155596,猎聘,能源/化工/环保,化学,高级有机合成研发员（工作地点：河北衡水）,企业职位,天津利安隆新材料股份有限公司,2000-5000人,,郑州,衡水-武邑县,硕士,经验不限,8-12k·13薪,,,,https://www.liepin.com/job/1976234289.shtml,20250804142938,,,,
155597,猎聘,能源/化工/环保,化学,生产总监,企业职位,以岭药业,10000人以上,,郑州,石家庄-裕华区,统招本科,10年以上,薪资面议,,,,https://www.liepin.com/job/1982305341.shtml,20260507114734,,,,
155598,猎聘,能源/化工/环保,化学,食品安全总监,企业职位,今麦郎,10000人以上,,郑州,邢台-隆尧县,本科,5年以上,50-65k,,,,https://www.liepin.com/job/1974901945.shtml,20260519171355,,,,
155599,猎聘,能源/化工/环保,化学,渤海分公司生产车间工艺员、质量管理员,企业职位,河北天成药业股份有限公司,1000-2000人,,郑州,沧州,大专,1-3年,6-9k·13薪,,,,https://www.liepin.com/job/1961984229.shtml,20260603142133,,,,
155600,猎聘,能源/化工/环保,化学,高级有机合成研发员（工作地点：衡水）,企业职位,天津利安隆新材料股份有限公司,2000-5000人,,郑州,衡水-武邑县,硕士,5-10年,8-12k·13薪,,,,https://www.liepin.com/job/1976234405.shtml,20250804143138,,,,
155601,猎聘,能源/化工/环保,化学,质量管理部部长,企业职位,河北天成药业股份有限公司,1000-2000人,,郑州,沧州,统招本科,3-5年,8-10k,,,,https://www.liepin.com/job/1961825307.shtml,20260603142139,,,,
155602,猎聘,能源/化工/环保,化学,制剂出口销售经理,企业职位,河北天成药业股份有限公司,1000-2000人,,郑州,沧州,统招本科,2年以上,16-30k,,,,https://www.liepin.com/job/1974261009.shtml,20260603142121,,,,
155603,猎聘,能源/化工/环保,化学,国内注册主管4544,企业职位,以岭药业,10000人以上,,郑州,石家庄-裕华区,本科,3-5年,10-15k,,,,https://www.liepin.com/job/1951596435.shtml,20220803090227,,,,
155604,猎聘,能源/化工/环保,化学,国际注册主管/副经理（欧美）,企业职位,以岭药业,10000人以上,,郑州,石家庄-裕华区,本科,3-5年,10-15k,,,,https://www.liepin.com/job/1951596277.shtml,20220803085811,,,,
155605,猎聘,能源/化工/环保,化学,测试技术工程师（动力电池）,企业职位,蜂巢能源科技股份有限公司保定分公司,1000-2000人,,郑州,保定,本科,经验不限,4-9k,,,,https://www.liepin.com/job/1935095657.shtml,20210114142729,,,,
155606,猎聘,能源/化工/环保,化学,检测工程师,企业职位,昆仑材料,500-999人,,郑州,廊坊-香河县,本科,1年以上,7-15k,,,,https://www.liepin.com/job/1978869901.shtml,20251202172634,,,,
155607,猎聘,能源/化工/环保,化学,实验室化验员（外派印尼）,企业职位,寒锐钴业,1000-2000人,,郑州,石家庄-桥西区,大专,2年以上,16-19k·13薪,,,,https://www.liepin.com/job/1973271461.shtml,20250320113327,,,,
155608,猎聘,能源/化工/环保,化学,分析研究员,企业职位,河北桑迪亚,100-499人,,郑州,石家庄-裕华区,本科,3-5年,5-10k,,,,https://www.liepin.com/job/1946249225.shtml,20220929113927,,,,
155609,猎聘,能源/化工/环保,化学,安全管理员,企业职位,北京百灵威科技有限公司,100-499人,,郑州,廊坊-大厂县,大专,1-3年,3-5k,,,,https://www.liepin.com/job/1940102073.shtml,20220415115639,,,,
155610,猎聘,能源/化工/环保,化学,有机合成实验室助理,企业职位,北京颖诺凯胜科技有限公司,1-49人,,郑州,石家庄-裕华区,本科,1年以下,4-5k,,,,https://www.liepin.com/job/1935854527.shtml,20210218100402,,,,
155611,猎聘,能源/化工/环保,化学,高级硅碳研发工程师,企业职位,坤天新能源,1000-2000人,,郑州,石家庄-元氏县,硕士,5-10年,25-30k,,,,https://www.liepin.com/job/1977147355.shtml,20260413163857,,,,
155612,猎聘,能源/化工/环保,化学,烧碱车间技术工程师,企业职位,唐山裕隆新材料科技有限公司,100-499人,,郑州,唐山-曹妃甸区,本科,5年以上,8-12k,,,,https://www.liepin.com/job/1972412067.shtml,20250214172539,,,,
155613,猎聘,能源/化工/环保,化学,安环经理（科恒公司）,企业职位,华普石家庄医药有限公司,100-499人,,郑州,石家庄-栾城区,大专,5年以上,10-15k,,,,https://www.liepin.com/job/1982195215.shtml,20260429153502,,,,
155614,猎聘,能源/化工/环保,化学,销售代表,企业职位,中航试金石检测科技(大厂)有限公司,1000-2000人,,郑州,廊坊-大厂县,本科,5-10年,6-12k,,,,https://www.liepin.com/job/1983053197.shtml,20260602091929,,,,
155615,猎聘,能源/化工/环保,化学,OLED器件专家,企业职位,品首企业管理,1-49人,,郑州,石家庄-裕华区,硕士,6年以上,35-45k·16薪,,,,https://www.liepin.com/job/1970390111.shtml,20260604223624,,,,
155616,猎聘,能源/化工/环保,化学,现场品控专员,企业职位,明康汇(浙江)智慧牧业有限公司,100-499人,,郑州,邢台-威县,大专,1年以上,4-5k·13薪,,,,https://www.liepin.com/job/1982490713.shtml,20260601141035,,,,
155617,猎聘,能源/化工/环保,化学,液相色谱仪器研发总监,企业职位,江苏汉邦科技股份有限公司,500-999人,,郑州,石家庄,硕士,5-10年,15-25k,,,,https://www.liepin.com/job/1974095829.shtml,20260213144556,,,,
155618,猎聘,能源/化工/环保,化学,外贸销售员,企业职位,河北天成药业股份有限公司,1000-2000人,,郑州,沧州,本科,1-3年,6-10k,,,,https://www.liepin.com/job/1961984107.shtml,20260603142139,,,,
155619,猎聘,能源/化工/环保,化学,涂层研发岗,企业职位,河北金力新能源科技有限公司,2000-5000人,,郑州,邯郸-永年区,硕士,经验不限,薪资面议,,,,https://www.liepin.com/job/1979788871.shtml,20260115145459,,,,
155620,猎聘,能源/化工/环保,化学,天成药业研发人员,企业职位,河北天成药业股份有限公司,1000-2000人,,郑州,沧州,本科,1-3年,5-8k,,,,https://www.liepin.com/job/1961984181.shtml,20260603142133,,,,
155621,猎聘,能源/化工/环保,化学,大客户经理（基本工资+提成）,企业职位,河北镁神科技股份有限公司,100-499人,,郑州,邢台-襄都区,本科,5年以上,8-10k,,,,https://www.liepin.com/job/1974270383.shtml,20260512182421,,,,
155622,猎聘,能源/化工/环保,化学,技术员,企业职位,唐山偶联硅业有限公司,100-499人,,郑州,唐山-曹妃甸区,本科,2年以上,5-6k,,,,https://www.liepin.com/job/1982295021.shtml,20260507092439,,,,
155623,猎聘,能源/化工/环保,化学,大区销售总监,企业职位,金正环保,100-499人,,郑州,石家庄-桥西区,本科,5-10年,15-30k,,,,https://www.liepin.com/job/1918772123.shtml,20260526101923,,,,
155624,猎聘,能源/化工/环保,化学,化药合成研究员(001829),企业职位,以岭药业,10000人以上,,郑州,石家庄,硕士,5年以上,10-20k,,,,https://www.liepin.com/job/1934579895.shtml,20260602155522,,,,
155625,猎聘,能源/化工/环保,化学,MSAT上游负责人,企业职位,某上海制药上市公司,5000-10000人,,郑州,石家庄,硕士,10年以上,50-70k,,,,https://www.liepin.com/a/75513217.shtml,20260511171522,,,,
155626,猎聘,能源/化工/环保,化学,热处理工程师,企业职位,某机械/设备公司,1000-2000人,,郑州,沧州,学历不限,5年以上,15-20k,,,,https://www.liepin.com/a/75110067.shtml,20260427171803,,,,
155627,猎聘,能源/化工/环保,化学,车间副主任（烧碱车间）,企业职位,唐山裕隆新材料科技有限公司,100-499人,,郑州,唐山-曹妃甸区,本科,5年以上,10-15k,,,,https://www.liepin.com/job/1980365965.shtml,20260224152926,,,,
155628,猎聘,能源/化工/环保,化学,燃料电池设计工程师,企业职位,FEV,100-499人,,郑州,廊坊-三河,本科,3年以上,15-25k·13薪,,,,https://www.liepin.com/job/1981260041.shtml,20260521084458,,,,
155629,猎聘,能源/化工/环保,化学,理化分析工程师,企业职位,天集化工助剂(沧州)有限公司,100-499人,,郑州,沧州-黄骅,本科,3年以上,6-9k,,,,https://www.liepin.com/job/1981064359.shtml,20260319084447,,,,
155630,猎聘,能源/化工/环保,化学,环氧氯丙烷工艺工程师,企业职位,唐山裕隆新材料科技有限公司,100-499人,,郑州,唐山-曹妃甸区,本科,5年以上,10-15k,,,,https://www.liepin.com/job/1980365555.shtml,20260224152328,,,,
155631,猎聘,能源/化工/环保,化学,环境/健康/安全管理,企业职位,某大型知名新能源公司,2000-5000人,,郑州,承德-丰宁县,统招本科,10年以上,25-35k·14薪,,,,https://www.liepin.com/a/74599287.shtml,20260414102512,,,,
155632,猎聘,能源/化工/环保,化学,高级研发工程师（工作地点：河北衡水）,企业职位,天津利安隆新材料股份有限公司,2000-5000人,,郑州,衡水-武邑县,硕士,1-3年,7-12k·13薪,,,,https://www.liepin.com/job/1958759269.shtml,20240104150519,,,,
155633,猎聘,能源/化工/环保,化学,生产车间主管—炼胶车间,企业职位,优科豪马轮胎工业(邢台)有限公司,100-499人,,郑州,邢台-信都区,大专,5-10年,6-10k,,,,https://www.liepin.com/job/1981370411.shtml,20260518155850,,,,
155634,猎聘,能源/化工/环保,化学,国际注册主管/副经理（新兴市场）,企业职位,以岭药业,10000人以上,,郑州,石家庄-裕华区,本科,3-5年,10-15k,,,,https://www.liepin.com/job/1951596913.shtml,20220803091535,,,,
155635,猎聘,能源/化工/环保,化学,研发工程师,企业职位,北京麦尔得科技有限公司,100-499人,,郑州,承德-双桥区,硕士,1-3年,10-15k,,,,https://www.liepin.com/job/1976564487.shtml,20250923091825,,,,
155636,猎聘,能源/化工/环保,化学,工艺设计师/设计经理（发酵方向）(J10224),企业职位,天俱时集团,500-999人,,郑州,石家庄,本科,3年以上,20-35k,,,,https://www.liepin.com/job/1981449135.shtml,20260528232201,,,,
155637,猎聘,能源/化工/环保,化学,固废处理工程师,企业职位,河北翔宇环保科技有限公司,100-499人,,郑州,石家庄-赵县,本科,3-5年,6-15k,,,,https://www.liepin.com/job/1959393023.shtml,20240429152824,,,,
155638,猎聘,能源/化工/环保,化学,有机合成,企业职位,泰比棣医药科技(石家庄)有限公司,1-49人,,郑州,石家庄-裕华区,本科,3-5年,10-15k·13薪,,,,https://www.liepin.com/job/1958478143.shtml,20240219110935,,,,
155639,猎聘,能源/化工/环保,化学,药物合成研究员,企业职位,河北绪必迪医药科技有限公司,1-49人,,郑州,沧州,统招本科,1-3年,6-10k,,,,https://www.liepin.com/job/1931121097.shtml,20241211141404,,,,
155640,猎聘,能源/化工/环保,化学,课题组长,企业职位,沧州那瑞化学科技有限公司,100-499人,,郑州,沧州,硕士,3-5年,10-25k,,,,https://www.liepin.com/job/1915080710.shtml,20240905143942,,,,
155641,猎聘,能源/化工/环保,化学,采购专员/助理,企业职位,诚志永华,500-999人,,郑州,石家庄,统招本科,3-5年,6-8k·15薪,,,,https://www.liepin.com/job/1950400383.shtml,20220615133809,,,,
155642,猎聘,能源/化工/环保,化学,分析测试主管,企业职位,硅研电子,1-49人,,郑州,石家庄-裕华区,本科,3-5年,10-15k,,,,https://www.liepin.com/job/1966231765.shtml,20240718175107,,,,
155643,猎聘,能源/化工/环保,化学,职业卫生检测工程师,企业职位,河北民科检测技术有限公司,1-49人,,郑州,廊坊-广阳区,大专,1-3年,4-7k,,,,https://www.liepin.com/job/1951001069.shtml,20220714211544,,,,
155644,猎聘,能源/化工/环保,化学,其他高级管理,企业职位,河北宇辰医药科技有限公司,1-49人,,郑州,石家庄,本科,3-5年,8-12k,,,,https://www.liepin.com/job/1927769675.shtml,20211223154324,,,,
155645,猎聘,能源/化工/环保,化学,药品研发-药物合成,企业职位,河北智恒医药科技股份有限公司,100-499人,,郑州,石家庄,大专,1-3年,6-8k,,,,https://www.liepin.com/job/1932504361.shtml,20221227092844,,,,
155646,猎聘,能源/化工/环保,化学,原料药质量部部长,企业职位,河北天成药业股份有限公司,1000-2000人,,郑州,沧州,本科,3-5年,10-13k·13薪,,,,https://www.liepin.com/job/1961984211.shtml,20260603142133,,,,
155647,猎聘,能源/化工/环保,化学,生产运营主管,企业职位,河北合佳医药科技集团股份有限公司,500-999人,,郑州,石家庄-裕华区,本科,1-3年,10-15k,,,,https://www.liepin.com/job/1982722423.shtml,20260521084347,,,,
155648,猎聘,能源/化工/环保,化学,技术型销售工程师-河北,企业职位,北京青莲百奥生物科技有限公司,100-499人,,郑州,石家庄-长安区,硕士,1-3年,10-20k,,,,https://www.liepin.com/job/1982868849.shtml,20260526133633,,,,
155649,猎聘,能源/化工/环保,化学,有机合成工程师,企业职位,诚志永华,500-999人,,郑州,石家庄-裕华区,硕士,1-3年,8-12k·16薪,,,,https://www.liepin.com/job/1976915201.shtml,20260511144922,,,,
155650,猎聘,能源/化工/环保,化学,药械研发工程师,企业职位,康誉医疗,100-499人,,郑州,石家庄,统招本科,1-3年,11-16k,,,,https://www.liepin.com/job/1978846269.shtml,20260522102732,,,,
155651,猎聘,能源/化工/环保,化学,AI大数据算法,企业职位,蜂巢能源科技股份有限公司,5000-10000人,,郑州,保定-莲池区,本科,5-10年,20-30k·17薪,,,,https://www.liepin.com/job/1981999185.shtml,20260519134217,,,,
155652,猎聘,能源/化工/环保,化学,大分子分析负责人,企业职位,某国内制药上市公司,10000人以上,,郑州,石家庄,硕士,5-10年,35-50k,,,,https://www.liepin.com/a/75642029.shtml,20260609092448,,,,
155653,猎聘,能源/化工/环保,化学,外贸注册专员,企业职位,河北天成药业股份有限公司,1000-2000人,,郑州,沧州,本科,1年以上,5-8k,,,,https://www.liepin.com/job/1980477653.shtml,20260603142121,,,,
155654,猎聘,能源/化工/环保,化学,IVD售后工程师（河北省）,企业职位,仁迈生物,100-499人,,郑州,保定-莲池区,大专,3-5年,7-9k·13薪,,,,https://www.liepin.com/job/1982285859.shtml,20260609093945,,,,
155655,猎聘,能源/化工/环保,化学,推广专员(J23181),企业职位,扬子江,10000人以上,,郑州,保定-定州,本科,1-3年,8-15k,,,,https://www.liepin.com/job/1975104407.shtml,20260212111811,,,,
155656,猎聘,能源/化工/环保,化学,材料研发工程师,企业职位,爱迪特(秦皇岛)科技股份有限公司,500-999人,,郑州,秦皇岛,硕士,3年以上,10-22k,,,,https://www.liepin.com/job/1973814095.shtml,20250425080350,,,,
155657,猎聘,能源/化工/环保,化学,工艺工程师,企业职位,国轩高科,10000人以上,,郑州,唐山-路北区,本科,1-3年,8-12k,,,,https://www.liepin.com/job/1971749463.shtml,20250103143307,,,,
155658,猎聘,能源/化工/环保,化学,QC检测员（涿州）,企业职位,中科奥格,50-99人,,郑州,保定-涿州,大专,2年以上,5-7k,,,,https://www.liepin.com/job/1980658805.shtml,20260429161858,,,,
155659,猎聘,能源/化工/环保,化学,现场QA【五险一金】,企业职位,石家庄龙泽制药股份有限公司,500-999人,,郑州,石家庄,大专,1-3年,5-7k,,,,https://www.liepin.com/job/1922775491.shtml,20260508091859,,,,
155660,猎聘,能源/化工/环保,化学,医疗器械研发工程师,企业职位,河北爱能生物科技股份有限公司,100-499人,,郑州,石家庄-藁城区,硕士,5-10年,8-12k,,,,https://www.liepin.com/job/1956370719.shtml,20231206114706,,,,
155661,猎聘,能源/化工/环保,化学,研发工程师—有机合成方向,企业职位,诚志永华,500-999人,,郑州,石家庄,硕士,3-5年,8-10k·15薪,,,,https://www.liepin.com/job/1931282461.shtml,20260511144922,,,,
155662,猎聘,能源/化工/环保,化学,焦油研发工程师(J11449),企业职位,旭阳集团,10000人以上,,郑州,邢台-襄都区,博士,1-3年,25-30k,,,,https://www.liepin.com/job/1961278523.shtml,20230831154702,,,,
155663,猎聘,能源/化工/环保,化学,乳品推广工程师,企业职位,河北乐檬生物科技有限公司,100-499人,,郑州,石家庄-正定县,本科,5年以上,10-20k,,,,https://www.liepin.com/job/1980481127.shtml,20260526102944,,,,
155664,猎聘,能源/化工/环保,化学,品质经理/总监,企业职位,河北铨熠企业管理咨询有限公司,1-49人,,郑州,保定-莲池区,本科,5年以上,12-20k,,,,https://www.liepin.com/job/1977706263.shtml,20260509082736,,,,
155665,猎聘,能源/化工/环保,化学,食品研发经理,企业职位,秦皇岛稷中食品有限公司,50-99人,,郑州,秦皇岛-海港区,本科,经验不限,8-10k,,,,https://www.liepin.com/job/1979281177.shtml,20260104135648,,,,
155666,猎聘,能源/化工/环保,化学,有机合成,企业职位,中国乐凯集团有限公司,5000-10000人,,郑州,保定-竞秀区,硕士,1-3年,5-10k,,,,https://www.liepin.com/job/1981310061.shtml,20260327171919,,,,
155667,猎聘,能源/化工/环保,化学,文检鉴定人助理,企业职位,科鉴集团有限公司,100-499人,,郑州,沧州-沧县,本科,经验不限,3-5k,,,,https://www.liepin.com/job/1976884151.shtml,20260318100806,,,,
155668,猎聘,能源/化工/环保,化学,肉制品推广工程师,企业职位,河北乐檬生物科技有限公司,100-499人,,郑州,石家庄-正定县,本科,5年以上,10-20k,,,,https://www.liepin.com/job/1976181973.shtml,20260526102944,,,,
155669,猎聘,能源/化工/环保,化学,高级材料研发工程师（有机、无机、高分子、3D打印）,企业职位,爱迪特(秦皇岛)科技股份有限公司,500-999人,,郑州,秦皇岛-海港区,硕士,5-10年,30-50k,,,,https://www.liepin.com/job/1981263467.shtml,20260326133822,,,,
155670,猎聘,能源/化工/环保,化学,制剂研发,企业职位,河北圣雪大成制药有限责任公司,5000-10000人,,郑州,石家庄-栾城区,硕士,5年以上,7-12k,,,,https://www.liepin.com/job/1979742381.shtml,20260114084628,,,,
155671,猎聘,能源/化工/环保,化学,实验室分析技术人员,企业职位,金地科技发展集团,100-499人,,郑州,邯郸-邯山区,本科,3-5年,3-6k,,,,https://www.liepin.com/job/1978386441.shtml,20260223153839,,,,
155672,猎聘,能源/化工/环保,化学,研发工程师,企业职位,石家庄华莱鼎盛科技有限公司,100-499人,,郑州,石家庄-新华区,统招本科,经验不限,15-25k,,,,https://www.liepin.com/job/1940213291.shtml,20251110143141,,,,
155673,猎聘,能源/化工/环保,化学,质量运营总监,企业职位,河北合佳医药科技集团股份有限公司,500-999人,,郑州,石家庄-裕华区,本科,10年以上,18-25k,,,,https://www.liepin.com/job/1981086303.shtml,20260319152132,,,,
155674,猎聘,能源/化工/环保,化学,有机合成研究员,企业职位,昆仑材料,500-999人,,郑州,廊坊-香河县,硕士,经验不限,15-25k·13薪,,,,https://www.liepin.com/job/1977624457.shtml,20251202173848,,,,
155675,猎聘,能源/化工/环保,化学,产品工程师（药剂方向）,企业职位,汉麻投资集团有限公司,100-499人,,郑州,石家庄-裕华区,本科,2年以上,7-10k,,,,https://www.liepin.com/job/1977257463.shtml,20251212105757,,,,
155676,猎聘,能源/化工/环保,化学,技术负责人,企业职位,河北正态环境检测有限公司,1-49人,,郑州,石家庄,本科,3-5年,10-15k,,,,https://www.liepin.com/job/1942864045.shtml,20240312160243,,,,
155677,猎聘,能源/化工/环保,化学,QC检验员,企业职位,河北中伟制药有限公司,1-49人,,郑州,邯郸-馆陶县,大专,3-5年,3-5k,,,,https://www.liepin.com/job/1969599435.shtml,20240909153326,,,,
155678,猎聘,能源/化工/环保,化学,高分子研发工程师,企业职位,唐山曹妃甸映美科技有限公司,100-499人,,郑州,唐山-路南区,硕士,经验不限,8-10k,,,,https://www.liepin.com/job/1930798013.shtml,20240115092602,,,,
155679,猎聘,能源/化工/环保,化学,制剂研发项目主管,企业职位,石家庄龙泽制药股份有限公司,500-999人,,郑州,石家庄-裕华区,硕士,5-10年,12-16k,,,,https://www.liepin.com/job/1972572593.shtml,20250221100901,,,,
155680,猎聘,能源/化工/环保,化学,初中物化教师,企业职位,石家庄市鹿泉区智高点艺术培训学校,1-49人,,郑州,石家庄-鹿泉区,本科,经验不限,10-15k,,,,https://www.liepin.com/job/1973470449.shtml,20250328112749,,,,
155681,猎聘,能源/化工/环保,化学,研发工程师（金属表面处理方向）,企业职位,河北纳泰化工有限公司,50-99人,,郑州,石家庄,硕士,1-3年,6-15k,,,,https://www.liepin.com/job/1951615011.shtml,20250506152710,,,,
155682,猎聘,能源/化工/环保,化学,自清洁薄膜材料工程师,企业职位,北京天瑞星光热技术有限公司,50-99人,,郑州,沧州-运河区,硕士,2年以上,7-14k,,,,https://www.liepin.com/job/1973087213.shtml,20250326154656,,,,
155683,猎聘,能源/化工/环保,化学,录屏讲题老师-居家办公-不要教资,企业职位,合肥哲胜教育咨询有限公司,50-99人,,郑州,石家庄-裕华区,大专,经验不限,5-8k,,,,https://www.liepin.com/job/1961317701.shtml,20240524164022,,,,
155684,猎聘,能源/化工/环保,化学,检测工程师,企业职位,河北冠卓检测科技股份有限公司,100-499人,,郑州,石家庄-元氏县,本科,1-3年,4-9k,,,,https://www.liepin.com/job/1961244187.shtml,20230908140324,,,,
155685,猎聘,能源/化工/环保,化学,环境检测,企业职位,河北佰亿晟丰检测技术有限公司,50-99人,,郑州,唐山-迁安,大专,1-3年,3-8k,,,,https://www.liepin.com/job/1973620249.shtml,20250405104025,,,,
155686,猎聘,能源/化工/环保,化学,环境检测实验室负责人,企业职位,金地科技发展集团,100-499人,,郑州,邯郸-邯山区,本科,3-5年,6-8k,,,,https://www.liepin.com/job/1966491767.shtml,20240425102741,,,,
155687,猎聘,能源/化工/环保,化学,材料研发专家（固态技术领域）,猎头职位,某国内大型新能源公司,5000-10000人,,郑州,保定,博士,10年以上,50-75k·20薪,,,,https://www.liepin.com/a/76565155.shtml,20260609104540,,,,
155688,猎聘,能源/化工/环保,化学,固相合成载体研发工程师（核酸/多肽方向）,猎头职位,某国内制药公司,50-99人,,郑州,沧州,硕士,3-5年,15-25k,,,,https://www.liepin.com/a/74261819.shtml,20260608114040,,,,
155689,猎聘,能源/化工/环保,化学,生产总监（制剂）,猎头职位,某国内大型制药公司,1000-2000人,,郑州,沧州,本科,5-10年,20-35k,,,,https://www.liepin.com/a/73284503.shtml,20260312101024,,,,
155690,猎聘,能源/化工/环保,化学,热处理工程师,猎头职位,某国内机械/设备公司,100-499人,,郑州,沧州,本科,5-10年,15-25k·13薪,,,,https://www.liepin.com/a/75093159.shtml,20260427141027,,,,
155691,猎聘,能源/化工/环保,化学,生产总监（制剂）,猎头职位,某国内大型制药公司,1000-2000人,,郑州,沧州,本科,10年以上,15-25k,,,,https://www.liepin.com/a/74948175.shtml,20260422161229,,,,
155692,猎聘,能源/化工/环保,化学,知识产权经理,猎头职位,某国内专业技术服务公司,100-499人,,郑州,石家庄,硕士,5-10年,24-25k,,,,https://www.liepin.com/a/75015081.shtml,20260424091838,,,,
155693,猎聘,能源/化工/环保,化学,知识产权主管,猎头职位,某南京制药公司,50-99人,,郑州,石家庄,硕士,5-10年,25-30k,,,,https://www.liepin.com/a/75016003.shtml,20260424093127,,,,
155694,猎聘,能源/化工/环保,化学,质量运营总监,猎头职位,某国内制药上市公司,500-999人,,郑州,石家庄,本科,经验不限,18-25k,,,,https://www.liepin.com/a/73601029.shtml,20260319151659,,,,
155695,猎聘,能源/化工/环保,化学,原料药厂负责人,猎头职位,某北京制药公司,100-499人,,郑州,沧州,学历不限,5-10年,25-30k,,,,https://www.liepin.com/a/74695319.shtml,20260415202346,,,,
155696,猎聘,能源/化工/环保,化学,原料药生产总监,猎头职位,某国内大型制药公司,1000-2000人,,郑州,沧州,本科,5-10年,20-30k,,,,https://www.liepin.com/a/75192183.shtml,20260429151217,,,,
155697,猎聘,能源/化工/环保,化学,生产总经理,猎头职位,某国内制药上市公司,2000-5000人,,郑州,邯郸,统招本科,5-10年,30-40k,,,,https://www.liepin.com/a/75956745.shtml,20260609105310,,,,
155698,猎聘,能源/化工/环保,化学,IPQC高级主管,猎头职位,某国内大型新能源汽车公司,10000人以上,,郑州,沧州,大专,3-5年,12-20k·14薪,,,,https://www.liepin.com/a/74800921.shtml,20260609091443,,,,
155699,猎聘,能源/化工/环保,化学,生产经理,猎头职位,某国内制药公司,100-499人,,郑州,石家庄,学历不限,3-5年,18-25k,,,,https://www.liepin.com/a/74236781.shtml,20260403112359,,,,
155700,猎聘,能源/化工/环保,化学,研究院院长,猎头职位,某国内制药上市公司,500-999人,,郑州,石家庄,硕士,10年以上,50-60k,,,,https://www.liepin.com/a/73436009.shtml,20260316161915,,,,
155701,猎聘,能源/化工/环保,化学,药厂负责人,猎头职位,某北京制药上市公司,2000-5000人,,郑州,沧州,统招本科,10年以上,40-50k,,,,https://www.liepin.com/a/74674225.shtml,20260415144131,,,,
155702,猎聘,能源/化工/环保,化学,原料药厂负责人,猎头职位,某北京制药公司,100-499人,,郑州,沧州-黄骅,本科,10年以上,20-30k,,,,https://www.liepin.com/a/74705827.shtml,20260416101158,,,,
155703,猎聘,能源/化工/环保,化学,知识产权经理,猎头职位,某国内制药公司,100-499人,,郑州,石家庄,硕士,5-10年,15-25k,,,,https://www.liepin.com/a/74874237.shtml,20260421111110,,,,
155704,猎聘,能源/化工/环保,化学,设计整合岗位（oled行业招募）,猎头职位,某大型电子/半导体/集成电路公司,10000人以上,,郑州,廊坊-固安县,硕士,5-10年,30-50k·15薪,,,,https://www.liepin.com/a/74862501.shtml,20260609084058,,,,
155705,猎聘,能源/化工/环保,化学,版图设计/仿真研究员,猎头职位,某大型电子/半导体/集成电路公司,10000人以上,,郑州,廊坊-固安县,本科,3-5年,11-19k·14薪,,,,https://www.liepin.com/a/75481183.shtml,20260609084058,,,,
155706,猎聘,能源/化工/环保,化学,热处理工程师（紧固件）,猎头职位,某国内机械/设备公司,100-499人,,郑州,沧州,本科,5-10年,15-25k·14薪,,,,https://www.liepin.com/a/75640751.shtml,20260609100523,,,,
155707,猎聘,能源/化工/环保,化学,模拟版图设计工程师（AMOLED）,猎头职位,某大型电子/半导体/集成电路公司,10000人以上,,郑州,廊坊-固安县,统招本科,3-5年,11-20k·14薪,,,,https://www.liepin.com/a/75201055.shtml,20260609084058,,,,
155708,猎聘,能源/化工/环保,化学,材料工程师（硅碳）,猎头职位,某国内人力资源服务公司,50-99人,,郑州,石家庄,学历不限,3-5年,25-35k,,,,https://www.liepin.com/a/76581417.shtml,20260609144736,,,,
155709,猎聘,能源/化工/环保,化学,材料研发工程师（硅碳）,猎头职位,某国内人力资源服务公司,50-99人,,郑州,石家庄,硕士,3-5年,20-29k,,,,https://www.liepin.com/a/76568967.shtml,20260609112340,,,,
155710,猎聘,能源/化工/环保,化学,复合材料研发工程师,猎头职位,某国内人力资源服务公司,50-99人,,郑州,石家庄,统招本科,3-5年,23-35k,,,,https://www.liepin.com/a/76566833.shtml,20260609105946,,,,
155711,猎聘,能源/化工/环保,化学,知识产权经理,猎头职位,某国内制药公司,1-49人,,郑州,石家庄,硕士,5-10年,15-30k·13薪,,,,https://www.liepin.com/a/74325035.shtml,20260407142218,,,,
155712,猎聘,能源/化工/环保,化学,版图设计/仿真研究员,猎头职位,某大型电子/半导体/集成电路公司,10000人以上,,郑州,廊坊-固安县,统招本科,3-5年,11-19k·14薪,,,,https://www.liepin.com/a/74747665.shtml,20260609084058,,,,
155713,猎聘,能源/化工/环保,化学,系统开发岗,猎头职位,某国内大型新能源公司,5000-10000人,,郑州,保定,本科,5-10年,40-50k·17薪,,,,https://www.liepin.com/a/74485273.shtml,20260410112444,,,,
155714,猎聘,能源/化工/环保,化学,版图设计/仿真研究员,猎头职位,某大型电子/半导体/集成电路公司,10000人以上,,郑州,廊坊-固安县,本科,3-5年,11-19k·14薪,,,,https://www.liepin.com/a/75404195.shtml,20260609084058,,,,
155715,猎聘,能源/化工/环保,化学,生产厂长,猎头职位,某北京物业/商业管理上市公司,2000-5000人,,郑州,沧州,本科,3-5年,20-25k,,,,https://www.liepin.com/a/74670027.shtml,20260609085206,,,,
155716,猎聘,能源/化工/环保,化学,高级QA经理,猎头职位,某国内大型制药公司,1000-2000人,,郑州,石家庄,统招本科,3-5年,15-30k,,,,https://www.liepin.com/a/75218941.shtml,20260608174930,,,,
155717,猎聘,能源/化工/环保,化学,客户经理,猎头职位,某国内生物技术公司,100-499人,,郑州,邢台,学历不限,经验不限,6-10k,,,,https://www.liepin.com/a/74812061.shtml,20260420101912,,,,
155718,猎聘,能源/化工/环保,化学,算法工程师（电池/BMS算法）,猎头职位,某国内大型新能源公司,5000-10000人,,郑州,保定,学历不限,5-10年,22-40k·17薪,,,,https://www.liepin.com/a/75662457.shtml,20260609200719,,,,
155719,猎聘,能源/化工/环保,化学,技术总监,猎头职位,某合肥大型环保公司,500-999人,,郑州,石家庄,硕士,5-10年,30-50k,,,,https://www.liepin.com/a/75338057.shtml,20260507104411,,,,
155720,猎聘,能源/化工/环保,化学,沧州锂电：IPQC,猎头职位,某国内大型新能源公司,5000-10000人,,郑州,沧州,大专,3-5年,11-18k·13薪,,,,https://www.liepin.com/a/73614789.shtml,20260609223350,,,,
155721,猎聘,能源/化工/环保,化学,生产经理|鸡鸭酱卤全链条优先|晋升空间大,猎头职位,某国内大型农林牧渔公司,5000-10000人,,郑州,廊坊-香河县,学历不限,经验不限,10-15k,,,,https://www.liepin.com/a/75152613.shtml,20260608111414,,,,
155722,猎聘,能源/化工/环保,化学,AI专家（电池管理算法）,猎头职位,某国内大型新能源公司,5000-10000人,,郑州,保定,本科,5-10年,25-35k·17薪,,,,https://www.liepin.com/a/75055571.shtml,20260609200719,,,,
155723,猎聘,能源/化工/环保,化学,水处理工艺工程师,猎头职位,某国内知名公司,5000-10000人,,郑州,保定,统招本科,3-5年,17-18k,,,,https://www.liepin.com/a/76076149.shtml,20260605154714,,,,
155724,猎聘,能源/化工/环保,化学,食品研发经理（B端）,猎头职位,某北京食品/饮料/酒水公司,100-499人,,郑州,保定,学历不限,10年以上,15-30k·13薪,,,,https://www.liepin.com/a/75198443.shtml,20260429163143,,,,
155725,猎聘,能源/化工/环保,化学,热处理工程师（核电紧固件/锚栓方向）,猎头职位,某国内机械/设备公司,100-499人,,郑州,沧州,本科,5-10年,20-30k,,,,https://www.liepin.com/a/75379177.shtml,20260603200946,,,,
155726,猎聘,能源/化工/环保,化学,知识产权经理,猎头职位,某国内生物技术公司,1-49人,,郑州,石家庄,硕士,5-10年,20-25k,,,,https://www.liepin.com/a/74890643.shtml,20260519150405,,,,
155727,猎聘,能源/化工/环保,化学,高阻隔膜工程师,猎头职位,某国内知名化工公司,5000-10000人,,郑州,保定,硕士,3-5年,20-30k,,,,https://www.liepin.com/a/73950465.shtml,20260605233044,,,,
155728,猎聘,能源/化工/环保,化学,狭缝涂布工艺工程师,猎头职位,某国内大型化工公司,5000-10000人,,郑州,保定,本科,3-5年,20-25k,,,,https://www.liepin.com/a/76232085.shtml,20260531123741,,,,
155729,猎聘,能源/化工/环保,化学,OA经理,猎头职位,北京某上市生物制药股份公司,1-49人,,郑州,石家庄,本科,经验不限,30-60k·16薪,,,,https://www.liepin.com/a/75828877.shtml,20260519160218,,,,
155730,猎聘,能源/化工/环保,化学,知识产权经理-大型医药公司,猎头职位,某国内制药公司,1-49人,,郑州,石家庄,硕士,10年以上,25-30k,,,,https://www.liepin.com/a/75052963.shtml,20260424214149,,,,
155731,猎聘,能源/化工/环保,化学,QA经理,猎头职位,北京某上市生物制药股份公司,1-49人,,郑州,石家庄,本科,5年以上,30-60k·16薪,,,,https://www.liepin.com/a/75827637.shtml,20260519154753,,,,
155732,猎聘,能源/化工/环保,化学,知识产权经理,猎头职位,某南京制药公司,50-99人,,郑州,石家庄-栾城区,硕士,5-10年,18-22k·13薪,,,,https://www.liepin.com/a/75408979.shtml,20260511153959,,,,
155733,猎聘,能源/化工/环保,化学,药品注册主管,猎头职位,某南京制药公司,50-99人,,郑州,石家庄-栾城区,硕士,5-10年,15-20k·13薪,,,,https://www.liepin.com/a/75265519.shtml,20260511153959,,,,
155734,猎聘,能源/化工/环保,化学,销售代表,猎头职位,某国内生物技术公司,100-499人,,郑州,邢台,学历不限,3-10年,10-15k,,,,https://www.liepin.com/a/75047595.shtml,20260424173042,,,,
155735,猎聘,能源/化工/环保,化学,试验室化验员,猎头职位,某国内制药上市公司,2000-5000人,,郑州,石家庄-藁城区,统招本科,经验不限,3-5k,,,,https://www.liepin.com/a/75685985.shtml,20260525095016,,,,
155736,猎聘,能源/化工/环保,化学,知识产权经理,猎头职位,北京某上市生物制药股份公司,1-49人,,郑州,石家庄,本科,5-10年,25-30k,,,,https://www.liepin.com/a/74787565.shtml,20260417202522,,,,
155737,猎聘,能源/化工/环保,化学,狭缝涂布工艺工程师 柔性钙钛矿薄膜电池,猎头职位,国内高新投资产业集团,5000-10000人,,郑州,保定,硕士,1-3年,13-20k·15薪,,,,https://www.liepin.com/a/71930465.shtml,20260419062611,,,,
155738,猎聘,能源/化工/环保,化学,客户经理,猎头职位,某国内生物技术公司,100-499人,,郑州,邢台,大专,3-5年,10-15k,,,,https://www.liepin.com/a/75551611.shtml,20260512095637,,,,
155739,猎聘,能源/化工/环保,化学,BMS系统开发岗（需英语优秀）,猎头职位,某南京大型整车制造公司,10000人以上,,郑州,保定,统招本科,5-10年,25-50k,,,,https://www.liepin.com/a/75228927.shtml,20260512165158,,,,
155740,猎聘,能源/化工/环保,化学,外延技术专家,猎头职位,某深圳电子/半导体/集成电路公司,1-49人,,郑州,唐山-曹妃甸区,硕士,5-10年,25-45k,,,,https://www.liepin.com/a/75080725.shtml,20260427104630,,,,
155741,猎聘,能源/化工/环保,化学,镀覆工艺师 ,猎头职位,某国内科技金融上市公司,500-999人,,郑州,石家庄-鹿泉区,硕士,5年以上,16-30k,,,,https://www.liepin.com/a/74461215.shtml,20260414125741,,,,
155742,猎聘,能源/化工/环保,化学,客户经理,猎头职位,某国内生物技术公司,100-499人,,郑州,邢台,学历不限,1-3年,15-20k,,,,https://www.liepin.com/a/75148073.shtml,20260428150513,,,,
155743,猎聘,能源/化工/环保,化学,禽药饲料添加剂研发经理,猎头职位,某国内制药公司,100-499人,,郑州,保定,博士,5-10年,15-30k,,,,https://www.liepin.com/a/76553157.shtml,20260609085417,,,,
155744,猎聘,能源/化工/环保,化学,三元材料研发专家,猎头职位,某国内大型新能源公司,5000-10000人,,郑州,保定,统招本科,10年以上,35-60k·20薪,,,,https://www.liepin.com/a/76544779.shtml,20260608175935,,,,
155745,猎聘,能源/化工/环保,化学,制剂质量总监,猎头职位,某国内大型制药公司,1000-2000人,,郑州,沧州,硕士,10年以上,15-30k,,,,https://www.liepin.com/a/76505947.shtml,20260608115009,,,,
155746,猎聘,能源/化工/环保,化学,化学分析员,企业职位,广州佐景传媒有限公司,50-99人,,青岛,哈尔滨-南岗区,大专,1年以上,8-12k·13薪,,,,https://www.liepin.com/job/1983162091.shtml,20260609083004,,,,
155747,猎聘,能源/化工/环保,化学,化学分析检测,企业职位,佳木斯市永红建筑工程质量检测有限公司,1-49人,,青岛,佳木斯,本科,经验不限,3-5k,,,,https://www.liepin.com/job/1927565139.shtml,20200419090653,,,,
155748,猎聘,能源/化工/环保,化学,中学物理化学实验教师,企业职位,大庆猛犸科技培训学校有限责任公司,,,青岛,大庆-让胡路区,本科,2年以上,5-10k,,,,https://www.liepin.com/job/1973663609.shtml,20250408103858,,,,
155749,猎聘,能源/化工/环保,化学,高中物理化学老师,企业职位,大庆天达教育咨询有限公司,100-499人,,青岛,大庆,学历不限,3-5年,10-15k,,,,https://www.liepin.com/job/1962468489.shtml,20231025161912,,,,
155750,猎聘,能源/化工/环保,化学,化学教师编辑,企业职位,黑龙江省竹枫图书有限公司,50-99人,,青岛,哈尔滨-香坊区,本科,1-3年,3-5k,,,,https://www.liepin.com/job/1933493273.shtml,20201116142232,,,,
155751,猎聘,能源/化工/环保,化学,医学代表-肿瘤产品-哈尔滨,企业职位,阿斯利康,10000人以上,,青岛,哈尔滨-南岗区,统招本科,1-3年,7-11k·13薪,,,,https://www.liepin.com/job/1982731057.shtml,20260609095225,,,,
155752,猎聘,能源/化工/环保,化学,质量总监,企业职位,宇田医药,500-999人,,青岛,佳木斯-桦南县,统招本科,10年以上,15-26k·15薪,,,,https://www.liepin.com/job/1982387359.shtml,20260609080545,,,,
155753,猎聘,能源/化工/环保,化学,临床上量经理,企业职位,真奥药业集团有限公司,500-999人,,青岛,哈尔滨-道里区,大专,5年以上,12-18k,,,,https://www.liepin.com/job/1976505917.shtml,20260609091102,,,,
155754,猎聘,能源/化工/环保,化学,产品经理（械）,企业职位,敷尔佳,500-999人,,青岛,哈尔滨-松北区,本科,1年以上,7-10k·13薪,,,,https://www.liepin.com/job/1982942619.shtml,20260528112708,,,,
155755,猎聘,能源/化工/环保,化学,GMP原料药车间主任,企业职位,宇田医药,500-999人,,青岛,佳木斯-桦南县,统招本科,5-10年,12-22k·14薪,,,,https://www.liepin.com/job/1965978493.shtml,20260609080545,,,,
155756,猎聘,能源/化工/环保,化学,安全主管,企业职位,牡丹江市农旅投资(集团)有限公司,2000-5000人,,青岛,牡丹江-爱民区,统招本科,5-10年,10-17k,,,,https://www.liepin.com/job/1982281761.shtml,20260602105059,,,,
155757,猎聘,能源/化工/环保,化学,OTC培训讲师,企业职位,真奥药业集团有限公司,500-999人,,青岛,哈尔滨-道里区,大专,3年以上,7-12k,,,,https://www.liepin.com/job/1974102247.shtml,20260609091102,,,,
155758,猎聘,能源/化工/环保,化学,化药质量负责人,企业职位,宇田医药,500-999人,,青岛,佳木斯-桦南县,统招本科,10年以上,15-25k·15薪,,,,https://www.liepin.com/job/1982109627.shtml,20260609080545,,,,
155759,猎聘,能源/化工/环保,化学,智慧实验室销售-东北,企业职位,睿科集团,500-999人,,青岛,哈尔滨-南岗区,本科,3年以上,10-20k,,,,https://www.liepin.com/job/1982971093.shtml,20260529094355,,,,
155760,猎聘,能源/化工/环保,化学,OTC培训推广,企业职位,真奥药业集团有限公司,500-999人,,青岛,哈尔滨-道里区,大专,3年以上,7-12k,,,,https://www.liepin.com/job/1980910315.shtml,20260609091109,,,,
155761,猎聘,能源/化工/环保,化学,研发部长,企业职位,万家宝鲜牛奶,1000-2000人,,青岛,哈尔滨-香坊区,本科,5年以上,10-20k,,,,https://www.liepin.com/job/1981450689.shtml,20260513172654,,,,
155762,猎聘,能源/化工/环保,化学,车工艺员,企业职位,宇田医药,500-999人,,青岛,佳木斯-桦南县,本科,3年以上,4-7k,,,,https://www.liepin.com/job/1981894631.shtml,20260609080545,,,,
155763,猎聘,能源/化工/环保,化学,乙醇工艺负责人,企业职位,嘉泽新能,100-499人,,青岛,鸡西-鸡冠区,本科,5-10年,12-20k,,,,https://www.liepin.com/job/1981278435.shtml,20260326172947,,,,
155764,猎聘,能源/化工/环保,化学,二类医疗器械研发员,企业职位,敷尔佳,500-999人,,青岛,哈尔滨-松北区,统招本科,3-5年,5-7k,,,,https://www.liepin.com/job/1982037525.shtml,20260423161045,,,,
155765,猎聘,能源/化工/环保,化学,农化配方师,企业职位,富尔农艺,100-499人,,青岛,齐齐哈尔,本科,5年以上,8-13k,,,,https://www.liepin.com/job/1971548547.shtml,20241223110422,,,,
155766,猎聘,能源/化工/环保,化学,产品经理（护肤）,企业职位,敷尔佳,500-999人,,青岛,哈尔滨-松北区,本科,2年以上,7-11k·13薪,,,,https://www.liepin.com/job/1982546305.shtml,20260514170507,,,,
155767,猎聘,能源/化工/环保,化学,实验室化验员,企业职位,瀚邦生物,100-499人,,青岛,哈尔滨-松北区,大专,经验不限,3-4k·14薪,,,,https://www.liepin.com/job/1977961727.shtml,20260114131253,,,,
155768,猎聘,能源/化工/环保,化学,分析检测工程师,企业职位,飞鹤乳业,10000人以上,,青岛,哈尔滨-双城区,硕士,7年以上,10-15k,,,,https://www.liepin.com/job/1979374327.shtml,20260525102825,,,,
155769,猎聘,能源/化工/环保,化学,EHS经理,企业职位,瀚邦生物,100-499人,,青岛,哈尔滨-松北区,本科,5年以上,10-12k·14薪,,,,https://www.liepin.com/job/1978738969.shtml,20251126150958,,,,
155770,猎聘,能源/化工/环保,化学,质量技术工程师,企业职位,葵花药业,5000-10000人,,青岛,哈尔滨-道里区,大专,3-5年,12-15k,,,,https://www.liepin.com/job/1977951001.shtml,20260206133057,,,,
155771,猎聘,能源/化工/环保,化学,研发总监,企业职位,哈尔滨裕昌食品有限公司,500-999人,,青岛,哈尔滨-平房区,本科,5-10年,10-20k,,,,https://www.liepin.com/job/1982855683.shtml,20260526094302,,,,
155772,猎聘,能源/化工/环保,化学,大区经理,企业职位,南京诺尔曼生物技术股份有限公司,500-999人,,青岛,哈尔滨-南岗区,本科,5-10年,15-30k·15薪,,,,https://www.liepin.com/job/1961282179.shtml,20260424085755,,,,
155773,猎聘,能源/化工/环保,化学,二类医疗器械研发员,企业职位,敷尔佳,500-999人,,青岛,哈尔滨-松北区,本科,3-5年,7-15k,,,,https://www.liepin.com/job/1982565851.shtml,20260515113038,,,,
155774,猎聘,能源/化工/环保,化学,能源技术员(J11443),企业职位,浙江新和成股份有限公司,10000人以上,,青岛,绥化-北林区,本科,1-3年,5-6k,,,,https://www.liepin.com/job/1972818263.shtml,20250303164414,,,,
155775,猎聘,能源/化工/环保,化学,木质素肥料研发经理,企业职位,济南圣泉集团,5000-10000人,,青岛,大庆-杜尔伯特县,本科,5-10年,15-25k,,,,https://www.liepin.com/job/1978491123.shtml,20251210143959,,,,
155776,猎聘,能源/化工/环保,化学,汽车涂装工艺工程师,企业职位,黑龙江云枫汽车有限公司,,,青岛,哈尔滨-平房区,本科,5年以上,10-16k,,,,https://www.liepin.com/job/1979978499.shtml,20260124141518,,,,
155777,猎聘,能源/化工/环保,化学,配色工程师,企业职位,黑龙江鑫达化工新材料有限公司,50-99人,,青岛,哈尔滨-平房区,大专,2年以上,15-29k,,,,https://www.liepin.com/job/1980329171.shtml,20260414105845,,,,
155778,猎聘,能源/化工/环保,化学,环保技术员,企业职位,济南圣泉集团,5000-10000人,,青岛,大庆-杜尔伯特县,本科,经验不限,5-8k,,,,https://www.liepin.com/job/1982308987.shtml,20260507135057,,,,
155779,猎聘,能源/化工/环保,化学,仿真软件开发工程师,企业职位,哈尔滨一芯科技有限公司,50-99人,,青岛,哈尔滨-南岗区,统招本科,经验不限,6-10k,,,,https://www.liepin.com/job/1978519989.shtml,20251117171200,,,,
155780,猎聘,能源/化工/环保,化学,微观参数仿真工程师（X）,企业职位,哈尔滨一芯科技有限公司,50-99人,,青岛,哈尔滨-南岗区,本科,1-3年,12-26k,,,,https://www.liepin.com/job/1979727017.shtml,20260113143937,,,,
155781,猎聘,能源/化工/环保,化学,高中答疑教师,企业职位,隆远教育,100-499人,,青岛,哈尔滨-道里区,统招本科,1-3年,3-7k,,,,https://www.liepin.com/job/1979051527.shtml,20251210151050,,,,
155782,猎聘,能源/化工/环保,化学,质量研发人员,企业职位,参鸽药业,100-499人,,青岛,齐齐哈尔,统招本科,3-5年,4-8k,,,,https://www.liepin.com/job/1943622347.shtml,20240805152251,,,,
155783,猎聘,能源/化工/环保,化学,环保工程师,企业职位,黑龙江汉武环保科技有限公司,1-49人,,青岛,哈尔滨-松北区,本科,5-10年,7-12k,,,,https://www.liepin.com/job/1966968711.shtml,20240516160122,,,,
155784,猎聘,能源/化工/环保,化学,技术售后,企业职位,迪乐普(哈尔滨)化工科技有限公司,1-49人,,青岛,哈尔滨-香坊区,本科,3-5年,7-12k,,,,https://www.liepin.com/job/1950012587.shtml,20220719152230,,,,
155785,猎聘,能源/化工/环保,化学,02_07、录课教师：【线上｜线下】,企业职位,哈尔滨超一代教育信息有限公司,5000-10000人,,青岛,哈尔滨-道里区,本科,经验不限,4-8k,,,,https://www.liepin.com/job/1938227965.shtml,20210416094947,,,,
155786,猎聘,能源/化工/环保,化学,质量主管,企业职位,飞鹤乳业,10000人以上,,青岛,齐齐哈尔-龙沙区,大专,3-5年,7-9k,,,,https://www.liepin.com/job/1962306133.shtml,20231018161853,,,,
155787,猎聘,能源/化工/环保,化学,录课教师,企业职位,哈尔滨超一代教育信息有限公司,5000-10000人,,青岛,哈尔滨-道里区,本科,经验不限,2-6k,,,,https://www.liepin.com/job/1937559883.shtml,20210416083534,,,,
155788,猎聘,能源/化工/环保,化学,大客户销售,企业职位,鑫达企业,1000-2000人,,青岛,哈尔滨-道里区,统招本科,1-3年,4-5k,,,,https://www.liepin.com/job/1951361163.shtml,20220725095253,,,,
155789,猎聘,能源/化工/环保,化学,实验室管理员,企业职位,中赢桥国际,50-99人,,青岛,大庆,大专,经验不限,3-4k,,,,https://www.liepin.com/job/1943942247.shtml,20211126165434,,,,
155790,猎聘,能源/化工/环保,化学,环境检测质控室职员,企业职位,哈尔滨市宇驰环境检测有限公司,50-99人,,青岛,哈尔滨-松北区,本科,经验不限,3-4k,,,,https://www.liepin.com/job/1930145691.shtml,20200722112324,,,,
155791,猎聘,能源/化工/环保,化学,化验员,企业职位,太子乐乳业,1000-2000人,,青岛,黑河-嫩江市,大专,经验不限,2-4k,,,,https://www.liepin.com/job/1952683325.shtml,20220920084729,,,,
155792,猎聘,能源/化工/环保,化学,在线监测设备维护工程师,企业职位,黑龙江省嘉源环保工程设备有限公司,1-49人,,青岛,哈尔滨,大专,经验不限,3-5k,,,,https://www.liepin.com/job/1945778657.shtml,20211218160701,,,,
155793,猎聘,能源/化工/环保,化学,技术型销售工程师-哈尔滨,企业职位,北京青莲百奥生物科技有限公司,100-499人,,青岛,哈尔滨-南岗区,硕士,经验不限,10-15k,,,,https://www.liepin.com/job/1981895065.shtml,20260420103053,,,,
155794,猎聘,能源/化工/环保,化学,医药信息沟通专员,企业职位,恒瑞医药,10000人以上,,青岛,哈尔滨,本科,1-3年,15-25k,,,,https://www.liepin.com/job/1959231545.shtml,20260513123752,,,,
155795,猎聘,能源/化工/环保,化学,谷氨酸钠（味精）厂长,企业职位,益海嘉里,2000-5000人,,青岛,齐齐哈尔-富裕县,本科,8年以上,25-35k,,,,https://www.liepin.com/job/1981741091.shtml,20260415095539,,,,
155796,猎聘,能源/化工/环保,化学,工艺工程师,企业职位,大连医诺生物股份有限公司,500-999人,,青岛,佳木斯-富锦,本科,3年以上,10-11k,,,,https://www.liepin.com/job/1982759075.shtml,20260522083201,,,,
155797,猎聘,能源/化工/环保,化学,医药信息沟通专员,企业职位,恒瑞医药,10000人以上,,青岛,齐齐哈尔-龙沙区,本科,1-3年,12-19k,,,,https://www.liepin.com/job/1982535467.shtml,20260526221828,,,,
155798,猎聘,能源/化工/环保,化学,医疗器械产品开发经理（外用/化妆品类）,企业职位,敷尔佳,500-999人,,青岛,哈尔滨-松北区,统招本科,5年以上,6-8k,,,,https://www.liepin.com/job/1981249973.shtml,20260326085821,,,,
155799,猎聘,能源/化工/环保,化学,厂长（生物萃取行业）,企业职位,河北万基房地产开发有限公司,100-499人,,青岛,佳木斯-富锦,本科,10年以上,15-30k,,,,https://www.liepin.com/job/1981914043.shtml,20260506103204,,,,
155800,猎聘,能源/化工/环保,化学,医药信息沟通专员,企业职位,恒瑞医药,10000人以上,,青岛,佳木斯-向阳区,本科,1-3年,15-21k,,,,https://www.liepin.com/job/1982089599.shtml,20260526221820,,,,
155801,猎聘,能源/化工/环保,化学,医药信息沟通专员,企业职位,恒瑞医药,10000人以上,,青岛,绥化-海伦,本科,1-3年,14-23k,,,,https://www.liepin.com/job/1981591621.shtml,20260526223438,,,,
155802,猎聘,能源/化工/环保,化学,医药信息沟通专员,企业职位,恒瑞医药,10000人以上,,青岛,黑河-爱辉区,本科,1-3年,14-23k,,,,https://www.liepin.com/job/1981591627.shtml,20260526223430,,,,
155803,猎聘,能源/化工/环保,化学,医药信息沟通专员,企业职位,恒瑞医药,10000人以上,,青岛,绥化-北林区,大专,1-3年,12-19k,,,,https://www.liepin.com/job/1979860767.shtml,20260526223416,,,,
155804,猎聘,能源/化工/环保,化学,医药信息沟通专员,企业职位,恒瑞医药,10000人以上,,青岛,鹤岗-工农区,本科,1-3年,14-23k,,,,https://www.liepin.com/job/1981445547.shtml,20260526223446,,,,
155805,猎聘,能源/化工/环保,化学,化验室主任,企业职位,黑龙江盛龙实业有限公司,500-999人,,青岛,哈尔滨-双城区,统招本科,3-5年,15-18k,,,,https://www.liepin.com/job/1963985565.shtml,20260401150021,,,,
155806,猎聘,能源/化工/环保,化学,销售代表,企业职位,深圳华大基因股份有限公司-,2000-5000人,,青岛,哈尔滨-松北区,统招本科,3-5年,8-12k,,,,https://www.liepin.com/job/1974000409.shtml,20250422094636,,,,
155807,猎聘,能源/化工/环保,化学,分离纯化研发工程师,企业职位,江苏汉邦科技股份有限公司,500-999人,,青岛,哈尔滨,本科,2年以上,6-10k,,,,https://www.liepin.com/job/1974095805.shtml,20260213144728,,,,
155808,猎聘,能源/化工/环保,化学,研发专员,企业职位,宇田医药,500-999人,,青岛,佳木斯-桦南县,统招本科,1-3年,7-15k,,,,https://www.liepin.com/job/1980147799.shtml,20260208101055,,,,
155809,猎聘,能源/化工/环保,化学,农艺师,企业职位,富尔农艺,100-499人,,青岛,哈尔滨,本科,5-10年,8-15k,,,,https://www.liepin.com/job/1971538319.shtml,20250616163534,,,,
155810,猎聘,能源/化工/环保,化学,三类医疗器械研发,企业职位,敷尔佳,500-999人,,青岛,哈尔滨-松北区,硕士,5年以上,15-24k,,,,https://www.liepin.com/job/1980507395.shtml,20260228111430,,,,
155811,猎聘,能源/化工/环保,化学,食品/饮料研发,企业职位,东方集团股份,100-499人,,青岛,哈尔滨-方正县,本科,2年以上,6-15k,,,,https://www.liepin.com/job/1976998383.shtml,20260211133601,,,,
155812,猎聘,能源/化工/环保,化学,食品调味研发工程师,企业职位,东方集团股份,100-499人,,青岛,哈尔滨-南岗区,本科,2年以上,6-15k,,,,https://www.liepin.com/job/1977004841.shtml,20260211133601,,,,
155813,猎聘,能源/化工/环保,化学,质量控制技术员QC Technician,企业职位,麦肯食品中国,500-999人,,青岛,哈尔滨-平房区,本科,3-5年,4-8k,,,,https://www.liepin.com/job/1968815173.shtml,20240805112705,,,,
155814,猎聘,能源/化工/环保,化学,兼职农化销售,企业职位,富尔农艺,100-499人,,青岛,哈尔滨,本科,5年以上,8-10k,,,,https://www.liepin.com/job/1979014645.shtml,20251209135037,,,,
155815,猎聘,能源/化工/环保,化学,销售总监,企业职位,海油来博,100-499人,,青岛,牡丹江-海林,本科,5年以上,35-45k,,,,https://www.liepin.com/job/1979567493.shtml,20260106131039,,,,
155816,猎聘,能源/化工/环保,化学,医学信息沟通专员 - 绥化,企业职位,晖致医药有限公司,10000人以上,,青岛,绥化-北林区,本科,1-3年,7-11k,,,,https://www.liepin.com/job/1980327971.shtml,20260213170417,,,,
155817,猎聘,能源/化工/环保,化学,医疗器械产品开发经理(外用/化妆品类),企业职位,敷尔佳,500-999人,,青岛,哈尔滨-松北区,本科,2年以上,8-15k,,,,https://www.liepin.com/job/1982565685.shtml,20260515112845,,,,
155818,猎聘,能源/化工/环保,化学,农化经理,企业职位,富尔农艺,100-499人,,青岛,哈尔滨-松北区,本科,5-10年,10-15k,,,,https://www.liepin.com/job/1968006105.shtml,20240925164348,,,,
155819,猎聘,能源/化工/环保,化学,质检技术员(J11365),企业职位,浙江新和成股份有限公司,10000人以上,,青岛,绥化-北林区,统招本科,1-3年,7-10k·14薪,,,,https://www.liepin.com/job/1969681439.shtml,20240912144734,,,,
155820,猎聘,能源/化工/环保,化学,农化事业部经理,企业职位,富尔农艺,100-499人,,青岛,哈尔滨-松北区,本科,5-10年,20-50k,,,,https://www.liepin.com/job/1968025347.shtml,20240925164311,,,,
155821,猎聘,能源/化工/环保,化学,农艺师,企业职位,富尔农艺,100-499人,,青岛,齐齐哈尔,本科,5-10年,8-15k,,,,https://www.liepin.com/job/1971538317.shtml,20241220154455,,,,
155822,猎聘,能源/化工/环保,化学,研发首席科学家,企业职位,黑龙江金象生化有限责任公司,1000-2000人,,青岛,哈尔滨-道里区,博士,5-10年,薪资面议,,,,https://www.liepin.com/job/1963197893.shtml,20250624161610,,,,
155823,猎聘,能源/化工/环保,化学,农化事业部经理,企业职位,富尔农艺,100-499人,,青岛,齐齐哈尔,本科,5-10年,10-15k,,,,https://www.liepin.com/job/1968013309.shtml,20240925164007,,,,
155824,猎聘,能源/化工/环保,化学,应用质量工程师(AQE),企业职位,ATL,10000人以上,,青岛,哈尔滨,本科,3-5年,8-12k·17薪,,,,https://www.liepin.com/job/1927396065.shtml,20201117195735,,,,
155825,猎聘,能源/化工/环保,化学,仪器销售工程师（哈尔滨）,企业职位,瑞士万通中国有限公司,100-499人,,青岛,哈尔滨-南岗区,本科,1-3年,10-15k·13薪,,,,https://www.liepin.com/job/1966251223.shtml,20240730085539,,,,
155826,猎聘,能源/化工/环保,化学,销售工程师-哈尔滨,企业职位,北京青莲百奥生物科技有限公司,100-499人,,青岛,哈尔滨-南岗区,硕士,经验不限,9-15k,,,,https://www.liepin.com/job/1980973089.shtml,20260316170039,,,,
155827,猎聘,能源/化工/环保,化学,实验室化验员,企业职位,瀚邦生物,100-499人,,青岛,哈尔滨-松北区,大专,经验不限,4-5k,,,,https://www.liepin.com/job/1978381049.shtml,20251111154232,,,,
155828,猎聘,能源/化工/环保,化学,降本研发经理,企业职位,黑龙江鑫达化工新材料有限公司,50-99人,,青岛,哈尔滨-平房区,本科,2年以上,12-27k,,,,https://www.liepin.com/job/1980329101.shtml,20260422125000,,,,
155829,猎聘,能源/化工/环保,化学,中试主管,企业职位,黑龙江鑫达化工新材料有限公司,50-99人,,青岛,哈尔滨-平房区,本科,3-5年,6-8k,,,,https://www.liepin.com/job/1980329123.shtml,20260414105845,,,,
155830,猎聘,能源/化工/环保,化学,技术主管,企业职位,誉衡药业,5000-10000人,,青岛,哈尔滨-延寿县,本科,经验不限,7-10k,,,,https://www.liepin.com/job/1981623727.shtml,20260409161807,,,,
155831,猎聘,能源/化工/环保,化学,生产总监,企业职位,宇田医药,500-999人,,青岛,佳木斯-桦南县,本科,5年以上,30-45k,,,,https://www.liepin.com/job/1974725051.shtml,20250527084402,,,,
155832,猎聘,能源/化工/环保,化学,工艺员（固体制剂/注射剂）,企业职位,哈尔滨三联药业股份有限公司,5000-10000人,,青岛,绥化-兰西县,统招本科,3年以上,5-10k,,,,https://www.liepin.com/job/1976487557.shtml,20250905153440,,,,
155833,猎聘,能源/化工/环保,化学,生产技术岗,企业职位,飞鹤乳业,10000人以上,,青岛,齐齐哈尔-克东县,本科,经验不限,5-6k,,,,https://www.liepin.com/job/1978244277.shtml,20251105150824,,,,
155834,猎聘,能源/化工/环保,化学,医疗器械销售代表,企业职位,普思百得(北京)科技发展有限公司,1-49人,,青岛,哈尔滨-道里区,本科,1年以上,4-9k·13薪,,,,https://www.liepin.com/job/1978697639.shtml,20260309102022,,,,
155835,猎聘,能源/化工/环保,化学,农化事业部经理,企业职位,富尔农艺,100-499人,,青岛,哈尔滨-松北区,本科,5-10年,20-50k,,,,https://www.liepin.com/job/1968026845.shtml,20240628181050,,,,
155836,猎聘,能源/化工/环保,化学,模型软件开发工程师,企业职位,哈尔滨一芯科技有限公司,50-99人,,青岛,哈尔滨-南岗区,硕士,1-3年,8-14k,,,,https://www.liepin.com/job/1979443175.shtml,20251229164852,,,,
155837,猎聘,能源/化工/环保,化学,销售工程师,企业职位,普思百得(北京)科技发展有限公司,1-49人,,青岛,哈尔滨-道里区,本科,1年以上,4-9k·13薪,,,,https://www.liepin.com/job/1978697535.shtml,20260309102022,,,,
155838,猎聘,能源/化工/环保,化学,农艺师,企业职位,富尔农艺,100-499人,,青岛,齐齐哈尔,本科,5年以上,8-15k,,,,https://www.liepin.com/job/1935696231.shtml,20250422151932,,,,
155839,猎聘,能源/化工/环保,化学,农化科研,企业职位,富尔农艺,100-499人,,青岛,齐齐哈尔,本科,5-10年,8-15k,,,,https://www.liepin.com/job/1973768631.shtml,20250411131806,,,,
155840,猎聘,能源/化工/环保,化学,实验室设备操作员,企业职位,山东科成医药科技有限公司北京分公司,1-49人,,青岛,哈尔滨-道外区,大专,1-8年,4-5k,,,,https://www.liepin.com/job/1978056275.shtml,20251028145820,,,,
155841,猎聘,能源/化工/环保,化学,提取工程师,企业职位,黑龙江伊恒生物科技有限公司,100-499人,,青岛,大庆-杜尔伯特县,本科,3-5年,8-12k,,,,https://www.liepin.com/job/1975425857.shtml,20250628091420,,,,
155842,猎聘,能源/化工/环保,化学,原料研究主管,企业职位,哈药集团,10000人以上,,青岛,哈尔滨-呼兰区,博士,1-3年,15-30k,,,,https://www.liepin.com/job/1967033201.shtml,20250703101635,,,,
155843,猎聘,能源/化工/环保,化学,制剂研究中心经理,企业职位,哈药集团,10000人以上,,青岛,哈尔滨-呼兰区,博士,1-3年,16-30k,,,,https://www.liepin.com/job/1967032963.shtml,20250723161549,,,,
155844,猎聘,能源/化工/环保,化学,染整工艺工程师,企业职位,哈尔滨众益阳光亚麻纺织有限公司,500-999人,,青岛,绥化-兰西县,大专,5-10年,8-15k,,,,https://www.liepin.com/job/1970950651.shtml,20251113165019,,,,
155845,猎聘,能源/化工/环保,化学,销售工程师,企业职位,普思百得(北京)科技发展有限公司,1-49人,,青岛,哈尔滨-道里区,本科,经验不限,4-8k,,,,https://www.liepin.com/job/1979242563.shtml,20251218162413,,,,
155846,猎聘,能源/化工/环保,化学,环境监测技术负责人,企业职位,黑龙江省泽峰环保科技有限公司,50-99人,,青岛,哈尔滨-道里区,本科,3-5年,6-9k,,,,https://www.liepin.com/job/1976039339.shtml,20250725142034,,,,
155847,猎聘,能源/化工/环保,化学,报告审核人,企业职位,黑龙江盛睿检测评价有限公司,,,青岛,绥化-北林区,本科,3年以上,5-6k,,,,https://www.liepin.com/job/1978029271.shtml,20251027161021,,,,
155848,猎聘,能源/化工/环保,化学,QA主任/经理,企业职位,誉衡药业,5000-10000人,,青岛,哈尔滨-呼兰区,统招本科,5-10年,6-12k,,,,https://www.liepin.com/job/1968747367.shtml,20240821164651,,,,
155849,猎聘,能源/化工/环保,化学,化验室主任,企业职位,黑龙江盛睿检测评价有限公司,,,青岛,绥化-北林区,大专,3-5年,5-6k,,,,https://www.liepin.com/job/1978029411.shtml,20251027161259,,,,
155850,猎聘,能源/化工/环保,化学,销售工程师,企业职位,黑龙江省天润检验检测研究院有限公司,50-99人,,青岛,哈尔滨-南岗区,大专,1-3年,5-6k,,,,https://www.liepin.com/job/1970446059.shtml,20250904152846,,,,
155851,猎聘,能源/化工/环保,化学,采购专员/经理全国,企业职位,小桔杨光,100-499人,,青岛,哈尔滨-道里区,学历不限,3-5年,12-24k,,,,https://www.liepin.com/job/1969878229.shtml,20250312172123,,,,
155852,猎聘,能源/化工/环保,化学,质管员,企业职位,黑龙江达仁堂医药有限责任公司,100-499人,,青岛,佳木斯-前进区,本科,1-3年,3-4k,,,,https://www.liepin.com/job/1974188259.shtml,20250429104917,,,,
155853,猎聘,能源/化工/环保,化学,销售经理,企业职位,哈尔滨鹏程新材料科技股份有限公司,100-499人,,青岛,哈尔滨-道里区,大专,3-5年,20-25k,,,,https://www.liepin.com/job/1970228009.shtml,20241016112818,,,,
155854,猎聘,能源/化工/环保,化学,生产项目工程师,企业职位,黑龙江默赛东科技有限公司,1-49人,,青岛,哈尔滨-南岗区,统招本科,经验不限,5-10k,,,,https://www.liepin.com/job/1971017921.shtml,20250311100036,,,,
155855,猎聘,能源/化工/环保,化学,QA,企业职位,多维集团,100-499人,,青岛,七台河-茄子河区,大专,10年以上,6-10k,,,,https://www.liepin.com/job/1964535171.shtml,20240419084823,,,,
155856,猎聘,能源/化工/环保,化学,药品采购员,企业职位,黑龙江常乐医药有限公司,100-499人,,青岛,哈尔滨-道里区,大专,1-3年,5-9k,,,,https://www.liepin.com/job/1962339351.shtml,20231019164306,,,,
155857,猎聘,能源/化工/环保,化学,环保水处理工程师,企业职位,哈尔滨工大博实环境工程有限责任公司,100-499人,,青岛,哈尔滨-道里区,统招本科,1-3年,5-10k,,,,https://www.liepin.com/job/1941253089.shtml,20210721075946,,,,
155858,猎聘,能源/化工/环保,化学,销售工程师-哈尔滨,企业职位,浙江博圣生物技术股份有限公司,500-999人,,青岛,哈尔滨,本科,3-5年,10-15k·14薪,,,,https://www.liepin.com/job/1940746479.shtml,20210705173611,,,,
155859,猎聘,能源/化工/环保,化学,高中物理教师,企业职位,大庆猛犸科技培训学校有限责任公司,,,青岛,大庆,本科,经验不限,5-10k,,,,https://www.liepin.com/job/1973658847.shtml,20250408092838,,,,
155860,猎聘,能源/化工/环保,化学,质量管理培训生,企业职位,飞鹤乳业,10000人以上,,青岛,齐齐哈尔-甘南县,本科,经验不限,7-8k,,,,https://www.liepin.com/job/1947945781.shtml,20220311084753,,,,
155861,猎聘,能源/化工/环保,化学,研发技术员,企业职位,黑龙江省北大荒绿色健康食品有限责任公司,100-499人,,青岛,佳木斯-东风区,硕士,1-3年,5-6k,,,,https://www.liepin.com/job/1968135919.shtml,20240924113111,,,,
155862,猎聘,能源/化工/环保,化学,QC,企业职位,多维集团,100-499人,,青岛,七台河-茄子河区,大专,5-10年,4-8k,,,,https://www.liepin.com/job/1964535231.shtml,20250321172355,,,,
155863,猎聘,能源/化工/环保,化学,研发员,企业职位,黑龙江省北大荒绿色健康食品有限责任公司,100-499人,,青岛,佳木斯-东风区,硕士,经验不限,5-7k,,,,https://www.liepin.com/job/1968269443.shtml,20240710160752,,,,
155864,猎聘,能源/化工/环保,化学,分析项目经理、分析研究员,企业职位,黑龙江省拜尔杰医药科技有限公司,1-49人,,青岛,哈尔滨-道里区,本科,经验不限,5-10k,,,,https://www.liepin.com/job/1957380203.shtml,20240607165147,,,,
155865,猎聘,能源/化工/环保,化学,管培生,企业职位,黑龙江伊品生物科技有限公司,5000-10000人,,青岛,大庆-杜尔伯特县,本科,经验不限,4-8k,,,,https://www.liepin.com/job/1960431983.shtml,20230801100547,,,,
155866,猎聘,能源/化工/环保,化学,医学检验员,企业职位,北京和合医学诊断技术股份有限公司,1000-2000人,,青岛,哈尔滨-道里区,大专,经验不限,3-5k,,,,https://www.liepin.com/job/1952842215.shtml,20220927111510,,,,
155867,猎聘,能源/化工/环保,化学,经营副总经理,企业职位,中投农牧集团(黑龙江)有限公司,500-999人,,青岛,哈尔滨-松北区,本科,10年以上,10-15k,,,,https://www.liepin.com/job/1954511535.shtml,20221227150503,,,,
155868,猎聘,能源/化工/环保,化学,环保技术总工程师,企业职位,哈尔滨工大博实环境工程有限责任公司,100-499人,,青岛,哈尔滨-南岗区,统招本科,5-10年,15-30k,,,,https://www.liepin.com/job/1947399749.shtml,20220223163843,,,,
155869,猎聘,能源/化工/环保,化学,实验室技术员,企业职位,黑龙江联生生物科技有限公司,1-49人,,青岛,哈尔滨,本科,1-3年,4-9k,,,,https://www.liepin.com/job/1937545317.shtml,20210326163932,,,,
155870,猎聘,能源/化工/环保,化学,环评编写,企业职位,哈尔滨驰文环保技术服务有限公司,1-49人,,青岛,哈尔滨,本科,经验不限,5-10k,,,,https://www.liepin.com/job/1956533785.shtml,20230228091006,,,,
155871,猎聘,能源/化工/环保,化学,高中语文老师,企业职位,哈尔滨万航教育信息咨询有限公司,50-99人,,青岛,鹤岗,本科,经验不限,3-6k,,,,https://www.liepin.com/job/1944186717.shtml,20211207105116,,,,
155872,猎聘,能源/化工/环保,化学,高中老师,企业职位,哈尔滨万航教育信息咨询有限公司,50-99人,,青岛,哈尔滨,本科,经验不限,3-6k,,,,https://www.liepin.com/job/1944199261.shtml,20220311095941,,,,
155873,猎聘,能源/化工/环保,化学,品控官,企业职位,牧原食品股份有限公司,10000人以上,,青岛,大庆,大专,经验不限,8-15k,,,,https://www.liepin.com/job/1943876297.shtml,20220329172029,,,,
155874,猎聘,能源/化工/环保,化学,GMP验证及风险评估专员（体系QA）,企业职位,哈尔滨恩维生物制药有限公司,1-49人,,青岛,哈尔滨-香坊区,大专,1-3年,3-4k,,,,https://www.liepin.com/job/1966140399.shtml,20240410135334,,,,
155875,猎聘,能源/化工/环保,化学,生物实验员,企业职位,哈尔滨中科赛恩斯生物技术有限公司,100-499人,,青岛,哈尔滨-松北区,大专,1-3年,4-7k,,,,https://www.liepin.com/job/1962963681.shtml,20231116101854,,,,
155876,猎聘,能源/化工/环保,化学,药品检验,企业职位,哈尔滨市和平兽药有限公司,1-49人,,青岛,哈尔滨,本科,经验不限,3-4k,,,,https://www.liepin.com/job/1953832971.shtml,20221111115558,,,,
155877,猎聘,能源/化工/环保,化学,药店店长,企业职位,哈尔滨市建国医药连锁有限公司,100-499人,,青岛,哈尔滨-南岗区,中专/中技,1-3年,2-4k,,,,https://www.liepin.com/job/1950695179.shtml,20220711133854,,,,
155878,猎聘,能源/化工/环保,化学,雅思英语教师,企业职位,中赢桥国际,50-99人,,青岛,大庆,统招本科,经验不限,8-10k,,,,https://www.liepin.com/job/1942583977.shtml,20211126165434,,,,
155879,猎聘,能源/化工/环保,化学,营销副总,企业职位,黑龙江科瑞检测技术有限公司,1-49人,,青岛,哈尔滨,本科,10年以上,10-15k·13薪,,,,https://www.liepin.com/job/1926686817.shtml,20230424105511,,,,
155880,猎聘,能源/化工/环保,化学,销售助理,企业职位,黑龙江佰域医疗器械有限公司,1-49人,,青岛,哈尔滨-南岗区,大专,经验不限,3-4k,,,,https://www.liepin.com/job/1964866213.shtml,20240227093704,,,,
155881,猎聘,能源/化工/环保,化学,医学销售代表-哈尔滨,企业职位,黑龙江和合医学检验实验室有限公司,100-499人,,青岛,哈尔滨-道里区,大专,1-3年,3-5k,,,,https://www.liepin.com/job/1964670165.shtml,20240222095619,,,,
155882,猎聘,能源/化工/环保,化学,药剂师,企业职位,佳木斯爱视眼科医院有限公司,1-49人,,青岛,佳木斯-郊区,大专,1年以下,3-4k,,,,https://www.liepin.com/job/1972131031.shtml,20250206093403,,,,
155883,猎聘,能源/化工/环保,化学,环境检测采样员,企业职位,黑龙江省高能环境检测有限公司,1-49人,,青岛,哈尔滨-道外区,大专,经验不限,3-5k,,,,https://www.liepin.com/job/1946780663.shtml,20220208115138,,,,
155884,猎聘,能源/化工/环保,化学,诊断检测岗（实验室主任方向）,企业职位,牧原食品股份有限公司,10000人以上,,青岛,绥化-兰西县,本科,经验不限,5-10k,,,,https://www.liepin.com/job/1958378045.shtml,20230508163934,,,,
155885,猎聘,能源/化工/环保,化学,环境保护相关工作方案编制人员,企业职位,兴业环保集团股份有限公司,50-99人,,青岛,哈尔滨-南岗区,本科,经验不限,3-6k,,,,https://www.liepin.com/job/1945727951.shtml,20211216110028,,,,
155886,猎聘,能源/化工/环保,化学,污水处理,企业职位,黑龙江省嘉源环保工程设备有限公司,1-49人,,青岛,哈尔滨,本科,经验不限,4-6k,,,,https://www.liepin.com/job/1945772379.shtml,20211217142414,,,,
155887,猎聘,能源/化工/环保,化学,高中理科教师,企业职位,哈尔滨万航教育信息咨询有限公司,50-99人,,青岛,鹤岗,本科,经验不限,3-6k,,,,https://www.liepin.com/job/1944199163.shtml,20220311095949,,,,
155888,猎聘,能源/化工/环保,化学,机械设计实习生,企业职位,金华远思机电工业技术有限公司,50-99人,,青岛,哈尔滨,大专,经验不限,3-6k,,,,https://www.liepin.com/job/1939741479.shtml,20210602114225,,,,
155889,猎聘,能源/化工/环保,化学,环境市场销售,企业职位,黑龙江省远大环保产业发展有限公司,1-49人,,青岛,哈尔滨-香坊区,本科,1-3年,4-9k,,,,https://www.liepin.com/job/1947047949.shtml,20220215090855,,,,
155890,猎聘,能源/化工/环保,化学,高中物理教师,企业职位,哈尔滨万航教育信息咨询有限公司,50-99人,,青岛,哈尔滨,本科,经验不限,3-6k,,,,https://www.liepin.com/job/1944200129.shtml,20220311095925,,,,
155891,猎聘,能源/化工/环保,化学,机械设计,企业职位,金华远思机电工业技术有限公司,50-99人,,青岛,哈尔滨,本科,经验不限,3-8k,,,,https://www.liepin.com/job/1939740919.shtml,20210602113610,,,,
155892,猎聘,能源/化工/环保,化学,环保检测采样员,企业职位,黑龙江省瑞科检测技术有限公司,50-99人,,青岛,哈尔滨,本科,经验不限,2-5k,,,,https://www.liepin.com/job/1938395867.shtml,20210421101949,,,,
155893,猎聘,能源/化工/环保,化学,环境监测化验员,企业职位,大庆聚阳科技有限公司,1-49人,,青岛,大庆,本科,经验不限,2-4k,,,,https://www.liepin.com/job/1945425357.shtml,20211206094331,,,,
155894,猎聘,能源/化工/环保,化学,采样员,企业职位,哈尔滨市宇驰环境检测有限公司,50-99人,,青岛,哈尔滨-松北区,本科,经验不限,3-4k,,,,https://www.liepin.com/job/1928792461.shtml,20200601131153,,,,
155895,猎聘,能源/化工/环保,化学,市级销售经理,企业职位,安徽大千生物工程有限公司,50-99人,,青岛,牡丹江,大专,1-3年,5-10k,,,,https://www.liepin.com/job/1934738631.shtml,20220329165307,,,,
155896,猎聘,能源/化工/环保,化学,市级销售经理,企业职位,安徽大千生物工程有限公司,50-99人,,青岛,伊春,大专,1-3年,5-10k,,,,https://www.liepin.com/job/1934738637.shtml,20220329165307,,,,
155897,猎聘,能源/化工/环保,化学,市级销售经理,企业职位,安徽大千生物工程有限公司,50-99人,,青岛,佳木斯,大专,1-3年,5-10k,,,,https://www.liepin.com/job/1934738635.shtml,20220329165307,,,,
155898,猎聘,能源/化工/环保,化学,市级销售经理,企业职位,安徽大千生物工程有限公司,50-99人,,青岛,大兴安岭,大专,1-3年,5-10k,,,,https://www.liepin.com/job/1934738639.shtml,20220329165307,,,,
155899,猎聘,能源/化工/环保,化学,市级销售经理,企业职位,安徽大千生物工程有限公司,50-99人,,青岛,七台河,大专,1-3年,5-10k,,,,https://www.liepin.com/job/1934738633.shtml,20220329165307,,,,
155900,猎聘,能源/化工/环保,化学,高潜教师（集团专项校招）,企业职位,新东方教育科技集团有限公司,10000人以上,,青岛,哈尔滨-南岗区,,,12-25k,,,,https://www.liepin.com/lptjob/80708859,20260306142456,,,,
155901,猎聘,能源/化工/环保,化学,生产技术培训生,企业职位,麦肯食品中国,500-999人,,青岛,哈尔滨-香坊区,,,5-6k·13薪,,,,https://www.liepin.com/lptjob/82754945,20260521184214,,,,
155902,猎聘,能源/化工/环保,化学,线上一对一家教,企业职位,长沙凌晞科技有限公司,100-499人,,青岛,哈尔滨-呼兰区,,,5-10k,,,,https://www.liepin.com/lptjob/81223209,20260325112923,,,,
155903,猎聘,能源/化工/环保,化学,26生产管培生,企业职位,老村长酒业有限公司,1000-2000人,,青岛,哈尔滨,,,4-8k,,,,https://www.liepin.com/lptjob/78669991,20260113164042,,,,
155904,猎聘,能源/化工/环保,化学,高潜教师校招提前批,企业职位,新东方教育科技集团有限公司,10000人以上,,青岛,哈尔滨-香坊区,,,10-15k,,,,https://www.liepin.com/lptjob/75966721,20260121110311,,,,
155905,猎聘,能源/化工/环保,化学,质检员,企业职位,优然牧业,5000-10000人,,青岛,大庆,,,4-6k,,,,https://www.liepin.com/lptjob/35962701,20210220133120,,,,
155906,猎聘,能源/化工/环保,化学,化学分析工程师,企业职位,安徽光智科技有限公司,1000-2000人,,合肥,武汉-江夏区,本科,3-5年,10-15k,,,,https://www.liepin.com/job/1983110533.shtml,20260603143339,,,,
155907,猎聘,能源/化工/环保,化学,化学实验室研究员（五险双休）,企业职位,深圳市玮昌白文化传媒有限公司,50-99人,,合肥,武汉-洪山区,本科,经验不限,10-20k·13薪,,,,https://www.liepin.com/job/1982822455.shtml,20260609083039,,,,
155908,猎聘,能源/化工/环保,化学,化学水处理工程师,企业职位,某大型专业技术服务公司,500-999人,,合肥,武汉,统招本科,3-5年,10-11k,,,,https://www.liepin.com/a/76060389.shtml,20260527095256,,,,
155909,猎聘,能源/化工/环保,化学,高中A level化学教师,企业职位,某武汉学校教育公司,100-499人,,合肥,武汉-黄陂区,统招本科,3-5年,20-35k,,,,https://www.liepin.com/a/75661133.shtml,20260602110354,,,,
155910,猎聘,能源/化工/环保,化学,化学分析岗（汽车及零部件VOC、气味测试）,企业职位,某武汉知名公司,100-499人,,合肥,武汉,本科,1-3年,6-8k,,,,https://www.liepin.com/a/75551641.shtml,20260522142141,,,,
155911,猎聘,能源/化工/环保,化学,药物化学总监（高级）,企业职位,某知名公司,50-99人,,合肥,武汉,博士,5年以上,60-85k,,,,https://www.liepin.com/a/75607029.shtml,20260513101737,,,,
155912,猎聘,能源/化工/环保,化学,质量工程师（化学检测，仪器方向）,企业职位,某知名公司,1000-2000人,,合肥,荆州,大专,5-10年,16-30k,,,,https://www.liepin.com/a/75439193.shtml,20260509085811,,,,
155913,猎聘,能源/化工/环保,化学,化学实验室经理,企业职位,联仕新材料(苏州)股份有限公司,100-499人,,合肥,荆州-沙市区,本科,10年以上,20-28k·14薪,,,,https://www.liepin.com/job/1981592287.shtml,20260609194604,,,,
155914,猎聘,能源/化工/环保,化学,化学实验室研究员（五险双休）,企业职位,湖北省汀萤荷传媒有限公司,50-99人,,合肥,武汉-武昌区,学历不限,经验不限,10-20k·13薪,,,,https://www.liepin.com/job/1982030649.shtml,20260609083028,,,,
155915,猎聘,能源/化工/环保,化学,工艺工程师（化学）,企业职位,武汉长盈通光电技术股份有限公司,500-999人,,合肥,武汉-江夏区,硕士,经验不限,9-12k·13薪,,,,https://www.liepin.com/job/1982063403.shtml,20260513134241,,,,
155916,猎聘,能源/化工/环保,化学,药物化学总监,企业职位,某大型知名制药公司,500-999人,,合肥,武汉,学历不限,经验不限,40-70k,,,,https://www.liepin.com/a/75761071.shtml,20260519114659,,,,
155917,猎聘,能源/化工/环保,化学,中学双语化学老师,企业职位,爱莎国际教育集团,500-999人,,合肥,武汉-蔡甸区,硕士,5年以上,15-25k,,,,https://www.liepin.com/job/1982278865.shtml,20260608175706,,,,
155918,猎聘,能源/化工/环保,化学,新东方国际课程/物理/化学/计算机/经济教师,企业职位,新东方教育科技集团有限公司,10000人以上,,合肥,武汉-武昌区,本科,经验不限,10-20k,,,,https://www.liepin.com/job/1973679537.shtml,20260603174441,,,,
155919,猎聘,能源/化工/环保,化学,双语化学老师（Alevel）,企业职位,武汉光谷未来学校,500-999人,,合肥,武汉-洪山区,本科,1年以上,10-20k,,,,https://www.liepin.com/job/1981841491.shtml,20260513154743,,,,
155920,猎聘,能源/化工/环保,化学,"Senior Director,Research Chemistry Services (RCS）研发化学服务部高级主任",企业职位,药明康德,10000人以上,,合肥,武汉-洪山区,博士,10年以上,10-11k,,,,https://www.liepin.com/job/1982580679.shtml,20260515172856,,,,
155921,猎聘,能源/化工/环保,化学,中学化学教师/DP化学协调员（可外籍或中方）,企业职位,山东菏泽安邦劳动就业开发有限公司,1-49人,,合肥,武汉-江岸区,硕士,3-5年,25-30k·16薪,,,,https://www.liepin.com/job/1982682927.shtml,20260527100514,,,,
155922,猎聘,能源/化工/环保,化学,销售经理/总监（化学、半导体）,企业职位,某武汉批发/零售公司,100-499人,,合肥,武汉,本科,10年以上,10-15k·13薪,,,,https://www.liepin.com/a/75950733.shtml,20260522134547,,,,
155923,猎聘,能源/化工/环保,化学,资深高中双语物理和化学老师（武汉）,企业职位,某武汉学校教育公司,100-499人,,合肥,武汉,本科,5-10年,18-26k·13薪,,,,https://www.liepin.com/a/72071777.shtml,20260609004948,,,,
155924,猎聘,能源/化工/环保,化学,化学分析员,企业职位,福州宏汇远商贸有限公司,50-99人,,合肥,武汉-新洲区,大专,1年以上,8-12k·13薪,,,,https://www.liepin.com/job/1982776845.shtml,20260609083017,,,,
155925,猎聘,能源/化工/环保,化学,化学实验室技术员,企业职位,武汉新芯集成电路股份有限公司,2000-5000人,,合肥,武汉-江夏区,大专,经验不限,4-6k,,,,https://www.liepin.com/job/1981607915.shtml,20260409170756,,,,
155926,猎聘,能源/化工/环保,化学,个性化服务部高中数学/物理/经济/化学/计算机培训老师,企业职位,武汉英中高级中学,100-499人,,合肥,武汉-硚口区,统招本科,1-3年,10-30k,,,,https://www.liepin.com/job/1955383287.shtml,20260608140731,,,,
155927,猎聘,能源/化工/环保,化学,药物化学（ 高级） 总监,企业职位,某武汉制药上市公司,10000人以上,,合肥,武汉,博士,5-10年,50-80k·15薪,,,,https://www.liepin.com/a/75113497.shtml,20260609085409,,,,
155928,猎聘,能源/化工/环保,化学,化学、材料检测业务销售经理,企业职位,广电计量检测集团股份有限公司,2000-5000人,,合肥,武汉-洪山区,本科,1-3年,10-15k,,,,https://www.liepin.com/job/1981579499.shtml,20260609082023,,,,
155929,猎聘,能源/化工/环保,化学,电化学仿真高级工程师,企业职位,楚能新能源,5000-10000人,,合肥,武汉-江夏区,硕士,3-5年,16-30k,,,,https://www.liepin.com/job/1977793039.shtml,20260508162844,,,,
155930,猎聘,能源/化工/环保,化学,化学分析员,企业职位,大连州创智森传媒有限公司,50-99人,,合肥,武汉-江岸区,本科,经验不限,8-12k·13薪,,,,https://www.liepin.com/job/1982628487.shtml,20260609083017,,,,
155931,猎聘,能源/化工/环保,化学,失效分析助理工程师（化学开封/EFA/TEM),企业职位,某上海专业技术服务上市公司,10000人以上,,合肥,武汉-江夏区,学历不限,1-3年,8-12k,,,,https://www.liepin.com/a/75082367.shtml,20260509095314,,,,
155932,猎聘,能源/化工/环保,化学,化学实验室研究员（五险双休）,企业职位,大连达威微铭传媒有限公司,50-99人,,合肥,武汉-武昌区,学历不限,经验不限,10-20k·13薪,,,,https://www.liepin.com/job/1981987715.shtml,20260609083033,,,,
155933,猎聘,能源/化工/环保,化学,化学实验室技术员,企业职位,武汉市昱宸峰科技有限公司,50-99人,,合肥,武汉,统招本科,2年以上,5-7k,,,,https://www.liepin.com/job/1980935361.shtml,20260314142814,,,,
155934,猎聘,能源/化工/环保,化学,化学师（汽车涂料）,企业职位,立邦中国,5000-10000人,,合肥,武汉-蔡甸区,统招本科,5-10年,15-25k,,,,https://www.liepin.com/job/1972336013.shtml,20251231085002,,,,
155935,猎聘,能源/化工/环保,化学,电化学仿真高级工程师,企业职位,楚能新能源,5000-10000人,,合肥,武汉-江夏区,硕士,3-5年,15-30k,,,,https://www.liepin.com/job/1981307665.shtml,20260327163414,,,,
155936,猎聘,能源/化工/环保,化学,电化学仿真高级工程师,企业职位,楚能新能源,5000-10000人,,合肥,孝感-孝南区,硕士,3-5年,15-30k,,,,https://www.liepin.com/job/1977793041.shtml,20260508163037,,,,
155937,猎聘,能源/化工/环保,化学,化学实验室研究员（五险双休）,企业职位,大连辉通新业传媒有限公司,50-99人,,合肥,武汉-洪山区,本科,3年以上,10-20k·13薪,,,,https://www.liepin.com/job/1982223273.shtml,20260609083030,,,,
155938,猎聘,能源/化工/环保,化学,药物化学总监（神经药/麻药）,企业职位,某国内大型制药公司,5000-10000人,,合肥,武汉-东西湖区,博士,10年以上,40-65k·15薪,,,,https://www.liepin.com/a/74353281.shtml,20260525124737,,,,
155939,猎聘,能源/化工/环保,化学,化学薄膜制程研发岗（CVD),企业职位,武汉楚兴技术有限公司,1000-2000人,,合肥,武汉-东西湖区,本科,3-5年,25-40k·15薪,,,,https://www.liepin.com/job/1982783987.shtml,20260522170707,,,,
155940,猎聘,能源/化工/环保,化学,化学技术支持,企业职位,安耐吉化学,100-499人,,合肥,武汉-江夏区,硕士,1-3年,8-11k,,,,https://www.liepin.com/job/1979849189.shtml,20260414102343,,,,
155941,猎聘,能源/化工/环保,化学,（高级）药物化学总监--研究院,企业职位,人福医药集团,10000人以上,,合肥,武汉-洪山区,博士,5年以上,薪资面议,,,,https://www.liepin.com/job/1981946243.shtml,20260424090818,,,,
155942,猎聘,能源/化工/环保,化学,资深中学双语化学老师,企业职位,武汉爱莎国际学校,100-499人,,合肥,武汉-蔡甸区,本科,10年以上,薪资面议,,,,https://www.liepin.com/job/1971679255.shtml,20250318154507,,,,
155943,猎聘,能源/化工/环保,化学,化学类 英文学术期刊助理编辑 ∙ 武汉（光谷）,企业职位,MDPI,1000-2000人,,合肥,武汉-洪山区,硕士,经验不限,11-28k,,,,https://www.liepin.com/job/1975342977.shtml,20250624190637,,,,
155944,猎聘,能源/化工/环保,化学,电化学仿真高级工程师,企业职位,楚能新能源,5000-10000人,,合肥,孝感-孝南区,硕士,3-5年,15-30k,,,,https://www.liepin.com/job/1979697935.shtml,20260112150640,,,,
155945,猎聘,能源/化工/环保,化学,初中物理/化学老师,企业职位,武汉市东西湖区优质培训学校有限公司,1-49人,,合肥,武汉-东西湖区,本科,6年以上,9-12k,,,,https://www.liepin.com/job/1974059179.shtml,20260607084946,,,,
155946,猎聘,能源/化工/环保,化学,电化学仿真工程师,企业职位,楚能新能源,5000-10000人,,合肥,武汉-江夏区,统招本科,3-5年,15-40k,,,,https://www.liepin.com/job/1953051457.shtml,20250905082617,,,,
155947,猎聘,能源/化工/环保,化学,电化学仿真高级工程师,企业职位,楚能新能源,5000-10000人,,合肥,武汉-江夏区,硕士,3-5年,15-30k,,,,https://www.liepin.com/job/1979783853.shtml,20260127142233,,,,
155948,猎聘,能源/化工/环保,化学,电化学仿真高级工程师,企业职位,楚能新能源,5000-10000人,,合肥,武汉-江夏区,硕士,3-5年,15-30k,,,,https://www.liepin.com/job/1980587063.shtml,20260303113424,,,,
155949,猎聘,能源/化工/环保,化学,渠道经理（化学专业+海外代理，不出差）,企业职位,智化科技,100-499人,,合肥,武汉-洪山区,统招本科,1-10年,10-12k,,,,https://www.liepin.com/job/1980787995.shtml,20260310171234,,,,
155950,猎聘,能源/化工/环保,化学,电化学仿真高级工程师,企业职位,楚能新能源,5000-10000人,,合肥,武汉-江夏区,硕士,3-5年,15-30k,,,,https://www.liepin.com/job/1979809455.shtml,20260116114335,,,,
155951,猎聘,能源/化工/环保,化学,电化学仿真高级工程师,企业职位,楚能新能源,5000-10000人,,合肥,孝感-孝南区,硕士,3-5年,15-30k,,,,https://www.liepin.com/job/1979160949.shtml,20251216084642,,,,
155952,猎聘,能源/化工/环保,化学,国际课程化学教师（Edexcel & AP）,企业职位,武汉澳新高级中学,50-99人,,合肥,武汉-洪山区,本科,1-3年,10-14k,,,,https://www.liepin.com/job/1978658817.shtml,20260420104807,,,,
155953,猎聘,能源/化工/环保,化学,国际学校ＩＢＤＰ化学老师,企业职位,某北京咨询服务公司,1-49人,,合肥,武汉,硕士,3-5年,15-25k,,,,https://www.liepin.com/a/74938643.shtml,20260422142809,,,,
155954,猎聘,能源/化工/环保,化学,化学合成研究员和助理研究员,企业职位,湖北英纳氏生物科技有限公司,1-49人,,合肥,武汉,大专,1-3年,5-10k,,,,https://www.liepin.com/job/1952498491.shtml,20230206164628,,,,
155955,猎聘,能源/化工/环保,化学,化学实验室技术员,企业职位,湖北江城实验室,100-499人,,合肥,武汉-江夏区,大专,3-5年,8-12k·15薪,,,,https://www.liepin.com/job/1967447413.shtml,20250421171313,,,,
155956,猎聘,能源/化工/环保,化学,化学分析测试员,企业职位,武汉康贝德生物科技有限公司,50-99人,,合肥,武汉-江夏区,统招本科,3-5年,5-8k,,,,https://www.liepin.com/job/1971684293.shtml,20250207093410,,,,
155957,猎聘,能源/化工/环保,化学,双语化学老师兼DP协调员,企业职位,爱莎国际教育集团,500-999人,,合肥,武汉-蔡甸区,统招本科,4年以上,18-45k,,,,https://www.liepin.com/job/1982445809.shtml,20260608175706,,,,
155958,猎聘,能源/化工/环保,化学,化学工程师,企业职位,湖北省有为智慧环境科技有限公司,1-49人,,合肥,荆州-沙市区,本科,3-5年,6-10k,,,,https://www.liepin.com/job/1981458893.shtml,20260402145257,,,,
155959,猎聘,能源/化工/环保,化学,有机化学工程师,企业职位,瑞能华辉,50-99人,,合肥,武汉-武昌区,统招本科,3-5年,20-35k,,,,https://www.liepin.com/job/1970049107.shtml,20241210095146,,,,
155960,猎聘,能源/化工/环保,化学,化学外加剂研发工程师,企业职位,武汉华轩高新技术有限公司,1-49人,,合肥,武汉-汉南区,本科,3-5年,10-20k,,,,https://www.liepin.com/job/1963765315.shtml,20231228095141,,,,
155961,猎聘,能源/化工/环保,化学,化学分析工程师,企业职位,华大集团,10000人以上,,合肥,武汉-江夏区,本科,经验不限,6-12k·14薪,,,,https://www.liepin.com/job/1978536943.shtml,20251210101748,,,,
155962,猎聘,能源/化工/环保,化学,智能化学研究专家,企业职位,青葵智造(北京)科技有限公司,1-49人,,合肥,武汉-洪山区,硕士,3-5年,25-40k,,,,https://www.liepin.com/job/1982120915.shtml,20260428101136,,,,
155963,猎聘,能源/化工/环保,化学,高级研发工程师（计算化学）,企业职位,湖北鼎龙控股股份有限公司,1000-2000人,,合肥,武汉,博士,经验不限,25-35k·15薪,,,,https://www.liepin.com/job/1970286661.shtml,20241018144259,,,,
155964,猎聘,能源/化工/环保,化学,电化学工程师,企业职位,力兴(火炬)电源,500-999人,,合肥,武汉-洪山区,统招本科,1-3年,10-15k,,,,https://www.liepin.com/job/1954701477.shtml,20251222142319,,,,
155965,猎聘,能源/化工/环保,化学,电化学工程师,企业职位,力兴(火炬)电源,500-999人,,合肥,武汉-洪山区,本科,1-3年,8-15k,,,,https://www.liepin.com/job/1961947389.shtml,20230927165645,,,,
155966,猎聘,能源/化工/环保,化学,化学实验员,企业职位,武汉桓创工程技术服务有限公司,100-499人,,合肥,武汉-江夏区,本科,1-3年,5-7k,,,,https://www.liepin.com/job/1981233745.shtml,20260325150800,,,,
155967,猎聘,能源/化工/环保,化学,环境化学分析工程师,企业职位,华大集团,10000人以上,,合肥,武汉-江夏区,统招本科,1-3年,6-12k·14薪,,,,https://www.liepin.com/job/1979090997.shtml,20251211175902,,,,
155968,猎聘,能源/化工/环保,化学,国际课程双语教师（IGCSE/A-Level 数学/物理/经济/化学/计算机等方向）,企业职位,光谷康桥高级中学,100-499人,,合肥,武汉-江夏区,硕士,3年以上,10-30k,,,,https://www.liepin.com/job/1981642357.shtml,20260410095324,,,,
155969,猎聘,能源/化工/环保,化学,药物化学总监,企业职位,某国内大型制药公司,5000-10000人,,合肥,宜昌,学历不限,10年以上,80-85k,,,,https://www.liepin.com/a/75897349.shtml,20260521102335,,,,
155970,猎聘,能源/化工/环保,化学,国内临床推广专员（体外诊断产品-化学发光）,企业职位,迈瑞医疗,10000人以上,,合肥,武汉-硚口区,统招本科,3-5年,10-18k·25薪,,,,https://www.liepin.com/job/1972153309.shtml,20250214110913,,,,
155971,猎聘,能源/化工/环保,化学,测试工程师（化学材料）,企业职位,哈深智材,100-499人,,合肥,荆州-沙市区,本科,1年以上,5-7k,,,,https://www.liepin.com/job/1977671219.shtml,20251011093213,,,,
155972,猎聘,能源/化工/环保,化学,化学合成操作工,企业职位,华诺森(武汉)生物医药技术有限公司,50-99人,,合肥,武汉-青山区,中专/中技,2年以上,5-8k·13薪,,,,https://www.liepin.com/job/1980604349.shtml,20260303162251,,,,
155973,猎聘,能源/化工/环保,化学,化学实验员,企业职位,武汉恒和达生物医药有限公司,50-99人,,合肥,武汉,大专,经验不限,4-6k,,,,https://www.liepin.com/job/1942744091.shtml,20210907113233,,,,
155974,猎聘,能源/化工/环保,化学,化学工艺设备岗位工程师,企业职位,武汉能迈科香料有限公司,50-99人,,合肥,黄冈-黄州区,大专,3-5年,7-9k,,,,https://www.liepin.com/job/1977444539.shtml,20260119142027,,,,
155975,猎聘,能源/化工/环保,化学,化学类 英文学术期刊助理编辑（光谷）,企业职位,MDPI,1000-2000人,,合肥,武汉-洪山区,硕士,经验不限,11-22k,,,,https://www.liepin.com/job/1965180389.shtml,20250127100852,,,,
155976,猎聘,能源/化工/环保,化学,AP化学教师,企业职位,武汉佩尔科技发展集团有限公司,500-999人,,合肥,武汉-洪山区,本科,3-5年,10-15k,,,,https://www.liepin.com/job/1957999123.shtml,20230421100035,,,,
155977,猎聘,能源/化工/环保,化学,化学/高分子材料合成工程师,企业职位,深圳光华伟业股份有限公司,100-499人,,合肥,孝感-孝南区,统招本科,3-5年,8-15k·13薪,,,,https://www.liepin.com/job/1951147265.shtml,20230522143902,,,,
155978,猎聘,能源/化工/环保,化学,分析工程师（化学）,企业职位,应城市恒天药业包装有限公司,500-999人,,合肥,孝感-应城,本科,经验不限,5-8k·13薪,,,,https://www.liepin.com/job/1963598229.shtml,20240319094555,,,,
155979,猎聘,能源/化工/环保,化学,电镀/化学镀工程师,企业职位,湖北省泰璞电子有限公司,100-499人,,合肥,十堰-竹山县,大专,5-10年,10-15k,,,,https://www.liepin.com/job/1954584231.shtml,20221128164035,,,,
155980,猎聘,能源/化工/环保,化学,化学分析研究员,企业职位,湖北扬信医药科技有限公司,1-49人,,合肥,黄石-下陆区,大专,1-3年,5-8k·13薪,,,,https://www.liepin.com/job/1947796033.shtml,20220815151804,,,,
155981,猎聘,能源/化工/环保,化学,电镀/化学镀工程师,企业职位,湖北省泰璞电子有限公司,100-499人,,合肥,十堰,大专,5-10年,6-12k,,,,https://www.liepin.com/job/1940782627.shtml,20211027110726,,,,
155982,猎聘,能源/化工/环保,化学,BD经理（要求化学专业背景）,企业职位,智化科技,100-499人,,合肥,武汉-洪山区,统招本科,1年以上,10-30k,,,,https://www.liepin.com/job/1980454079.shtml,20260310170057,,,,
155983,猎聘,能源/化工/环保,化学,双语/Alevel化学老师(J10088),企业职位,雅力教育,100-499人,,合肥,武汉-汉阳区,本科,1年以上,9-10k,,,,https://www.liepin.com/job/1980642777.shtml,20260304161949,,,,
155984,猎聘,能源/化工/环保,化学,国际学校-双语化学老师,企业职位,康礼高中,100-499人,,合肥,武汉-黄陂区,统招本科,3-5年,15-20k·14薪,,,,https://www.liepin.com/job/1961352277.shtml,20260302143738,,,,
155985,猎聘,能源/化工/环保,化学,计算化学工程师,企业职位,青葵智造(北京)科技有限公司,1-49人,,合肥,武汉-洪山区,硕士,3-5年,15-25k·14薪,,,,https://www.liepin.com/job/1982127115.shtml,20260427165113,,,,
155986,猎聘,能源/化工/环保,化学,化学实验室研究员,企业职位,华诺森(武汉)生物医药技术有限公司,50-99人,,合肥,武汉-青山区,本科,经验不限,5-9k·13薪,,,,https://www.liepin.com/job/1980604825.shtml,20260303162903,,,,
155987,猎聘,能源/化工/环保,化学,化学分析测试员,企业职位,武汉米测科技有限公司,1-49人,,合肥,武汉-洪山区,硕士,经验不限,8-10k,,,,https://www.liepin.com/job/1980002173.shtml,20260130093843,,,,
155988,猎聘,能源/化工/环保,化学,专利代理人（化学方向）,企业职位,武汉知产时代知识产权代理有限公司,50-99人,,合肥,武汉-洪山区,本科,1-3年,10-20k,,,,https://www.liepin.com/job/1958107057.shtml,20250416113039,,,,
155989,猎聘,能源/化工/环保,化学,双语/Alevel化学老师(J10088),企业职位,雅力教育,100-499人,,合肥,武汉-黄陂区,统招本科,经验不限,8-14k,,,,https://www.liepin.com/job/1959207797.shtml,20230609101946,,,,
155990,猎聘,能源/化工/环保,化学,化学国际课程教师,企业职位,武汉拓课堂教育科技有限公司,1-49人,,合肥,武汉-硚口区,本科,经验不限,15-30k,,,,https://www.liepin.com/job/1968031737.shtml,20240702101604,,,,
155991,猎聘,能源/化工/环保,化学,化学分析工程师,企业职位,中巨芯科技有限公司,500-999人,,合肥,潜江,本科,3-5年,6-12k,,,,https://www.liepin.com/job/1967872629.shtml,20240914104750,,,,
155992,猎聘,能源/化工/环保,化学,现场监测采样师（环境工程、环境科学、化学、资环）,企业职位,武汉华正环境检测技术有限公司,100-499人,,合肥,武汉-江夏区,本科,1-3年,6-10k,,,,https://www.liepin.com/job/1939534067.shtml,20210526163159,,,,
155993,猎聘,能源/化工/环保,化学,化学合成工程师,企业职位,湖北巨灵药业有限公司,50-99人,,合肥,武汉-江夏区,本科,3-5年,10-13k·13薪,,,,https://www.liepin.com/job/1944197217.shtml,20211023085607,,,,
155994,猎聘,能源/化工/环保,化学,化学分析工,企业职位,洪湖源泰科技有限公司,1-49人,,合肥,荆州,大专,1-3年,5-8k,,,,https://www.liepin.com/job/1938116573.shtml,20220708154820,,,,
155995,猎聘,能源/化工/环保,化学,化学分析,企业职位,湖北南化环保科技有限公司,50-99人,,合肥,襄阳,大专,经验不限,4-6k,,,,https://www.liepin.com/job/1944268413.shtml,20211125083823,,,,
155996,猎聘,能源/化工/环保,化学,化学工程师助理,企业职位,武汉光谱同位素科技有限公司,1-49人,,合肥,武汉-洪山区,本科,经验不限,4-5k,,,,https://www.liepin.com/job/1930663357.shtml,20200809114030,,,,
155997,猎聘,能源/化工/环保,化学,化学分析测试员,企业职位,迪赛环保,100-499人,,合肥,黄石-大冶,本科,1年以上,5-8k,,,,https://www.liepin.com/job/1983244995.shtml,20260608144222,,,,
155998,猎聘,能源/化工/环保,化学,药物化学（高级）总监-武汉,企业职位,某武汉大型制药公司,500-999人,,合肥,武汉-江夏区,学历不限,3-5年,40-70k,,,,https://www.liepin.com/a/76121299.shtml,20260608114604,,,,
155999,猎聘,能源/化工/环保,化学,高级研发工程师（计算化学）,企业职位,湖北鼎龙控股股份有限公司,1000-2000人,,合肥,武汉,博士,经验不限,25-30k·14薪,,,,https://www.liepin.com/job/1967905607.shtml,20250609160135,,,,
156000,猎聘,能源/化工/环保,化学,化学工程师,企业职位,色如丹(湖北)影像色素有限公司,100-499人,,合肥,荆州-沙市区,本科,1-3年,7-12k,,,,https://www.liepin.com/job/1961081177.shtml,20260528163457,,,,
156001,猎聘,能源/化工/环保,化学,化学分析技术员(J10399),企业职位,湖北江城实验室,100-499人,,合肥,武汉-江夏区,大专,经验不限,薪资面议,,,,https://www.liepin.com/job/1979613467.shtml,20260128170527,,,,
156002,猎聘,能源/化工/环保,化学,DP双语化学老师,企业职位,某广州大型学校教育公司,500-999人,,合肥,武汉,硕士,1-3年,15-25k,,,,https://www.liepin.com/a/75336377.shtml,20260507103036,,,,
156003,猎聘,能源/化工/环保,化学,国际学校高中生物/化学老师,企业职位,武汉英中高级中学,100-499人,,合肥,武汉-硚口区,硕士,1-3年,15-40k·13薪,,,,https://www.liepin.com/job/1962188989.shtml,20231013111148,,,,
156004,猎聘,能源/化工/环保,化学,销售工程师（要求化学专业背景）,企业职位,智化科技,100-499人,,合肥,武汉-洪山区,统招本科,1年以上,10-20k,,,,https://www.liepin.com/job/1980454147.shtml,20260310170057,,,,
156005,猎聘,能源/化工/环保,化学,化学发光领域抗体标记工程师,企业职位,生之源股份,500-999人,,合肥,武汉,硕士,3-5年,10-25k,,,,https://www.liepin.com/job/1974168487.shtml,20250509150923,,,,
156006,猎聘,能源/化工/环保,化学,化学原料销售总监,企业职位,湖北楚合生物医药科技有限公司,1-49人,,合肥,武汉,本科,8年以上,12-15k,,,,https://www.liepin.com/job/1978693143.shtml,20251125101557,,,,
156007,猎聘,能源/化工/环保,化学,化学实验员,企业职位,新蓝天,500-999人,,合肥,仙桃,本科,经验不限,7-9k·13薪,,,,https://www.liepin.com/job/1979577061.shtml,20260227082928,,,,
156008,猎聘,能源/化工/环保,化学,化学分析员,企业职位,武汉奥邦表面技术有限公司,50-99人,,合肥,武汉-江汉区,硕士,1-3年,7-12k,,,,https://www.liepin.com/job/1982107493.shtml,20260427104236,,,,
156009,猎聘,能源/化工/环保,化学,化学分析,企业职位,武汉溯巧科技有限公司,1-49人,,合肥,武汉-江夏区,学历不限,1-3年,6-8k,,,,https://www.liepin.com/job/1981031909.shtml,20260318102354,,,,
156010,猎聘,能源/化工/环保,化学,化学类 英文学术期刊助理编辑（武汉光谷）,企业职位,MDPI,1000-2000人,,合肥,武汉-洪山区,硕士,经验不限,11-14k,,,,https://www.liepin.com/job/1966978797.shtml,20250820142021,,,,
156011,猎聘,能源/化工/环保,化学,高级研究员（化学、生物学方向）,企业职位,富邦股份,500-999人,,合肥,武汉,博士,1-3年,25-50k,,,,https://www.liepin.com/job/1970496457.shtml,20250603152638,,,,
156012,猎聘,能源/化工/环保,化学,研究员（化学、生物学方向）,企业职位,富邦股份,500-999人,,合肥,武汉-江夏区,博士,1-3年,30-60k,,,,https://www.liepin.com/job/1970496129.shtml,20250603152721,,,,
156013,猎聘,能源/化工/环保,化学,专利代理人（电学/机械/化学/半导体/生物）,企业职位,北京恒博知识产权代理有限公司武汉分公司,100-499人,,合肥,武汉-武昌区,本科,1年以上,15-30k,,,,https://www.liepin.com/job/1972630211.shtml,20250528145141,,,,
156014,猎聘,能源/化工/环保,化学,化学分析研究员,企业职位,斯坦德药典标准物质研发(湖北)有限公司,1-49人,,合肥,黄石-下陆区,本科,经验不限,4-9k·13薪,,,,https://www.liepin.com/job/1968858837.shtml,20240806164527,,,,
156015,猎聘,能源/化工/环保,化学,化学分析（技术支持）,企业职位,武汉铄思百检测技术有限公司,1-49人,,合肥,武汉-洪山区,本科,经验不限,6-12k,,,,https://www.liepin.com/job/1952037397.shtml,20220820162653,,,,
156016,猎聘,能源/化工/环保,化学,高中 化学 物理 英语讲题,企业职位,武汉博智达教育科技有限公司,100-499人,,合肥,武汉-武昌区,大专,经验不限,6-10k,,,,https://www.liepin.com/job/1967916931.shtml,20240625074111,,,,
156017,猎聘,能源/化工/环保,化学,中学化学老师,企业职位,武汉乐博仕教育科技有限公司,50-99人,,合肥,武汉,本科,1-3年,8-13k,,,,https://www.liepin.com/job/1945234975.shtml,20211128152845,,,,
156018,猎聘,能源/化工/环保,化学,有机化学博士研究生,企业职位,湖北扬信医药科技有限公司,1-49人,,合肥,黄石-下陆区,博士,1-3年,18-30k,,,,https://www.liepin.com/job/1954091587.shtml,20221226084553,,,,
156019,猎聘,能源/化工/环保,化学,化学工程师,企业职位,武汉光谱同位素科技有限公司,1-49人,,合肥,武汉-洪山区,硕士,3-5年,14-16k,,,,https://www.liepin.com/job/1930663261.shtml,20200809113623,,,,
156020,猎聘,能源/化工/环保,化学,化学研发工程师,企业职位,武汉市瑞华新能源科技有限公司,1-49人,,合肥,武汉-洪山区,本科,3-5年,7-12k,,,,https://www.liepin.com/job/1957781593.shtml,20230512142452,,,,
156021,猎聘,能源/化工/环保,化学,化学调试工程技术人员,企业职位,武汉市吉瑞化工科技有限公司,50-99人,,合肥,武汉-洪山区,统招本科,经验不限,4-8k,,,,https://www.liepin.com/job/1964338859.shtml,20240119151906,,,,
156022,猎聘,能源/化工/环保,化学,化学合成生产工程师,企业职位,湖北英纳氏生物科技有限公司,1-49人,,合肥,武汉,大专,1-3年,4-9k,,,,https://www.liepin.com/job/1952566993.shtml,20230206164628,,,,
156023,猎聘,能源/化工/环保,化学,化学老师,企业职位,黄石市乂学教育咨询有限公司,50-99人,,合肥,黄石,学历不限,经验不限,4-8k,,,,https://www.liepin.com/job/1929418411.shtml,20200624111759,,,,
156024,猎聘,能源/化工/环保,化学,CMC总监（化学原料药）,企业职位,某武汉大型制药公司,5000-10000人,,合肥,武汉,博士,6年以上,70-90k,,,,https://www.liepin.com/a/76585855.shtml,20260609153047,,,,
156025,猎聘,能源/化工/环保,化学,化学气相沉淀工艺研发工程师（CVD）-新存武汉,企业职位,某武汉学术/科研公司,100-499人,,合肥,武汉,硕士,3-5年,26-50k,,,,https://www.liepin.com/a/75091555.shtml,20260427135312,,,,
156026,猎聘,能源/化工/环保,化学,药物化学总监,企业职位,某国内大型制药公司,5000-10000人,,合肥,武汉-东西湖区,博士,10年以上,50-80k,,,,https://www.liepin.com/a/74429035.shtml,20260409111556,,,,
156027,猎聘,能源/化工/环保,化学,湖北华宜寄宿学校 科技 物理、化学、历史、道法,企业职位,某武汉学校教育公司,100-499人,,合肥,武汉-江夏区,本科,经验不限,11-22k,,,,https://www.liepin.com/a/76300641.shtml,20260602110916,,,,
156028,猎聘,能源/化工/环保,化学,AP化学老师（双语）,企业职位,武汉爱莎国际学校,100-499人,,合肥,武汉,本科,3-5年,薪资面议,,,,https://www.liepin.com/job/1961629699.shtml,20251101232937,,,,
156029,猎聘,能源/化工/环保,化学,药物化学总监,企业职位,某国内大型制药公司,5000-10000人,,合肥,武汉,博士,10年以上,80-100k,,,,https://www.liepin.com/a/76342613.shtml,20260605181442,,,,
156030,猎聘,能源/化工/环保,化学,化学气相沉淀工艺研发工程师（CVD）,企业职位,新存科技(武汉)有限责任公司,,,合肥,武汉-洪山区,本科,3-5年,15-45k,,,,https://www.liepin.com/job/1968326947.shtml,20260320172038,,,,
156031,猎聘,能源/化工/环保,化学,个性化服务部高中数学/物理/经济/化学/计算机培训老师,企业职位,武汉英中高级中学,100-499人,,合肥,武汉-硚口区,统招本科,1-3年,10-20k,,,,https://www.liepin.com/job/1969683995.shtml,20250514095018,,,,
156032,猎聘,能源/化工/环保,化学,电芯化学料采购工程师,企业职位,楚能新能源,5000-10000人,,合肥,孝感-孝南区,本科,3-5年,10-15k,,,,https://www.liepin.com/job/1958867653.shtml,20251113162029,,,,
156033,猎聘,能源/化工/环保,化学,化学浆/化机浆dcs主操,企业职位,玖龙纸业(控股)有限公司,10000人以上,,合肥,荆州-监利市,学历不限,1-3年,7-8k·13薪,,,,https://www.liepin.com/job/1968761741.shtml,20260421191048,,,,
156034,猎聘,能源/化工/环保,化学,高中物理化学第二主讲,企业职位,北京高途云集教育科技有限公司,5000-10000人,,合肥,武汉-洪山区,本科,经验不限,7-15k,,,,https://www.liepin.com/job/1982920851.shtml,20260527163910,,,,
156035,猎聘,能源/化工/环保,化学,国际学校双语化学教师,企业职位,武汉三牛中学,100-499人,,合肥,武汉-蔡甸区,本科,5年以上,10-15k·13薪,,,,https://www.liepin.com/job/1980409259.shtml,20260225165344,,,,
156036,猎聘,能源/化工/环保,化学,电芯化学料采购工程师,企业职位,楚能新能源,5000-10000人,,合肥,武汉-江夏区,本科,3-5年,10-15k,,,,https://www.liepin.com/job/1979980077.shtml,20260126141705,,,,
156037,猎聘,能源/化工/环保,化学,化学工程师,企业职位,华大集团,10000人以上,,合肥,武汉-江夏区,博士,经验不限,15-25k·14薪,,,,https://www.liepin.com/job/1979996271.shtml,20260305132224,,,,
156038,猎聘,能源/化工/环保,化学,化学教师,企业职位,湖北省为源教育投资有限公司,500-999人,,合肥,武汉,本科,经验不限,10-15k,,,,https://www.liepin.com/job/1977040281.shtml,20250909101822,,,,
156039,猎聘,能源/化工/环保,化学,化学教师,企业职位,湖北省为源教育投资有限公司,500-999人,,合肥,武汉-江汉区,本科,经验不限,5-9k·13薪,,,,https://www.liepin.com/job/1977042129.shtml,20250917190034,,,,
156040,猎聘,能源/化工/环保,化学,高中数学、物理、化学、英语教师,企业职位,知本(武汉)教育发展有限公司,100-499人,,合肥,武汉-青山区,本科,1-3年,20-30k,,,,https://www.liepin.com/job/1973823433.shtml,20250414175830,,,,
156041,猎聘,能源/化工/环保,化学,语文、数学，英语，物理、化学 各学科老师,企业职位,湖北行者求知文化科技有限公司,50-99人,,合肥,黄冈-麻城,本科,1-3年,4-8k,,,,https://www.liepin.com/job/1975194297.shtml,20250618093038,,,,
156042,猎聘,能源/化工/环保,化学,化学老师【带薪寒暑假】,企业职位,湖北省为源教育投资有限公司,500-999人,,合肥,武汉-江汉区,统招本科,经验不限,5-10k,,,,https://www.liepin.com/job/1977373227.shtml,20250919180427,,,,
156043,猎聘,能源/化工/环保,化学,物理化学地理生物教师,企业职位,湖北省襄阳市瓦力工厂科技培训有限公司,1-49人,,合肥,襄阳-樊城区,本科,经验不限,10-15k,,,,https://www.liepin.com/job/1958379303.shtml,20230508165816,,,,
156044,猎聘,能源/化工/环保,化学,年薪20万起招初高中物理化学老师,企业职位,云顶教育，YOYO培优，优优培优,100-499人,,合肥,武汉-江汉区,本科,经验不限,10-15k,,,,https://www.liepin.com/job/1958524409.shtml,20240423160808,,,,
156045,猎聘,能源/化工/环保,化学,全职化学老师（时间灵活）,企业职位,武汉市九学王教育科技有限公司,1-49人,,合肥,武汉-洪山区,本科,1-3年,5-10k,,,,https://www.liepin.com/job/1967559155.shtml,20250227151742,,,,
156046,猎聘,能源/化工/环保,化学,初中物理化学老师,企业职位,武汉市蔡甸区风向标培训学校有限公司,50-99人,,合肥,武汉-蔡甸区,本科,1-3年,15-30k,,,,https://www.liepin.com/job/1955563959.shtml,20230223112211,,,,
156047,猎聘,能源/化工/环保,化学,高中语文，数学，英语，政治，历史，地理，生物，物理，化学，日语，美术等学科老师,企业职位,孝感市起航教育咨询有限公司,50-99人,,合肥,孝感,本科,经验不限,10-15k,,,,https://www.liepin.com/job/1937988133.shtml,20210409160523,,,,
156048,猎聘,能源/化工/环保,化学,物理化学生物编辑,企业职位,武汉王后雄教育科技有限公司,100-499人,,合肥,武汉-洪山区,本科,经验不限,5-10k·13薪,,,,https://www.liepin.com/job/1958810861.shtml,20230713142559,,,,
156049,猎聘,能源/化工/环保,化学,半导体化学蚀刻工程师,企业职位,武汉广达时代科技有限公司,50-99人,,合肥,武汉-武昌区,本科,5-10年,10-20k,,,,https://www.liepin.com/job/1951746571.shtml,20220809122809,,,,
156050,猎聘,能源/化工/环保,化学,化学分析员,企业职位,宜昌晶能富新材料有限公司,50-99人,,合肥,宜昌-枝江,大专,经验不限,4-6k,,,,https://www.liepin.com/job/1967986621.shtml,20240628091826,,,,
156051,猎聘,能源/化工/环保,化学,物理化学老师,企业职位,学之好教育,1-49人,,合肥,武汉,本科,经验不限,5-10k,,,,https://www.liepin.com/job/1937003385.shtml,20210313160646,,,,
156052,猎聘,能源/化工/环保,化学,化学分析测试员,企业职位,荆门市万运科技有限公司,1-49人,,合肥,荆门,大专,1-3年,6-10k,,,,https://www.liepin.com/job/1935845947.shtml,20210217131821,,,,
156053,猎聘,能源/化工/环保,化学,中小学语文/数学/英语/物理/化学老师,企业职位,武汉标杆教育发展有限公司,50-99人,,合肥,武汉-洪山区,本科,1-3年,4-8k,,,,https://www.liepin.com/job/1932559561.shtml,20201019144833,,,,
156054,猎聘,能源/化工/环保,化学,化学丶环境工程专业中级职称,企业职位,湖北程光电子科技有限公司,1-49人,,合肥,襄阳-宜城,大专,3-5年,6-10k,,,,https://www.liepin.com/job/1941588117.shtml,20210730105317,,,,
156055,猎聘,能源/化工/环保,化学,初中数学、英语、物理、化学教师,企业职位,湖北知途教育咨询有限公司,1-49人,,合肥,十堰-茅箭区,本科,1-3年,3-8k,,,,https://www.liepin.com/job/1972429295.shtml,20250217084513,,,,
156056,猎聘,能源/化工/环保,化学,化学仪表工程师,企业职位,南京华天科技发展股份有限公司,100-499人,,合肥,孝感,大专,经验不限,3-5k,,,,https://www.liepin.com/job/1947666219.shtml,20220303100332,,,,
156057,猎聘,能源/化工/环保,化学,材料开发工程师,企业职位,楚能新能源,5000-10000人,,合肥,武汉-江夏区,统招本科,2年以上,15-30k,,,,https://www.liepin.com/job/1980586453.shtml,20260403142839,,,,
156058,猎聘,能源/化工/环保,化学,半导体工艺工程师,企业职位,高德红外,5000-10000人,,合肥,武汉,本科,经验不限,15-30k·14薪,,,,https://www.liepin.com/job/1980922343.shtml,20260609085102,,,,
156059,猎聘,能源/化工/环保,化学,厂长,企业职位,润泰特气,500-999人,,合肥,武汉-洪山区,统招本科,8年以上,30-50k,,,,https://www.liepin.com/job/1982514069.shtml,20260515101608,,,,
156060,猎聘,能源/化工/环保,化学,ALD工艺工程师,企业职位,研微(江苏)半导体科技有限公司,100-499人,,合肥,武汉-洪山区,硕士,2年以上,25-45k·14薪,,,,https://www.liepin.com/job/1981951083.shtml,20260520112811,,,,
156061,猎聘,能源/化工/环保,化学,生产部部长,企业职位,润泰特气,500-999人,,合肥,武汉-洪山区,统招本科,8年以上,20-30k·13薪,,,,https://www.liepin.com/job/1980155979.shtml,20260512141516,,,,
156062,猎聘,能源/化工/环保,化学,CADD高级研究员,企业职位,某武汉制药上市公司,10000人以上,,合肥,武汉,硕士,3年以上,20-40k·13薪,,,,https://www.liepin.com/a/75711667.shtml,20260602091307,,,,
156063,猎聘,能源/化工/环保,化学,XMC-厂务气化工程师,企业职位,武汉新芯集成电路股份有限公司,2000-5000人,,合肥,武汉,大专,5年以上,10-20k·15薪,,,,https://www.liepin.com/job/1981354351.shtml,20260609151713,,,,
156064,猎聘,能源/化工/环保,化学,质量经理/专员,企业职位,润泰特气,500-999人,,合肥,武汉-洪山区,本科,3年以上,8-16k,,,,https://www.liepin.com/job/1982519957.shtml,20260514090854,,,,
156065,猎聘,能源/化工/环保,化学,AIDD算法高级研究员,企业职位,某武汉制药上市公司,10000人以上,,合肥,武汉,硕士,2年以上,20-40k·13薪,,,,https://www.liepin.com/a/75711859.shtml,20260525113644,,,,
156066,猎聘,能源/化工/环保,化学,有机合成研究员（武汉）,企业职位,糖智药业,100-499人,,合肥,武汉-江夏区,本科,3年以上,9-22k,,,,https://www.liepin.com/job/1982969879.shtml,20260529092207,,,,
156067,猎聘,能源/化工/环保,化学,车间主任,企业职位,某知名公司,100-499人,,合肥,武汉,本科,5-10年,30-40k·14薪,,,,https://www.liepin.com/a/76299743.shtml,20260603083104,,,,
156068,猎聘,能源/化工/环保,化学,BD商务拓展/大客户销售（材化/医药/医疗器械+做五休二）,企业职位,微谱,1000-2000人,,合肥,武汉,大专,经验不限,10-20k,,,,https://www.liepin.com/job/1945555443.shtml,20260109175802,,,,
156069,猎聘,能源/化工/环保,化学,销售代表（电子化学品）(J10069),企业职位,西陇科学股份有限公司,1000-2000人,,合肥,武汉-江汉区,大专,3年以上,8-15k·15薪,,,,https://www.liepin.com/job/1982808195.shtml,20260524164410,,,,
156070,猎聘,能源/化工/环保,化学,光刻工艺/设备工程师(J14226),企业职位,长江存储科技有限责任公司,5000-10000人,,合肥,武汉-洪山区,硕士,1-3年,薪资面议,,,,https://www.liepin.com/job/1981153407.shtml,20260402142133,,,,
156071,猎聘,能源/化工/环保,化学,质量主任工程师（武汉）(J14486),企业职位,中创新航科技集团股份有限公司,10000人以上,,合肥,武汉-汉南区,本科,5-10年,13-20k,,,,https://www.liepin.com/job/1981702279.shtml,20260608085413,,,,
156072,猎聘,能源/化工/环保,化学,合成助理研究员/研究员,企业职位,武汉合生科技有限公司,50-99人,,合肥,武汉-洪山区,统招本科,1-3年,7-10k,,,,https://www.liepin.com/job/1981648293.shtml,20260529154712,,,,
156073,猎聘,能源/化工/环保,化学,电池资深工程师,企业职位,某武汉大型互联网公司,10000人以上,,合肥,武汉,统招本科,10年以上,40-60k·16薪,,,,https://www.liepin.com/a/75264871.shtml,20260608082803,,,,
156074,猎聘,能源/化工/环保,化学,工艺研发工程师（武汉）-糖产品组,企业职位,糖智药业,100-499人,,合肥,武汉-江夏区,统招本科,2年以上,8-15k·13薪,,,,https://www.liepin.com/job/1982145275.shtml,20260428111855,,,,
156075,猎聘,能源/化工/环保,化学,电池资深工程师(A211910),企业职位,小米,10000人以上,,合肥,武汉-洪山区,本科,5年以上,30-50k·16薪,,,,https://www.liepin.com/job/1978844849.shtml,20260305185501,,,,
156076,猎聘,能源/化工/环保,化学,失效分析工程师,企业职位,楚能新能源,5000-10000人,,合肥,武汉-江夏区,本科,2年以上,10-20k,,,,https://www.liepin.com/job/1981829533.shtml,20260520093212,,,,
156077,猎聘,能源/化工/环保,化学,半导体PIE工艺整合工程师,企业职位,某知名公司,1-49人,,合肥,武汉,统招本科,1-3年,18-27k·15薪,,,,https://www.liepin.com/a/75974307.shtml,20260523104626,,,,
156078,猎聘,能源/化工/环保,化学,博士教师（公办本科事业编、人才引进费、安家补贴等）,企业职位,某国内大型学校教育公司,500-999人,,合肥,十堰,博士,经验不限,60-65k,,,,https://www.liepin.com/a/76187255.shtml,20260608102251,,,,
156079,猎聘,能源/化工/环保,化学,下游工艺开发高级研究员,企业职位,武汉潇正生物科技有限公司,1-49人,,合肥,武汉-洪山区,硕士,2年以上,10-16k·13薪,,,,https://www.liepin.com/job/1982699117.shtml,20260528110255,,,,
156080,猎聘,能源/化工/环保,化学,分析方法开发高级研究员,企业职位,武汉潇正生物科技有限公司,1-49人,,合肥,武汉-洪山区,硕士,2年以上,10-16k·13薪,,,,https://www.liepin.com/job/1982699397.shtml,20260528110316,,,,
156081,猎聘,能源/化工/环保,化学,生产总监/副总,企业职位,某武汉大型制药公司,5000-10000人,,合肥,武汉,统招本科,10年以上,50-65k,,,,https://www.liepin.com/a/73222881.shtml,20260520184545,,,,
156082,猎聘,能源/化工/环保,化学,TD 器件及工艺开发工程师（半导体）,企业职位,某知名公司,1000-2000人,,合肥,武汉,本科,经验不限,15-30k·15薪,,,,https://www.liepin.com/a/75659585.shtml,20260518144303,,,,
156083,猎聘,能源/化工/环保,化学,工艺工程师（驻地武汉）,企业职位,江苏微导纳米科技股份有限公司,100-499人,,合肥,武汉-江夏区,统招本科,3-5年,20-30k·15薪,,,,https://www.liepin.com/job/1960818877.shtml,20260525170345,,,,
156084,猎聘,能源/化工/环保,化学,211院校直聘-教学科研岗,企业职位,某知名公司,1-49人,,合肥,武汉,博士,经验不限,20-40k,,,,https://www.liepin.com/a/75905145.shtml,20260521115301,,,,
156085,猎聘,能源/化工/环保,化学,面板光刻胶研发经理,企业职位,品首企业管理,1-49人,,合肥,武汉-洪山区,硕士,5年以上,40-60k·14薪,,,,https://www.liepin.com/job/1974755077.shtml,20260604223624,,,,
156086,猎聘,能源/化工/环保,化学,质量工程师（武汉）(J11417),企业职位,中创新航科技集团股份有限公司,10000人以上,,合肥,武汉-汉南区,本科,2年以上,8-15k,,,,https://www.liepin.com/job/1968856747.shtml,20260608085413,,,,
156087,猎聘,能源/化工/环保,化学,XMC-气化系统工程师(J11369),企业职位,武汉新芯集成电路股份有限公司,2000-5000人,,合肥,武汉,统招本科,5年以上,13-26k·15薪,,,,https://www.liepin.com/job/1982039929.shtml,20260609151709,,,,
156088,猎聘,能源/化工/环保,化学,药物分析总监,企业职位,一家国内知名药企,10000人以上,,合肥,武汉,博士,10年以上,50-80k·13薪,,,,https://www.liepin.com/a/76112911.shtml,20260527141903,,,,
156089,猎聘,能源/化工/环保,化学,材料开发工程师,企业职位,楚能新能源,5000-10000人,,合肥,武汉-江夏区,硕士,3年以上,15-30k,,,,https://www.liepin.com/job/1981297887.shtml,20260416135511,,,,
156090,猎聘,能源/化工/环保,化学,抗体生产经理-SM,企业职位,某武汉制药公司,100-499人,,合肥,武汉,本科,10年以上,18-28k·14薪,,,,https://www.liepin.com/a/76241833.shtml,20260601095934,,,,
156091,猎聘,能源/化工/环保,化学,电芯工艺工程师/高工,企业职位,某知名上市公司,10000人以上,,合肥,荆门,本科,3-10年,18-35k·14薪,,,,https://www.liepin.com/a/75480015.shtml,20260609092159,,,,
156092,猎聘,能源/化工/环保,化学,电池测试工程师,企业职位,成都能斯特,100-499人,,合肥,武汉-蔡甸区,本科,3-10年,10-20k·13薪,,,,https://www.liepin.com/job/1970940507.shtml,20250709173123,,,,
156093,猎聘,能源/化工/环保,化学,质量分析工程师（检测/仪器）,企业职位,某成都化工上市公司,10000人以上,,合肥,荆州-松滋,大专,5-10年,18-35k,,,,https://www.liepin.com/a/76403807.shtml,20260608112128,,,,
156094,猎聘,能源/化工/环保,化学,镍锰酸锂正极材料高级研发工程师,企业职位,某武汉新能源公司,1-49人,,合肥,武汉,统招本科,5-10年,15-20k,,,,https://www.liepin.com/a/75985967.shtml,20260524154741,,,,
156095,猎聘,能源/化工/环保,化学,高级风味分析研究员,企业职位,李锦记食品,2000-5000人,,合肥,武汉-东西湖区,硕士,5年以上,15-20k,,,,https://www.liepin.com/job/1981712903.shtml,20260604110451,,,,
156096,猎聘,能源/化工/环保,化学,材料工程师,企业职位,华工正源,2000-5000人,,合肥,武汉-江夏区,本科,1-3年,15-35k,,,,https://www.liepin.com/job/1980572143.shtml,20260529180037,,,,
156097,猎聘,能源/化工/环保,化学,XMC-气化系统工程师,企业职位,武汉新芯集成电路股份有限公司,2000-5000人,,合肥,武汉,统招本科,5年以上,12-24k·15薪,,,,https://www.liepin.com/job/1982785391.shtml,20260609151704,,,,
156098,猎聘,能源/化工/环保,化学,设计工程师,企业职位,某武汉大型新能源公司,500-999人,,合肥,武汉,本科,3-5年,300-500k,,,,https://www.liepin.com/a/76353989.shtml,20260603113407,,,,
156099,猎聘,能源/化工/环保,化学,药物合成总监,企业职位,某知名公司,50-99人,,合肥,武汉,博士,10年以上,60-80k·14薪,,,,https://www.liepin.com/a/75768187.shtml,20260609091227,,,,
156100,猎聘,能源/化工/环保,化学,合成总监,企业职位,某武汉制药上市公司,10000人以上,,合肥,宜昌,博士,10年以上,70-90k,,,,https://www.liepin.com/a/76364805.shtml,20260603144958,,,,
156101,猎聘,能源/化工/环保,化学,工业安全工程师 (MJ000602),企业职位,武汉楚兴技术有限公司,1000-2000人,,合肥,武汉-东西湖区,本科,3年以上,18-25k,,,,https://www.liepin.com/job/1981417523.shtml,20260422110116,,,,
156102,猎聘,能源/化工/环保,化学,专利代理人（武汉）,企业职位,华进联合专利商标代理有限公司,1000-2000人,,合肥,武汉-硚口区,统招本科,5年以上,15-25k,,,,https://www.liepin.com/job/1981124975.shtml,20260609135037,,,,
156103,猎聘,能源/化工/环保,化学,合成工艺副总监/总监,企业职位,某知名公司,50-99人,,合肥,武汉,本科,经验不限,30-40k,,,,https://www.liepin.com/a/74106247.shtml,20260608110412,,,,
156104,猎聘,能源/化工/环保,化学,实验室负责人,企业职位,某知名公司,100-499人,,合肥,武汉,统招本科,5-10年,20-25k·15薪,,,,https://www.liepin.com/a/76424069.shtml,20260604165138,,,,
156105,猎聘,能源/化工/环保,化学,光刻胶研发工程师（PSPI\丙烯酸均可）,企业职位,品首企业管理,1-49人,,合肥,武汉-洪山区,硕士,3年以上,20-35k,,,,https://www.liepin.com/job/1974748309.shtml,20260604223624,,,,
156106,猎聘,能源/化工/环保,化学,药化总监/高级总监,企业职位,某武汉制药上市公司,10000人以上,,合肥,武汉,博士,8年以上,40-70k,,,,https://www.liepin.com/a/76389905.shtml,20260604091422,,,,
156107,猎聘,能源/化工/环保,化学,食品研发工程师（餐调/休闲食品方向）（薪资面议）,企业职位,湖北老魏川生物科技有限公司,100-499人,,合肥,武汉-洪山区,本科,3-5年,8-24k,,,,https://www.liepin.com/job/1981043549.shtml,20260606083746,,,,
156108,猎聘,能源/化工/环保,化学,电池系统开发总师,企业职位,某武汉知名整车制造公司,10000人以上,,合肥,武汉,硕士,10年以上,60-90k,,,,https://www.liepin.com/a/74309379.shtml,20260603094853,,,,
156109,猎聘,能源/化工/环保,化学,固态电池（负极）,企业职位,某武汉整车制造上市公司,10000人以上,,合肥,武汉-蔡甸区,统招本科,3-5年,15-30k,,,,https://www.liepin.com/a/76227837.shtml,20260609083601,,,,
156110,猎聘,能源/化工/环保,化学,原料药销售总监,企业职位,某国内制药公司,100-499人,,合肥,武汉,学历不限,10年以上,30-60k,,,,https://www.liepin.com/a/71917467.shtml,20260609160314,,,,
156111,猎聘,能源/化工/环保,化学,涂装品质工程师（体系）,企业职位,小鹏汽车,10000人以上,,合肥,武汉-汉南区,本科,5年以上,10-20k·15薪,,,,https://www.liepin.com/job/1982672255.shtml,20260519155628,,,,
156112,猎聘,能源/化工/环保,化学,合成工艺总监助理,企业职位,某武汉制药公司,100-499人,,合肥,武汉,学历不限,5-10年,25-45k,,,,https://www.liepin.com/a/75120353.shtml,20260529102757,,,,
156113,猎聘,能源/化工/环保,化学,TPU研发总监,企业职位,某国内化工上市公司,500-999人,,合肥,武汉,统招本科,5-10年,40-50k·13薪,,,,https://www.liepin.com/a/75454515.shtml,20260604114437,,,,
156114,猎聘,能源/化工/环保,化学,QC原物料经理,企业职位,某武汉制药公司,100-499人,,合肥,武汉,本科,5-10年,20-30k·14薪,,,,https://www.liepin.com/a/76006721.shtml,20260601131934,,,,
156115,猎聘,能源/化工/环保,化学,凝聚态电池研发工程师（高电压方向）,企业职位,某武汉新能源公司,1-49人,,合肥,武汉,学历不限,5-10年,15-25k,,,,https://www.liepin.com/a/75986007.shtml,20260524155211,,,,
156116,猎聘,能源/化工/环保,化学,高中理科教师,企业职位,某武汉人力资源服务公司,50-99人,,合肥,武汉-黄陂区,本科,经验不限,5-9k,,,,https://www.liepin.com/a/75725939.shtml,20260604143546,,,,
156117,猎聘,能源/化工/环保,化学,半导体工艺工程师,企业职位,某合肥大型电子/半导体/集成电路公司,5000-10000人,,合肥,武汉,统招本科,5-10年,20-40k,,,,https://www.liepin.com/a/76389621.shtml,20260604091052,,,,
156118,猎聘,能源/化工/环保,化学,动力电池系统开发（央企）,企业职位,某世界500强整车制造上市公司,10000人以上,,合肥,武汉,统招本科,10年以上,60-90k·19薪,,,,https://www.liepin.com/a/75414831.shtml,20260609094426,,,,
156119,猎聘,能源/化工/环保,化学,原料药合成工艺生产总监,企业职位,某国内大型制药公司,500-999人,,合肥,荆门,统招本科,10年以上,40-45k,,,,https://www.liepin.com/a/75757843.shtml,20260518105137,,,,
156120,猎聘,能源/化工/环保,化学,合成总监,企业职位,一家国内知名药企,10000人以上,,合肥,武汉,博士,10年以上,50-80k·13薪,,,,https://www.liepin.com/a/76112877.shtml,20260527141840,,,,
156121,猎聘,能源/化工/环保,化学,XMC-光刻工艺工程师(J11428),企业职位,武汉新芯集成电路股份有限公司,2000-5000人,,合肥,武汉,统招本科,1-3年,15-25k·15薪,,,,https://www.liepin.com/job/1982915801.shtml,20260602142626,,,,
156122,猎聘,能源/化工/环保,化学,医疗器械检测销售,企业职位,谱尼测试集团股份有限公司,5000-10000人,,合肥,武汉-蔡甸区,大专,5-10年,10-15k,,,,https://www.liepin.com/job/1981641837.shtml,20260521165027,,,,
156123,猎聘,能源/化工/环保,化学,半导体工艺整合工程师,企业职位,长江存储科技有限责任公司,5000-10000人,,合肥,武汉-洪山区,硕士,3-5年,20-30k·15薪,,,,https://www.liepin.com/job/1979153447.shtml,20251223153633,,,,
156124,猎聘,能源/化工/环保,化学,XMC-良率提升资深工程师(J10839),企业职位,武汉新芯集成电路股份有限公司,2000-5000人,,合肥,武汉,硕士,3年以上,15-25k·15薪,,,,https://www.liepin.com/job/1974585707.shtml,20260601111301,,,,
156125,猎聘,能源/化工/环保,化学,湿法工艺/设备岗(J14231),企业职位,长江存储科技有限责任公司,5000-10000人,,合肥,武汉-洪山区,硕士,1-3年,薪资面议,,,,https://www.liepin.com/job/1979971871.shtml,20260316101159,,,,
156126,猎聘,能源/化工/环保,化学,工艺工程师（长江存储base武汉）,企业职位,某武汉大型电子/半导体/集成电路公司,5000-10000人,,合肥,武汉,硕士,1-3年,20-30k,,,,https://www.liepin.com/a/75868871.shtml,20260520143846,,,,
156127,猎聘,能源/化工/环保,化学,半导体设备工程师（长江存储base武汉）,企业职位,某武汉大型电子/半导体/集成电路公司,5000-10000人,,合肥,武汉,本科,1-3年,18-28k,,,,https://www.liepin.com/a/75860855.shtml,20260520114819,,,,
156128,猎聘,能源/化工/环保,化学,工艺工程师（武汉）(J13733),企业职位,北方华创,10000人以上,,合肥,武汉-洪山区,本科,1年以上,15-25k·14薪,,,,https://www.liepin.com/job/1983095925.shtml,20260603095309,,,,
156129,猎聘,能源/化工/环保,化学,硅外延工艺工程师,企业职位,高德红外,5000-10000人,,合肥,武汉,统招本科,1年以上,12-25k·14薪,,,,https://www.liepin.com/job/1982941683.shtml,20260609085102,,,,
156130,猎聘,能源/化工/环保,化学,高级风味分析研究员,企业职位,李锦记食品,2000-5000人,,合肥,武汉-东西湖区,硕士,5-10年,15-20k,,,,https://www.liepin.com/job/1979318053.shtml,20260602153237,,,,
156131,猎聘,能源/化工/环保,化学,PIE/设备/工艺/经理,企业职位,长江存储科技有限责任公司,5000-10000人,,合肥,武汉-洪山区,硕士,10年以上,40-70k·15薪,,,,https://www.liepin.com/job/1982908465.shtml,20260608151551,,,,
156132,猎聘,能源/化工/环保,化学,MR-Hema-襄阳十堰,企业职位,阿斯利康,10000人以上,,合肥,襄阳-樊城区,本科,经验不限,8-15k·13薪,,,,https://www.liepin.com/job/1979851407.shtml,20260609084418,,,,
156133,猎聘,能源/化工/环保,化学,水处理资深工程师,企业职位,长江存储科技有限责任公司,5000-10000人,,合肥,武汉-洪山区,统招本科,经验不限,15-25k·15薪,,,,https://www.liepin.com/job/1968581641.shtml,20260226133351,,,,
156134,猎聘,能源/化工/环保,化学,工艺/设备/良率 工程师(J14024),企业职位,长江存储科技有限责任公司,5000-10000人,,合肥,武汉-洪山区,硕士,1-3年,薪资面议,,,,https://www.liepin.com/job/1977621927.shtml,20251009131229,,,,
156135,猎聘,能源/化工/环保,化学,芯片工艺工程师（PIE）,企业职位,光迅科技,2000-5000人,,合肥,武汉-江夏区,本科,5-10年,16-30k·13薪,,,,https://www.liepin.com/job/1982573023.shtml,20260601095115,,,,
156136,猎聘,能源/化工/环保,化学,TTD Process Engineer(J13546),企业职位,长江存储科技有限责任公司,5000-10000人,,合肥,武汉-洪山区,硕士,1-3年,薪资面议,,,,https://www.liepin.com/job/1979364341.shtml,20251225091825,,,,
156137,猎聘,能源/化工/环保,化学,高级技术员（基因合成方向）,企业职位,某生物科技公司,500-999人,,合肥,武汉,硕士,5-10年,15-20k,,,,https://www.liepin.com/a/75829415.shtml,20260519160738,,,,
156138,猎聘,能源/化工/环保,化学,工艺工程师,企业职位,BYD,10000人以上,,合肥,武汉-黄陂区,本科,1年以上,9-14k,,,,https://www.liepin.com/job/1982524085.shtml,20260514104229,,,,
156139,猎聘,能源/化工/环保,化学,MR-突破性多适应症生物制剂-武汉,企业职位,阿斯利康,10000人以上,,合肥,武汉-江汉区,本科,1年以上,10-20k·13薪,,,,https://www.liepin.com/job/1980811147.shtml,20260310173332,,,,
156140,猎聘,能源/化工/环保,化学,研发工艺工程师,企业职位,某武汉电子/半导体/集成电路公司,100-499人,,合肥,武汉,统招本科,3-5年,18-25k,,,,https://www.liepin.com/a/75313315.shtml,20260609095856,,,,
156141,猎聘,能源/化工/环保,化学,XMC-WET设备主任工程师(J11358),企业职位,武汉新芯集成电路股份有限公司,2000-5000人,,合肥,武汉,统招本科,8年以上,25-40k·15薪,,,,https://www.liepin.com/job/1981871201.shtml,20260609101410,,,,
156142,猎聘,能源/化工/环保,化学,产品经理,企业职位,楚能新能源,5000-10000人,,合肥,武汉-江夏区,本科,3年以上,20-40k,,,,https://www.liepin.com/job/1971398869.shtml,20260520093312,,,,
156143,猎聘,能源/化工/环保,化学,厂务气化系统工程师(J10140),企业职位,湖北江城实验室,100-499人,,合肥,武汉-江夏区,本科,3年以上,15-30k·14薪,,,,https://www.liepin.com/job/1979084319.shtml,20251211155238,,,,
156144,猎聘,能源/化工/环保,化学,CVD工艺工程师,企业职位,上海陛通半导体能源科技股份有限公司,100-499人,,合肥,武汉-江夏区,本科,1-3年,15-20k,,,,https://www.liepin.com/job/1970324367.shtml,20260428153345,,,,
156145,猎聘,能源/化工/环保,化学,工艺/制程工程师(PE),企业职位,某新能源上市公司,10000人以上,,合肥,武汉,统招本科,经验不限,12-20k·14薪,,,,https://www.liepin.com/a/73836163.shtml,20260523164352,,,,
156146,猎聘,能源/化工/环保,化学,制造工程师,企业职位,新存科技(武汉)有限责任公司,,,合肥,武汉-洪山区,本科,3-5年,20-40k·15薪,,,,https://www.liepin.com/job/1982625935.shtml,20260609093335,,,,
156147,猎聘,能源/化工/环保,化学,EHS工程师/安全管理工程师,企业职位,长飞光纤光缆股份有限公司,10000人以上,,合肥,武汉-洪山区,统招本科,3-5年,10-15k·14薪,,,,https://www.liepin.com/job/1982969531.shtml,20260529091520,,,,
156148,猎聘,能源/化工/环保,化学,销售工程师-武汉,企业职位,瑞科和利(北京)科技有限公司,1-49人,,合肥,武汉-武昌区,统招本科,2年以上,10-15k,,,,https://www.liepin.com/job/1980915209.shtml,20260313144229,,,,
156149,猎聘,能源/化工/环保,化学,EHS工程师（安全管理工程师）,企业职位,长飞光纤光缆股份有限公司,10000人以上,,合肥,武汉-洪山区,本科,3-5年,12-20k·14薪,,,,https://www.liepin.com/job/1982969389.shtml,20260529091139,,,,
156150,猎聘,能源/化工/环保,化学,研发工程师,企业职位,某武汉通信设备上市公司,10000人以上,,合肥,武汉,统招本科,3-5年,15-20k,,,,https://www.liepin.com/a/76146817.shtml,20260609134020,,,,
156151,猎聘,能源/化工/环保,化学,合成总监,企业职位,某国内大型制药公司,5000-10000人,,合肥,武汉,博士,5-10年,40-70k,,,,https://www.liepin.com/a/75944073.shtml,20260608105508,,,,
156152,猎聘,能源/化工/环保,化学,半导体设备工程师（应届生专用）,企业职位,长江存储科技有限责任公司,5000-10000人,,合肥,武汉-洪山区,统招本科,1年以下,10-13k·14薪,,,,https://www.liepin.com/job/1965693511.shtml,20240605090605,,,,
156153,猎聘,能源/化工/环保,化学,材料工程师,企业职位,武汉恩达通科技有限公司,100-499人,,合肥,武汉-江夏区,本科,3年以上,10-20k,,,,https://www.liepin.com/job/1978592451.shtml,20260603155418,,,,
156154,猎聘,能源/化工/环保,化学,工艺高级研究员,企业职位,华海药业浙江,5000-10000人,,合肥,武汉-江夏区,统招本科,5-10年,15-20k·13薪,,,,https://www.liepin.com/job/1961755813.shtml,20260609155719,,,,
156155,猎聘,能源/化工/环保,化学,药化高级总监,企业职位,某武汉制药上市公司,10000人以上,,合肥,武汉,博士,10年以上,70-80k,,,,https://www.liepin.com/a/75766295.shtml,20260608131338,,,,
156156,猎聘,能源/化工/环保,化学,磷酸铁/磷酸铁锂/焦磷酸铁钠研发工程师,企业职位,新洋丰农业,5000-10000人,,合肥,荆门-东宝区,硕士,1-3年,15-30k,,,,https://www.liepin.com/job/1982796315.shtml,20260523102458,,,,
156157,猎聘,能源/化工/环保,化学,安全工程师,企业职位,武汉光谷人才集团有限公司,1-49人,,合肥,武汉-江夏区,统招本科,3-5年,8-15k·15薪,,,,https://www.liepin.com/job/1983119683.shtml,20260603164740,,,,
156158,猎聘,能源/化工/环保,化学,module各方向工艺/设备、厂务工程师,企业职位,某大型知名电子/半导体/集成电路公司,5000-10000人,,合肥,武汉,本科,3年以上,20-40k·15薪,,,,https://www.liepin.com/a/73007937.shtml,20260515161557,,,,
156159,猎聘,能源/化工/环保,化学,药代动力学研究员(J10030),企业职位,宏韧医药,500-999人,,合肥,武汉-江夏区,硕士,1-3年,8-15k·13薪,,,,https://www.liepin.com/job/1977117941.shtml,20260601153430,,,,
156160,猎聘,能源/化工/环保,化学,薄膜：设备/工艺工程师（EE/PE),企业职位,某武汉大型电气机械/器材公司,5000-10000人,,合肥,武汉,硕士,3年以上,18-25k·15薪,,,,https://www.liepin.com/a/75659191.shtml,20260608141331,,,,
156161,猎聘,能源/化工/环保,化学,研发工程师,企业职位,某武汉通信设备上市公司,10000人以上,,合肥,武汉,统招本科,3-5年,12-20k,,,,https://www.liepin.com/a/75975927.shtml,20260523130240,,,,
156162,猎聘,能源/化工/环保,化学,化肥销售总监,企业职位,武汉肥得乐生物科技有限公司,50-99人,,合肥,武汉-硚口区,大专,5年以上,12-24k,,,,https://www.liepin.com/job/1982725895.shtml,20260526103720,,,,
156163,猎聘,能源/化工/环保,化学,厂务气化经理,企业职位,某大型电子/半导体/集成电路公司,1000-2000人,,合肥,武汉-江夏区,统招本科,10年以上,40-45k·15薪,,,,https://www.liepin.com/a/75835889.shtml,20260519172733,,,,
156164,猎聘,能源/化工/环保,化学,生产主管,企业职位,回天,1000-2000人,,合肥,襄阳-樊城区,大专,5-10年,9-12k,,,,https://www.liepin.com/job/1982277989.shtml,20260515084956,,,,
156165,猎聘,能源/化工/环保,化学,销售经理（锂电材料）,企业职位,湖北鼎龙控股股份有限公司,1000-2000人,,合肥,武汉-汉南区,本科,2年以上,15-22k·15薪,,,,https://www.liepin.com/job/1982361697.shtml,20260508173349,,,,
156166,猎聘,能源/化工/环保,化学,工艺工程师,企业职位,湖北新南化科技有限公司,100-499人,,合肥,荆州-松滋,大专,3-5年,8-12k,,,,https://www.liepin.com/job/1981910337.shtml,20260608110046,,,,
156167,猎聘,能源/化工/环保,化学,光芯片研发工艺工程师,企业职位,某武汉电子/半导体/集成电路公司,100-499人,,合肥,武汉,统招本科,3-5年,18-30k,,,,https://www.liepin.com/a/74243201.shtml,20260609084423,,,,
156168,猎聘,能源/化工/环保,化学,理化检测室主任,企业职位,某武汉检测认证公司,50-99人,,合肥,武汉,学历不限,5-10年,15-20k,,,,https://www.liepin.com/a/76389363.shtml,20260609144517,,,,
156169,猎聘,能源/化工/环保,化学,半导体设备工程师,企业职位,某合肥大型电子/半导体/集成电路公司,5000-10000人,,合肥,武汉,学历不限,5-10年,20-40k,,,,https://www.liepin.com/a/76389547.shtml,20260604090957,,,,
156170,猎聘,能源/化工/环保,化学,ALD薄膜工艺工程师,企业职位,某电子/半导体/集成电路公司,100-499人,,合肥,武汉-洪山区,统招本科,3年以上,30-40k·14薪,,,,https://www.liepin.com/a/75272457.shtml,20260514105623,,,,
156171,猎聘,能源/化工/环保,化学,系统设计工程师（专注海外） (MJ000871),企业职位,海博思创,1000-2000人,,合肥,武汉-蔡甸区,硕士,5年以上,30-40k,,,,https://www.liepin.com/job/1982995215.shtml,20260529175622,,,,
156172,猎聘,能源/化工/环保,化学,XMC-厂建气化系统工程师(J11422),企业职位,武汉新芯集成电路股份有限公司,2000-5000人,,合肥,武汉,大专,6年以上,12-24k·15薪,,,,https://www.liepin.com/job/1982899625.shtml,20260609151659,,,,
156173,猎聘,能源/化工/环保,化学,液流电池结构工程师,企业职位,某知名公司,5000-10000人,,合肥,武汉,学历不限,经验不限,18-35k,,,,https://www.liepin.com/a/75767333.shtml,20260518134259,,,,
156174,猎聘,能源/化工/环保,化学,研发工程师,企业职位,武汉合生科技有限公司,50-99人,,合肥,武汉-洪山区,硕士,经验不限,9-13k,,,,https://www.liepin.com/job/1982342191.shtml,20260509090957,,,,
156175,猎聘,能源/化工/环保,化学,刻蚀设备助理工程师,企业职位,某上海专业技术服务上市公司,10000人以上,,合肥,武汉-江夏区,大专,1-3年,8-12k,,,,https://www.liepin.com/a/76364119.shtml,20260603144203,,,,
156176,猎聘,能源/化工/环保,化学,制剂分析经理,企业职位,某武汉大型制药公司,5000-10000人,,合肥,武汉,本科,10年以上,30-40k,,,,https://www.liepin.com/a/74147359.shtml,20260602105643,,,,
156177,猎聘,能源/化工/环保,化学,工业安全工程师,企业职位,长江存储科技有限责任公司,5000-10000人,,合肥,武汉-洪山区,硕士,3-5年,10-15k·15薪,,,,https://www.liepin.com/job/1980882153.shtml,20260312154630,,,,
156178,猎聘,能源/化工/环保,化学,试验检测员/师,企业职位,汉江检测,50-99人,,合肥,襄阳-襄州区,大专,1年以上,6-8k,,,,https://www.liepin.com/job/1981899033.shtml,20260420112735,,,,
156179,猎聘,能源/化工/环保,化学,医药代表-糖尿病产品（DPP4& SGLT2）-武汉 ID208492,企业职位,勃林格殷格翰,2000-5000人,,合肥,武汉-江岸区,本科,2年以上,薪资面议,,,,https://www.liepin.com/job/1982382857.shtml,20260509141231,,,,
156180,猎聘,能源/化工/环保,化学,TD 薄膜工艺工程师（PVD/CVD）(J10405),企业职位,长飞先进半导体(武汉)有限公司,1000-2000人,,合肥,武汉-江夏区,本科,3年以上,15-30k·15薪,,,,https://www.liepin.com/job/1980825675.shtml,20260518102702,,,,
156181,猎聘,能源/化工/环保,化学,OLED工艺整合,企业职位,天马微电子,10000人以上,,合肥,武汉-洪山区,统招本科,3-5年,15-25k·15薪,,,,https://www.liepin.com/job/1967986521.shtml,20260608133122,,,,
156182,猎聘,能源/化工/环保,化学,器件及工艺开发工程师（研发中心）-应届博士,企业职位,某武汉电子/半导体/集成电路公司,1000-2000人,,合肥,武汉,学历不限,经验不限,25-35k·15薪,,,,https://www.liepin.com/a/75793557.shtml,20260609095430,,,,
156183,猎聘,能源/化工/环保,化学,半导体设备工程师,企业职位,某合肥大型电子/半导体/集成电路公司,5000-10000人,,合肥,武汉,统招本科,5-10年,20-40k,,,,https://www.liepin.com/a/76389207.shtml,20260604090504,,,,
156184,猎聘,能源/化工/环保,化学,合成助理总监/工艺总监,企业职位,某武汉制药公司,100-499人,,合肥,武汉,硕士,4年以上,23-35k,,,,https://www.liepin.com/a/76348163.shtml,20260608152319,,,,
156185,猎聘,能源/化工/环保,化学,神经药麻药合成总监,企业职位,某国内大型制药公司,5000-10000人,,合肥,武汉,博士,10年以上,40-65k·15薪,,,,https://www.liepin.com/a/74353239.shtml,20260525124737,,,,
156186,猎聘,能源/化工/环保,化学,材料开发岗（SCF） (MJ009445),企业职位,天马微电子,10000人以上,,合肥,武汉-洪山区,学历不限,5年以上,20-40k·15薪,,,,https://www.liepin.com/job/1973514259.shtml,20260608133128,,,,
156187,猎聘,能源/化工/环保,化学,光刻工艺工程师,企业职位,高德红外,5000-10000人,,合肥,武汉,统招本科,经验不限,15-28k·14薪,,,,https://www.liepin.com/job/1940881029.shtml,20260609085102,,,,
156188,猎聘,能源/化工/环保,化学,细胞培养研究员,企业职位,某武汉制药公司,100-499人,,合肥,武汉,本科,1-3年,8-13k·13薪,,,,https://www.liepin.com/a/74899031.shtml,20260520135510,,,,
156189,猎聘,能源/化工/环保,化学,质量主管（宜昌）,企业职位,宜昌邦普循环科技有限公司,10000人以上,,合肥,宜昌-枝江,本科,5年以上,15-18k·14薪,,,,https://www.liepin.com/job/1977938183.shtml,20260601081814,,,,
156190,猎聘,能源/化工/环保,化学,XMC-TD Etch工艺研发资深工程师(J10793),企业职位,武汉新芯集成电路股份有限公司,2000-5000人,,合肥,武汉,统招本科,3年以上,15-25k·15薪,,,,https://www.liepin.com/job/1978123141.shtml,20260601111301,,,,
156191,猎聘,能源/化工/环保,化学,理科组长,企业职位,某武汉学校教育公司,100-499人,,合肥,武汉,硕士,3-5年,20-25k,,,,https://www.liepin.com/a/75589707.shtml,20260512173805,,,,
156192,猎聘,能源/化工/环保,化学,食品检测实验室主管(有机/无机/微生物),企业职位,华测检测,10000人以上,,合肥,武汉-江夏区,统招本科,5年以上,9-13k·14薪,,,,https://www.liepin.com/job/1982697171.shtml,20260520115158,,,,
156193,猎聘,能源/化工/环保,化学,综合部经理,企业职位,湖北江夏实验室,50-99人,,合肥,武汉-江夏区,本科,5-10年,12-17k,,,,https://www.liepin.com/job/1982141263.shtml,20260428101104,,,,
156194,猎聘,能源/化工/环保,化学,半导体工艺工程师（武汉）,企业职位,某武汉大型电气机械/器材公司,5000-10000人,,合肥,武汉,硕士,3-5年,15-30k,,,,https://www.liepin.com/a/76091127.shtml,20260527092536,,,,
156195,猎聘,能源/化工/环保,化学,MEMS研发/工艺工程师,企业职位,高德红外,5000-10000人,,合肥,武汉,统招本科,1年以上,14-30k·14薪,,,,https://www.liepin.com/job/1973536781.shtml,20260609085110,,,,
156196,猎聘,能源/化工/环保,化学,合成原料药生产总监,企业职位,某国内大型制药公司,500-999人,,合肥,荆门,学历不限,10年以上,35-50k,,,,https://www.liepin.com/a/75528141.shtml,20260512192619,,,,
156197,猎聘,能源/化工/环保,化学,固态电池（固化）,企业职位,某武汉整车制造上市公司,10000人以上,,合肥,武汉-蔡甸区,统招本科,3-5年,15-30k,,,,https://www.liepin.com/a/76227879.shtml,20260609083601,,,,
156198,猎聘,能源/化工/环保,化学,模具工程师,企业职位,某上海整车制造公司,100-499人,,合肥,武汉-汉阳区,统招本科,5-10年,18-30k·14薪,,,,https://www.liepin.com/a/74262647.shtml,20260520205923,,,,
156199,猎聘,能源/化工/环保,化学,下游纯化负责人,企业职位,某个大型生物药企业（大分子）,100-499人,,合肥,武汉,本科,经验不限,30-60k·14薪,,,,https://www.liepin.com/a/73987937.shtml,20260608102717,,,,
156200,猎聘,能源/化工/环保,化学,工艺工程师,企业职位,某武汉大型新能源公司,500-999人,,合肥,武汉-洪山区,本科,3-5年,300-500k,,,,https://www.liepin.com/a/76354307.shtml,20260603113753,,,,
156201,猎聘,能源/化工/环保,化学,工艺工程师,企业职位,湖北方圆环保科技有限公司,100-499人,,合肥,武汉-洪山区,本科,5年以上,10-30k·13薪,,,,https://www.liepin.com/job/1982883909.shtml,20260526170341,,,,
156202,猎聘,能源/化工/环保,化学,工艺整合工程师,企业职位,某武汉大型电子/半导体/集成电路公司,1000-2000人,,合肥,武汉,本科,3-5年,20-35k·14薪,,,,https://www.liepin.com/a/76272819.shtml,20260601164551,,,,
156203,猎聘,能源/化工/环保,化学,固态电池（电解液）,企业职位,某武汉整车制造上市公司,10000人以上,,合肥,武汉-蔡甸区,统招本科,3-5年,16-30k·13薪,,,,https://www.liepin.com/a/75853793.shtml,20260609083601,,,,
156204,猎聘,能源/化工/环保,化学,沸石制成工艺工程师,企业职位,某上海知名上市公司,1000-2000人,,合肥,孝感,统招本科,经验不限,12-20k,,,,https://www.liepin.com/a/75501731.shtml,20260609103212,,,,
156205,猎聘,能源/化工/环保,化学,半导体设备工程师,企业职位,某知名电子/半导体/集成电路公司,2000-5000人,,合肥,武汉,学历不限,经验不限,40-45k,,,,https://www.liepin.com/a/76158539.shtml,20260528133144,,,,
156206,猎聘,能源/化工/环保,化学,提取副主任,企业职位,某国内制药上市公司,5000-10000人,,合肥,荆州,学历不限,5-10年,15-30k,,,,https://www.liepin.com/a/75851175.shtml,20260520100301,,,,
156207,猎聘,能源/化工/环保,化学,医药代表（省肿瘤）,企业职位,扬子江药业集团江苏扬子江医药经营有限公司,10000人以上,,合肥,武汉-洪山区,本科,1-3年,8-13k,,,,https://www.liepin.com/job/1982918443.shtml,20260527160656,,,,
156208,猎聘,能源/化工/环保,化学,合成课题组长（宜昌基地）,企业职位,广康生化,500-999人,,合肥,宜昌-枝江,本科,3年以上,15-20k·13薪,,,,https://www.liepin.com/job/1982356641.shtml,20260601152055,,,,
156209,猎聘,能源/化工/环保,化学,动力电池系统开发工程师,企业职位,岚图汽车,5000-10000人,,合肥,武汉-汉阳区,本科,5年以上,20-35k,,,,https://www.liepin.com/job/1982357913.shtml,20260508163148,,,,
156210,猎聘,能源/化工/环保,化学,PD MSAT-DSP,企业职位,某武汉制药公司,100-499人,,合肥,武汉,硕士,5-10年,25-45k·14薪,,,,https://www.liepin.com/a/76006701.shtml,20260601131934,,,,
156211,猎聘,能源/化工/环保,化学,芯片工艺工程师（PVD） (MJ000619),企业职位,光迅科技,2000-5000人,,合肥,武汉-江夏区,本科,3年以上,14-25k,,,,https://www.liepin.com/job/1983066973.shtml,20260602134643,,,,
156212,猎聘,能源/化工/环保,化学,电池系统工程师,企业职位,某知名公司,100-499人,,合肥,武汉,统招本科,3-5年,20-25k,,,,https://www.liepin.com/a/75130335.shtml,20260602152807,,,,
156213,猎聘,能源/化工/环保,化学,AIDD高级科学家,企业职位,某武汉制药上市公司,10000人以上,,合肥,武汉,博士,经验不限,40-50k·14薪,,,,https://www.liepin.com/a/75764551.shtml,20260609091227,,,,
156214,猎聘,能源/化工/环保,化学,半导体工艺工程师,企业职位,长江存储科技有限责任公司,5000-10000人,,合肥,武汉-洪山区,硕士,3年以上,18-40k·15薪,,,,https://www.liepin.com/job/1972008671.shtml,20260108094837,,,,
156215,猎聘,能源/化工/环保,化学,水处理工程师,企业职位,楚能新能源,5000-10000人,,合肥,武汉-江夏区,本科,3-5年,8-12k,,,,https://www.liepin.com/job/1982468219.shtml,20260512160457,,,,
156216,猎聘,能源/化工/环保,化学,qc负责人,企业职位,某杭州知名公司,50-99人,,合肥,荆州-公安县,统招本科,10年以上,30-50k,,,,https://www.liepin.com/a/76004731.shtml,20260525113320,,,,
156217,猎聘,能源/化工/环保,化学,水泥改性材料研发工程师(J11389),企业职位,华新建材集团股份有限公司,10000人以上,,合肥,武汉-洪山区,硕士,1-3年,8-15k,,,,https://www.liepin.com/job/1981469485.shtml,20260604141811,,,,
156218,猎聘,能源/化工/环保,化学,XMC-水处理系统工程师,企业职位,武汉新芯集成电路股份有限公司,2000-5000人,,合肥,武汉,统招本科,5年以上,12-24k·15薪,,,,https://www.liepin.com/job/1982785043.shtml,20260609151704,,,,
156219,猎聘,能源/化工/环保,化学,物流工程师（整车/仓储/厂内）,企业职位,武汉速博亚尔工程咨询有限公司,100-499人,,合肥,武汉-蔡甸区,大专,2年以上,9-14k,,,,https://www.liepin.com/job/1982702301.shtml,20260609171627,,,,
156220,猎聘,能源/化工/环保,化学,工艺经理/合成组长,企业职位,某武汉制药公司,100-499人,,合肥,武汉,硕士,2-10年,17-24k,,,,https://www.liepin.com/a/76348491.shtml,20260608152319,,,,
156221,猎聘,能源/化工/环保,化学,etch设备工程师,企业职位,某上海电子/半导体/集成电路公司,100-499人,,合肥,武汉,统招本科,3-5年,16-26k,,,,https://www.liepin.com/a/73201389.shtml,20260519144943,,,,
156222,猎聘,能源/化工/环保,化学,AIDD,企业职位,某国内大型制药公司,5000-10000人,,合肥,武汉,博士,1-3年,30-50k,,,,https://www.liepin.com/a/75997281.shtml,20260603181350,,,,
156223,猎聘,能源/化工/环保,化学,芯片工艺工程师（刻蚀） (MJ000603),企业职位,光迅科技,2000-5000人,,合肥,武汉-江夏区,本科,3年以上,16-28k,,,,https://www.liepin.com/job/1982741667.shtml,20260601095146,,,,
156224,猎聘,能源/化工/环保,化学,销售工程师（材料表征）-武汉,企业职位,安东帕商贸,100-499人,,合肥,武汉-江汉区,统招本科,1-3年,薪资面议,,,,https://www.liepin.com/job/1970140875.shtml,20260608150622,,,,
156225,猎聘,能源/化工/环保,化学,配方工程师,企业职位,华彩(湖北)电子材料有限公司,100-499人,,合肥,武汉-蔡甸区,本科,3年以上,12-18k,,,,https://www.liepin.com/job/1979884865.shtml,20260423103119,,,,
156226,猎聘,能源/化工/环保,化学,合成总监,企业职位,某国内大型制药公司,5000-10000人,,合肥,宜昌,学历不限,8年以上,80-85k,,,,https://www.liepin.com/a/76216049.shtml,20260529170253,,,,
156227,猎聘,能源/化工/环保,化学,QC(J11193),企业职位,启瑞药业,1000-2000人,,合肥,武汉-江夏区,本科,1-3年,9-14k,,,,https://www.liepin.com/job/1978789441.shtml,20260402144733,,,,
156228,猎聘,能源/化工/环保,化学,电机工程师,企业职位,某武汉科技推广服务公司,100-499人,,合肥,武汉,硕士,4年以上,21-30k,,,,https://www.liepin.com/a/76326335.shtml,20260602165021,,,,
156229,猎聘,能源/化工/环保,化学,药物分析总监,企业职位,某国内大型制药公司,5000-10000人,,合肥,宜昌,博士,10年以上,50-80k,,,,https://www.liepin.com/a/75265997.shtml,20260609112632,,,,
156230,猎聘,能源/化工/环保,化学,CADD方向售前技术支持专家,企业职位,思朗科技,100-499人,,合肥,孝感-孝南区,硕士,2年以上,15-30k·15薪,,,,https://www.liepin.com/job/1983118121.shtml,20260603162209,,,,
156231,猎聘,能源/化工/环保,化学,刻蚀设备工程师,企业职位,矢量集团,100-499人,,合肥,武汉-洪山区,统招本科,1-3年,11-16k,,,,https://www.liepin.com/job/1980616645.shtml,20260515142203,,,,
156232,猎聘,能源/化工/环保,化学,光刻工艺工程师,企业职位,某知名公司,10000人以上,,合肥,武汉,统招本科,2年以上,20-40k·15薪,,,,https://www.liepin.com/a/74683125.shtml,20260609120703,,,,
156233,猎聘,能源/化工/环保,化学,材料助理工程师,企业职位,武汉华威科智能技术有限公司,100-499人,,合肥,武汉-江夏区,统招本科,1-3年,6-10k,,,,https://www.liepin.com/job/1979877767.shtml,20260518153328,,,,
156234,猎聘,能源/化工/环保,化学,资深电镀工程师(J10097),企业职位,沃格集团,2000-5000人,,合肥,武汉-江夏区,统招本科,5年以上,18-30k·13薪,,,,https://www.liepin.com/job/1982921331.shtml,20260609114037,,,,
156235,猎聘,能源/化工/环保,化学,EMC 行业高级专家,企业职位,某武汉整车制造上市公司,10000人以上,,合肥,武汉,统招本科,10年以上,30-50k·13薪,,,,https://www.liepin.com/a/75587575.shtml,20260512171045,,,,
156236,猎聘,能源/化工/环保,化学,半导体设备工程师（武汉）,企业职位,某武汉大型电气机械/器材公司,5000-10000人,,合肥,武汉,硕士,1-3年,17-25k,,,,https://www.liepin.com/a/75561501.shtml,20260527092204,,,,
156237,猎聘,能源/化工/环保,化学,前道设备工程师-封测厂（半导体）,企业职位,某知名公司,1000-2000人,,合肥,武汉,学历不限,5-10年,13-25k·15薪,,,,https://www.liepin.com/a/76372349.shtml,20260603161217,,,,
156238,猎聘,能源/化工/环保,化学,电池工程师,企业职位,联友科技,2000-5000人,,合肥,武汉-蔡甸区,大专,3年以上,13-20k,,,,https://www.liepin.com/job/1981771459.shtml,20260415101007,,,,
156239,猎聘,能源/化工/环保,化学,生产控制工程师（新存科技(武汉)）,企业职位,某武汉学术/科研公司,100-499人,,合肥,武汉,本科,3-5年,25-45k,,,,https://www.liepin.com/a/75910481.shtml,20260521141432,,,,
156240,猎聘,能源/化工/环保,化学,研发副总工,猎头职位,某武汉大型建材公司,5000-10000人,,合肥,武汉,本科,3-5年,30-45k,,,,https://www.liepin.com/a/74906015.shtml,20260421181220,,,,
156241,猎聘,能源/化工/环保,化学,售前工程师/经理,猎头职位,某武汉新能源公司,100-499人,,合肥,武汉,统招本科,3年以上,10-15k,,,,https://www.liepin.com/a/75530079.shtml,20260511163532,,,,
156242,猎聘,能源/化工/环保,化学,半导体工艺工程师,猎头职位,某合肥大型电子/半导体/集成电路公司,5000-10000人,,合肥,武汉,学历不限,5-10年,20-40k,,,,https://www.liepin.com/a/76389299.shtml,20260604090628,,,,
156243,猎聘,能源/化工/环保,化学,时空bd,猎头职位,某上海大型制药公司,500-999人,,合肥,武汉,硕士,1-3年,12-20k,,,,https://www.liepin.com/a/76115121.shtml,20260527144155,,,,
156244,猎聘,能源/化工/环保,化学,固态电池（电解质膜）,猎头职位,某武汉整车制造上市公司,10000人以上,,合肥,武汉-蔡甸区,统招本科,3-5年,15-30k,,,,https://www.liepin.com/a/76227863.shtml,20260609083601,,,,
156245,猎聘,能源/化工/环保,化学,代谢组学部门主管,猎头职位,某武汉生物技术公司,100-499人,,合肥,武汉-洪山区,硕士,5年以上,35-40k,,,,https://www.liepin.com/a/75707359.shtml,20260603142024,,,,
156246,猎聘,能源/化工/环保,化学,QC原物料经理,猎头职位,某武汉制药公司,100-499人,,合肥,武汉,本科,10年以上,20-28k·14薪,,,,https://www.liepin.com/a/75847937.shtml,20260520092910,,,,
156247,猎聘,能源/化工/环保,化学,制剂技术支持,猎头职位,某武汉制药公司,100-499人,,合肥,武汉,本科,3-5年,10-15k·13薪,,,,https://www.liepin.com/a/74899937.shtml,20260520135510,,,,
156248,猎聘,能源/化工/环保,化学,合成总监,猎头职位,某国内大型制药公司,5000-10000人,,合肥,宜昌,博士,8年以上,50-80k·14薪,,,,https://www.liepin.com/a/75212207.shtml,20260609112632,,,,
156249,猎聘,能源/化工/环保,化学,产品工程师,猎头职位,某武汉大型电子/半导体/集成电路公司,1000-2000人,,合肥,武汉,本科,1-3年,20-40k·15薪,,,,https://www.liepin.com/a/75828305.shtml,20260609092140,,,,
156250,猎聘,能源/化工/环保,化学,制剂研究,猎头职位,某武汉制药公司,100-499人,,合肥,武汉,本科,3-5年,14-20k,,,,https://www.liepin.com/a/75052983.shtml,20260605113608,,,,
156251,猎聘,能源/化工/环保,化学,前道设备工程师-封测厂,猎头职位,某知名公司,1000-2000人,,合肥,武汉-江夏区,本科,3年以上,13-25k·15薪,,,,https://www.liepin.com/a/76368103.shtml,20260603152523,,,,
156252,猎聘,能源/化工/环保,化学,高级技术员（基因合成方向）,猎头职位,某武汉大型制药公司,1000-2000人,,合肥,武汉,硕士,5-10年,13-21k,,,,https://www.liepin.com/a/75921733.shtml,20260529102710,,,,
156253,猎聘,能源/化工/环保,化学,生产总监（欧洲外企，塑料制品，在国内有研产销一体的公司）,猎头职位,某知名公司,100-499人,,合肥,武汉,统招本科,10年以上,35-40k·13薪,,,,https://www.liepin.com/a/75155383.shtml,20260608090355,,,,
156254,猎聘,能源/化工/环保,化学,生产总监（原料药）,猎头职位,某知名公司,100-499人,,合肥,武汉,本科,10年以上,45-60k,,,,https://www.liepin.com/a/75530873.shtml,20260609092304,,,,
156255,猎聘,能源/化工/环保,化学,提取副主任（多肽）,猎头职位,某国内制药上市公司,5000-10000人,,合肥,荆州,本科,5-10年,15-25k,,,,https://www.liepin.com/a/75847433.shtml,20260601123843,,,,
156256,猎聘,能源/化工/环保,化学,TD 产品工程师（半导体）,猎头职位,某知名公司,1000-2000人,,合肥,武汉,本科,1-3年,15-30k·15薪,,,,https://www.liepin.com/a/76035261.shtml,20260525184811,,,,
156257,猎聘,能源/化工/环保,化学,机理失效分析,猎头职位,某国内机械/设备上市公司,5000-10000人,,合肥,襄阳,本科,3-5年,18-28k·14薪,,,,https://www.liepin.com/a/75103095.shtml,20260603165710,,,,
156258,猎聘,能源/化工/环保,化学,研发工艺工程师,猎头职位,某武汉电子/半导体/集成电路公司,100-499人,,合肥,武汉-江夏区,本科,3年以上,20-30k,,,,https://www.liepin.com/a/76244561.shtml,20260601102702,,,,
156259,猎聘,能源/化工/环保,化学,研发总工程师,猎头职位,某大型知名其他行业公司,5000-10000人,,合肥,咸宁-通城县,本科,3-5年,20-40k,,,,https://www.liepin.com/a/74058473.shtml,20260608160117,,,,
156260,猎聘,能源/化工/环保,化学,电镀资深工程师（专家级）,猎头职位,某东莞大型电子/半导体/集成电路公司,2000-5000人,,合肥,天门,本科,7年以上,25-50k·13薪,,,,https://www.liepin.com/a/74526457.shtml,20260412095906,,,,
156261,猎聘,能源/化工/环保,化学,代谢组学负责人,猎头职位,某武汉生物技术公司,100-499人,,合肥,武汉,博士,3-5年,25-40k,,,,https://www.liepin.com/a/75526625.shtml,20260511160141,,,,
156262,猎聘,能源/化工/环保,化学,电芯工艺,猎头职位,某国内新能源上市公司,10000人以上,,合肥,武汉,统招本科,3-5年,20-40k·14薪,,,,https://www.liepin.com/a/75508149.shtml,20260608093912,,,,
156263,猎聘,能源/化工/环保,化学,液流电池结构工程师,猎头职位,某武汉新能源公司,50-99人,,合肥,武汉,本科,3-5年,15-20k,,,,https://www.liepin.com/a/75885749.shtml,20260609113237,,,,
156264,猎聘,能源/化工/环保,化学,质量检测QC,猎头职位,某国内大型化工公司,500-999人,,合肥,荆州,大专,经验不限,15-23k,,,,https://www.liepin.com/a/75508841.shtml,20260603074341,,,,
156265,猎聘,能源/化工/环保,化学,QC原辅料经理,猎头职位,某个大型生物药企业（大分子）,100-499人,,合肥,武汉,本科,经验不限,20-35k·14薪,,,,https://www.liepin.com/a/75473647.shtml,20260608102717,,,,
156266,猎聘,能源/化工/环保,化学,汽车低压电源工程师,猎头职位,某武汉整车制造上市公司,10000人以上,,合肥,武汉,统招本科,1-10年,20-30k,,,,https://www.liepin.com/a/74820463.shtml,20260604171507,,,,
156267,猎聘,能源/化工/环保,化学,半导体：工艺整合工程师（PIE）,猎头职位,某武汉大型电气机械/器材公司,5000-10000人,,合肥,武汉,硕士,3年以上,20-30k·15薪,,,,https://www.liepin.com/a/75654657.shtml,20260608141326,,,,
156268,猎聘,能源/化工/环保,化学,QA副经理/f副总监（制剂）,猎头职位,某知名制药上市公司,2000-5000人,,合肥,宜昌,本科,5年以上,18-35k,,,,https://www.liepin.com/a/75039895.shtml,20260607164747,,,,
156269,猎聘,能源/化工/环保,化学,基地总经理,猎头职位,某新能源公司,5000-10000人,,合肥,武汉,统招本科,经验不限,40-70k·14薪,,,,https://www.liepin.com/a/75679695.shtml,20260514155248,,,,
156270,猎聘,能源/化工/环保,化学,金刚石-材料测试工程师,猎头职位,某知名电子/半导体/集成电路公司,100-499人,,合肥,武汉,统招本科,2年以上,20-30k·13薪,,,,https://www.liepin.com/a/74641921.shtml,20260602140213,,,,
156271,猎聘,能源/化工/环保,化学,MFG/Ml/ Etch/CMP/WET/Litho/DIFF/TF工艺/设备资深经理or专家,猎头职位,某大型知名电子/半导体/集成电路公司,5000-10000人,,合肥,武汉,本科,10年以上,50-80k·15薪,,,,https://www.liepin.com/a/75721465.shtml,20260515161641,,,,
156272,猎聘,能源/化工/环保,化学,代谢组学负责人,猎头职位,某武汉生物技术公司,100-499人,,合肥,武汉,博士,5-10年,20-40k·13薪,,,,https://www.liepin.com/a/75578499.shtml,20260512153519,,,,
156273,猎聘,能源/化工/环保,化学,中道设备工程师-封测厂,猎头职位,某知名公司,1000-2000人,,合肥,武汉-江夏区,本科,3年以上,13-25k·15薪,,,,https://www.liepin.com/a/76368079.shtml,20260603152512,,,,
156274,猎聘,能源/化工/环保,化学,小核酸生产经理,猎头职位,某国内制药公司,1000-2000人,,合肥,武汉,本科,5-10年,20-35k·13薪,,,,https://www.liepin.com/a/71663523.shtml,20260512185611,,,,
156275,猎聘,能源/化工/环保,化学,CADD&AIDD团队负责人,猎头职位,某武汉制药上市公司,10000人以上,,合肥,武汉,博士,5年以上,50-80k·13薪,,,,https://www.liepin.com/a/75708899.shtml,20260602091302,,,,
156276,猎聘,能源/化工/环保,化学,TD 产品工程师,猎头职位,某知名公司,1000-2000人,,合肥,武汉,本科,2年以上,18-30k·15薪,,,,https://www.liepin.com/a/75672697.shtml,20260514143033,,,,
156277,猎聘,能源/化工/环保,化学,薄膜：工艺/设备工程师（PE/EE）,猎头职位,某武汉大型电气机械/器材公司,5000-10000人,,合肥,武汉,硕士,3-5年,18-25k·15薪,,,,https://www.liepin.com/a/76163923.shtml,20260602224440,,,,
156278,猎聘,能源/化工/环保,化学,药理药效研究员,猎头职位,某武汉制药上市公司,10000人以上,,合肥,武汉,硕士,5-10年,15-30k,,,,https://www.liepin.com/a/75723851.shtml,20260604102003,,,,
156279,猎聘,能源/化工/环保,化学,质谱研发工程师,猎头职位,某上海大型医疗器械公司,2000-5000人,,合肥,武汉,学历不限,5年以上,25-40k·15薪,,,,https://www.liepin.com/a/75722753.shtml,20260529154218,,,,
156280,猎聘,能源/化工/环保,化学,原料药车间主任,猎头职位,某国内制药上市公司,1000-2000人,,合肥,武汉,统招本科,5-10年,15-20k,,,,https://www.liepin.com/a/73223145.shtml,20260520184545,,,,
156281,猎聘,能源/化工/环保,化学,尼古丁生产副总/生产总监,猎头职位,某武汉大型制药公司,5000-10000人,,合肥,武汉,统招本科,10年以上,50-55k,,,,https://www.liepin.com/a/73221747.shtml,20260520184545,,,,
156282,猎聘,能源/化工/环保,化学,抗体发现或工程化总监,猎头职位,某知名公司,50-99人,,合肥,武汉,博士,10年以上,60-90k,,,,https://www.liepin.com/a/75606291.shtml,20260513101054,,,,
156283,猎聘,能源/化工/环保,化学,前道/中道工艺工程师-封测厂（DP划片、贴片、键合、灌胶）,猎头职位,某知名公司,1000-2000人,,合肥,武汉-江夏区,本科,3年以上,13-25k·15薪,,,,https://www.liepin.com/a/76368117.shtml,20260604095017,,,,
156284,猎聘,能源/化工/环保,化学,汽车低压电源工程师,猎头职位,某武汉整车制造上市公司,10000人以上,,合肥,武汉,本科,经验不限,18-35k,,,,https://www.liepin.com/a/75342965.shtml,20260507112453,,,,
156285,猎聘,能源/化工/环保,化学,深圳半导体设备销售大客户经理,猎头职位,全国连锁猎头公司,100-499人,,合肥,武汉,统招本科,5-10年,30-50k·15薪,,,,https://www.liepin.com/a/75612563.shtml,20260605181238,,,,
156286,猎聘,能源/化工/环保,化学,前道/中道工艺工程师-封测厂（半导体）,猎头职位,某知名公司,1000-2000人,,合肥,武汉,本科,3-5年,15-30k·15薪,,,,https://www.liepin.com/a/76395063.shtml,20260604141610,,,,
156287,猎聘,能源/化工/环保,化学,材料研究院院长,猎头职位,新能源电池企业,500-999人,,合肥,武汉,硕士,10年以上,70-90k,,,,https://www.liepin.com/a/73340485.shtml,20260524000009,,,,
156288,猎聘,能源/化工/环保,化学,合成高级总监-执行总监,猎头职位,某武汉制药上市公司,10000人以上,,合肥,武汉,博士,10年以上,60-80k·14薪,,,,https://www.liepin.com/a/75596019.shtml,20260512203749,,,,
156289,猎聘,能源/化工/环保,化学,低压电源主任工程师,猎头职位,某知名公司,50-99人,,合肥,武汉,统招本科,经验不限,30-40k·14薪,,,,https://www.liepin.com/a/75444199.shtml,20260609093524,,,,
156290,猎聘,能源/化工/环保,化学,工艺工程师,猎头职位,某武汉通信设备上市公司,10000人以上,,合肥,武汉-东西湖区,统招本科,2-4年,13-20k,,,,https://www.liepin.com/a/75610333.shtml,20260513104836,,,,
156291,猎聘,能源/化工/环保,化学,TPU研发负责人,猎头职位,某国内化工上市公司,500-999人,,合肥,武汉,硕士,10年以上,40-60k,,,,https://www.liepin.com/a/76237079.shtml,20260609081854,,,,
156292,猎聘,能源/化工/环保,化学,低压电源主管工程师,猎头职位,某武汉整车制造上市公司,10000人以上,,合肥,武汉,统招本科,5-10年,20-30k·14薪,,,,https://www.liepin.com/a/75524209.shtml,20260609111337,,,,
156293,猎聘,能源/化工/环保,化学,材料研发工程师,猎头职位,某国内制药上市公司,5000-10000人,,合肥,武汉,硕士,5-10年,15-30k·14薪,,,,https://www.liepin.com/a/74750425.shtml,20260608105509,,,,
156294,猎聘,能源/化工/环保,化学,生产控制（半导体）,猎头职位,某武汉学术/科研公司,100-499人,,合肥,武汉,硕士,3年以上,20-40k,,,,https://www.liepin.com/a/75911921.shtml,20260602184251,,,,
156295,猎聘,能源/化工/环保,化学,EHS主管,猎头职位,某上海大型新能源公司,2000-5000人,,合肥,宜昌,统招本科,5-10年,14-15k,,,,https://www.liepin.com/a/75920477.shtml,20260526102713,,,,
156296,猎聘,能源/化工/环保,化学,仓库经理,猎头职位,某武汉大型制药公司,5000-10000人,,合肥,武汉,本科,5-10年,20-30k,,,,https://www.liepin.com/a/74110931.shtml,20260602092400,,,,
156297,猎聘,能源/化工/环保,化学,酶免研发（HCP）,猎头职位,某知名制药公司,100-499人,,合肥,武汉,本科,5-10年,15-25k,,,,https://www.liepin.com/a/75643705.shtml,20260609105451,,,,
156298,猎聘,能源/化工/环保,化学,理化检测室主任,猎头职位,某武汉检测认证公司,50-99人,,合肥,武汉,学历不限,经验不限,12-24k,,,,https://www.liepin.com/a/76388591.shtml,20260604085300,,,,
156299,猎聘,能源/化工/环保,化学,高级经理-系统工程师（质谱）,猎头职位,某武汉大型医疗器械公司,5000-10000人,,合肥,武汉,学历不限,5-10年,25-40k·15薪,,,,https://www.liepin.com/a/75848569.shtml,20260520093624,,,,
156300,猎聘,能源/化工/环保,化学,实验室负责人,猎头职位,某知名公司,1-49人,,合肥,武汉-新洲区,统招本科,5-10年,15-22k,,,,https://www.liepin.com/a/76412535.shtml,20260609091658,,,,
156301,猎聘,能源/化工/环保,化学,光芯片研发工艺工程师,猎头职位,某武汉电子/半导体/集成电路公司,100-499人,,合肥,武汉,本科,经验不限,20-30k,,,,https://www.liepin.com/a/74176495.shtml,20260527145330,,,,
156302,猎聘,能源/化工/环保,化学,IC失效分析工程师,猎头职位,某武汉大型电子/半导体/集成电路公司,10000人以上,,合肥,武汉,硕士,经验不限,20-35k·15薪,,,,https://www.liepin.com/a/74142647.shtml,20260424133914,,,,
156303,猎聘,能源/化工/环保,化学,电池系统集成技术研究专家/总工/副总工,猎头职位,某大连人力资源服务公司,1-49人,,合肥,武汉,统招本科,10年以上,120-150k·16薪,,,,https://www.liepin.com/a/75841765.shtml,20260609084928,,,,
156304,猎聘,能源/化工/环保,化学,失效分析主任(高级)工程师,猎头职位,某武汉通信设备公司,100-499人,,合肥,武汉,本科,5-10年,40-60k,,,,https://www.liepin.com/a/74059955.shtml,20260608180600,,,,
156305,猎聘,能源/化工/环保,化学,中道设备经理（封测厂）,猎头职位,某武汉电子/半导体/集成电路公司,1000-2000人,,合肥,武汉,本科,10年以上,30-45k·15薪,,,,https://www.liepin.com/a/73753069.shtml,20260609095431,,,,
156306,猎聘,能源/化工/环保,化学,首席环保工程师,猎头职位,某大型专业技术服务公司,2000-5000人,,合肥,武汉,统招本科,经验不限,25-50k,,,,https://www.liepin.com/a/76354109.shtml,20260609104632,,,,
156307,猎聘,能源/化工/环保,化学,电池管理技术开发工程师,猎头职位,某武汉科技推广服务公司,100-499人,,合肥,武汉,学历不限,3-5年,20-25k·13薪,,,,https://www.liepin.com/a/74340165.shtml,20260525091116,,,,
156308,猎聘,能源/化工/环保,化学,合成工艺总监,猎头职位,某武汉制药公司,100-499人,,合肥,武汉,博士,5-10年,30-35k,,,,https://www.liepin.com/a/74211433.shtml,20260402173508,,,,
156309,猎聘,能源/化工/环保,化学,工艺工程师,猎头职位,某知名上市公司,1000-2000人,,合肥,孝感,统招本科,3-5年,15-20k·14薪,,,,https://www.liepin.com/a/75523381.shtml,20260511153108,,,,
156310,猎聘,能源/化工/环保,化学,质量负责人,猎头职位,国内外企快消头部企业,10000人以上,,合肥,武汉,统招本科,10年以上,45-55k·14薪,,,,https://www.liepin.com/a/73635005.shtml,20260602093644,,,,
156311,猎聘,能源/化工/环保,化学,应用测评研究室主任,猎头职位,某国内化工公司,,,合肥,武汉,本科,5-10年,20-25k,,,,https://www.liepin.com/a/74916139.shtml,20260422092409,,,,
156312,猎聘,能源/化工/环保,化学,研发技术,猎头职位,某国内大型石化公司,5000-10000人,,合肥,武汉,学历不限,6年以上,50-80k,,,,https://www.liepin.com/a/73962541.shtml,20260327110339,,,,
156313,猎聘,能源/化工/环保,化学,合成组长,猎头职位,某武汉制药公司,100-499人,,合肥,武汉,硕士,3-5年,35-60k,,,,https://www.liepin.com/a/73625981.shtml,20260320092820,,,,
156314,猎聘,能源/化工/环保,化学,汽车低压电源设计工程师,猎头职位,某武汉大型整车制造公司,2000-5000人,,合肥,武汉,统招本科,9年以下,20-30k·15薪,,,,https://www.liepin.com/a/75432097.shtml,20260508182753,,,,
156315,猎聘,能源/化工/环保,化学,提取副主任,猎头职位,某国内制药上市公司,5000-10000人,,合肥,荆州,统招本科,5-10年,15-30k,,,,https://www.liepin.com/a/75930591.shtml,20260602145952,,,,
156316,猎聘,能源/化工/环保,化学,合成生物学研发负责人,猎头职位,某武汉制药公司,100-499人,,合肥,武汉,博士,5-10年,40-60k,,,,https://www.liepin.com/a/74161031.shtml,20260528172531,,,,
156317,猎聘,能源/化工/环保,化学,电池管理技术开发工程师,猎头职位,某武汉科技推广服务公司,100-499人,,合肥,武汉,硕士,5-10年,22-35k,,,,https://www.liepin.com/a/76065043.shtml,20260526142918,,,,
156318,猎聘,能源/化工/环保,化学,汽车低压电源工程师,猎头职位,某武汉知名公司,10000人以上,,合肥,武汉,本科,5-10年,20-40k,,,,https://www.liepin.com/a/75487327.shtml,20260510202930,,,,
156319,猎聘,能源/化工/环保,化学,电池管理技术开发工程师,猎头职位,某武汉科技推广服务公司,100-499人,,合肥,武汉,硕士,4年以上,21-30k,,,,https://www.liepin.com/a/76183417.shtml,20260528200541,,,,
156320,猎聘,能源/化工/环保,化学,材料研发工程师,猎头职位,湖北知名医疗用品股份有限公司,2000-5000人,,合肥,武汉,硕士,5-10年,15-30k,,,,https://www.liepin.com/a/74753785.shtml,20260609112632,,,,
156321,猎聘,能源/化工/环保,化学,采购,猎头职位,某武汉大型电子/半导体/集成电路公司,1000-2000人,,合肥,武汉,统招本科,5-10年,30-35k,,,,https://www.liepin.com/a/75930381.shtml,20260521192801,,,,
156322,猎聘,能源/化工/环保,化学,工艺工程师,猎头职位,某知名公司,5000-10000人,,合肥,襄阳,本科,3-5年,12-17k,,,,https://www.liepin.com/a/76227785.shtml,20260530160905,,,,
156323,猎聘,能源/化工/环保,化学,半导体工艺研发岗位,猎头职位,某武汉大型电子/半导体/集成电路公司,1000-2000人,,合肥,武汉,统招本科,4年以上,25-40k·15薪,,,,https://www.liepin.com/a/74398855.shtml,20260608111800,,,,
156324,猎聘,能源/化工/环保,化学,固态电池（模组工艺开发）,猎头职位,某武汉整车制造上市公司,10000人以上,,合肥,武汉-蔡甸区,统招本科,3-5年,16-30k·13薪,,,,https://www.liepin.com/a/75853591.shtml,20260609083601,,,,
156325,猎聘,能源/化工/环保,化学,改性塑料技术研发总监,猎头职位,某国内橡胶/塑料制品公司,100-499人,,合肥,孝感,学历不限,3-5年,20-25k,,,,https://www.liepin.com/a/74119089.shtml,20260521104911,,,,
156326,猎聘,能源/化工/环保,化学,etch半导体设备工程师,猎头职位,某北京大型电子/半导体/集成电路公司,5000-10000人,,合肥,武汉,大专,3-5年,15-30k,,,,https://www.liepin.com/a/73810657.shtml,20260509092321,,,,
156327,猎聘,能源/化工/环保,化学,技术服务团队主管（材料+base当地）,猎头职位,某国内知名公司,100-499人,,合肥,武汉,本科,经验不限,11-16k,,,,https://www.liepin.com/a/76421573.shtml,20260604162120,,,,
156328,猎聘,能源/化工/环保,化学,固态三元正极材料,猎头职位,某大型新材料公司,1000-2000人,,合肥,武汉,硕士,2-7年,20-35k·14薪,,,,https://www.liepin.com/a/74887195.shtml,20260603173819,,,,
156329,猎聘,能源/化工/环保,化学,CMC总监,猎头职位,T10上市企业,1-49人,,合肥,武汉,博士,10年以上,50-55k,,,,https://www.liepin.com/a/76240073.shtml,20260603093721,,,,
156330,猎聘,能源/化工/环保,化学,销售经理,猎头职位,某知名公司,100-499人,,合肥,武汉-武昌区,学历不限,10年以上,18-30k,,,,https://www.liepin.com/a/75913487.shtml,20260604114311,,,,
156331,猎聘,能源/化工/环保,化学,失效分析资深工程师,猎头职位,某武汉大型电子/半导体/集成电路公司,2000-5000人,,合肥,武汉,学历不限,3-5年,16-17k,,,,https://www.liepin.com/a/74036411.shtml,20260604082802,,,,
156332,猎聘,能源/化工/环保,化学,工艺线（课经理，部经理）,猎头职位,某武汉大型电子/半导体/集成电路公司,5000-10000人,,合肥,武汉,统招本科,10年以上,35-60k·15薪,,,,https://www.liepin.com/a/73632077.shtml,20260512092605,,,,
156333,猎聘,能源/化工/环保,化学,半导体设备工程师,猎头职位,某电子/半导体/集成电路公司,100-499人,,合肥,武汉,学历不限,经验不限,26-40k·16薪,,,,https://www.liepin.com/a/76142509.shtml,20260528094355,,,,
156334,猎聘,能源/化工/环保,化学,药理总监,猎头职位,某国内制药上市公司,2000-5000人,,合肥,宜昌-宜都,硕士,5-10年,40-50k,,,,https://www.liepin.com/a/75276539.shtml,20260519140047,,,,
156335,猎聘,能源/化工/环保,化学,镍锰酸锂正极材料（LNMO）高级工程师,猎头职位,某国内大型通信设备公司,5000-10000人,,合肥,武汉,硕士,3-5年,15-25k,,,,https://www.liepin.com/a/75904295.shtml,20260601105429,,,,
156336,猎聘,能源/化工/环保,化学,电解质研发工程师,猎头职位,某武汉机械/设备公司,,,合肥,武汉-蔡甸区,统招本科,3-5年,15-30k,,,,https://www.liepin.com/a/74242003.shtml,20260403132851,,,,
156337,猎聘,能源/化工/环保,化学,燃料电池（装配工艺）,猎头职位,某武汉整车制造上市公司,10000人以上,,合肥,武汉-蔡甸区,统招本科,3-5年,16-30k·13薪,,,,https://www.liepin.com/a/75852783.shtml,20260609083601,,,,
156338,猎聘,能源/化工/环保,化学,合成生物学研发负责人,猎头职位,某武汉制药公司,100-499人,,合肥,武汉,博士,经验不限,25-40k·15薪,,,,https://www.liepin.com/a/75255879.shtml,20260609095403,,,,
156339,猎聘,能源/化工/环保,化学,半导体技术工程师,猎头职位,某西安大型电子/半导体/集成电路公司,1000-2000人,,合肥,武汉,统招本科,3-5年,13-18k,,,,https://www.liepin.com/a/74098753.shtml,20260521104113,,,,
156340,猎聘,能源/化工/环保,化学,研究院副院长（电子电路铜箔方向）/资深研发,猎头职位,某深圳新能源公司,100-499人,,合肥,武汉,硕士,5-10年,80-110k,,,,https://www.liepin.com/a/74509419.shtml,20260609111329,,,,
156341,猎聘,能源/化工/环保,化学,半导体工艺整合PIE,猎头职位,某武汉大型电子/半导体/集成电路公司,10000人以上,,合肥,武汉,统招本科,6年以上,30-60k·15薪,,,,https://www.liepin.com/a/76351147.shtml,20260603110454,,,,
156342,猎聘,能源/化工/环保,化学,光刻/薄膜/刻蚀/扩散工艺课经理,猎头职位,某武汉电子/半导体/集成电路公司,100-499人,,合肥,武汉-洪山区,硕士,5-10年,30-50k·16薪,,,,https://www.liepin.com/a/75902235.shtml,20260609083510,,,,
156343,猎聘,能源/化工/环保,化学,合成生物提取研发员,猎头职位,某国内大型化工公司,5000-10000人,,合肥,武汉,硕士,3-5年,12-20k,,,,https://www.liepin.com/a/76213881.shtml,20260608105508,,,,
156344,猎聘,能源/化工/环保,化学,兽用试剂盒研发总监,猎头职位,某国内农林牧渔公司,50-99人,,合肥,武汉,硕士,3-5年,25-35k·14薪,,,,https://www.liepin.com/a/74798101.shtml,20260608132110,,,,
156345,猎聘,能源/化工/环保,化学,整车低压电源系统开发工程（wlb）,猎头职位,某大型知名整车制造公司,10000人以上,,合肥,武汉-汉南区,统招本科,3-5年,20-40k·15薪,,,,https://www.liepin.com/a/75924175.shtml,20260521170607,,,,
156346,猎聘,能源/化工/环保,化学,售前工程师/经理,猎头职位,某武汉新能源公司,100-499人,,合肥,武汉,本科,5-10年,11-20k,,,,https://www.liepin.com/a/75328629.shtml,20260609095304,,,,
156347,猎聘,能源/化工/环保,化学,产品工程专家/经理,猎头职位,某武汉大型电子/半导体/集成电路公司,1000-2000人,,合肥,武汉-江夏区,学历不限,7年以上,40-60k·15薪,,,,https://www.liepin.com/a/76064825.shtml,20260526142653,,,,
156348,猎聘,能源/化工/环保,化学,半导体：工艺整合工程师（PIE）,猎头职位,某武汉大型电气机械/器材公司,5000-10000人,,合肥,武汉,硕士,3年以上,20-40k·15薪,,,,https://www.liepin.com/a/76165535.shtml,20260602224538,,,,
156349,猎聘,能源/化工/环保,化学,OPC工程师/专家（上海、深圳、武汉）,猎头职位,某武汉大型计算机软件公司,1000-2000人,,合肥,武汉,统招本科,3年以上,20-40k·15薪,,,,https://www.liepin.com/a/74833441.shtml,20260602100747,,,,
156350,猎聘,能源/化工/环保,化学,抗体发现高级经理,猎头职位,某武汉学术/科研上市公司,50-99人,,合肥,武汉,硕士,3-5年,15-30k·13薪,,,,https://www.liepin.com/a/73269849.shtml,20260603160708,,,,
156351,猎聘,能源/化工/环保,化学,生物分析高级研究员,猎头职位,某国内制药上市公司,2000-5000人,,合肥,武汉,博士,1-3年,20-30k,,,,https://www.liepin.com/a/74756659.shtml,20260604094619,,,,
156352,猎聘,能源/化工/环保,化学,药物合成,猎头职位,某国内大型制药公司,5000-10000人,,合肥,武汉,博士,3-5年,30-40k,,,,https://www.liepin.com/a/73604273.shtml,20260609184523,,,,
156353,猎聘,能源/化工/环保,化学,研发专家（质谱）,猎头职位,某武汉大型机械/设备公司,2000-5000人,,合肥,武汉,博士,3-5年,30-35k,,,,https://www.liepin.com/a/76132821.shtml,20260527184309,,,,
156354,猎聘,能源/化工/环保,化学,工艺整合专家/经理,猎头职位,某武汉大型电子/半导体/集成电路公司,1000-2000人,,合肥,武汉,统招本科,5-10年,40-60k·15薪,,,,https://www.liepin.com/a/72995263.shtml,20260602100210,,,,
156355,猎聘,能源/化工/环保,化学,销售经理,猎头职位,某国内橡胶/塑料制品公司,100-499人,,合肥,武汉,大专,3-5年,15-25k·13薪,,,,https://www.liepin.com/a/75392753.shtml,20260609100516,,,,
156356,猎聘,能源/化工/环保,化学,销售经理,猎头职位,某武汉批发/零售公司,100-499人,,合肥,武汉,大专,3-5年,10-15k·13薪,,,,https://www.liepin.com/a/75924527.shtml,20260521171102,,,,
156357,猎聘,能源/化工/环保,化学,电解质研发工程师,猎头职位,某武汉机械/设备公司,,,合肥,武汉-蔡甸区,统招本科,3-5年,15-30k,,,,https://www.liepin.com/a/74242019.shtml,20260403132907,,,,
156358,猎聘,能源/化工/环保,化学,固态电池正极开发,猎头职位,某知名整车制造上市公司,10000人以上,,合肥,武汉,统招本科,3-5年,25-35k·13薪,,,,https://www.liepin.com/a/76345565.shtml,20260608094134,,,,
156359,猎聘,能源/化工/环保,化学,生物科学家-博士-线粒体研究方向,猎头职位,某武汉制药公司,100-499人,,合肥,武汉,博士,经验不限,20-28k,,,,https://www.liepin.com/a/76239523.shtml,20260601093125,,,,
156360,猎聘,能源/化工/环保,化学,NDIR 红外传感研发负责人（国企）,猎头职位,某武汉大型电子/半导体/集成电路公司,2000-5000人,,合肥,武汉-江夏区,统招本科,5-10年,30-50k,,,,https://www.liepin.com/a/76063155.shtml,20260526140859,,,,
156361,猎聘,能源/化工/环保,化学,凝聚态电池研发工程师（高电压方向）,猎头职位,某长沙新能源上市公司,2000-5000人,,合肥,武汉-江夏区,本科,3年以上,15-25k,,,,https://www.liepin.com/a/76100677.shtml,20260609100100,,,,
156362,猎聘,能源/化工/环保,化学,生产总监,猎头职位,某杭州专业服务公司,50-99人,,合肥,荆门,统招本科,10年以上,40-50k,,,,https://www.liepin.com/a/75595023.shtml,20260609173540,,,,
156363,猎聘,能源/化工/环保,化学,动力电池PACK研究院长（武汉）,猎头职位,某武汉大型新能源公司,5000-10000人,,合肥,武汉,统招本科,5-10年,50-80k·15薪,,,,https://www.liepin.com/a/73375033.shtml,20260608104512,,,,
156364,猎聘,能源/化工/环保,化学,仿真工程师,猎头职位,某沈阳新能源上市公司,10000人以上,,合肥,武汉,学历不限,经验不限,30-50k,,,,https://www.liepin.com/a/75122793.shtml,20260609092936,,,,
156365,猎聘,能源/化工/环保,化学,药理总监,猎头职位,某知名制药上市公司,1000-2000人,,合肥,宜昌-宜都,硕士,5-10年,40-45k,,,,https://www.liepin.com/a/75698839.shtml,20260515094647,,,,
156366,猎聘,能源/化工/环保,化学,工厂生产副总经理,猎头职位,某知名公司,100-499人,,合肥,宜昌-宜都,统招本科,10年以上,30-50k,,,,https://www.liepin.com/a/74701791.shtml,20260608085008,,,,
156367,猎聘,能源/化工/环保,化学,湿法/刻蚀工艺工程师（长江存储）,猎头职位,某武汉电子/半导体/集成电路公司,100-499人,,合肥,武汉,统招本科,3年以上,20-30k,,,,https://www.liepin.com/a/74618111.shtml,20260414141824,,,,
156368,猎聘,能源/化工/环保,化学,基地总经理（锂电正极材料）,猎头职位,某知名上市公司,2000-5000人,,合肥,仙桃,统招本科,8年以上,35-50k,,,,https://www.liepin.com/a/75587347.shtml,20260604100950,,,,
156369,猎聘,能源/化工/环保,化学,高级人工智能药物研究员,猎头职位,一家国内知名药企,10000人以上,,合肥,武汉,博士,2年以上,30-50k·13薪,,,,https://www.liepin.com/a/76112941.shtml,20260527141930,,,,
156370,猎聘,能源/化工/环保,化学,质量工程师（检测 仪表）,猎头职位,某国内大型化工公司,500-999人,,合肥,荆州,大专,5年以上,16-30k,,,,https://www.liepin.com/a/74324011.shtml,20260407141304,,,,
156371,猎聘,能源/化工/环保,化学,电解质研发工程师,猎头职位,某武汉机械/设备公司,,,合肥,武汉-蔡甸区,统招本科,3-5年,15-30k,,,,https://www.liepin.com/a/74242093.shtml,20260403133001,,,,
156372,猎聘,能源/化工/环保,化学,体系经理,猎头职位,某国内大型新能源公司,10000人以上,,合肥,荆门,学历不限,3-5年,20-25k·15薪,,,,https://www.liepin.com/a/76288385.shtml,20260602092352,,,,
156373,猎聘,能源/化工/环保,化学,TPU研发工程师（配方开发）,猎头职位,某国内化工上市公司,500-999人,,合肥,孝感,硕士,1年以上,15-25k,,,,https://www.liepin.com/a/75385417.shtml,20260609102646,,,,
156374,猎聘,能源/化工/环保,化学,pie经理（量产研发都有）,猎头职位,某武汉电子/半导体/集成电路公司,1000-2000人,,合肥,武汉,本科,5-10年,35-60k·15薪,,,,https://www.liepin.com/a/75807271.shtml,20260605184849,,,,
156375,猎聘,能源/化工/环保,化学,投资经理/高经,猎头职位,某知名上市公司,10000人以上,,合肥,武汉,学历不限,3-5年,30-50k·16薪,,,,https://www.liepin.com/a/73616235.shtml,20260602182703,,,,
156376,猎聘,能源/化工/环保,化学,分析经理 （湖北、原料药）,猎头职位,某武汉大型制药公司,5000-10000人,,合肥,武汉,硕士,5-10年,15-25k,,,,https://www.liepin.com/a/73221577.shtml,20260520184545,,,,
156377,猎聘,能源/化工/环保,化学,蛋白质高级研究员-酶工程方向,猎头职位,某上海专业技术服务公司,100-499人,,合肥,宜昌-宜都,博士,1-3年,30-50k,,,,https://www.liepin.com/a/75164999.shtml,20260526111619,,,,
156378,猎聘,能源/化工/环保,化学,BD销售（科研、工业）,猎头职位,某北京生物技术公司,50-99人,,合肥,武汉,统招本科,3-5年,10-15k,,,,https://www.liepin.com/a/74578295.shtml,20260601093258,,,,
156379,猎聘,能源/化工/环保,化学,药化总监,猎头职位,国内大型上市药企,50-99人,,合肥,武汉,统招本科,经验不限,50-70k,,,,https://www.liepin.com/a/75761503.shtml,20260521165916,,,,
156380,猎聘,能源/化工/环保,化学,代谢组学部门主管,猎头职位,某武汉生物技术公司,100-499人,,合肥,武汉,硕士,5-10年,30-40k,,,,https://www.liepin.com/a/73267909.shtml,20260311174704,,,,
156381,猎聘,能源/化工/环保,化学,研发工艺工程师,猎头职位,某武汉电子/半导体/集成电路公司,100-499人,,合肥,武汉-硚口区,本科,5-10年,18-25k,,,,https://www.liepin.com/a/74854325.shtml,20260420191511,,,,
156382,猎聘,能源/化工/环保,化学,光纤工艺工程师,猎头职位,某武汉通信设备公司,100-499人,,合肥,武汉,统招本科,3-5年,20-30k,,,,https://www.liepin.com/a/76293713.shtml,20260602100820,,,,
156383,猎聘,能源/化工/环保,化学,研发质量工程师,猎头职位,某武汉通信设备上市公司,10000人以上,,合肥,武汉,本科,3-5年,15-26k,,,,https://www.liepin.com/a/76432829.shtml,20260604203829,,,,
156384,猎聘,能源/化工/环保,化学,CADD&AIDD团队负责人,猎头职位,某武汉制药上市公司,10000人以上,,合肥,武汉,博士,5-10年,80-100k·15薪,,,,https://www.liepin.com/a/75424791.shtml,20260604113411,,,,
156385,猎聘,能源/化工/环保,化学,合成总监,猎头职位,某国内大型制药公司,5000-10000人,,合肥,宜昌,博士,3-5年,30-50k,,,,https://www.liepin.com/a/74224845.shtml,20260602105643,,,,
156386,猎聘,能源/化工/环保,化学,寡核苷酸生产经理,猎头职位,某武汉大型制药公司,500-999人,,合肥,武汉,本科,8年以上,20-35k·13薪,,,,https://www.liepin.com/a/72906779.shtml,20260608202210,,,,
156387,猎聘,能源/化工/环保,化学,DIFF工艺专家,猎头职位,某武汉大型电子/半导体/集成电路公司,10000人以上,,合肥,武汉,硕士,5-10年,50-70k·15薪,,,,https://www.liepin.com/a/75485331.shtml,20260609094327,,,,
156388,猎聘,能源/化工/环保,化学,材料器件研发工程师,猎头职位,某武汉电子/半导体/集成电路公司,1-49人,,合肥,武汉-洪山区,硕士,5-10年,20-40k,,,,https://www.liepin.com/a/76007025.shtml,20260525120024,,,,
156389,猎聘,能源/化工/环保,化学,ADC抗体药物偶联物研发经理,猎头职位,某武汉学术/科研上市公司,50-99人,,合肥,武汉,博士,3-5年,25-50k·13薪,,,,https://www.liepin.com/a/73270713.shtml,20260311183926,,,,
156390,猎聘,能源/化工/环保,化学,电池系统工程师,猎头职位,某大型知名整车制造公司,10000人以上,,合肥,武汉,统招本科,3-5年,15-25k,,,,https://www.liepin.com/a/74386077.shtml,20260513134436,,,,
156391,猎聘,能源/化工/环保,化学,qc经理（湖北、原料药）,猎头职位,某武汉大型制药公司,5000-10000人,,合肥,武汉,统招本科,5-10年,25-35k,,,,https://www.liepin.com/a/73221915.shtml,20260520184545,,,,
156392,猎聘,能源/化工/环保,化学,生物分析高级研究员,猎头职位,某国内制药上市公司,2000-5000人,,合肥,武汉,硕士,5-10年,18-30k,,,,https://www.liepin.com/a/74750627.shtml,20260608105509,,,,
156393,猎聘,能源/化工/环保,化学,博士教师（公办本科事业编、人才引进费、安家补贴、副教授待遇等）,猎头职位,某国内大型学校教育公司,500-999人,,合肥,十堰,博士,经验不限,60-70k,,,,https://www.liepin.com/a/76179717.shtml,20260608102251,,,,
156394,猎聘,能源/化工/环保,化学,QA副主任/QA副总监,猎头职位,某知名药业股份有限公司,2000-5000人,,合肥,宜昌,本科,4年以上,15-25k·15薪,,,,https://www.liepin.com/a/75043265.shtml,20260609112632,,,,
156395,猎聘,能源/化工/环保,化学,工艺经理,猎头职位,某武汉电子/半导体/集成电路公司,100-499人,,合肥,武汉,本科,8年以上,60-90k,,,,https://www.liepin.com/a/75861757.shtml,20260520133247,,,,
156396,猎聘,能源/化工/环保,化学,工厂质量负责人-【快消外企】,猎头职位,某知名公司,10000人以上,,合肥,武汉,统招本科,10年以上,40-70k·14薪,,,,https://www.liepin.com/a/73919633.shtml,20260527181116,,,,
156397,猎聘,能源/化工/环保,化学,工艺高级工程师,猎头职位,某国内大型新能源公司,10000人以上,,合肥,荆门,统招本科,5-10年,18-23k·16薪,,,,https://www.liepin.com/a/76322841.shtml,20260602161216,,,,
156398,猎聘,能源/化工/环保,化学,研究院副院长,猎头职位,某深圳大型金属制品公司,2000-5000人,,合肥,黄石,硕士,5-10年,100-110k,,,,https://www.liepin.com/a/74338357.shtml,20260407162203,,,,
156399,猎聘,能源/化工/环保,化学,产品良率提升工程师,猎头职位,某武汉电子/半导体/集成电路公司,100-499人,,合肥,武汉,硕士,3-5年,18-30k·15薪,,,,https://www.liepin.com/a/75548391.shtml,20260512092408,,,,
156400,猎聘,能源/化工/环保,化学,区域销售总监（原料药API方向）工作地点：华中/西南/东北（各一位）,猎头职位,某成都知名公司,10000人以上,,合肥,武汉,本科,10年以上,20-30k,,,,https://www.liepin.com/a/76247937.shtml,20260601110048,,,,
156401,猎聘,能源/化工/环保,化学,工艺工程师,猎头职位,某武汉通信设备上市公司,10000人以上,,合肥,武汉,本科,3-5年,15-30k,,,,https://www.liepin.com/a/76432807.shtml,20260604203721,,,,
156402,猎聘,能源/化工/环保,化学,工艺工程师,猎头职位,某武汉通信设备公司,100-499人,,合肥,武汉-江夏区,统招本科,3-5年,18-19k,,,,https://www.liepin.com/a/76469085.shtml,20260609072648,,,,
156403,猎聘,能源/化工/环保,化学,销售工程师,猎头职位,某知名公司,500-999人,,合肥,武汉-蔡甸区,统招本科,1-3年,15-25k·15薪,,,,https://www.liepin.com/a/75124497.shtml,20260609084211,,,,
156404,猎聘,能源/化工/环保,化学,EHS工程师,猎头职位,某上海大型新能源公司,2000-5000人,,合肥,宜昌,统招本科,8年以上,15-20k·14薪,,,,https://www.liepin.com/a/74599037.shtml,20260521154416,,,,
156405,猎聘,能源/化工/环保,化学,卷绕集群总工办高级工程师,猎头职位,某国内大型新能源公司,10000人以上,,合肥,荆门,统招本科,3-5年,15-30k,,,,https://www.liepin.com/a/76332045.shtml,20260602181238,,,,
156406,猎聘,能源/化工/环保,化学,三电产品开发专家,猎头职位,某武汉大型整车制造公司,1000-2000人,,合肥,武汉,本科,10年以上,20-35k,,,,https://www.liepin.com/a/74781205.shtml,20260603103859,,,,
156407,猎聘,能源/化工/环保,化学,工厂生产副总经理,猎头职位,某上海专业技术服务公司,100-499人,,合肥,宜昌-宜都,本科,10年以上,45-65k,,,,https://www.liepin.com/a/74701253.shtml,20260507174813,,,,
156408,猎聘,能源/化工/环保,化学,外延工艺专家,猎头职位,某武汉其他行业公司,100-499人,,合肥,武汉,学历不限,5-10年,50-80k·15薪,,,,https://www.liepin.com/a/75339569.shtml,20260507105605,,,,
156409,猎聘,能源/化工/环保,化学,研究院副院长（电子电路铜箔方向）,猎头职位,某深圳金属制品上市公司,2000-5000人,,合肥,黄石,硕士,10年以上,100-130k,,,,https://www.liepin.com/a/74200537.shtml,20260402153631,,,,
156410,猎聘,能源/化工/环保,化学,投资经理,猎头职位,某武汉医药流通上市公司,10000人以上,,合肥,武汉,本科,3-5年,18-28k,,,,https://www.liepin.com/a/74766147.shtml,20260601144702,,,,
156411,猎聘,能源/化工/环保,化学,NDIR 红外传感研发负责人,猎头职位,某武汉知名公司,2000-5000人,,合肥,武汉,本科,5-10年,35-45k·14薪,,,,https://www.liepin.com/a/76121123.shtml,20260527154455,,,,
156412,猎聘,能源/化工/环保,化学,工厂厂长,猎头职位,某郑州其他生活服务公司,50-99人,,合肥,武汉,硕士,5-10年,40-55k,,,,https://www.liepin.com/a/74945743.shtml,20260604092813,,,,
156413,猎聘,能源/化工/环保,化学,Micro LED 研发工程师/专家/总监（蓝绿光）,猎头职位,某武汉电子/半导体/集成电路公司,100-499人,,合肥,武汉,硕士,10年以上,80-110k,,,,https://www.liepin.com/a/75764341.shtml,20260609084855,,,,
156414,猎聘,能源/化工/环保,化学,抗体分子设计高级经理,猎头职位,某武汉学术/科研上市公司,50-99人,,合肥,武汉,博士,1-3年,20-30k·13薪,,,,https://www.liepin.com/a/74682413.shtml,20260603160708,,,,
156415,猎聘,能源/化工/环保,化学,抗体分子设计高级经理,猎头职位,某武汉学术/科研上市公司,50-99人,,合肥,武汉,学历不限,5-10年,25-30k·14薪,,,,https://www.liepin.com/a/74685219.shtml,20260609090810,,,,
156416,猎聘,能源/化工/环保,化学,工艺/制程工程师(PE),猎头职位,某成都大型新能源公司,10000人以上,,合肥,荆门,硕士,5-10年,15-28k·16薪,,,,https://www.liepin.com/a/74150547.shtml,20260609084430,,,,
156417,猎聘,能源/化工/环保,化学,原料药生产副总,猎头职位,某国内大型制药公司,10000人以上,,合肥,宜昌,本科,10年以上,30-50k,,,,https://www.liepin.com/a/74769931.shtml,20260602092708,,,,
156418,猎聘,能源/化工/环保,化学,医药代表,猎头职位,某北京制药公司,100-499人,,合肥,武汉,大专,3-5年,8-12k,,,,https://www.liepin.com/a/74507977.shtml,20260609083556,,,,
156419,猎聘,能源/化工/环保,化学,etch工艺（12寸芯片厂）,猎头职位,某武汉大型电子/半导体/集成电路公司,10000人以上,,合肥,武汉,统招本科,6年以上,20-40k·15薪,,,,https://www.liepin.com/a/76388619.shtml,20260604085319,,,,
156420,猎聘,能源/化工/环保,化学,高级药理研究员（化药/生物药/活菌药方向）,猎头职位,某知名药业股份有限公司,2000-5000人,,合肥,宜昌,硕士,5年以上,30-40k,,,,https://www.liepin.com/a/73881501.shtml,20260609112632,,,,
156421,猎聘,能源/化工/环保,化学,CADD&AIDD团队负责人,猎头职位,某武汉制药上市公司,10000人以上,,合肥,武汉,博士,5-10年,80-100k·15薪,,,,https://www.liepin.com/a/75437363.shtml,20260604113850,,,,
156422,猎聘,能源/化工/环保,化学,耗材研发专家（新材料/胶水）,猎头职位,某武汉大型互联网公司,1000-2000人,,合肥,武汉,学历不限,5-10年,20-40k,,,,https://www.liepin.com/a/76122103.shtml,20260527155752,,,,
156423,猎聘,能源/化工/环保,化学,PACK工艺专家,猎头职位,某国内机械/设备上市公司,5000-10000人,,合肥,襄阳,统招本科,5年以上,18-25k,,,,https://www.liepin.com/a/75920281.shtml,20260606164208,,,,
156424,猎聘,能源/化工/环保,化学,TD CVD工程师,猎头职位,某深圳大型电子/半导体/集成电路公司,1000-2000人,,合肥,武汉,硕士,5-10年,25-45k,,,,https://www.liepin.com/a/75708037.shtml,20260609092143,,,,
156425,猎聘,能源/化工/环保,化学,销售工程师,猎头职位,某武汉知名公司,500-999人,,合肥,武汉,统招本科,3-5年,18-25k,,,,https://www.liepin.com/a/75126461.shtml,20260609101752,,,,
156426,猎聘,能源/化工/环保,化学,纯化经理,猎头职位,某个大型生物药企业（大分子）,100-499人,,合肥,武汉,本科,经验不限,20-35k·14薪,,,,https://www.liepin.com/a/73987955.shtml,20260608102717,,,,
156427,猎聘,能源/化工/环保,化学,电池系统开发,猎头职位,某知名公司,50-99人,,合肥,武汉,统招本科,10年以上,100-110k·14薪,,,,https://www.liepin.com/a/75346631.shtml,20260609093524,,,,
156428,猎聘,能源/化工/环保,化学,涂层开发工程师,猎头职位,某武汉大型互联网公司,1000-2000人,,合肥,武汉,本科,1-3年,15-30k,,,,https://www.liepin.com/a/76121393.shtml,20260527154829,,,,
156429,猎聘,能源/化工/环保,化学,分析经理 （湖北、原料药）,猎头职位,某武汉大型制药公司,5000-10000人,,合肥,武汉,硕士,5-10年,15-25k,,,,https://www.liepin.com/a/73221817.shtml,20260520184545,,,,
156430,猎聘,能源/化工/环保,化学,低压龙头企业-三元体系开发工程师（双休）,猎头职位,某国内大型机械/设备公司,1000-2000人,,合肥,襄阳-襄州区,统招本科,5年以上,29-35k,,,,https://www.liepin.com/a/74664569.shtml,20260603163102,,,,
156431,猎聘,能源/化工/环保,化学,刻蚀 / ETCH（设备为主，工艺少量 ）,猎头职位,某深圳大型电子/半导体/集成电路公司,5000-10000人,,合肥,武汉,统招本科,1-3年,15-30k,,,,https://www.liepin.com/a/75591145.shtml,20260512175846,,,,
156432,猎聘,能源/化工/环保,化学,理科竞赛教练,猎头职位,某知名公司,100-499人,,合肥,武汉,本科,经验不限,25-50k,,,,https://www.liepin.com/a/74587499.shtml,20260515141725,,,,
156433,猎聘,能源/化工/环保,化学,高级电芯开发工程师（方壳卷绕电芯开发经验）,猎头职位,某武汉新能源公司,50-99人,,合肥,武汉,硕士,5-10年,20-30k,,,,https://www.liepin.com/a/75657645.shtml,20260529102512,,,,
156434,猎聘,能源/化工/环保,化学,合成总监,猎头职位,某国内大型制药公司,5000-10000人,,合肥,宜昌,博士,5-10年,45-65k,,,,https://www.liepin.com/a/73868653.shtml,20260529102757,,,,
156435,猎聘,能源/化工/环保,化学,ALD设备工程师,猎头职位,某电子/半导体/集成电路公司,100-499人,,合肥,武汉-洪山区,统招本科,3年以上,30-40k·14薪,,,,https://www.liepin.com/a/75272249.shtml,20260514105736,,,,
156436,猎聘,能源/化工/环保,化学,IQC资深工程师,猎头职位,某深圳电气机械/器材上市公司,10000人以上,,合肥,宜昌,本科,10年以上,18-25k,,,,https://www.liepin.com/a/73329589.shtml,20260608090827,,,,
156437,猎聘,能源/化工/环保,化学,光纤研发设计师,猎头职位,某武汉大型航空/航天设备公司,500-999人,,合肥,武汉,硕士,1-3年,25-40k,,,,https://www.liepin.com/a/73248857.shtml,20260311143801,,,,
156438,猎聘,能源/化工/环保,化学,失效分析工程师,猎头职位,某武汉大型电子/半导体/集成电路公司,2000-5000人,,合肥,武汉,统招本科,5年以上,18-35k·13薪,,,,https://www.liepin.com/a/74942565.shtml,20260514153559,,,,
156439,猎聘,能源/化工/环保,化学,质量工程师,猎头职位,某国内大型金属制品公司,5000-10000人,,合肥,荆州-荆州区,本科,3-5年,10-15k,,,,https://www.liepin.com/a/76344689.shtml,20260603100225,,,,
156440,猎聘,能源/化工/环保,化学,电镀资深工程师,猎头职位,某国内电子/半导体/集成电路上市公司,2000-5000人,,合肥,武汉,本科,经验不限,20-40k·15薪,,,,https://www.liepin.com/a/76438715.shtml,20260605093400,,,,
156441,猎聘,能源/化工/环保,化学,资深化学专利代理师,企业职位,某北京知识产权服务公司,50-99人,,佛山,长沙,硕士,3-5年,23-35k,,,,https://www.liepin.com/a/75763161.shtml,20260518114133,,,,
156442,猎聘,能源/化工/环保,化学,资深化学专利代理师,企业职位,某北京知识产权服务公司,50-99人,,佛山,长沙,学历不限,3-5年,25-35k,,,,https://www.liepin.com/a/75786887.shtml,20260518171156,,,,
156443,猎聘,能源/化工/环保,化学,大客户经理（半导体电子化学）,企业职位,湖南先伟实业有限公司,100-499人,,佛山,长沙-雨花区,统招本科,3-5年,10-25k·13薪,,,,https://www.liepin.com/job/1963743271.shtml,20260529151641,,,,
156444,猎聘,能源/化工/环保,化学,营销经理（电子化学）,企业职位,湖南先伟实业有限公司,100-499人,,佛山,长沙-雨花区,统招本科,1-3年,15-25k·13薪,,,,https://www.liepin.com/job/1958845677.shtml,20260529151641,,,,
156445,猎聘,能源/化工/环保,化学,博士（电化学）,企业职位,湖南中科星城石墨有限公司,2000-5000人,,佛山,长沙-岳麓区,博士,经验不限,20-25k·15薪,,,,https://www.liepin.com/job/1977476245.shtml,20250925105308,,,,
156446,猎聘,能源/化工/环保,化学,计算化学经理,企业职位,九典制药,1000-2000人,,佛山,长沙-岳麓区,硕士,3-5年,20-40k,,,,https://www.liepin.com/job/1982477813.shtml,20260512191452,,,,
156447,猎聘,能源/化工/环保,化学,化学检测销售经理,企业职位,广电计量检测集团股份有限公司,2000-5000人,,佛山,长沙-岳麓区,统招本科,5年以上,7-20k,,,,https://www.liepin.com/job/1971603767.shtml,20260609081931,,,,
156448,猎聘,能源/化工/环保,化学,化学销售主管/工程师,企业职位,广电计量检测集团股份有限公司,2000-5000人,,佛山,长沙,本科,1-3年,5-10k,,,,https://www.liepin.com/job/1969279019.shtml,20260609082013,,,,
156449,猎聘,能源/化工/环保,化学,化学竞赛老师待遇优,企业职位,某天津其他商务服务业公司,1-49人,,佛山,长沙,本科,经验不限,19-35k·13薪,,,,https://www.liepin.com/a/73659331.shtml,20260320174111,,,,
156450,猎聘,能源/化工/环保,化学,双语化学老师（全国有岗）,企业职位,某武汉学校教育公司,100-499人,,佛山,长沙,学历不限,5-10年,20-30k,,,,https://www.liepin.com/a/72839743.shtml,20260324110030,,,,
156451,猎聘,能源/化工/环保,化学,资深化学代理师,企业职位,辰权知识产权,50-99人,,佛山,长沙-岳麓区,本科,4年以上,18-30k,,,,https://www.liepin.com/job/1975686419.shtml,20260428143626,,,,
156452,猎聘,能源/化工/环保,化学,高级化学专利代理人,企业职位,超凡知识产权,1000-2000人,,佛山,长沙-岳麓区,本科,3年以上,10-15k,,,,https://www.liepin.com/job/1981997365.shtml,20260422155417,,,,
156453,猎聘,能源/化工/环保,化学,化学检测工程师,企业职位,湖南信达新材料有限公司,100-499人,,佛山,长沙-浏阳,本科,3-5年,4-5k,,,,https://www.liepin.com/job/1918337981.shtml,20211213095034,,,,
156454,猎聘,能源/化工/环保,化学,研发人员（化学）汨罗,企业职位,吉尔润科(湖南)石油化工有限公司,100-499人,,佛山,长沙,统招本科,经验不限,5-7k,,,,https://www.liepin.com/job/1937585139.shtml,20220218104854,,,,
156455,猎聘,能源/化工/环保,化学,化学生产技术负责人（硫酸钠、钾钠方向）,企业职位,赛恩斯环保股份有限公司,500-999人,,佛山,长沙-岳麓区,大专,5-10年,15-25k,,,,https://www.liepin.com/job/1969123577.shtml,20240819110139,,,,
156456,猎聘,能源/化工/环保,化学,化学合成技术总监,企业职位,常德云港生物科技股份有限公司,100-499人,,佛山,常德-武陵区,硕士,5年以上,10-20k,,,,https://www.liepin.com/job/1975561777.shtml,20260528104147,,,,
156457,猎聘,能源/化工/环保,化学,电化学传感器设计工程师,企业职位,湖南新锋科技有限公司,100-499人,,佛山,长沙-岳麓区,本科,1-3年,8-15k,,,,https://www.liepin.com/job/1961895361.shtml,20240828092335,,,,
156458,猎聘,能源/化工/环保,化学,化学研发工程师,企业职位,力合科技(湖南)股份有限公司,5000-10000人,,佛山,长沙,硕士,1-3年,8-12k,,,,https://www.liepin.com/job/1974739717.shtml,20250527140450,,,,
156459,猎聘,能源/化工/环保,化学,营销总监（电子化学）,企业职位,湖南先伟实业有限公司,100-499人,,佛山,长沙-雨花区,统招本科,5-10年,18-30k·13薪,,,,https://www.liepin.com/job/1969904175.shtml,20251208161411,,,,
156460,猎聘,能源/化工/环保,化学,化学专工,企业职位,湖南垚元环保科技有限公司,50-99人,,佛山,郴州,大专,3-5年,12-15k,,,,https://www.liepin.com/job/1933544309.shtml,20210122095458,,,,
156461,猎聘,能源/化工/环保,化学,高中双语老师（数学、物理、化学、艺术等）,企业职位,长沙康礼·克雷格学校,100-499人,,佛山,长沙,硕士,1-3年,12-22k,,,,https://www.liepin.com/job/1980779593.shtml,20260310093536,,,,
156462,猎聘,能源/化工/环保,化学,机械化学物理毕业生,企业职位,蓝思科技,10000人以上,,佛山,长沙,本科,经验不限,9-11k,,,,https://www.liepin.com/job/1976023401.shtml,20260210174255,,,,
156463,猎聘,能源/化工/环保,化学,博士后科研人员(有机化学）,企业职位,天地恒一制药,500-999人,,佛山,长沙-浏阳,博士,经验不限,20-30k,,,,https://www.liepin.com/job/1972301163.shtml,20260123104951,,,,
156464,猎聘,能源/化工/环保,化学,化学发光销售经理,企业职位,北京九强生物技术股份有限公司,100-499人,,佛山,长沙-岳麓区,大专,3-5年,6-8k,,,,https://www.liepin.com/job/1965433341.shtml,20240530154658,,,,
156465,猎聘,能源/化工/环保,化学,化学分析工程师,企业职位,岳阳科罗德联合化学工业有限公司,100-499人,,佛山,岳阳-云溪区,本科,3-5年,6-8k·13薪,,,,https://www.liepin.com/job/1958949579.shtml,20231201171029,,,,
156466,猎聘,能源/化工/环保,化学,电化学研发工程师,企业职位,可孚医疗科技股份有限公司,2000-5000人,,佛山,长沙-雨花区,硕士,2年以上,10-20k,,,,https://www.liepin.com/job/1980992789.shtml,20260317105948,,,,
156467,猎聘,能源/化工/环保,化学,化学老师,企业职位,湖南沃上教育科技有限公司,1-49人,,佛山,长沙,硕士,经验不限,8-13k,,,,https://www.liepin.com/job/1960144221.shtml,20230721150813,,,,
156468,猎聘,能源/化工/环保,化学,A-Level教师（数学、物理、经济学、化学、生物、心理）,企业职位,长沙新航道教育咨询有限公司,100-499人,,佛山,长沙-芙蓉区,本科,1-3年,10-20k,,,,https://www.liepin.com/job/1951710739.shtml,20240813144525,,,,
156469,猎聘,能源/化工/环保,化学,生物化学研发工程师,企业职位,长沙艾赛生物技术有限公司,1-49人,,佛山,长沙-开福区,硕士,经验不限,8-24k,,,,https://www.liepin.com/job/1955755013.shtml,20231113170205,,,,
156470,猎聘,能源/化工/环保,化学,化学分析,企业职位,湖南新奥环保技术有限责任公司,100-499人,,佛山,益阳,本科,经验不限,4-5k,,,,https://www.liepin.com/job/1961396025.shtml,20230905164810,,,,
156471,猎聘,能源/化工/环保,化学,化学分析,企业职位,湖南汉尧富锂矿业有限公司,500-999人,,佛山,郴州,本科,经验不限,6-8k,,,,https://www.liepin.com/job/1963158633.shtml,20231124094208,,,,
156472,猎聘,能源/化工/环保,化学,A-Level教师（数学、物理、化学、生物）,企业职位,长沙新航道教育咨询有限公司,100-499人,,佛山,长沙-芙蓉区,本科,1-3年,10-15k,,,,https://www.liepin.com/job/1963067419.shtml,20240115150431,,,,
156473,猎聘,能源/化工/环保,化学,研发工程师-有机化学方向,企业职位,铱太科技,1-49人,,佛山,长沙,硕士,经验不限,8-12k·13薪,,,,https://www.liepin.com/job/1945878575.shtml,20211222120832,,,,
156474,猎聘,能源/化工/环保,化学,高级药品研究员（化学合成）,企业职位,湖南协创药品开发有限公司,50-99人,,佛山,长沙,统招本科,3-5年,6-10k·13薪,,,,https://www.liepin.com/job/1927994861.shtml,20201127165905,,,,
156475,猎聘,能源/化工/环保,化学,化学研发工程师,企业职位,艾华集团,2000-5000人,,佛山,益阳,本科,1-3年,5-8k,,,,https://www.liepin.com/job/1970780269.shtml,20260422094126,,,,
156476,猎聘,能源/化工/环保,化学,化学代理人（普通）2,企业职位,辰权知识产权,50-99人,,佛山,长沙-岳麓区,本科,1年以上,8-15k,,,,https://www.liepin.com/job/1976467817.shtml,20260428143626,,,,
156477,猎聘,能源/化工/环保,化学,化学钢化工程师,企业职位,蓝思科技,10000人以上,,佛山,长沙-浏阳,大专,3-5年,10-13k,,,,https://www.liepin.com/job/1956973979.shtml,20251104114040,,,,
156478,猎聘,能源/化工/环保,化学,化学检测员,企业职位,湖南超威新能源有限公司,50-99人,,佛山,湘潭-雨湖区,大专,1年以上,5-7k,,,,https://www.liepin.com/job/1979749133.shtml,20260424150447,,,,
156479,猎聘,能源/化工/环保,化学,初中生物、化学教师,企业职位,长沙市育青英托管服务有限责任公司,1-49人,,佛山,长沙-芙蓉区,本科,经验不限,4-8k,,,,https://www.liepin.com/job/1965256361.shtml,20240823081848,,,,
156480,猎聘,能源/化工/环保,化学,化学发光销售经理,企业职位,君和生物,50-99人,,佛山,长沙-开福区,大专,1-3年,6-15k,,,,https://www.liepin.com/job/1980044223.shtml,20260128103508,,,,
156481,猎聘,能源/化工/环保,化学,初高中学科老师（语文/数学/英语/物理/化学）,企业职位,竹子教育,100-499人,,佛山,长沙-雨花区,统招本科,1-3年,6-18k,,,,https://www.liepin.com/job/1976433105.shtml,20250812161157,,,,
156482,猎聘,能源/化工/环保,化学,化学检测销售工程师,企业职位,广电计量检测(湖南)有限公司,100-499人,,佛山,长沙-岳麓区,大专,2年以上,5-10k,,,,https://www.liepin.com/job/1971241179.shtml,20241205143525,,,,
156483,猎聘,能源/化工/环保,化学,化学老师,企业职位,长沙普朗特科技有限公司,50-99人,,佛山,长沙-岳麓区,统招本科,经验不限,7-10k,,,,https://www.liepin.com/job/1922858879.shtml,20191211094530,,,,
156484,猎聘,能源/化工/环保,化学,化学分析测试员,企业职位,湖南鼎中环保科技有限公司,1-49人,,佛山,长沙-长沙县,本科,1-3年,4-6k,,,,https://www.liepin.com/job/1934855677.shtml,20210106133317,,,,
156485,猎聘,能源/化工/环保,化学,实验室化学分析人员,企业职位,湖南永诚安康科技有限公司,1-49人,,佛山,湘潭,大专,经验不限,4-5k,,,,https://www.liepin.com/job/1926657347.shtml,20200313114549,,,,
156486,猎聘,能源/化工/环保,化学,化学计量校准工程师,企业职位,恒智检测认证有限公司,50-99人,,佛山,长沙,本科,经验不限,3-5k,,,,https://www.liepin.com/job/1936836725.shtml,20210310120459,,,,
156487,猎聘,能源/化工/环保,化学,实验室化学分析员,企业职位,湖南永诚安康科技有限公司,1-49人,,佛山,湘潭,大专,经验不限,4-5k,,,,https://www.liepin.com/job/1926603353.shtml,20200311163430,,,,
156488,猎聘,能源/化工/环保,化学,专利代理师（生物化学方向）,企业职位,长沙正奇专利事务所有限责任公司,1-49人,,佛山,长沙-岳麓区,硕士,经验不限,7-15k,,,,https://www.liepin.com/job/1982984481.shtml,20260529143751,,,,
156489,猎聘,能源/化工/环保,化学,生物或化学专利代理人,企业职位,长沙正奇专利事务所有限责任公司,1-49人,,佛山,长沙-岳麓区,硕士,1-3年,8-16k,,,,https://www.liepin.com/job/1952880247.shtml,20260529144005,,,,
156490,猎聘,能源/化工/环保,化学,专利代理人（软通/电学/化学）,企业职位,深圳市世纪恒程知识产权代理事务所,500-999人,,佛山,长沙-雨花区,统招本科,3年以上,8-20k,,,,https://www.liepin.com/job/1981118897.shtml,20260320152536,,,,
156491,猎聘,能源/化工/环保,化学,化学教师,企业职位,长沙望华教育科技有限公司,1-49人,,佛山,长沙,本科,1-3年,10-15k,,,,https://www.liepin.com/job/1965898547.shtml,20240329195145,,,,
156492,猎聘,能源/化工/环保,化学,教研老师（语文、数学、英语、物理、化学）,企业职位,长沙市岳麓区竹子优学培训学校有限公司,100-499人,,佛山,长沙-长沙县,大专,1-3年,7-12k,,,,https://www.liepin.com/job/1962561589.shtml,20231030164718,,,,
156493,猎聘,能源/化工/环保,化学,专利代理师 化学【岳麓区】,企业职位,北京风雅颂专利代理有限公司长沙分公司,1-49人,,佛山,长沙,本科,1-3年,10-20k,,,,https://www.liepin.com/job/1954463415.shtml,20240802152622,,,,
156494,猎聘,能源/化工/环保,化学,化学专利代理人【岳麓区】,企业职位,北京风雅颂专利代理有限公司长沙分公司,1-49人,,佛山,长沙,本科,3-5年,10-20k,,,,https://www.liepin.com/job/1954463785.shtml,20240802152622,,,,
156495,猎聘,能源/化工/环保,化学,应用化学工程师,企业职位,湖南三环颜料有限公司,100-499人,,佛山,长沙-岳麓区,本科,5-10年,9-12k,,,,https://www.liepin.com/job/1958895911.shtml,20230727220243,,,,
156496,猎聘,能源/化工/环保,化学,分析化学储备研发主管,企业职位,湖南集迈通用仪器制造有限公司,1-49人,,佛山,长沙-望城区,本科,经验不限,5-8k,,,,https://www.liepin.com/job/1942371271.shtml,20210819170639,,,,
156497,猎聘,能源/化工/环保,化学,张家界初高中语数外物理化学老师,企业职位,湖南鹏程教育咨询有限公司,100-499人,,佛山,张家界,本科,经验不限,8-12k,,,,https://www.liepin.com/job/1922967233.shtml,20190828180901,,,,
156498,猎聘,能源/化工/环保,化学,中小学语文老师，初中英语数学物理化学老师,企业职位,湖南学府教育文化科技有限公司,1-49人,,佛山,长沙,本科,经验不限,4-8k,,,,https://www.liepin.com/job/1935376001.shtml,20210124152728,,,,
156499,猎聘,能源/化工/环保,化学,化学分析员,企业职位,蓬诚科技,50-99人,,佛山,岳阳,大专,1-3年,6-10k,,,,https://www.liepin.com/job/1934249033.shtml,20201211183420,,,,
156500,猎聘,能源/化工/环保,化学,电芯工艺工程师（圆柱电池）,企业职位,全美资电池企业,50-99人,,佛山,长沙-岳麓区,本科,3-5年,15-20k·13薪,,,,https://www.liepin.com/a/76423375.shtml,20260604222420,,,,
156501,猎聘,能源/化工/环保,化学,药物分析研究员,企业职位,方盛集团,2000-5000人,,佛山,长沙-岳麓区,本科,1-3年,7-10k·13薪,,,,https://www.liepin.com/job/1983003141.shtml,20260530105734,,,,
156502,猎聘,能源/化工/环保,化学,高层次人才：应届博士、海归博士、社招博士,企业职位,某国内机械/设备上市公司,2000-5000人,,佛山,长沙,博士,经验不限,25-45k,,,,https://www.liepin.com/a/76033833.shtml,20260608170301,,,,
156503,猎聘,能源/化工/环保,化学,研发工程师,企业职位,湖南毅华新能源有限公司,1-49人,,佛山,长沙-长沙县,硕士,2年以上,12-25k,,,,https://www.liepin.com/job/1976918625.shtml,20260527150439,,,,
156504,猎聘,能源/化工/环保,化学,体外诊断试剂研发（长沙研发中心）,企业职位,桂林优利特医疗电子有限公司,1000-2000人,,佛山,长沙-开福区,硕士,经验不限,9-14k·13薪,,,,https://www.liepin.com/job/1981826417.shtml,20260416151955,,,,
156505,猎聘,能源/化工/环保,化学,CVD工艺工程师,企业职位,某长沙知名公司,1000-2000人,,佛山,长沙,本科,3-5年,15-30k,,,,https://www.liepin.com/a/75671349.shtml,20260514141533,,,,
156506,猎聘,能源/化工/环保,化学,博士（材料、机械）,企业职位,广东**资源服务有限公司,1000-2000人,,佛山,长沙,博士,经验不限,15-25k·16薪,,,,https://www.liepin.com/a/76086191.shtml,20260602085941,,,,
156507,猎聘,能源/化工/环保,化学,材料研发工程师（博士）,企业职位,某知名公司,100-499人,,佛山,长沙-岳麓区,博士,1-3年,25-35k,,,,https://www.liepin.com/a/74979249.shtml,20260528185247,,,,
156508,猎聘,能源/化工/环保,化学,工艺工程师,企业职位,湖南鹏博新材料有限公司,100-499人,,佛山,长沙-宁乡,统招本科,3年以上,7-12k,,,,https://www.liepin.com/job/1979625021.shtml,20260604152113,,,,
156509,猎聘,能源/化工/环保,化学,质量总监,企业职位,某国内制药公司,100-499人,,佛山,湘潭,统招本科,5-10年,30-45k,,,,https://www.liepin.com/a/75372167.shtml,20260609182940,,,,
156510,猎聘,能源/化工/环保,化学,AIDD生信科学家,企业职位,某国内制药公司,100-499人,,佛山,长沙,博士,3-5年,30-50k,,,,https://www.liepin.com/a/75692001.shtml,20260609093747,,,,
156511,猎聘,能源/化工/环保,化学,全国销售总监,企业职位,某长沙医疗器械上市公司,2000-5000人,,佛山,长沙,统招本科,10年以上,40-50k,,,,https://www.liepin.com/a/74589063.shtml,20260603115911,,,,
156512,猎聘,能源/化工/环保,化学,试剂研发总监,企业职位,某知名医疗器械公司,500-999人,,佛山,长沙,学历不限,3-5年,50-55k,,,,https://www.liepin.com/a/75390143.shtml,20260604095244,,,,
156513,猎聘,能源/化工/环保,化学,合成项目主管,企业职位,九典制药,1000-2000人,,佛山,长沙,统招本科,3-5年,15-25k,,,,https://www.liepin.com/job/1968687483.shtml,20260609163634,,,,
156514,猎聘,能源/化工/环保,化学,博士人才（应届、社招、海归均可）,企业职位,某大型知名整车制造公司,10000人以上,,佛山,长沙,博士,经验不限,20-40k,,,,https://www.liepin.com/a/76422787.shtml,20260604163615,,,,
156515,猎聘,能源/化工/环保,化学,AG工程师,企业职位,蓝思科技,10000人以上,,佛山,长沙-长沙县,大专,3-5年,9-18k,,,,https://www.liepin.com/job/1960611969.shtml,20260602115546,,,,
156516,猎聘,能源/化工/环保,化学,博士人才（应届、海归、社招）,企业职位,某东莞人力资源服务公司,50-99人,,佛山,株洲,学历不限,经验不限,25-30k,,,,https://www.liepin.com/a/76188737.shtml,20260602101929,,,,
156517,猎聘,能源/化工/环保,化学,体系合规经理,企业职位,某成都大型制药公司,10000人以上,,佛山,岳阳,本科,10年以上,20-40k,,,,https://www.liepin.com/a/75603583.shtml,20260604091302,,,,
156518,猎聘,能源/化工/环保,化学,制程主管/资深制程工程师,企业职位,三诺生物传感股份有限公司,2000-5000人,,佛山,长沙-岳麓区,统招本科,6年以上,15-22k·15薪,,,,https://www.liepin.com/job/1983094201.shtml,20260608114354,,,,
156519,猎聘,能源/化工/环保,化学,电池粘结剂研发工程师,企业职位,瑞和新材料,1-49人,,佛山,长沙-望城区,本科,3-5年,15-25k,,,,https://www.liepin.com/job/1982749039.shtml,20260608163129,,,,
156520,猎聘,能源/化工/环保,化学,体系合规经理/主管,企业职位,某国内大型制药公司,1000-2000人,,佛山,岳阳,统招本科,经验不限,20-35k,,,,https://www.liepin.com/a/75497819.shtml,20260608152002,,,,
156521,猎聘,能源/化工/环保,化学,MR-呼吸生物制剂新产品-长沙,企业职位,阿斯利康,10000人以上,,佛山,长沙-开福区,大专,3-5年,薪资面议,,,,https://www.liepin.com/job/1982549711.shtml,20260514181302,,,,
156522,猎聘,能源/化工/环保,化学,【合资公司】表面处理工程师,企业职位,华曙高科,500-999人,,佛山,长沙-岳麓区,大专,1-3年,15-25k,,,,https://www.liepin.com/job/1982115489.shtml,20260522104017,,,,
156523,猎聘,能源/化工/环保,化学,高级材料工程师,企业职位,蓝思科技,10000人以上,,佛山,长沙-浏阳,硕士,2年以上,20-40k,,,,https://www.liepin.com/job/1976610139.shtml,20250820091554,,,,
156524,猎聘,能源/化工/环保,化学,研发工程师（电池粘结剂）,企业职位,瑞和新材料,1-49人,,佛山,长沙-望城区,本科,3年以上,15-25k,,,,https://www.liepin.com/job/1982732691.shtml,20260608163129,,,,
156525,猎聘,能源/化工/环保,化学,高级研发工程师,企业职位,湖南毅华新能源有限公司,1-49人,,佛山,长沙-长沙县,硕士,5年以上,25-50k,,,,https://www.liepin.com/job/1976920653.shtml,20260527150511,,,,
156526,猎聘,能源/化工/环保,化学,电极工程师（电极开发与工艺方向）,企业职位,圣钘科技,100-499人,,佛山,长沙-宁乡,本科,2年以上,15-25k·13薪,,,,https://www.liepin.com/job/1980685143.shtml,20260528171105,,,,
156527,猎聘,能源/化工/环保,化学,原料药基地总经理,企业职位,方盛集团,2000-5000人,,佛山,长沙-望城区,统招本科,5年以上,55-80k,,,,https://www.liepin.com/job/1982975733.shtml,20260529110032,,,,
156528,猎聘,能源/化工/环保,化学,博士人才（应届、海归、社招）,企业职位,某知名公司,1-49人,,佛山,长沙,博士,经验不限,20-30k,,,,https://www.liepin.com/a/76075617.shtml,20260526162424,,,,
156529,猎聘,能源/化工/环保,化学,高级QA经理,企业职位,某国内大型制药公司,1000-2000人,,佛山,长沙,统招本科,10年以上,30-50k,,,,https://www.liepin.com/a/75195967.shtml,20260609101842,,,,
156530,猎聘,能源/化工/环保,化学,硬碳研发负责人（总监或副总）,企业职位,钠能时代,100-499人,,佛山,长沙-长沙县,本科,3年以上,30-60k·20薪,,,,https://www.liepin.com/job/1982274613.shtml,20260527135256,,,,
156531,猎聘,能源/化工/环保,化学,有机合成研究员,企业职位,湖南中伟控股集团有限公司,10000人以上,,佛山,长沙-宁乡,硕士,1年以上,9-15k·13薪,,,,https://www.liepin.com/job/1980686707.shtml,20260609091840,,,,
156532,猎聘,能源/化工/环保,化学,AIDD生信方向高级科学家,企业职位,某国内制药公司,100-499人,,佛山,长沙,博士,经验不限,30-45k·13薪,,,,https://www.liepin.com/a/75429313.shtml,20260609102524,,,,
156533,猎聘,能源/化工/环保,化学,研发工程师,企业职位,湖南晶瓷新材料有限公司,50-99人,,佛山,长沙-宁乡,本科,3-5年,15-25k,,,,https://www.liepin.com/job/1978467429.shtml,20251204082620,,,,
156534,猎聘,能源/化工/环保,化学,AIDD生物信息工程师,企业职位,某国内制药公司,100-499人,,佛山,长沙,博士,1-3年,30-60k,,,,https://www.liepin.com/a/52158961.shtml,20260602084647,,,,
156535,猎聘,能源/化工/环保,化学,工程副总监,企业职位,广东威立特尔生物医药科技有限公司,50-99人,,佛山,长沙-望城区,统招本科,8年以上,20-30k,,,,https://www.liepin.com/job/1982695385.shtml,20260609092627,,,,
156536,猎聘,能源/化工/环保,化学,研发工程师（配方研发）,企业职位,某国内新材料公司,100-499人,,佛山,株洲-天元区,统招本科,1-3年,13-20k·14薪,,,,https://www.liepin.com/a/74842215.shtml,20260526102416,,,,
156537,猎聘,能源/化工/环保,化学,免疫研发经理,企业职位,湖南冠牧生物科技有限公司,50-99人,,佛山,长沙,本科,1年以上,9-20k,,,,https://www.liepin.com/job/1972187267.shtml,20260609084023,,,,
156538,猎聘,能源/化工/环保,化学,MLCC技术员,企业职位,株洲宏达电子股份有限公司,1000-2000人,,佛山,株洲,本科,经验不限,15-30k,,,,https://www.liepin.com/job/1924929633.shtml,20260609165408,,,,
156539,猎聘,能源/化工/环保,化学,专利代理人（长沙）,企业职位,华进联合专利商标代理有限公司,1000-2000人,,佛山,长沙-天心区,统招本科,5年以上,15-25k,,,,https://www.liepin.com/job/1981109343.shtml,20260609135037,,,,
156540,猎聘,能源/化工/环保,化学,生产总监,企业职位,广东威立特尔生物医药科技有限公司,50-99人,,佛山,长沙-望城区,统招本科,5年以上,30-35k,,,,https://www.liepin.com/job/1977629731.shtml,20260609092627,,,,
156541,猎聘,能源/化工/环保,化学,电镀工程师,企业职位,蓝思科技,10000人以上,,佛山,长沙-浏阳,本科,3年以上,9-13k,,,,https://www.liepin.com/job/1983155129.shtml,20260604151034,,,,
156542,猎聘,能源/化工/环保,化学,FA失效分析工程师,企业职位,蓝思科技,10000人以上,,佛山,长沙-长沙县,统招本科,3-5年,9-18k,,,,https://www.liepin.com/job/1982831419.shtml,20260525150600,,,,
156543,猎聘,能源/化工/环保,化学,小核酸高级科学家,企业职位,某国内制药公司,100-499人,,佛山,株洲,博士,3-5年,30-50k,,,,https://www.liepin.com/a/75692047.shtml,20260609093747,,,,
156544,猎聘,能源/化工/环保,化学,中药厂长总经理,企业职位,某长沙大型医药流通公司,2000-5000人,,佛山,长沙,统招本科,经验不限,50-70k,,,,https://www.liepin.com/a/76031451.shtml,20260525173200,,,,
156545,猎聘,能源/化工/环保,化学,高级QA经理,企业职位,某国内大型制药公司,1000-2000人,,佛山,岳阳,统招本科,经验不限,25-35k,,,,https://www.liepin.com/a/75498017.shtml,20260608152002,,,,
156546,猎聘,能源/化工/环保,化学,材料负责人,企业职位,三一集团,10000人以上,,佛山,长沙-长沙县,统招本科,5年以上,薪资面议,,,,https://www.liepin.com/job/1978960635.shtml,20251205190605,,,,
156547,猎聘,能源/化工/环保,化学,工艺工程师,企业职位,某北京整车制造上市公司,10000人以上,,佛山,株洲,学历不限,经验不限,8-12k,,,,https://www.liepin.com/a/76206053.shtml,20260529143431,,,,
156548,猎聘,能源/化工/环保,化学,合成研发工艺,企业职位,湖南圆通药业有限公司,1-49人,,佛山,长沙-浏阳,统招本科,3-5年,7-9k,,,,https://www.liepin.com/job/1979757981.shtml,20260529090751,,,,
156549,猎聘,能源/化工/环保,化学,食品（药品）胶粘剂项目负责人（HOME OFFICE),企业职位,品首企业管理,1-49人,,佛山,长沙-宁乡,本科,3年以上,30-60k,,,,https://www.liepin.com/job/1978469391.shtml,20260604223654,,,,
156550,猎聘,能源/化工/环保,化学,供应链质量负责人,企业职位,柠乐集团,1000-2000人,,佛山,长沙-岳麓区,大专,10年以上,25-35k·13薪,,,,https://www.liepin.com/job/1982361985.shtml,20260508173628,,,,
156551,猎聘,能源/化工/环保,化学,兼职线上老师-日结,企业职位,郴州市雾溪工程有限公司,50-99人,,佛山,郴州-北湖区,本科,经验不限,3-8k,,,,https://www.liepin.com/job/1983077065.shtml,20260602161052,,,,
156552,猎聘,能源/化工/环保,化学,正极材料工艺研发工程师,企业职位,巴斯夫杉杉电池材料有限公司,1000-2000人,,佛山,长沙-望城区,硕士,3年以上,10-15k,,,,https://www.liepin.com/job/1979191837.shtml,20260409111325,,,,
156553,猎聘,能源/化工/环保,化学,质量（副）部长,企业职位,长沙科威恩科技有限公司,100-499人,,佛山,长沙-岳麓区,大专,5年以上,16-18k,,,,https://www.liepin.com/job/1982599963.shtml,20260518084501,,,,
156554,猎聘,能源/化工/环保,化学,体系合规经理,企业职位,某国内大型制药公司,1000-2000人,,佛山,岳阳,统招本科,3年以上,15-24k·18薪,,,,https://www.liepin.com/a/75748751.shtml,20260518091956,,,,
156555,猎聘,能源/化工/环保,化学,研发工程师（固态电解质）,企业职位,某长沙大型贸易进出口公司,500-999人,,佛山,长沙,统招本科,5-10年,15-20k,,,,https://www.liepin.com/a/75472241.shtml,20260605085746,,,,
156556,猎聘,能源/化工/环保,化学,子公司总经理（原料药）,企业职位,方盛集团,2000-5000人,,佛山,长沙-望城区,统招本科,10年以上,40-70k,,,,https://www.liepin.com/job/1967941281.shtml,20260609095849,,,,
156557,猎聘,能源/化工/环保,化学,药物化学部高级科学家/主任研究员,企业职位,某国内制药公司,100-499人,,佛山,长沙,学历不限,经验不限,25-40k·14薪,,,,https://www.liepin.com/a/74097065.shtml,20260609102524,,,,
156558,猎聘,能源/化工/环保,化学,新药药化研究员,企业职位,一格制药,100-499人,,佛山,长沙-岳麓区,硕士,1年以上,10-20k,,,,https://www.liepin.com/job/1972925217.shtml,20260526081656,,,,
156559,猎聘,能源/化工/环保,化学,质量部经理,企业职位,某北京大型汽车零部件及配件公司,10000人以上,,佛山,株洲,学历不限,5-10年,25-35k·15薪,,,,https://www.liepin.com/a/75344241.shtml,20260603142623,,,,
156560,猎聘,能源/化工/环保,化学,ICP-MS分析研究员,企业职位,湖南恒兴医药,100-499人,,佛山,长沙-岳麓区,本科,1年以上,5-9k,,,,https://www.liepin.com/job/1973720381.shtml,20260511081906,,,,
156561,猎聘,能源/化工/环保,化学,博士（材料合成）,企业职位,湖南中科星城石墨有限公司,2000-5000人,,佛山,长沙-宁乡,博士,经验不限,20-25k·15薪,,,,https://www.liepin.com/job/1983151059.shtml,20260604141332,,,,
156562,猎聘,能源/化工/环保,化学,研发工程师,企业职位,艾华集团,2000-5000人,,佛山,益阳-赫山区,本科,1-3年,6-10k,,,,https://www.liepin.com/job/1982502971.shtml,20260514082639,,,,
156563,猎聘,能源/化工/环保,化学,电镀经理,企业职位,益阳金谷科技有限公司,50-99人,,佛山,益阳-资阳区,本科,3年以上,20-25k,,,,https://www.liepin.com/job/1982593203.shtml,20260602112739,,,,
156564,猎聘,能源/化工/环保,化学,制剂分析员,企业职位,某长沙大型制药公司,1000-2000人,,佛山,长沙-浏阳,本科,2年以上,8-10k·13薪,,,,https://www.liepin.com/a/76267493.shtml,20260601154419,,,,
156565,猎聘,能源/化工/环保,化学,原辅料研发博士,企业职位,九典制药,1000-2000人,,佛山,长沙,博士,1-10年,18-40k,,,,https://www.liepin.com/job/1966835661.shtml,20260609163634,,,,
156566,猎聘,能源/化工/环保,化学,中药研发总监,企业职位,方盛集团,2000-5000人,,佛山,长沙-岳麓区,硕士,5年以上,30-50k,,,,https://www.liepin.com/job/1980303815.shtml,20260603151925,,,,
156567,猎聘,能源/化工/环保,化学,MR-突破性多适应症生物制剂-长沙,企业职位,阿斯利康,10000人以上,,佛山,长沙-开福区,大专,2年以上,10-15k·13薪,,,,https://www.liepin.com/job/1982825521.shtml,20260525133736,,,,
156568,猎聘,能源/化工/环保,化学,实验室负责人,企业职位,某知名公司,2000-5000人,,佛山,长沙,学历不限,5-10年,20-25k·13薪,,,,https://www.liepin.com/a/75110805.shtml,20260427172731,,,,
156569,猎聘,能源/化工/环保,化学,研发应用工程师,企业职位,湖南先伟实业有限公司,100-499人,,佛山,长沙-长沙县,硕士,1-3年,13-25k·13薪,,,,https://www.liepin.com/job/1958406119.shtml,20260529151641,,,,
156570,猎聘,能源/化工/环保,化学,研发工程师（MLCC),企业职位,某深圳通信设备上市公司,10000人以上,,佛山,益阳,学历不限,经验不限,15-25k,,,,https://www.liepin.com/a/75637001.shtml,20260513165245,,,,
156571,猎聘,能源/化工/环保,化学,试剂研发工程师,企业职位,伊鸿健康,100-499人,,佛山,长沙-岳麓区,统招本科,1-3年,11-20k,,,,https://www.liepin.com/job/1982163575.shtml,20260428162521,,,,
156572,猎聘,能源/化工/环保,化学,检验中心主任（原料药企业QC）,企业职位,某国内制药公司,100-499人,,佛山,长沙,本科,1-3年,30-60k,,,,https://www.liepin.com/a/76065295.shtml,20260609214904,,,,
156573,猎聘,能源/化工/环保,化学,商务总监（CRO）,企业职位,某长沙制药公司,100-499人,,佛山,长沙,学历不限,5-10年,50-80k,,,,https://www.liepin.com/a/74136905.shtml,20260525102647,,,,
156574,猎聘,能源/化工/环保,化学,QC经理/主任,企业职位,某国内制药公司,2000-5000人,,佛山,岳阳,本科,5-10年,20-35k·13薪,,,,https://www.liepin.com/a/75872059.shtml,20260520155904,,,,
156575,猎聘,能源/化工/环保,化学,资深产品经理,企业职位,某知名医疗器械上市公司,2000-5000人,,佛山,长沙,本科,3年以上,20-30k·15薪,,,,https://www.liepin.com/a/73633171.shtml,20260604112308,,,,
156576,猎聘,能源/化工/环保,化学,医疗器械测试工程师,企业职位,三诺生物传感股份有限公司,2000-5000人,,佛山,长沙-岳麓区,硕士,1-3年,10-12k·13薪,,,,https://www.liepin.com/job/1982224999.shtml,20260605170914,,,,
156577,猎聘,能源/化工/环保,化学,车间主任(J10162),企业职位,苏州引航生物科技有限公司,500-999人,,佛山,常德-津市,大专,5年以上,13-16k·14薪,,,,https://www.liepin.com/job/1979051935.shtml,20260609085147,,,,
156578,猎聘,能源/化工/环保,化学,制剂分析员,企业职位,某长沙大型制药公司,1000-2000人,,佛山,长沙-浏阳,统招本科,1-3年,8-10k·13薪,,,,https://www.liepin.com/a/76272257.shtml,20260601163925,,,,
156579,猎聘,能源/化工/环保,化学,外贸经理（食品日化原料）,企业职位,湖南先伟实业有限公司,100-499人,,佛山,长沙-雨花区,本科,3-5年,10-25k·13薪,,,,https://www.liepin.com/job/1953411877.shtml,20260529151641,,,,
156580,猎聘,能源/化工/环保,化学,药物合成主管（上市公司）,企业职位,方盛集团,2000-5000人,,佛山,长沙-岳麓区,硕士,3-5年,12-20k·14薪,,,,https://www.liepin.com/job/1982455723.shtml,20260512115641,,,,
156581,猎聘,能源/化工/环保,化学,BD商务拓展/大客户销售（材化/医药/医疗器械+做五休二）,企业职位,微谱,1000-2000人,,佛山,长沙,大专,经验不限,10-20k,,,,https://www.liepin.com/job/1945558615.shtml,20260109175802,,,,
156582,猎聘,能源/化工/环保,化学,电池理化性能测试工程师,企业职位,NPP耐普新能源,1000-2000人,,佛山,郴州-资兴,硕士,1-3年,10-15k·13薪,,,,https://www.liepin.com/job/1979724465.shtml,20260514092649,,,,
156583,猎聘,能源/化工/环保,化学,质量经理,企业职位,苏州引航生物科技有限公司,500-999人,,佛山,常德-津市,统招本科,5年以上,18-25k·15薪,,,,https://www.liepin.com/job/1977398161.shtml,20260609085140,,,,
156584,猎聘,能源/化工/环保,化学,工艺工程师,企业职位,某深圳新能源公司,50-99人,,佛山,长沙,本科,5-10年,18-25k·13薪,,,,https://www.liepin.com/a/76429057.shtml,20260604180210,,,,
156585,猎聘,能源/化工/环保,化学,精益总监,企业职位,某长沙机械/设备上市公司,10000人以上,,佛山,长沙-长沙县,本科,10年以上,50-70k·15薪,,,,https://www.liepin.com/a/76115789.shtml,20260602161844,,,,
156586,猎聘,能源/化工/环保,化学,药理部高级科学家,企业职位,某国内制药公司,100-499人,,佛山,长沙,学历不限,经验不限,25-40k·14薪,,,,https://www.liepin.com/a/74096931.shtml,20260609102524,,,,
156587,猎聘,能源/化工/环保,化学,玻璃蚀刻工程师,企业职位,蓝思科技,10000人以上,,佛山,长沙-长沙县,大专,5-10年,9-18k,,,,https://www.liepin.com/job/1968056535.shtml,20260602115558,,,,
156588,猎聘,能源/化工/环保,化学,工艺/制程专家,企业职位,某知名电子制造公司,5000-10000人,,佛山,长沙,本科,5-8年,22-25k,,,,https://www.liepin.com/a/74467191.shtml,20260609170348,,,,
156589,猎聘,能源/化工/环保,化学,高级刻蚀专家,企业职位,某长沙机械/设备公司,50-99人,,佛山,长沙,本科,5-10年,65-95k·14薪,,,,https://www.liepin.com/a/75558001.shtml,20260604174934,,,,
156590,猎聘,能源/化工/环保,化学,区域销售经理（湖南）,企业职位,科诺美,100-499人,,佛山,长沙-岳麓区,大专,3-5年,8-15k,,,,https://www.liepin.com/job/1959621965.shtml,20260526164455,,,,
156591,猎聘,能源/化工/环保,化学,原料药/药用辅料销售（生物制品类）,企业职位,九典制药,1000-2000人,,佛山,长沙-岳麓区,本科,2年以上,10-25k,,,,https://www.liepin.com/job/1982992607.shtml,20260609163626,,,,
156592,猎聘,能源/化工/环保,化学,小核酸方向高级科学家,企业职位,某国内制药公司,100-499人,,佛山,株洲,博士,3-5年,30-50k·13薪,,,,https://www.liepin.com/a/75429727.shtml,20260609102524,,,,
156593,猎聘,能源/化工/环保,化学,药物分析主管,企业职位,方盛集团,2000-5000人,,佛山,长沙-岳麓区,本科,3-5年,9-14k·14薪,,,,https://www.liepin.com/job/1982686991.shtml,20260520091028,,,,
156594,猎聘,能源/化工/环保,化学,国际业务员,企业职位,九典制药,1000-2000人,,佛山,长沙-岳麓区,统招本科,1-3年,8-15k,,,,https://www.liepin.com/job/1962783697.shtml,20260609163626,,,,
156595,猎聘,能源/化工/环保,化学,食品研发工程师,企业职位,某国内食品/饮料/酒水公司,100-499人,,佛山,长沙,本科,1-3年,20-30k,,,,https://www.liepin.com/a/74596119.shtml,20260601091006,,,,
156596,猎聘,能源/化工/环保,化学,【合资公司】操作员,企业职位,华曙高科,500-999人,,佛山,长沙-岳麓区,大专,1-3年,6-7k,,,,https://www.liepin.com/job/1982115831.shtml,20260522103850,,,,
156597,猎聘,能源/化工/环保,化学,工厂总经理,企业职位,某上海专业技术服务公司,100-499人,,佛山,常德,学历不限,经验不限,40-70k,,,,https://www.liepin.com/a/76031811.shtml,20260525173555,,,,
156598,猎聘,能源/化工/环保,化学,实验室检测员,企业职位,昕嘉生物技术(长沙)有限公司,,,佛山,长沙-望城区,统招本科,3-5年,5-8k,,,,https://www.liepin.com/job/1981253917.shtml,20260326111101,,,,
156599,猎聘,能源/化工/环保,化学,测试与认证工程师,企业职位,某国内新材料公司,100-499人,,佛山,株洲,统招本科,3-5年,12-20k,,,,https://www.liepin.com/a/74890323.shtml,20260526102416,,,,
156600,猎聘,能源/化工/环保,化学,博士人才（应届、社招，海归）,企业职位,某知名企业,1-49人,,佛山,长沙,学历不限,经验不限,20-30k,,,,https://www.liepin.com/a/76018239.shtml,20260608185846,,,,
156601,猎聘,能源/化工/环保,化学,等离子体仿真工程师（干法刻蚀设备）,企业职位,某长沙机械/设备公司,50-99人,,佛山,长沙,硕士,5-10年,65-95k·14薪,,,,https://www.liepin.com/a/75558197.shtml,20260604174934,,,,
156602,猎聘,能源/化工/环保,化学,质量负责人,企业职位,某长沙大型医疗机构公司,2000-5000人,,佛山,长沙,统招本科,5年以上,10-14k,,,,https://www.liepin.com/a/76405927.shtml,20260605111620,,,,
156603,猎聘,能源/化工/环保,化学,调味&膏体研发高级工程师(J11019),企业职位,劲仔食品,1000-2000人,,佛山,长沙-开福区,本科,5年以上,15-25k,,,,https://www.liepin.com/job/1980566471.shtml,20260518172443,,,,
156604,猎聘,能源/化工/环保,化学,药学子公司总经理（仿制药制剂）,企业职位,某长沙制药公司,100-499人,,佛山,长沙,本科,10年以上,40-70k,,,,https://www.liepin.com/a/75865277.shtml,20260520135316,,,,
156605,猎聘,能源/化工/环保,化学,总经理（电芯板块）,企业职位,某长沙新能源公司,100-499人,,佛山,长沙,统招本科,10年以上,40-70k·14薪,,,,https://www.liepin.com/a/74089659.shtml,20260609092115,,,,
156606,猎聘,能源/化工/环保,化学,材料工程师,企业职位,蓝思科技,10000人以上,,佛山,长沙-浏阳,硕士,1年以上,12-18k,,,,https://www.liepin.com/job/1981176631.shtml,20260325142513,,,,
156607,猎聘,能源/化工/环保,化学,压力容器主任设计师,企业职位,某长沙知名公司,100-499人,,佛山,长沙,统招本科,3-5年,15-25k,,,,https://www.liepin.com/a/74330751.shtml,20260601091220,,,,
156608,猎聘,能源/化工/环保,化学,区域销售经理,企业职位,科诺美,100-499人,,佛山,长沙-芙蓉区,大专,3-5年,8-13k,,,,https://www.liepin.com/job/1968661995.shtml,20260526164455,,,,
156609,猎聘,能源/化工/环保,化学,博士（多孔碳）,企业职位,湖南中科星城石墨有限公司,2000-5000人,,佛山,长沙-宁乡,博士,经验不限,20-25k·15薪,,,,https://www.liepin.com/job/1976936451.shtml,20250916091237,,,,
156610,猎聘,能源/化工/环保,化学,原料药工艺优化负责人,企业职位,华纳药厂,500-999人,,佛山,长沙-望城区,硕士,5-10年,12-18k,,,,https://www.liepin.com/job/1982553941.shtml,20260515081715,,,,
156611,猎聘,能源/化工/环保,化学,药物合成主管,企业职位,方盛集团,2000-5000人,,佛山,长沙-岳麓区,硕士,3-5年,12-20k·14薪,,,,https://www.liepin.com/job/1982686879.shtml,20260520090803,,,,
156612,猎聘,能源/化工/环保,化学,质量经理,企业职位,海迅极光新能源汽车部件(北京)有限公司,50-99人,,佛山,株洲-天元区,统招本科,5年以上,12-16k·18薪,,,,https://www.liepin.com/job/1982234267.shtml,20260430172614,,,,
156613,猎聘,能源/化工/环保,化学,强化工程师,企业职位,蓝思科技,10000人以上,,佛山,长沙-长沙县,大专,3-5年,8-16k,,,,https://www.liepin.com/job/1969304629.shtml,20260602115558,,,,
156614,猎聘,能源/化工/环保,化学,工艺工程师,企业职位,某长沙知名公司,1000-2000人,,佛山,长沙,硕士,3年以上,15-28k,,,,https://www.liepin.com/a/75430807.shtml,20260508180314,,,,
156615,猎聘,能源/化工/环保,化学,博士人才（应届、海归、社招）,企业职位,某知名公司,50-99人,,佛山,长沙,博士,1年以下,20-40k,,,,https://www.liepin.com/a/76040819.shtml,20260609085948,,,,
156616,猎聘,能源/化工/环保,化学,环保检测业务总监,企业职位,广电计量检测集团股份有限公司,2000-5000人,,佛山,长沙,统招本科,5-10年,10-20k,,,,https://www.liepin.com/job/1963523303.shtml,20260609082013,,,,
156617,猎聘,能源/化工/环保,化学,原料药车间主任,企业职位,一格制药,100-499人,,佛山,湘潭,统招本科,3年以上,8-12k,,,,https://www.liepin.com/job/1978293671.shtml,20260526081703,,,,
156618,猎聘,能源/化工/环保,化学,工艺工程师,企业职位,某深圳新能源公司,50-99人,,佛山,长沙,本科,5-10年,18-25k·13薪,,,,https://www.liepin.com/a/76429155.shtml,20260604180327,,,,
156619,猎聘,能源/化工/环保,化学,食品检测销售/大客户经理,企业职位,华测检测,10000人以上,,佛山,长沙-长沙县,统招本科,1-3年,6-10k·13薪,,,,https://www.liepin.com/job/1981413025.shtml,20260401112334,,,,
156620,猎聘,能源/化工/环保,化学,工艺工程师,企业职位,某国内大型机械/设备公司,1000-2000人,,佛山,长沙,本科,5-10年,12-18k·13薪,,,,https://www.liepin.com/a/76422013.shtml,20260604162602,,,,
156621,猎聘,能源/化工/环保,化学,体系合规经理,企业职位,某国内大型制药公司,1000-2000人,,佛山,岳阳,统招本科,5-10年,25-29k,,,,https://www.liepin.com/a/75657973.shtml,20260609101714,,,,
156622,猎聘,能源/化工/环保,化学,DMPK实验负责人,企业职位,湖南恒兴医药,100-499人,,佛山,长沙-岳麓区,本科,3年以上,6-8k·13薪,,,,https://www.liepin.com/job/1982987015.shtml,20260529152246,,,,
156623,猎聘,能源/化工/环保,化学,电芯材料设计工程师,企业职位,某国内大型机械/设备公司,5000-10000人,,佛山,株洲,统招本科,3-10年,15-20k,,,,https://www.liepin.com/a/75650135.shtml,20260601092823,,,,
156624,猎聘,能源/化工/环保,化学,电镀研发工程师,企业职位,湖南中伟控股集团有限公司,10000人以上,,佛山,长沙-宁乡,硕士,2年以上,15-25k·14薪,,,,https://www.liepin.com/job/1981913867.shtml,20260609091840,,,,
156625,猎聘,能源/化工/环保,化学,电池热管理系统开发,企业职位,某长沙电力/热力/燃气/水务公司,,,佛山,长沙,本科,5-10年,15-25k·15薪,,,,https://www.liepin.com/a/75917549.shtml,20260604164151,,,,
156626,猎聘,能源/化工/环保,化学,试剂生产技术员,企业职位,湖南超亟检测技术有限责任公司,50-99人,,佛山,长沙-岳麓区,大专,1-3年,4-5k,,,,https://www.liepin.com/job/1982643527.shtml,20260519094807,,,,
156627,猎聘,能源/化工/环保,化学,导热胶黏剂研发高级工程师,企业职位,株洲飞鹿高新材料技术股份有限公司,1000-2000人,,佛山,株洲,本科,8年以上,15-25k·15薪,,,,https://www.liepin.com/job/1982416653.shtml,20260514084231,,,,
156628,猎聘,能源/化工/环保,化学,博士（硅负极）,企业职位,湖南中科星城石墨有限公司,2000-5000人,,佛山,长沙-宁乡,博士,经验不限,22-25k·15薪,,,,https://www.liepin.com/job/1982444055.shtml,20260512091836,,,,
156629,猎聘,能源/化工/环保,化学,研发工程师（复合调味品方向）,企业职位,某国内食品/饮料/酒水公司,100-499人,,佛山,长沙,本科,经验不限,15-25k,,,,https://www.liepin.com/a/74655173.shtml,20260609093506,,,,
156630,猎聘,能源/化工/环保,化学,材料研发工程师（硬碳方向）,企业职位,湖南中科星城石墨有限公司,2000-5000人,,佛山,长沙-宁乡,硕士,经验不限,10-15k·15薪,,,,https://www.liepin.com/job/1980263433.shtml,20260210091308,,,,
156631,猎聘,能源/化工/环保,化学,外贸经理（食品日化原料）,企业职位,湖南先伟实业有限公司,100-499人,,佛山,长沙-雨花区,本科,3-5年,10-20k·13薪,,,,https://www.liepin.com/job/1953435591.shtml,20260529151641,,,,
156632,猎聘,能源/化工/环保,化学,小核酸方向高级科学家,企业职位,某国内制药公司,100-499人,,佛山,长沙,博士,3-5年,30-60k,,,,https://www.liepin.com/a/75462159.shtml,20260513181003,,,,
156633,猎聘,能源/化工/环保,化学,水处理工程师,企业职位,湖南三安半导体有限责任公司,1000-2000人,,佛山,长沙-岳麓区,本科,5年以上,10-12k,,,,https://www.liepin.com/job/1964768229.shtml,20260603112231,,,,
156634,猎聘,能源/化工/环保,化学,资深产品经理,企业职位,某知名医疗器械上市公司,2000-5000人,,佛山,长沙,统招本科,5-10年,25-35k·15薪,,,,https://www.liepin.com/a/73567665.shtml,20260609094613,,,,
156635,猎聘,能源/化工/环保,化学,总经理,企业职位,某制药公司,500-999人,,佛山,常德,本科,10年以上,50-70k,,,,https://www.liepin.com/a/76103201.shtml,20260609084022,,,,
156636,猎聘,能源/化工/环保,化学,储能电芯材料设计工程师,企业职位,某大型知名整车制造公司,10000人以上,,佛山,长沙,硕士,3年以上,20-40k,,,,https://www.liepin.com/a/76303715.shtml,20260602144856,,,,
156637,猎聘,能源/化工/环保,化学,汽车工艺/制程工程师（可接受2026应届毕业生）,企业职位,某大型世界500强整车制造公司,10000人以上,,佛山,株洲,统招本科,经验不限,5-10k·13薪,,,,https://www.liepin.com/a/76238459.shtml,20260608111722,,,,
156638,猎聘,能源/化工/环保,化学,高级科学家（小核酸）,企业职位,某国内制药公司,100-499人,,佛山,长沙,硕士,3-5年,35-45k·13薪,,,,https://www.liepin.com/a/75620981.shtml,20260605134445,,,,
156639,猎聘,能源/化工/环保,化学,多肽合成研究员,企业职位,一格制药,100-499人,,佛山,长沙-岳麓区,硕士,3年以上,10-20k,,,,https://www.liepin.com/job/1981452333.shtml,20260526081656,,,,
156640,猎聘,能源/化工/环保,化学,半导体工艺工程师（立式炉）,企业职位,湖南红太阳光电科技有限公司,1000-2000人,,佛山,长沙-岳麓区,统招本科,3年以上,10-20k·14薪,,,,https://www.liepin.com/job/1973712567.shtml,20260604102158,,,,
156641,猎聘,能源/化工/环保,化学,工艺工程师,企业职位,某知名公司,10000人以上,,佛山,株洲,学历不限,经验不限,6-11k·15薪,,,,https://www.liepin.com/a/76215139.shtml,20260603133733,,,,
156642,猎聘,能源/化工/环保,化学,质量体系中级工程师,企业职位,中伟新材料股份有限公司,5000-10000人,,佛山,长沙-宁乡,本科,5年以上,15-20k·14薪,,,,https://www.liepin.com/job/1982835161.shtml,20260525155137,,,,
156643,猎聘,能源/化工/环保,化学,AIDD药物研发总监,企业职位,某长沙大型制药公司,5000-10000人,,佛山,长沙,博士,5-10年,65-70k,,,,https://www.liepin.com/a/75756815.shtml,20260609104326,,,,
156644,猎聘,能源/化工/环保,化学,原料药研发博士,企业职位,九典制药,1000-2000人,,佛山,长沙-岳麓区,博士,3-5年,30-60k,,,,https://www.liepin.com/job/1956151747.shtml,20260609163634,,,,
156645,猎聘,能源/化工/环保,化学,生产厂长（药品）,企业职位,湖南先伟实业有限公司,100-499人,,佛山,湘西,统招本科,3-5年,20-35k·13薪,,,,https://www.liepin.com/job/1933029251.shtml,20260529151641,,,,
156646,猎聘,能源/化工/环保,化学,涂料研发工程师（技术服务工程师）,企业职位,株洲飞鹿高新材料技术股份有限公司,1000-2000人,,佛山,株洲,本科,6年以上,9-15k·14薪,,,,https://www.liepin.com/job/1960542489.shtml,20260509091346,,,,
156647,猎聘,能源/化工/环保,化学,水处理膜应用技术总监,企业职位,某国内环保公司,100-499人,,佛山,株洲,统招本科,10年以上,20-40k·13薪,,,,https://www.liepin.com/a/73626249.shtml,20260608085722,,,,
156648,猎聘,能源/化工/环保,化学,化药分析主管（大厂 待遇好）,企业职位,方盛集团,2000-5000人,,佛山,长沙-岳麓区,硕士,3-5年,9-14k·14薪,,,,https://www.liepin.com/job/1982455561.shtml,20260512115356,,,,
156649,猎聘,能源/化工/环保,化学,检验中心主任（原料药）,企业职位,某国内制药公司,100-499人,,佛山,邵阳,学历不限,经验不限,13-21k,,,,https://www.liepin.com/a/76041083.shtml,20260603161848,,,,
156650,猎聘,能源/化工/环保,化学,内外饰工程师,企业职位,某长沙大型机械/设备公司,5000-10000人,,佛山,长沙,本科,5-10年,11-18k·15薪,,,,https://www.liepin.com/a/75765675.shtml,20260609095324,,,,
156651,猎聘,能源/化工/环保,化学,助理研发工程师,企业职位,湖南毅华新能源有限公司,1-49人,,佛山,长沙-长沙县,统招本科,1年以上,6-10k,,,,https://www.liepin.com/job/1977623313.shtml,20260527150454,,,,
156652,猎聘,能源/化工/环保,化学,工艺/制程工程师(PE),企业职位,某长沙大型新能源公司,1000-2000人,,佛山,长沙,本科,经验不限,20-35k,,,,https://www.liepin.com/a/73314303.shtml,20260518160753,,,,
156653,猎聘,能源/化工/环保,化学,质管总监,企业职位,某国内制药公司,100-499人,,佛山,邵阳,本科,1-3年,40-60k,,,,https://www.liepin.com/a/76065711.shtml,20260609214904,,,,
156654,猎聘,能源/化工/环保,化学,热管理工程师,企业职位,某长沙电力/热力/燃气/水务公司,,,佛山,长沙,统招本科,经验不限,16-20k·15薪,,,,https://www.liepin.com/a/74695379.shtml,20260513100447,,,,
156655,猎聘,能源/化工/环保,化学,激光工程师,企业职位,蓝思科技,10000人以上,,佛山,长沙-长沙县,大专,1-3年,9-14k,,,,https://www.liepin.com/job/1960460123.shtml,20260602115603,,,,
156656,猎聘,能源/化工/环保,化学,高级刻蚀专家,企业职位,某深圳电气机械/器材公司,100-499人,,佛山,长沙-浏阳,本科,10年以上,100-130k,,,,https://www.liepin.com/a/76104677.shtml,20260527112922,,,,
156657,猎聘,能源/化工/环保,化学,研发工程师-碳化硅纤维,企业职位,泽睿新材料,100-499人,,佛山,长沙-岳麓区,硕士,5-10年,15-25k,,,,https://www.liepin.com/job/1981011715.shtml,20260317160423,,,,
156658,猎聘,能源/化工/环保,化学,研发工程师,企业职位,某国内食品/饮料/酒水公司,100-499人,,佛山,长沙,本科,3-5年,25-30k,,,,https://www.liepin.com/a/74308913.shtml,20260601091006,,,,
156659,猎聘,能源/化工/环保,化学,CVD工艺工程师,企业职位,某长沙大型新能源公司,1000-2000人,,佛山,长沙,本科,3-5年,15-30k,,,,https://www.liepin.com/a/75639671.shtml,20260605150238,,,,
156660,猎聘,能源/化工/环保,化学,化合物制备实验员,企业职位,一格制药,100-499人,,佛山,长沙-岳麓区,统招本科,1-3年,6-8k,,,,https://www.liepin.com/job/1980675395.shtml,20260526081656,,,,
156661,猎聘,能源/化工/环保,化学,工艺工程师,企业职位,某深圳通信设备上市公司,10000人以上,,佛山,益阳,学历不限,经验不限,15-25k,,,,https://www.liepin.com/a/75637073.shtml,20260513165326,,,,
156662,猎聘,能源/化工/环保,化学,化成箔工艺专家 ,企业职位,某国内电子/半导体/集成电路上市公司,5000-10000人,,佛山,益阳,学历不限,10年以上,25-40k·14薪,,,,https://www.liepin.com/a/75415413.shtml,20260603151702,,,,
156663,猎聘,能源/化工/环保,化学,项目管理工程师,企业职位,立方新能源,1000-2000人,,佛山,株洲-天元区,本科,1-3年,7-12k,,,,https://www.liepin.com/job/1982894165.shtml,20260527084313,,,,
156664,猎聘,能源/化工/环保,化学,销售管培生-校招,企业职位,圣湘生物科技股份有限公司,2000-5000人,,佛山,长沙-岳麓区,本科,经验不限,5-8k·16薪,,,,https://www.liepin.com/job/1981357251.shtml,20260330163727,,,,
156665,猎聘,能源/化工/环保,化学,涂装工艺工程师,企业职位,某长沙机械/设备上市公司,10000人以上,,佛山,长沙,统招本科,5-10年,15-20k,,,,https://www.liepin.com/a/73371265.shtml,20260609082908,,,,
156666,猎聘,能源/化工/环保,化学,SQE工程师,企业职位,海迅极光新能源汽车部件(北京)有限公司,50-99人,,佛山,株洲-天元区,统招本科,3-5年,8-14k,,,,https://www.liepin.com/job/1983135887.shtml,20260604094319,,,,
156667,猎聘,能源/化工/环保,化学,刻蚀工艺工程师,企业职位,某长沙机械/设备公司,50-99人,,佛山,长沙,学历不限,3-5年,30-50k,,,,https://www.liepin.com/a/75558475.shtml,20260604174934,,,,
156668,猎聘,能源/化工/环保,化学,基础研究负责人（原料负责人）,企业职位,某长沙电子商务上市公司,2000-5000人,,佛山,长沙,本科,3-5年,40-70k,,,,https://www.liepin.com/a/76426813.shtml,20260604172754,,,,
156669,猎聘,能源/化工/环保,化学,销售经理,企业职位,某国内新材料公司,100-499人,,佛山,株洲,本科,3-5年,15-25k,,,,https://www.liepin.com/a/74421677.shtml,20260521145948,,,,
156670,猎聘,能源/化工/环保,化学,正极材料评估工程师,企业职位,五矿新能源材料(湖南)股份有限公司,2000-5000人,,佛山,长沙-望城区,本科,3-5年,20-40k,,,,https://www.liepin.com/job/1962759499.shtml,20250821100159,,,,
156671,猎聘,能源/化工/环保,化学,镀膜工艺工程师,企业职位,苏州铠欣半导体科技有限公司,100-499人,,佛山,益阳-赫山区,大专,5-10年,10-16k,,,,https://www.liepin.com/job/1965819009.shtml,20260604130825,,,,
156672,猎聘,能源/化工/环保,化学,化药分析研究员（上市公司）,企业职位,方盛集团,2000-5000人,,佛山,长沙-岳麓区,本科,1-3年,7-10k·13薪,,,,https://www.liepin.com/job/1983003121.shtml,20260530105637,,,,
156673,猎聘,能源/化工/环保,化学,实验员,企业职位,瓴峰仪器,1-49人,,佛山,长沙-岳麓区,本科,1-3年,5-6k,,,,https://www.liepin.com/job/1972275687.shtml,20260417085839,,,,
156674,猎聘,能源/化工/环保,化学,体系合规经理,企业职位,某知名制药上市公司,10000人以上,,佛山,岳阳,学历不限,10年以上,20-30k,,,,https://www.liepin.com/a/75197383.shtml,20260429161844,,,,
156675,猎聘,能源/化工/环保,化学,产品线负责人/市场产品经理,企业职位,某长沙医疗器械上市公司,2000-5000人,,佛山,长沙,本科,经验不限,20-30k,,,,https://www.liepin.com/a/76399203.shtml,20260604104859,,,,
156676,猎聘,能源/化工/环保,化学,研发总监,企业职位,湖南先伟实业有限公司,100-499人,,佛山,长沙-长沙县,硕士,5年以上,25-45k,,,,https://www.liepin.com/job/1967816015.shtml,20260529151641,,,,
156677,猎聘,能源/化工/环保,化学,蜂窝材料工程师（芳纶纸）,企业职位,光启技术,2000-5000人,,佛山,株洲-天元区,统招本科,经验不限,7-12k,,,,https://www.liepin.com/job/1977190347.shtml,20250912155640,,,,
156678,猎聘,能源/化工/环保,化学,实验室仪器销售经理,企业职位,湖南华思仪器有限公司,50-99人,,佛山,长沙-岳麓区,大专,3-5年,6-15k,,,,https://www.liepin.com/job/1982815097.shtml,20260601114657,,,,
156679,猎聘,能源/化工/环保,化学,质量经理,企业职位,方盛集团,2000-5000人,,佛山,长沙-望城区,统招本科,5-10年,13-20k·13薪,,,,https://www.liepin.com/job/1945963313.shtml,20260609095855,,,,
156680,猎聘,能源/化工/环保,化学,高级QA经理,企业职位,某国内大型制药公司,1000-2000人,,佛山,岳阳,统招本科,10年以上,27-28k,,,,https://www.liepin.com/a/75658207.shtml,20260609101714,,,,
156681,猎聘,能源/化工/环保,化学,生产总监/副总,企业职位,某大型知名制药公司,10000人以上,,佛山,岳阳,统招本科,10年以上,40-50k,,,,https://www.liepin.com/a/74429321.shtml,20260602092708,,,,
156682,猎聘,能源/化工/环保,化学,制剂分析员（化药，固体制剂，双一流以上学历）,企业职位,某长沙大型制药公司,1000-2000人,,佛山,长沙-浏阳,本科,3-5年,8-10k·13薪,,,,https://www.liepin.com/a/76177683.shtml,20260609091352,,,,
156683,猎聘,能源/化工/环保,化学,质量经理（株洲厂）,企业职位,海迅极光新能源汽车部件(北京)有限公司,50-99人,,佛山,株洲-天元区,统招本科,10年以上,11-22k,,,,https://www.liepin.com/job/1983102379.shtml,20260603112446,,,,
156684,猎聘,能源/化工/环保,化学,聚酰亚胺材料研发工程师,企业职位,湖南高瑞电源材料有限公司,100-499人,,佛山,长沙-岳麓区,硕士,3年以上,9-18k,,,,https://www.liepin.com/job/1982873993.shtml,20260526145155,,,,
156685,猎聘,能源/化工/环保,化学,检验中心主任（经理）,企业职位,蓝河营养品有限公司,500-999人,,佛山,长沙-望城区,本科,5-10年,17-25k·13薪,,,,https://www.liepin.com/job/1981386215.shtml,20260331165223,,,,
156686,猎聘,能源/化工/环保,化学,体系合规经理,企业职位,某大型知名制药公司,10000人以上,,佛山,长沙,学历不限,3-5年,15-30k,,,,https://www.liepin.com/a/75216549.shtml,20260609134123,,,,
156687,猎聘,能源/化工/环保,化学,高级刻蚀专家,企业职位,某深圳电气机械/器材公司,100-499人,,佛山,长沙-浏阳,本科,10年以上,100-130k,,,,https://www.liepin.com/a/76104611.shtml,20260527112832,,,,
156688,猎聘,能源/化工/环保,化学,药学子公司总经理（仿制药制剂研发）,企业职位,某长沙制药公司,100-499人,,佛山,长沙,硕士,10年以上,50-80k,,,,https://www.liepin.com/a/75904543.shtml,20260521114530,,,,
156689,猎聘,能源/化工/环保,化学,储能电芯材料设计工程师,企业职位,某国内大型机械/设备公司,5000-10000人,,佛山,株洲,本科,5-10年,12-24k·15薪,,,,https://www.liepin.com/a/75707677.shtml,20260515113345,,,,
156690,猎聘,能源/化工/环保,化学,工艺工程师 （立式炉、卧式炉）,企业职位,某长沙大型新能源公司,1000-2000人,,佛山,长沙,学历不限,5-10年,20-35k·14薪,,,,https://www.liepin.com/a/75862263.shtml,20260520122112,,,,
156691,猎聘,能源/化工/环保,化学,电池热管理系统开发,企业职位,某知名机械/机电/重工上市公司,10000人以上,,佛山,长沙,本科,经验不限,25-35k·15薪,,,,https://www.liepin.com/a/76002697.shtml,20260525111356,,,,
156692,猎聘,能源/化工/环保,化学,可靠性工程师,猎头职位,某东莞人力资源服务公司,50-99人,,佛山,长沙,统招本科,1-3年,20-40k·15薪,,,,https://www.liepin.com/a/74876115.shtml,20260608142638,,,,
156693,猎聘,能源/化工/环保,化学,电芯产品系统设计高级工程师,猎头职位,某知名公司,5000-10000人,,佛山,株洲,硕士,5年以上,25-35k,,,,https://www.liepin.com/a/74800081.shtml,20260419161113,,,,
156694,猎聘,能源/化工/环保,化学,高级QA经理,猎头职位,某成都大型制药公司,10000人以上,,佛山,岳阳,学历不限,10年以上,20-30k,,,,https://www.liepin.com/a/75603431.shtml,20260604091302,,,,
156695,猎聘,能源/化工/环保,化学,电芯材料设计工程师(电解液),猎头职位,某知名公司,5000-10000人,,佛山,株洲,硕士,5年以上,25-35k,,,,https://www.liepin.com/a/74800069.shtml,20260419160942,,,,
156696,猎聘,能源/化工/环保,化学,研发工程师,猎头职位,某大型知名新材料公司,1000-2000人,,佛山,长沙,本科,3-5年,24-35k·15薪,,,,https://www.liepin.com/a/73319547.shtml,20260312175740,,,,
156697,猎聘,能源/化工/环保,化学,高级QA经理（国际GMP方向）,猎头职位,某国内大型制药公司,1000-2000人,,佛山,岳阳,统招本科,经验不限,20-30k·16薪,,,,https://www.liepin.com/a/75496609.shtml,20260603094921,,,,
156698,猎聘,能源/化工/环保,化学,生信工程师,猎头职位,某知名公司,50-99人,,佛山,长沙,博士,3-5年,40-60k·14薪,,,,https://www.liepin.com/a/75660709.shtml,20260609091253,,,,
156699,猎聘,能源/化工/环保,化学,质量总监,猎头职位,某国内制药公司,2000-5000人,,佛山,岳阳,本科,10年以上,40-65k·15薪,,,,https://www.liepin.com/a/75869427.shtml,20260520155038,,,,
156700,猎聘,能源/化工/环保,化学,生产总监,猎头职位,某国内制药公司,50-99人,,佛山,长沙,本科,5-10年,15-30k,,,,https://www.liepin.com/a/75233077.shtml,20260430162510,,,,
156701,猎聘,能源/化工/环保,化学,生信高级科学家,猎头职位,某国内制药公司,100-499人,,佛山,长沙,硕士,1-3年,30-50k,,,,https://www.liepin.com/a/75550323.shtml,20260609084152,,,,
156702,猎聘,能源/化工/环保,化学,固体制剂工艺专家,猎头职位,某长沙制药公司,,,佛山,长沙-宁乡,学历不限,5-10年,21-30k,,,,https://www.liepin.com/a/74843037.shtml,20260513160036,,,,
156703,猎聘,能源/化工/环保,化学,质量部-QC 主任（副经理/经理）,猎头职位,某成都大型专业技术服务公司,5000-10000人,,佛山,岳阳,统招本科,5年以上,20-40k,,,,https://www.liepin.com/a/75211565.shtml,20260515095937,,,,
156704,猎聘,能源/化工/环保,化学,生物分析子公司总经理,猎头职位,某长沙制药公司,100-499人,,佛山,长沙,本科,5-10年,30-40k,,,,https://www.liepin.com/a/75865213.shtml,20260520135218,,,,
156705,猎聘,能源/化工/环保,化学,体系合规经理/副总监,猎头职位,某国内制药公司,2000-5000人,,佛山,岳阳,本科,8-10年,26-40k·15薪,,,,https://www.liepin.com/a/75871409.shtml,20260520155239,,,,
156706,猎聘,能源/化工/环保,化学,验证技术经理,猎头职位,某国内制药公司,2000-5000人,,佛山,岳阳,本科,5-10年,20-35k·15薪,,,,https://www.liepin.com/a/75775541.shtml,20260520155432,,,,
156707,猎聘,能源/化工/环保,化学,刻蚀工艺工程师,猎头职位,某长沙机械/设备公司,50-99人,,佛山,长沙,本科,3年以上,35-40k,,,,https://www.liepin.com/a/72498707.shtml,20260521100208,,,,
156708,猎聘,能源/化工/环保,化学,MLCC研发,猎头职位,某国内大型金属制品公司,5000-10000人,,佛山,益阳,学历不限,5-10年,30-40k,,,,https://www.liepin.com/a/74869509.shtml,20260421102950,,,,
156709,猎聘,能源/化工/环保,化学,QA经理/主任,猎头职位,某国内制药公司,2000-5000人,,佛山,岳阳,本科,10年以上,20-35k·13薪,,,,https://www.liepin.com/a/75871825.shtml,20260520155727,,,,
156710,猎聘,能源/化工/环保,化学,高速高频覆铜板研发技术负责人,猎头职位,某国内新材料公司,100-499人,,佛山,株洲,学历不限,5-10年,30-55k·14薪,,,,https://www.liepin.com/a/74842757.shtml,20260526102416,,,,
156711,猎聘,能源/化工/环保,化学,刻蚀工艺工程师,猎头职位,某长沙机械/设备公司,50-99人,,佛山,长沙,本科,3年以上,30-40k,,,,https://www.liepin.com/a/72660347.shtml,20260521100208,,,,
156712,猎聘,能源/化工/环保,化学,热管理工程师,猎头职位,某长沙机械/设备上市公司,10000人以上,,佛山,长沙,硕士,5年以上,20-30k·13薪,,,,https://www.liepin.com/a/75043745.shtml,20260529100520,,,,
156713,猎聘,能源/化工/环保,化学,研发中心主任岗位,猎头职位,某国内知名公司,5000-10000人,,佛山,株洲,硕士,8年以上,50-80k·15薪,,,,https://www.liepin.com/a/76376147.shtml,20260606164208,,,,
156714,猎聘,能源/化工/环保,化学,高级产品经理,猎头职位,某知名医疗器械公司,2000-5000人,,佛山,长沙,统招本科,经验不限,20-40k·15薪,,,,https://www.liepin.com/a/73568801.shtml,20260512170818,,,,
156715,猎聘,能源/化工/环保,化学,工艺工程师（圆柱）,猎头职位,某深圳新能源公司,50-99人,,佛山,长沙,本科,3-10年,13-18k,,,,https://www.liepin.com/a/76476773.shtml,20260605214054,,,,
156716,猎聘,能源/化工/环保,化学,水处理膜应用技术总监,猎头职位,某国内环保公司,100-499人,,佛山,长沙,本科,5-10年,30-45k·15薪,,,,https://www.liepin.com/a/74188281.shtml,20260609152940,,,,
156717,猎聘,能源/化工/环保,化学,供应链质量负责人（滋补/食品）,猎头职位,某长沙大型电子商务公司,1000-2000人,,佛山,长沙,学历不限,5-10年,15-30k,,,,https://www.liepin.com/a/75261275.shtml,20260519155522,,,,
156718,猎聘,能源/化工/环保,化学,原料药总经理,猎头职位,某长沙制药上市公司,2000-5000人,,佛山,长沙,本科,10年以上,50-80k,,,,https://www.liepin.com/a/76090197.shtml,20260527090011,,,,
156719,猎聘,能源/化工/环保,化学,质量部-体系合规经理,猎头职位,某国内大型制药公司,1000-2000人,,佛山,长沙,本科,5-10年,30-60k,,,,https://www.liepin.com/a/75223005.shtml,20260609164117,,,,
156720,猎聘,能源/化工/环保,化学,工艺工程师(半导体HDPCVD/pecvd),猎头职位,某长沙大型新能源公司,1000-2000人,,佛山,长沙,硕士,3-5年,20-40k·16薪,,,,https://www.liepin.com/a/76478989.shtml,20260606092521,,,,
156721,猎聘,能源/化工/环保,化学,AIDD,猎头职位,某国内制药公司,100-499人,,佛山,长沙,统招本科,经验不限,30-50k·13薪,,,,https://www.liepin.com/a/75726713.shtml,20260609100237,,,,
156722,猎聘,能源/化工/环保,化学,半导体工艺工程师,猎头职位,某电子/半导体/集成电路公司,,,佛山,长沙,硕士,5年以上,25-50k,,,,https://www.liepin.com/a/75616005.shtml,20260513114742,,,,
156723,猎聘,能源/化工/环保,化学,高级QA经理,猎头职位,某国内大型制药公司,1000-2000人,,佛山,长沙,本科,10年以上,20-25k,,,,https://www.liepin.com/a/75219529.shtml,20260608155841,,,,
156724,猎聘,能源/化工/环保,化学,产品认证工程师,猎头职位,某国内新材料公司,100-499人,,佛山,株洲,统招本科,1-3年,12-22k·14薪,,,,https://www.liepin.com/a/74842381.shtml,20260526102416,,,,
156725,猎聘,能源/化工/环保,化学,生产总监,猎头职位,某国内制药公司,50-99人,,佛山,长沙-浏阳,本科,5-10年,20-30k,,,,https://www.liepin.com/a/75403453.shtml,20260609082818,,,,
156726,猎聘,能源/化工/环保,化学,【体系合规经理】40w内，【某千亿市值医药集团】要求统招本科，无菌制剂方向，有过欧美认证经验，base湖南,猎头职位,某知名制药上市公司,500-999人,,佛山,岳阳,本科,10年以上,25-35k,,,,https://www.liepin.com/a/75591007.shtml,20260512175714,,,,
156727,猎聘,能源/化工/环保,化学,质管总监,猎头职位,某国内制药公司,100-499人,,佛山,邵阳,统招本科,经验不限,25-40k,,,,https://www.liepin.com/a/76041159.shtml,20260526090649,,,,
156728,猎聘,能源/化工/环保,化学,高级QA经理,猎头职位,某知名制药上市公司,10000人以上,,佛山,岳阳,学历不限,5-10年,20-30k,,,,https://www.liepin.com/a/75197531.shtml,20260429162039,,,,
156729,猎聘,能源/化工/环保,化学,工艺经理,猎头职位,某国内环保公司,100-499人,,佛山,株洲,本科,3-5年,9-14k·14薪,,,,https://www.liepin.com/a/75855769.shtml,20260520104935,,,,
156730,猎聘,能源/化工/环保,化学,教师,猎头职位,某知名公司,100-499人,,佛山,长沙,学历不限,经验不限,15-30k,,,,https://www.liepin.com/a/73535139.shtml,20260318113041,,,,
156731,猎聘,能源/化工/环保,化学,质量部-高级QA经理,猎头职位,某国内大型制药公司,1000-2000人,,佛山,长沙,本科,3-5年,20-40k,,,,https://www.liepin.com/a/75224653.shtml,20260609164117,,,,
156732,猎聘,能源/化工/环保,化学,工艺工程师,猎头职位,某知名公司,500-999人,,佛山,株洲,统招本科,经验不限,7-9k·15薪,,,,https://www.liepin.com/a/76214087.shtml,20260529164841,,,,
156733,猎聘,能源/化工/环保,化学,质量总监（GMP）,猎头职位,某国内制药公司,100-499人,,佛山,湘潭,统招本科,10年以上,25-35k·13薪,,,,https://www.liepin.com/a/75953479.shtml,20260609175659,,,,
156734,猎聘,能源/化工/环保,化学,AIDD高级科学家,猎头职位,某国内制药公司,100-499人,,佛山,长沙,博士,10年以上,40-70k,,,,https://www.liepin.com/a/75461887.shtml,20260509143417,,,,
156735,猎聘,能源/化工/环保,化学,配方研究-工程师,猎头职位,某国内新材料公司,100-499人,,佛山,株洲,本科,3年以上,15-30k·14薪,,,,https://www.liepin.com/a/74543465.shtml,20260413103258,,,,
156736,猎聘,能源/化工/环保,化学,质量部部长,猎头职位,某北京整车制造公司,50-99人,,佛山,株洲,统招本科,6年以上,20-40k,,,,https://www.liepin.com/a/74887941.shtml,20260609143612,,,,
156737,猎聘,能源/化工/环保,化学,内外饰工程师,猎头职位,某长沙批发/零售公司,,,佛山,长沙,学历不限,5-10年,11-18k,,,,https://www.liepin.com/a/73822669.shtml,20260529092207,,,,
156738,猎聘,能源/化工/环保,化学,工艺工程师,猎头职位,某深圳新能源公司,50-99人,,佛山,长沙-岳麓区,本科,1-3年,15-25k,,,,https://www.liepin.com/a/76552251.shtml,20260609082912,,,,
156739,猎聘,能源/化工/环保,化学,工艺工程师,猎头职位,某深圳新能源公司,50-99人,,佛山,长沙-岳麓区,本科,经验不限,15-25k,,,,https://www.liepin.com/a/65061563.shtml,20260608141008,,,,
156740,猎聘,能源/化工/环保,化学,流延工艺/制程工程师(资深),猎头职位,某国内知名非金属矿物制品公司,1000-2000人,,佛山,长沙,本科,5年以上,20-35k·13薪,,,,https://www.liepin.com/a/75692183.shtml,20260602085107,,,,
156741,猎聘,能源/化工/环保,化学,高级QA经理,猎头职位,某大型知名制药公司,10000人以上,,佛山,岳阳,学历不限,3-5年,15-30k,,,,https://www.liepin.com/a/75216647.shtml,20260609134123,,,,
156742,猎聘,能源/化工/环保,化学,质管总监,猎头职位,某国内制药公司,100-499人,,佛山,邵阳,统招本科,10年以上,25-30k,,,,https://www.liepin.com/a/76060771.shtml,20260526133730,,,,
156743,猎聘,能源/化工/环保,化学,固态电池工艺工程师,猎头职位,某长沙机械/设备上市公司,10000人以上,,佛山,长沙,统招本科,3年以上,18-25k,,,,https://www.liepin.com/a/74603927.shtml,20260414104718,,,,
156744,猎聘,能源/化工/环保,化学,博士,猎头职位,某公司,1-49人,,佛山,长沙,博士,1-3年,20-35k·15薪,,,,https://www.liepin.com/a/73854085.shtml,20260325103352,,,,
156745,猎聘,能源/化工/环保,化学,检验中心主任,猎头职位,某国内制药公司,100-499人,,佛山,邵阳,统招本科,10年以上,10-13k,,,,https://www.liepin.com/a/76060581.shtml,20260526153022,,,,
156746,猎聘,能源/化工/环保,化学,品类经理,猎头职位,某大型集团公司,10000人以上,,佛山,长沙,本科,5-10年,25-35k·15薪,,,,https://www.liepin.com/a/75038089.shtml,20260424152119,,,,
156747,猎聘,能源/化工/环保,化学,高级QA经理,猎头职位,某国内大型制药公司,1000-2000人,,佛山,长沙,统招本科,经验不限,20-25k,,,,https://www.liepin.com/a/75576379.shtml,20260609101532,,,,
156748,猎聘,能源/化工/环保,化学,涂装技术质量工程师,猎头职位,某大型整车制造公司,10000人以上,,佛山,株洲,学历不限,3-5年,8-12k,,,,https://www.liepin.com/a/75326275.shtml,20260512163317,,,,
156749,猎聘,能源/化工/环保,化学,工艺工程师(半导体HDPCVD/pecvd),猎头职位,某长沙大型新能源公司,1000-2000人,,佛山,长沙,硕士,3-5年,13-25k·16薪,,,,https://www.liepin.com/a/74645043.shtml,20260414223142,,,,
156750,猎聘,能源/化工/环保,化学,固态电池工艺工程师,猎头职位,某长沙机械/设备上市公司,10000人以上,,佛山,长沙,统招本科,3年以上,20-40k·15薪,,,,https://www.liepin.com/a/75079003.shtml,20260427103009,,,,
156751,猎聘,能源/化工/环保,化学,化学品营业担当(170842) 日语必须,猎头职位,某批发/零售公司,100-499人,,佛山,长沙-岳麓区,统招本科,1年以上,8-12k·14薪,,,,https://www.liepin.com/a/73319299.shtml,20260312175325,,,,
156752,猎聘,能源/化工/环保,化学,小核酸方向高级科学家,猎头职位,某国内制药公司,100-499人,,佛山,株洲,博士,经验不限,25-50k,,,,https://www.liepin.com/a/75430253.shtml,20260609114428,,,,
156753,猎聘,能源/化工/环保,化学,高级建筑工程师,猎头职位,某长沙工程管理/勘察/监理公司,50-99人,,佛山,长沙,大专,1-3年,9-10k,,,,https://www.liepin.com/a/75822257.shtml,20260605095308,,,,
156754,猎聘,能源/化工/环保,化学,药理部高级科学家（毒理安评方向）,猎头职位,某国内制药公司,100-499人,,佛山,长沙-岳麓区,博士,3-5年,28-45k·13薪,,,,https://www.liepin.com/a/72796415.shtml,20260609084152,,,,
156755,猎聘,能源/化工/环保,化学,体系合规经理,猎头职位,某国内大型制药公司,1000-2000人,,佛山,岳阳,统招本科,5-10年,20-40k,,,,https://www.liepin.com/a/76531399.shtml,20260608152355,,,,
156756,猎聘,能源/化工/环保,化学,烧结工艺工程师（资深）,猎头职位,某国内知名非金属矿物制品公司,1000-2000人,,佛山,娄底,本科,5年以上,18-28k,,,,https://www.liepin.com/a/75695183.shtml,20260602085137,,,,
156757,猎聘,能源/化工/环保,化学,电镀工艺工程师（资深）,猎头职位,某国内知名非金属矿物制品公司,1000-2000人,,佛山,娄底,本科,10年以上,18-28k·13薪,,,,https://www.liepin.com/a/75695393.shtml,20260602085122,,,,
156758,猎聘,能源/化工/环保,化学,小核酸高级科学家,猎头职位,某国内制药公司,100-499人,,佛山,株洲,硕士,1-3年,30-50k,,,,https://www.liepin.com/a/75550125.shtml,20260609084152,,,,
156759,猎聘,能源/化工/环保,化学,固态电池工艺工程师,猎头职位,某长沙机械/设备上市公司,10000人以上,,佛山,长沙,硕士,5-10年,20-25k·15薪,,,,https://www.liepin.com/a/75293185.shtml,20260506141131,,,,
156760,猎聘,能源/化工/环保,化学,研发工程师（复合调味品方向）,猎头职位,某国内食品/饮料/酒水公司,100-499人,,佛山,长沙,统招本科,经验不限,12-20k,,,,https://www.liepin.com/a/74925395.shtml,20260609160623,,,,
156761,猎聘,能源/化工/环保,化学,生产总监,猎头职位,某国内制药公司,50-99人,,佛山,长沙-浏阳,统招本科,3-5年,15-30k,,,,https://www.liepin.com/a/75230185.shtml,20260430153933,,,,
156762,猎聘,能源/化工/环保,化学,热管理工程师,猎头职位,某长沙电力/热力/燃气/水务公司,,,佛山,长沙,统招本科,3-5年,20-35k,,,,https://www.liepin.com/a/75848069.shtml,20260609095253,,,,
156763,猎聘,能源/化工/环保,化学,电池PACK零部件质量部部长（国Q，汽车电池业务分公司）,猎头职位,某北京整车制造公司,50-99人,,佛山,株洲,统招本科,5-10年,20-40k,,,,https://www.liepin.com/a/74817247.shtml,20260420110409,,,,
156764,猎聘,能源/化工/环保,化学,工艺工程师 （立式炉、卧式炉）,猎头职位,某长沙大型新能源公司,1000-2000人,,佛山,长沙,学历不限,5-10年,20-35k·14薪,,,,https://www.liepin.com/a/74104319.shtml,20260331213057,,,,
156765,猎聘,能源/化工/环保,化学,成型工艺工程师（资深）,猎头职位,某国内知名非金属矿物制品公司,1000-2000人,,佛山,娄底,本科,5年以上,18-30k,,,,https://www.liepin.com/a/75695081.shtml,20260602085152,,,,
156766,猎聘,能源/化工/环保,化学,工艺工程师,猎头职位,某知名公司,10000人以上,,佛山,湘潭,统招本科,3-5年,12-20k·13薪,,,,https://www.liepin.com/a/74669489.shtml,20260415134904,,,,
156767,猎聘,能源/化工/环保,化学,工艺工程师（先进封装）,猎头职位,某长沙大型新能源公司,1000-2000人,,佛山,长沙,统招本科,5年以上,15-25k,,,,https://www.liepin.com/a/73419705.shtml,20260316131848,,,,
156768,猎聘,能源/化工/环保,化学,材料工程师（橡胶配方/塑料材料）,猎头职位,某国内知名上市公司,2000-5000人,,佛山,株洲,统招本科,3-5年,15-20k·15薪,,,,https://www.liepin.com/a/75962833.shtml,20260522163318,,,,
156769,猎聘,能源/化工/环保,化学,原料药总经理,猎头职位,某长沙制药上市公司,2000-5000人,,佛山,长沙,统招本科,10年以上,50-80k,,,,https://www.liepin.com/a/76074511.shtml,20260608165456,,,,
156770,猎聘,能源/化工/环保,化学,质量部部长,猎头职位,某北京大型汽车零部件及配件公司,10000人以上,,佛山,株洲,统招本科,5年以上,25-45k,,,,https://www.liepin.com/a/74849653.shtml,20260420174024,,,,
156771,猎聘,能源/化工/环保,化学,品质工程师,猎头职位,某国内知名非金属矿物制品公司,1000-2000人,,佛山,娄底,大专,5年以上,8-12k·13薪,,,,https://www.liepin.com/a/75691283.shtml,20260602084940,,,,
156772,猎聘,能源/化工/环保,化学,CADD,猎头职位,某国内制药公司,100-499人,,佛山,长沙,硕士,经验不限,30-60k,,,,https://www.liepin.com/a/74541501.shtml,20260413101740,,,,
156773,猎聘,能源/化工/环保,化学,研发工程师,猎头职位,某国内食品/饮料/酒水公司,100-499人,,佛山,长沙,统招本科,经验不限,20-30k,,,,https://www.liepin.com/a/74593073.shtml,20260608104427,,,,
156774,猎聘,能源/化工/环保,化学,陶瓷-金属钎焊工程师（资深）,猎头职位,某国内知名非金属矿物制品公司,1000-2000人,,佛山,娄底,本科,5-10年,18-28k·13薪,,,,https://www.liepin.com/a/75695707.shtml,20260528205310,,,,
156775,猎聘,能源/化工/环保,化学, 热管理工程师,猎头职位,某长沙电力/热力/燃气/水务公司,,,佛山,长沙,硕士,5-10年,25-30k,,,,https://www.liepin.com/a/75989201.shtml,20260524232424,,,,
156776,猎聘,能源/化工/环保,化学,项目研发负责人,猎头职位,某上海专业技术服务公司,100-499人,,佛山,长沙,本科,3-5年,10-15k,,,,https://www.liepin.com/a/74099621.shtml,20260331180418,,,,
156777,猎聘,能源/化工/环保,化学,小核酸高级科学家,猎头职位,某国内制药公司,100-499人,,佛山,株洲,博士,3-5年,50-70k,,,,https://www.liepin.com/a/75642105.shtml,20260609101448,,,,
156778,猎聘,能源/化工/环保,化学,初高中学科类教师,猎头职位,某长沙在线教育公司,50-99人,,佛山,长沙,本科,1-3年,5-10k,,,,https://www.liepin.com/a/73920215.shtml,20260401144117,,,,
156779,猎聘,能源/化工/环保,化学,外延工艺工程师,猎头职位,某北京电子/半导体/集成电路公司,,,佛山,长沙-天心区,学历不限,3年以上,25-40k·16薪,,,,https://www.liepin.com/a/74181925.shtml,20260427151045,,,,
156780,猎聘,能源/化工/环保,化学,株洲分公司质量部部长,猎头职位,某北京大型整车制造公司,1000-2000人,,佛山,株洲,统招本科,5-10年,21-29k·14薪,,,,https://www.liepin.com/a/74945389.shtml,20260514110944,,,,
156781,猎聘,能源/化工/环保,化学,QC 主任（副经理/经理）,猎头职位,某成都制药上市公司,1000-2000人,,佛山,岳阳,统招本科,经验不限,10-15k,,,,https://www.liepin.com/a/75204933.shtml,20260506084722,,,,
156782,猎聘,能源/化工/环保,化学,微生物研发工程师,猎头职位,某长沙科技推广服务公司,100-499人,,佛山,岳阳-汨罗,本科,经验不限,6-11k,,,,https://www.liepin.com/a/73717667.shtml,20260323112614,,,,
156783,猎聘,能源/化工/环保,化学,挤出成型工程师（资深）,猎头职位,某国内知名非金属矿物制品公司,1000-2000人,,佛山,娄底,统招本科,10年以上,18-30k·13薪,,,,https://www.liepin.com/a/75738651.shtml,20260518193156,,,,
156784,猎聘,能源/化工/环保,化学,学科带头人,猎头职位,某长沙培训服务公司,50-99人,,佛山,长沙-长沙县,统招本科,1-3年,22-23k,,,,https://www.liepin.com/a/74612733.shtml,20260414163853,,,,
156785,猎聘,能源/化工/环保,化学,等离子体仿真工程师（干法刻蚀设备）,猎头职位,某知名公司,50-99人,,佛山,长沙,硕士,5-10年,20-40k,,,,https://www.liepin.com/a/74547457.shtml,20260507090503,,,,
156786,猎聘,能源/化工/环保,化学,资深产品经理,猎头职位,某长沙医疗器械上市公司,2000-5000人,,佛山,长沙,本科,3-5年,20-25k·15薪,,,,https://www.liepin.com/a/73581155.shtml,20260319102208,,,,
156787,猎聘,能源/化工/环保,化学,动力电池 PACK 研发负责人,猎头职位,某大型知名机械/设备公司,10000人以上,,佛山,长沙,统招本科,10年以上,55-85k·18薪,,,,https://www.liepin.com/a/76452413.shtml,20260609112303,,,,
156788,猎聘,能源/化工/环保,化学,压力容器主任设计师,猎头职位,某长沙医疗器械公司,100-499人,,佛山,长沙,本科,5-10年,17-20k,,,,https://www.liepin.com/a/75126553.shtml,20260428095857,,,,
156789,猎聘,能源/化工/环保,化学,工艺工程师 （立式炉、卧式炉）,猎头职位,某长沙大型新能源公司,1000-2000人,,佛山,长沙,学历不限,5-10年,20-35k·14薪,,,,https://www.liepin.com/a/73590625.shtml,20260319120842,,,,
156790,猎聘,能源/化工/环保,化学,压机和模具调试工程师（资深）,猎头职位,某国内知名非金属矿物制品公司,1000-2000人,,佛山,娄底,大专,经验不限,18-25k·13薪,,,,https://www.liepin.com/a/75982833.shtml,20260524084120,,,,
156791,猎聘,能源/化工/环保,化学,热管理工程师,猎头职位,某知名公司,500-999人,,佛山,长沙,学历不限,3-5年,18-23k·15薪,,,,https://www.liepin.com/a/75357675.shtml,20260507150309,,,,
156792,猎聘,能源/化工/环保,化学,"质量经理(GQ,六险二金正式合同，base株洲，约面快）",猎头职位,某国内整车制造公司,,,佛山,株洲,统招本科,5-10年,20-30k,,,,https://www.liepin.com/a/74840911.shtml,20260420160521,,,,
156793,猎聘,能源/化工/环保,化学,模块设计工程师,猎头职位,某国内知名公司,5000-10000人,,佛山,长沙-长沙县,学历不限,5-10年,16-25k,,,,https://www.liepin.com/a/75867649.shtml,20260609093929,,,,
156794,猎聘,能源/化工/环保,化学,热管理工程师,猎头职位,某长沙机械/设备上市公司,10000人以上,,佛山,长沙-望城区,硕士,5-10年,20-40k·15薪,,,,https://www.liepin.com/a/75142023.shtml,20260609134716,,,,
156795,猎聘,能源/化工/环保,化学,应用技术工程师,猎头职位,某国内知名公司,100-499人,,佛山,长沙,统招本科,6年以上,12-20k,,,,https://www.liepin.com/a/73641013.shtml,20260605101234,,,,
156796,猎聘,能源/化工/环保,化学,工艺工程师 （立式炉、卧式炉）,猎头职位,某长沙大型新能源公司,1000-2000人,,佛山,长沙,学历不限,5-10年,20-35k·14薪,,,,https://www.liepin.com/a/73590619.shtml,20260319120824,,,,
156797,猎聘,能源/化工/环保,化学,质量保障部部长,猎头职位,某长沙大型制药公司,1000-2000人,,佛山,长沙,学历不限,5-10年,20-25k,,,,https://www.liepin.com/a/73394977.shtml,20260315213825,,,,
156798,猎聘,能源/化工/环保,化学,副总经理,猎头职位,某长沙大型电子/半导体/集成电路公司,500-999人,,佛山,长沙-长沙县,本科,10年以上,40-50k,,,,https://www.liepin.com/a/73006143.shtml,20260405123411,,,,
156799,猎聘,能源/化工/环保,化学,模拟芯片设计工程师,猎头职位,某国内新能源公司,5000-10000人,,佛山,株洲,统招本科,2年以上,16-30k·16薪,,,,https://www.liepin.com/a/71490871.shtml,20260325142806,,,,
156800,猎聘,能源/化工/环保,化学,工艺工程师-检测方向,猎头职位,某长沙计算机软件公司,1-49人,,佛山,长沙-开福区,本科,经验不限,7-11k,,,,https://www.liepin.com/a/74565259.shtml,20260413145948,,,,
156801,猎聘,能源/化工/环保,化学,薄膜电容研发总监,猎头职位,某国内电子/半导体/集成电路上市公司,5000-10000人,,佛山,长沙,统招本科,10年以上,40-60k·13薪,,,,https://www.liepin.com/a/74231285.shtml,20260403102401,,,,
156802,猎聘,能源/化工/环保,化学,汽车热管理工程师,猎头职位,某知名机械/机电/重工上市公司,10000人以上,,佛山,长沙,统招本科,3年以上,24-30k·15薪,,,,https://www.liepin.com/a/74690283.shtml,20260415174412,,,,
156803,猎聘,能源/化工/环保,化学,固体制剂工业专家,猎头职位,某知名公司,50-99人,,佛山,长沙-宁乡,学历不限,5-10年,17-25k·13薪,,,,https://www.liepin.com/a/74194301.shtml,20260402143617,,,,
156804,猎聘,能源/化工/环保,化学,质量副总经理,猎头职位,某长沙大型制药公司,1000-2000人,,佛山,长沙,硕士,10年以上,60-80k,,,,https://www.liepin.com/a/73395041.shtml,20260315214039,,,,
156805,猎聘,能源/化工/环保,化学,技术服务工程师（株洲),猎头职位,某上海大型化工公司,2000-5000人,,佛山,株洲,学历不限,2年以上,9-14k,,,,https://www.liepin.com/a/75148913.shtml,20260428151552,,,,
156806,猎聘,能源/化工/环保,化学,研发工程师,猎头职位,某知名公司,10000人以上,,佛山,湘潭,学历不限,5-10年,15-25k·13薪,,,,https://www.liepin.com/a/74670249.shtml,20260415135749,,,,
156807,猎聘,能源/化工/环保,化学,工艺技术部经理（电子陶瓷）,猎头职位,某国内金属制品公司,100-499人,,佛山,娄底,本科,3-5年,12-20k,,,,https://www.liepin.com/a/75058957.shtml,20260609143343,,,,
156808,猎聘,能源/化工/环保,化学,陶瓷基板工艺负责人,猎头职位,某苏州大型电子/半导体/集成电路公司,500-999人,,佛山,长沙,统招本科,经验不限,30-50k,,,,https://www.liepin.com/a/75800045.shtml,20260519092552,,,,
156809,猎聘,能源/化工/环保,化学,质量部部长（GQ正式合同，六险二金，pack相关，提供食宿）,猎头职位,某国内整车制造公司,,,佛山,株洲,统招本科,5-10年,25-30k,,,,https://www.liepin.com/a/74890231.shtml,20260421151231,,,,
156810,猎聘,能源/化工/环保,化学,QC 主任（副经理/经理）,猎头职位,某大型知名制药公司,10000人以上,,佛山,岳阳,统招本科,3-5年,15-30k,,,,https://www.liepin.com/a/75206913.shtml,20260609134123,,,,
156811,猎聘,能源/化工/环保,化学,刻蚀工艺工程师,猎头职位,某知名公司,,,佛山,长沙,统招本科,10年以上,30-50k,,,,https://www.liepin.com/a/75745153.shtml,20260609145026,,,,
156812,猎聘,能源/化工/环保,化学,染色技术经理（花边）,猎头职位,某国内人力资源服务公司,1-49人,,佛山,常德,本科,5-10年,25-30k,,,,https://www.liepin.com/a/75865287.shtml,20260609084114,,,,
156813,猎聘,能源/化工/环保,化学,高级刻蚀专家,猎头职位,某知名公司,,,佛山,长沙,学历不限,10年以上,90-120k,,,,https://www.liepin.com/a/75713581.shtml,20260609145026,,,,
156814,猎聘,能源/化工/环保,化学,资深产品经理,猎头职位,某长沙医疗器械上市公司,2000-5000人,,佛山,长沙,本科,5年以上,25-35k·15薪,,,,https://www.liepin.com/a/73875767.shtml,20260325145437,,,,
156815,猎聘,能源/化工/环保,化学,医药QC 主任（副经理/经理级）,猎头职位,某成都制药上市公司,10000人以上,,佛山,岳阳,本科,5-10年,18-35k,,,,https://www.liepin.com/a/75727767.shtml,20260609100204,,,,
156816,猎聘,能源/化工/环保,化学,结构工程师,猎头职位,某长沙贸易进出口公司,100-499人,,佛山,长沙,大专,5-10年,20-40k,,,,https://www.liepin.com/a/76471747.shtml,20260608104723,,,,
156817,猎聘,能源/化工/环保,化学,模块负责人： Large Batch,猎头职位,某知名公司,1000-2000人,,佛山,长沙,本科,10年以上,80-110k·14薪,,,,https://www.liepin.com/a/75281089.shtml,20260609060805,,,,
156818,猎聘,能源/化工/环保,化学,电芯材料设计工程师,猎头职位,某国内大型机械/设备公司,5000-10000人,,佛山,株洲,硕士,5-10年,20-25k,,,,https://www.liepin.com/a/75005399.shtml,20260601162936,,,,
156819,猎聘,能源/化工/环保,化学,学科带头人,猎头职位,某长沙在线教育公司,50-99人,,佛山,长沙,本科,5-10年,10-13k,,,,https://www.liepin.com/a/73923827.shtml,20260401144156,,,,
156820,猎聘,能源/化工/环保,化学,检测员（化学检测/物理检测）,企业职位,中研股份,100-499人,,宁波,长春-绿园区,大专,3-5年,5-7k,,,,https://www.liepin.com/job/1982469113.shtml,20260512161706,,,,
156821,猎聘,能源/化工/环保,化学,化学工艺工程师,企业职位,长春海谱润斯科技股份有限公司,100-499人,,宁波,长春-高新区,本科,经验不限,6-13k,,,,https://www.liepin.com/job/1980137825.shtml,20260521095015,,,,
156822,猎聘,能源/化工/环保,化学,化学分析员,企业职位,广州万炙传媒有限公司,100-499人,,宁波,长春-高新区,本科,经验不限,8-12k·13薪,,,,https://www.liepin.com/job/1983161625.shtml,20260609083004,,,,
156823,猎聘,能源/化工/环保,化学,化学分析员,企业职位,长春黄金研究院有限公司,100-499人,,宁波,长春-高新区,大专,3年以上,5-8k,,,,https://www.liepin.com/job/1981323149.shtml,20260404092859,,,,
156824,猎聘,能源/化工/环保,化学,研发主管-博士高分子、化学相关专业,企业职位,长春永固科技有限公司,50-99人,,宁波,长春-宽城区,博士,经验不限,16-30k·13薪,,,,https://www.liepin.com/job/1960600233.shtml,20250722162033,,,,
156825,猎聘,能源/化工/环保,化学,化学分析工程师,企业职位,吉林中科研伸科技有限公司,100-499人,,宁波,长春-高新区,统招本科,1-3年,6-10k,,,,https://www.liepin.com/job/1947493135.shtml,20220225171309,,,,
156826,猎聘,能源/化工/环保,化学,化学实验研究员,企业职位,吉林中科研伸科技有限公司,100-499人,,宁波,长春-高新区,统招本科,1-3年,5-7k,,,,https://www.liepin.com/job/1946884427.shtml,20220224170518,,,,
156827,猎聘,能源/化工/环保,化学,研发工程师（高分子化学与物理）,企业职位,长春圣博玛生物材料有限公司,100-499人,,宁波,长春,硕士,3-5年,8-15k,,,,https://www.liepin.com/job/1975880703.shtml,20260427163148,,,,
156828,猎聘,能源/化工/环保,化学,研发员—高分子、化学专业,企业职位,长春永固科技有限公司,50-99人,,宁波,长春,硕士,经验不限,6-10k,,,,https://www.liepin.com/job/1954132741.shtml,20241216155733,,,,
156829,猎聘,能源/化工/环保,化学,数学，物理，化学双语教师,企业职位,长春市加华教育培训学校有限公司,1-49人,,宁波,长春,本科,经验不限,3-5k,,,,https://www.liepin.com/job/1934446635.shtml,20201218223822,,,,
156830,猎聘,能源/化工/环保,化学,初中数学物理化学教师,企业职位,辽源市兴瑞嘉教育培训中心有限公司,50-99人,,宁波,辽源,本科,经验不限,10-15k,,,,https://www.liepin.com/job/1928835849.shtml,20200602104841,,,,
156831,猎聘,能源/化工/环保,化学,高中数学/物理/化学/生物老师（包住宿）,企业职位,敦化市诚硕教育有限公司,1-49人,,宁波,延边,本科,经验不限,10-15k,,,,https://www.liepin.com/job/1936983867.shtml,20210312172240,,,,
156832,猎聘,能源/化工/环保,化学,化学、生物教研员,企业职位,吉林省九门状元科技信息集团有限公司,50-99人,,宁波,长春,本科,1-3年,4-5k,,,,https://www.liepin.com/job/1969465301.shtml,20240903113321,,,,
156833,猎聘,能源/化工/环保,化学,前瞻技术专业设计师-固态电池开发,企业职位,某国内大型整车制造公司,10000人以上,,宁波,长春,本科,5-10年,20-35k,,,,https://www.liepin.com/a/74341131.shtml,20260608145506,,,,
156834,猎聘,能源/化工/环保,化学,采购工程师,企业职位,长春汉高表面技术有限公司,100-499人,,宁波,长春-朝阳区,统招本科,3-5年,7-8k·13薪,,,,https://www.liepin.com/job/1983062963.shtml,20260602113336,,,,
156835,猎聘,能源/化工/环保,化学,大客户销售（医药/医疗器械第三方检测）,企业职位,微谱,1000-2000人,,宁波,长春-朝阳区,大专,经验不限,10-15k·13薪,,,,https://www.liepin.com/job/1968904207.shtml,20260109175802,,,,
156836,猎聘,能源/化工/环保,化学,汽车项目经理,企业职位,某国内汽车零部件及配件公司,100-499人,,宁波,长春,本科,1-3年,10-14k,,,,https://www.liepin.com/a/75624723.shtml,20260513151817,,,,
156837,猎聘,能源/化工/环保,化学,电解质材料开发,企业职位,某国内大型整车制造公司,10000人以上,,宁波,长春,统招本科,3年以上,35-60k,,,,https://www.liepin.com/a/74920313.shtml,20260514161015,,,,
156838,猎聘,能源/化工/环保,化学,高分子材料研发工程师,企业职位,某国内整车制造公司,100-499人,,宁波,长春,本科,3-5年,13-17k·18薪,,,,https://www.liepin.com/a/73852629.shtml,20260601141005,,,,
156839,猎聘,能源/化工/环保,化学,销售工程师,企业职位,艾特森,1-49人,,宁波,长春-净月区,大专,经验不限,7-15k,,,,https://www.liepin.com/job/1982987163.shtml,20260529175310,,,,
156840,猎聘,能源/化工/环保,化学,（央企）小核酸药物开发负责人,企业职位,某国内大型制药公司,1000-2000人,,宁波,长春,博士,1-3年,25-35k,,,,https://www.liepin.com/a/75582043.shtml,20260516105843,,,,
156841,猎聘,能源/化工/环保,化学,技术型销售工程师-长春,企业职位,北京青莲百奥生物科技有限公司,100-499人,,宁波,长春-宽城区,硕士,1-3年,10-20k,,,,https://www.liepin.com/job/1982868793.shtml,20260526133459,,,,
156842,猎聘,能源/化工/环保,化学,生产经理,企业职位,中研股份,100-499人,,宁波,长春-绿园区,本科,5年以上,7-10k,,,,https://www.liepin.com/job/1982481769.shtml,20260513085335,,,,
156843,猎聘,能源/化工/环保,化学,制剂开发负责人,企业职位,某国内大型制药公司,1000-2000人,,宁波,长春,博士,5-10年,70-80k,,,,https://www.liepin.com/a/74481217.shtml,20260604102003,,,,
156844,猎聘,能源/化工/环保,化学,QA经理,企业职位,某国内制药公司,100-499人,,宁波,通化-梅河口,本科,5年以上,35-40k,,,,https://www.liepin.com/a/75457945.shtml,20260609081707,,,,
156845,猎聘,能源/化工/环保,化学,大客户销售-神经介入-长春,企业职位,某知名公司,50-99人,,宁波,长春,本科,3-5年,18-23k,,,,https://www.liepin.com/a/75793915.shtml,20260608084228,,,,
156846,猎聘,能源/化工/环保,化学,公用工程主管,企业职位,某大型知名制药公司,5000-10000人,,宁波,延边,本科,5-10年,20-30k·14薪,,,,https://www.liepin.com/a/74234205.shtml,20260609095342,,,,
156847,猎聘,能源/化工/环保,化学,QA经理,企业职位,某国内制药公司,100-499人,,宁波,通化-梅河口,本科,5年以上,24-40k,,,,https://www.liepin.com/a/75688513.shtml,20260514175015,,,,
156848,猎聘,能源/化工/环保,化学,高中教师450一课时起,企业职位,长春市朝阳区三智人才培训学校,50-99人,,宁波,长春-朝阳区,本科,5-10年,12-17k·13薪,,,,https://www.liepin.com/job/1979018813.shtml,20260529103604,,,,
156849,猎聘,能源/化工/环保,化学,（央企）制剂开发负责人,企业职位,某国内大型制药公司,1000-2000人,,宁波,长春,博士,经验不限,25-35k,,,,https://www.liepin.com/a/72805259.shtml,20260516105808,,,,
156850,猎聘,能源/化工/环保,化学,QA经理（生物制药）,企业职位,某国内制药公司,100-499人,,宁波,通化,本科,5-10年,20-30k,,,,https://www.liepin.com/a/75585543.shtml,20260520172501,,,,
156851,猎聘,能源/化工/环保,化学,检测设备工程师（非标自动化）,企业职位,某国内环保公司,100-499人,,宁波,长春,硕士,5-10年,20-30k,,,,https://www.liepin.com/a/74449881.shtml,20260526122816,,,,
156852,猎聘,能源/化工/环保,化学,客户质量工程师,企业职位,某国内大型汽车零部件及配件公司,100-499人,,宁波,长春,学历不限,4年以上,10-15k·13薪,,,,https://www.liepin.com/a/73712979.shtml,20260323105154,,,,
156853,猎聘,能源/化工/环保,化学,QA经理,企业职位,某国内制药公司,100-499人,,宁波,通化-梅河口,统招本科,5-10年,30-40k,,,,https://www.liepin.com/a/76221469.shtml,20260529193958,,,,
156854,猎聘,能源/化工/环保,化学,五险一金/双休/高薪生物产品经理,企业职位,长春德兴泉兴业商贸有限公司,1-49人,,宁波,长春-南关区,统招本科,经验不限,6-12k,,,,https://www.liepin.com/job/1955960987.shtml,20260608095145,,,,
156855,猎聘,能源/化工/环保,化学,质量控制高级总监,企业职位,某知名制药上市公司,5000-10000人,,宁波,延边-敦化,本科,10年以上,35-55k·15薪,,,,https://www.liepin.com/a/74180195.shtml,20260609100336,,,,
156856,猎聘,能源/化工/环保,化学,小核酸药物开发负责人,企业职位,某知名公司,10000人以上,,宁波,长春,博士,1-3年,50-80k,,,,https://www.liepin.com/a/75145255.shtml,20260428143504,,,,
156857,猎聘,能源/化工/环保,化学,光学工程师（需做过光谱仪）,企业职位,某国内医疗器械公司,50-99人,,宁波,长春,硕士,1-3年,15-28k,,,,https://www.liepin.com/a/75123193.shtml,20260609180655,,,,
156858,猎聘,能源/化工/环保,化学,理论计算工程师,企业职位,长春海谱润斯科技股份有限公司,100-499人,,宁波,长春,硕士,1年以上,7-14k,,,,https://www.liepin.com/job/1976006801.shtml,20260407172013,,,,
156859,猎聘,能源/化工/环保,化学,质量控制高级总监,企业职位,某知名制药上市公司,5000-10000人,,宁波,延边-敦化,本科,10年以上,35-55k·15薪,,,,https://www.liepin.com/a/74182111.shtml,20260609100335,,,,
156860,猎聘,能源/化工/环保,化学,前瞻技术专业设计师-固态电池开发（材料数智化开发方向）,企业职位,某国内大型整车制造公司,10000人以上,,宁波,长春-绿园区,硕士,3年以上,15-30k,,,,https://www.liepin.com/a/74097709.shtml,20260609111525,,,,
156861,猎聘,能源/化工/环保,化学,大客户销售（高校科研）,企业职位,欧世盛科技,100-499人,,宁波,长春-南关区,本科,5-10年,8-13k,,,,https://www.liepin.com/job/1982844483.shtml,20260609134023,,,,
156862,猎聘,能源/化工/环保,化学,制药设备验证专家,企业职位,楚天华通技术有限公司,1000-2000人,,宁波,长春-九台区,本科,5年以上,15-25k,,,,https://www.liepin.com/job/1980795297.shtml,20260310140221,,,,
156863,猎聘,能源/化工/环保,化学,API中试车间负责人,企业职位,某国内大型制药公司,5000-10000人,,宁波,长春,本科,10年以上,40-60k,,,,https://www.liepin.com/a/72623287.shtml,20260609101842,,,,
156864,猎聘,能源/化工/环保,化学,智能检测装备研发工程师,企业职位,某国内环保公司,100-499人,,宁波,长春,硕士,5-10年,15-25k,,,,https://www.liepin.com/a/75758607.shtml,20260609102117,,,,
156865,猎聘,能源/化工/环保,化学,肥料研发总监,企业职位,科乐农有机肥,50-99人,,宁波,吉林市-舒兰,硕士,8年以上,20-25k,,,,https://www.liepin.com/job/1983120509.shtml,20260603165855,,,,
156866,猎聘,能源/化工/环保,化学,精益工程师,企业职位,中研股份,100-499人,,宁波,长春-绿园区,统招本科,5-10年,20-30k,,,,https://www.liepin.com/job/1978435647.shtml,20251201143803,,,,
156867,猎聘,能源/化工/环保,化学,质量控制QC主管,企业职位,凯莱英医药集团(天津)股份有限公司,5000-10000人,,宁波,延边-敦化,本科,3-5年,10-20k,,,,https://www.liepin.com/job/1979387473.shtml,20260515171856,,,,
156868,猎聘,能源/化工/环保,化学,光学工程师,企业职位,深圳市新凯来技术有限公司,2000-5000人,,宁波,长春-经开区,硕士,2年以上,16-35k·14薪,,,,https://www.liepin.com/job/1979383753.shtml,20260207215410,,,,
156869,猎聘,能源/化工/环保,化学,API中试车间负责人,企业职位,某国内大型制药公司,5000-10000人,,宁波,延边-敦化,学历不限,10年以上,30-40k·14薪,,,,https://www.liepin.com/a/75423431.shtml,20260604091302,,,,
156870,猎聘,能源/化工/环保,化学,（央企）小核酸药物开发负责人,企业职位,某国内大型制药公司,1000-2000人,,宁波,长春,博士,1-3年,25-35k,,,,https://www.liepin.com/a/72252157.shtml,20260609081817,,,,
156871,猎聘,能源/化工/环保,化学,产品销售工程师,企业职位,长春德兴泉兴业商贸有限公司,1-49人,,宁波,长春-南关区,统招本科,经验不限,4-8k,,,,https://www.liepin.com/job/1952325599.shtml,20260608095145,,,,
156872,猎聘,能源/化工/环保,化学,有机合成研发储备干部,企业职位,长春海谱润斯科技股份有限公司,100-499人,,宁波,长春-高新区,博士,经验不限,15-20k,,,,https://www.liepin.com/job/1980358855.shtml,20260313162402,,,,
156873,猎聘,能源/化工/环保,化学,制剂研究开发负责人,企业职位,某国内大型制药公司,1000-2000人,,宁波,长春,博士,1-3年,18-30k·13薪,,,,https://www.liepin.com/a/74560369.shtml,20260609101042,,,,
156874,猎聘,能源/化工/环保,化学,前瞻技术专业设计师-固态电池开发（材料数智化开发方向）,企业职位,某汽车公司,,,宁波,长春,统招本科,3-5年,35-50k·16薪,,,,https://www.liepin.com/a/74327665.shtml,20260514143009,,,,
156875,猎聘,能源/化工/环保,化学,QA负责人,企业职位,某国内制药公司,100-499人,,宁波,通化-梅河口,学历不限,10年以上,25-30k·14薪,,,,https://www.liepin.com/a/76202623.shtml,20260529134223,,,,
156876,猎聘,能源/化工/环保,化学,CVD工艺工程师,企业职位,长光正圆,100-499人,,宁波,长春-经开区,统招本科,3年以上,9-12k·14薪,,,,https://www.liepin.com/job/1958368675.shtml,20260604090822,,,,
156877,猎聘,能源/化工/环保,化学,研发工程师,企业职位,某三类植入医疗器械公司,100-499人,,宁波,长春,博士,1-3年,18-25k·14薪,,,,https://www.liepin.com/a/75521755.shtml,20260511151532,,,,
156878,猎聘,能源/化工/环保,化学,质量经理（无菌制剂 生物药+化药代生产）,企业职位,某国内制药公司,100-499人,,宁波,通化-梅河口,统招本科,5-10年,20-30k,,,,https://www.liepin.com/a/75339475.shtml,20260507105513,,,,
156879,猎聘,能源/化工/环保,化学,培训师/讲师,企业职位,某国内大型医疗机构公司,5000-10000人,,宁波,吉林市,博士,经验不限,23-40k,,,,https://www.liepin.com/a/76231209.shtml,20260531100649,,,,
156880,猎聘,能源/化工/环保,化学,质量负责人（大健康食品）,企业职位,某国内新零售公司,1-49人,,宁波,白山,学历不限,5-10年,15-25k,,,,https://www.liepin.com/a/76404003.shtml,20260604114239,,,,
156881,猎聘,能源/化工/环保,化学,固态电池开发（电解质/正负极/电芯/模组工艺）,企业职位,某汽车公司,,,宁波,长春,统招本科,3-5年,35-65k,,,,https://www.liepin.com/a/73882541.shtml,20260525084929,,,,
156882,猎聘,能源/化工/环保,化学,光学工程师,企业职位,辰英科技,50-99人,,宁波,长春-经开区,硕士,3-5年,12-24k,,,,https://www.liepin.com/job/1968569805.shtml,20260528152034,,,,
156883,猎聘,能源/化工/环保,化学,高中网课在线教师,企业职位,南阳精准翻译服务有限公司,50-99人,,宁波,长春-高新区,统招本科,10年以上,8-15k,,,,https://www.liepin.com/job/1971273277.shtml,20260608064843,,,,
156884,猎聘,能源/化工/环保,化学,博士,企业职位,长春圣博玛生物材料有限公司,100-499人,,宁波,长春,博士,经验不限,15-30k,,,,https://www.liepin.com/job/1960827295.shtml,20260319144338,,,,
156885,猎聘,能源/化工/环保,化学,五险一金/双休/高薪产品销售工程师,企业职位,长春德兴泉兴业商贸有限公司,1-49人,,宁波,长春-南关区,统招本科,经验不限,4-8k,,,,https://www.liepin.com/job/1955962275.shtml,20260608095145,,,,
156886,猎聘,能源/化工/环保,化学,生物大分子药物制剂负责人 / 制剂研发专家,企业职位,某知名公司,10000人以上,,宁波,长春,博士,1-3年,70-75k,,,,https://www.liepin.com/a/75144159.shtml,20260428142219,,,,
156887,猎聘,能源/化工/环保,化学,分析经理,企业职位,吉林省吴太医药集团有限公司,5000-10000人,,宁波,长春,本科,5年以上,6-15k,,,,https://www.liepin.com/job/1982491333.shtml,20260513111701,,,,
156888,猎聘,能源/化工/环保,化学,高分子材料研发工程师,企业职位,长春安旨科技有限公司,100-499人,,宁波,长春-朝阳区,硕士,经验不限,19-30k,,,,https://www.liepin.com/job/1962444409.shtml,20260605114219,,,,
156889,猎聘,能源/化工/环保,化学,执行总监,企业职位,某知名公司,100-499人,,宁波,延边-敦化,统招本科,10年以上,60-75k,,,,https://www.liepin.com/a/74145265.shtml,20260401163941,,,,
156890,猎聘,能源/化工/环保,化学,研发工程师（水凝胶方向）,企业职位,长春圣博玛生物材料有限公司,100-499人,,宁波,长春-高新区,硕士,3-5年,8-12k,,,,https://www.liepin.com/job/1979358449.shtml,20251224170118,,,,
156891,猎聘,能源/化工/环保,化学,医学经理,企业职位,长春圣博玛生物材料有限公司,100-499人,,宁波,长春,博士,经验不限,20-30k·13薪,,,,https://www.liepin.com/job/1958056487.shtml,20230523105404,,,,
156892,猎聘,能源/化工/环保,化学,公用工程主管,企业职位,某国内知名制药公司,5000-10000人,,宁波,延边-敦化,本科,5-10年,22-27k,,,,https://www.liepin.com/a/74182713.shtml,20260402113330,,,,
156893,猎聘,能源/化工/环保,化学,安环工程师,企业职位,中研股份,100-499人,,宁波,四平-铁西区,大专,3-5年,7-13k,,,,https://www.liepin.com/job/1980840285.shtml,20260522085725,,,,
156894,猎聘,能源/化工/环保,化学,(央企）制剂开发负责人,企业职位,某国内大型制药公司,1000-2000人,,宁波,长春,博士,经验不限,25-35k,,,,https://www.liepin.com/a/71924949.shtml,20260609081817,,,,
156895,猎聘,能源/化工/环保,化学,技术服务工程师,企业职位,长春永固科技有限公司,50-99人,,宁波,长春-高新区,硕士,2年以上,8-15k·13薪,,,,https://www.liepin.com/job/1982536257.shtml,20260514144013,,,,
156896,猎聘,能源/化工/环保,化学,前瞻技术专业设计师-固态电池开发（电解质材料开发方向）P6,企业职位,中国第一汽车股份有限公司,10000人以上,,宁波,长春-汽开区,硕士,3年以上,20-30k·16薪,,,,https://www.liepin.com/job/1981167217.shtml,20260323174020,,,,
156897,猎聘,能源/化工/环保,化学,前瞻技术专业设计师-固态电池开发(电解质）,企业职位,某国内大型整车制造公司,5000-10000人,,宁波,长春,硕士,3-5年,30-55k,,,,https://www.liepin.com/a/76557271.shtml,20260609094002,,,,
156898,猎聘,能源/化工/环保,化学,智能检测装备研发工程师,企业职位,某国内环保公司,100-499人,,宁波,长春,硕士,5-10年,35-40k,,,,https://www.liepin.com/a/76223427.shtml,20260609072648,,,,
156899,猎聘,能源/化工/环保,化学,高级研发工程师,企业职位,吉林省登泰克牙科材料有限公司,50-99人,,宁波,长春-高新区,硕士,5-10年,10-15k,,,,https://www.liepin.com/job/1969518341.shtml,20260527140107,,,,
156900,猎聘,能源/化工/环保,化学,API中试生产负责人,企业职位,某大型知名制药公司,5000-10000人,,宁波,延边-敦化,学历不限,5-10年,60-80k,,,,https://www.liepin.com/a/75124903.shtml,20260525161154,,,,
156901,猎聘,能源/化工/环保,化学,EHS主管,企业职位,凯莱英医药集团(天津)股份有限公司,5000-10000人,,宁波,长春-高新区,统招本科,10年以上,15-20k·13薪,,,,https://www.liepin.com/job/1972392563.shtml,20250214105444,,,,
156902,猎聘,能源/化工/环保,化学,研发实验员,企业职位,长春天明盛科技有限公司,100-499人,,宁波,长春-宽城区,大专,经验不限,4-6k,,,,https://www.liepin.com/job/1977897529.shtml,20260128092918,,,,
156903,猎聘,能源/化工/环保,化学,有机合成研发工程师,企业职位,长春海谱润斯科技股份有限公司,100-499人,,宁波,长春-宽城区,本科,经验不限,7-12k,,,,https://www.liepin.com/job/1979373937.shtml,20251225133926,,,,
156904,猎聘,能源/化工/环保,化学,研发工程师,企业职位,长春艾德斯新材料有限公司,1-49人,,宁波,长春-宽城区,硕士,3-5年,薪资面议,,,,https://www.liepin.com/job/1944708613.shtml,20250612083304,,,,
156905,猎聘,能源/化工/环保,化学,高级研发工程师,企业职位,吉林省登泰克牙科材料有限公司,50-99人,,宁波,长春-高新区,硕士,5-10年,10-15k,,,,https://www.liepin.com/job/1950422779.shtml,20230906161013,,,,
156906,猎聘,能源/化工/环保,化学,研发工程师,企业职位,吉林省登泰克牙科材料有限公司,50-99人,,宁波,长春-高新区,统招本科,3-5年,8-12k,,,,https://www.liepin.com/job/1950422399.shtml,20230906161013,,,,
156907,猎聘,能源/化工/环保,化学,API中试车间负责人,企业职位,某国内大型制药公司,5000-10000人,,宁波,吉林市,统招本科,10年以上,30-50k,,,,https://www.liepin.com/a/74369693.shtml,20260609101241,,,,
156908,猎聘,能源/化工/环保,化学,QC主管（敦化）,企业职位,某天津制药上市公司,5000-10000人,,宁波,延边-敦化,统招本科,5-10年,11-20k,,,,https://www.liepin.com/a/74653185.shtml,20260609120810,,,,
156909,猎聘,能源/化工/环保,化学,质量控制QC负责人(J13077),企业职位,凯莱英医药集团(天津)股份有限公司,5000-10000人,,宁波,延边-敦化,本科,8年以上,25-50k,,,,https://www.liepin.com/job/1981760887.shtml,20260508160442,,,,
156910,猎聘,能源/化工/环保,化学,高级研发专家,企业职位,吉林省登泰克牙科材料有限公司,50-99人,,宁波,长春-高新区,博士,5-10年,12-20k,,,,https://www.liepin.com/job/1969518493.shtml,20260527140107,,,,
156911,猎聘,能源/化工/环保,化学,制剂生产技术主任工,企业职位,某国内大型制药公司,5000-10000人,,宁波,长春,统招本科,10年以上,30-50k,,,,https://www.liepin.com/a/76132827.shtml,20260609101714,,,,
156912,猎聘,能源/化工/环保,化学,EHS主管,企业职位,凯莱英医药集团(天津)股份有限公司,5000-10000人,,宁波,延边-敦化,统招本科,10年以上,15-20k·13薪,,,,https://www.liepin.com/job/1972392565.shtml,20250214105444,,,,
156913,猎聘,能源/化工/环保,化学,金属材料工程师,企业职位,某西安大型IT服务公司,10000人以上,,宁波,长春,本科,1-3年,30-35k,,,,https://www.liepin.com/a/74207251.shtml,20260609144737,,,,
156914,猎聘,能源/化工/环保,化学,家教大学生线上录题老师,企业职位,爱用工(洛阳)科技有限公司,500-999人,,宁波,白山-临江,本科,经验不限,5-9k,,,,https://www.liepin.com/job/1962743957.shtml,20231107150038,,,,
156915,猎聘,能源/化工/环保,化学,药物合成研究员,企业职位,长春澜江医药科技有限公司,50-99人,,宁波,长春-宽城区,统招本科,1-3年,4-8k,,,,https://www.liepin.com/job/1919974279.shtml,20210221094551,,,,
156916,猎聘,能源/化工/环保,化学,固态电池开发 正负极、电解质、电芯、仿真,企业职位,某深圳学术/科研公司,100-499人,,宁波,长春,硕士,3-5年,40-65k,,,,https://www.liepin.com/a/76585047.shtml,20260609152236,,,,
156917,猎聘,能源/化工/环保,化学,光学工程师,企业职位,某国内电子/半导体/集成电路上市公司,100-499人,,宁波,长春,硕士,1-3年,15-25k,,,,https://www.liepin.com/a/75123183.shtml,20260428092728,,,,
156918,猎聘,能源/化工/环保,化学,体外诊断试剂研发工程师,企业职位,长春迈克赛德医疗科技有限公司,100-499人,,宁波,长春-高新区,硕士,3-5年,10-15k,,,,https://www.liepin.com/job/1982458609.shtml,20260606111424,,,,
156919,猎聘,能源/化工/环保,化学,材料工程师,企业职位,浩弛汽车电子系统(长春)有限公司,100-499人,,宁波,长春-高新区,本科,3年以上,8-10k,,,,https://www.liepin.com/job/1980417437.shtml,20260226083059,,,,
156920,猎聘,能源/化工/环保,化学,非金属材料专家,企业职位,某知名汽车零部件及配件上市公司,2000-5000人,,宁波,长春,硕士,经验不限,15-30k,,,,https://www.liepin.com/a/73438673.shtml,20260412135040,,,,
156921,猎聘,能源/化工/环保,化学,副总经理,企业职位,长春吉大特塑工程研究有限公司,50-99人,,宁波,长春-高新区,本科,5-10年,30-50k,,,,https://www.liepin.com/job/1962758111.shtml,20260609101035,,,,
156922,猎聘,能源/化工/环保,化学,光学工程师（光谱仪、显微成像系统方向）,企业职位,某国内医疗器械公司,50-99人,,宁波,长春,硕士,3-5年,15-30k,,,,https://www.liepin.com/a/75048115.shtml,20260609085033,,,,
156923,猎聘,能源/化工/环保,化学,大区经理,企业职位,南京诺尔曼生物技术股份有限公司,500-999人,,宁波,长春-南关区,本科,5-10年,15-30k·15薪,,,,https://www.liepin.com/job/1961282187.shtml,20260424085755,,,,
156924,猎聘,能源/化工/环保,化学,质量体系副总裁,企业职位,长春皓月集团,5000-10000人,,宁波,长春,统招本科,10年以上,40-50k,,,,https://www.liepin.com/job/1979487035.shtml,20260415163615,,,,
156925,猎聘,能源/化工/环保,化学,技术总工程师,企业职位,吉林省吴太医药集团有限公司,5000-10000人,,宁波,长春-宽城区,本科,10年以上,20-30k,,,,https://www.liepin.com/job/1978782395.shtml,20260326143136,,,,
156926,猎聘,能源/化工/环保,化学,药厂厂长,企业职位,吉林省吴太医药集团有限公司,5000-10000人,,宁波,长春-宽城区,本科,10年以上,10-25k,,,,https://www.liepin.com/job/1981189243.shtml,20260410103924,,,,
156927,猎聘,能源/化工/环保,化学,国际售后工程师,企业职位,长春迈克赛德医疗科技有限公司,100-499人,,宁波,长春-宽城区,本科,经验不限,6-9k,,,,https://www.liepin.com/job/1963402613.shtml,20251231101720,,,,
156928,猎聘,能源/化工/环保,化学,电解质材料,企业职位,某整车制造公司,,,宁波,长春,学历不限,3年以上,30-35k,,,,https://www.liepin.com/a/74031727.shtml,20260606103650,,,,
156929,猎聘,能源/化工/环保,化学,试剂/IVD研发,企业职位,迪瑞医疗,1000-2000人,,宁波,长春-高新区,硕士,3-5年,20-40k·13薪,,,,https://www.liepin.com/job/1963614991.shtml,20250305155552,,,,
156930,猎聘,能源/化工/环保,化学,材料研发主管,企业职位,长春圣博玛生物材料有限公司,100-499人,,宁波,长春,硕士,3-5年,10-20k,,,,https://www.liepin.com/job/1975881109.shtml,20250718155229,,,,
156931,猎聘,能源/化工/环保,化学,人参健康产业研究院研究员,企业职位,修正药业集团股份有限公司,10000人以上,,宁波,通化-东昌区,硕士,1年以上,6-10k,,,,https://www.liepin.com/job/1977154035.shtml,20251210102718,,,,
156932,猎聘,能源/化工/环保,化学,验证工程师（工艺验证）,企业职位,长春圣博玛生物材料有限公司,100-499人,,宁波,长春-高新区,硕士,3-5年,8-12k,,,,https://www.liepin.com/job/1979358489.shtml,20251224170230,,,,
156933,猎聘,能源/化工/环保,化学,长春-主导销售（实验室耗材/化学试剂）,企业职位,上海安谱实验科技股份有限公司,500-999人,,宁波,长春-经开区,本科,2年以上,12-18k,,,,https://www.liepin.com/job/1974366607.shtml,20250510111740,,,,
156934,猎聘,能源/化工/环保,化学,试剂研发工程师,企业职位,长春迈克赛德医疗科技有限公司,100-499人,,宁波,长春-高新区,硕士,3年以上,8-12k,,,,https://www.liepin.com/job/1980454081.shtml,20260327153934,,,,
156935,猎聘,能源/化工/环保,化学,检验工程师,企业职位,四环制药,2000-5000人,,宁波,通化,本科,1-3年,5-7k,,,,https://www.liepin.com/job/1954832849.shtml,20221205083348,,,,
156936,猎聘,能源/化工/环保,化学,研发专员,企业职位,吉林瑞尔康光学科技有限公司,1000-2000人,,宁波,吉林市-永吉县,硕士,3-5年,8-15k,,,,https://www.liepin.com/job/1969160293.shtml,20251117084950,,,,
156937,猎聘,能源/化工/环保,化学,净水工艺工程师,企业职位,吉林省鸿业环境工程集团有限公司,50-99人,,宁波,长春-经开区,本科,2年以上,8-16k,,,,https://www.liepin.com/job/1973830691.shtml,20250415094033,,,,
156938,猎聘,能源/化工/环保,化学,实验室实验员,企业职位,吉林省华航环境检测有限公司,100-499人,,宁波,长春-高新区,大专,经验不限,2-6k,,,,https://www.liepin.com/job/1957113259.shtml,20230320150236,,,,
156939,猎聘,能源/化工/环保,化学,高级研发工程师（博士）,企业职位,中研股份,100-499人,,宁波,长春-绿园区,博士,经验不限,25-35k,,,,https://www.liepin.com/job/1974823863.shtml,20251024145249,,,,
156940,猎聘,能源/化工/环保,化学,有机合成研究员,企业职位,金赛药业,5000-10000人,,宁波,延边,本科,经验不限,12-16k·14薪,,,,https://www.liepin.com/job/1952331521.shtml,20240321213359,,,,
156941,猎聘,能源/化工/环保,化学, 质量检测员/测试员,企业职位,吉林省敖腾生物科技有限责任公司,50-99人,,宁波,延边-敦化,大专,1-3年,4-7k,,,,https://www.liepin.com/job/1951432369.shtml,20220813155331,,,,
156942,猎聘,能源/化工/环保,化学,检测工程师,企业职位,长春卓骏汽车技术研发有限公司,1-49人,,宁波,长春,本科,经验不限,5-8k·15薪,,,,https://www.liepin.com/job/1968903983.shtml,20240819171714,,,,
156943,猎聘,能源/化工/环保,化学,环保工程师,企业职位,浙江稻一环境工程有限公司,100-499人,,宁波,长春,大专,3-5年,12-18k,,,,https://www.liepin.com/job/1937293713.shtml,20210320111742,,,,
156944,猎聘,能源/化工/环保,化学,见习工艺员,企业职位,长春保卓轨道交通橡塑技术有限公司,50-99人,,宁波,长春-宽城区,本科,经验不限,3-4k,,,,https://www.liepin.com/job/1958263723.shtml,20230825110528,,,,
156945,猎聘,能源/化工/环保,化学,建筑质检/质量管理,企业职位,吉林省国泽工程检测有限公司,1-49人,,宁波,长春-高新区,大专,1-3年,4-5k,,,,https://www.liepin.com/job/1967426401.shtml,20240604142024,,,,
156946,猎聘,能源/化工/环保,化学,制酸厂普工/操作工,企业职位,吉林紫金铜业有限公司,500-999人,,宁波,延边-珲春,本科,经验不限,4-5k,,,,https://www.liepin.com/job/1956759755.shtml,20230307144119,,,,
156947,猎聘,能源/化工/环保,化学,艺术漆研发工程师,企业职位,吉林省爱上佳环保新材料有限公司,50-99人,,宁波,长春-二道区,大专,1-3年,10-12k,,,,https://www.liepin.com/job/1940467053.shtml,20210726161406,,,,
156948,猎聘,能源/化工/环保,化学,橡胶工艺员,企业职位,长春保卓轨道交通橡塑技术有限公司,50-99人,,宁波,长春-宽城区,本科,经验不限,4-6k,,,,https://www.liepin.com/job/1958263755.shtml,20230825110528,,,,
156949,猎聘,能源/化工/环保,化学,检测员,企业职位,吉林省国泽工程检测有限公司,1-49人,,宁波,长春-高新区,大专,1-3年,4-5k,,,,https://www.liepin.com/job/1967426737.shtml,20240604142024,,,,
156950,猎聘,能源/化工/环保,化学,总经理,企业职位,北京中科孚德科技有限公司,50-99人,,宁波,白山-抚松县,大专,5-10年,10-15k,,,,https://www.liepin.com/job/1961225623.shtml,20230830103421,,,,
156951,猎聘,能源/化工/环保,化学,销售工程师,企业职位,北京环宇宏业科技开发有限公司,100-499人,,宁波,吉林市-丰满区,大专,3-5年,3-5k,,,,https://www.liepin.com/job/1950718031.shtml,20220628131533,,,,
156952,猎聘,能源/化工/环保,化学,质量经理,企业职位,某国内新零售公司,1-49人,,宁波,白山,本科,3-5年,8-12k,,,,https://www.liepin.com/a/75119751.shtml,20260428082559,,,,
156953,猎聘,能源/化工/环保,化学,PMO项目专员,企业职位,中研股份,100-499人,,宁波,长春-绿园区,硕士,1-3年,7-12k,,,,https://www.liepin.com/job/1980024987.shtml,20260325145520,,,,
156954,猎聘,能源/化工/环保,化学,医药研发总监,企业职位,吉林省吴太医药集团有限公司,5000-10000人,,宁波,长春,硕士,5年以上,15-25k,,,,https://www.liepin.com/job/1980470279.shtml,20260410103924,,,,
156955,猎聘,能源/化工/环保,化学,生产总工程师/副总工程师,企业职位,吉林省吴太医药集团有限公司,5000-10000人,,宁波,长春-宽城区,本科,10年以上,15-30k,,,,https://www.liepin.com/job/1978959585.shtml,20260326143136,,,,
156956,猎聘,能源/化工/环保,化学,制造和工艺技术部负责人,企业职位,某国内互联网公司,100-499人,,宁波,长春,学历不限,10年以上,25-35k,,,,https://www.liepin.com/a/74212501.shtml,20260609091116,,,,
156957,猎聘,能源/化工/环保,化学,生产副主任,企业职位,吉林省吴太医药集团有限公司,5000-10000人,,宁波,长春-宽城区,本科,5-10年,6-9k,,,,https://www.liepin.com/job/1981538131.shtml,20260407150846,,,,
156958,猎聘,能源/化工/环保,化学,HRBP,企业职位,长春圣博玛生物材料有限公司,100-499人,,宁波,长春,统招本科,3-5年,8-12k,,,,https://www.liepin.com/job/1967092705.shtml,20260515093310,,,,
156959,猎聘,能源/化工/环保,化学,质量经理/负责人-保健食品（提供食宿）,企业职位,某国内制药公司,50-99人,,宁波,白山,统招本科,3-5年,8-12k,,,,https://www.liepin.com/a/75114657.shtml,20260609104353,,,,
156960,猎聘,能源/化工/环保,化学,药厂技术总监,企业职位,吉林省吴太医药集团有限公司,5000-10000人,,宁波,长春-宽城区,本科,10年以上,15-25k,,,,https://www.liepin.com/job/1978866697.shtml,20260410103924,,,,
156961,猎聘,能源/化工/环保,化学,高级研发工程师（博士）,企业职位,中研股份,100-499人,,宁波,长春-绿园区,博士,经验不限,18-22k,,,,https://www.liepin.com/job/1977263643.shtml,20260422085412,,,,
156962,猎聘,能源/化工/环保,化学,生产经理,企业职位,吉林省吴太医药集团有限公司,5000-10000人,,宁波,长春,本科,5年以上,9-10k,,,,https://www.liepin.com/job/1980826321.shtml,20260410103924,,,,
156963,猎聘,能源/化工/环保,化学,质量经理,企业职位,某知名公司,50-99人,,宁波,长春,统招本科,经验不限,8-12k,,,,https://www.liepin.com/a/73862561.shtml,20260325114638,,,,
156964,猎聘,能源/化工/环保,化学,质量经理,企业职位,某知名公司,100-499人,,宁波,长春,统招本科,经验不限,10-15k,,,,https://www.liepin.com/a/73862651.shtml,20260325114724,,,,
156965,猎聘,能源/化工/环保,化学,智能检测装备研发工程师,企业职位,某成都人力资源服务公司,50-99人,,宁波,长春,硕士,5-10年,10-15k,,,,https://www.liepin.com/a/74425943.shtml,20260610000947,,,,
156966,猎聘,能源/化工/环保,化学,生物质燃料化验员,企业职位,中国天楹股份有限公司,10000人以上,,宁波,辽源-龙山区,大专,3-5年,4-5k,,,,https://www.liepin.com/job/1979133923.shtml,20251215103722,,,,
156967,猎聘,能源/化工/环保,化学,冻干技术员,企业职位,长春赛诺海思生物医用材料有限公司,100-499人,,宁波,长春-二道区,大专,1-3年,4-6k,,,,https://www.liepin.com/job/1981447631.shtml,20260408111220,,,,
156968,猎聘,能源/化工/环保,化学,研发员,企业职位,长春赛诺海思生物医用材料有限公司,100-499人,,宁波,长春-二道区,本科,1-3年,4-7k,,,,https://www.liepin.com/job/1981806685.shtml,20260427133205,,,,
156969,猎聘,能源/化工/环保,化学,微生物分析主管(J13035),企业职位,凯莱英医药集团(天津)股份有限公司,5000-10000人,,宁波,延边-敦化,本科,7年以上,15-25k,,,,https://www.liepin.com/job/1981550381.shtml,20260508160442,,,,
156970,猎聘,能源/化工/环保,化学,临床监查员（长春）,企业职位,先声药业,2000-5000人,,宁波,长春-朝阳区,本科,3年以上,12-17k·14薪,,,,https://www.liepin.com/job/1981622723.shtml,20260409160320,,,,
156971,猎聘,能源/化工/环保,化学,医疗器械售后工程师（吉林）,企业职位,南京诺尔曼生物技术股份有限公司,500-999人,,宁波,通化-东昌区,大专,1-3年,5-9k,,,,https://www.liepin.com/job/1968314527.shtml,20260424085816,,,,
156972,猎聘,能源/化工/环保,化学,副总经理,企业职位,某国内知名公司,50-99人,,宁波,长春-高新区,本科,5-10年,30-50k,,,,https://www.liepin.com/a/74749415.shtml,20260417092048,,,,
156973,猎聘,能源/化工/环保,化学,高分子材料改性及加工研发工程师,企业职位,某国内知名公司,50-99人,,宁波,长春-高新区,硕士,1-3年,12-18k·13薪,,,,https://www.liepin.com/a/74749733.shtml,20260417092538,,,,
156974,猎聘,能源/化工/环保,化学,工艺主管/副主管(J12408),企业职位,凯莱英医药集团(天津)股份有限公司,5000-10000人,,宁波,延边-敦化,本科,5年以上,15-20k·13薪,,,,https://www.liepin.com/job/1981415673.shtml,20260609095137,,,,
156975,猎聘,能源/化工/环保,化学,饲料质量保证岗,企业职位,中粮肉食投资有限公司,10000人以上,,宁波,松原-长岭县,本科,经验不限,4-8k,,,,https://www.liepin.com/job/1981522153.shtml,20260608080626,,,,
156976,猎聘,能源/化工/环保,化学,高级光学工程师,企业职位,辰英科技,50-99人,,宁波,长春-经开区,硕士,5年以上,18-40k·16薪,,,,https://www.liepin.com/job/1961623659.shtml,20250618114245,,,,
156977,猎聘,能源/化工/环保,化学,医药信息沟通专员,企业职位,恒瑞医药,10000人以上,,宁波,四平-铁西区,本科,1-3年,12-17k,,,,https://www.liepin.com/job/1973110963.shtml,20260122132553,,,,
156978,猎聘,能源/化工/环保,化学,微生物分析主管(J13035),企业职位,凯莱英医药集团(天津)股份有限公司,5000-10000人,,宁波,延边-敦化,本科,5-10年,15-20k·13薪,,,,https://www.liepin.com/job/1981467561.shtml,20260609095130,,,,
156979,猎聘,能源/化工/环保,化学,人力资源总监,企业职位,长春圣博玛生物材料有限公司,100-499人,,宁波,长春-高新区,统招本科,10年以上,30-50k,,,,https://www.liepin.com/job/1968532553.shtml,20260423153819,,,,
156980,猎聘,能源/化工/环保,化学,涂装工程师(J12947),企业职位,长春一汽富维汽车零部件股份有限公司车轮分公司,,,宁波,长春-宽城区,本科,1-3年,7-10k,,,,https://www.liepin.com/job/1980561897.shtml,20260302160325,,,,
156981,猎聘,能源/化工/环保,化学,现场QA,企业职位,康宁杰瑞(吉林)生物科技有限公司,100-499人,,宁波,长春-九台区,本科,1-3年,4-6k·13薪,,,,https://www.liepin.com/job/1956533461.shtml,20250804095520,,,,
156982,猎聘,能源/化工/环保,化学,医学经理&高级医学经理,企业职位,长春百克生物科技股份公司,1000-2000人,,宁波,长春-高新区,硕士,3年以上,15-25k,,,,https://www.liepin.com/job/1981844929.shtml,20260417154132,,,,
156983,猎聘,能源/化工/环保,化学,售前技术工程师,企业职位,利穗科技(苏州)有限公司,100-499人,,宁波,长春-高新区,本科,1-3年,5-8k,,,,https://www.liepin.com/job/1973120599.shtml,20260429171728,,,,
156984,猎聘,能源/化工/环保,化学,客户质量工程师,企业职位,某知名公司,2000-5000人,,宁波,长春,本科,经验不限,10-15k·15薪,,,,https://www.liepin.com/a/73798801.shtml,20260324111338,,,,
156985,猎聘,能源/化工/环保,化学,专利工程师,企业职位,长春海谱润斯科技股份有限公司,100-499人,,宁波,长春,统招本科,经验不限,7-13k,,,,https://www.liepin.com/job/1947072683.shtml,20251225110642,,,,
156986,猎聘,能源/化工/环保,化学,生物药制剂开发科学家岗位 (MJ000565),企业职位,金赛药业,5000-10000人,,宁波,长春-朝阳区,硕士,5年以上,薪资面议,,,,https://www.liepin.com/job/1951960449.shtml,20260521095123,,,,
156987,猎聘,能源/化工/环保,化学,研发总监,企业职位,吉林省八达农药有限公司,100-499人,,宁波,长春-公主岭市,硕士,5年以上,15-25k·13薪,,,,https://www.liepin.com/job/1973118791.shtml,20250723110048,,,,
156988,猎聘,能源/化工/环保,化学,研发质控工程师,企业职位,长春圣博玛生物材料有限公司,100-499人,,宁波,长春,硕士,3-5年,8-12k,,,,https://www.liepin.com/job/1951720937.shtml,20260205115532,,,,
156989,猎聘,能源/化工/环保,化学,高级研发工程师（25/26届博士）,企业职位,中研股份,100-499人,,宁波,长春-绿园区,博士,经验不限,20-25k,,,,https://www.liepin.com/job/1980099399.shtml,20260209100707,,,,
156990,猎聘,能源/化工/环保,化学,质量/技术负责人,企业职位,长春黄金研究院有限公司,100-499人,,宁波,长春-高新区,硕士,5-10年,15-30k,,,,https://www.liepin.com/job/1978390411.shtml,20260306155510,,,,
156991,猎聘,能源/化工/环保,化学,陶瓷开发工程师(J12969),企业职位,富维股份,10000人以上,,宁波,长春-绿园区,统招本科,2年以上,8-12k,,,,https://www.liepin.com/job/1981052107.shtml,20260318160942,,,,
156992,猎聘,能源/化工/环保,化学,采购,企业职位,长春圣博玛生物材料有限公司,100-499人,,宁波,长春,本科,5-10年,6-8k·13薪,,,,https://www.liepin.com/job/1974009261.shtml,20250422115144,,,,
156993,猎聘,能源/化工/环保,化学,AI产品经理,企业职位,中研股份,100-499人,,宁波,长春-绿园区,本科,3年以上,15-25k,,,,https://www.liepin.com/job/1978248177.shtml,20251105155101,,,,
156994,猎聘,能源/化工/环保,化学,质量检验员,企业职位,长春黄金研究院有限公司,100-499人,,宁波,长春-高新区,硕士,5年以上,12-25k,,,,https://www.liepin.com/job/1979165711.shtml,20260306155510,,,,
156995,猎聘,能源/化工/环保,化学,制造和工艺技术负责人,企业职位,灿盛制药中国,500-999人,,宁波,长春-榆树,统招本科,10年以上,薪资面议,,,,https://www.liepin.com/job/1981381861.shtml,20260417105745,,,,
156996,猎聘,能源/化工/环保,化学,车间主任(J12578),企业职位,凯莱英医药集团(天津)股份有限公司,5000-10000人,,宁波,延边-敦化,本科,5年以上,15-25k,,,,https://www.liepin.com/job/1978218329.shtml,20251106103108,,,,
156997,猎聘,能源/化工/环保,化学,小发光研发工程师,企业职位,烟台艾德康生物科技有限公司,100-499人,,宁波,长春-高新区,本科,3-5年,8-15k,,,,https://www.liepin.com/job/1976418443.shtml,20250812111539,,,,
156998,猎聘,能源/化工/环保,化学,工艺总监/经理(J12408),企业职位,凯莱英医药集团(天津)股份有限公司,5000-10000人,,宁波,延边-敦化,本科,5年以上,15-25k,,,,https://www.liepin.com/job/1978364373.shtml,20251111101626,,,,
156999,猎聘,能源/化工/环保,化学,研发负责人（工作地点：吉林省梅河口市）,企业职位,惠升生物制药股份有限公司,100-499人,,宁波,长春-高新区,博士,5-10年,50-80k,,,,https://www.liepin.com/job/1981647117.shtml,20260410110514,,,,
157000,猎聘,能源/化工/环保,化学,生产经理,企业职位,四平宏宝莱饮品股份有限公司,5000-10000人,,宁波,四平-铁西区,本科,5年以上,15-20k,,,,https://www.liepin.com/job/1976199493.shtml,20250801144952,,,,
157001,猎聘,能源/化工/环保,化学,技术支持工程师,企业职位,长春德兴泉兴业商贸有限公司,1-49人,,宁波,长春-南关区,硕士,经验不限,5-8k,,,,https://www.liepin.com/job/1951113383.shtml,20231213113337,,,,
157002,猎聘,能源/化工/环保,化学,生产主管(J12405),企业职位,凯莱英医药集团(天津)股份有限公司,5000-10000人,,宁波,延边-敦化,本科,10年以上,20-30k,,,,https://www.liepin.com/job/1978218309.shtml,20251104165022,,,,
157003,猎聘,能源/化工/环保,化学,研发工程师（医美方向）,企业职位,长春圣博玛生物材料有限公司,100-499人,,宁波,长春,硕士,1-3年,8-15k,,,,https://www.liepin.com/job/1975881321.shtml,20250718155558,,,,
157004,猎聘,能源/化工/环保,化学,高分子材料改性及加工工程师,企业职位,长春吉大特塑工程研究有限公司,50-99人,,宁波,长春-高新区,本科,1-3年,8-13k·13薪,,,,https://www.liepin.com/job/1972553227.shtml,20260609101035,,,,
157005,猎聘,能源/化工/环保,化学,有机合成研发工程师,企业职位,长春吉大特塑工程研究有限公司,50-99人,,宁波,长春-高新区,硕士,3-5年,12-18k·13薪,,,,https://www.liepin.com/job/1968540869.shtml,20260609101035,,,,
157006,猎聘,能源/化工/环保,化学,生产工程师,企业职位,凯莱英医药集团(天津)股份有限公司,5000-10000人,,宁波,延边-敦化,本科,2年以上,9-12k·13薪,,,,https://www.liepin.com/job/1978110145.shtml,20251030114812,,,,
157007,猎聘,能源/化工/环保,化学,吉林长春销售助理,企业职位,卢克伊尔润滑油(中国)有限公司,100-499人,,宁波,长春-绿园区,大专,2年以上,5-6k,,,,https://www.liepin.com/job/1983182507.shtml,20260605111530,,,,
157008,猎聘,能源/化工/环保,化学,半导体工艺工程师,企业职位,某国内电子/半导体/集成电路公司,100-499人,,宁波,长春,本科,1-3年,11-15k·14薪,,,,https://www.liepin.com/a/73892007.shtml,20260325173626,,,,
157009,猎聘,能源/化工/环保,化学,酱菜类产品研发经理,企业职位,长今食品科技(吉林)集团有限公司,,,宁波,长春-宽城区,学历不限,5-10年,15-30k,,,,https://www.liepin.com/job/1981191359.shtml,20260324140326,,,,
157010,猎聘,能源/化工/环保,化学,研发负责人（工作地点：吉林省梅河口市）,企业职位,惠升生物制药股份有限公司,100-499人,,宁波,通化-梅河口,博士,5-10年,50-80k,,,,https://www.liepin.com/job/1981647113.shtml,20260410110514,,,,
157011,猎聘,能源/化工/环保,化学,质量主管,企业职位,吉林省宇邦供应链有限公司,1-49人,,宁波,白山-靖宇县,本科,3年以上,8-10k,,,,https://www.liepin.com/job/1981220511.shtml,20260325104910,,,,
157012,猎聘,能源/化工/环保,化学,智能检测装备研发工程师,企业职位,某国内环保公司,100-499人,,宁波,长春,硕士,5-10年,15-20k,,,,https://www.liepin.com/a/74648513.shtml,20260415091600,,,,
157013,猎聘,能源/化工/环保,化学,招聘专员,企业职位,长春圣博玛生物材料有限公司,100-499人,,宁波,长春,本科,5-10年,5-8k,,,,https://www.liepin.com/job/1964093431.shtml,20240109101109,,,,
157014,猎聘,能源/化工/环保,化学,蒸镀器件工程师,企业职位,吉林省元合电子材料有限公司,50-99人,,宁波,长春-宽城区,本科,5-10年,7-10k,,,,https://www.liepin.com/job/1980779529.shtml,20260310093443,,,,
157015,猎聘,能源/化工/环保,化学,研发项目主管,企业职位,长春圣博玛生物材料有限公司,100-499人,,宁波,长春,硕士,3-5年,10-20k,,,,https://www.liepin.com/job/1960827513.shtml,20230815153622,,,,
157016,猎聘,能源/化工/环保,化学,工艺整合工程师（PIE),企业职位,长光正圆,100-499人,,宁波,长春-经开区,统招本科,3年以上,12-18k·14薪,,,,https://www.liepin.com/job/1974681481.shtml,20251110112503,,,,
157017,猎聘,能源/化工/环保,化学,验证工程师（工艺开发验证）,企业职位,长春圣博玛生物材料有限公司,100-499人,,宁波,长春-高新区,硕士,3-5年,8-12k,,,,https://www.liepin.com/job/1979358577.shtml,20251224170446,,,,
157018,猎聘,能源/化工/环保,化学,医药代表（长春）,企业职位,绿叶制药集团有限公司,2000-5000人,,宁波,长春-朝阳区,大专,1-3年,6-12k,,,,https://www.liepin.com/job/1976074539.shtml,20250728140857,,,,
157019,猎聘,能源/化工/环保,化学,销售代表,企业职位,吉林省元合电子材料有限公司,50-99人,,宁波,长春-宽城区,大专,经验不限,6-10k,,,,https://www.liepin.com/job/1980710359.shtml,20260306144641,,,,
157020,猎聘,能源/化工/环保,化学,韩语/英语翻译,企业职位,吉林省元合电子材料有限公司,50-99人,,宁波,长春-宽城区,大专,1-3年,5-10k,,,,https://www.liepin.com/job/1978162713.shtml,20260305160758,,,,
157021,猎聘,能源/化工/环保,化学,前瞻技术专业设计师-固态电池开发（材料数智化开发方向）P6,企业职位,中国第一汽车股份有限公司,10000人以上,,宁波,长春-汽开区,硕士,3年以上,20-30k·16薪,,,,https://www.liepin.com/job/1981167317.shtml,20260323173941,,,,
157022,猎聘,能源/化工/环保,化学,固态电池开发主管（实验室安全方向）,企业职位,中国第一汽车股份有限公司,10000人以上,,宁波,长春-汽开区,统招本科,5年以上,20-30k·16薪,,,,https://www.liepin.com/job/1974757725.shtml,20250924135620,,,,
157023,猎聘,能源/化工/环保,化学,有机合成研究员,企业职位,长春市华凯科技有限公司,1-49人,,宁波,长春-朝阳区,本科,经验不限,5-10k·14薪,,,,https://www.liepin.com/job/1948204359.shtml,20230713104816,,,,
157024,猎聘,能源/化工/环保,化学,理化检测技术员—抚松工厂 (MJ002376),企业职位,农夫山泉,10000人以上,,宁波,白山-抚松县,大专,经验不限,5-6k,,,,https://www.liepin.com/job/1964495797.shtml,20240218152521,,,,
157025,猎聘,能源/化工/环保,化学,微生物检测技术员—抚松工厂 (MJ002014),企业职位,农夫山泉,10000人以上,,宁波,白山-抚松县,大专,经验不限,6-7k,,,,https://www.liepin.com/job/1964495833.shtml,20240218152521,,,,
157026,猎聘,能源/化工/环保,化学,生物药QA专员,企业职位,通化东宝药业股份有限公司,2000-5000人,,宁波,通化-通化县,本科,1年以上,10-15k,,,,https://www.liepin.com/job/1980417089.shtml,20260226005411,,,,
157027,猎聘,能源/化工/环保,化学,IVD 尿液检测项目经理,企业职位,长春迈克赛德医疗科技有限公司,100-499人,,宁波,长春-高新区,本科,3-5年,12-22k,,,,https://www.liepin.com/job/1979443903.shtml,20251229170614,,,,
157028,猎聘,能源/化工/环保,化学,设备（助理）工程师(J12544),企业职位,凯莱英医药集团(天津)股份有限公司,5000-10000人,,宁波,延边-敦化,本科,3-5年,8-14k·13薪,,,,https://www.liepin.com/job/1977796261.shtml,20251016095016,,,,
157029,猎聘,能源/化工/环保,化学,综合办经理/总监,企业职位,谱尼测试集团股份有限公司,5000-10000人,,宁波,长春-高新区,本科,5-10年,12-17k,,,,https://www.liepin.com/job/1971750779.shtml,20250103150447,,,,
157030,猎聘,能源/化工/环保,化学,初高中教师,企业职位,长春市东学教育培训学校有限公司,5000-10000人,,宁波,长春,本科,1-3年,10-15k,,,,https://www.liepin.com/job/1935326445.shtml,20210122092911,,,,
157031,猎聘,能源/化工/环保,化学,实验员（实习岗）,企业职位,吉林省华航环境检测有限公司,100-499人,,宁波,长春-高新区,大专,经验不限,2-3k,,,,https://www.liepin.com/job/1957112869.shtml,20230320145651,,,,
157032,猎聘,能源/化工/环保,化学,汽车涂装工艺工程师,企业职位,机械工业第九设计研究院股份有限公司,500-999人,,宁波,长春,统招本科,3-5年,8-20k,,,,https://www.liepin.com/job/1947088673.shtml,20260430165450,,,,
157033,猎聘,能源/化工/环保,化学,高级产品经理,企业职位,吉化集团吉林市星云化工有限公司,10000人以上,,宁波,吉林市-龙潭区,本科,3-5年,10-20k,,,,https://www.liepin.com/job/1977910875.shtml,20251021164349,,,,
157034,猎聘,能源/化工/环保,化学,兼职老师,企业职位,吉林省一诚教育咨询集团有限公司,50-99人,,宁波,长春-宽城区,本科,经验不限,4-9k,,,,https://www.liepin.com/job/1974630917.shtml,20250618133851,,,,
157035,猎聘,能源/化工/环保,化学,全职教师,企业职位,吉林市九华外事学校,100-499人,,宁波,吉林市,本科,经验不限,10-15k,,,,https://www.liepin.com/job/1975703579.shtml,20250711085219,,,,
157036,猎聘,能源/化工/环保,化学,医学信息沟通专员,企业职位,四川济生堂药业有限公司,500-999人,,宁波,吉林市,大专,1-3年,8-10k,,,,https://www.liepin.com/job/1978464547.shtml,20251114103548,,,,
157037,猎聘,能源/化工/环保,化学,宠物药品研发管理,企业职位,吉林省澳源医药科技有限公司,100-499人,,宁波,长春-净月区,博士,3年以上,10-20k,,,,https://www.liepin.com/job/1978579205.shtml,20251119151237,,,,
157038,猎聘,能源/化工/环保,化学,医院化验室技术员,企业职位,吉林保信康科技有限公司,,,宁波,长春,大专,经验不限,5-6k,,,,https://www.liepin.com/job/1979008325.shtml,20251209105921,,,,
157039,猎聘,能源/化工/环保,化学,市场专员,企业职位,长春海谱润斯科技股份有限公司,100-499人,,宁波,长春-宽城区,本科,经验不限,5-10k,,,,https://www.liepin.com/job/1979447923.shtml,20251229203658,,,,
157040,猎聘,能源/化工/环保,化学,外语教师,企业职位,岳阳环思文化传播有限公司,1-49人,,宁波,长春-朝阳区,本科,经验不限,3-7k,,,,https://www.liepin.com/job/1977349745.shtml,20250919093544,,,,
157041,猎聘,能源/化工/环保,化学,QC组长,企业职位,天昌元医药(吉林)股份有限公司,100-499人,,宁波,通化-梅河口,本科,经验不限,5-8k,,,,https://www.liepin.com/job/1978074577.shtml,20251029100747,,,,
157042,猎聘,能源/化工/环保,化学,电泳喷涂工程师,企业职位,吉林金洪汽车部件股份有限公司,500-999人,,宁波,吉林市-永吉县,本科,3-5年,6-10k,,,,https://www.liepin.com/job/1972431313.shtml,20250718174218,,,,
157043,猎聘,能源/化工/环保,化学,生产经理,企业职位,四平宏宝莱饮品股份有限公司,5000-10000人,,宁波,四平-铁西区,本科,5年以上,15-20k,,,,https://www.liepin.com/job/1975842391.shtml,20250717112213,,,,
157044,猎聘,能源/化工/环保,化学,QC质检员,企业职位,吉林亚泰永安堂药业有限公司,100-499人,,宁波,长春-高新区,统招本科,1-3年,3-5k,,,,https://www.liepin.com/job/1966395227.shtml,20250923105704,,,,
157045,猎聘,能源/化工/环保,化学,微生物检验技术员,企业职位,天昌元医药(吉林)股份有限公司,100-499人,,宁波,通化-梅河口,大专,1年以上,3-4k,,,,https://www.liepin.com/job/1978649009.shtml,20251122084442,,,,
157046,猎聘,能源/化工/环保,化学,二次配工程师,企业职位,长春国科精密光学技术有限公司,100-499人,,宁波,长春-经开区,本科,3年以上,9-17k·13薪,,,,https://www.liepin.com/job/1971163039.shtml,20241210161644,,,,
157047,猎聘,能源/化工/环保,化学,化验主管,企业职位,广泽乳业有限公司,,,宁波,长春-二道区,统招本科,5年以上,8-10k,,,,https://www.liepin.com/job/1972314605.shtml,20250305131938,,,,
157048,猎聘,能源/化工/环保,化学,销售员（吉林）,企业职位,上海北裕分析仪器股份有限公司,50-99人,,宁波,长春-宽城区,本科,5-10年,5-10k,,,,https://www.liepin.com/job/1976330863.shtml,20250807151658,,,,
157049,猎聘,能源/化工/环保,化学,纯化研究员,企业职位,金赛药业,5000-10000人,,宁波,延边,本科,经验不限,7-12k·14薪,,,,https://www.liepin.com/job/1952326371.shtml,20220901165137,,,,
157050,猎聘,能源/化工/环保,化学,品控员,企业职位,吉林农安牧原农牧有限公司,10000人以上,,宁波,长春-农安县,本科,经验不限,6-8k,,,,https://www.liepin.com/job/1971958125.shtml,20250116091449,,,,
157051,猎聘,能源/化工/环保,化学,质量经理,企业职位,吉林瑞尔康光学科技有限公司,1000-2000人,,宁波,吉林市-永吉县,大专,5-10年,7-12k,,,,https://www.liepin.com/job/1972611089.shtml,20250222155409,,,,
157052,猎聘,能源/化工/环保,化学,初高中教师,企业职位,吉林世纪慧聪教育咨询服务有限公司,1-49人,,宁波,吉林市-船营区,本科,经验不限,10-15k,,,,https://www.liepin.com/job/1954285181.shtml,20221123105021,,,,
157053,猎聘,能源/化工/环保,化学,安全工程师,企业职位,吉林奥来德光电材料股份有限公司,100-499人,,宁波,长春-宽城区,本科,经验不限,5-8k,,,,https://www.liepin.com/job/1967372739.shtml,20241107090617,,,,
157054,猎聘,能源/化工/环保,化学,质量经理,企业职位,吉林瑞尔康光学科技有限公司,1000-2000人,,宁波,吉林市-永吉县,大专,5年以上,8-15k,,,,https://www.liepin.com/job/1973203217.shtml,20250318131140,,,,
157055,猎聘,能源/化工/环保,化学,检验员,企业职位,北京兴德通医药科技股份有限公司,100-499人,,宁波,通化-东昌区,大专,3-5年,3-5k,,,,https://www.liepin.com/job/1970845431.shtml,20250928094724,,,,
157056,猎聘,能源/化工/环保,化学,项目研究员,企业职位,北京兴德通医药科技股份有限公司,100-499人,,宁波,通化-东昌区,大专,3-5年,3-5k,,,,https://www.liepin.com/job/1970847185.shtml,20250928094806,,,,
157057,猎聘,能源/化工/环保,化学,高中理科伴学师（助教）,企业职位,长春市学嗨网络信息科技有限责任公司,1-49人,,宁波,长春-高新区,本科,经验不限,2-4k,,,,https://www.liepin.com/job/1970871837.shtml,20241118174428,,,,
157058,猎聘,能源/化工/环保,化学,高中化学教师,企业职位,长春市优达教育培训学校有限公司,50-99人,,宁波,长春,本科,3-5年,10-15k,,,,https://www.liepin.com/job/1945762845.shtml,20211217102945,,,,
157059,猎聘,能源/化工/环保,化学,药品研发,企业职位,吉林瑞尔康光学科技有限公司,1000-2000人,,宁波,吉林市-永吉县,硕士,经验不限,8-12k,,,,https://www.liepin.com/job/1968896473.shtml,20240808084330,,,,
157060,猎聘,能源/化工/环保,化学,甲醇车间主任/副主任,企业职位,中国天楹股份有限公司,10000人以上,,宁波,辽源-龙山区,统招本科,10年以上,15-20k,,,,https://www.liepin.com/job/1967834287.shtml,20241204095421,,,,
157061,猎聘,能源/化工/环保,化学,药品生产/质量管理,企业职位,西格曼生物工程(长春)有限公司,50-99人,,宁波,长春-南关区,本科,5-10年,6-8k,,,,https://www.liepin.com/job/1929112721.shtml,20230426172052,,,,
157062,猎聘,能源/化工/环保,化学,发酵员,企业职位,吉林省敖腾生物科技有限责任公司,50-99人,,宁波,延边-敦化,大专,1-3年,5-7k,,,,https://www.liepin.com/job/1951523371.shtml,20220810160323,,,,
157063,猎聘,能源/化工/环保,化学,制剂总监,企业职位,飞凡生物制药(长春)有限公司,100-499人,,宁波,长春-九台区,本科,5-10年,25-40k,,,,https://www.liepin.com/job/1964602531.shtml,20240205092413,,,,
157064,猎聘,能源/化工/环保,化学,大客户销售,企业职位,长春合盛源科技发展有限公司,1-49人,,宁波,长春-南关区,大专,1-3年,4-8k,,,,https://www.liepin.com/job/1963528675.shtml,20251210105207,,,,
157065,猎聘,能源/化工/环保,化学,药理总监,企业职位,信义核新(北京)生物科技有限公司,1-49人,,宁波,长春-宽城区,硕士,10年以上,20-35k,,,,https://www.liepin.com/job/1961170113.shtml,20230912154924,,,,
157066,猎聘,能源/化工/环保,化学,专利工程师,企业职位,吉林新发知识产权服务有限公司,1-49人,,宁波,吉林市,统招本科,经验不限,4-9k,,,,https://www.liepin.com/job/1947430119.shtml,20220228091113,,,,
157067,猎聘,能源/化工/环保,化学,体外诊断试剂研发,企业职位,博谱(长春)生物科技有限公司,1-49人,,宁波,长春-高新区,硕士,3-5年,6-18k,,,,https://www.liepin.com/job/1971265875.shtml,20241206144210,,,,
157068,猎聘,能源/化工/环保,化学,销售工程师,企业职位,长春合盛源科技发展有限公司,1-49人,,宁波,长春-南关区,大专,1-3年,4-8k,,,,https://www.liepin.com/job/1963525183.shtml,20251210105207,,,,
157069,猎聘,能源/化工/环保,化学,工艺工程师,企业职位,长光圆辰,50-99人,,宁波,长春-经开区,统招本科,经验不限,7-12k·14薪,,,,https://www.liepin.com/job/1914571195.shtml,20230323083441,,,,
157070,猎聘,能源/化工/环保,化学,销售代表,企业职位,长春合盛源科技发展有限公司,1-49人,,宁波,长春-南关区,大专,1-3年,4-8k,,,,https://www.liepin.com/job/1963527991.shtml,20251210105207,,,,
157071,猎聘,能源/化工/环保,化学,销售顾问,企业职位,长春合盛源科技发展有限公司,1-49人,,宁波,长春-南关区,大专,1-3年,4-8k,,,,https://www.liepin.com/job/1963528303.shtml,20251210105207,,,,
157072,猎聘,能源/化工/环保,化学,生物研发高级研究员,企业职位,信义核新(北京)生物科技有限公司,1-49人,,宁波,长春-高新区,博士,经验不限,15-25k,,,,https://www.liepin.com/job/1957350981.shtml,20230912154924,,,,
157073,猎聘,能源/化工/环保,化学,药品项目生产负责人,企业职位,辽源市银鹰制药有限责任公司,100-499人,,宁波,辽源-龙山区,本科,5-10年,8-15k,,,,https://www.liepin.com/job/1972686421.shtml,20250408140028,,,,
157074,猎聘,能源/化工/环保,化学,药品采购员,企业职位,乐药集团,2000-5000人,,宁波,长春-二道区,大专,5-10年,6-10k,,,,https://www.liepin.com/job/1968808325.shtml,20241122112717,,,,
157075,猎聘,能源/化工/环保,化学,研发工程师,企业职位,长春天明盛科技有限公司,100-499人,,宁波,长春,本科,1-3年,6-10k,,,,https://www.liepin.com/job/1962585345.shtml,20231031144635,,,,
157076,猎聘,能源/化工/环保,化学,弹药研究所研发专责,企业职位,吉林江机特种工业有限公司,2000-5000人,,宁波,吉林市-龙潭区,硕士,1-3年,11-15k,,,,https://www.liepin.com/job/1952432229.shtml,20240528191208,,,,
157077,猎聘,能源/化工/环保,化学,计量校准工程师,企业职位,邦盟检测集团有限公司,100-499人,,宁波,长春-经开区,本科,1-3年,4-8k,,,,https://www.liepin.com/job/1958261565.shtml,20231114114538,,,,
157078,猎聘,能源/化工/环保,化学,环安工程师,企业职位,中自科技,500-999人,,宁波,长春-汽开区,大专,3-5年,6-8k,,,,https://www.liepin.com/job/1947367851.shtml,20220223094805,,,,
157079,猎聘,能源/化工/环保,化学,药品采购组长(J10013),企业职位,乐药集团,2000-5000人,,宁波,长春-二道区,大专,5-10年,8-12k,,,,https://www.liepin.com/job/1969465951.shtml,20241122112648,,,,
157080,猎聘,能源/化工/环保,化学,环保项目经理,企业职位,绿格兰(天津)环保科技有限公司,1-49人,,宁波,长春-净月区,本科,3-5年,4-6k,,,,https://www.liepin.com/job/1963394207.shtml,20231205120737,,,,
157081,猎聘,能源/化工/环保,化学,质量检测员,企业职位,中冠生物科技(珲春)有限公司,1-49人,,宁波,延边-珲春,本科,经验不限,2-4k,,,,https://www.liepin.com/job/1932723121.shtml,20211027105155,,,,
157082,猎聘,能源/化工/环保,化学,研发工程师,企业职位,上海博汇美萃生物科技有限公司,,,宁波,长春,本科,3-5年,6-10k,,,,https://www.liepin.com/job/1963232175.shtml,20231128110758,,,,
157083,猎聘,能源/化工/环保,化学,库管,企业职位,吉林奥来德光电材料股份有限公司,100-499人,,宁波,长春-宽城区,大专,经验不限,4-6k,,,,https://www.liepin.com/job/1971507793.shtml,20241219112908,,,,
157084,猎聘,能源/化工/环保,化学,质量检测,企业职位,长春邦尔生物工程有限公司,50-99人,,宁波,长春-九台区,大专,1-3年,3-5k,,,,https://www.liepin.com/job/1966288139.shtml,20240416144453,,,,
157085,猎聘,能源/化工/环保,化学,药店营业员,企业职位,吉林市吉良大药房有限公司,,,宁波,吉林市-昌邑区,中专/中技,1-3年,3-5k,,,,https://www.liepin.com/job/1964659567.shtml,20240217125030,,,,
157086,猎聘,能源/化工/环保,化学,新材料技术总监,企业职位,吉林省讯达科技发展有限公司,500-999人,,宁波,四平-铁东区,本科,1-3年,8-15k,,,,https://www.liepin.com/job/1967386001.shtml,20240531164548,,,,
157087,猎聘,能源/化工/环保,化学,集团研发副总经理（负责人）,猎头职位,某国内大型制药公司,500-999人,,宁波,长春,本科,经验不限,50-80k,,,,https://www.liepin.com/a/76595065.shtml,20260609170651,,,,
157088,猎聘,能源/化工/环保,化学,MSAT制剂主任工,猎头职位,某国内大型制药公司,5000-10000人,,宁波,长春,统招本科,5-10年,25-35k,,,,https://www.liepin.com/a/76564999.shtml,20260609104407,,,,
157089,猎聘,能源/化工/环保,化学,化学教研组长,企业职位,某国内学校教育公司,100-499人,,昆明,南昌,硕士,3-5年,17-25k,,,,https://www.liepin.com/a/75243789.shtml,20260526090532,,,,
157090,猎聘,能源/化工/环保,化学,【研发副总监】年薪百万 base江西九江 纺织纤维行业 生物基纤维 化学纤维 高分子纤维（涤纶、芳纶）,企业职位,某北京大型人力资源服务公司,5000-10000人,,昆明,九江,博士,经验不限,60-70k·15薪,,,,https://www.liepin.com/a/75727545.shtml,20260515175006,,,,
157091,猎聘,能源/化工/环保,化学,研发副总监-年薪100万内，纺织纤维/生物基纤维/化学纤维/高分子纤维如涤纶、芳纶等均可，要博士，Base江西，35-48岁,企业职位,某国内大型专业服务公司,500-999人,,昆明,九江,博士,10年以上,40-70k·15薪,,,,https://www.liepin.com/a/75729381.shtml,20260515184714,,,,
157092,猎聘,能源/化工/环保,化学,竞赛教练老师（数学、化学）,企业职位,某国内学校教育公司,100-499人,,昆明,南昌,统招本科,3-5年,25-35k,,,,https://www.liepin.com/a/73899513.shtml,20260603161336,,,,
157093,猎聘,能源/化工/环保,化学,A Level化学组长,企业职位,北京顶思致远教育咨询有限公司,1-49人,,昆明,南昌-红谷滩区,本科,5年以上,20-30k,,,,https://www.liepin.com/job/1982970767.shtml,20260529093845,,,,
157094,猎聘,能源/化工/环保,化学,数学、化学竞赛老师,企业职位,某国内学校教育公司,100-499人,,昆明,南昌,硕士,5-10年,30-40k,,,,https://www.liepin.com/a/74086179.shtml,20260608151528,,,,
157095,猎聘,能源/化工/环保,化学,研发工程师（化学合成）,企业职位,兄弟科技股份有限公司,1000-2000人,,昆明,九江-彭泽县,统招本科,3年以上,12-16k·15薪,,,,https://www.liepin.com/job/1946542403.shtml,20260608131432,,,,
157096,猎聘,能源/化工/环保,化学,生产副总（化学原料药）,企业职位,某国内制药公司,100-499人,,昆明,宜春-樟树,本科,10年以上,30-40k,,,,https://www.liepin.com/a/75953067.shtml,20260522142050,,,,
157097,猎聘,能源/化工/环保,化学,化学实验室研究员（五险双休）,企业职位,重庆磊开建材有限公司,100-499人,,昆明,南昌-红谷滩区,本科,2年以上,10-20k·13薪,,,,https://www.liepin.com/job/1982824417.shtml,20260609134312,,,,
157098,猎聘,能源/化工/环保,化学,化学分析员,企业职位,安德力,100-499人,,昆明,南昌-安义县,大专,经验不限,6-7k,,,,https://www.liepin.com/job/1981120033.shtml,20260320154149,,,,
157099,猎聘,能源/化工/环保,化学,数学、化学竞赛教练,企业职位,某国内学校教育公司,100-499人,,昆明,南昌,统招本科,经验不限,25-35k,,,,https://www.liepin.com/a/74554009.shtml,20260413123806,,,,
157100,猎聘,能源/化工/环保,化学,博士（有机化学方向）,企业职位,某国内化工公司,100-499人,,昆明,吉安-永新县,博士,1-3年,20-35k,,,,https://www.liepin.com/a/75682603.shtml,20260519171118,,,,
157101,猎聘,能源/化工/环保,化学,制浆厂厂长（化学浆）,企业职位,华劲集团,2000-5000人,,昆明,赣州-章贡区,本科,10年以上,40-60k,,,,https://www.liepin.com/job/1980164857.shtml,20260423165727,,,,
157102,猎聘,能源/化工/环保,化学,化学分析员,企业职位,江西强宇新能源有限公司,500-999人,,昆明,宜春-万载县,大专,1-3年,5-6k,,,,https://www.liepin.com/job/1979892817.shtml,20260120211744,,,,
157103,猎聘,能源/化工/环保,化学,化学竞赛教练,企业职位,某国内学校教育公司,100-499人,,昆明,南昌,统招本科,经验不限,25-35k,,,,https://www.liepin.com/a/74672307.shtml,20260605122935,,,,
157104,猎聘,能源/化工/环保,化学,化学分析员,企业职位,寒锐钴业,1000-2000人,,昆明,南昌-红谷滩区,大专,2年以上,7-19k·13薪,,,,https://www.liepin.com/job/1978046411.shtml,20251028110405,,,,
157105,猎聘,能源/化工/环保,化学,化学分析员,企业职位,寒锐钴业,1000-2000人,,昆明,赣州-章贡区,大专,2年以上,7-19k·13薪,,,,https://www.liepin.com/job/1978046409.shtml,20251028110419,,,,
157106,猎聘,能源/化工/环保,化学,材料、化学检测师,企业职位,江西华恒工程检测有限公司,50-99人,,昆明,南昌-南昌县,本科,经验不限,5-10k,,,,https://www.liepin.com/job/1962029901.shtml,20231008113159,,,,
157107,猎聘,能源/化工/环保,化学,化学实验室技术员,企业职位,江西澳特莱新材料有限公司,100-499人,,昆明,上饶-弋阳县,大专,1-3年,6-10k,,,,https://www.liepin.com/job/1960030757.shtml,20230726095059,,,,
157108,猎聘,能源/化工/环保,化学,alevel化学教研组长,企业职位,南昌启华双语学校,100-499人,,昆明,南昌-红谷滩区,硕士,5-10年,20-30k,,,,https://www.liepin.com/job/1982052225.shtml,20260511151224,,,,
157109,猎聘,能源/化工/环保,化学,化学教师,企业职位,北京中公教育科技有限公司江西分公司,10000人以上,,昆明,南昌-东湖区,本科,经验不限,5-10k,,,,https://www.liepin.com/job/1926828413.shtml,20200320160014,,,,
157110,猎聘,能源/化工/环保,化学,化学分析,企业职位,江西有源工业废物回收处理有限公司,1-49人,,昆明,吉安,中专/中技,经验不限,4-6k,,,,https://www.liepin.com/job/1934309821.shtml,20201215093618,,,,
157111,猎聘,能源/化工/环保,化学,化学分析,企业职位,上饶美康医学健康体检中心有限公司,100-499人,,昆明,上饶,大专,1-3年,4-6k,,,,https://www.liepin.com/job/1940805239.shtml,20210707102625,,,,
157112,猎聘,能源/化工/环保,化学,化学分析员,企业职位,江西中誉检测有限公司,1-49人,,昆明,鹰潭-月湖区,大专,经验不限,3-6k,,,,https://www.liepin.com/job/1977930677.shtml,20251205114805,,,,
157113,猎聘,能源/化工/环保,化学,材料、化学检测员,企业职位,江西华恒工程检测有限公司,50-99人,,昆明,南昌-南昌县,本科,经验不限,5-10k,,,,https://www.liepin.com/job/1962030137.shtml,20231008113136,,,,
157114,猎聘,能源/化工/环保,化学,化学分析员,企业职位,抚州市源豪检测技术有限公司,50-99人,,昆明,抚州-临川区,大专,经验不限,3-4k,,,,https://www.liepin.com/job/1959391939.shtml,20240401113930,,,,
157115,猎聘,能源/化工/环保,化学,化学分析,企业职位,抚州市源豪检测技术有限公司,50-99人,,昆明,抚州-临川区,大专,经验不限,3-4k,,,,https://www.liepin.com/job/1959392245.shtml,20240401113930,,,,
157116,猎聘,能源/化工/环保,化学,数学、化学竞赛教练,企业职位,某国内学校教育公司,100-499人,,昆明,南昌,本科,5年以上,17-30k,,,,https://www.liepin.com/a/75780993.shtml,20260606172213,,,,
157117,猎聘,能源/化工/环保,化学,ALevel化学老师,企业职位,北京顶思致远教育咨询有限公司,1-49人,,昆明,南昌-红谷滩区,统招本科,1-3年,11-20k,,,,https://www.liepin.com/job/1975496079.shtml,20250702111327,,,,
157118,猎聘,能源/化工/环保,化学,应届硕士（制药工程、化学工程专业）,企业职位,兄弟科技股份有限公司,1000-2000人,,昆明,九江,硕士,经验不限,9-12k·14薪,,,,https://www.liepin.com/job/1975955461.shtml,20260608131432,,,,
157119,猎聘,能源/化工/环保,化学,国际学科教师-化学/物理/数学,企业职位,新东方教育科技集团有限公司,10000人以上,,昆明,南昌-红谷滩区,统招本科,经验不限,8-24k,,,,https://www.liepin.com/job/1980035377.shtml,20260127180631,,,,
157120,猎聘,能源/化工/环保,化学,化学分析员,企业职位,江西天新药业股份有限公司,2000-5000人,,昆明,景德镇-乐平,大专,3年以上,7-11k·13薪,,,,https://www.liepin.com/job/1978321745.shtml,20251114081222,,,,
157121,猎聘,能源/化工/环保,化学,VIP高中学习机化学教师(J42672),企业职位,新东方教育科技集团有限公司,10000人以上,,昆明,南昌,本科,经验不限,8-15k,,,,https://www.liepin.com/job/1965019713.shtml,20240228110554,,,,
157122,猎聘,能源/化工/环保,化学,化学分析员,企业职位,奉新时代新能源材料有限公司,1000-2000人,,昆明,宜春-奉新县,大专,经验不限,5-7k,,,,https://www.liepin.com/job/1968952573.shtml,20240810103041,,,,
157123,猎聘,能源/化工/环保,化学,化学实验员,企业职位,江西鑫元环保科技有限公司,1-49人,,昆明,上饶,大专,经验不限,5-8k·13薪,,,,https://www.liepin.com/job/1949365539.shtml,20220505053015,,,,
157124,猎聘,能源/化工/环保,化学,化学实验室技术员,企业职位,江西皓元生物科技有限公司,50-99人,,昆明,上饶,大专,经验不限,5-10k,,,,https://www.liepin.com/job/1951390185.shtml,20220726082445,,,,
157125,猎聘,能源/化工/环保,化学,竞赛教练  （数学.计算机.物理.化学.生物）,企业职位,江西文钦教育产业集团,1000-2000人,,昆明,赣州-章贡区,本科,3-5年,13-25k,,,,https://www.liepin.com/job/1983274251.shtml,20260609111707,,,,
157126,猎聘,能源/化工/环保,化学,双语化学（ALEVEL）,企业职位,某国内学校教育公司,100-499人,,昆明,南昌,本科,3-5年,16-21k,,,,https://www.liepin.com/a/76336571.shtml,20260606114200,,,,
157127,猎聘,能源/化工/环保,化学,初高中九大学科老师（语文、数学、英语、政治、历史、地理、生物、物理、化学）,企业职位,江西金太阳教育研究有限公司,2000-5000人,,昆明,南昌,统招本科,5-10年,15-20k,,,,https://www.liepin.com/job/1951090699.shtml,20220920180738,,,,
157128,猎聘,能源/化工/环保,化学,Alevel 化学教师,企业职位,江西师范大学附属中学国际部,1-49人,,昆明,南昌-红谷滩区,本科,经验不限,10-15k,,,,https://www.liepin.com/job/1973436257.shtml,20251119144903,,,,
157129,猎聘,能源/化工/环保,化学,化学工程师,企业职位,江西博亚高新技术有限公司,50-99人,,昆明,南昌-青云谱区,本科,3-5年,30-50k,,,,https://www.liepin.com/job/1966324365.shtml,20240923132927,,,,
157130,猎聘,能源/化工/环保,化学,双语化学/物理老师,企业职位,江西文钦教育产业集团,1000-2000人,,昆明,赣州-章贡区,统招本科,1-3年,11-22k,,,,https://www.liepin.com/job/1958502401.shtml,20230512110944,,,,
157131,猎聘,能源/化工/环保,化学,高中数学 物理 化学老师,企业职位,南昌九州教育科技有限公司,100-499人,,昆明,南昌,本科,经验不限,10-15k,,,,https://www.liepin.com/job/1955423109.shtml,20230111091650,,,,
157132,猎聘,能源/化工/环保,化学, 化学研发博士,企业职位,九江善水科技,500-999人,,昆明,九江-彭泽县,博士,经验不限,20-30k,,,,https://www.liepin.com/job/1955223531.shtml,20230911083156,,,,
157133,猎聘,能源/化工/环保,化学,双语化学教师,企业职位,新东方教育科技集团有限公司,10000人以上,,昆明,南昌-红谷滩区,硕士,经验不限,15-20k,,,,https://www.liepin.com/job/1946256475.shtml,20220107182125,,,,
157134,猎聘,能源/化工/环保,化学,化学老师（高中）,企业职位,丰城市博雅学校有限公司,50-99人,,昆明,宜春,本科,经验不限,8-13k,,,,https://www.liepin.com/job/1955004561.shtml,20231219140949,,,,
157135,猎聘,能源/化工/环保,化学,高中大班化学（离职替补）,企业职位,某国内大型培训服务公司,2000-5000人,,昆明,南昌,统招本科,3-5年,10-15k,,,,https://www.liepin.com/a/76503401.shtml,20260608092325,,,,
157136,猎聘,能源/化工/环保,化学,钠电正极材料研发工程师,企业职位,吉利科技集团有限公司,2000-5000人,,昆明,宜春-袁州区,本科,5年以上,18-25k,,,,https://www.liepin.com/job/1982853805.shtml,20260526091414,,,,
157137,猎聘,能源/化工/环保,化学,电芯工艺资深工程师（南昌）,企业职位,某深圳大型新能源公司,10000人以上,,昆明,南昌,统招本科,8年以上,20-35k·14薪,,,,https://www.liepin.com/a/76215785.shtml,20260609104852,,,,
157138,猎聘,能源/化工/环保,化学,材料开发主任工程师/资深工程师/工程师,企业职位,赣锋锂业集团,5000-10000人,,昆明,新余-渝水区,硕士,1-3年,15-40k·13薪,,,,https://www.liepin.com/job/1978913671.shtml,20260525110756,,,,
157139,猎聘,能源/化工/环保,化学,农药登记SD/试验项目负责人,企业职位,华辰检测,500-999人,,昆明,南昌-南昌县,本科,3年以上,12-20k·15薪,,,,https://www.liepin.com/job/1980868143.shtml,20260609164014,,,,
157140,猎聘,能源/化工/环保,化学,生产经理,企业职位,某国内大型制药公司,1000-2000人,,昆明,赣州-章贡区,统招本科,5年以上,25-35k·14薪,,,,https://www.liepin.com/a/75481229.shtml,20260510075639,,,,
157141,猎聘,能源/化工/环保,化学,有机合成助理研究员,企业职位,江西麦德森医药科技有限公司,1-49人,,昆明,南昌,大专,1-3年,4-7k,,,,https://www.liepin.com/job/1982220801.shtml,20260608144737,,,,
157142,猎聘,能源/化工/环保,化学,QA（GLP体系）—药效方向,企业职位,华辰检测,500-999人,,昆明,南昌-南昌县,统招本科,3年以上,9-15k,,,,https://www.liepin.com/job/1979217977.shtml,20260609164014,,,,
157143,猎聘,能源/化工/环保,化学,客服工程师,企业职位,立探新能源,1-49人,,昆明,赣州-章贡区,本科,3-5年,8-12k,,,,https://www.liepin.com/job/1983030471.shtml,20260601141920,,,,
157144,猎聘,能源/化工/环保,化学,药物合成,企业职位,某知名公司,1-49人,,昆明,九江-彭泽县,大专,3-5年,10-15k·13薪,,,,https://www.liepin.com/a/75794723.shtml,20260518202758,,,,
157145,猎聘,能源/化工/环保,化学,设备工程总监/副总经理,企业职位,某知名公司,50-99人,,昆明,南昌,本科,10年以上,60-80k·14薪,,,,https://www.liepin.com/a/75639577.shtml,20260513172510,,,,
157146,猎聘,能源/化工/环保,化学,工厂副厂长,企业职位,中微半导体设备(上海)股份有限公司,2000-5000人,,昆明,南昌-高新区,统招本科,10年以上,薪资面议,,,,https://www.liepin.com/job/1983139853.shtml,20260604111609,,,,
157147,猎聘,能源/化工/环保,化学,研发副总监,企业职位,某外资化工企业,2000-5000人,,昆明,九江,博士,5-10年,50-70k·15薪,,,,https://www.liepin.com/a/75963681.shtml,20260603104923,,,,
157148,猎聘,能源/化工/环保,化学,QA 专员,企业职位,德之馨(中国)投资有限公司,500-999人,,昆明,鹰潭-月湖区,统招本科,经验不限,4-8k,,,,https://www.liepin.com/job/1983029383.shtml,20260601141602,,,,
157149,猎聘,能源/化工/环保,化学,工厂厂长,企业职位,某深圳贸易进出口上市公司,100-499人,,昆明,赣州,本科,10年以上,30-50k·14薪,,,,https://www.liepin.com/a/74972125.shtml,20260529130622,,,,
157150,猎聘,能源/化工/环保,化学,产品研发工程师,企业职位,江西柔震科技有限公司,1-49人,,昆明,赣州-信丰县,硕士,2年以上,10-18k·13薪,,,,https://www.liepin.com/job/1982992735.shtml,20260529171405,,,,
157151,猎聘,能源/化工/环保,化学,生产工艺员,企业职位,科星生物工程,100-499人,,昆明,南昌-高新区,中专/中技,1-3年,7-8k,,,,https://www.liepin.com/job/1980024409.shtml,20260529122141,,,,
157152,猎聘,能源/化工/环保,化学,芯片工艺工程师,企业职位,乾照光电,2000-5000人,,昆明,南昌-新建区,统招本科,3-5年,10-20k,,,,https://www.liepin.com/job/1968725125.shtml,20260402100054,,,,
157153,猎聘,能源/化工/环保,化学,研发副总监,企业职位,某上海大型化工公司,2000-5000人,,昆明,九江,学历不限,10年以上,40-50k,,,,https://www.liepin.com/a/74753831.shtml,20260516145129,,,,
157154,猎聘,能源/化工/环保,化学,供应商质量管理,企业职位,立探新能源,1-49人,,昆明,赣州-章贡区,本科,1-3年,9-18k,,,,https://www.liepin.com/job/1983035929.shtml,20260601153529,,,,
157155,猎聘,能源/化工/环保,化学,品管专员,企业职位,某国内大型餐饮业公司,10000人以上,,昆明,南昌,学历不限,3-5年,15-25k·14薪,,,,https://www.liepin.com/a/76266649.shtml,20260601153506,,,,
157156,猎聘,能源/化工/环保,化学,环保部长助理,企业职位,某国内制药公司,5000-10000人,,昆明,宜春,本科,5-10年,15-21k,,,,https://www.liepin.com/a/73257913.shtml,20260608092714,,,,
157157,猎聘,能源/化工/环保,化学,芯片研发工程师,企业职位,乾照光电,2000-5000人,,昆明,南昌-新建区,统招本科,3-5年,15-20k,,,,https://www.liepin.com/job/1962516721.shtml,20260518100340,,,,
157158,猎聘,能源/化工/环保,化学,生产经理-原料药,企业职位,青峰药业,1000-2000人,,昆明,赣州-章贡区,本科,5年以上,19-26k·13薪,,,,https://www.liepin.com/job/1976249553.shtml,20260603163059,,,,
157159,猎聘,能源/化工/环保,化学,研究员,企业职位,江西汇和化工有限公司,100-499人,,昆明,九江-永修县,硕士,1-3年,8-10k·15薪,,,,https://www.liepin.com/job/1965421907.shtml,20260512103612,,,,
157160,猎聘,能源/化工/环保,化学,电芯生产经理,企业职位,浙江吉利控股集团,10000人以上,,昆明,赣州-南康区,大专,5-10年,16-22k,,,,https://www.liepin.com/job/1981539931.shtml,20260602092038,,,,
157161,猎聘,能源/化工/环保,化学,有色金属检测工程师/主管,企业职位,微谱,1000-2000人,,昆明,赣州-章贡区,本科,5-10年,8-13k,,,,https://www.liepin.com/job/1981591495.shtml,20260609094726,,,,
157162,猎聘,能源/化工/环保,化学,电芯产品开发总监/主任工程师/资深工程师/工程师,企业职位,赣锋锂业集团,5000-10000人,,昆明,新余-渝水区,本科,3年以上,15-40k·13薪,,,,https://www.liepin.com/job/1978913537.shtml,20260525110756,,,,
157163,猎聘,能源/化工/环保,化学,电解液开发工程师-三元/钴酸锂/硅碳负极体系,企业职位,某国内大型新能源公司,1000-2000人,,昆明,赣州,硕士,3-5年,18-26k·13薪,,,,https://www.liepin.com/a/75025315.shtml,20260514161052,,,,
157164,猎聘,能源/化工/环保,化学,碳材料专家（副总）,企业职位,锂凰科技,50-99人,,昆明,宜春-丰城,硕士,5-10年,20-30k·13薪,,,,https://www.liepin.com/job/1981732069.shtml,20260414100831,,,,
157165,猎聘,能源/化工/环保,化学,电芯研发工程师,企业职位,孚能科技,5000-10000人,,昆明,赣州-章贡区,统招本科,3-5年,薪资面议,,,,https://www.liepin.com/job/1981751827.shtml,20260414153555,,,,
157166,猎聘,能源/化工/环保,化学,研发实验员,企业职位,汇仁医药,100-499人,,昆明,南昌-高新区,本科,1-3年,5-10k,,,,https://www.liepin.com/job/1981661551.shtml,20260525154920,,,,
157167,猎聘,能源/化工/环保,化学,刻蚀设备技术支持,企业职位,某上海电子/半导体/集成电路上市公司,2000-5000人,,昆明,南昌,统招本科,5-10年,22-35k·13薪,,,,https://www.liepin.com/a/73201521.shtml,20260525152635,,,,
157168,猎聘,能源/化工/环保,化学,高中竞赛教练(私立学校),企业职位,某国内在线教育公司,100-499人,,昆明,南昌,本科,1-3年,20-30k·15薪,,,,https://www.liepin.com/a/76339693.shtml,20260609084913,,,,
157169,猎聘,能源/化工/环保,化学,医疗器械研发工程师,企业职位,科星生物工程,100-499人,,昆明,南昌-高新区,本科,3年以上,10-15k,,,,https://www.liepin.com/job/1981594615.shtml,20260520165811,,,,
157170,猎聘,能源/化工/环保,化学,车间主任,企业职位,某国内制药上市公司,1000-2000人,,昆明,抚州,本科,5-10年,16-30k,,,,https://www.liepin.com/a/75442879.shtml,20260603113555,,,,
157171,猎聘,能源/化工/环保,化学,药品生产副总经理（化药）,企业职位,某国内制药上市公司,5000-10000人,,昆明,南昌,统招本科,10年以上,18-25k,,,,https://www.liepin.com/a/75715843.shtml,20260601094224,,,,
157172,猎聘,能源/化工/环保,化学,卷绕~封装,企业职位,某东莞新能源公司,100-499人,,昆明,南昌,本科,3-5年,14-20k·13薪,,,,https://www.liepin.com/a/74323595.shtml,20260410172024,,,,
157173,猎聘,能源/化工/环保,化学,高中数学竞赛教练-私立学校,企业职位,某国内在线教育公司,100-499人,,昆明,南昌,本科,经验不限,20-35k,,,,https://www.liepin.com/a/74297873.shtml,20260609084913,,,,
157174,猎聘,能源/化工/环保,化学,资深工艺整合工程师,企业职位,某国内电子/半导体/集成电路公司,100-499人,,昆明,南昌,本科,5-10年,15-25k·15薪,,,,https://www.liepin.com/a/76188549.shtml,20260609112130,,,,
157175,猎聘,能源/化工/环保,化学,五新导入改善工程师（工艺方向）,企业职位,ATL,10000人以上,,昆明,南昌-新建区,统招本科,1年以上,12-16k·16薪,,,,https://www.liepin.com/job/1975100111.shtml,20250627112452,,,,
157176,猎聘,能源/化工/环保,化学,防腐涂料 博士,企业职位,某国内环保上市公司,500-999人,,昆明,南昌,博士,经验不限,25-40k,,,,https://www.liepin.com/a/75326363.shtml,20260603093206,,,,
157177,猎聘,能源/化工/环保,化学,研发总监,企业职位,立探新能源,1-49人,,昆明,赣州-章贡区,硕士,8年以上,20-40k,,,,https://www.liepin.com/job/1981282581.shtml,20260515104121,,,,
157178,猎聘,能源/化工/环保,化学,研发工程师(表面处理),企业职位,深圳市正天伟科技有限公司,100-499人,,昆明,赣州,统招本科,2年以上,11-18k,,,,https://www.liepin.com/job/1982773899.shtml,20260609080212,,,,
157179,猎聘,能源/化工/环保,化学,高级/材料工程师,企业职位,BYD,10000人以上,,昆明,抚州-临川区,本科,3-5年,12-25k,,,,https://www.liepin.com/job/1966934223.shtml,20260602103605,,,,
157180,猎聘,能源/化工/环保,化学,分析测试工程师,企业职位,德福科技,2000-5000人,,昆明,九江-浔阳区,本科,1-3年,10-13k,,,,https://www.liepin.com/job/1980459971.shtml,20260605104350,,,,
157181,猎聘,能源/化工/环保,化学,柳州-工艺开发工程师,企业职位,瑞浦赛克动力电池有限公司,5000-10000人,,昆明,宜春-丰城,统招本科,1-3年,10-18k·15薪,,,,https://www.liepin.com/job/1982946583.shtml,20260528132755,,,,
157182,猎聘,能源/化工/环保,化学,MR-突破性多适应症生物制剂-南昌,企业职位,阿斯利康,10000人以上,,昆明,南昌-新建区,本科,1年以上,7-14k·13薪,,,,https://www.liepin.com/job/1982262493.shtml,20260506100421,,,,
157183,猎聘,能源/化工/环保,化学,品质主管/经理,企业职位,深圳市瑞富兴科技有限公司,100-499人,,昆明,宜春-宜丰县,大专,3年以上,9-14k,,,,https://www.liepin.com/job/1982466907.shtml,20260526095935,,,,
157184,猎聘,能源/化工/环保,化学,KRYFT2YY-合成研究员/合成高级研究员,企业职位,上海青润医药科技有限公司,2000-5000人,,昆明,赣州-章贡区,硕士,3年以上,12-20k,,,,https://www.liepin.com/job/1980312839.shtml,20260604084449,,,,
157185,猎聘,能源/化工/环保,化学,销售代表（电池材料）,企业职位,立探新能源,1-49人,,昆明,赣州-章贡区,大专,3年以上,6-12k,,,,https://www.liepin.com/job/1976239727.shtml,20260601154745,,,,
157186,猎聘,能源/化工/环保,化学,研发工程师/资深/经理,企业职位,赣锋锂业集团,5000-10000人,,昆明,新余-渝水区,本科,3-5年,12-35k,,,,https://www.liepin.com/job/1978920117.shtml,20260525153706,,,,
157187,猎聘,能源/化工/环保,化学,省区销售经理（江西省）,企业职位,仁迈生物,100-499人,,昆明,南昌-东湖区,大专,5-10年,12-15k·18薪,,,,https://www.liepin.com/job/1966424765.shtml,20260609094001,,,,
157188,猎聘,能源/化工/环保,化学,SQE资深工程师（不限基地）,企业职位,欣旺达动力科技股份有限公司,10000人以上,,昆明,南昌-新建区,本科,5年以上,18-35k,,,,https://www.liepin.com/job/1976379043.shtml,20251210180849,,,,
157189,猎聘,能源/化工/环保,化学,高中网课在线教师,企业职位,南阳精准翻译服务有限公司,50-99人,,昆明,南昌-东湖区,统招本科,10年以上,8-15k,,,,https://www.liepin.com/job/1971273139.shtml,20260608064856,,,,
157190,猎聘,能源/化工/环保,化学,高级研发工程师,企业职位,某国内知名公司,100-499人,,昆明,景德镇,博士,3年以上,35-50k·13薪,,,,https://www.liepin.com/a/75266645.shtml,20260609144238,,,,
157191,猎聘,能源/化工/环保,化学,品保部长,企业职位,某国内大型电子/半导体/集成电路公司,5000-10000人,,昆明,南昌-新建区,学历不限,经验不限,35-50k,,,,https://www.liepin.com/a/75124793.shtml,20260428094312,,,,
157192,猎聘,能源/化工/环保,化学,汽机工程师,企业职位,中国电建集团江西省电力建设有限公司,50-99人,,昆明,南昌-青云谱区,学历不限,3-5年,10-14k,,,,https://www.liepin.com/job/1982689743.shtml,20260520095906,,,,
157193,猎聘,能源/化工/环保,化学,光耦产品工艺工程师,企业职位,江西联创特种微电子有限公司,100-499人,,昆明,南昌-青山湖区,本科,3年以上,8-12k,,,,https://www.liepin.com/job/1974081777.shtml,20260608173635,,,,
157194,猎聘,能源/化工/环保,化学,内饰STA工程师,企业职位,某国内整车制造上市公司,10000人以上,,昆明,南昌,统招本科,3-5年,12-20k,,,,https://www.liepin.com/a/75162609.shtml,20260609184051,,,,
157195,猎聘,能源/化工/环保,化学,涂覆技术经理,企业职位,某国内大型橡胶/塑料制品公司,5000-10000人,,昆明,萍乡,本科,5-10年,20-25k·15薪,,,,https://www.liepin.com/a/76189253.shtml,20260603165710,,,,
157196,猎聘,能源/化工/环保,化学,生产副总经理,企业职位,知名药企,10000人以上,,昆明,宜春,本科,3-5年,25-30k,,,,https://www.liepin.com/a/76224069.shtml,20260530095557,,,,
157197,猎聘,能源/化工/环保,化学,质量检测员/测试员,企业职位,江西柔震科技有限公司,1-49人,,昆明,赣州-信丰县,中专/中技,1年以上,6-8k,,,,https://www.liepin.com/job/1983083833.shtml,20260602175024,,,,
157198,猎聘,能源/化工/环保,化学,体系工程师,企业职位,某国内医疗器械上市公司,1000-2000人,,昆明,九江-彭泽县,统招本科,经验不限,12-18k,,,,https://www.liepin.com/a/76218723.shtml,20260609154435,,,,
157199,猎聘,能源/化工/环保,化学,纸机主控,企业职位,赛得利(中国),2000-5000人,,昆明,九江,中专/中技,3-5年,8-10k·13薪,,,,https://www.liepin.com/job/1958119379.shtml,20260608163440,,,,
157200,猎聘,能源/化工/环保,化学,生产领班（农药原料药）,企业职位,某国内化工公司,100-499人,,昆明,景德镇-乐平,学历不限,经验不限,10-15k,,,,https://www.liepin.com/a/74542353.shtml,20260602102002,,,,
157201,猎聘,能源/化工/环保,化学,研发工程师（产品开发）,企业职位,维科技术,2000-5000人,,昆明,南昌-新建区,本科,3年以上,15-25k·14薪,,,,https://www.liepin.com/job/1981919077.shtml,20260428132437,,,,
157202,猎聘,能源/化工/环保,化学,研发副总监,企业职位,某上海大型化工公司,2000-5000人,,昆明,九江,博士,经验不限,60-85k·15薪,,,,https://www.liepin.com/a/74190759.shtml,20260402140359,,,,
157203,猎聘,能源/化工/环保,化学,正极材料研发工程师,企业职位,赣锋锂业集团,5000-10000人,,昆明,新余-渝水区,统招本科,经验不限,11-17k·16薪,,,,https://www.liepin.com/job/1980288229.shtml,20260605162831,,,,
157204,猎聘,能源/化工/环保,化学,产品经理（ToB/工业制造业等）,企业职位,青葵智造(北京)科技有限公司,1-49人,,昆明,南昌-高新区,本科,1年以上,8-15k·13薪,,,,https://www.liepin.com/job/1982032907.shtml,20260423150319,,,,
157205,猎聘,能源/化工/环保,化学,内饰STA工程师,企业职位,某国内整车制造上市公司,10000人以上,,昆明,南昌-南昌县,学历不限,3-5年,20-25k,,,,https://www.liepin.com/a/76326861.shtml,20260602165717,,,,
157206,猎聘,能源/化工/环保,化学,销售工程师(171953),企业职位,某东莞批发/零售公司,100-499人,,昆明,南昌,大专,3-5年,9-14k·13薪,,,,https://www.liepin.com/a/75850077.shtml,20260520095216,,,,
157207,猎聘,能源/化工/环保,化学,生产副总经理,企业职位,某国内制药公司,1-49人,,昆明,南昌,统招本科,5-10年,30-40k,,,,https://www.liepin.com/a/76094817.shtml,20260527095505,,,,
157208,猎聘,能源/化工/环保,化学,设备安环副总经理,企业职位,万载时代新能源材料有限公司,500-999人,,昆明,宜春-万载县,统招本科,10年以上,20-30k·18薪,,,,https://www.liepin.com/job/1978951319.shtml,20260512135024,,,,
157209,猎聘,能源/化工/环保,化学,研发工程师,企业职位,某国内大型批发/零售公司,2000-5000人,,昆明,九江-永修县,大专,10年以上,13-20k,,,,https://www.liepin.com/a/75283127.shtml,20260506112401,,,,
157210,猎聘,能源/化工/环保,化学,客诉质量负责人（电芯段）,企业职位,某大型新能源公司,5000-10000人,,昆明,赣州,大专,5年以上,18-29k·13薪,,,,https://www.liepin.com/a/75250231.shtml,20260503144927,,,,
157211,猎聘,能源/化工/环保,化学,QA/GLP/OECD/农药检测登记,企业职位,华辰检测,500-999人,,昆明,南昌-南昌县,本科,3年以上,12-20k·15薪,,,,https://www.liepin.com/job/1980868453.shtml,20260609164014,,,,
157212,猎聘,能源/化工/环保,化学,工艺高级工程师,企业职位,浙江吉利控股集团,10000人以上,,昆明,赣州-南康区,统招本科,5-10年,15-20k·13薪,,,,https://www.liepin.com/job/1977938343.shtml,20260514133416,,,,
157213,猎聘,能源/化工/环保,化学,质量管理总监/经理/主管,企业职位,赛基生物,100-499人,,昆明,南昌-高新区,本科,8年以上,11-18k,,,,https://www.liepin.com/job/1977710703.shtml,20260604091217,,,,
157214,猎聘,能源/化工/环保,化学,粘胶纤维研发副总监/总监,企业职位,某国内大型化工公司,1000-2000人,,昆明,九江,学历不限,经验不限,40-70k·15薪,,,,https://www.liepin.com/a/74184039.shtml,20260421112611,,,,
157215,猎聘,能源/化工/环保,化学,纤维研发副总监,企业职位,某国内大型化工公司,2000-5000人,,昆明,九江,博士,8年以上,45-70k·15薪,,,,https://www.liepin.com/a/76109149.shtml,20260609102026,,,,
157216,猎聘,能源/化工/环保,化学,内饰STA、外饰工程师,企业职位,某国内整车制造上市公司,10000人以上,,昆明,南昌-南昌县,统招本科,3-5年,14-28k,,,,https://www.liepin.com/a/75885001.shtml,20260520182738,,,,
157217,猎聘,能源/化工/环保,化学,材料研发工程师（博士）,企业职位,恒大高新,100-499人,,昆明,南昌-高新区,博士,3-5年,20-40k,,,,https://www.liepin.com/job/1961100049.shtml,20260608094923,,,,
157218,猎聘,能源/化工/环保,化学,客诉质量负责人（电芯）,企业职位,某知名公司,5000-10000人,,昆明,赣州,统招本科,5-10年,18-30k·14薪,,,,https://www.liepin.com/a/73597387.shtml,20260609090315,,,,
157219,猎聘,能源/化工/环保,化学,质量工程师（九江）(A186754),企业职位,拓竹科技,1000-2000人,,昆明,九江-柴桑区,统招本科,5-10年,12-25k·15薪,,,,https://www.liepin.com/job/1981530243.shtml,20260528145639,,,,
157220,猎聘,能源/化工/环保,化学,生产副总经理,企业职位,某知名公司,10000人以上,,昆明,南昌,统招本科,5-10年,30-40k,,,,https://www.liepin.com/a/75845245.shtml,20260520083319,,,,
157221,猎聘,能源/化工/环保,化学,电芯工艺主管,企业职位,某大型新能源公司,2000-5000人,,昆明,抚州,本科,3-5年,16-25k,,,,https://www.liepin.com/a/75812409.shtml,20260519113621,,,,
157222,猎聘,能源/化工/环保,化学,体系负责人,企业职位,洪达集团,5000-10000人,,昆明,南昌-进贤县,大专,5年以上,11-25k,,,,https://www.liepin.com/job/1970159177.shtml,20260523093714,,,,
157223,猎聘,能源/化工/环保,化学,工艺助理工程师（中试）,企业职位,天赐材料,5000-10000人,,昆明,九江-湖口县,统招本科,2年以上,8-12k·13薪,,,,https://www.liepin.com/job/1972221979.shtml,20260310192440,,,,
157224,猎聘,能源/化工/环保,化学,SQE工程师,企业职位,龙旗,5000-10000人,,昆明,南昌-高新区,本科,5年以上,12-22k,,,,https://www.liepin.com/job/1978024727.shtml,20260604222231,,,,
157225,猎聘,能源/化工/环保,化学,研发工程师（博士）,企业职位,德福科技,2000-5000人,,昆明,九江-浔阳区,博士,经验不限,35-40k,,,,https://www.liepin.com/job/1980522177.shtml,20260605104236,,,,
157226,猎聘,能源/化工/环保,化学,质量总监,企业职位,某国内制药公司,100-499人,,昆明,南昌-进贤县,学历不限,5-10年,40-60k,,,,https://www.liepin.com/a/76360255.shtml,20260603140102,,,,
157227,猎聘,能源/化工/环保,化学,树脂研发工程师,企业职位,江苏广信感光新材料股份有限公司,500-999人,,昆明,赣州-龙南市,本科,3-5年,10-20k,,,,https://www.liepin.com/job/1970094999.shtml,20260403161152,,,,
157228,猎聘,能源/化工/环保,化学,表面处理工程师,企业职位,江西豪斯特汽车零部件有限公司,500-999人,,昆明,九江-修水县,大专,2年以上,10-18k,,,,https://www.liepin.com/job/1978710517.shtml,20260609135655,,,,
157229,猎聘,能源/化工/环保,化学,赣南医科大学一附院招聘科研岗及博士后,企业职位,无锡市安睡科技有限公司,50-99人,,昆明,赣州-章贡区,博士,经验不限,20-30k,,,,https://www.liepin.com/job/1983129757.shtml,20260603202153,,,,
157230,猎聘,能源/化工/环保,化学,研发经理/主任工程师,企业职位,赣锋锂业集团,5000-10000人,,昆明,新余-渝水区,统招本科,5年以上,20-40k·13薪,,,,https://www.liepin.com/job/1980671219.shtml,20260609113049,,,,
157231,猎聘,能源/化工/环保,化学,大学教师/教授,企业职位,某知名公司,10000人以上,,昆明,南昌,博士,经验不限,15-30k,,,,https://www.liepin.com/a/75742725.shtml,20260517135807,,,,
157232,猎聘,能源/化工/环保,化学,电解液研发工程师,企业职位,某国内大型新能源公司,1000-2000人,,昆明,赣州,硕士,3-5年,18-30k·13薪,,,,https://www.liepin.com/a/75026113.shtml,20260424113221,,,,
157233,猎聘,能源/化工/环保,化学,药品生产副总经理,企业职位,仁和集团,5000-10000人,,昆明,南昌-南昌县,统招本科,10年以上,18-25k,,,,https://www.liepin.com/job/1974939543.shtml,20260512112924,,,,
157234,猎聘,能源/化工/环保,化学,电解液研发工程师,企业职位,孚能科技,5000-10000人,,昆明,赣州-章贡区,硕士,3年以上,薪资面议,,,,https://www.liepin.com/job/1982123315.shtml,20260427155556,,,,
157235,猎聘,能源/化工/环保,化学,工艺高级工程师(焊接),企业职位,浙江吉利控股集团,10000人以上,,昆明,赣州-南康区,本科,5-10年,15-20k·13薪,,,,https://www.liepin.com/job/1977938739.shtml,20260514133500,,,,
157236,猎聘,能源/化工/环保,化学,研发经理,企业职位,九江力达科技股份有限公司,100-499人,,昆明,九江-濂溪区,硕士,5年以上,15-30k,,,,https://www.liepin.com/job/1983144739.shtml,20260604114006,,,,
157237,猎聘,能源/化工/环保,化学,基础材料研究所所长,企业职位,华创新材,2000-5000人,,昆明,南昌-新建区,本科,5年以上,25-35k,,,,https://www.liepin.com/job/1981192405.shtml,20260415092416,,,,
157238,猎聘,能源/化工/环保,化学,新材料化工博士,企业职位,吉安市人才资源开发服务有限公司,1-49人,,昆明,吉安-永丰县,博士,经验不限,28-35k,,,,https://www.liepin.com/job/1982353873.shtml,20260508153244,,,,
157239,猎聘,能源/化工/环保,化学,化验员,企业职位,九江容汇锂业科技有限公司,100-499人,,昆明,九江-湖口县,中专/中技,1-3年,4-6k,,,,https://www.liepin.com/job/1981115221.shtml,20260320142337,,,,
157240,猎聘,能源/化工/环保,化学,工艺工程师（黄光）,企业职位,乾照光电,2000-5000人,,昆明,南昌-新建区,本科,3-5年,10-16k,,,,https://www.liepin.com/job/1976939649.shtml,20260604144655,,,,
157241,猎聘,能源/化工/环保,化学,采购专员,企业职位,青峰药业,1000-2000人,,昆明,赣州-章贡区,本科,1年以上,5-7k,,,,https://www.liepin.com/job/1977495549.shtml,20260603163105,,,,
157242,猎聘,能源/化工/环保,化学,GaN功率器件研发工程师,企业职位,某国内专业技术服务公司,100-499人,,昆明,上饶,统招本科,3-5年,15-25k,,,,https://www.liepin.com/a/75834349.shtml,20260519170902,,,,
157243,猎聘,能源/化工/环保,化学,研发总监,企业职位,某国内专业技术服务公司,100-499人,,昆明,上饶,硕士,5-10年,30-45k,,,,https://www.liepin.com/a/74282601.shtml,20260603143500,,,,
157244,猎聘,能源/化工/环保,化学,光模块-生产主管(J10598),企业职位,江西天孚科技,5000-10000人,,昆明,宜春-高安,本科,3-5年,10-15k·14薪,,,,https://www.liepin.com/job/1982977513.shtml,20260529112713,,,,
157245,猎聘,能源/化工/环保,化学,涂覆技术经理,企业职位,某国内新能源公司,100-499人,,昆明,萍乡,本科,5-10年,23-30k,,,,https://www.liepin.com/a/76190251.shtml,20260529094719,,,,
157246,猎聘,能源/化工/环保,化学,研发副总监（纺织纤维）,企业职位,某国内大型化工公司,2000-5000人,,昆明,九江,博士,10年以上,50-70k·15薪,,,,https://www.liepin.com/a/75821971.shtml,20260608094741,,,,
157247,猎聘,能源/化工/环保,化学,采购工程师,企业职位,德福科技,2000-5000人,,昆明,九江-瑞昌,本科,3-5年,8-15k,,,,https://www.liepin.com/job/1981828487.shtml,20260521095148,,,,
157248,猎聘,能源/化工/环保,化学,石墨材料开发工程师,企业职位,赣锋锂业集团,5000-10000人,,昆明,新余-渝水区,统招本科,2年以上,13-15k·13薪,,,,https://www.liepin.com/job/1981958191.shtml,20260606154836,,,,
157249,猎聘,能源/化工/环保,化学,正极材料开发工程师,企业职位,赣州诺威新能源有限公司,1000-2000人,,昆明,赣州-龙南市,博士,5-10年,45-50k·13薪,,,,https://www.liepin.com/job/1969481529.shtml,20260526135121,,,,
157250,猎聘,能源/化工/环保,化学,CMC负责人,企业职位,光声制药,100-499人,,昆明,宜春-袁州区,硕士,8年以上,35-45k·13薪,,,,https://www.liepin.com/job/1982475393.shtml,20260528001001,,,,
157251,猎聘,能源/化工/环保,化学,采购主管,企业职位,青峰药业,1000-2000人,,昆明,赣州-章贡区,本科,5年以上,7-10k,,,,https://www.liepin.com/job/1977495521.shtml,20260603163112,,,,
157252,猎聘,能源/化工/环保,化学,生产负责人,企业职位,某医药公司,1000-2000人,,昆明,宜春-樟树,本科,10年以上,40-60k,,,,https://www.liepin.com/a/75426425.shtml,20260530145310,,,,
157253,猎聘,能源/化工/环保,化学,生产总监(J10060),企业职位,江西天孚科技,5000-10000人,,昆明,宜春-高安,统招本科,10年以上,薪资面议,,,,https://www.liepin.com/job/1966518317.shtml,20260526093212,,,,
157254,猎聘,能源/化工/环保,化学,铅酸电池副总,企业职位,江西京九电源(九江)有限公司,2000-5000人,,昆明,九江-永修县,大专,10年以上,20-40k,,,,https://www.liepin.com/job/1982343403.shtml,20260508114704,,,,
157255,猎聘,能源/化工/环保,化学,药品研发负责人,企业职位,瑞德医生,1-49人,,昆明,赣州-章贡区,硕士,8年以上,20-40k,,,,https://www.liepin.com/job/1983101685.shtml,20260603111433,,,,
157256,猎聘,能源/化工/环保,化学,研发员（生物医药）,企业职位,某国内制药公司,50-99人,,昆明,吉安-新干县,博士,1-3年,20-30k,,,,https://www.liepin.com/a/75677565.shtml,20260608101611,,,,
157257,猎聘,能源/化工/环保,化学,研发工程师（微胶囊）,企业职位,FOODCHEM,100-499人,,昆明,九江-柴桑区,本科,5年以上,12-30k,,,,https://www.liepin.com/job/1974511767.shtml,20260609152919,,,,
157258,猎聘,能源/化工/环保,化学,销售代表（电池材料）,企业职位,立探新能源,1-49人,,昆明,赣州-章贡区,大专,3年以上,6-12k,,,,https://www.liepin.com/job/1983036711.shtml,20260601154733,,,,
157259,猎聘,能源/化工/环保,化学,光模块-生产经理(J10597),企业职位,江西天孚科技,5000-10000人,,昆明,宜春-高安,本科,5-10年,12-25k·14薪,,,,https://www.liepin.com/job/1982976349.shtml,20260529110707,,,,
157260,猎聘,能源/化工/环保,化学,水处理絮凝剂销售经理,企业职位,爱森(中国)絮凝剂有限公司,500-999人,,昆明,南昌-西湖区,本科,1-3年,6-8k·13薪,,,,https://www.liepin.com/job/1975306783.shtml,20260609102530,,,,
157261,猎聘,能源/化工/环保,化学,研发经理,企业职位,江西汇和化工有限公司,100-499人,,昆明,九江-永修县,统招本科,5-10年,12-20k·15薪,,,,https://www.liepin.com/job/1964422371.shtml,20260512103612,,,,
157262,猎聘,能源/化工/环保,化学,可靠性与安全研发工程师/资深工程师,企业职位,江西赣锋锂电科技股份有限公司,10000人以上,,昆明,新余-渝水区,本科,3年以上,12-22k,,,,https://www.liepin.com/job/1977376751.shtml,20251119115638,,,,
157263,猎聘,能源/化工/环保,化学,电芯研发高级工程师,企业职位,孚能科技,5000-10000人,,昆明,赣州-章贡区,硕士,5年以上,薪资面议,,,,https://www.liepin.com/job/1981751717.shtml,20260414153428,,,,
157264,猎聘,能源/化工/环保,化学,工艺工程师（Particle方向）,企业职位,ATL,10000人以上,,昆明,南昌,统招本科,3-5年,8-13k·18薪,,,,https://www.liepin.com/job/1933588183.shtml,20201229084119,,,,
157265,猎聘,能源/化工/环保,化学,动力电池FAE工程师(J10722),企业职位,孚能科技,5000-10000人,,昆明,赣州-章贡区,本科,3年以上,8-13k,,,,https://www.liepin.com/job/1981252601.shtml,20260326095111,,,,
157266,猎聘,能源/化工/环保,化学,自动化实验室调度仿真工程师,企业职位,青葵智造(北京)科技有限公司,1-49人,,昆明,南昌-高新区,本科,1-3年,10-18k,,,,https://www.liepin.com/job/1981176595.shtml,20260324092653,,,,
157267,猎聘,能源/化工/环保,化学,仓库主管(J10503),企业职位,江西天孚科技,5000-10000人,,昆明,宜春-高安,统招本科,5-10年,8-12k·14薪,,,,https://www.liepin.com/job/1982030541.shtml,20260526093212,,,,
157268,猎聘,能源/化工/环保,化学,实验室检验员,企业职位,江西澳特莱新材料有限公司,100-499人,,昆明,上饶-弋阳县,大专,1-3年,5-10k,,,,https://www.liepin.com/job/1960029467.shtml,20230726095059,,,,
157269,猎聘,能源/化工/环保,化学,导电剂开发工程师,企业职位,赣锋锂业集团,5000-10000人,,昆明,新余-渝水区,统招本科,2年以上,12-15k·13薪,,,,https://www.liepin.com/job/1981958025.shtml,20260606154836,,,,
157270,猎聘,能源/化工/环保,化学,PVD工程师,企业职位,科勒(中国)投资有限公司,1000-2000人,,昆明,南昌-高新区,统招本科,2-5年,10-15k,,,,https://www.liepin.com/job/1982114877.shtml,20260608150236,,,,
157271,猎聘,能源/化工/环保,化学,梭织面料印染厂副厂长（外贸订单）,企业职位,某深圳服装/纺织/皮革公司,100-499人,,昆明,九江-德安县,大专,10年以上,35-50k,,,,https://www.liepin.com/a/73832395.shtml,20260515141045,,,,
157272,猎聘,能源/化工/环保,化学,电解液研发专家,企业职位,孚能科技,5000-10000人,,昆明,赣州-章贡区,博士,3年以上,薪资面议,,,,https://www.liepin.com/job/1981752099.shtml,20260414160026,,,,
157273,猎聘,能源/化工/环保,化学,品质部长,企业职位,恩捷股份,5000-10000人,,昆明,宜春-高安,本科,5-10年,20-25k·14薪,,,,https://www.liepin.com/job/1982970587.shtml,20260529093949,,,,
157274,猎聘,能源/化工/环保,化学,品质总监(J10059),企业职位,江西天孚科技,5000-10000人,,昆明,宜春-高安,统招本科,10年以上,薪资面议,,,,https://www.liepin.com/job/1966518359.shtml,20260526093221,,,,
157275,猎聘,能源/化工/环保,化学,学科带头人-博士-防腐材料/涂层、涂料、金属防腐蚀材料,企业职位,某知名上市公司,500-999人,,昆明,南昌-南昌县,博士,5年以上,20-40k,,,,https://www.liepin.com/a/74345739.shtml,20260513084656,,,,
157276,猎聘,能源/化工/环保,化学,安全专员,企业职位,唯铂莱生物,100-499人,,昆明,南昌-新建区,大专,经验不限,5-7k·13薪,,,,https://www.liepin.com/job/1981818423.shtml,20260416130248,,,,
157277,猎聘,能源/化工/环保,化学,车间管培生,企业职位,广州康瑞泰药业有限公司,100-499人,,昆明,赣州-定南县,本科,1-3年,5-7k,,,,https://www.liepin.com/job/1966619579.shtml,20250917150825,,,,
157278,猎聘,能源/化工/环保,化学,体外诊断试剂研发,企业职位,江西江泓实业有限公司,1-49人,,昆明,南昌-红谷滩区,本科,1-3年,8-15k,,,,https://www.liepin.com/job/1963986887.shtml,20250102171633,,,,
157279,猎聘,能源/化工/环保,化学,研发专员,企业职位,金溪县新杰香料制造有限公司,1-49人,,昆明,抚州,本科,经验不限,7-15k,,,,https://www.liepin.com/job/1944634085.shtml,20220725150624,,,,
157280,猎聘,能源/化工/环保,化学,实验室负责人,企业职位,江西晶力康新材料科技有限公司,50-99人,,昆明,赣州-南康区,本科,1-3年,6-8k·13薪,,,,https://www.liepin.com/job/1949301845.shtml,20220721131424,,,,
157281,猎聘,能源/化工/环保,化学,环境检测总监,企业职位,江西合诚科技检测有限公司,50-99人,,昆明,宜春,学历不限,1-3年,10-20k,,,,https://www.liepin.com/job/1916145437.shtml,20200116150725,,,,
157282,猎聘,能源/化工/环保,化学,检测职业经理人,企业职位,江西合诚科技检测有限公司,50-99人,,昆明,宜春,学历不限,经验不限,10-20k,,,,https://www.liepin.com/job/1915908361.shtml,20200116150725,,,,
157283,猎聘,能源/化工/环保,化学,实验室分析员,企业职位,江西宏德检测技术有限公司,50-99人,,昆明,南昌-高新区,大专,1-3年,3-5k,,,,https://www.liepin.com/job/1958316367.shtml,20230506093343,,,,
157284,猎聘,能源/化工/环保,化学,QE负责人,企业职位,洪达集团,5000-10000人,,昆明,南昌-进贤县,大专,5年以上,11-25k,,,,https://www.liepin.com/job/1979244785.shtml,20260523093714,,,,
157285,猎聘,能源/化工/环保,化学,质量总监,企业职位,某长沙食品/饮料/酒水上市公司,5000-10000人,,昆明,九江-修水县,统招本科,10年以上,30-40k,,,,https://www.liepin.com/a/75977059.shtml,20260609143926,,,,
157286,猎聘,能源/化工/环保,化学,研发总监,企业职位,迪赛诺,2000-5000人,,昆明,宜春-樟树,本科,10年以上,薪资面议,,,,https://www.liepin.com/job/1983135723.shtml,20260604093853,,,,
157287,猎聘,能源/化工/环保,化学,研发工程师（理科硕士应届生）,企业职位,捷泰新能源,2000-5000人,,昆明,上饶,硕士,经验不限,13-15k·13薪,,,,https://www.liepin.com/job/1981205053.shtml,20260324170116,,,,
157288,猎聘,能源/化工/环保,化学,品保工程师,企业职位,江西天孚科技,5000-10000人,,昆明,宜春-高安,统招本科,1-5年,8-15k·14薪,,,,https://www.liepin.com/job/1982232069.shtml,20260506160842,,,,
157289,猎聘,能源/化工/环保,化学,锂电工艺工程师（量产方向）,企业职位,比克电池,5000-10000人,,昆明,抚州-临川区,本科,5-10年,9-17k,,,,https://www.liepin.com/job/1981854197.shtml,20260518101501,,,,
157290,猎聘,能源/化工/环保,化学,机理分析工程师,企业职位,赣锋锂业集团,5000-10000人,,昆明,新余-渝水区,统招本科,3年以上,18-26k·13薪,,,,https://www.liepin.com/job/1979835943.shtml,20260609111125,,,,
157291,猎聘,能源/化工/环保,化学,电镀工程师,企业职位,江西新菲新材料有限公司,500-999人,,昆明,南昌-新建区,大专,1-3年,10-20k,,,,https://www.liepin.com/job/1956329333.shtml,20250915100243,,,,
157292,猎聘,能源/化工/环保,化学,研发副总监,企业职位,赛得利(中国),2000-5000人,,昆明,九江-濂溪区,博士,5年以上,40-70k·16薪,,,,https://www.liepin.com/job/1980337641.shtml,20260222210834,,,,
157293,猎聘,能源/化工/环保,化学,NPI工程师,企业职位,赣州诺威新能源有限公司,1000-2000人,,昆明,赣州-龙南市,本科,1-3年,20-35k·13薪,,,,https://www.liepin.com/job/1968344225.shtml,20260526135121,,,,
157294,猎聘,能源/化工/环保,化学,研发工程师,企业职位,捷泰新能源,2000-5000人,,昆明,上饶,本科,2年以上,10-16k·13薪,,,,https://www.liepin.com/job/1980319123.shtml,20260213092509,,,,
157295,猎聘,能源/化工/环保,化学,工艺/制程工程师(PE),企业职位,赣锋锂业集团,5000-10000人,,昆明,南昌-新建区,统招本科,5年以上,13-25k·13薪,,,,https://www.liepin.com/job/1979761377.shtml,20260606154836,,,,
157296,猎聘,能源/化工/环保,化学,CPI膜研发工程师,企业职位,捷泰新能源,2000-5000人,,昆明,上饶,本科,2年以上,15-25k·13薪,,,,https://www.liepin.com/job/1980710989.shtml,20260306145746,,,,
157297,猎聘,能源/化工/环保,化学,制造经理,企业职位,深圳市博硕科技股份有限公司,1000-2000人,,昆明,吉安-井冈山,大专,5年以上,20-28k,,,,https://www.liepin.com/job/1981638529.shtml,20260608110510,,,,
157298,猎聘,能源/化工/环保,化学,QA工程师,猎头职位,某国内大型制药公司,1000-2000人,,昆明,赣州-章贡区,本科,经验不限,13-18k·13薪,,,,https://www.liepin.com/a/74258463.shtml,20260405181459,,,,
157299,猎聘,能源/化工/环保,化学,GaN  HEMT研发工程师（E-Mode）,猎头职位,某国内专业技术服务公司,100-499人,,昆明,上饶,统招本科,3-5年,30-60k,,,,https://www.liepin.com/a/74326779.shtml,20260407143833,,,,
157300,猎聘,能源/化工/环保,化学,内饰STA工程师,猎头职位,某国内整车制造上市公司,10000人以上,,昆明,南昌,统招本科,3-5年,15-25k,,,,https://www.liepin.com/a/74639903.shtml,20260609090149,,,,
157301,猎聘,能源/化工/环保,化学,微生物主管,猎头职位,某国内大型制药公司,5000-10000人,,昆明,宜春,统招本科,3年以上,13-17k,,,,https://www.liepin.com/a/74923473.shtml,20260422103346,,,,
157302,猎聘,能源/化工/环保,化学,博士-防腐材料/涂层、涂料、金属防腐蚀材料,猎头职位,某国内环保上市公司,500-999人,,昆明,南昌,博士,经验不限,25-35k,,,,https://www.liepin.com/a/75581157.shtml,20260609083542,,,,
157303,猎聘,能源/化工/环保,化学,竞赛老师（理科）,猎头职位,某国内大型学校教育公司,5000-10000人,,昆明,南昌,本科,3-5年,20-30k,,,,https://www.liepin.com/a/75705053.shtml,20260605152359,,,,
157304,猎聘,能源/化工/环保,化学,车间主任,猎头职位,某国内制药上市公司,1000-2000人,,昆明,抚州,本科,5-10年,16-30k,,,,https://www.liepin.com/a/75442781.shtml,20260605113438,,,,
157305,猎聘,能源/化工/环保,化学,QC总监,猎头职位,某知名药企,100-499人,,昆明,南昌,统招本科,10年以上,35-50k·15薪,,,,https://www.liepin.com/a/72394289.shtml,20260601162815,,,,
157306,猎聘,能源/化工/环保,化学,语文老师,猎头职位,某国内培训服务公司,50-99人,,昆明,九江,统招本科,5-10年,15-20k,,,,https://www.liepin.com/a/74937671.shtml,20260430171347,,,,
157307,猎聘,能源/化工/环保,化学,副厂长,猎头职位,某西安其他商务服务业公司,,,昆明,九江,大专,10年以上,50-60k,,,,https://www.liepin.com/a/72150971.shtml,20260420132728,,,,
157308,猎聘,能源/化工/环保,化学,供应商主管,猎头职位,某国内大型制药公司,1000-2000人,,昆明,赣州-章贡区,本科,5年以上,13-18k,,,,https://www.liepin.com/a/74288183.shtml,20260406072408,,,,
157309,猎聘,能源/化工/环保,化学,市场部副总监,猎头职位,某国内大型农林牧渔公司,1000-2000人,,昆明,南昌,本科,5-10年,25-30k,,,,https://www.liepin.com/a/74423941.shtml,20260409103218,,,,
157310,猎聘,能源/化工/环保,化学,副厂长,猎头职位,某深圳服装/纺织/皮革公司,100-499人,,昆明,九江-德安县,大专,5-10年,35-50k,,,,https://www.liepin.com/a/75930895.shtml,20260521200409,,,,
157311,猎聘,能源/化工/环保,化学,印染副厂长,猎头职位,某知名公司,100-499人,,昆明,九江,大专,10年以上,30-50k,,,,https://www.liepin.com/a/74767567.shtml,20260417140819,,,,
157312,猎聘,能源/化工/环保,化学,电解液研发工程师,猎头职位,某国内大型新能源公司,1000-2000人,,昆明,赣州,硕士,3-5年,18-30k·13薪,,,,https://www.liepin.com/a/75032405.shtml,20260424141221,,,,
157313,猎聘,能源/化工/环保,化学,微生物检测主管,猎头职位,某国内制药上市公司,1000-2000人,,昆明,宜春-樟树,统招本科,5-10年,15-17k,,,,https://www.liepin.com/a/74996269.shtml,20260423155308,,,,
157314,猎聘,能源/化工/环保,化学,设备安环副总经理,猎头职位,某国内大型金属冶炼公司,500-999人,,昆明,宜春,统招本科,10年以上,25-40k·15薪,,,,https://www.liepin.com/a/70695113.shtml,20260512141633,,,,
157315,猎聘,能源/化工/环保,化学,厂长(高分子板棒材）,猎头职位,某国内橡胶/塑料制品公司,100-499人,,昆明,赣州,统招本科,经验不限,30-50k,,,,https://www.liepin.com/a/65731445.shtml,20260608105510,,,,
157316,猎聘,能源/化工/环保,化学,材料研发博士,猎头职位,某节能环保公司,500-999人,,昆明,南昌,博士,经验不限,20-40k,,,,https://www.liepin.com/a/76275105.shtml,20260608105510,,,,
157317,猎聘,能源/化工/环保,化学,工艺工程师（电芯）,猎头职位,某知名公司,5000-10000人,,昆明,赣州,大专,5-10年,15-25k·14薪,,,,https://www.liepin.com/a/73597069.shtml,20260609090315,,,,
157318,猎聘,能源/化工/环保,化学,理科教师,猎头职位,某国内大型培训服务公司,2000-5000人,,昆明,南昌,统招本科,经验不限,8-13k,,,,https://www.liepin.com/a/73809339.shtml,20260324140143,,,,
157319,猎聘,能源/化工/环保,化学,高级工艺工程师,猎头职位,某宁波大型机械/设备公司,10000人以上,,昆明,赣州,大专,5-10年,18-25k·15薪,,,,https://www.liepin.com/a/73598223.shtml,20260414112550,,,,
157320,猎聘,能源/化工/环保,化学,烤肠调理品研发经理,猎头职位,某国内食品/饮料/酒水公司,50-99人,,昆明,九江-柴桑区,大专,3-5年,8-11k,,,,https://www.liepin.com/a/75045939.shtml,20260424170631,,,,
157321,猎聘,能源/化工/环保,化学,体系工程师,猎头职位,某国内医疗设备上市公司,1000-2000人,,昆明,九江,统招本科,经验不限,11-18k·13薪,,,,https://www.liepin.com/a/76083329.shtml,20260608105510,,,,
157322,猎聘,能源/化工/环保,化学,连接器 销售工程师(171953)南昌or武汉工作,猎头职位,某东莞贸易进出口公司,100-499人,,昆明,南昌,大专,3-5年,10-15k,,,,https://www.liepin.com/a/75860807.shtml,20260605172530,,,,
157323,猎聘,能源/化工/环保,化学,QA工程师,猎头职位,某国内大型制药公司,2000-5000人,,昆明,赣州,本科,1-3年,7-12k·13薪,,,,https://www.liepin.com/a/75490011.shtml,20260609083303,,,,
157324,猎聘,能源/化工/环保,化学,金属材料学科带头人,猎头职位,某国内环保上市公司,500-999人,,昆明,南昌,博士,3-5年,20-30k·13薪,,,,https://www.liepin.com/a/74990389.shtml,20260608142123,,,,
157325,猎聘,能源/化工/环保,化学,理科竞赛老师,猎头职位,某国内培训服务公司,,,昆明,南昌,本科,1-3年,11-16k,,,,https://www.liepin.com/a/75876019.shtml,20260604095914,,,,
157326,猎聘,能源/化工/环保,化学,汽车内外饰工程师,猎头职位,某国内整车制造上市公司,10000人以上,,昆明,南昌,本科,3-5年,15-20k·16薪,,,,https://www.liepin.com/a/75893255.shtml,20260605141717,,,,
157327,猎聘,能源/化工/环保,化学,质量主管（江西基地）,猎头职位,某国内新材料公司,100-499人,,昆明,宜春,学历不限,经验不限,10-15k·13薪,,,,https://www.liepin.com/a/75300993.shtml,20260609091033,,,,
157328,猎聘,能源/化工/环保,化学,生产副总经理,猎头职位,某国内大型制药公司,1000-2000人,,昆明,南昌,学历不限,10年以上,25-50k,,,,https://www.liepin.com/a/76095991.shtml,20260527100721,,,,
157329,猎聘,能源/化工/环保,化学,工艺工程师,猎头职位,某国内大型新能源公司,10000人以上,,昆明,新余,统招本科,3-5年,10-13k·13薪,,,,https://www.liepin.com/a/75351961.shtml,20260516091417,,,,
157330,猎聘,能源/化工/环保,化学,工艺主管,猎头职位,某新能源上市公司,2000-5000人,,昆明,南昌,统招本科,5年以上,30-40k·14薪,,,,https://www.liepin.com/a/73602531.shtml,20260319153216,,,,
157331,猎聘,能源/化工/环保,化学,质量经理/主管,猎头职位,某国内新材料公司,100-499人,,昆明,宜春,学历不限,经验不限,10-15k·14薪,,,,https://www.liepin.com/a/75738125.shtml,20260609163255,,,,
157332,猎聘,能源/化工/环保,化学,生产经理/副总,猎头职位,某苏州环保公司,100-499人,,昆明,吉安,统招本科,5-10年,15-21k,,,,https://www.liepin.com/a/74861719.shtml,20260421092349,,,,
157333,猎聘,能源/化工/环保,化学,质量主管,猎头职位,某国内新材料公司,100-499人,,昆明,宜春,学历不限,经验不限,10-13k·13薪,,,,https://www.liepin.com/a/74066281.shtml,20260609142728,,,,
157334,猎聘,能源/化工/环保,化学,感官工程师,猎头职位,某长沙食品/饮料/酒水上市公司,5000-10000人,,昆明,九江-修水县,统招本科,经验不限,7-10k·13薪,,,,https://www.liepin.com/a/75976553.shtml,20260609143926,,,,
157335,猎聘,能源/化工/环保,化学,生产副总经理,猎头职位,某国内知名公司,100-499人,,昆明,宜春,本科,5-10年,40-45k,,,,https://www.liepin.com/a/73900925.shtml,20260609085851,,,,
157336,猎聘,能源/化工/环保,化学,QA经理,猎头职位,某国内知名公司,100-499人,,昆明,宜春,本科,3-5年,15-16k,,,,https://www.liepin.com/a/73901151.shtml,20260609085851,,,,
157337,猎聘,能源/化工/环保,化学,质量管理总监/经理/主管,猎头职位,某国内知名公司,100-499人,,昆明,宜春,学历不限,3-5年,20-21k,,,,https://www.liepin.com/a/73900985.shtml,20260609085851,,,,
157338,猎聘,能源/化工/环保,化学,质量主管,猎头职位,某国内电子/半导体/集成电路公司,,,昆明,宜春-袁州区,统招本科,5-10年,10-15k,,,,https://www.liepin.com/a/74067531.shtml,20260331103503,,,,
157339,猎聘,能源/化工/环保,化学,工艺资深工程师,猎头职位,某大型知名新能源公司,10000人以上,,昆明,南昌,统招本科,5年以上,20-40k·14薪,,,,https://www.liepin.com/a/73255139.shtml,20260311153354,,,,
157340,猎聘,能源/化工/环保,化学,研发总工,猎头职位,X公司,1-49人,,昆明,宜春,统招本科,10年以上,30-40k,,,,https://www.liepin.com/a/76593587.shtml,20260609165032,,,,
157341,猎聘,能源/化工/环保,化学,生产副总经理,猎头职位,某国内制药公司,100-499人,,昆明,宜春-樟树,统招本科,10年以上,28-40k,,,,https://www.liepin.com/a/76571217.shtml,20260609114738,,,,
157342,猎聘,能源/化工/环保,化学,品质总监,猎头职位,某国内大型电气机械/器材公司,5000-10000人,,昆明,南昌,统招本科,经验不限,20-40k,,,,https://www.liepin.com/a/76557359.shtml,20260609094039,,,,
157343,猎聘,能源/化工/环保,化学,生产总监,猎头职位,某国内大型电气机械/器材公司,5000-10000人,,昆明,南昌,统招本科,经验不限,20-40k,,,,https://www.liepin.com/a/76556625.shtml,20260609093505,,,,
157344,猎聘,能源/化工/环保,化学,高级大宗商品交易员,企业职位,西望合平贸易(大连)有限公司,100-499人,,沈阳,大连-甘井子区,本科,5-10年,15-35k,,,,https://www.liepin.com/job/1983178871.shtml,20260605101149,,,,
157345,猎聘,能源/化工/环保,化学,化学原料药生产总监,企业职位,某大连知名公司,100-499人,,沈阳,大连,本科,5-10年,25-35k,,,,https://www.liepin.com/a/76404501.shtml,20260604114853,,,,
157346,猎聘,能源/化工/环保,化学,化学实验室研究员（五险双休）,企业职位,湖北省项禾照网络科技有限公司,50-99人,,沈阳,大连-沙河口区,本科,经验不限,10-20k·13薪,,,,https://www.liepin.com/job/1982030351.shtml,20260609083027,,,,
157347,猎聘,能源/化工/环保,化学,化学产品销售经理（俄罗斯）,企业职位,某沈阳贸易进出口公司,50-99人,,沈阳,沈阳,学历不限,3-5年,15-25k,,,,https://www.liepin.com/a/75579697.shtml,20260512154706,,,,
157348,猎聘,能源/化工/环保,化学,化学分析专员,企业职位,辽宁奉天盛世高科技有限公司,1-49人,,沈阳,沈阳-浑南区,本科,3-5年,3-8k,,,,https://www.liepin.com/job/1982767169.shtml,20260605112833,,,,
157349,猎聘,能源/化工/环保,化学,化学分析测试员,企业职位,广州哇达科技有限公司,50-99人,,沈阳,大连-旅顺口区,大专,3年以上,10-20k·13薪,,,,https://www.liepin.com/job/1982569705.shtml,20260609083017,,,,
157350,猎聘,能源/化工/环保,化学,化学分析员,企业职位,武汉航晟云商贸有限公司,50-99人,,沈阳,沈阳-苏家屯区,本科,3年以上,8-12k·13薪,,,,https://www.liepin.com/job/1983161725.shtml,20260609083004,,,,
157351,猎聘,能源/化工/环保,化学,化学实验室研究员（五险双休）,企业职位,重庆磊开建材有限公司,100-499人,,沈阳,大连-中山区,本科,3年以上,10-20k·13薪,,,,https://www.liepin.com/job/1982824005.shtml,20260609134312,,,,
157352,猎聘,能源/化工/环保,化学,化学实验室研究员（五险双休）,企业职位,大连雪缘因归科技有限公司,50-99人,,沈阳,大连-普兰店区,本科,3年以上,10-20k·13薪,,,,https://www.liepin.com/job/1981878105.shtml,20260609083011,,,,
157353,猎聘,能源/化工/环保,化学,化学分析员,企业职位,大连富秀佳锦科技有限公司,50-99人,,沈阳,沈阳-沈河区,大专,经验不限,8-12k·13薪,,,,https://www.liepin.com/job/1982189985.shtml,20260609083040,,,,
157354,猎聘,能源/化工/环保,化学,化学分析,企业职位,浙江科路核工程服务有限公司,2000-5000人,,沈阳,葫芦岛-连山区,大专,1年以下,4-5k,,,,https://www.liepin.com/job/1970868679.shtml,20241116142050,,,,
157355,猎聘,能源/化工/环保,化学,化学清洗专家,企业职位,沈阳富创精密设备股份有限公司,1000-2000人,,沈阳,沈阳-浑南区,硕士,5年以上,20-40k·16薪,,,,https://www.liepin.com/job/1979089367.shtml,20251211171944,,,,
157356,猎聘,能源/化工/环保,化学,化学分析实验员,企业职位,中国钢研科技集团有限公司,10000人以上,,沈阳,沈阳-浑南区,本科,1-3年,6-10k,,,,https://www.liepin.com/job/1960224635.shtml,20230724111110,,,,
157357,猎聘,能源/化工/环保,化学,双语化学/物理教师,企业职位,英领国际学校,100-499人,,沈阳,大连-沙河口区,本科,3-5年,15-25k,,,,https://www.liepin.com/job/1981007835.shtml,20260318093920,,,,
157358,猎聘,能源/化工/环保,化学,化学检测员,企业职位,锦州捷通铁路机械股份有限公司,1000-2000人,,沈阳,锦州-义县,大专,1-3年,3-5k,,,,https://www.liepin.com/job/1981955951.shtml,20260605113116,,,,
157359,猎聘,能源/化工/环保,化学,化学实验室负责人,企业职位,辽宁垠艺生物科技股份有限公司,100-499人,,沈阳,大连-金州区,硕士,5-10年,9-18k,,,,https://www.liepin.com/job/1977316675.shtml,20250918085826,,,,
157360,猎聘,能源/化工/环保,化学,化学研究员,企业职位,翔珑生命,1-49人,,沈阳,大连-甘井子区,硕士,3-5年,7-10k,,,,https://www.liepin.com/job/1971022353.shtml,20250711170855,,,,
157361,猎聘,能源/化工/环保,化学,高分子化学博士,企业职位,翔珑生命,1-49人,,沈阳,大连-甘井子区,博士,经验不限,15-25k,,,,https://www.liepin.com/job/1971039109.shtml,20250219082241,,,,
157362,猎聘,能源/化工/环保,化学,化学分析,企业职位,辽宁金汇生物化学有限公司,100-499人,,沈阳,阜新,大专,经验不限,4-5k,,,,https://www.liepin.com/job/1964215059.shtml,20240115102822,,,,
157363,猎聘,能源/化工/环保,化学,化学教师,企业职位,沈阳睿速教育科技有限公司,50-99人,,沈阳,沈阳-皇姑区,本科,经验不限,5-10k,,,,https://www.liepin.com/job/1924380701.shtml,20191027100549,,,,
157364,猎聘,能源/化工/环保,化学,化学实验员,企业职位,奇耐纤维,50-99人,,沈阳,沈阳-新民,本科,1-3年,4-5k,,,,https://www.liepin.com/job/1961590055.shtml,20231211083059,,,,
157365,猎聘,能源/化工/环保,化学,化学检测工程师,企业职位,辽宁中科力勒检测技术服务有限公司,50-99人,,沈阳,沈阳-浑南区,硕士,经验不限,7-9k,,,,https://www.liepin.com/job/1958196437.shtml,20230807170012,,,,
157366,猎聘,能源/化工/环保,化学,有机化学及有机化学博士后,企业职位,中国科学院大连化学物理研究所,50-99人,,沈阳,大连-沙河口区,硕士,经验不限,8-13k,,,,https://www.liepin.com/job/1963353057.shtml,20231203203714,,,,
157367,猎聘,能源/化工/环保,化学,物理/化学/生物/教师,企业职位,沈阳睿速教育科技有限公司,50-99人,,沈阳,沈阳-和平区,本科,经验不限,5-8k,,,,https://www.liepin.com/job/1960425555.shtml,20230814094508,,,,
157368,猎聘,能源/化工/环保,化学,化学分析员,企业职位,大连长兴岛日酸气体有限公司,50-99人,,沈阳,大连-瓦房店,大专,1-3年,5-6k,,,,https://www.liepin.com/job/1961572769.shtml,20230927095138,,,,
157369,猎聘,能源/化工/环保,化学,化学实验员,企业职位,辽宁金汇生物化学有限公司,100-499人,,沈阳,阜新-阜新县,统招本科,1-3年,6-7k,,,,https://www.liepin.com/job/1955525121.shtml,20230118152532,,,,
157370,猎聘,能源/化工/环保,化学,ALEVEL化学教师,企业职位,英领国际学校,100-499人,,沈阳,大连-沙河口区,硕士,3-5年,15-25k,,,,https://www.liepin.com/job/1981003307.shtml,20260318094015,,,,
157371,猎聘,能源/化工/环保,化学,AP生物/化学教师,企业职位,英领国际学校,100-499人,,沈阳,大连-甘井子区,本科,3-5年,10-15k,,,,https://www.liepin.com/job/1981005401.shtml,20260318094015,,,,
157372,猎聘,能源/化工/环保,化学,ALEVEL化学教师,企业职位,英领国际学校,100-499人,,沈阳,大连-甘井子区,硕士,3-5年,15-25k,,,,https://www.liepin.com/job/1981003305.shtml,20260318094015,,,,
157373,猎聘,能源/化工/环保,化学,化学老师,企业职位,大连天正之教育培训中心,50-99人,,沈阳,大连,本科,经验不限,10-15k,,,,https://www.liepin.com/job/1950195459.shtml,20220607172559,,,,
157374,猎聘,能源/化工/环保,化学,化学学科负责人,企业职位,大连市世纪晓教育培训学校有限公司,100-499人,,沈阳,大连-中山区,本科,3-5年,15-20k,,,,https://www.liepin.com/job/1928344631.shtml,20200517223213,,,,
157375,猎聘,能源/化工/环保,化学,有机化学分析师,企业职位,辽宁先达农业科学有限公司,10000人以上,,沈阳,葫芦岛,本科,3-5年,5-6k,,,,https://www.liepin.com/job/1942879325.shtml,20231227163847,,,,
157376,猎聘,能源/化工/环保,化学,物理/化学/生物（教研）,企业职位,沈阳睿速教育科技有限公司,50-99人,,沈阳,沈阳-和平区,本科,3-5年,4-7k,,,,https://www.liepin.com/job/1959357567.shtml,20230615135030,,,,
157377,猎聘,能源/化工/环保,化学,化学工程师,企业职位,辽宁瀚正环保设备工程有限公司,100-499人,,沈阳,鞍山-铁西区,本科,1-3年,4-6k,,,,https://www.liepin.com/job/1949304993.shtml,20220428114407,,,,
157378,猎聘,能源/化工/环保,化学,初中数学物理化学教师,企业职位,轻学教育咨询(沈阳)有限公司,50-99人,,沈阳,沈阳,本科,3年以上,15-25k,,,,https://www.liepin.com/job/1981879723.shtml,20260418160408,,,,
157379,猎聘,能源/化工/环保,化学,阳极氧化类电化学制程专家,企业职位,沈阳富创精密设备股份有限公司,1000-2000人,,沈阳,沈阳-浑南区,硕士,5年以上,20-40k·16薪,,,,https://www.liepin.com/job/1979089297.shtml,20251211171819,,,,
157380,猎聘,能源/化工/环保,化学,化学教师,企业职位,沈阳市世博文化辅导培训学校,1000-2000人,,沈阳,沈阳,本科,经验不限,10-15k,,,,https://www.liepin.com/job/1980075689.shtml,20260129132338,,,,
157381,猎聘,能源/化工/环保,化学,炼化企业防腐和化学清洗施工代表,企业职位,大连天凡防腐工程有限公司,50-99人,,沈阳,大连,中专/中技,1年以下,7-11k,,,,https://www.liepin.com/job/1955256943.shtml,20250306094143,,,,
157382,猎聘,能源/化工/环保,化学,化学老师,企业职位,轻学教育咨询(沈阳)有限公司,50-99人,,沈阳,沈阳-和平区,本科,3-5年,15-25k,,,,https://www.liepin.com/job/1978793051.shtml,20260317153519,,,,
157383,猎聘,能源/化工/环保,化学,【新F26】高中1V1化学教师(J55604),企业职位,新东方教育科技集团有限公司,10000人以上,,沈阳,大连-沙河口区,统招本科,经验不限,8-12k,,,,https://www.liepin.com/job/1977939417.shtml,20251022175800,,,,
157384,猎聘,能源/化工/环保,化学,化学工程师,企业职位,沈阳科通塑胶有限公司,100-499人,,沈阳,沈阳-于洪区,硕士,经验不限,7-10k,,,,https://www.liepin.com/job/1950722773.shtml,20250609163850,,,,
157385,猎聘,能源/化工/环保,化学,化学原料销售,企业职位,翔珑生命,1-49人,,沈阳,大连-西岗区,本科,3-5年,5-10k,,,,https://www.liepin.com/job/1970215393.shtml,20241018091556,,,,
157386,猎聘,能源/化工/环保,化学,日语化学专利代理人,企业职位,派特恩,500-999人,,沈阳,沈阳-沈河区,本科,1-3年,薪资面议,,,,https://www.liepin.com/job/1968388497.shtml,20240716143150,,,,
157387,猎聘,能源/化工/环保,化学,化学实验室技术员,企业职位,川扬检测技术有限公司,1-49人,,沈阳,大连,大专,经验不限,4-6k,,,,https://www.liepin.com/job/1952693265.shtml,20230830140901,,,,
157388,猎聘,能源/化工/环保,化学,日语化学专利代理人,企业职位,派特恩,500-999人,,沈阳,大连-沙河口区,本科,1-3年,薪资面议,,,,https://www.liepin.com/job/1968388495.shtml,20240716143150,,,,
157389,猎聘,能源/化工/环保,化学,高中理科（数学 物理 化学 生物）老师,企业职位,锦州市一鸣教育培训中心,1-49人,,沈阳,锦州,本科,经验不限,10-15k,,,,https://www.liepin.com/job/1944962751.shtml,20211118132000,,,,
157390,猎聘,能源/化工/环保,化学,环境化学实习生,企业职位,沈阳工大蓝金环保产业技术研究院有限公司,1-49人,,沈阳,沈阳-浑南区,本科,经验不限,2-3k,,,,https://www.liepin.com/job/1964803279.shtml,20240221115808,,,,
157391,猎聘,能源/化工/环保,化学,物理化学教师,企业职位,辽宁大象教育信息咨询有限公司,50-99人,,沈阳,沈阳-和平区,本科,经验不限,5-10k,,,,https://www.liepin.com/job/1963053601.shtml,20231120172915,,,,
157392,猎聘,能源/化工/环保,化学,化学分析测试员,企业职位,抚顺青松药业有限公司,1-49人,,沈阳,抚顺,中专/中技,经验不限,2-3k,,,,https://www.liepin.com/job/1928344429.shtml,20200517210544,,,,
157393,猎聘,能源/化工/环保,化学,招聘理科（数学 物理 化学 生物）辅导老师,企业职位,锦州市一鸣教育培训中心,1-49人,,沈阳,锦州,本科,经验不限,10-15k,,,,https://www.liepin.com/job/1944962433.shtml,20211118131933,,,,
157394,猎聘,能源/化工/环保,化学,初高数学、化学老师,企业职位,大连锦成教育咨询有限公司,1-49人,,沈阳,大连,本科,1-3年,7-10k,,,,https://www.liepin.com/job/1927758899.shtml,20200425145929,,,,
157395,猎聘,能源/化工/环保,化学,初中理科老师（物理，数学，化学）,企业职位,大连朗侨威尔教育咨询有限公司,1-49人,,沈阳,大连,本科,经验不限,4-6k,,,,https://www.liepin.com/job/1938270389.shtml,20210417112248,,,,
157396,猎聘,能源/化工/环保,化学,初三化学老师,企业职位,葫芦岛市星火教育咨询有限公司,1-49人,,沈阳,葫芦岛,大专,1-3年,8-12k,,,,https://www.liepin.com/job/1944602909.shtml,20211106174322,,,,
157397,猎聘,能源/化工/环保,化学,化学工程与工艺,企业职位,航锦科技股份有限公司,5000-10000人,,沈阳,葫芦岛,本科,经验不限,3-4k,,,,https://www.liepin.com/job/1920380137.shtml,20200107103946,,,,
157398,猎聘,能源/化工/环保,化学,工艺安全评估专员,企业职位,金凯生命科技,500-999人,,沈阳,大连-金州区,本科,经验不限,6-11k,,,,https://www.liepin.com/job/1982956051.shtml,20260609151302,,,,
157399,猎聘,能源/化工/环保,化学,厂务工程师(气体化学品方向),企业职位,SK海力士大连,2000-5000人,,沈阳,大连-金州区,本科,3-5年,15-30k·13薪,,,,https://www.liepin.com/job/1978932777.shtml,20260609084018,,,,
157400,猎聘,能源/化工/环保,化学,电池电芯测试工程师,企业职位,某整车制造公司,1000-2000人,,沈阳,大连,统招本科,5年以上,20-30k·15薪,,,,https://www.liepin.com/a/76358129.shtml,20260603195100,,,,
157401,猎聘,能源/化工/环保,化学,质量控制专员,企业职位,安斯泰来(中国)投资有限公司,1000-2000人,,沈阳,沈阳-铁西区,统招本科,2年以上,薪资面议,,,,https://www.liepin.com/job/1983076781.shtml,20260602160654,,,,
157402,猎聘,能源/化工/环保,化学,物流安全主管师,企业职位,某国内整车制造上市公司,10000人以上,,沈阳,大连,统招本科,5-10年,15-30k·15薪,,,,https://www.liepin.com/a/74879551.shtml,20260609084740,,,,
157403,猎聘,能源/化工/环保,化学,CVD工程师,企业职位,某电子/半导体/集成电路公司,50-99人,,沈阳,沈阳,统招本科,5-10年,15-20k,,,,https://www.liepin.com/a/75703145.shtml,20260603170754,,,,
157404,猎聘,能源/化工/环保,化学,表面处理工程师,企业职位,某沈阳航空/航天设备公司,100-499人,,沈阳,沈阳-沈北新区,硕士,3-5年,8-12k,,,,https://www.liepin.com/a/75093439.shtml,20260608131516,,,,
157405,猎聘,能源/化工/环保,化学,研究所锂电负极材料研发,企业职位,某大连非营利组织公司,50-99人,,沈阳,大连,统招本科,3-5年,15-16k,,,,https://www.liepin.com/a/73536721.shtml,20260515103124,,,,
157406,猎聘,能源/化工/环保,化学,小分子药化博士,企业职位,沈阳兴齐眼药,1000-2000人,,沈阳,沈阳-浑南区,博士,1-3年,20-30k·15薪,,,,https://www.liepin.com/job/1983093321.shtml,20260603090911,,,,
157407,猎聘,能源/化工/环保,化学,Component Part Owner（电芯方向）,企业职位,某合肥大型整车制造公司,1000-2000人,,沈阳,大连,本科,3-5年,15-26k·15薪,,,,https://www.liepin.com/a/75923643.shtml,20260521165852,,,,
157408,猎聘,能源/化工/环保,化学,安全工程师,企业职位,辽宁金发生物材料有限公司,100-499人,,沈阳,盘锦-大洼区,本科,3-5年,7-11k,,,,https://www.liepin.com/job/1981927185.shtml,20260608144003,,,,
157409,猎聘,能源/化工/环保,化学,半导体CVD工程师,企业职位,某沈阳电子/半导体/集成电路公司,50-99人,,沈阳,沈阳,本科,3-5年,15-20k,,,,https://www.liepin.com/a/75701293.shtml,20260609083236,,,,
157410,猎聘,能源/化工/环保,化学,CVD工程师,企业职位,某知名电子/半导体/集成电路公司,50-99人,,沈阳,沈阳,本科,经验不限,15-20k·13薪,,,,https://www.liepin.com/a/75644939.shtml,20260513192603,,,,
157411,猎聘,能源/化工/环保,化学,大客户销售（医药/医疗器械）,企业职位,微谱,1000-2000人,,沈阳,沈阳-沈北新区,大专,1-10年,10-20k·13薪,,,,https://www.liepin.com/job/1982352387.shtml,20260508151011,,,,
157412,猎聘,能源/化工/环保,化学,售后技术支持,企业职位,某知名上市公司,1000-2000人,,沈阳,沈阳,本科,5-10年,28-55k,,,,https://www.liepin.com/a/76089427.shtml,20260603183048,,,,
157413,猎聘,能源/化工/环保,化学,半导体设备工程师,企业职位,某知名公司,100-499人,,沈阳,大连-金州区,统招本科,5-10年,15-25k·14薪,,,,https://www.liepin.com/a/76248983.shtml,20260609080248,,,,
157414,猎聘,能源/化工/环保,化学,沈阳医疗器械质量负责人,企业职位,京东,10000人以上,,沈阳,沈阳-浑南区,本科,3年以上,11-22k·18薪,,,,https://www.liepin.com/job/1982418391.shtml,20260511131817,,,,
157415,猎聘,能源/化工/环保,化学,半导体设备工程师【大连】,企业职位,某知名公司,100-499人,,沈阳,大连,本科,3-5年,10-15k·18薪,,,,https://www.liepin.com/a/75907617.shtml,20260521133142,,,,
157416,猎聘,能源/化工/环保,化学,质量主管（外资，世界500强）,企业职位,某大型新材料公司,2000-5000人,,沈阳,沈阳,统招本科,5年以上,14-18k·14薪,,,,https://www.liepin.com/a/74894781.shtml,20260514093218,,,,
157417,猎聘,能源/化工/环保,化学,半导体设备工程师（CMP设备 工作地：大连）,企业职位,某外资半导体生产设备公司,100-499人,,沈阳,大连,大专,2年以上,10-12k·18薪,,,,https://www.liepin.com/a/75983163.shtml,20260608222841,,,,
157418,猎聘,能源/化工/环保,化学,半导体设备工程师,企业职位,某大连电子/半导体/集成电路公司,100-499人,,沈阳,大连-金州区,本科,5-10年,15-25k·13薪,,,,https://www.liepin.com/a/76248481.shtml,20260609075536,,,,
157419,猎聘,能源/化工/环保,化学,高分子材料研发工程师,企业职位,辽宁黄海实验室,100-499人,,沈阳,大连-旅顺口区,本科,1-3年,6-10k,,,,https://www.liepin.com/job/1982931361.shtml,20260604205649,,,,
157420,猎聘,能源/化工/环保,化学,疫苗研发工程师,企业职位,某大连制药公司,100-499人,,沈阳,大连-金州区,统招本科,3-5年,10-15k·15薪,,,,https://www.liepin.com/a/76127917.shtml,20260609141517,,,,
157421,猎聘,能源/化工/环保,化学,环保工程师,企业职位,某大连知名公司,50-99人,,沈阳,大连,学历不限,1-3年,18-23k,,,,https://www.liepin.com/a/76217107.shtml,20260529172002,,,,
157422,猎聘,能源/化工/环保,化学,【博士】学院教研室教师,企业职位,某国内学校教育公司,1-49人,,沈阳,锦州,博士,经验不限,20-40k,,,,https://www.liepin.com/a/75927437.shtml,20260529102037,,,,
157423,猎聘,能源/化工/环保,化学,TPM 技术项目经理（电芯方向）,企业职位,某合肥大型整车制造公司,1000-2000人,,沈阳,大连,学历不限,3-5年,15-26k·15薪,,,,https://www.liepin.com/a/75923807.shtml,20260521170116,,,,
157424,猎聘,能源/化工/环保,化学,技术支持工程师,企业职位,拓荆科技股份有限公司,1000-2000人,,沈阳,沈阳-浑南区,本科,经验不限,14-20k·13薪,,,,https://www.liepin.com/job/1980373999.shtml,20260603162311,,,,
157425,猎聘,能源/化工/环保,化学,出口药品质量受权人（QP）,企业职位,某沈阳制药上市公司,500-999人,,沈阳,沈阳,统招本科,3-5年,30-45k,,,,https://www.liepin.com/a/76314143.shtml,20260602144639,,,,
157426,猎聘,能源/化工/环保,化学,品控经理,企业职位,某知名公司,50-99人,,沈阳,沈阳,大专,5-10年,15-25k·13薪,,,,https://www.liepin.com/a/75279659.shtml,20260609162450,,,,
157427,猎聘,能源/化工/环保,化学,QA国际（生物制药方向）,企业职位,某沈阳制药公司,100-499人,,沈阳,沈阳,统招本科,3-5年,10-15k·13薪,,,,https://www.liepin.com/a/73302439.shtml,20260331140604,,,,
157428,猎聘,能源/化工/环保,化学,机构初高中老师,企业职位,某沈阳培训服务公司,100-499人,,沈阳,沈阳,统招本科,1-3年,6-10k,,,,https://www.liepin.com/a/76357951.shtml,20260603132354,,,,
157429,猎聘,能源/化工/环保,化学,研发材料工程师,企业职位,某沈阳电子/半导体/集成电路公司,100-499人,,沈阳,沈阳,学历不限,1年以上,17-20k,,,,https://www.liepin.com/a/76430665.shtml,20260604184215,,,,
157430,猎聘,能源/化工/环保,化学,半导体设备工程师,企业职位,某大连计算机软件公司,100-499人,,沈阳,大连-金州区,统招本科,5年以上,12-20k·13薪,,,,https://www.liepin.com/a/76251555.shtml,20260609080050,,,,
157431,猎聘,能源/化工/环保,化学,EHS工程师,企业职位,某大型新能源公司,2000-5000人,,沈阳,阜新,统招本科,5年以上,15-20k·13薪,,,,https://www.liepin.com/a/76221121.shtml,20260529191643,,,,
157432,猎聘,能源/化工/环保,化学,技术支持工程师,企业职位,拓荆科技股份有限公司,1000-2000人,,沈阳,沈阳-浑南区,本科,3-5年,8-15k·13薪,,,,https://www.liepin.com/job/1964636019.shtml,20260519182739,,,,
157433,猎聘,能源/化工/环保,化学, 【大连】senior现场工程师（3Y+）,企业职位,某知名公司,100-499人,,沈阳,大连,统招本科,3-5年,8-12k·15薪,,,,https://www.liepin.com/a/75910473.shtml,20260521141428,,,,
157434,猎聘,能源/化工/环保,化学,表面处理工程师,企业职位,某沈阳电子/半导体/集成电路公司,50-99人,,沈阳,沈阳-浑南区,本科,1-3年,7-10k,,,,https://www.liepin.com/a/75382261.shtml,20260601081234,,,,
157435,猎聘,能源/化工/环保,化学,Assembly（装配）,企业职位,某合肥汽车公司,,,沈阳,大连,硕士,3年以上,20-25k,,,,https://www.liepin.com/a/75768363.shtml,20260528091648,,,,
157436,猎聘,能源/化工/环保,化学,EHS主管,企业职位,某上海大型新能源公司,2000-5000人,,沈阳,阜新,统招本科,10年以上,14-15k·13薪,,,,https://www.liepin.com/a/76188929.shtml,20260529092952,,,,
157437,猎聘,能源/化工/环保,化学,大学老师,企业职位,某国内学校教育公司,1-49人,,沈阳,锦州,博士,经验不限,20-35k,,,,https://www.liepin.com/a/73528967.shtml,20260318104501,,,,
157438,猎聘,能源/化工/环保,化学,Electrode（电极）,企业职位,某合肥汽车公司,,,沈阳,大连,硕士,3年以上,20-25k,,,,https://www.liepin.com/a/75768557.shtml,20260528091648,,,,
157439,猎聘,能源/化工/环保,化学,资深蚀刻工艺工程师（Etch）,企业职位,某全球知名半导体公司,500-999人,,沈阳,大连,硕士,5-10年,30-55k·16薪,,,,https://www.liepin.com/a/76218175.shtml,20260609085136,,,,
157440,猎聘,能源/化工/环保,化学,电池仿真工程师,企业职位,艾尔维汽车工程技术,100-499人,,沈阳,沈阳-铁西区,本科,1-3年,11-20k·14薪,,,,https://www.liepin.com/job/1981779687.shtml,20260609102922,,,,
157441,猎聘,能源/化工/环保,化学,理化技术员（飞机发动机表面处理）,企业职位,某沈阳航空/航天设备公司,100-499人,,沈阳,沈阳,本科,5-10年,10-11k,,,,https://www.liepin.com/a/75245895.shtml,20260502094727,,,,
157442,猎聘,能源/化工/环保,化学,国内营销总监（制剂/原料药）,企业职位,某沈阳制药上市公司,5000-10000人,,沈阳,沈阳,统招本科,10年以上,120-150k,,,,https://www.liepin.com/a/76330757.shtml,20260608110818,,,,
157443,猎聘,能源/化工/环保,化学,研发课题带头人,企业职位,辽宁盛源化学,500-999人,,沈阳,沈阳-浑南区,博士,经验不限,25-30k,,,,https://www.liepin.com/job/1982993275.shtml,20260529172055,,,,
157444,猎聘,能源/化工/环保,化学,销售总监,企业职位,奥吉娜药业,100-499人,,沈阳,沈阳-铁西区,本科,8年以上,16-20k,,,,https://www.liepin.com/job/1979384763.shtml,20260605154721,,,,
157445,猎聘,能源/化工/环保,化学,F&A,企业职位,某合肥汽车公司,,,沈阳,大连,硕士,3年以上,20-25k,,,,https://www.liepin.com/a/75768347.shtml,20260528091648,,,,
157446,猎聘,能源/化工/环保,化学,技术支持工程师,企业职位,某知名电子/半导体/集成电路上市公司,1000-2000人,,沈阳,沈阳,本科,5-10年,30-50k·14薪,,,,https://www.liepin.com/a/76087437.shtml,20260526211434,,,,
157447,猎聘,能源/化工/环保,化学,制剂研究员（小核酸方向）,企业职位,沈阳兴齐眼药,1000-2000人,,沈阳,沈阳-浑南区,本科,2-4年,8-15k·15薪,,,,https://www.liepin.com/job/1980934273.shtml,20260314122122,,,,
157448,猎聘,能源/化工/环保,化学,大学教师,企业职位,某国内学校教育公司,1-49人,,沈阳,锦州,博士,经验不限,20-40k,,,,https://www.liepin.com/a/73548725.shtml,20260322105626,,,,
157449,猎聘,能源/化工/环保,化学,业务拓展总监,企业职位,某大型电子/半导体/集成电路公司,1000-2000人,,沈阳,沈阳,统招本科,5-10年,30-55k·16薪,,,,https://www.liepin.com/a/74565805.shtml,20260609090042,,,,
157450,猎聘,能源/化工/环保,化学,机械工程师（半导体湿法设备）（沈阳）,企业职位,芯达半导体设备(苏州)有限公司,50-99人,,沈阳,沈阳-苏家屯区,本科,8年以上,15-30k,,,,https://www.liepin.com/job/1976017997.shtml,20260609105404,,,,
157451,猎聘,能源/化工/环保,化学,国内营销总监（原料药/制剂）,企业职位,某沈阳制药上市公司,5000-10000人,,沈阳,沈阳-铁西区,统招本科,10年以上,70-100k,,,,https://www.liepin.com/a/76314569.shtml,20260602145049,,,,
157452,猎聘,能源/化工/环保,化学,碳纳米管研发总监,企业职位,大连东方碳谷新材料集团,1000-2000人,,沈阳,大连-金州区,硕士,10年以上,20-30k,,,,https://www.liepin.com/job/1981985553.shtml,20260422130651,,,,
157453,猎聘,能源/化工/环保,化学,ALD项目经理,企业职位,某知名公司,100-499人,,沈阳,大连-金州区,统招本科,5-10年,15-25k·14薪,,,,https://www.liepin.com/a/76248829.shtml,20260609080248,,,,
157454,猎聘,能源/化工/环保,化学,大学教师,企业职位,某国内学校教育公司,1-49人,,沈阳,锦州,博士,经验不限,20-30k,,,,https://www.liepin.com/a/73990659.shtml,20260327215709,,,,
157455,猎聘,能源/化工/环保,化学,工艺工程师,企业职位,沈阳海泰同芯科技有限公司,1-49人,,沈阳,沈阳-浑南区,本科,经验不限,10-25k,,,,https://www.liepin.com/job/1982977093.shtml,20260529111945,,,,
157456,猎聘,能源/化工/环保,化学,高端仪器BD总监（头部半导体上市公司）,企业职位,某知名电子/半导体/集成电路上市公司,1000-2000人,,沈阳,沈阳,统招本科,10年以上,50-80k,,,,https://www.liepin.com/a/75228673.shtml,20260507100848,,,,
157457,猎聘,能源/化工/环保,化学,资深工艺工程师-沈阳,企业职位,拓荆科技股份有限公司,1000-2000人,,沈阳,沈阳-浑南区,硕士,5年以上,15-23k·13薪,,,,https://www.liepin.com/job/1981209907.shtml,20260422210713,,,,
157458,猎聘,能源/化工/环保,化学,表面处理工程师,企业职位,某沈阳航空航天公司,100-499人,,沈阳,沈阳-沈北新区,硕士,5-10年,8-12k,,,,https://www.liepin.com/a/75037659.shtml,20260424151614,,,,
157459,猎聘,能源/化工/环保,化学,气味数字采集与合成散发研发工程师,企业职位,阿拉丁无人机有限公司,50-99人,,沈阳,朝阳-凌源,硕士,1-3年,10-20k,,,,https://www.liepin.com/job/1983072337.shtml,20260602150202,,,,
157460,猎聘,能源/化工/环保,化学,验证管理员,企业职位,某北京制药上市公司,1000-2000人,,沈阳,大连-金州区,本科,3年以上,6-10k,,,,https://www.liepin.com/a/73471479.shtml,20260609111428,,,,
157461,猎聘,能源/化工/环保,化学,产品经理,企业职位,某大连大型生物技术公司,500-999人,,沈阳,大连,硕士,1-3年,11-20k,,,,https://www.liepin.com/a/76204981.shtml,20260609135017,,,,
157462,猎聘,能源/化工/环保,化学,电池系统工程师,企业职位,某知名上市公司,2000-5000人,,沈阳,沈阳-铁西区,统招本科,3-5年,22-28k·14薪,,,,https://www.liepin.com/a/74225465.shtml,20260603082927,,,,
157463,猎聘,能源/化工/环保,化学,药品注册专员,企业职位,辽宁奉天盛世高科技有限公司,1-49人,,沈阳,沈阳-浑南区,统招本科,1-3年,3-8k,,,,https://www.liepin.com/job/1982765657.shtml,20260522105249,,,,
157464,猎聘,能源/化工/环保,化学,工艺工程师,企业职位,某知名公司,1-49人,,沈阳,盘锦,本科,5年以上,12-20k·13薪,,,,https://www.liepin.com/a/74253647.shtml,20260403154805,,,,
157465,猎聘,能源/化工/环保,化学,物流经理,企业职位,沈阳美嘉帕拉斯特汽车零部件有限公司,100-499人,,沈阳,沈阳-沈北新区,本科,5-10年,15-20k·14薪,,,,https://www.liepin.com/job/1940361129.shtml,20260608214306,,,,
157466,猎聘,能源/化工/环保,化学,生物药研究员（AAV方向）,企业职位,沈阳兴齐眼药,1000-2000人,,沈阳,沈阳-浑南区,硕士,2年以上,9-15k·15薪,,,,https://www.liepin.com/job/1982576897.shtml,20260515154018,,,,
157467,猎聘,能源/化工/环保,化学,研发总监/经理（保健品）,企业职位,某大连大型制药公司,500-999人,,沈阳,大连,学历不限,3-5年,20-30k,,,,https://www.liepin.com/a/74595007.shtml,20260604091733,,,,
157468,猎聘,能源/化工/环保,化学,CDMO原料药 质量总监,企业职位,某知名公司,100-499人,,沈阳,大连-瓦房店,本科,10年以上,65-90k,,,,https://www.liepin.com/a/71643543.shtml,20260609092304,,,,
157469,猎聘,能源/化工/环保,化学,药品研发,企业职位,某国内制药上市公司,100-499人,,沈阳,大连,学历不限,3-5年,9-12k,,,,https://www.liepin.com/a/73500395.shtml,20260317181421,,,,
157470,猎聘,能源/化工/环保,化学,物流安全工程师,企业职位,某国内整车制造上市公司,10000人以上,,沈阳,大连,本科,3年以上,16-30k·15薪,,,,https://www.liepin.com/a/74811935.shtml,20260514102833,,,,
157471,猎聘,能源/化工/环保,化学,金属材料工程师,企业职位,某西安大型IT服务公司,10000人以上,,沈阳,沈阳,大专,5-10年,30-35k,,,,https://www.liepin.com/a/75734289.shtml,20260609144737,,,,
157472,猎聘,能源/化工/环保,化学,销售业务员,企业职位,辽宁中科众衡检测科技有限公司,50-99人,,沈阳,沈阳-浑南区,大专,1-3年,4-8k,,,,https://www.liepin.com/job/1982884239.shtml,20260527092324,,,,
157473,猎聘,能源/化工/环保,化学,技术支持工程师,企业职位,某知名电子/半导体/集成电路上市公司,1000-2000人,,沈阳,沈阳,本科,5-10年,40-50k·14薪,,,,https://www.liepin.com/a/76054619.shtml,20260526111745,,,,
157474,猎聘,能源/化工/环保,化学,【博士】学院教研室教师,企业职位,某国内学校教育公司,1-49人,,沈阳,锦州,博士,经验不限,70-100k,,,,https://www.liepin.com/a/75844663.shtml,20260519235906,,,,
157475,猎聘,能源/化工/环保,化学,QA专员,企业职位,苏利制药,50-99人,,沈阳,大连-瓦房店,本科,5年以上,5-7k·13薪,,,,https://www.liepin.com/job/1978249221.shtml,20260609110903,,,,
157476,猎聘,能源/化工/环保,化学,研发课题带头人,企业职位,辽宁盛源化学,500-999人,,沈阳,沈阳-浑南区,博士,2-5年,20-25k,,,,https://www.liepin.com/job/1982054543.shtml,20260424100646,,,,
157477,猎聘,能源/化工/环保,化学,资深技术支持工程师-半导体设备,企业职位,某大型知名电子/半导体/集成电路公司,1000-2000人,,沈阳,沈阳,统招本科,10年以上,35-65k,,,,https://www.liepin.com/a/75781071.shtml,20260518161326,,,,
157478,猎聘,能源/化工/环保,化学,高端仪器仪表BD总监,企业职位,某沈阳电子/半导体/集成电路上市公司,1000-2000人,,沈阳,沈阳,统招本科,10年以上,35-65k,,,,https://www.liepin.com/a/76318525.shtml,20260602152832,,,,
157479,猎聘,能源/化工/环保,化学,销售经理,企业职位,某知名公司,50-99人,,沈阳,沈阳,大专,3-5年,13-14k·18薪,,,,https://www.liepin.com/a/74116159.shtml,20260520133051,,,,
157480,猎聘,能源/化工/环保,化学,光学工程师D,企业职位,某杭州专业技术服务公司,50-99人,,沈阳,大连,硕士,5-10年,15-25k,,,,https://www.liepin.com/a/71591319.shtml,20260601182438,,,,
157481,猎聘,能源/化工/环保,化学,销售总监,企业职位,大连奇凯医药科技有限公司,1-49人,,沈阳,大连-金州区,本科,5-10年,15-25k,,,,https://www.liepin.com/job/1969351011.shtml,20260528091905,,,,
157482,猎聘,能源/化工/环保,化学,大客户销售（医药/医疗器械第三方检测）,企业职位,微谱,1000-2000人,,沈阳,沈阳-沈北新区,大专,经验不限,10-15k·13薪,,,,https://www.liepin.com/job/1968904201.shtml,20260109175802,,,,
157483,猎聘,能源/化工/环保,化学,资深工艺经理,企业职位,某沈阳电子/半导体/集成电路上市公司,1000-2000人,,沈阳,沈阳-浑南区,博士,8年以上,40-60k·16薪,,,,https://www.liepin.com/a/75112589.shtml,20260427175231,,,,
157484,猎聘,能源/化工/环保,化学,生产总监,企业职位,某知名公司,100-499人,,沈阳,大连,本科,经验不限,40-70k,,,,https://www.liepin.com/a/76444797.shtml,20260605110224,,,,
157485,猎聘,能源/化工/环保,化学,日语流利新增无经验要求职位,企业职位,某上海计算机软件公司,1-49人,,沈阳,大连,本科,经验不限,15-23k,,,,https://www.liepin.com/a/75994097.shtml,20260609095902,,,,
157486,猎聘,能源/化工/环保,化学,GPS工程师,企业职位,盈芯半导体,100-499人,,沈阳,沈阳-浑南区,大专,5-10年,7-15k·13薪,,,,https://www.liepin.com/job/1973249903.shtml,20260601132934,,,,
157487,猎聘,能源/化工/环保,化学,高级销售经理,企业职位,上海燚康,1-49人,,沈阳,沈阳-和平区,本科,1年以上,6-12k,,,,https://www.liepin.com/job/1974304485.shtml,20260603142040,,,,
157488,猎聘,能源/化工/环保,化学,流延/材料研发工程师,企业职位,某大连电子/半导体/集成电路上市公司,100-499人,,沈阳,大连,博士,经验不限,40-70k,,,,https://www.liepin.com/a/75917019.shtml,20260521153333,,,,
157489,猎聘,能源/化工/环保,化学,高中网课在线教师,企业职位,南阳精准翻译服务有限公司,50-99人,,沈阳,沈阳-沈河区,统招本科,10年以上,8-15k,,,,https://www.liepin.com/job/1971273187.shtml,20260608064850,,,,
157490,猎聘,能源/化工/环保,化学,燃料电池设计工程师,企业职位,FEV,100-499人,,沈阳,沈阳-铁西区,本科,3年以上,10-20k·13薪,,,,https://www.liepin.com/job/1981260043.shtml,20260521084458,,,,
157491,猎聘,能源/化工/环保,化学,资深工艺工程师,企业职位,拓荆科技股份有限公司,1000-2000人,,沈阳,沈阳-浑南区,硕士,5-10年,15-23k,,,,https://www.liepin.com/job/1958719157.shtml,20260512205021,,,,
157492,猎聘,能源/化工/环保,化学,企划管理副经理,企业职位,安斯泰来(中国)投资有限公司,1000-2000人,,沈阳,沈阳-铁西区,统招本科,10年以上,薪资面议,,,,https://www.liepin.com/job/1982738491.shtml,20260521142119,,,,
157493,猎聘,能源/化工/环保,化学,销售及服务工程师（航空航天）,企业职位,上海凯密特尔化学品有限公司,100-499人,,沈阳,沈阳-和平区,本科,2年以上,15-25k,,,,https://www.liepin.com/job/1978658213.shtml,20260516224041,,,,
157494,猎聘,能源/化工/环保,化学,表面处理高级工程师,企业职位,某沈阳航空/航天设备公司,100-499人,,沈阳,沈阳,本科,3-5年,15-20k,,,,https://www.liepin.com/a/75148377.shtml,20260428150917,,,,
157495,猎聘,能源/化工/环保,化学,高中网课在线教师,企业职位,南阳精准翻译服务有限公司,50-99人,,沈阳,大连-甘井子区,统招本科,10年以上,8-15k,,,,https://www.liepin.com/job/1971273189.shtml,20260608064850,,,,
157496,猎聘,能源/化工/环保,化学,技术/研发总监（中医药保健品）,企业职位,某大连大型制药公司,500-999人,,沈阳,大连,学历不限,3-5年,20-30k,,,,https://www.liepin.com/a/73924829.shtml,20260604091733,,,,
157497,猎聘,能源/化工/环保,化学,生产经理,企业职位,某沈阳印刷包装公司,100-499人,,沈阳,沈阳-铁西区,本科,5-10年,10-15k,,,,https://www.liepin.com/a/74935115.shtml,20260422134508,,,,
157498,猎聘,能源/化工/环保,化学,QA国际注册,企业职位,某沈阳制药公司,100-499人,,沈阳,沈阳,统招本科,3-5年,10-15k,,,,https://www.liepin.com/a/73316869.shtml,20260609091959,,,,
157499,猎聘,能源/化工/环保,化学,客户经理（海外市场-英语-base地不限),企业职位,大连医诺生物股份有限公司,500-999人,,沈阳,大连,统招本科,1年以上,薪资面议,,,,https://www.liepin.com/job/1982488181.shtml,20260608084305,,,,
157500,猎聘,能源/化工/环保,化学,表处工艺工程师,企业职位,沈阳富创精密设备股份有限公司,1000-2000人,,沈阳,沈阳-浑南区,统招本科,2年以上,8-12k,,,,https://www.liepin.com/job/1979297521.shtml,20251222150654,,,,
157501,猎聘,能源/化工/环保,化学,外贸专员/助理,企业职位,金久奇(上海)健康科技有限公司,100-499人,,沈阳,沈阳-浑南区,统招本科,3-5年,6-18k,,,,https://www.liepin.com/job/1977987441.shtml,20251024141020,,,,
157502,猎聘,能源/化工/环保,化学,光学工程师,企业职位,大连创锐光谱科技有限公司,100-499人,,沈阳,大连-甘井子区,硕士,经验不限,10-20k·13薪,,,,https://www.liepin.com/job/1974970567.shtml,20260529181249,,,,
157503,猎聘,能源/化工/环保,化学,数据管理项目经理,企业职位,太美智研医药研发(上海)有限公司,100-499人,,沈阳,大连-甘井子区,本科,6年以上,12-20k·14薪,,,,https://www.liepin.com/job/1982350877.shtml,20260519095531,,,,
157504,猎聘,能源/化工/环保,化学,理科竞赛教练,企业职位,某知名公司,100-499人,,沈阳,大连,统招本科,经验不限,25-50k,,,,https://www.liepin.com/a/74587531.shtml,20260515141725,,,,
157505,猎聘,能源/化工/环保,化学,高端仪器仪表BD总监,企业职位,某沈阳电子/半导体/集成电路公司,,,沈阳,沈阳-和平区,硕士,5年以上,40-60k·16薪,,,,https://www.liepin.com/a/76099597.shtml,20260527104024,,,,
157506,猎聘,能源/化工/环保,化学,模拟仿真工程师 （有限元分析）,企业职位,融科储能,1000-2000人,,沈阳,大连-金州区,本科,5-10年,8-15k,,,,https://www.liepin.com/job/1977121681.shtml,20260225142840,,,,
157507,猎聘,能源/化工/环保,化学,理科竞赛教练,企业职位,某知名公司,100-499人,,沈阳,沈阳,统招本科,经验不限,25-50k,,,,https://www.liepin.com/a/74587305.shtml,20260515141725,,,,
157508,猎聘,能源/化工/环保,化学,表面处理工艺工程师,企业职位,沈阳富创精密设备股份有限公司,1000-2000人,,沈阳,沈阳-浑南区,统招本科,3-5年,8-15k,,,,https://www.liepin.com/job/1979305617.shtml,20251222174801,,,,
157509,猎聘,能源/化工/环保,化学,工业在线仪器销售工程师（沈阳）,企业职位,瑞士万通中国有限公司,100-499人,,沈阳,沈阳-和平区,本科,1-3年,10-18k·13薪,,,,https://www.liepin.com/job/1976633339.shtml,20260605085602,,,,
157510,猎聘,能源/化工/环保,化学,品控经理,企业职位,某青岛农林牧渔公司,100-499人,,沈阳,鞍山,大专,5-10年,18-22k,,,,https://www.liepin.com/a/75963463.shtml,20260609143830,,,,
157511,猎聘,能源/化工/环保,化学,原纸材料改性研发工程师,企业职位,某沈阳大型石化公司,500-999人,,沈阳,沈阳-沈北新区,统招本科,经验不限,10-15k,,,,https://www.liepin.com/a/75577195.shtml,20260512152158,,,,
157512,猎聘,能源/化工/环保,化学,油漆质检员,企业职位,沈阳凰仕涂料有限公司,1-49人,,沈阳,沈阳-铁西区,本科,3-5年,4-6k,,,,https://www.liepin.com/job/1982915643.shtml,20260527152212,,,,
157513,猎聘,能源/化工/环保,化学,质量部经理,企业职位,沈阳爱尔泰医疗科技有限公司,100-499人,,沈阳,沈阳-铁西区,统招本科,5年以上,7-9k,,,,https://www.liepin.com/job/1979371415.shtml,20260521130637,,,,
157514,猎聘,能源/化工/环保,化学,化妆品配方工程师,企业职位,某知名公司,,,沈阳,大连,学历不限,经验不限,25-26k,,,,https://www.liepin.com/a/74152545.shtml,20260401181625,,,,
157515,猎聘,能源/化工/环保,化学,分析评定中心-分析评定高级工程（工作背景：润滑油添加剂行业背景）,企业职位,天津利安隆新材料股份有限公司,2000-5000人,,沈阳,锦州-太和区,统招本科,10年以上,10-15k·13薪,,,,https://www.liepin.com/job/1977622985.shtml,20251103145901,,,,
157516,猎聘,能源/化工/环保,化学,精研组长,企业职位,天津利安隆新材料股份有限公司,2000-5000人,,沈阳,锦州-太和区,硕士,5-10年,14-16k·13薪,,,,https://www.liepin.com/job/1975624655.shtml,20251103145940,,,,
157517,猎聘,能源/化工/环保,化学,安全员,企业职位,阜新铭合源水务有限公司,1-49人,,沈阳,阜新-新邱区,本科,3-10年,5-8k,,,,https://www.liepin.com/job/1983222305.shtml,20260607120203,,,,
157518,猎聘,能源/化工/环保,化学,单剂研究所-单剂课题组长 （工作地点：辽宁锦州）,企业职位,天津利安隆新材料股份有限公司,2000-5000人,,沈阳,锦州-太和区,统招本科,10年以上,10-16k·13薪,,,,https://www.liepin.com/job/1971592601.shtml,20251103145952,,,,
157519,猎聘,能源/化工/环保,化学,销售代表,企业职位,上海燚康,1-49人,,沈阳,大连-甘井子区,大专,1年以上,5-10k,,,,https://www.liepin.com/job/1974304483.shtml,20260603142012,,,,
157520,猎聘,能源/化工/环保,化学,医药销售代表（辽宁市场）,企业职位,江苏华益核医药股份有限公司,100-499人,,沈阳,盘锦-兴隆台区,本科,5年以上,7-10k,,,,https://www.liepin.com/job/1981111405.shtml,20260609130407,,,,
157521,猎聘,能源/化工/环保,化学,研发工程师（电镀）,企业职位,和研科技,100-499人,,沈阳,沈阳-沈北新区,硕士,2年以上,9-12k,,,,https://www.liepin.com/job/1974854615.shtml,20251216141113,,,,
157522,猎聘,能源/化工/环保,化学,研发组长,企业职位,天津利安隆新材料股份有限公司,2000-5000人,,沈阳,锦州-太和区,硕士,5-10年,14-16k·13薪,,,,https://www.liepin.com/job/1975624605.shtml,20251103145947,,,,
157523,猎聘,能源/化工/环保,化学,复合剂研究所-复合剂研发工程师（工作地点：辽宁锦州）,企业职位,天津利安隆新材料股份有限公司,2000-5000人,,沈阳,锦州-太和区,统招本科,3-5年,5-8k,,,,https://www.liepin.com/job/1971725095.shtml,20250110101429,,,,
157524,猎聘,能源/化工/环保,化学,复合剂研究所-复合剂研发组长（工作地点：辽宁锦州）,企业职位,天津利安隆新材料股份有限公司,2000-5000人,,沈阳,锦州-太和区,统招本科,5-10年,7-12k,,,,https://www.liepin.com/job/1971725181.shtml,20250110101429,,,,
157525,猎聘,能源/化工/环保,化学,品控经理,企业职位,某青岛农林牧渔公司,100-499人,,沈阳,鞍山,大专,5-10年,18-22k,,,,https://www.liepin.com/a/75877459.shtml,20260520162722,,,,
157526,猎聘,能源/化工/环保,化学,算法工程师,企业职位,腾久(辽宁)科技有限公司,1-49人,,沈阳,沈阳-和平区,硕士,5年以上,12-20k·13薪,,,,https://www.liepin.com/job/1972114809.shtml,20250221101344,,,,
157527,猎聘,能源/化工/环保,化学,大学教师,企业职位,某国内学校教育公司,1-49人,,沈阳,锦州,博士,经验不限,20-40k,,,,https://www.liepin.com/a/73439631.shtml,20260316165744,,,,
157528,猎聘,能源/化工/环保,化学,教师,企业职位,某国内学校教育公司,1-49人,,沈阳,锦州,博士,经验不限,20-40k,,,,https://www.liepin.com/a/73998581.shtml,20260328223432,,,,
157529,猎聘,能源/化工/环保,化学,分析评定中心-分析评定高级工程师（工作地点：辽宁锦州）,企业职位,天津利安隆新材料股份有限公司,2000-5000人,,沈阳,锦州-太和区,统招本科,10年以上,10-15k,,,,https://www.liepin.com/job/1971725225.shtml,20250520144350,,,,
157530,猎聘,能源/化工/环保,化学,润滑油添加剂研发工程师（工作地：辽宁锦州）,企业职位,天津利安隆新材料股份有限公司,2000-5000人,,沈阳,锦州-太和区,博士,10年以上,10-20k,,,,https://www.liepin.com/job/1964425793.shtml,20240124164324,,,,
157531,猎聘,能源/化工/环保,化学,电池组件（材料）工程师,企业职位,某上海大型汽车零部件及配件公司,500-999人,,沈阳,大连-金州区,统招本科,5年以上,18-35k,,,,https://www.liepin.com/a/76074379.shtml,20260526165910,,,,
157532,猎聘,能源/化工/环保,化学,研发总监（工艺研发）,企业职位,某沈阳电子/半导体/集成电路上市公司,1000-2000人,,沈阳,沈阳,学历不限,10年以上,40-70k,,,,https://www.liepin.com/a/75441639.shtml,20260509093246,,,,
157533,猎聘,能源/化工/环保,化学,产品研发经理,企业职位,腾久(辽宁)科技有限公司,1-49人,,沈阳,沈阳-和平区,硕士,5年以上,15-25k·13薪,,,,https://www.liepin.com/job/1972112329.shtml,20250221101344,,,,
157534,猎聘,能源/化工/环保,化学,生产经理,企业职位,某沈阳印刷包装公司,100-499人,,沈阳,沈阳-铁西区,统招本科,5-10年,20-35k,,,,https://www.liepin.com/a/74921935.shtml,20260422101957,,,,
157535,猎聘,能源/化工/环保,化学,有机合成研究员,企业职位,先正达(上海)作物保护科技有限公司,1000-2000人,,沈阳,沈阳-铁西区,统招本科,3-5年,7-10k·13薪,,,,https://www.liepin.com/job/1950739853.shtml,20220629091522,,,,
157536,猎聘,能源/化工/环保,化学,分析测试实验员,企业职位,大连帕劳特实验室科技有限公司,1-49人,,沈阳,大连-西岗区,本科,1-3年,4-6k,,,,https://www.liepin.com/job/1955670207.shtml,20230131155628,,,,
157537,猎聘,能源/化工/环保,化学,市场开发专员,企业职位,某大连大型专业技术服务公司,1000-2000人,,沈阳,大连,统招本科,2年以上,4-9k,,,,https://www.liepin.com/a/75590881.shtml,20260608113651,,,,
157538,猎聘,能源/化工/环保,化学,单剂研究所-单剂研发工程师 （工作地点：辽宁锦州）,企业职位,天津利安隆新材料股份有限公司,2000-5000人,,沈阳,锦州-太和区,统招本科,3-5年,5-8k,,,,https://www.liepin.com/job/1971592639.shtml,20250110101429,,,,
157539,猎聘,能源/化工/环保,化学,研发实验员,企业职位,先正达(上海)作物保护科技有限公司,1000-2000人,,沈阳,葫芦岛-龙港区,统招本科,经验不限,6-8k,,,,https://www.liepin.com/job/1972296381.shtml,20250211152013,,,,
157540,猎聘,能源/化工/环保,化学,博士后-中科院大连化物所本草物质科学研究中心,企业职位,中国科学院大连化学物理研究所,50-99人,,沈阳,大连-沙河口区,博士,经验不限,23-50k,,,,https://www.liepin.com/job/1966455991.shtml,20240423103337,,,,
157541,猎聘,能源/化工/环保,化学,运行技工岗（核岛）,企业职位,中广核环保产业有限公司,5000-10000人,,沈阳,大连-瓦房店,大专,1-5年,4-7k,,,,https://www.liepin.com/job/1970499269.shtml,20241029152755,,,,
157542,猎聘,能源/化工/环保,化学,研发试验,企业职位,江苏扬农化工股份有限公司,2000-5000人,,沈阳,葫芦岛-龙港区,统招本科,经验不限,6-9k,,,,https://www.liepin.com/job/1983264497.shtml,20260609085317,,,,
157543,猎聘,能源/化工/环保,化学,总经理秘书,企业职位,大连医诺生物股份有限公司,500-999人,,沈阳,大连,硕士,1-3年,7-10k,,,,https://www.liepin.com/job/1943545861.shtml,20260608084305,,,,
157544,猎聘,能源/化工/环保,化学,研发组长,企业职位,某深圳石化上市公司,100-499人,,沈阳,大连-金州区,学历不限,3-5年,20-30k,,,,https://www.liepin.com/a/76091769.shtml,20260527092259,,,,
157545,猎聘,能源/化工/环保,化学,QC副主任,企业职位,苏利制药,50-99人,,沈阳,大连-瓦房店,本科,8年以上,15-25k·13薪,,,,https://www.liepin.com/job/1977777347.shtml,20260609110903,,,,
157546,猎聘,能源/化工/环保,化学,生产制麦员,企业职位,中粮麦芽(大连)有限公司,100-499人,,沈阳,大连-普兰店区,本科,经验不限,4-5k,,,,https://www.liepin.com/job/1966960165.shtml,20260603092427,,,,
157547,猎聘,能源/化工/环保,化学,表面处理工艺工程师,企业职位,某沈阳航空/航天设备公司,100-499人,,沈阳,沈阳,硕士,3年以上,12-15k,,,,https://www.liepin.com/a/76015771.shtml,20260525144556,,,,
157548,猎聘,能源/化工/环保,化学,机械仿真工程师,企业职位,盈芯半导体,100-499人,,沈阳,沈阳-浑南区,本科,3年以上,10-18k·13薪,,,,https://www.liepin.com/job/1981784763.shtml,20260415142300,,,,
157549,猎聘,能源/化工/环保,化学,医疗器械质量负责人,企业职位,京东,10000人以上,,沈阳,沈阳-浑南区,本科,3年以上,11-22k·18薪,,,,https://www.liepin.com/job/1982300241.shtml,20260507103734,,,,
157550,猎聘,能源/化工/环保,化学,运行技工岗（常规岛）,企业职位,中广核环保产业有限公司,5000-10000人,,沈阳,大连-瓦房店,大专,1-5年,4-7k,,,,https://www.liepin.com/job/1970499177.shtml,20241029152637,,,,
157551,猎聘,能源/化工/环保,化学,油田化学品研发工程师,企业职位,大连天源基化学有限公司,100-499人,,沈阳,大连-金州区,本科,10年以上,15-18k·13薪,,,,https://www.liepin.com/job/1940407841.shtml,20231116092129,,,,
157552,猎聘,能源/化工/环保,化学,研发经理,企业职位,大连天源基化学有限公司,100-499人,,沈阳,大连-金州区,统招本科,5-10年,15-18k,,,,https://www.liepin.com/job/1940270803.shtml,20231116092129,,,,
157553,猎聘,能源/化工/环保,化学,负极材料工程师,企业职位,某非营利组织公司,50-99人,,沈阳,大连,本科,3-5年,15-20k,,,,https://www.liepin.com/a/76569649.shtml,20260609112956,,,,
157554,猎聘,能源/化工/环保,化学,整机销售-沈阳,企业职位,安捷伦科技(中国)有限公司,1000-2000人,,沈阳,沈阳-和平区,统招本科,1年以上,薪资面议,,,,https://www.liepin.com/job/1982290105.shtml,20260506183646,,,,
157555,猎聘,能源/化工/环保,化学,销售,企业职位,辽宁中科众衡检测科技有限公司,50-99人,,沈阳,沈阳-浑南区,大专,1-3年,4-8k,,,,https://www.liepin.com/job/1978611115.shtml,20260601171250,,,,
157556,猎聘,能源/化工/环保,化学,材料检测销售工程师,企业职位,辽宁中科众衡检测科技有限公司,50-99人,,沈阳,沈阳-浑南区,本科,1-3年,4-8k,,,,https://www.liepin.com/job/1982942639.shtml,20260528112730,,,,
157557,猎聘,能源/化工/环保,化学,产品经理/专员-营养原料,企业职位,大连医诺生物股份有限公司,500-999人,,沈阳,大连,硕士,经验不限,8-15k,,,,https://www.liepin.com/job/1976959049.shtml,20260608084312,,,,
157558,猎聘,能源/化工/环保,化学,业务拓展经理--精密仪器仪表,企业职位,某知名电子/半导体/集成电路上市公司,1000-2000人,,沈阳,沈阳,统招本科,10年以上,25-50k·15薪,,,,https://www.liepin.com/a/75296451.shtml,20260506143851,,,,
157559,猎聘,能源/化工/环保,化学,研发经理（碳纳米管）,企业职位,大连东方碳谷新材料集团,1000-2000人,,沈阳,大连-金州区,硕士,5-10年,20-40k,,,,https://www.liepin.com/job/1975818825.shtml,20250805105613,,,,
157560,猎聘,能源/化工/环保,化学,销售/客户经理（国内-base地不限）,企业职位,大连医诺生物股份有限公司,500-999人,,沈阳,大连,统招本科,2年以上,薪资面议,,,,https://www.liepin.com/job/1975936365.shtml,20260608084305,,,,
157561,猎聘,能源/化工/环保,化学,研发总监（工艺）,企业职位,某沈阳电子/半导体/集成电路上市公司,1000-2000人,,沈阳,沈阳,学历不限,3-5年,30-50k,,,,https://www.liepin.com/a/75546943.shtml,20260512090517,,,,
157562,猎聘,能源/化工/环保,化学,储备干部/技术员,企业职位,天津利安隆新材料股份有限公司,2000-5000人,,沈阳,锦州-太和区,本科,经验不限,4-7k,,,,https://www.liepin.com/job/1950685625.shtml,20240712095111,,,,
157563,猎聘,能源/化工/环保,化学,分析评定工程师--锦州基地,企业职位,天津利安隆新材料股份有限公司,2000-5000人,,沈阳,锦州-太和区,本科,1-3年,5-7k,,,,https://www.liepin.com/job/1954289101.shtml,20240712095111,,,,
157564,猎聘,能源/化工/环保,化学,食品添加剂研发,企业职位,沈阳绿天食品添加剂有限责任公司,50-99人,,沈阳,沈阳-铁西区,本科,3年以上,4-7k,,,,https://www.liepin.com/job/1979950409.shtml,20260122204047,,,,
157565,猎聘,能源/化工/环保,化学,合成和分析项目研究员,企业职位,沈阳启源智控科技有限公司,1-49人,,沈阳,沈阳-铁西区,本科,3-5年,10-15k,,,,https://www.liepin.com/job/1978504861.shtml,20251117115733,,,,
157566,猎聘,能源/化工/环保,化学,仪器分析工程师（谱图分析方向）,企业职位,辽宁恒星化工集团,100-499人,,沈阳,丹东-振安区,统招本科,3-5年,8-15k,,,,https://www.liepin.com/job/1979206273.shtml,20251220091832,,,,
157567,猎聘,能源/化工/环保,化学,材料工程师助理,企业职位,沈阳华维,100-499人,,沈阳,沈阳-浑南区,统招本科,1-3年,5-6k,,,,https://www.liepin.com/job/1967771325.shtml,20240618140627,,,,
157568,猎聘,能源/化工/环保,化学,细胞生物技术员,企业职位,浙江壹生科生物技术有限公司,1-49人,,沈阳,本溪-溪湖区,硕士,1-3年,10-20k,,,,https://www.liepin.com/job/1953721313.shtml,20221108154726,,,,
157569,猎聘,能源/化工/环保,化学,环境检测工程师,企业职位,惠康检测,100-499人,,沈阳,沈阳-浑南区,本科,经验不限,4-6k,,,,https://www.liepin.com/job/1963816885.shtml,20240223102517,,,,
157570,猎聘,能源/化工/环保,化学,知识产权代理,企业职位,北京鸿元知识产权代理有限公司沈阳分公司,50-99人,,沈阳,沈阳-沈河区,硕士,1-3年,5-10k,,,,https://www.liepin.com/job/1968295711.shtml,20240711150724,,,,
157571,猎聘,能源/化工/环保,化学,有机合成研究员,企业职位,研峰科技,100-499人,,沈阳,盘锦,本科,1-3年,7-10k,,,,https://www.liepin.com/job/1943660693.shtml,20210929111739,,,,
157572,猎聘,能源/化工/环保,化学,研发,企业职位,碧菲纳米科技有限公司,50-99人,,沈阳,大连-金州区,统招本科,经验不限,4-6k,,,,https://www.liepin.com/job/1949928875.shtml,20220915100329,,,,
157573,猎聘,能源/化工/环保,化学,运行技工岗（油分析）,企业职位,中广核环保产业有限公司,5000-10000人,,沈阳,大连-瓦房店,大专,1-3年,4-7k,,,,https://www.liepin.com/job/1970499343.shtml,20241029152856,,,,
157574,猎聘,能源/化工/环保,化学,有机化验员,企业职位,国检测试控股集团辽宁有限公司,100-499人,,沈阳,沈阳-铁西区,大专,1-3年,3-5k,,,,https://www.liepin.com/job/1930828895.shtml,20200814105444,,,,
157575,猎聘,能源/化工/环保,化学,合成研究员,企业职位,天津键凯科技有限公司,100-499人,,沈阳,盘锦-兴隆台区,统招本科,1-3年,5-8k,,,,https://www.liepin.com/job/1980288997.shtml,20260518141409,,,,
157576,猎聘,能源/化工/环保,化学,调试运维经理,企业职位,莱特莱德(上海)技术有限公司,500-999人,,沈阳,沈阳-和平区,大专,5年以上,8-15k,,,,https://www.liepin.com/job/1981043047.shtml,20260326142011,,,,
157577,猎聘,能源/化工/环保,化学,CVD工艺工程师,企业职位,某沈阳电子/半导体/集成电路上市公司,1000-2000人,,沈阳,沈阳,硕士,1-3年,16-29k,,,,https://www.liepin.com/a/74140911.shtml,20260421144416,,,,
157578,猎聘,能源/化工/环保,化学,工艺设计工程师,企业职位,莱特莱德(上海)技术有限公司,500-999人,,沈阳,沈阳-和平区,本科,5年以上,6-15k,,,,https://www.liepin.com/job/1979623617.shtml,20260108095514,,,,
157579,猎聘,能源/化工/环保,化学,采购助理,企业职位,凯吉斯金刚石(广州)有限公司,50-99人,,沈阳,大连-金州区,本科,1年以上,4-6k,,,,https://www.liepin.com/job/1976997633.shtml,20260430135221,,,,
157580,猎聘,能源/化工/环保,化学,东北区发光专项负责人 (MJ003305),企业职位,广州万孚,2000-5000人,,沈阳,沈阳-铁西区,统招本科,5-10年,25-35k·16薪,,,,https://www.liepin.com/job/1978585053.shtml,20260312135721,,,,
157581,猎聘,能源/化工/环保,化学,半导体工艺工程师,企业职位,芯源微,1000-2000人,,沈阳,沈阳-浑南区,硕士,1年以上,8-16k,,,,https://www.liepin.com/job/1978843529.shtml,20260122113424,,,,
157582,猎聘,能源/化工/环保,化学,business development manager( 高端仪器仪表）,企业职位,某青岛大型电子/半导体/集成电路公司,1000-2000人,,沈阳,沈阳,本科,5-10年,1-2k,,,,https://www.liepin.com/a/73919305.shtml,20260608161900,,,,
157583,猎聘,能源/化工/环保,化学,销售工程师,企业职位,安捷伦科技(中国)有限公司,1000-2000人,,沈阳,沈阳,本科,经验不限,20-40k·13薪,,,,https://www.liepin.com/job/1983037527.shtml,20260602231110,,,,
157584,猎聘,能源/化工/环保,化学,水处理工程师（海外市场方案岗）,企业职位,翰祺环境,50-99人,,沈阳,大连-甘井子区,统招本科,1年以上,薪资面议,,,,https://www.liepin.com/job/1976478183.shtml,20260528163540,,,,
157585,猎聘,能源/化工/环保,化学,专利工程师,企业职位,沈阳一诺知识产权代理有限公司,1-49人,,沈阳,沈阳,本科,1-3年,10-15k,,,,https://www.liepin.com/job/1982734967.shtml,20260521132521,,,,
157586,猎聘,能源/化工/环保,化学,仪器售后技术工程师（沈阳）,企业职位,瑞士万通中国有限公司,100-499人,,沈阳,沈阳-和平区,本科,1-3年,10-15k·13薪,,,,https://www.liepin.com/job/1966217631.shtml,20240730085539,,,,
157587,猎聘,能源/化工/环保,化学,半导体工艺工程师,企业职位,拓荆科技股份有限公司,1000-2000人,,沈阳,沈阳-浑南区,硕士,1-3年,15-28k,,,,https://www.liepin.com/job/1964884423.shtml,20250707163230,,,,
157588,猎聘,能源/化工/环保,化学,药剂师,企业职位,开欣医疗,100-499人,,沈阳,沈阳-沈河区,本科,3-5年,4-6k,,,,https://www.liepin.com/job/1982670887.shtml,20260519153811,,,,
157589,猎聘,能源/化工/环保,化学,销售工程师,企业职位,辽宁中科众衡检测科技有限公司,50-99人,,沈阳,沈阳-浑南区,大专,1-3年,4-8k,,,,https://www.liepin.com/job/1982883887.shtml,20260528145354,,,,
157590,猎聘,能源/化工/环保,化学,高级销售代表 - 工业漆,企业职位,宣伟(上海)涂料有限公司,1000-2000人,,沈阳,沈阳-大东区,大专,5-10年,10-20k·13薪,,,,https://www.liepin.com/job/1980139153.shtml,20260609110836,,,,
157591,猎聘,能源/化工/环保,化学,研发技术经理,企业职位,奥克化学,5000-10000人,,沈阳,辽阳-宏伟区,硕士,经验不限,5-8k·13薪,,,,https://www.liepin.com/job/1981927153.shtml,20260424093646,,,,
157592,猎聘,能源/化工/环保,化学,研发工程师,企业职位,芯源微,1000-2000人,,沈阳,沈阳-浑南区,博士,经验不限,25-50k,,,,https://www.liepin.com/job/1980656459.shtml,20260306112733,,,,
157593,猎聘,能源/化工/环保,化学,生产工艺员,企业职位,大连永达苏利药业有限公司,100-499人,,沈阳,大连-瓦房店,本科,5年以上,8-15k·13薪,,,,https://www.liepin.com/job/1975997903.shtml,20260119085006,,,,
157594,猎聘,能源/化工/环保,化学,有机合成研究员（工作地点：辽宁锦州）,企业职位,天津利安隆新材料股份有限公司,2000-5000人,,沈阳,锦州-太和区,本科,5-10年,8-12k·13薪,,,,https://www.liepin.com/job/1977161935.shtml,20251105131109,,,,
157595,猎聘,能源/化工/环保,化学,工业油技术经理（润滑油添加剂行业背景）,企业职位,天津利安隆新材料股份有限公司,2000-5000人,,沈阳,锦州-太和区,统招本科,10年以上,20-40k·13薪,,,,https://www.liepin.com/job/1969980979.shtml,20251103145957,,,,
157596,猎聘,能源/化工/环保,化学,物流安全+汽车主机厂+高薪,企业职位,某国内整车制造上市公司,10000人以上,,沈阳,大连,统招本科,5-10年,18-30k·15薪,,,,https://www.liepin.com/a/74845195.shtml,20260420164828,,,,
157597,猎聘,能源/化工/环保,化学,设计经理,企业职位,莱特莱德(上海)技术有限公司,500-999人,,沈阳,沈阳-和平区,本科,5-10年,7-15k,,,,https://www.liepin.com/job/1966784839.shtml,20240509084942,,,,
157598,猎聘,能源/化工/环保,化学,工业油技术经理,企业职位,天津利安隆新材料股份有限公司,2000-5000人,,沈阳,锦州-太和区,统招本科,10年以上,20-40k,,,,https://www.liepin.com/job/1968009089.shtml,20240628101854,,,,
157599,猎聘,能源/化工/环保,化学,研发材料工程师,企业职位,贺利氏石英(沈阳)有限公司,100-499人,,沈阳,沈阳-铁西区,本科,1-3年,5-10k·14薪,,,,https://www.liepin.com/job/1983065671.shtml,20260602131944,,,,
157600,猎聘,能源/化工/环保,化学,润滑油产品经理,企业职位,天津利安隆新材料股份有限公司,2000-5000人,,沈阳,锦州-太和区,统招本科,10年以上,15-23k·13薪,,,,https://www.liepin.com/job/1969899635.shtml,20241016144151,,,,
157601,猎聘,能源/化工/环保,化学,油品经理,企业职位,天津利安隆新材料股份有限公司,2000-5000人,,沈阳,锦州-太和区,统招本科,5-10年,15-25k,,,,https://www.liepin.com/job/1968008921.shtml,20240628101628,,,,
157602,猎聘,能源/化工/环保,化学,产品经理（炭黑）,企业职位,沈阳伊斯特化学科技有限公司,50-99人,,沈阳,沈阳-浑南区,统招本科,经验不限,8-24k,,,,https://www.liepin.com/job/1981959391.shtml,20260421171751,,,,
157603,猎聘,能源/化工/环保,化学,研发助理,企业职位,天津利安隆新材料股份有限公司,2000-5000人,,沈阳,锦州-太和区,本科,经验不限,5-6k,,,,https://www.liepin.com/job/1949108299.shtml,20240712095111,,,,
157604,猎聘,能源/化工/环保,化学,电镀技术专家,企业职位,某国内大型机械/设备公司,1000-2000人,,沈阳,锦州,本科,5-10年,10-15k,,,,https://www.liepin.com/a/73275801.shtml,20260311221002,,,,
157605,猎聘,能源/化工/环保,化学,润滑油工程师,企业职位,天津利安隆新材料股份有限公司,2000-5000人,,沈阳,锦州-太和区,统招本科,10年以上,16-23k·13薪,,,,https://www.liepin.com/job/1969324833.shtml,20240925092921,,,,
157606,猎聘,能源/化工/环保,化学,润滑油配方工程师,企业职位,天津利安隆新材料股份有限公司,2000-5000人,,沈阳,锦州-太和区,统招本科,10年以上,10-20k·13薪,,,,https://www.liepin.com/job/1969893865.shtml,20240927105053,,,,
157607,猎聘,能源/化工/环保,化学,质谱技术支持工程师（沈阳）,企业职位,凯莱谱科技股份有限公司,100-499人,,沈阳,沈阳-铁西区,硕士,5年以上,10-15k,,,,https://www.liepin.com/job/1978569301.shtml,20260506090651,,,,
157608,猎聘,能源/化工/环保,化学,润滑油单剂组长,企业职位,天津利安隆新材料股份有限公司,2000-5000人,,沈阳,锦州-太和区,统招本科,10年以上,7-12k,,,,https://www.liepin.com/job/1968010061.shtml,20240628103727,,,,
157609,猎聘,能源/化工/环保,化学,工业油配方经理,企业职位,天津利安隆新材料股份有限公司,2000-5000人,,沈阳,锦州-太和区,统招本科,10年以上,15-25k,,,,https://www.liepin.com/job/1969552493.shtml,20240925092921,,,,
157610,猎聘,能源/化工/环保,化学,工业油经理,企业职位,天津利安隆新材料股份有限公司,2000-5000人,,沈阳,锦州-太和区,统招本科,10年以上,15-25k·13薪,,,,https://www.liepin.com/job/1969789049.shtml,20240927105053,,,,
157611,猎聘,能源/化工/环保,化学,复合剂配方经理,企业职位,天津利安隆新材料股份有限公司,2000-5000人,,沈阳,锦州-太和区,统招本科,10年以上,15-25k·13薪,,,,https://www.liepin.com/job/1969788861.shtml,20240925092921,,,,
157612,猎聘,能源/化工/环保,化学,原纸材料改性研发工程师,企业职位,某沈阳大型石化公司,500-999人,,沈阳,沈阳,硕士,3年以上,15-20k,,,,https://www.liepin.com/a/75586111.shtml,20260609181619,,,,
157613,猎聘,能源/化工/环保,化学,国际营销市场工程师（润滑油添加剂行业背景）,企业职位,天津利安隆新材料股份有限公司,2000-5000人,,沈阳,锦州-太和区,统招本科,10年以上,8-16k·13薪,,,,https://www.liepin.com/job/1969980853.shtml,20241016144151,,,,
157614,猎聘,能源/化工/环保,化学,分析工程师（工作地点：锦州）,企业职位,天津利安隆新材料股份有限公司,2000-5000人,,沈阳,锦州-太和区,本科,5-10年,6-10k,,,,https://www.liepin.com/job/1959387067.shtml,20240104150513,,,,
157615,猎聘,能源/化工/环保,化学,分析评定工程师,企业职位,天津利安隆新材料股份有限公司,2000-5000人,,沈阳,锦州-太和区,本科,1-3年,4-6k,,,,https://www.liepin.com/job/1946720889.shtml,20240712095117,,,,
157616,猎聘,能源/化工/环保,化学,助理研发工程师（工作地点：辽宁锦州）,企业职位,天津利安隆新材料股份有限公司,2000-5000人,,沈阳,锦州-太和区,本科,经验不限,6-8k,,,,https://www.liepin.com/job/1959432385.shtml,20240104150513,,,,
157617,猎聘,能源/化工/环保,化学,实习生,企业职位,辽宁盛科检测技术有限公司,1-49人,,沈阳,沈阳-铁西区,大专,经验不限,1-2k,,,,https://www.liepin.com/job/1971787417.shtml,20250805091254,,,,
157618,猎聘,能源/化工/环保,化学,区域销售经理,企业职位,沈阳伊斯特化学科技有限公司,50-99人,,沈阳,沈阳-浑南区,大专,3年以上,7-10k,,,,https://www.liepin.com/job/1980374787.shtml,20260224175953,,,,
157619,猎聘,能源/化工/环保,化学,QC经理,企业职位,泓博智源(开原)药业有限公司,100-499人,,沈阳,铁岭,统招本科,1年以上,8-15k,,,,https://www.liepin.com/job/1970941633.shtml,20260214132043,,,,
157620,猎聘,能源/化工/环保,化学,MVR蒸发方案技术总监/经理,企业职位,莱特莱德(上海)技术有限公司,500-999人,,沈阳,沈阳-和平区,本科,1-3年,10-20k,,,,https://www.liepin.com/job/1974782613.shtml,20250528180645,,,,
157621,猎聘,能源/化工/环保,化学,过程技术,企业职位,沈阳化工研究院有限公司,1000-2000人,,沈阳,沈阳-铁西区,本科,3年以上,7-12k,,,,https://www.liepin.com/job/1977089767.shtml,20250909144113,,,,
157622,猎聘,能源/化工/环保,化学,质谱解析研究员,企业职位,辽宁垠艺生物科技股份有限公司,100-499人,,沈阳,大连-金州区,硕士,5-10年,10-28k,,,,https://www.liepin.com/job/1974466235.shtml,20250514165646,,,,
157623,猎聘,能源/化工/环保,化学,Test Management ,猎头职位,某合肥汽车公司,,,沈阳,大连,硕士,3年以上,20-35k,,,,https://www.liepin.com/a/76510617.shtml,20260608103731,,,,
157624,猎聘,能源/化工/环保,化学,ALD项目经理,猎头职位,某大连计算机软件公司,100-499人,,沈阳,大连-金州区,统招本科,5年以上,12-20k·13薪,,,,https://www.liepin.com/a/76251293.shtml,20260609080050,,,,
157625,猎聘,能源/化工/环保,化学,采购主管,猎头职位,某医疗器械公司,100-499人,,沈阳,大连,大专,3-5年,8-10k·14薪,,,,https://www.liepin.com/a/74209639.shtml,20260402171431,,,,
157626,猎聘,能源/化工/环保,化学,高端仪器仪表BD经理,猎头职位,某沈阳电子/半导体/集成电路上市公司,1000-2000人,,沈阳,沈阳-浑南区,硕士,5年以上,20-40k·15薪,,,,https://www.liepin.com/a/74685093.shtml,20260415163822,,,,
157627,猎聘,能源/化工/环保,化学,投资总监（高端仪器仪表）,猎头职位,某知名电子/半导体/集成电路上市公司,1000-2000人,,沈阳,沈阳,本科,5-10年,50-80k,,,,https://www.liepin.com/a/75316715.shtml,20260507100903,,,,
157628,猎聘,能源/化工/环保,化学,工艺工程师,猎头职位,某大型知名电子/半导体/集成电路公司,1000-2000人,,沈阳,沈阳,硕士,1-3年,15-25k,,,,https://www.liepin.com/a/74139703.shtml,20260401153946,,,,
157629,猎聘,能源/化工/环保,化学,产品专员/经理-(原料或者终成品）,猎头职位,某大连大型制药公司,500-999人,,沈阳,大连,统招本科,3年以下,10-15k,,,,https://www.liepin.com/a/73619995.shtml,20260319224944,,,,
157630,猎聘,能源/化工/环保,化学,销售经理（船舶胶粘剂）,猎头职位,某国内知名专业技术服务公司,50-99人,,沈阳,大连,大专,3-5年,10-15k,,,,https://www.liepin.com/a/74838293.shtml,20260609084901,,,,
157631,猎聘,能源/化工/环保,化学,催化剂成型专家,猎头职位,某大连化工上市公司,100-499人,,沈阳,大连-普兰店区,统招本科,10年以上,12-20k·13薪,,,,https://www.liepin.com/a/75762675.shtml,20260609104116,,,,
157632,猎聘,能源/化工/环保,化学,药业/研发工程师/主管/总监,猎头职位,某知名公司,5000-10000人,,沈阳,辽阳,博士,3年以上,30-60k,,,,https://www.liepin.com/a/73945057.shtml,20260326175812,,,,
157633,猎聘,能源/化工/环保,化学,ALD项目经理,猎头职位,某大连电子/半导体/集成电路公司,100-499人,,沈阳,大连-金州区,本科,5-10年,15-25k·13薪,,,,https://www.liepin.com/a/76248289.shtml,20260609075536,,,,
157634,猎聘,能源/化工/环保,化学,品控经理（宠物食品）,猎头职位,某青岛农林牧渔公司,100-499人,,沈阳,鞍山,大专,5-10年,18-22k,,,,https://www.liepin.com/a/75688805.shtml,20260605092235,,,,
157635,猎聘,能源/化工/环保,化学,产品研发总监,猎头职位,某大连大型制药公司,500-999人,,沈阳,大连,统招本科,1-3年,20-30k,,,,https://www.liepin.com/a/74007009.shtml,20260330092426,,,,
157636,猎聘,能源/化工/环保,化学,光学工程师,猎头职位,某仪器仪表公司,,,沈阳,大连,本科,3-5年,20-35k·13薪,,,,https://www.liepin.com/a/74882981.shtml,20260608093514,,,,
157637,猎聘,能源/化工/环保,化学,高级工艺经理（薄膜设备 半导体）,猎头职位,某知名公司,1-49人,,沈阳,大连,硕士,5-10年,30-60k·16薪,,,,https://www.liepin.com/a/73999617.shtml,20260607082118,,,,
157638,猎聘,能源/化工/环保,化学,项目经理,猎头职位,某大连知名制药公司,500-999人,,沈阳,大连-金州区,硕士,3-5年,10-15k,,,,https://www.liepin.com/a/74716501.shtml,20260416120647,,,,
157639,猎聘,能源/化工/环保,化学,生产经理,猎头职位,某知名公司,,,沈阳,盘锦,学历不限,5年以上,20-22k·16薪,,,,https://www.liepin.com/a/74137897.shtml,20260401152221,,,,
157640,猎聘,能源/化工/环保,化学,品控经理,猎头职位,某知名公司,50-99人,,沈阳,鞍山,大专,5-10年,20-25k,,,,https://www.liepin.com/a/75599833.shtml,20260608091035,,,,
157641,猎聘,能源/化工/环保,化学,品控经理,猎头职位,某青岛农林牧渔公司,100-499人,,沈阳,鞍山,大专,5-10年,15-25k,,,,https://www.liepin.com/a/75689897.shtml,20260605161510,,,,
157642,猎聘,能源/化工/环保,化学,产品专员,猎头职位,某大连大型制药公司,500-999人,,沈阳,大连,硕士,1-3年,8-12k,,,,https://www.liepin.com/a/74369843.shtml,20260421081826,,,,
157643,猎聘,能源/化工/环保,化学,BD总监（高端仪器仪表行业）,猎头职位,某沈阳电子/半导体/集成电路上市公司,1000-2000人,,沈阳,沈阳,统招本科,5年以上,40-70k·16薪,,,,https://www.liepin.com/a/73906399.shtml,20260326152917,,,,
157644,猎聘,能源/化工/环保,化学,总经理,猎头职位,某大连化工公司,100-499人,,沈阳,大连,本科,10年以上,60-80k·13薪,,,,https://www.liepin.com/a/73108099.shtml,20260601203530,,,,
157645,猎聘,能源/化工/环保,化学,生产总监,猎头职位,某大连化工公司,100-499人,,沈阳,大连,统招本科,10年以上,30-40k,,,,https://www.liepin.com/a/69961313.shtml,20260601203530,,,,
157646,猎聘,能源/化工/环保,化学,保健品培训讲师,猎头职位,广州知名上市企业,10000人以上,,沈阳,沈阳,本科,5-10年,20-21k·15薪,,,,https://www.liepin.com/a/75728359.shtml,20260515180645,,,,
157647,猎聘,能源/化工/环保,化学,电池工艺开发,猎头职位,某上海大型汽车零部件及配件公司,500-999人,,沈阳,大连,统招本科,5-10年,18-35k,,,,https://www.liepin.com/a/76309223.shtml,20260602135429,,,,
157648,猎聘,能源/化工/环保,化学,大学教授,猎头职位,某大连学校教育公司,100-499人,,沈阳,大连,博士,经验不限,60-65k,,,,https://www.liepin.com/a/76005293.shtml,20260525113903,,,,
157649,猎聘,能源/化工/环保,化学,研发工程师,猎头职位,某沈阳印刷包装公司,100-499人,,沈阳,沈阳,本科,5-10年,20-25k,,,,https://www.liepin.com/a/75003859.shtml,20260423172643,,,,
157650,猎聘,能源/化工/环保,化学,光学工程师,猎头职位,某杭州仪器仪表公司,100-499人,,沈阳,大连,硕士,3-5年,15-30k,,,,https://www.liepin.com/a/75188071.shtml,20260429142018,,,,
157651,猎聘,能源/化工/环保,化学,大区销售经理（东北区）,猎头职位,某知名公司,50-99人,,沈阳,沈阳,学历不限,3-5年,15-23k·18薪,,,,https://www.liepin.com/a/74630851.shtml,20260525155639,,,,
157652,猎聘,能源/化工/环保,化学,大区销售经理（沈阳）,猎头职位,某知名公司,50-99人,,沈阳,沈阳,本科,5-10年,20-25k·18薪,,,,https://www.liepin.com/a/75069405.shtml,20260525155419,,,,
157653,猎聘,能源/化工/环保,化学,品控经理,猎头职位,某青岛农林牧渔公司,100-499人,,沈阳,鞍山,大专,5-10年,18-22k,,,,https://www.liepin.com/a/76078125.shtml,20260526165203,,,,
157654,猎聘,能源/化工/环保,化学,资深工艺工程师（PECVD）,猎头职位,某沈阳电子/半导体/集成电路上市公司,1000-2000人,,沈阳,沈阳,本科,5-10年,15-30k,,,,https://www.liepin.com/a/76604041.shtml,20260609204305,,,,
157655,猎聘,能源/化工/环保,化学,技术支持工程师,猎头职位,某沈阳电子/半导体/集成电路上市公司,1000-2000人,,沈阳,沈阳-浑南区,统招本科,4年以上,15-30k,,,,https://www.liepin.com/a/76574729.shtml,20260609132748,,,,
157656,猎聘,能源/化工/环保,化学,新规销售|base大连、成都、新疆,猎头职位,某大连批发/零售公司,1-49人,,沈阳,大连,学历不限,1-3年,6-9k·16薪,,,,https://www.liepin.com/a/76570667.shtml,20260609114116,,,,
157657,猎聘,能源/化工/环保,化学,GPS技术支持工程师,猎头职位,某沈阳电子/半导体/集成电路上市公司,1000-2000人,,沈阳,沈阳,学历不限,3-5年,15-25k,,,,https://www.liepin.com/a/76555951.shtml,20260609092855,,,,
157658,猎聘,能源/化工/环保,化学,高端仪器仪表BD总监（投顾或券商背景）,猎头职位,某青岛大型电子/半导体/集成电路公司,1000-2000人,,沈阳,沈阳,硕士,5-10年,40-70k,,,,https://www.liepin.com/a/76520759.shtml,20260609150011,,,,
157659,猎聘,能源/化工/环保,化学,技术支持工程师,猎头职位,某沈阳电子/半导体/集成电路上市公司,1000-2000人,,沈阳,沈阳,本科,4-6年,25-45k,,,,https://www.liepin.com/a/76331593.shtml,20260609110007,,,,
157660,猎聘,能源/化工/环保,化学,总部质量管理部检验资深工程师 （化学）,企业职位,伊利集团,5000-10000人,,大连,呼和浩特-土左旗,硕士,1年以上,7-8k,,,,https://www.liepin.com/job/1982784245.shtml,20260522171158,,,,
157661,猎聘,能源/化工/环保,化学,总部质量管理部检验资深工程师（化学）,企业职位,伊利集团,5000-10000人,,大连,呼和浩特-土左旗,硕士,1年以上,6-8k,,,,https://www.liepin.com/job/1982176629.shtml,20260522170920,,,,
157662,猎聘,能源/化工/环保,化学,资深化学工程师,企业职位,北京深云智合科技有限公司,1-49人,,大连,包头-九原区,博士,经验不限,23-45k,,,,https://www.liepin.com/job/1965659567.shtml,20240423131743,,,,
157663,猎聘,能源/化工/环保,化学,天然产物发现与化学优化研究,企业职位,大型创新型国际化药企,10000人以上,,大连,呼和浩特,博士,3-5年,40-70k,,,,https://www.liepin.com/a/74118667.shtml,20260610000229,,,,
157664,猎聘,能源/化工/环保,化学,化学分析测试员,企业职位,某知名公司,10000人以上,,大连,呼和浩特,本科,1-3年,15-30k·14薪,,,,https://www.liepin.com/a/76466651.shtml,20260609140543,,,,
157665,猎聘,能源/化工/环保,化学,化学合成工程师,企业职位,联邦制药(内蒙古)有限公司,5000-10000人,,大连,巴彦淖尔,本科,5-10年,10-20k,,,,https://www.liepin.com/job/1955908141.shtml,20230208101342,,,,
157666,猎聘,能源/化工/环保,化学,初中全职化学教师,企业职位,包头市青山区瑞星中学,50-99人,,大连,包头,本科,经验不限,5-7k,,,,https://www.liepin.com/job/1963757707.shtml,20250417163415,,,,
157667,猎聘,能源/化工/环保,化学,采购员（医药、化学、生物相关专业）,企业职位,国药控股内蒙古有限公司,100-499人,,大连,呼和浩特-土左旗,大专,经验不限,4-6k,,,,https://www.liepin.com/job/1960927821.shtml,20230818122458,,,,
157668,猎聘,能源/化工/环保,化学,化学分析员,企业职位,赤峰市禹安信息咨询有限公司,1-49人,,大连,赤峰-喀喇沁旗,本科,5年以上,8-12k,,,,https://www.liepin.com/job/1972629595.shtml,20250224132453,,,,
157669,猎聘,能源/化工/环保,化学,化学工程师,企业职位,林西县钰博会计服务有限责任公司,1-49人,,大连,赤峰,本科,3-5年,10-15k,,,,https://www.liepin.com/job/1937752775.shtml,20210401175757,,,,
157670,猎聘,能源/化工/环保,化学,招商专员,企业职位,某国内电子商务公司,50-99人,,大连,呼和浩特-新城区,大专,1-3年,8-12k,,,,https://www.liepin.com/a/76324757.shtml,20260602163317,,,,
157671,猎聘,能源/化工/环保,化学,MR-GI-呼和浩特,企业职位,阿斯利康,10000人以上,,大连,呼和浩特-新城区,本科,3-5年,薪资面议,,,,https://www.liepin.com/job/1982547835.shtml,20260514173005,,,,
157672,猎聘,能源/化工/环保,化学,招商专员,企业职位,某国内电子商务公司,50-99人,,大连,呼和浩特,大专,1年以下,5-8k,,,,https://www.liepin.com/a/76315241.shtml,20260602145703,,,,
157673,猎聘,能源/化工/环保,化学,婴幼儿营养品质量管理部品质体验主管,企业职位,伊利集团,5000-10000人,,大连,呼和浩特-土左旗,学历不限,1-3年,8-15k,,,,https://www.liepin.com/job/1982826625.shtml,20260525135809,,,,
157674,猎聘,能源/化工/环保,化学,IT工程师（数字化系统方向）,企业职位,化合积电,100-499人,,大连,呼和浩特-土左旗,本科,3年以上,8-15k,,,,https://www.liepin.com/job/1979152645.shtml,20260608105957,,,,
157675,猎聘,能源/化工/环保,化学,车间主任,企业职位,某国内大型制药公司,5000-10000人,,大连,呼和浩特,学历不限,5-10年,15-22k,,,,https://www.liepin.com/a/75428339.shtml,20260605113438,,,,
157676,猎聘,能源/化工/环保,化学,数据中心ehs安全经理,企业职位,某北京知名公司,5000-10000人,,大连,乌兰察布,本科,5-10年,20-25k·15薪,,,,https://www.liepin.com/a/75910363.shtml,20260601142951,,,,
157677,猎聘,能源/化工/环保,化学,品质部副部长（鄂尔多斯）,企业职位,某国内大型新能源公司,2000-5000人,,大连,鄂尔多斯,统招本科,5-10年,25-35k,,,,https://www.liepin.com/a/76352673.shtml,20260603111945,,,,
157678,猎聘,能源/化工/环保,化学,工艺工程师,企业职位,化合积电,100-499人,,大连,呼和浩特-土左旗,本科,1年以上,7-15k,,,,https://www.liepin.com/job/1977679317.shtml,20260525093858,,,,
157679,猎聘,能源/化工/环保,化学,研发应用工程师（橡胶促进剂）,企业职位,某天津科技推广服务公司,,,大连,赤峰-宁城县,本科,1-3年,15-30k,,,,https://www.liepin.com/a/74664781.shtml,20260609135636,,,,
157680,猎聘,能源/化工/环保,化学,复合材料设计研发岗,企业职位,某国内大型电气机械/器材公司,1000-2000人,,大连,呼和浩特-赛罕区,硕士,经验不限,13-20k,,,,https://www.liepin.com/a/75772495.shtml,20260609085734,,,,
157681,猎聘,能源/化工/环保,化学,车间主任,企业职位,某国内大型制药公司,5000-10000人,,大连,包头,学历不限,5-10年,18-30k,,,,https://www.liepin.com/a/75428233.shtml,20260603113555,,,,
157682,猎聘,能源/化工/环保,化学,研发工程师（金刚石生长工艺）,企业职位,化合积电,100-499人,,大连,呼和浩特-土左旗,硕士,经验不限,8-20k,,,,https://www.liepin.com/job/1977402719.shtml,20260518112954,,,,
157683,猎聘,能源/化工/环保,化学,长晶技术员（单晶）,企业职位,化合积电,100-499人,,大连,呼和浩特-土左旗,本科,1年以下,5-7k,,,,https://www.liepin.com/job/1982522155.shtml,20260514094802,,,,
157684,猎聘,能源/化工/环保,化学,技术工艺经理（生物发酵、氨基酸）,企业职位,某苏州大型通信设备公司,10000人以上,,大连,呼和浩特,本科,6年以上,20-25k,,,,https://www.liepin.com/a/76403695.shtml,20260609131341,,,,
157685,猎聘,能源/化工/环保,化学,培训讲师,企业职位,某国内电子商务公司,50-99人,,大连,呼和浩特,大专,经验不限,4-5k,,,,https://www.liepin.com/a/76064503.shtml,20260608093440,,,,
157686,猎聘,能源/化工/环保,化学,倒班主任,企业职位,某国内制药公司,100-499人,,大连,呼和浩特-托克托县,统招本科,3-5年,12-15k,,,,https://www.liepin.com/a/76174925.shtml,20260608093028,,,,
157687,猎聘,能源/化工/环保,化学,招商专员,企业职位,某国内电子商务公司,50-99人,,大连,呼和浩特-新城区,大专,经验不限,7-10k,,,,https://www.liepin.com/a/76111333.shtml,20260527140139,,,,
157688,猎聘,能源/化工/环保,化学,生产主管,企业职位,化合积电,100-499人,,大连,呼和浩特-土左旗,本科,3年以下,8-13k,,,,https://www.liepin.com/job/1980525141.shtml,20260608110008,,,,
157689,猎聘,能源/化工/环保,化学,金刚石生长技术员,企业职位,化合积电,100-499人,,大连,呼和浩特-土左旗,大专,经验不限,6-9k,,,,https://www.liepin.com/job/1973878601.shtml,20260518113032,,,,
157690,猎聘,能源/化工/环保,化学,技术工艺经理（生物发酵）,企业职位,某国内制药公司,100-499人,,大连,呼和浩特-托克托县,统招本科,5-10年,20-25k,,,,https://www.liepin.com/a/76354755.shtml,20260603130428,,,,
157691,猎聘,能源/化工/环保,化学,农药合成工艺研究员,企业职位,广东立威进出口有限公司,1-49人,,大连,阿拉善盟-阿拉善左旗,硕士,3-5年,12-18k,,,,https://www.liepin.com/job/1974004999.shtml,20260608173108,,,,
157692,猎聘,能源/化工/环保,化学,工艺工程师（BASE 呼市）,企业职位,化合积电,100-499人,,大连,呼和浩特-土左旗,本科,2年以上,7-13k,,,,https://www.liepin.com/job/1980790301.shtml,20260608110008,,,,
157693,猎聘,能源/化工/环保,化学,助理工程师,企业职位,化合积电,100-499人,,大连,呼和浩特-土左旗,本科,1年以上,5-10k,,,,https://www.liepin.com/job/1977565071.shtml,20260518113032,,,,
157694,猎聘,能源/化工/环保,化学,技术研究主任工程师（糖方向）,企业职位,某国内食品/饮料/酒水上市公司,5000-10000人,,大连,呼和浩特,硕士,1-3年,30-35k·13薪,,,,https://www.liepin.com/a/75303177.shtml,20260513200842,,,,
157695,猎聘,能源/化工/环保,化学,文物保护技术人员,企业职位,某知名公司,2000-5000人,,大连,鄂尔多斯,学历不限,5-10年,30-35k,,,,https://www.liepin.com/a/75562319.shtml,20260608094604,,,,
157696,猎聘,能源/化工/环保,化学,实验室中心主任,企业职位,某国内咨询服务公司,,,大连,包头,学历不限,5-10年,20-25k,,,,https://www.liepin.com/a/76214349.shtml,20260529163625,,,,
157697,猎聘,能源/化工/环保,化学,质量主管,企业职位,化合积电,100-499人,,大连,呼和浩特-土左旗,统招本科,6年以上,8-15k,,,,https://www.liepin.com/job/1981177111.shtml,20260608110008,,,,
157698,猎聘,能源/化工/环保,化学,倒班主任,企业职位,亨通(内蒙古)生物科技有限公司,100-499人,,大连,呼和浩特-托克托县,本科,3年以上,12-15k,,,,https://www.liepin.com/job/1982931047.shtml,20260527221813,,,,
157699,猎聘,能源/化工/环保,化学,生产经理,企业职位,某国内金属制品公司,100-499人,,大连,呼和浩特,学历不限,5-10年,30-40k,,,,https://www.liepin.com/a/74581699.shtml,20260608194713,,,,
157700,猎聘,能源/化工/环保,化学,婴幼儿营养品质量管理部品保经理,企业职位,伊利集团,5000-10000人,,大连,呼和浩特-土左旗,本科,5年以上,10-20k,,,,https://www.liepin.com/job/1982826557.shtml,20260525135653,,,,
157701,猎聘,能源/化工/环保,化学,车间主任/副主任（他唑巴坦）,企业职位,某国内大型制药公司,5000-10000人,,大连,包头,统招本科,10年以上,15-25k,,,,https://www.liepin.com/a/73222103.shtml,20260520184545,,,,
157702,猎聘,能源/化工/环保,化学,车间主任(倒班主任),企业职位,某国内大型生物技术公司,500-999人,,大连,呼和浩特-托克托县,本科,5-10年,10-14k,,,,https://www.liepin.com/a/70829213.shtml,20260609100953,,,,
157703,猎聘,能源/化工/环保,化学,车间主任/副主任（硫氰酸红霉素）,企业职位,某国内大型制药公司,5000-10000人,,大连,包头,统招本科,10年以上,15-25k,,,,https://www.liepin.com/a/73222079.shtml,20260520184545,,,,
157704,猎聘,能源/化工/环保,化学,电芯工艺经理-内蒙古、河南,企业职位,某大型知名新能源公司,10000人以上,,大连,鄂尔多斯,统招本科,经验不限,25-35k·30薪,,,,https://www.liepin.com/a/74558113.shtml,20260518155835,,,,
157705,猎聘,能源/化工/环保,化学,倒班主任,企业职位,某国内大型制药公司,500-999人,,大连,呼和浩特-托克托县,大专,5-10年,10-15k,,,,https://www.liepin.com/a/72347903.shtml,20260609080044,,,,
157706,猎聘,能源/化工/环保,化学,水处理工程师,企业职位,内蒙古百川光热科技有限公司,100-499人,,大连,鄂尔多斯-伊金霍洛,大专,3-5年,8-20k·13薪,,,,https://www.liepin.com/job/1982902453.shtml,20260527110013,,,,
157707,猎聘,能源/化工/环保,化学,质量QC,企业职位,内蒙古京科医药科技有限公司,100-499人,,大连,乌兰察布-集宁区,统招本科,经验不限,4-5k,,,,https://www.liepin.com/job/1980435489.shtml,20260520171252,,,,
157708,猎聘,能源/化工/环保,化学,销售工程师/经理（欢迎理工科/热爱销售者）,企业职位,化合积电,100-499人,,大连,呼和浩特-土左旗,本科,2-4年,7-16k,,,,https://www.liepin.com/job/1980491757.shtml,20260608105957,,,,
157709,猎聘,能源/化工/环保,化学,研究主任工程师（糖方向）,企业职位,某国内大型食品/饮料/酒水公司,5000-10000人,,大连,呼和浩特,学历不限,3-5年,25-30k,,,,https://www.liepin.com/a/76177147.shtml,20260528171215,,,,
157710,猎聘,能源/化工/环保,化学,光学技术负责人（高端光学仪器从0到1的完整开发）,企业职位,某国内电气机械/器材公司,50-99人,,大连,鄂尔多斯-康巴什区,本科,10年以上,30-50k,,,,https://www.liepin.com/a/75473221.shtml,20260528142759,,,,
157711,猎聘,能源/化工/环保,化学,光学技术负责人,企业职位,某北京大型人力资源服务公司,10000人以上,,大连,鄂尔多斯,本科,10年以上,30-50k,,,,https://www.liepin.com/a/75928379.shtml,20260521181718,,,,
157712,猎聘,能源/化工/环保,化学,生产主管,企业职位,化合积电,100-499人,,大连,呼和浩特-土左旗,本科,5-10年,8-15k,,,,https://www.liepin.com/job/1980601591.shtml,20260518112942,,,,
157713,猎聘,能源/化工/环保,化学,执行总经理,企业职位,某国内环保上市公司,5000-10000人,,大连,鄂尔多斯-东胜区,本科,10年以上,50-80k,,,,https://www.liepin.com/a/75554077.shtml,20260512101849,,,,
157714,猎聘,能源/化工/环保,化学,IT工程师（数字化系统方向）,企业职位,化合积电,100-499人,,大连,呼和浩特-土左旗,本科,3年以上,7-15k,,,,https://www.liepin.com/job/1979152709.shtml,20260518181012,,,,
157715,猎聘,能源/化工/环保,化学,车间主任,企业职位,某国内知名公司,5000-10000人,,大连,巴彦淖尔,统招本科,10年以上,15-25k,,,,https://www.liepin.com/a/75530549.shtml,20260522153629,,,,
157716,猎聘,能源/化工/环保,化学,哌拉西林车间技术主任,企业职位,某国内大型制药公司,5000-10000人,,大连,巴彦淖尔,大专,5-10年,20-28k,,,,https://www.liepin.com/a/75507737.shtml,20260511115637,,,,
157717,猎聘,能源/化工/环保,化学,科研负责人,企业职位,内蒙古都鹤创研科技发展有限公司,1-49人,,大连,呼和浩特-和林格尔县,博士,经验不限,20-28k,,,,https://www.liepin.com/job/1966150669.shtml,20240410163221,,,,
157718,猎聘,能源/化工/环保,化学,生产主管,企业职位,化合积电,100-499人,,大连,呼和浩特-土左旗,本科,3-5年,10-14k,,,,https://www.liepin.com/job/1981373095.shtml,20260402182443,,,,
157719,猎聘,能源/化工/环保,化学,产品助理,企业职位,某国内批发/零售公司,1-49人,,大连,呼和浩特-新城区,统招本科,1-3年,4-6k,,,,https://www.liepin.com/a/76217535.shtml,20260529172824,,,,
157720,猎聘,能源/化工/环保,化学,电池测试工程师,企业职位,四川新能源汽车创新中心,100-499人,,大连,鄂尔多斯-伊金霍洛,硕士,1-3年,8-12k·13薪,,,,https://www.liepin.com/job/1979135413.shtml,20251215110430,,,,
157721,猎聘,能源/化工/环保,化学,中心化验室经理,企业职位,某国内矿产开采上市公司,2000-5000人,,大连,包头,本科,5-10年,20-25k,,,,https://www.liepin.com/a/76464095.shtml,20260605155126,,,,
157722,猎聘,能源/化工/环保,化学,光学技术带头人,企业职位,某国内电气机械/器材公司,50-99人,,大连,鄂尔多斯-康巴什区,统招本科,10年以上,30-50k,,,,https://www.liepin.com/a/75921109.shtml,20260521162453,,,,
157723,猎聘,能源/化工/环保,化学,光学技术带头人（细分领域头部/发展空间大）,企业职位,某国内电气机械/器材公司,50-99人,,大连,鄂尔多斯,本科,经验不限,40-70k,,,,https://www.liepin.com/a/75918387.shtml,20260521155038,,,,
157724,猎聘,能源/化工/环保,化学,主任工程师,企业职位,某国内知名公司,5000-10000人,,大连,巴彦淖尔,统招本科,10年以上,15-25k,,,,https://www.liepin.com/a/75636975.shtml,20260522153629,,,,
157725,猎聘,能源/化工/环保,化学,单晶工程师,企业职位,化合积电,100-499人,,大连,呼和浩特-土左旗,本科,1-3年,6-8k,,,,https://www.liepin.com/job/1982880315.shtml,20260526161233,,,,
157726,猎聘,能源/化工/环保,化学,质量管理经理（内蒙）,企业职位,宁夏宝丰集团有限公司,10000人以上,,大连,鄂尔多斯-伊金霍洛,本科,5年以上,20-35k,,,,https://www.liepin.com/job/1981835433.shtml,20260416173318,,,,
157727,猎聘,能源/化工/环保,化学,医药代表,企业职位,安徽安科生物工程(集团)股份有限公司,5000-10000人,,大连,包头-昆都仑区,大专,1年以上,10-15k,,,,https://www.liepin.com/job/1979061757.shtml,20260513161259,,,,
157728,猎聘,能源/化工/环保,化学,IQC工程师（内蒙）,企业职位,宁夏宝丰集团有限公司,10000人以上,,大连,鄂尔多斯-伊金霍洛,大专,2年以上,7-20k,,,,https://www.liepin.com/job/1981835119.shtml,20260416172835,,,,
157729,猎聘,能源/化工/环保,化学,质量检测员/测试员,企业职位,杭州恩和生物科技有限公司,100-499人,,大连,鄂尔多斯-鄂托克旗,大专,1-3年,6-7k,,,,https://www.liepin.com/job/1981572279.shtml,20260408132107,,,,
157730,猎聘,能源/化工/环保,化学,工艺技术员,企业职位,合力科技股份有限公司,1000-2000人,,大连,阿拉善盟-阿拉善左旗,本科,1年以上,7-15k,,,,https://www.liepin.com/job/1981263219.shtml,20260609110539,,,,
157731,猎聘,能源/化工/环保,化学,材料研发工程师,企业职位,内蒙古京航特碳科技有限公司,100-499人,,大连,赤峰-宁城县,统招本科,5-10年,15-25k,,,,https://www.liepin.com/job/1959894907.shtml,20260603083717,,,,
157732,猎聘,能源/化工/环保,化学,研发星PLUS（乳成分研究方向）,企业职位,蒙牛,10000人以上,,大连,呼和浩特-和林格尔县,博士,1-3年,20-25k,,,,https://www.liepin.com/job/1980152679.shtml,20260511232654,,,,
157733,猎聘,能源/化工/环保,化学,微生物研发工程师,企业职位,某国内其他制造业公司,100-499人,,大连,赤峰-红山区,本科,经验不限,10-15k,,,,https://www.liepin.com/a/73752335.shtml,20260331132435,,,,
157734,猎聘,能源/化工/环保,化学,法医毒物鉴定人员,企业职位,内蒙古司证鉴定技术服务有限公司,1-49人,,大连,通辽-科尔沁区,本科,10年以上,5-8k,,,,https://www.liepin.com/job/1982950345.shtml,20260528142837,,,,
157735,猎聘,能源/化工/环保,化学,药品研发,企业职位,内蒙古都鹤创研科技发展有限公司,1-49人,,大连,呼和浩特-和林格尔县,硕士,经验不限,7-12k·14薪,,,,https://www.liepin.com/job/1971018721.shtml,20241223154618,,,,
157736,猎聘,能源/化工/环保,化学,有机合成研究员,企业职位,内蒙古都鹤创研科技发展有限公司,1-49人,,大连,呼和浩特-和林格尔县,硕士,经验不限,8-13k·14薪,,,,https://www.liepin.com/job/1966182085.shtml,20241125135711,,,,
157737,猎聘,能源/化工/环保,化学,有机合成研究员,企业职位,内蒙古都鹤创研科技发展有限公司,1-49人,,大连,呼和浩特-和林格尔县,硕士,经验不限,7-12k·14薪,,,,https://www.liepin.com/job/1971006145.shtml,20241223154553,,,,
157738,猎聘,能源/化工/环保,化学,检校员（理化类）,企业职位,内蒙古华溯测试科技有限公司,50-99人,,大连,呼和浩特,大专,经验不限,4-6k,,,,https://www.liepin.com/job/1965671857.shtml,20240410145056,,,,
157739,猎聘,能源/化工/环保,化学,品控总监,企业职位,溢多利生物,100-499人,,大连,呼和浩特-托克托县,统招本科,5年以上,10-15k·14薪,,,,https://www.liepin.com/job/1978503695.shtml,20260518115950,,,,
157740,猎聘,能源/化工/环保,化学,知识产权部专利助理经理,企业职位,某国内食品/饮料/酒水上市公司,5000-10000人,,大连,呼和浩特,硕士,10年以上,11-16k,,,,https://www.liepin.com/a/75686601.shtml,20260514172032,,,,
157741,猎聘,能源/化工/环保,化学,知识产权部专利助理经理,企业职位,某国内食品/饮料/酒水上市公司,5000-10000人,,大连,呼和浩特,硕士,3-5年,12-15k,,,,https://www.liepin.com/a/75605511.shtml,20260609090218,,,,
157742,猎聘,能源/化工/环保,化学,质量经理,企业职位,某化工公司,1-49人,,大连,巴彦淖尔,学历不限,经验不限,20-40k,,,,https://www.liepin.com/a/73989499.shtml,20260607103653,,,,
157743,猎聘,能源/化工/环保,化学,电芯工艺经理-内蒙古,企业职位,某国内大型新能源公司,10000人以上,,大连,鄂尔多斯,本科,10年以上,40-60k·24薪,,,,https://www.liepin.com/a/74839093.shtml,20260420154848,,,,
157744,猎聘,能源/化工/环保,化学,教学老师,企业职位,某国内电子商务公司,50-99人,,大连,呼和浩特-新城区,本科,经验不限,4-9k,,,,https://www.liepin.com/a/76404103.shtml,20260604114357,,,,
157745,猎聘,能源/化工/环保,化学,分析质保主任,企业职位,合力科技股份有限公司,1000-2000人,,大连,阿拉善盟-阿拉善左旗,本科,5年以上,15-30k·14薪,,,,https://www.liepin.com/job/1980215261.shtml,20260206083447,,,,
157746,猎聘,能源/化工/环保,化学,销售工程师,企业职位,化合积电,100-499人,,大连,呼和浩特-土左旗,本科,1-3年,6-16k,,,,https://www.liepin.com/job/1979968091.shtml,20260518113004,,,,
157747,猎聘,能源/化工/环保,化学,总部乳业技术研究院知识产权部专利助理经理,企业职位,伊利集团,5000-10000人,,大连,呼和浩特-土左旗,硕士,1年以上,10-13k,,,,https://www.liepin.com/job/1981894597.shtml,20260420102306,,,,
157748,猎聘,能源/化工/环保,化学,总部乳业技术研究院包装研究中心包装研发工程师,企业职位,伊利集团,5000-10000人,,大连,呼和浩特-土左旗,硕士,经验不限,6-7k,,,,https://www.liepin.com/job/1982543921.shtml,20260514162922,,,,
157749,猎聘,能源/化工/环保,化学,兽药药品研发人员(J10495),企业职位,联邦制药,10000人以上,,大连,巴彦淖尔-临河区,统招本科,1-3年,6-8k·13薪,,,,https://www.liepin.com/job/1980919617.shtml,20260323183119,,,,
157750,猎聘,能源/化工/环保,化学,SQE工程师（内蒙）,企业职位,宁夏宝丰集团有限公司,10000人以上,,大连,鄂尔多斯-伊金霍洛,大专,2年以上,8-24k,,,,https://www.liepin.com/job/1981835293.shtml,20260416173059,,,,
157751,猎聘,能源/化工/环保,化学,化验员,企业职位,金风绿色能源化工科技(江苏)有限公司,,,大连,兴安盟-乌兰浩特,大专,经验不限,8-10k,,,,https://www.liepin.com/job/1975868799.shtml,20250718103109,,,,
157752,猎聘,能源/化工/环保,化学,有机合成助理研究员,企业职位,内蒙古都鹤创研科技发展有限公司,1-49人,,大连,呼和浩特-和林格尔县,本科,经验不限,5-10k·14薪,,,,https://www.liepin.com/job/1966182623.shtml,20241125135756,,,,
157753,猎聘,能源/化工/环保,化学,理科教师,企业职位,内蒙古创课教育科技有限公司,50-99人,,大连,呼和浩特-赛罕区,本科,经验不限,6-12k,,,,https://www.liepin.com/job/1939403985.shtml,20210522111450,,,,
157754,猎聘,能源/化工/环保,化学,硅碳研发工艺总工,企业职位,某北京知名公司,10000人以上,,大连,包头,硕士,10年以上,40-60k,,,,https://www.liepin.com/a/76509579.shtml,20260608102848,,,,
157755,猎聘,能源/化工/环保,化学,开放式创新专业经理,企业职位,某国内食品/饮料/酒水上市公司,5000-10000人,,大连,呼和浩特,本科,3-5年,20-30k,,,,https://www.liepin.com/a/75585799.shtml,20260609083718,,,,
157756,猎聘,能源/化工/环保,化学,调酒师,企业职位,某国内知名公司,5000-10000人,,大连,鄂尔多斯,统招本科,5-8年,25-50k,,,,https://www.liepin.com/a/74963015.shtml,20260422223056,,,,
157757,猎聘,能源/化工/环保,化学,乙二醇执行总经理,企业职位,亿利资源,5000-10000人,,大连,鄂尔多斯-东胜区,本科,10年以上,40-60k,,,,https://www.liepin.com/job/1981904575.shtml,20260519153514,,,,
157758,猎聘,能源/化工/环保,化学,客诉工程师（内蒙）,企业职位,宁夏宝丰集团有限公司,10000人以上,,大连,鄂尔多斯-伊金霍洛,大专,2年以上,7-15k,,,,https://www.liepin.com/job/1981835553.shtml,20260416173529,,,,
157759,猎聘,能源/化工/环保,化学,技术支持工程师,企业职位,化合积电,100-499人,,大连,呼和浩特-土左旗,硕士,1-3年,7-15k,,,,https://www.liepin.com/job/1977589199.shtml,20260518113032,,,,
157760,猎聘,能源/化工/环保,化学,调酒师,企业职位,某国内知名公司,5000-10000人,,大连,鄂尔多斯,学历不限,10年以上,70-100k,,,,https://www.liepin.com/a/75229489.shtml,20260506153117,,,,
157761,猎聘,能源/化工/环保,化学,基础研究高级工程师（干燥工艺研究）(J62328),企业职位,蒙牛,10000人以上,,大连,呼和浩特-和林格尔县,博士,8年以上,薪资面议,,,,https://www.liepin.com/job/1979197239.shtml,20251217103802,,,,
157762,猎聘,能源/化工/环保,化学,基础研究高级工程师（干燥工艺研究）,企业职位,蒙牛,10000人以上,,大连,呼和浩特-和林格尔县,博士,8年以上,20-35k,,,,https://www.liepin.com/job/1978880667.shtml,20260511232654,,,,
157763,猎聘,能源/化工/环保,化学,食品安全快速检测试剂销售（辽宁/内蒙/北京）,企业职位,深圳市易瑞生物技术股份有限公司,100-499人,,大连,呼和浩特-新城区,本科,3年以上,6-10k,,,,https://www.liepin.com/job/1980008959.shtml,20260126194444,,,,
157764,猎聘,能源/化工/环保,化学,创新专业经理,企业职位,某国内农林牧渔上市公司,5000-10000人,,大连,呼和浩特,硕士,经验不限,18-25k·15薪,,,,https://www.liepin.com/a/74206719.shtml,20260402164248,,,,
157765,猎聘,能源/化工/环保,化学,中心化验室经理,企业职位,某国内矿产开采上市公司,2000-5000人,,大连,包头,本科,5-10年,20-25k,,,,https://www.liepin.com/a/76440549.shtml,20260605095458,,,,
157766,猎聘,能源/化工/环保,化学,农业检测员,企业职位,内蒙古智多兴,1-49人,,大连,呼和浩特-赛罕区,学历不限,经验不限,5-10k,,,,https://www.liepin.com/job/1982085461.shtml,20260425070541,,,,
157767,猎聘,能源/化工/环保,化学,招商专员,企业职位,某国内电子商务公司,50-99人,,大连,呼伦贝尔,大专,经验不限,4-7k,,,,https://www.liepin.com/a/76220715.shtml,20260529185214,,,,
157768,猎聘,能源/化工/环保,化学,兽药制剂研发,企业职位,某国内其他制造业公司,100-499人,,大连,赤峰,本科,3-5年,10-15k,,,,https://www.liepin.com/a/73957295.shtml,20260327100530,,,,
157769,猎聘,能源/化工/环保,化学,教师,企业职位,某知名公司,50-99人,,大连,呼和浩特-新城区,大专,经验不限,4-6k,,,,https://www.liepin.com/a/76225493.shtml,20260601093729,,,,
157770,猎聘,能源/化工/环保,化学,测试工程师（内蒙）,企业职位,宁夏宝丰集团有限公司,10000人以上,,大连,鄂尔多斯-伊金霍洛,大专,1年以上,7-20k,,,,https://www.liepin.com/job/1981835983.shtml,20260416174333,,,,
157771,猎聘,能源/化工/环保,化学,工艺主管,企业职位,包钢集团环境工程研究院,50-99人,,大连,包头-昆都仑区,大专,5年以上,8-12k,,,,https://www.liepin.com/job/1981142049.shtml,20260323093150,,,,
157772,猎聘,能源/化工/环保,化学,生物质气化研发工程师(J21730),企业职位,金风绿色能源化工科技(江苏)有限公司,,,大连,兴安盟-乌兰浩特,硕士,5-10年,20-25k,,,,https://www.liepin.com/job/1975073753.shtml,20250612111751,,,,
157773,猎聘,能源/化工/环保,化学,测试员（内蒙）,企业职位,宁夏宝丰集团有限公司,10000人以上,,大连,鄂尔多斯-伊金霍洛,大专,经验不限,5-7k,,,,https://www.liepin.com/job/1981836301.shtml,20260416174933,,,,
157774,猎聘,能源/化工/环保,化学,化验员,企业职位,上海中博,100-499人,,大连,巴彦淖尔-乌拉特中旗,学历不限,3-5年,6-8k,,,,https://www.liepin.com/job/1967570449.shtml,20260420150156,,,,
157775,猎聘,能源/化工/环保,化学,煤质化验员,企业职位,易大宗,5000-10000人,,大连,阿拉善盟-额济纳旗,大专,经验不限,6-8k,,,,https://www.liepin.com/job/1980399259.shtml,20260401111520,,,,
157776,猎聘,能源/化工/环保,化学,物流经理,企业职位,内蒙古亿正化工有限公司,100-499人,,大连,乌海-海勃湾区,大专,5年以上,10-20k,,,,https://www.liepin.com/job/1976536549.shtml,20250816094145,,,,
157777,猎聘,能源/化工/环保,化学,食品/饮料研发,企业职位,某国内批发/零售公司,,,大连,赤峰,学历不限,3-5年,8-11k,,,,https://www.liepin.com/a/73288015.shtml,20260312104316,,,,
157778,猎聘,能源/化工/环保,化学,三氟化氮电解高级工程师,企业职位,南大光电(乌兰察布)有限公司,100-499人,,大连,乌兰察布-集宁区,硕士,5-10年,10-15k,,,,https://www.liepin.com/job/1973130067.shtml,20250314143638,,,,
157779,猎聘,能源/化工/环保,化学,安全工程师,企业职位,新特能源,5000-10000人,,大连,包头-土右旗,统招本科,3-5年,8-15k,,,,https://www.liepin.com/job/1950443121.shtml,20220616154852,,,,
157780,猎聘,能源/化工/环保,化学,物流/仓储项目经理,企业职位,内蒙古亿正化工有限公司,100-499人,,大连,乌海-海勃湾区,大专,5-10年,10-20k·13薪,,,,https://www.liepin.com/job/1976546259.shtml,20250918114042,,,,
157781,猎聘,能源/化工/环保,化学,金矿化验员,企业职位,大中矿业,2000-5000人,,大连,巴彦淖尔,大专,1-3年,6-7k,,,,https://www.liepin.com/job/1978328791.shtml,20251110090448,,,,
157782,猎聘,能源/化工/环保,化学,质量检验员,企业职位,青岛开创食品,100-499人,,大连,乌兰察布-丰镇,大专,经验不限,4-5k,,,,https://www.liepin.com/job/1973790761.shtml,20250612103912,,,,
157783,猎聘,能源/化工/环保,化学,销售经理,企业职位,北京测易生物科技有限公司,1-49人,,大连,呼和浩特-玉泉区,大专,1-10年,5-9k,,,,https://www.liepin.com/job/1976750127.shtml,20250827100849,,,,
157784,猎聘,能源/化工/环保,化学,实验室检测员,企业职位,内蒙古新特硅材料有限公司,1000-2000人,,大连,包头-土右旗,大专,1-3年,6-8k,,,,https://www.liepin.com/job/1971016505.shtml,20250121112425,,,,
157785,猎聘,能源/化工/环保,化学,（内蒙）销售经理,企业职位,山西德泰兴业科贸有限公司,1-49人,,大连,呼和浩特-赛罕区,大专,1-3年,4-8k,,,,https://www.liepin.com/job/1973351069.shtml,20251208100754,,,,
157786,猎聘,能源/化工/环保,化学,SOFC研发工程师,企业职位,鄂尔多斯新能源研究院,100-499人,,大连,鄂尔多斯-伊金霍洛,硕士,经验不限,8-20k,,,,https://www.liepin.com/job/1969700457.shtml,20240913110628,,,,
157787,猎聘,能源/化工/环保,化学,实验室化验员,企业职位,内蒙古佰泰盛世检验检测技术服务有限公司,1-49人,,大连,呼和浩特-和林格尔县,大专,1-3年,4-6k,,,,https://www.liepin.com/job/1974540517.shtml,20250519095345,,,,
157788,猎聘,能源/化工/环保,化学,化验员,企业职位,包头市三隆稀有金属材料有限责任公司,100-499人,,大连,包头-九原区,本科,经验不限,3-4k,,,,https://www.liepin.com/job/1961857767.shtml,20230922172252,,,,
157789,猎聘,能源/化工/环保,化学,配伍工程师,企业职位,东方希望集团,10000人以上,,大连,包头,大专,3-5年,10-15k,,,,https://www.liepin.com/job/1933283901.shtml,20241218091031,,,,
157790,猎聘,能源/化工/环保,化学,药物合成,企业职位,内蒙古易高煤化科技有限公司,500-999人,,大连,鄂尔多斯,中专/中技,1年以下,3-7k,,,,https://www.liepin.com/job/1941427441.shtml,20210726162929,,,,
157791,猎聘,能源/化工/环保,化学,检验员,企业职位,飞鹤乳业,10000人以上,,大连,赤峰-阿旗,大专,3-5年,4-6k,,,,https://www.liepin.com/job/1962305817.shtml,20231018161751,,,,
157792,猎聘,能源/化工/环保,化学,普工/操作工,企业职位,内蒙古易高煤化科技有限公司,500-999人,,大连,鄂尔多斯-准格尔旗,中专/中技,1-3年,3-8k,,,,https://www.liepin.com/job/1941427069.shtml,20210726162527,,,,
157793,猎聘,能源/化工/环保,化学,环境影响评价工程师及环境检测员,企业职位,内蒙古德源放射卫生检测评估有限公司,1-49人,,大连,呼和浩特,本科,经验不限,5-8k,,,,https://www.liepin.com/job/1947762011.shtml,20230329143326,,,,
157794,猎聘,能源/化工/环保,化学,质量专员,企业职位,飞鹤乳业,10000人以上,,大连,赤峰-阿旗,大专,3-5年,4-6k,,,,https://www.liepin.com/job/1962305871.shtml,20231018161734,,,,
157795,猎聘,能源/化工/环保,化学,技术员,企业职位,巴彦淖尔华恒生物科技有限公司,1-49人,,大连,巴彦淖尔,本科,经验不限,5-8k,,,,https://www.liepin.com/job/1929572849.shtml,20211224155753,,,,
157796,猎聘,能源/化工/环保,化学,理化检验员,企业职位,内蒙古益婴美乳业有限公司,100-499人,,大连,阿拉善盟-阿拉善左旗,大专,1-3年,4-6k,,,,https://www.liepin.com/job/1948369333.shtml,20220324161456,,,,
157797,猎聘,能源/化工/环保,化学,教学老师,企业职位,某国内人力资源服务公司,50-99人,,大连,呼和浩特-新城区,学历不限,1-3年,4-8k,,,,https://www.liepin.com/a/76526979.shtml,20260608144256,,,,
157798,猎聘,能源/化工/环保,化学,生产环节-调酒师,企业职位,某知名公司,5000-10000人,,大连,鄂尔多斯,统招本科,经验不限,20-27k,,,,https://www.liepin.com/a/74298295.shtml,20260605171221,,,,
157799,猎聘,能源/化工/环保,化学,环保技术员,企业职位,内蒙古立威生物科技有限公司,,,大连,阿拉善盟-阿拉善左旗,大专,2年以上,7-8k,,,,https://www.liepin.com/job/1982686107.shtml,20260520084413,,,,
157800,猎聘,能源/化工/环保,化学,院内销售经理（血糖线）(J12300),企业职位,鱼跃医疗,5000-10000人,,大连,呼和浩特-新城区,大专,3年以上,10-15k,,,,https://www.liepin.com/job/1981671645.shtml,20260506090643,,,,
157801,猎聘,能源/化工/环保,化学,品质经理（正极材料）,企业职位,某国内大型新能源公司,2000-5000人,,大连,鄂尔多斯,学历不限,经验不限,30-35k,,,,https://www.liepin.com/a/76447741.shtml,20260608094837,,,,
157802,猎聘,能源/化工/环保,化学,锂电正极材料品质部副部长,企业职位,友山科技,2000-5000人,,大连,鄂尔多斯-伊金霍洛,本科,5年以上,20-35k,,,,https://www.liepin.com/job/1981847975.shtml,20260417105102,,,,
157803,猎聘,能源/化工/环保,化学,消防工程师（内蒙）,企业职位,宁夏宝丰集团有限公司,10000人以上,,大连,鄂尔多斯-伊金霍洛,本科,3年以上,8-13k,,,,https://www.liepin.com/job/1981814643.shtml,20260416114834,,,,
157804,猎聘,能源/化工/环保,化学,倒班主任,企业职位,某国内化工公司,100-499人,,大连,呼和浩特-托克托县,大专,10年以上,10-12k,,,,https://www.liepin.com/a/76361385.shtml,20260609091811,,,,
157805,猎聘,能源/化工/环保,化学,食品清洗工艺高级工程师,企业职位,蒙牛,10000人以上,,大连,呼和浩特-和林格尔县,硕士,5年以上,20-25k,,,,https://www.liepin.com/job/1981787529.shtml,20260605111331,,,,
157806,猎聘,能源/化工/环保,化学,化水专业工程师,企业职位,先导科技集团,10000人以上,,大连,锡盟-锡林浩特,大专,5年以上,12-18k,,,,https://www.liepin.com/job/1980639293.shtml,20260408173134,,,,
157807,猎聘,能源/化工/环保,化学,总部乳业技术研究院食品技术研究中心技术研究主任工程师（糖方向）,企业职位,伊利集团,5000-10000人,,大连,呼和浩特-土左旗,硕士,2年以上,15-25k,,,,https://www.liepin.com/job/1982283183.shtml,20260506162248,,,,
157808,猎聘,能源/化工/环保,化学,环保工程师/技术员（内蒙）(J12076),企业职位,宁夏宝丰集团有限公司,10000人以上,,大连,鄂尔多斯-乌审旗,本科,3年以上,15-25k,,,,https://www.liepin.com/job/1978747949.shtml,20260316142555,,,,
157809,猎聘,能源/化工/环保,化学,材料测试经理（内蒙）,企业职位,宁夏宝丰集团有限公司,10000人以上,,大连,鄂尔多斯-伊金霍洛,本科,5年以上,15-35k,,,,https://www.liepin.com/job/1981836187.shtml,20260416174730,,,,
157810,猎聘,能源/化工/环保,化学,Field Service Engineer-Hohhot,企业职位,安捷伦科技(中国)有限公司,1000-2000人,,大连,呼和浩特,硕士,1-3年,薪资面议,,,,https://www.liepin.com/job/1981779769.shtml,20260417142142,,,,
157811,猎聘,能源/化工/环保,化学,文书鉴定师（印刷文件鉴定方向）,企业职位,内蒙古司证鉴定技术服务有限公司,1-49人,,大连,通辽-科尔沁区,本科,5-10年,5-10k,,,,https://www.liepin.com/job/1982852721.shtml,20260526085022,,,,
157812,猎聘,能源/化工/环保,化学,品控专员/主管（乳制品）,企业职位,永辉电商,1000-2000人,,大连,阿拉善盟-阿拉善左旗,大专,1年以上,8-12k,,,,https://www.liepin.com/job/1982564709.shtml,20260515111416,,,,
157813,猎聘,能源/化工/环保,化学,QA专员,企业职位,杭州恩和生物科技有限公司,100-499人,,大连,鄂尔多斯-鄂托克旗,大专,1-3年,6-7k,,,,https://www.liepin.com/job/1981569187.shtml,20260408113304,,,,
157814,猎聘,能源/化工/环保,化学,生产经理,企业职位,安徽华恒生物科技股份有限公司,500-999人,,大连,赤峰-宁城县,大专,5年以上,15-25k,,,,https://www.liepin.com/job/1978242157.shtml,20260319140152,,,,
157815,猎聘,能源/化工/环保,化学,奶粉原料研发工程师,企业职位,蒙牛,10000人以上,,大连,呼和浩特-和林格尔县,本科,经验不限,15-20k,,,,https://www.liepin.com/job/1980394489.shtml,20260602150305,,,,
157816,猎聘,能源/化工/环保,化学,伊利酸奶质量管理部生产工艺主任工程师,企业职位,伊利集团,5000-10000人,,大连,呼和浩特-土左旗,学历不限,5年以上,薪资面议,,,,https://www.liepin.com/job/1981075149.shtml,20260319112802,,,,
157817,猎聘,能源/化工/环保,化学,铁基非晶合金材料工程师,企业职位,亿邦通信,100-499人,,大连,乌兰察布-兴和县,硕士,1-3年,5-10k,,,,https://www.liepin.com/job/1982168633.shtml,20260428174618,,,,
157818,猎聘,能源/化工/环保,化学,锅炉操作工/班长(J12091),企业职位,宁夏宝丰集团有限公司,10000人以上,,大连,鄂尔多斯-乌审旗,大专,2年以上,8-19k,,,,https://www.liepin.com/job/1978748697.shtml,20260316142551,,,,
157819,猎聘,能源/化工/环保,化学,仓库管理员,企业职位,杭州恩和生物科技有限公司,100-499人,,大连,鄂尔多斯-鄂托克旗,大专,1-3年,6-7k,,,,https://www.liepin.com/job/1981228503.shtml,20260325135735,,,,
157820,猎聘,能源/化工/环保,化学,安全工程师（密薪制，薪资面议）(J10050),企业职位,新疆巨融能源(集团)有限公司,500-999人,,大连,通辽-科左后旗,大专,3-5年,1-2k,,,,https://www.liepin.com/job/1981222239.shtml,20260327174424,,,,
157821,猎聘,能源/化工/环保,化学,质量总监（内蒙古）,企业职位,中材锂膜有限公司,5000-10000人,,大连,呼和浩特-土左旗,统招本科,10年以上,20-30k·16薪,,,,https://www.liepin.com/job/1967053419.shtml,20260319140702,,,,
157822,猎聘,能源/化工/环保,化学,工程部经理,企业职位,内蒙古蒙泰集团有限公司,5000-10000人,,大连,鄂尔多斯-准格尔旗,统招本科,5-10年,9-12k,,,,https://www.liepin.com/job/1972414821.shtml,20250715184808,,,,
157823,猎聘,能源/化工/环保,化学,固废助理工程师,企业职位,浙江波普环境服务有限公司,5000-10000人,,大连,包头-东河区,硕士,经验不限,8-10k·13薪,,,,https://www.liepin.com/job/1974519741.shtml,20260608104447,,,,
157824,猎聘,能源/化工/环保,化学,生产总工程师/副总工程师,企业职位,上海东方希望企业服务有限公司,10000人以上,,大连,包头-九原区,大专,8年以上,30-50k,,,,https://www.liepin.com/job/1981449475.shtml,20260519084014,,,,
157825,猎聘,能源/化工/环保,化学,基础研究高级工程师（乳功能成分分析研究）(J62329),企业职位,蒙牛,10000人以上,,大连,呼和浩特-和林格尔县,博士,10年以上,薪资面议,,,,https://www.liepin.com/job/1979197047.shtml,20251217103528,,,,
157826,猎聘,能源/化工/环保,化学,临床医药代表-内分泌,企业职位,通化东宝药业股份有限公司,2000-5000人,,大连,鄂尔多斯-伊金霍洛,大专,1-3年,10-15k,,,,https://www.liepin.com/job/1979913061.shtml,20260525162316,,,,
157827,猎聘,能源/化工/环保,化学,品质部副部长/品质经理,企业职位,友山科技,2000-5000人,,大连,鄂尔多斯-伊金霍洛,本科,10年以上,25-35k,,,,https://www.liepin.com/job/1983097153.shtml,20260603101201,,,,
157828,猎聘,能源/化工/环保,化学,体系工程师,企业职位,江苏南大光电材料股份有限公司,1000-2000人,,大连,乌兰察布-集宁区,统招本科,3-5年,15-25k·15薪,,,,https://www.liepin.com/job/1979235239.shtml,20251218140902,,,,
157829,猎聘,能源/化工/环保,化学,临床医药代表-内分泌-呼伦贝尔,企业职位,通化东宝药业股份有限公司,2000-5000人,,大连,呼伦贝尔-扎兰屯,大专,1-3年,10-15k,,,,https://www.liepin.com/job/1977629303.shtml,20260525164026,,,,
157830,猎聘,能源/化工/环保,化学,质量经理,企业职位,江苏南大光电材料股份有限公司,1000-2000人,,大连,乌兰察布-集宁区,统招本科,5-10年,20-25k·15薪,,,,https://www.liepin.com/job/1980288843.shtml,20260211110001,,,,
157831,猎聘,能源/化工/环保,化学,化肥销售-工作地：内蒙古、河北区域,企业职位,北京丰泽晟华农业科技发展有限公司,1-49人,,大连,通辽-科尔沁区,大专,1年以上,5-10k,,,,https://www.liepin.com/job/1978563363.shtml,20260609081404,,,,
157832,猎聘,能源/化工/环保,化学,基础研究高级工程师（工艺建模）,企业职位,蒙牛,10000人以上,,大连,呼和浩特-和林格尔县,硕士,8年以上,15-35k,,,,https://www.liepin.com/job/1978880755.shtml,20260511232654,,,,
157833,猎聘,能源/化工/环保,化学,工艺建模高级工程师,企业职位,蒙牛,10000人以上,,大连,呼和浩特-和林格尔县,硕士,8年以上,薪资面议,,,,https://www.liepin.com/job/1979197835.shtml,20251217104702,,,,
157834,猎聘,能源/化工/环保,化学,销售代表,企业职位,深圳华大基因股份有限公司-,2000-5000人,,大连,呼和浩特-回民区,本科,1-3年,8-12k,,,,https://www.liepin.com/job/1973762889.shtml,20250411103422,,,,
157835,猎聘,能源/化工/环保,化学,油品检测工程师,企业职位,包头市鑫泰电力安装有限责任公司,50-99人,,大连,包头-石拐区,大专,1-3年,5-7k,,,,https://www.liepin.com/job/1981187969.shtml,20260324123528,,,,
157836,猎聘,能源/化工/环保,化学,研发星PLUS（微生态）,企业职位,蒙牛,10000人以上,,大连,呼和浩特-和林格尔县,博士,1-3年,20-25k,,,,https://www.liepin.com/job/1980152993.shtml,20260511232654,,,,
157837,猎聘,能源/化工/环保,化学,基础研究高级工程师（乳功能成分分析研究）,企业职位,蒙牛,10000人以上,,大连,呼和浩特-和林格尔县,博士,10年以上,20-35k,,,,https://www.liepin.com/job/1978880579.shtml,20260511232654,,,,
157838,猎聘,能源/化工/环保,化学,生产经理,企业职位,河北恒科新能源材料有限公司,100-499人,,大连,乌兰察布-商都县,统招本科,5-10年,10-20k,,,,https://www.liepin.com/job/1980649203.shtml,20260304173350,,,,
157839,猎聘,能源/化工/环保,化学,知识产权部专利助理经理,企业职位,某国内食品/饮料/酒水上市公司,5000-10000人,,大连,呼和浩特,硕士,3-5年,12-15k,,,,https://www.liepin.com/a/75604153.shtml,20260531124451,,,,
157840,猎聘,能源/化工/环保,化学,化肥销售-工作地：内蒙古、河北区域,企业职位,北京丰泽晟华农业科技发展有限公司,1-49人,,大连,乌兰察布-察右前旗,大专,1年以上,5-10k,,,,https://www.liepin.com/job/1978335081.shtml,20260609081404,,,,
157841,猎聘,能源/化工/环保,化学,负极工艺工程师,企业职位,国轩高科,10000人以上,,大连,乌海-海南区,本科,1-3年,8-13k,,,,https://www.liepin.com/job/1982636205.shtml,20260518195622,,,,
157842,猎聘,能源/化工/环保,化学,省区经理（国内IVD）,企业职位,深圳普门科技股份有限公司,1000-2000人,,大连,呼和浩特-赛罕区,统招本科,5年以上,13-20k,,,,https://www.liepin.com/job/1977997935.shtml,20251208103713,,,,
157843,猎聘,能源/化工/环保,化学,工艺部经理/副总监,企业职位,斯诺新材料,1-49人,,大连,呼和浩特-土左旗,本科,5-10年,20-35k,,,,https://www.liepin.com/job/1959430813.shtml,20240819110237,,,,
157844,猎聘,能源/化工/环保,化学,商务采购运营专员(J21729),企业职位,金风绿色能源化工科技(江苏)有限公司,,,大连,兴安盟-乌兰浩特,本科,1-3年,7-10k,,,,https://www.liepin.com/job/1975217723.shtml,20250620151905,,,,
157845,猎聘,能源/化工/环保,化学,医药招商经理,企业职位,京卫制药,1000-2000人,,大连,呼和浩特-赛罕区,大专,3-5年,薪资面议,,,,https://www.liepin.com/job/1979491491.shtml,20260101191514,,,,
157846,猎聘,能源/化工/环保,化学,工艺工程师/副经理,企业职位,斯诺新材料,1-49人,,大连,呼和浩特-土左旗,本科,3-5年,10-20k,,,,https://www.liepin.com/job/1959429965.shtml,20240819110237,,,,
157847,猎聘,能源/化工/环保,化学,采购综合计划主管/经理(J22286),企业职位,金风绿色能源化工科技(江苏)有限公司,,,大连,兴安盟-乌兰浩特,本科,3年以上,9-15k,,,,https://www.liepin.com/job/1978744245.shtml,20251126163757,,,,
157848,猎聘,能源/化工/环保,化学,客服经理（内蒙）,企业职位,北京普析通用仪器有限责任公司,5000-10000人,,大连,呼和浩特-赛罕区,本科,1-3年,8-10k,,,,https://www.liepin.com/job/1971339689.shtml,20260317170911,,,,
157849,猎聘,能源/化工/环保,化学,质量技术员,企业职位,远景科技集团,5000-10000人,,大连,鄂尔多斯-伊金霍洛,大专,1-3年,6-12k·13薪,,,,https://www.liepin.com/job/1948519931.shtml,20260507101007,,,,
157850,猎聘,能源/化工/环保,化学,农业技术员,企业职位,北京华夏建龙矿业科技有限公司,2000-5000人,,大连,锡盟-阿巴嘎旗,硕士,经验不限,8-10k,,,,https://www.liepin.com/job/1982471727.shtml,20260512165456,,,,
157851,猎聘,能源/化工/环保,化学,材料研发经理,企业职位,内蒙古京航特碳科技有限公司,100-499人,,大连,赤峰-宁城县,统招本科,5-10年,15-25k,,,,https://www.liepin.com/job/1964275973.shtml,20250912145556,,,,
157852,猎聘,能源/化工/环保,化学,质量工程师（叶片）（QE）,企业职位,上海库跃科技有限公司,100-499人,,大连,乌兰察布-商都县,本科,3年以上,10-15k·13薪,,,,https://www.liepin.com/job/1974979007.shtml,20250617100006,,,,
157853,猎聘,能源/化工/环保,化学,磷酸铁锂正极材料工艺量产专业工程师,企业职位,友山科技,2000-5000人,,大连,鄂尔多斯-伊金霍洛,统招本科,3-5年,12-20k,,,,https://www.liepin.com/job/1979899633.shtml,20260121104344,,,,
157854,猎聘,能源/化工/环保,化学,客户质量工程师,企业职位,友山科技,2000-5000人,,大连,鄂尔多斯-伊金霍洛,本科,3-5年,11-17k,,,,https://www.liepin.com/job/1979899177.shtml,20260121103655,,,,
157855,猎聘,能源/化工/环保,化学,地下清洁能源资源助理研究员,企业职位,北京大学鄂尔多斯能源研究院,100-499人,,大连,鄂尔多斯-康巴什区,博士,经验不限,10-30k,,,,https://www.liepin.com/job/1981767449.shtml,20260415090710,,,,
157856,猎聘,能源/化工/环保,化学,化验员,企业职位,郑州中远氨纶,500-999人,,大连,包头-九原区,大专,经验不限,5-8k,,,,https://www.liepin.com/job/1972049827.shtml,20260320165231,,,,
157857,猎聘,能源/化工/环保,化学,饲料品控工程师,企业职位,量蕴牧业,100-499人,,大连,鄂尔多斯-准格尔旗,大专,3-5年,7-12k,,,,https://www.liepin.com/job/1973453825.shtml,20250327163814,,,,
157858,猎聘,能源/化工/环保,化学,原料质量管理专员(J22389),企业职位,金风绿色能源化工科技(江苏)有限公司,,,大连,兴安盟-乌兰浩特,本科,3年以上,6-8k,,,,https://www.liepin.com/job/1979571575.shtml,20260106143000,,,,
157859,猎聘,能源/化工/环保,化学,货代业务员,企业职位,内蒙古新昊再生资源有限公司,50-99人,,大连,鄂尔多斯-达拉特旗,本科,经验不限,4-8k,,,,https://www.liepin.com/job/1982482863.shtml,20260513091755,,,,
157860,猎聘,能源/化工/环保,化学,负极材料营销岗(J11264),企业职位,旭阳集团,10000人以上,,大连,乌兰察布-商都县,本科,经验不限,6-12k,,,,https://www.liepin.com/job/1952297317.shtml,20220831170745,,,,
157861,猎聘,能源/化工/环保,化学,（高级）医药代表 /（资深）产品专员,企业职位,诺华集团（中国）,500-999人,,大连,呼和浩特-新城区,大专,1-3年,8-12k,,,,https://www.liepin.com/job/1951085157.shtml,20260201084402,,,,
157862,猎聘,能源/化工/环保,化学,蒽油生产班长,企业职位,内蒙古亿正化工有限公司,100-499人,,大连,乌海-海勃湾区,大专,3年以上,9-11k·13薪,,,,https://www.liepin.com/job/1975441335.shtml,20250630115441,,,,
157863,猎聘,能源/化工/环保,化学,（高级）医药代表 /（资深）产品专员,企业职位,诺华集团（中国）,500-999人,,大连,赤峰-松山区,大专,1-3年,8-12k,,,,https://www.liepin.com/job/1950148701.shtml,20260201084330,,,,
157864,猎聘,能源/化工/环保,化学,品质经理,企业职位,江苏南大光电材料股份有限公司,1000-2000人,,大连,乌兰察布,本科,5年以上,15-30k·15薪,,,,https://www.liepin.com/job/1979039763.shtml,20260112165003,,,,
157865,猎聘,能源/化工/环保,化学,原料储运副主任(J21544),企业职位,金风绿色能源化工科技(江苏)有限公司,,,大连,兴安盟-乌兰浩特,本科,5-10年,10-20k,,,,https://www.liepin.com/job/1973523089.shtml,20250621141120,,,,
157866,猎聘,能源/化工/环保,化学,商务采购运营专员(J21729),企业职位,金风绿色能源化工科技(江苏)有限公司,,,大连,兴安盟-乌兰浩特,本科,1-3年,6-10k,,,,https://www.liepin.com/job/1975072685.shtml,20250612110110,,,,
157867,猎聘,能源/化工/环保,化学,销售经理,企业职位,天津市兰博实验仪器设备有限公司,50-99人,,大连,呼和浩特,大专,经验不限,6-11k,,,,https://www.liepin.com/job/1981950287.shtml,20260427164254,,,,
157868,猎聘,能源/化工/环保,化学,高中各科教师,企业职位,呼和浩特市京北中学,100-499人,,大连,呼和浩特-赛罕区,本科,3-5年,7-10k,,,,https://www.liepin.com/job/1979278839.shtml,20260422094003,,,,
157869,猎聘,能源/化工/环保,化学,（高级）医药代表 /（资深）产品专员,企业职位,诺华集团（中国）,500-999人,,大连,包头-九原区,大专,1-3年,8-12k,,,,https://www.liepin.com/job/1954891855.shtml,20260201084341,,,,
4204,猎聘,能源/化工/环保,矿产开采,审计主管（矿产开采项目方向）,企业职位,某北京专业技术服务上市公司,1000-2000人,,北京,北京,统招本科,5-10年,20-40k·13薪,,,,https://www.liepin.com/a/74683183.shtml,20260608095227,,,,
4205,猎聘,能源/化工/环保,矿产开采,矿业集团总裁,企业职位,三通控股有限公司,100-499人,,北京,北京-海淀区,本科,10年以上,100-150k,,,,https://www.liepin.com/job/1982875409.shtml,20260601155032,,,,
4206,猎聘,能源/化工/环保,矿产开采,生产副总,企业职位,某西安人力资源服务公司,100-499人,,北京,北京,学历不限,经验不限,30-60k,,,,https://www.liepin.com/a/75180707.shtml,20260527110514,,,,
4207,猎聘,能源/化工/环保,矿产开采,矿产投资专家,企业职位,内蒙古文华,1-49人,,北京,北京-通州区,统招本科,10年以上,40-50k,,,,https://www.liepin.com/job/1974942601.shtml,20260606101422,,,,
4208,猎聘,能源/化工/环保,矿产开采,行政经理/主管/办公室主任,企业职位,广州凄义贸易有限公司,,,北京,广州-增城区,本科,经验不限,7-8k,,,,https://www.liepin.com/job/1966230089.shtml,20240413174246,,,,
4209,猎聘,能源/化工/环保,矿产开采,矿业投资专业经理,企业职位,某知名公司,50-99人,,北京,北京-朝阳区,统招本科,8年以上,20-35k,,,,https://www.liepin.com/a/75846931.shtml,20260527093818,,,,
4210,猎聘,能源/化工/环保,矿产开采,矿产技术评估专家,企业职位,内蒙古文华,1-49人,,北京,北京-密云区,大专,5-10年,45-55k,,,,https://www.liepin.com/job/1973927883.shtml,20260531181358,,,,
4211,猎聘,能源/化工/环保,矿产开采,会计8K双休,企业职位,广州淮琛贸易有限公司,,,北京,洛阳-洛龙区,大专,1-3年,8-9k,,,,https://www.liepin.com/job/1965914515.shtml,20240401095754,,,,
4212,猎聘,能源/化工/环保,矿产开采,生产副总,企业职位,某西安人力资源服务公司,100-499人,,北京,北京,统招本科,经验不限,30-60k,,,,https://www.liepin.com/a/73343149.shtml,20260527110515,,,,
4213,猎聘,能源/化工/环保,矿产开采,矿产储量评估师、矿业权评估师,企业职位,中联资产评估集团有限公司,100-499人,,北京,北京-西城区,学历不限,3-5年,15-30k·13薪,,,,https://www.liepin.com/job/1929474573.shtml,20220803180831,,,,
4214,猎聘,能源/化工/环保,矿产开采,光伏装机工程师(J10743),企业职位,北京北方华创微电子装备有限公司,5000-10000人,,北京,北京-大兴区,大专,1-3年,8-15k·14薪,,,,https://www.liepin.com/job/1959041735.shtml,20230602141827,,,,
4215,猎聘,能源/化工/环保,矿产开采,资金项目申报管理,企业职位,北京煌冠咨询有限公司,50-99人,,北京,北京,本科,10年以上,8-12k,,,,https://www.liepin.com/job/1977848035.shtml,20251017230816,,,,
4216,猎聘,能源/化工/环保,矿产开采,资料管理员,企业职位,厦门台聚贸易有限公司,,,北京,厦门,学历不限,经验不限,6-7k,,,,https://www.liepin.com/job/1966184487.shtml,20240411162400,,,,
4217,猎聘,能源/化工/环保,矿产开采,人力资源专员/助理,企业职位,嘉兴新模文化传媒有限公司,1-49人,,北京,徐州-云龙区,大专,1-3年,6-7k,,,,https://www.liepin.com/job/1965529271.shtml,20240316160404,,,,
4218,猎聘,能源/化工/环保,矿产开采,行政文员,企业职位,舟山飞旭科技有限公司,,,北京,芜湖,大专,经验不限,5-8k,,,,https://www.liepin.com/job/1966064375.shtml,20240408133340,,,,
4219,猎聘,能源/化工/环保,矿产开采,行政助理/主管,企业职位,威海恒旺光伏发电服务有限公司,1-49人,,北京,威海-环翠区,大专,1-3年,5-6k,,,,https://www.liepin.com/job/1965525733.shtml,20240316111339,,,,
4220,猎聘,能源/化工/环保,矿产开采,董助办专项助理,企业职位,上海茫讯商务咨询中心,,,北京,北京-东城区,本科,经验不限,40-70k·16薪,,,,https://www.liepin.com/job/1957656147.shtml,20231101005113,,,,
4221,猎聘,能源/化工/环保,矿产开采,核算会计主管,企业职位,长沙千观科技有限公司,,,北京,长沙-岳麓区,大专,1-3年,8-9k,,,,https://www.liepin.com/job/1966138051.shtml,20240410123911,,,,
4222,猎聘,能源/化工/环保,矿产开采,土建工程师,企业职位,中科星晨,50-99人,,北京,厦门-湖里区,本科,3-5年,6-7k,,,,https://www.liepin.com/job/1966241443.shtml,20240415104207,,,,
4223,猎聘,能源/化工/环保,矿产开采,急聘前台接待员,企业职位,威海恒旺光伏发电服务有限公司,1-49人,,北京,济南-市中区,大专,经验不限,4-6k,,,,https://www.liepin.com/job/1965433079.shtml,20240313135701,,,,
4224,猎聘,能源/化工/环保,矿产开采,客服经理/主管,企业职位,广州芩款科技有限公司,,,北京,广州-增城区,本科,经验不限,7-8k,,,,https://www.liepin.com/job/1966230155.shtml,20240413174721,,,,
4225,猎聘,能源/化工/环保,矿产开采,大同沃飞科技,企业职位,墨擦(上海)实业有限公司,100-499人,,北京,大同-平城区,本科,3-5年,20-30k,,,,https://www.liepin.com/job/1965964421.shtml,20240402152550,,,,
4226,猎聘,能源/化工/环保,矿产开采,出纳,企业职位,广州亚荣商贸有限公司,,,北京,宁波-镇海区,本科,1-3年,7-10k,,,,https://www.liepin.com/job/1965719267.shtml,20240323112433,,,,
4227,猎聘,能源/化工/环保,矿产开采,采购助理,企业职位,上海诚楷宏贸易有限公司,100-499人,,北京,上海-闵行区,大专,1-3年,8-10k,,,,https://www.liepin.com/job/1965960025.shtml,20240402141458,,,,
4228,猎聘,能源/化工/环保,矿产开采,档案资料管理员,企业职位,北京南冥科技有限公司,1-49人,,北京,北京,学历不限,经验不限,6-8k,,,,https://www.liepin.com/job/1966225233.shtml,20240413105338,,,,
4229,猎聘,能源/化工/环保,矿产开采,财务主管,企业职位,上海玮含沛科技有限公司,,,北京,苏州-吴中区,大专,1-3年,10-15k,,,,https://www.liepin.com/job/1966011579.shtml,20240405145140,,,,
4230,猎聘,能源/化工/环保,矿产开采,发财务,企业职位,重庆修修客电子产品有限公司,100-499人,,北京,重庆-南岸区,本科,经验不限,6-8k,,,,https://www.liepin.com/job/1966116833.shtml,20240409170031,,,,
4231,猎聘,能源/化工/环保,矿产开采,档案管理,企业职位,广州市芝威贸易商行,,,北京,苏州-工业园区,大专,经验不限,7-10k,,,,https://www.liepin.com/job/1965810041.shtml,20240327110516,,,,
4232,猎聘,能源/化工/环保,矿产开采,会计经理/主管,企业职位,温州市讯和电脑科技有限公司,1-49人,,北京,杭州-滨江区,大专,1-3年,7-8k,,,,https://www.liepin.com/job/1965505321.shtml,20240315132608,,,,
4233,猎聘,能源/化工/环保,矿产开采,行政助理,猎头职位,成都聚袁欣鑫商贸有限公司,,,北京,广州,本科,经验不限,8-9k,,,,https://www.liepin.com/job/1965652265.shtml,20240321093036,,,,
4234,猎聘,能源/化工/环保,矿产开采,销售管理,猎头职位,上海晟琦健身管理有限公司北京分公司,100-499人,,北京,重庆,大专,经验不限,10-15k,,,,https://www.liepin.com/job/1965694013.shtml,20240322110635,,,,
4235,猎聘,能源/化工/环保,矿产开采,网络工程师,猎头职位,南通辉海科技有限公司,,,北京,南通-如皋,本科,1-3年,7-8k,,,,https://www.liepin.com/job/1966280075.shtml,20240416113225,,,,
4236,猎聘,能源/化工/环保,矿产开采,投资顾问,猎头职位,上海茫讯商务咨询中心,,,北京,北京-东城区,本科,,15-30k·16薪,,,,https://www.liepin.com/job/1956241509.shtml,20230219225947,,,,
4237,猎聘,能源/化工/环保,矿产开采,行政,猎头职位,合肥钮派网络科技有限公司,,,北京,合肥-瑶海区,本科,1年以下,7-11k,,,,https://www.liepin.com/job/1966227321.shtml,20240413140137,,,,
4238,猎聘,能源/化工/环保,矿产开采,行政专员助理,猎头职位,三明道一贸易有限公司,,,北京,厦门-海沧区,学历不限,经验不限,7-9k,,,,https://www.liepin.com/job/1966273587.shtml,20240416100728,,,,
4239,猎聘,能源/化工/环保,矿产开采,财务文员,猎头职位,哈尔滨市杰辰商贸有限公司,100-499人,,北京,哈尔滨,本科,1-3年,5-10k,,,,https://www.liepin.com/job/1966358991.shtml,20240418142816,,,,
4240,猎聘,能源/化工/环保,矿产开采,税务专员/助理,猎头职位,嘉兴新模文化传媒有限公司,1-49人,,北京,温州-鹿城区,大专,1-3年,5-6k,,,,https://www.liepin.com/job/1965519371.shtml,20240315174524,,,,
4241,猎聘,能源/化工/环保,矿产开采,装修设计师,猎头职位,嘉兴新模文化传媒有限公司,1-49人,,北京,舟山-定海区,大专,1-3年,5-6k,,,,https://www.liepin.com/job/1965477395.shtml,20240314152804,,,,
4242,猎聘,能源/化工/环保,矿产开采,人事经理,猎头职位,海南思沃家电商科技有限公司,100-499人,,北京,儋州,学历不限,经验不限,8-9k,,,,https://www.liepin.com/job/1966338311.shtml,20240417182359,,,,
4243,猎聘,能源/化工/环保,矿产开采,财务会计师,猎头职位,合肥题研酒店管理有限公司,,,北京,合肥-蜀山区,大专,1-3年,7-9k,,,,https://www.liepin.com/job/1966057637.shtml,20240408105110,,,,
4244,猎聘,能源/化工/环保,矿产开采,办公室文员,猎头职位,南京方延载企业管理有限公司,,,北京,南京-栖霞区,大专,1-3年,6-8k,,,,https://www.liepin.com/job/1965966031.shtml,20240402155054,,,,
4245,猎聘,能源/化工/环保,矿产开采,办公室内勤,猎头职位,南京尚儒商贸有限公司,50-99人,,北京,南京-六合区,学历不限,经验不限,6-7k,,,,https://www.liepin.com/job/1966213537.shtml,20240412154500,,,,
4246,猎聘,能源/化工/环保,矿产开采,总经理秘书,猎头职位,深圳市和鑫晟食品科技有限公司,,,北京,深圳-南山区,本科,3-5年,15-20k·13薪,,,,https://www.liepin.com/job/1965306081.shtml,20240411231913,,,,
4247,猎聘,能源/化工/环保,矿产开采,人力资源专员助理,猎头职位,嘉兴新模文化传媒有限公司,1-49人,,北京,韶关-浈江区,大专,1-3年,5-6k,,,,https://www.liepin.com/job/1965581171.shtml,20240319105151,,,,
4248,猎聘,能源/化工/环保,矿产开采,期货交易员,企业职位,锦江集团,10000人以上,,上海,上海-青浦区,统招本科,3-5年,15-30k,,,,https://www.liepin.com/job/1982824253.shtml,20260525130850,,,,
4249,猎聘,能源/化工/环保,矿产开采,财务,企业职位,昆明维墨贸易有限公司,,,上海,昆明-五华区,大专,1年以下,5-10k,,,,https://www.liepin.com/job/1966307217.shtml,20240417092048,,,,
4250,猎聘,能源/化工/环保,矿产开采,矿机租赁区长,企业职位,某上海矿产开采公司,100-499人,,上海,上海,统招本科,经验不限,50-60k,,,,https://www.liepin.com/a/73469249.shtml,20260609140839,,,,
4251,猎聘,能源/化工/环保,矿产开采,数字化项目经理（智慧矿山方向）,企业职位,CMOC洛阳钼业,10000人以上,,上海,上海-虹口区,本科,5-10年,25-35k·15薪,,,,https://www.liepin.com/job/1969597251.shtml,20251119133409,,,,
4252,猎聘,能源/化工/环保,矿产开采,电话客服,企业职位,重庆依可鑫美业美容有限公司,50-99人,,上海,重庆-南岸区,学历不限,经验不限,5-9k,,,,https://www.liepin.com/job/1966228021.shtml,20240413145319,,,,
4253,猎聘,能源/化工/环保,矿产开采,印尼矿机租赁区长,企业职位,某上海矿产开采公司,100-499人,,上海,上海,统招本科,5-10年,50-60k,,,,https://www.liepin.com/a/73469417.shtml,20260609140839,,,,
4254,猎聘,能源/化工/环保,矿产开采,地质勘查,企业职位,某大型金属冶炼公司,5000-10000人,,上海,上海,学历不限,10年以上,50-60k,,,,https://www.liepin.com/a/74339585.shtml,20260407163437,,,,
4255,猎聘,能源/化工/环保,矿产开采,会计,企业职位,广州衡友贸易有限公司,,,上海,广州-天河区,大专,1-3年,6-8k,,,,https://www.liepin.com/job/1966103429.shtml,20240409135834,,,,
4256,猎聘,能源/化工/环保,矿产开采,文员,企业职位,霸州市百胜建设工程有限公司,100-499人,,上海,保定-竞秀区,大专,经验不限,3-4k,,,,https://www.liepin.com/job/1965980989.shtml,20240403095911,,,,
4257,猎聘,能源/化工/环保,矿产开采,审计专员/助理,企业职位,三明道一贸易有限公司,,,上海,莆田-涵江区,本科,经验不限,8-9k,,,,https://www.liepin.com/job/1966288881.shtml,20240416145614,,,,
4258,猎聘,能源/化工/环保,矿产开采,卡勒蜜,企业职位,稷山县为真商贸有限公司,,,上海,北京-朝阳区,本科,经验不限,20-30k,,,,https://www.liepin.com/job/1965732521.shtml,20240325100954,,,,
4259,猎聘,能源/化工/环保,矿产开采,行政,企业职位,山西周照晨科技有限公司,,,上海,太原-万柏林区,本科,经验不限,7-9k,,,,https://www.liepin.com/job/1966103425.shtml,20240409135833,,,,
4260,猎聘,能源/化工/环保,矿产开采,后勤人员,企业职位,成都益凯启科技有限公司,,,上海,成都-锦江区,大专,经验不限,5-8k,,,,https://www.liepin.com/job/1966009719.shtml,20240405094426,,,,
4261,猎聘,能源/化工/环保,矿产开采,总经理助理,企业职位,海南思沃家电商科技有限公司,100-499人,,上海,三亚-天涯区,学历不限,经验不限,7-8k,,,,https://www.liepin.com/job/1966288341.shtml,20240416144804,,,,
4262,猎聘,能源/化工/环保,矿产开采,运营助理,猎头职位,上海茫讯商务咨询中心,,,上海,北京-东城区,大专,,300-500元/天,,,,https://www.liepin.com/job/1956361251.shtml,20230223113308,,,,
4263,猎聘,能源/化工/环保,矿产开采,行政前台接待,猎头职位,厦门台聚贸易有限公司,,,上海,厦门,学历不限,经验不限,6-7k,,,,https://www.liepin.com/job/1966225151.shtml,20240413104759,,,,
4264,猎聘,能源/化工/环保,矿产开采,办公室助理,猎头职位,嘉兴新模文化传媒有限公司,1-49人,,上海,长沙-岳麓区,大专,1-3年,6-7k,,,,https://www.liepin.com/job/1965548985.shtml,20240318125553,,,,
4265,猎聘,能源/化工/环保,矿产开采,财务经理/主管,猎头职位,温州市讯和电脑科技有限公司,1-49人,,上海,温州-洞头区,大专,1-3年,6-8k,,,,https://www.liepin.com/job/1965446075.shtml,20240313164851,,,,
4266,猎聘,能源/化工/环保,矿产开采,操作工人,猎头职位,台州市豪横车业有限公司,1-49人,,上海,台州-路桥区,学历不限,1-3年,6-7k,,,,https://www.liepin.com/job/1966226887.shtml,20240413132043,,,,
4267,猎聘,能源/化工/环保,矿产开采,文案设计,猎头职位,海南省志熙宇广告有限公司,,,上海,佛山-顺德区,中专/中技,经验不限,6-8k,,,,https://www.liepin.com/job/1965790079.shtml,20240326162908,,,,
4268,猎聘,能源/化工/环保,矿产开采,会计9K双休五险,猎头职位,重庆斯楠酒店管理有限责任公司,,,上海,徐州-云龙区,学历不限,1-3年,10-11k,,,,https://www.liepin.com/job/1965727541.shtml,20240324172403,,,,
4269,猎聘,能源/化工/环保,矿产开采,客户经理,猎头职位,武汉市聚盈汇证券投资咨询有限公司,50-99人,,上海,广州,大专,经验不限,10-15k,,,,https://www.liepin.com/job/1966232597.shtml,20240414112149,,,,
4270,猎聘,能源/化工/环保,矿产开采,财务会计/主管,猎头职位,嘉兴新模文化传媒有限公司,1-49人,,上海,南京-建邺区,学历不限,经验不限,5-6k,,,,https://www.liepin.com/job/1965529049.shtml,20240316154703,,,,
4271,猎聘,能源/化工/环保,矿产开采,上海喜得公司,猎头职位,广州市芝威贸易商行,,,上海,上海,本科,经验不限,20-30k,,,,https://www.liepin.com/job/1965809739.shtml,20240327110118,,,,
4272,猎聘,能源/化工/环保,矿产开采,电话销售专员,猎头职位,威海恒旺光伏发电服务有限公司,1-49人,,上海,威海-环翠区,大专,1-3年,6-8k,,,,https://www.liepin.com/job/1965403965.shtml,20240312161340,,,,
4273,猎聘,能源/化工/环保,矿产开采,VP助理,猎头职位,上海茫讯商务咨询中心,,,上海,北京-东城区,学历不限,经验不限,50-80k·15薪,,,,https://www.liepin.com/job/1965528323.shtml,20240316165448,,,,
4274,猎聘,能源/化工/环保,矿产开采,考试考的ksk,猎头职位,佛山市海楚柏餐饮管理有限公司,,,上海,佛山,本科,经验不限,8-12k,,,,https://www.liepin.com/job/1966177719.shtml,20240411144234,,,,
4275,猎聘,能源/化工/环保,矿产开采,行政职员,猎头职位,西安星田晨商贸有限公司,,,上海,西安-雁塔区,大专,经验不限,5-8k,,,,https://www.liepin.com/job/1966089911.shtml,20240409094835,,,,
4276,猎聘,能源/化工/环保,矿产开采,Java工程师,猎头职位,招商局蛇口工业区控股股份有限公司,10000人以上,,上海,上海-徐汇区,学历不限,经验不限,8-9k,,,,https://www.liepin.com/job/1966278911.shtml,20240416111558,,,,
4277,猎聘,能源/化工/环保,矿产开采,会计双休,猎头职位,广州茜龙商贸有限公司,50-99人,,上海,宁波-鄞州区,大专,1-3年,8-11k,,,,https://www.liepin.com/job/1965719601.shtml,20240323114845,,,,
4278,猎聘,能源/化工/环保,矿产开采,行政专员,企业职位,合肥市正兹生物科技有限公司,100-499人,,广州,温州-鹿城区,本科,经验不限,7-10k,,,,https://www.liepin.com/job/1966232727.shtml,20240414114225,,,,
4279,猎聘,能源/化工/环保,矿产开采,足浴服务员,企业职位,合肥钮派网络科技有限公司,,,广州,西安,大专,3-5年,5-8k,,,,https://www.liepin.com/job/1966227257.shtml,20240413135747,,,,
4280,猎聘,能源/化工/环保,矿产开采,矿产投资高级经理/经理,企业职位,某知名公司,100-499人,,广州,天津,学历不限,5-10年,20-35k·16薪,,,,https://www.liepin.com/a/75857669.shtml,20260520111001,,,,
4281,猎聘,能源/化工/环保,矿产开采,总账会计,企业职位,天津春旺金都商贸有限公司,1-49人,,广州,天津-和平区,本科,3年以上,6-7k,,,,https://www.liepin.com/job/1975002259.shtml,20260327135820,,,,
4282,猎聘,能源/化工/环保,矿产开采,仓库管理员,企业职位,温州市讯和电脑科技有限公司,1-49人,,广州,重庆-南岸区,大专,1-3年,6-7k,,,,https://www.liepin.com/job/1965505419.shtml,20240315132909,,,,
4283,猎聘,能源/化工/环保,矿产开采,后勤管理,企业职位,广州元魏坡科技有限公司,,,广州,广州-黄埔区,大专,经验不限,9-12k,,,,https://www.liepin.com/job/1965952837.shtml,20240402111142,,,,
4284,猎聘,能源/化工/环保,矿产开采,爱卫夫健康管理(广州)有限公司,企业职位,爱卫夫健康管理(广州)有限公司,1-49人,,广州,广州-白云区,本科,经验不限,5-9k,,,,https://www.liepin.com/job/1965909935.shtml,20240331160654,,,,
4285,猎聘,能源/化工/环保,矿产开采,办公室行政专员/助理,企业职位,温州市讯和电脑科技有限公司,1-49人,,广州,青岛-市南区,大专,1-3年,6-7k,,,,https://www.liepin.com/job/1965528037.shtml,20240316143300,,,,
4286,猎聘,能源/化工/环保,矿产开采,行政助力,企业职位,广州茜龙商贸有限公司,50-99人,,广州,广州,本科,经验不限,5-8k,,,,https://www.liepin.com/job/1965652273.shtml,20240321093046,,,,
4287,猎聘,能源/化工/环保,矿产开采,跟单文员,企业职位,深圳市和鑫晟食品科技有限公司,,,广州,深圳-南山区,大专,经验不限,8-10k,,,,https://www.liepin.com/job/1966304997.shtml,20240417063912,,,,
4288,猎聘,能源/化工/环保,矿产开采,酒店前台,企业职位,长沙禾隆壹号酒店管理有限公司,1-49人,,广州,长沙,学历不限,经验不限,5-6k,,,,https://www.liepin.com/job/1956574837.shtml,20230322143956,,,,
4289,猎聘,能源/化工/环保,矿产开采,测试工程师,企业职位,广州芩款科技有限公司,,,广州,广州-增城区,大专,1-3年,6-7k,,,,https://www.liepin.com/job/1966229119.shtml,20240413161837,,,,
4290,猎聘,能源/化工/环保,矿产开采,秘书,企业职位,广州翠行贸易有限公司,1-49人,,广州,深圳-福田区,大专,1-3年,7-10k,,,,https://www.liepin.com/job/1966107641.shtml,20240409145706,,,,
4291,猎聘,能源/化工/环保,矿产开采,总账会计9K双休,企业职位,广州常增贸易有限公司,,,广州,郑州-中原区,大专,1-3年,8-9k,,,,https://www.liepin.com/job/1965726261.shtml,20240324134605,,,,
4292,猎聘,能源/化工/环保,矿产开采,档案管理员,企业职位,海南省志熙宇广告有限公司,,,广州,苏州-姑苏区,大专,经验不限,6-10k,,,,https://www.liepin.com/job/1965791771.shtml,20240326165448,,,,
4293,猎聘,能源/化工/环保,矿产开采,人事主管,企业职位,嘉兴新模文化传媒有限公司,1-49人,,广州,无锡-滨湖区,大专,1-3年,6-7k,,,,https://www.liepin.com/job/1965533339.shtml,20240317122850,,,,
4294,猎聘,能源/化工/环保,矿产开采,采购主管,企业职位,广州荆妞商贸有限公司,,,广州,苏州-姑苏区,本科,3-5年,10-15k,,,,https://www.liepin.com/job/1965811845.shtml,20240327113005,,,,
4295,猎聘,能源/化工/环保,矿产开采,搬运工,猎头职位,南京尚儒商贸有限公司,50-99人,,广州,南京-六合区,大专,1年以下,4-5k,,,,https://www.liepin.com/job/1966200819.shtml,20240412105910,,,,
4296,猎聘,能源/化工/环保,矿产开采,行政8k双休,猎头职位,合肥切购商贸有限公司,,,广州,合肥-包河区,大专,经验不限,8-11k,,,,https://www.liepin.com/job/1966021783.shtml,20240407100413,,,,
4297,猎聘,能源/化工/环保,矿产开采,电商仓库管理员,猎头职位,海南思沃家电商科技有限公司,100-499人,,广州,三亚-崖州区,大专,经验不限,6-7k,,,,https://www.liepin.com/job/1966283789.shtml,20240416133835,,,,
4298,猎聘,能源/化工/环保,矿产开采,会计主管双休,猎头职位,广州淮琛贸易有限公司,,,广州,东莞-南城区,大专,1-3年,9-12k,,,,https://www.liepin.com/job/1965912601.shtml,20240401091427,,,,
4299,猎聘,能源/化工/环保,矿产开采,财务出纳,猎头职位,上海玮含沛科技有限公司,,,广州,苏州-吴中区,大专,1-3年,7-10k,,,,https://www.liepin.com/job/1966011641.shtml,20240405150417,,,,
4300,猎聘,能源/化工/环保,矿产开采,董事长秘书,猎头职位,上海茫讯商务咨询中心,,,广州,北京-东城区,本科,1-3年,40-60k·16薪,,,,https://www.liepin.com/job/1954860639.shtml,20240317111338,,,,
4301,猎聘,能源/化工/环保,矿产开采,财务专员,猎头职位,广州芩款科技有限公司,,,广州,广州-增城区,学历不限,经验不限,6-7k,,,,https://www.liepin.com/job/1966229773.shtml,20240413171140,,,,
4302,猎聘,能源/化工/环保,矿产开采,招客服,猎头职位,成都豪梦驰曼贸易有限公司,,,广州,成都-金牛区,本科,经验不限,8-12k,,,,https://www.liepin.com/job/1966142163.shtml,20240410142526,,,,
4303,猎聘,能源/化工/环保,矿产开采,财务审计,猎头职位,上海玮含沛科技有限公司,,,广州,上海-杨浦区,大专,1-3年,7-10k,,,,https://www.liepin.com/job/1966011153.shtml,20240405133437,,,,
4304,猎聘,能源/化工/环保,矿产开采,客服专员/助理,猎头职位,温州市讯和电脑科技有限公司,1-49人,,广州,宁波-海曙区,大专,1-3年,6-7k,,,,https://www.liepin.com/job/1965566363.shtml,20240318172936,,,,
4305,猎聘,能源/化工/环保,矿产开采,行政专员/助理,猎头职位,湖南仁而善保健服务有限责任公司,100-499人,,广州,长沙-开福区,大专,1-3年,6-8k,,,,https://www.liepin.com/job/1966096185.shtml,20240409110619,,,,
4306,猎聘,能源/化工/环保,矿产开采,前台,企业职位,长沙禾隆壹号酒店管理有限公司,1-49人,,深圳,长沙,学历不限,经验不限,4-8k,,,,https://www.liepin.com/job/1957711961.shtml,20230411164703,,,,
4307,猎聘,能源/化工/环保,矿产开采,商务助理,企业职位,上海茫讯商务咨询中心,,,深圳,北京-大兴区,大专,经验不限,30-55k·16薪,,,,https://www.liepin.com/job/1954861613.shtml,20231101005215,,,,
4308,猎聘,能源/化工/环保,矿产开采,原料采矿助理（工作地：坦桑尼亚 大平台）,企业职位,Goodwill,,,深圳,重庆-渝中区,,,10-15k,,,,https://www.liepin.com/lptjob/77586895,20250930164841,,,,
4309,猎聘,能源/化工/环保,矿产开采,电商客服文员（居家版）,企业职位,佛山市海楚柏餐饮管理有限公司,,,深圳,佛山,学历不限,经验不限,5-8k,,,,https://www.liepin.com/job/1966234121.shtml,20240414160742,,,,
4310,猎聘,能源/化工/环保,矿产开采,仓库管理员不加班,企业职位,温州市讯和电脑科技有限公司,1-49人,,深圳,青岛-崂山区,学历不限,1-3年,6-7k,,,,https://www.liepin.com/job/1965528047.shtml,20240316143335,,,,
4311,猎聘,能源/化工/环保,矿产开采,出纳员,企业职位,威海恒旺光伏发电服务有限公司,1-49人,,深圳,威海-环翠区,大专,1-3年,6-7k,,,,https://www.liepin.com/job/1965526653.shtml,20240316134837,,,,
4312,猎聘,能源/化工/环保,矿产开采,叉车/吊车司机,企业职位,上海磊既贸易有限公司,,,深圳,上海-奉贤区,学历不限,1-3年,6-7k,,,,https://www.liepin.com/job/1966319055.shtml,20240417123632,,,,
4313,猎聘,能源/化工/环保,矿产开采,行政秘书,企业职位,成都林蜀麒商贸有限公司,1-49人,,深圳,杭州-拱墅区,大专,1-3年,7-10k,,,,https://www.liepin.com/job/1966028437.shtml,20240407115406,,,,
4314,猎聘,能源/化工/环保,矿产开采,高级产品经理,企业职位,上海茫讯商务咨询中心,,,深圳,北京-东城区,本科,1-3年,45-75k·15薪,,,,https://www.liepin.com/job/1955269527.shtml,20240211224644,,,,
4315,猎聘,能源/化工/环保,矿产开采,海外成本经理(矿产开采),企业职位,某知名公司,1-49人,,成都,广州,统招本科,3-5年,15-20k·15薪,,,,https://www.liepin.com/a/75320739.shtml,20260506193328,,,,
4316,猎聘,能源/化工/环保,矿产开采,法务经理,企业职位,山西长子盛元煤业有限公司,5000-10000人,,成都,深圳-福田区,本科,3年以上,25-35k,,,,https://www.liepin.com/job/1983110397.shtml,20260603145238,,,,
4317,猎聘,能源/化工/环保,矿产开采,财务会计经理,企业职位,中宬矿业,1-49人,,成都,深圳-南山区,本科,3-5年,10-18k·13薪,,,,https://www.liepin.com/job/1982104519.shtml,20260520120020,,,,
4318,猎聘,能源/化工/环保,矿产开采,地质勘探副总工程师（龙头企业）,企业职位,某西安人力资源服务公司,100-499人,,成都,广州,大专,8年以上,30-40k,,,,https://www.liepin.com/a/75320405.shtml,20260601135718,,,,
4319,猎聘,能源/化工/环保,矿产开采,采购专员/助理,企业职位,无锡市杰恩纳自动化设备有限公司,1-49人,,成都,无锡-新吴区,学历不限,经验不限,8-9k,,,,https://www.liepin.com/job/1966318907.shtml,20240417122435,,,,
4320,猎聘,能源/化工/环保,矿产开采,法务总监,企业职位,山西长子盛元煤业有限公司,5000-10000人,,成都,深圳-福田区,本科,8年以上,50-80k,,,,https://www.liepin.com/job/1977461209.shtml,20260417115129,,,,
4321,猎聘,能源/化工/环保,矿产开采,地质勘探副总工程师,企业职位,某西安人力资源服务公司,100-499人,,成都,广州,学历不限,经验不限,30-40k,,,,https://www.liepin.com/a/76342307.shtml,20260609100358,,,,
4322,猎聘,能源/化工/环保,矿产开采,企业运营经理/企划运营经理,企业职位,深圳亿特控股(集团)有限公司,2000-5000人,,成都,深圳-南山区,统招本科,经验不限,17-25k·13薪,,,,https://www.liepin.com/job/1974918165.shtml,20260211112919,,,,
4323,猎聘,能源/化工/环保,矿产开采,战略分析经理,企业职位,上海茫讯商务咨询中心,,,成都,北京-东城区,硕士,3-5年,35-65k·16薪,,,,https://www.liepin.com/job/1954861307.shtml,20230405204132,,,,
4324,猎聘,能源/化工/环保,矿产开采,风控经理,企业职位,山西长子盛元煤业有限公司,5000-10000人,,成都,深圳-福田区,本科,3年以上,18-30k,,,,https://www.liepin.com/job/1983230583.shtml,20260608094540,,,,
4325,猎聘,能源/化工/环保,矿产开采,法务经理,企业职位,山西长子盛元煤业有限公司,5000-10000人,,成都,深圳-福田区,本科,3年以上,18-25k,,,,https://www.liepin.com/job/1983230345.shtml,20260608094053,,,,
4326,猎聘,能源/化工/环保,矿产开采,矿业研究员（采选冶方向）,企业职位,中宬矿业,1-49人,,成都,深圳-南山区,本科,3年以上,15-25k·13薪,,,,https://www.liepin.com/job/1979824109.shtml,20260306134507,,,,
4327,猎聘,能源/化工/环保,矿产开采,工厂普工,企业职位,广州广谷电子有限公司,,,成都,滁州,本科,经验不限,5-8k,,,,https://www.liepin.com/job/1966029515.shtml,20240407124054,,,,
4328,猎聘,能源/化工/环保,矿产开采,办公室主任,企业职位,温州市讯和电脑科技有限公司,1-49人,,成都,杭州-西湖区,本科,1-3年,8-10k,,,,https://www.liepin.com/job/1966234881.shtml,20240414185204,,,,
4329,猎聘,能源/化工/环保,矿产开采,前台接待文员,企业职位,陕西中网综合能源有限公司,1-49人,,成都,西安,学历不限,经验不限,5-6k,,,,https://www.liepin.com/job/1966135279.shtml,20240410112842,,,,
4330,猎聘,能源/化工/环保,矿产开采,电话销售客服,企业职位,温州市讯和电脑科技有限公司,1-49人,,成都,重庆-渝北区,大专,1-3年,6-7k,,,,https://www.liepin.com/job/1965533805.shtml,20240317135107,,,,
4331,猎聘,能源/化工/环保,矿产开采,财务审计助理不加班,企业职位,温州市讯和电脑科技有限公司,1-49人,,成都,上海-静安区,大专,1-3年,6-7k,,,,https://www.liepin.com/job/1965446477.shtml,20240313165512,,,,
4332,猎聘,能源/化工/环保,矿产开采,会计8k双休五险,企业职位,太原市梁付网络科技有限公司,,,成都,太原-杏花岭区,大专,1-3年,8-11k,,,,https://www.liepin.com/job/1966006783.shtml,20240404105059,,,,
4333,猎聘,能源/化工/环保,矿产开采,售前售后客服,企业职位,赣州泰酷拉电子商务有限公司,100-499人,,成都,杭州-上城区,学历不限,经验不限,10-15k,,,,https://www.liepin.com/job/1965727011.shtml,20240324155502,,,,
4334,猎聘,能源/化工/环保,矿产开采,销售内勤,企业职位,安庆上达贸易有限公司,,,成都,安庆-迎江区,学历不限,经验不限,7-8k,,,,https://www.liepin.com/job/1966320367.shtml,20240417133405,,,,
4335,猎聘,能源/化工/环保,矿产开采,招聘会计助理,企业职位,嘉兴新模文化传媒有限公司,1-49人,,成都,杭州-滨江区,大专,1-3年,6-7k,,,,https://www.liepin.com/job/1965519143.shtml,20240315173957,,,,
4336,猎聘,能源/化工/环保,矿产开采,居家文员,企业职位,广州苑翰科技有限公司,,,成都,广州-黄埔区,中专/中技,经验不限,6-9k,,,,https://www.liepin.com/job/1965696035.shtml,20240322113805,,,,
4337,猎聘,能源/化工/环保,矿产开采,生活机要秘书,企业职位,上海茫讯商务咨询中心,,,成都,北京-东城区,本科,经验不限,30-45k·18薪,,,,https://www.liepin.com/job/1955127841.shtml,20221220141703,,,,
4338,猎聘,能源/化工/环保,矿产开采,行政后勤专员,企业职位,昆明洼舒北銮商贸有限公司,,,成都,昆明-西山区,学历不限,1年以下,4-9k,,,,https://www.liepin.com/job/1966354233.shtml,20240418120951,,,,
4339,猎聘,能源/化工/环保,矿产开采,内勤,猎头职位,蓝亲(上海)科技有限公司,100-499人,,成都,上海-虹口区,大专,经验不限,8-11k,,,,https://www.liepin.com/job/1965956091.shtml,20240402122121,,,,
4340,猎聘,能源/化工/环保,矿产开采,办公室客服,猎头职位,温州市讯和电脑科技有限公司,1-49人,,成都,上海-徐汇区,大专,1年以下,5-6k,,,,https://www.liepin.com/job/1965528059.shtml,20240316143424,,,,
4341,猎聘,能源/化工/环保,矿产开采,招商专员,猎头职位,深圳市和鑫晟食品科技有限公司,,,成都,深圳-南山区,本科,经验不限,20-30k,,,,https://www.liepin.com/job/1966009625.shtml,20240405093135,,,,
4342,猎聘,能源/化工/环保,矿产开采,人事行政经理,猎头职位,嘉兴新模文化传媒有限公司,1-49人,,成都,宁波-鄞州区,大专,1-3年,5-6k,,,,https://www.liepin.com/job/1965479445.shtml,20240314155548,,,,
4343,猎聘,能源/化工/环保,矿产开采,办公室文职,猎头职位,南京史蒂夫环境科技有限公司,,,成都,南京,大专,1-3年,8-9k,,,,https://www.liepin.com/job/1966225589.shtml,20240413111251,,,,
4344,猎聘,能源/化工/环保,矿产开采,居家客服,猎头职位,广州苑翰科技有限公司,,,成都,广州-黄埔区,中专/中技,经验不限,5-8k,,,,https://www.liepin.com/job/1965695253.shtml,20240322112611,,,,
4345,猎聘,能源/化工/环保,矿产开采,采购专员,猎头职位,南京方延载企业管理有限公司,,,成都,南京-栖霞区,大专,1-3年,6-8k,,,,https://www.liepin.com/job/1965966397.shtml,20240402155621,,,,
4346,猎聘,能源/化工/环保,矿产开采,采购经理/主管,猎头职位,威海恒旺光伏发电服务有限公司,1-49人,,成都,泰安-泰山区,学历不限,1-3年,4-6k,,,,https://www.liepin.com/job/1965500495.shtml,20240315110648,,,,
4347,猎聘,能源/化工/环保,矿产开采,后勤专员,猎头职位,空天引擎,50-99人,,成都,西安,学历不限,经验不限,5-6k,,,,https://www.liepin.com/job/1966214225.shtml,20240412155555,,,,
4348,猎聘,能源/化工/环保,矿产开采,岩土勘察工程师,企业职位,某南京专业技术服务公司,,,杭州,南京,本科,5-7年,20-25k,,,,https://www.liepin.com/a/73800571.shtml,20260324113047,,,,
4349,猎聘,能源/化工/环保,矿产开采,矿产资源板块总负责人,企业职位,寒锐钴业,1000-2000人,,杭州,南京-江宁区,学历不限,10年以上,150-300k,,,,https://www.liepin.com/job/1973618451.shtml,20250821152811,,,,
4350,猎聘,能源/化工/环保,矿产开采,营业员,企业职位,北京至美上品商贸有限公司,1-49人,,杭州,北京,学历不限,经验不限,5-8k,,,,https://www.liepin.com/job/1966346999.shtml,20240418101709,,,,
4351,猎聘,能源/化工/环保,矿产开采,财务主管,企业职位,通正矿业,50-99人,,杭州,常州-武进区,统招本科,1-3年,9-14k,,,,https://www.liepin.com/job/1980505813.shtml,20260228101858,,,,
4352,猎聘,能源/化工/环保,矿产开采,PHP工程师,企业职位,济济(北京)网络科技有限公司,50-99人,,杭州,深圳-宝安区,学历不限,经验不限,7-8k,,,,https://www.liepin.com/job/1966282047.shtml,20240416121457,,,,
4353,猎聘,能源/化工/环保,矿产开采,平面设计师,企业职位,通正矿业,50-99人,,杭州,常州-武进区,本科,3-5年,8-11k,,,,https://www.liepin.com/job/1980539747.shtml,20260302094617,,,,
4354,猎聘,能源/化工/环保,矿产开采,财务会计,企业职位,陕西茂替商贸有限公司,50-99人,,杭州,西安-未央区,大专,1-3年,7-10k,,,,https://www.liepin.com/job/1966063457.shtml,20240408130354,,,,
4355,猎聘,能源/化工/环保,矿产开采,总帐会计双休,企业职位,广州茜龙商贸有限公司,50-99人,,杭州,温州-鹿城区,本科,1-3年,9-12k,,,,https://www.liepin.com/job/1965720165.shtml,20240323131336,,,,
4356,猎聘,能源/化工/环保,矿产开采,招聘专员,企业职位,成都益凯启科技有限公司,,,杭州,苏州-吴中区,本科,经验不限,8-11k,,,,https://www.liepin.com/job/1966010397.shtml,20240405111857,,,,
4357,猎聘,能源/化工/环保,矿产开采,行政专员8K双休,企业职位,稷山县为真商贸有限公司,,,杭州,商丘-睢阳区,大专,1-3年,8-9k,,,,https://www.liepin.com/job/1965739999.shtml,20240325121330,,,,
4358,猎聘,能源/化工/环保,矿产开采,出纳主管,企业职位,东莞市五方园信息科技有限公司,500-999人,,杭州,东莞-莞城区,学历不限,1-3年,8-9k,,,,https://www.liepin.com/job/1966141687.shtml,20240410141427,,,,
4359,猎聘,能源/化工/环保,矿产开采,行政经理/主管,企业职位,温州市讯和电脑科技有限公司,1-49人,,杭州,上海-黄浦区,大专,1-3年,5-7k,,,,https://www.liepin.com/job/1965528073.shtml,20240316143535,,,,
4360,猎聘,能源/化工/环保,矿产开采,出纳财务,企业职位,上海翰轨沣贸易有限公司,,,杭州,上海-虹口区,大专,1-3年,8-9k,,,,https://www.liepin.com/job/1966014411.shtml,20240406105957,,,,
4361,猎聘,能源/化工/环保,矿产开采,人事行政专员,企业职位,厦门安达智芯科技有限公司,,,杭州,厦门-翔安区,学历不限,经验不限,6-7k,,,,https://www.liepin.com/job/1966229623.shtml,20240413165923,,,,
4362,猎聘,能源/化工/环保,矿产开采,KTV大家,猎头职位,广州淮琛贸易有限公司,,,杭州,杭州-拱墅区,本科,经验不限,10-15k,,,,https://www.liepin.com/job/1965914425.shtml,20240401095608,,,,
4363,猎聘,能源/化工/环保,矿产开采,会计助理包住,猎头职位,温州市讯和电脑科技有限公司,1-49人,,杭州,南京-建邺区,大专,1-3年,6-7k,,,,https://www.liepin.com/job/1965566579.shtml,20240318173424,,,,
4364,猎聘,能源/化工/环保,矿产开采,客服专员,猎头职位,舟山飞旭科技有限公司,,,杭州,芜湖,学历不限,1年以下,4-6k,,,,https://www.liepin.com/job/1966082327.shtml,20240408181148,,,,
4365,猎聘,能源/化工/环保,矿产开采,居家打字员,猎头职位,广州苑翰科技有限公司,,,杭州,广州-黄埔区,学历不限,经验不限,7-10k,,,,https://www.liepin.com/job/1965695363.shtml,20240322112625,,,,
4366,猎聘,能源/化工/环保,矿产开采,人事助理/主管,猎头职位,温州市讯和电脑科技有限公司,1-49人,,杭州,南京-鼓楼区,大专,1-3年,6-7k,,,,https://www.liepin.com/job/1965566753.shtml,20240318173822,,,,
4367,猎聘,能源/化工/环保,矿产开采,信息技术专员,猎头职位,空天引擎,50-99人,,杭州,西安,本科,经验不限,10-15k,,,,https://www.liepin.com/job/1966170609.shtml,20240411113950,,,,
4368,猎聘,能源/化工/环保,矿产开采,行政后勤/总务,猎头职位,上海点奕福科技有限公司,50-99人,,杭州,上海-浦东新区,大专,经验不限,9-12k,,,,https://www.liepin.com/job/1965777337.shtml,20240326132736,,,,
4369,猎聘,能源/化工/环保,矿产开采,高级财务专员,猎头职位,温州市讯和电脑科技有限公司,1-49人,,杭州,重庆-九龙坡区,大专,1-3年,6-7k,,,,https://www.liepin.com/job/1965533783.shtml,20240317134729,,,,
4370,猎聘,能源/化工/环保,矿产开采,业务助理,猎头职位,上海茫讯商务咨询中心,,,杭州,北京-东城区,大专,,500-800元/天,,,,https://www.liepin.com/job/1964642633.shtml,20240217120211,,,,
4371,猎聘,能源/化工/环保,矿产开采,聘会计助理包住,猎头职位,温州市讯和电脑科技有限公司,1-49人,,杭州,温州-鹿城区,大专,1-3年,5-7k,,,,https://www.liepin.com/job/1965446343.shtml,20240313165257,,,,
4372,猎聘,能源/化工/环保,矿产开采,期货交易员,企业职位,锦江集团,10000人以上,,武汉,杭州-拱墅区,统招本科,3-5年,15-30k,,,,https://www.liepin.com/job/1982824255.shtml,20260525130850,,,,
4373,猎聘,能源/化工/环保,矿产开采,薪酬绩效主管 (MJ001293),企业职位,力勤资源,10000人以上,,武汉,宁波-鄞州区,统招本科,8年以上,15-25k,,,,https://www.liepin.com/job/1982033303.shtml,20260423150948,,,,
4374,猎聘,能源/化工/环保,矿产开采,地质储备生 (MJ001429),企业职位,力勤资源,10000人以上,,武汉,宁波-鄞州区,,,10-13k·13薪,,,,https://www.liepin.com/lptjob/81049655,20260318153627,,,,
4375,猎聘,能源/化工/环保,矿产开采,职业经理,企业职位,深圳欧路源科技有限公司,50-99人,,武汉,上海-黄浦区,本科,经验不限,10-15k,,,,https://www.liepin.com/job/1965931931.shtml,20240401154637,,,,
4376,猎聘,能源/化工/环保,矿产开采,生产总监,企业职位,广州凄义贸易有限公司,,,武汉,广州-增城区,大专,10年以上,6-7k,,,,https://www.liepin.com/job/1966229115.shtml,20240413161825,,,,
4377,猎聘,能源/化工/环保,矿产开采,矿山技术员，测绘，地质,企业职位,安徽中淮矿业新型建材有限公司,100-499人,,西安,宿州-埇桥区,大专,2年以上,4-5k·13薪,,,,https://www.liepin.com/job/1976585001.shtml,20251009082832,,,,
4378,猎聘,能源/化工/环保,矿产开采,生产副总,企业职位,某西安人力资源服务公司,100-499人,,西安,合肥,学历不限,经验不限,30-35k,,,,https://www.liepin.com/a/73632171.shtml,20260324103956,,,,
4379,猎聘,能源/化工/环保,矿产开采,电商客服,企业职位,广州翠行贸易有限公司,1-49人,,西安,广州-荔湾区,大专,1年以下,5-8k,,,,https://www.liepin.com/job/1966090101.shtml,20240409095136,,,,
4380,猎聘,能源/化工/环保,矿产开采,客服,企业职位,广州市靠蜡贸易有限公司,,,西安,广州,本科,经验不限,5-8k,,,,https://www.liepin.com/job/1966140989.shtml,20240410140308,,,,
4381,猎聘,能源/化工/环保,矿产开采,后勤,企业职位,成都一见倾心餐饮管理有限公司,1-49人,,西安,成都-青羊区,大专,1年以下,5-10k,,,,https://www.liepin.com/job/1966354933.shtml,20240418130514,,,,
4382,猎聘,能源/化工/环保,矿产开采,统计员,猎头职位,海南省志熙宇广告有限公司,,,西安,成都-高新区,大专,经验不限,6-10k,,,,https://www.liepin.com/job/1965783417.shtml,20240326145506,,,,
4383,猎聘,能源/化工/环保,矿产开采,检测技术负责人,猎头职位,温州市讯和电脑科技有限公司,1-49人,,西安,枣庄-薛城区,本科,经验不限,5-7k,,,,https://www.liepin.com/job/1965478829.shtml,20240314154623,,,,
4384,猎聘,能源/化工/环保,矿产开采,铲车司机,猎头职位,灵寿县开拓道路运输有限公司,,,西安,石家庄,本科,经验不限,8-12k,,,,https://www.liepin.com/job/1966204071.shtml,20240412115137,,,,
4385,猎聘,能源/化工/环保,矿产开采,宣传助理待遇好,猎头职位,威海恒旺光伏发电服务有限公司,1-49人,,西安,济南-历下区,大专,1-3年,4-6k,,,,https://www.liepin.com/job/1965430245.shtml,20240313124014,,,,
4386,猎聘,能源/化工/环保,矿产开采,常驻非洲津巴布韦矿长,企业职位,广西江林旭堃矿业有限公司,50-99人,,苏州,南宁,学历不限,5-10年,15-25k,,,,https://www.liepin.com/job/1938149555.shtml,20210426115934,,,,
4387,猎聘,能源/化工/环保,矿产开采,资源综合利用所副所长,企业职位,中国有色桂林矿产地质研究院有限公司,1000-2000人,,苏州,桂林,本科,5-10年,16-25k,,,,https://www.liepin.com/job/1956059949.shtml,20230213164452,,,,
4388,猎聘,能源/化工/环保,矿产开采,技术咨询顾问,企业职位,温州市讯和电脑科技有限公司,1-49人,,苏州,枣庄-滕州,大专,1-3年,6-7k,,,,https://www.liepin.com/job/1965478559.shtml,20240314154230,,,,
4389,猎聘,能源/化工/环保,矿产开采,叉车司机,企业职位,安庆上达贸易有限公司,,,苏州,安庆-迎江区,学历不限,1-3年,7-8k,,,,https://www.liepin.com/job/1966319449.shtml,20240417130635,,,,
4390,猎聘,能源/化工/环保,矿产开采,产品经理,企业职位,某国内计算机软件公司,1-49人,,郑州,唐山,学历不限,5-8年,8-12k,,,,https://www.liepin.com/a/75732447.shtml,20260516073749,,,,
4391,猎聘,能源/化工/环保,矿产开采,技术部经理,企业职位,河北某集团公司,1000-2000人,,郑州,保定-易县,大专,5-10年,16-20k,,,,https://www.liepin.com/a/75293317.shtml,20260601093817,,,,
4392,猎聘,能源/化工/环保,矿产开采,销售总监（只要同行业）,企业职位,某国内计算机软件公司,1-49人,,郑州,唐山,学历不限,5-8年,8-12k,,,,https://www.liepin.com/a/75732445.shtml,20260516073721,,,,
4393,猎聘,能源/化工/环保,矿产开采,电气工程师,企业职位,某国内计算机软件公司,1-49人,,郑州,唐山,统招本科,3-5年,8-12k,,,,https://www.liepin.com/a/75425497.shtml,20260508165348,,,,
4394,猎聘,能源/化工/环保,矿产开采,矿山项目前期,企业职位,华洋国泰实业集团有限公司,100-499人,,郑州,保定-顺平县,大专,3-5年,7-9k,,,,https://www.liepin.com/job/1965499089.shtml,20240315104503,,,,
4395,猎聘,能源/化工/环保,矿产开采,矿山地质设计师,企业职位,承德龙兴矿业工程设计有限责任公司,50-99人,,郑州,承德-双桥区,本科,经验不限,6-10k·13薪,,,,https://www.liepin.com/job/1983293765.shtml,20260609170813,,,,
4396,猎聘,能源/化工/环保,矿产开采,会计助理,企业职位,北京南冥科技有限公司,1-49人,,郑州,北京,学历不限,经验不限,6-7k,,,,https://www.liepin.com/job/1966221635.shtml,20240412185602,,,,
4397,猎聘,能源/化工/环保,矿产开采,行政,企业职位,广州衡友贸易有限公司,,,郑州,广州-天河区,本科,经验不限,7-9k,,,,https://www.liepin.com/job/1966103045.shtml,20240409135429,,,,
4398,猎聘,能源/化工/环保,矿产开采,会计,企业职位,昆明深安商贸有限公司,,,郑州,昆明-官渡区,大专,1-3年,7-10k,,,,https://www.liepin.com/job/1966014721.shtml,20240406114006,,,,
4399,猎聘,能源/化工/环保,矿产开采,办公室助理/主管,企业职位,嘉兴新模文化传媒有限公司,1-49人,,郑州,无锡-梁溪区,学历不限,经验不限,5-6k,,,,https://www.liepin.com/job/1965533431.shtml,20240317124349,,,,
4400,猎聘,能源/化工/环保,矿产开采,行政管理,企业职位,威海恒旺光伏发电服务有限公司,1-49人,,郑州,烟台-莱山区,大专,1-3年,5-6k,,,,https://www.liepin.com/job/1965470051.shtml,20240314133902,,,,
4401,猎聘,能源/化工/环保,矿产开采,出纳员8K双休,猎头职位,昆明钗艮自动化科技有限公司,100-499人,,郑州,昆明-官渡区,大专,1-3年,8-9k,,,,https://www.liepin.com/job/1966232945.shtml,20240414123126,,,,
4402,猎聘,能源/化工/环保,矿产开采,审计助理,猎头职位,广州晖维商贸有限公司,1-49人,,郑州,深圳,学历不限,经验不限,6-7k,,,,https://www.liepin.com/job/1966230003.shtml,20240413173500,,,,
4403,猎聘,能源/化工/环保,矿产开采,生产副总,企业职位,某西安人力资源服务公司,100-499人,,青岛,黑河,本科,5-10年,35-40k,,,,https://www.liepin.com/a/73343169.shtml,20260521100535,,,,
4404,猎聘,能源/化工/环保,矿产开采,生产副总,企业职位,某西安人力资源服务公司,100-499人,,青岛,哈尔滨,学历不限,经验不限,35-45k,,,,https://www.liepin.com/a/73343801.shtml,20260609100358,,,,
4405,猎聘,能源/化工/环保,矿产开采,生产副总,企业职位,某西安人力资源服务公司,100-499人,,青岛,黑河,统招本科,10年以上,35-40k,,,,https://www.liepin.com/a/73343319.shtml,20260424101745,,,,
4406,猎聘,能源/化工/环保,矿产开采,生产副总,企业职位,某西安人力资源服务公司,100-499人,,青岛,黑河,本科,5-10年,35-40k,,,,https://www.liepin.com/a/75244151.shtml,20260501171647,,,,
